source_registry,source_group,dataset,field_name,field_family,route,selector_allowed,pit_rule,priority,asset_status,integration_hint,panel_materialized,panel_aliases,factor_pack_referenced,factor_pack_aliases,factor_pack_names,selector_selected,selector_aliases,availability_executable_seen,availability_aliases,blocked_or_metadata,high_value_family,integration_status,recommended_repair_action,repair_priority_score,searcher_lane,searcher_suitability,adaptation_proof_status,promotion_gate,should_enter_direct_formula_search,should_enter_event_state_machine,should_enter_regime_or_context_gate,should_enter_tradability_gate,should_remain_blocked_from_search,needs_bounded_factor_pack,needs_pit_sidecar_or_ingestion,classification_reason
global_field_route,cn_zzshare_moneyflow_probe_v1_20260602,uplimit_hot,plate_stocks_next_yi,limit_event_sentiment,probe_only_candidate_source,blocked_until_silver_panel,probe schema is not selector data; build silver/PIT panel first,blocked,registered,nan,False,nan,False,nan,nan,False,nan,False,nan,False,True,probe_or_backlog,finish_ingestion_and_pit_contract_first,5.0,blocked_not_search_input,not_suitable,not_formula_search_suitable,never_formula_search,False,False,False,False,True,False,False,metadata/time/future-label/text fields are not alpha formula inputs
global_field_route,cn_zzshare_uplimit_history_silver_v1_20260531,uplimit_trend,nums_DT,limit_event_sentiment,manual_review_required,blocked_until_contract,manual availability review required,blocked,registered,nan,True,mkt_nums_DT_at_0930|mkt_nums_DT_at_0935|mkt_nums_DT_at_1000|mkt_nums_DT_at_1130|mkt_nums_DT_at_1430|mkt_nums_ZBL_at_0930|mkt_nums_ZBL_at_0935|mkt_nums_ZBL_at_1000,False,nan,nan,False,nan,False,nan,True,True,blocked_or_metadata,no_alpha_action,4.0,blocked_not_search_input,not_suitable,not_formula_search_suitable,never_formula_search,False,False,False,False,True,False,False,metadata/time/future-label/text fields are not alpha formula inputs
global_field_route,cn_zzshare_uplimit_history_silver_v1_20260531,uplimit_trend,nums_ZBL,limit_event_sentiment,manual_review_required,blocked_until_contract,manual availability review required,blocked,registered,nan,True,mkt_nums_ZBL_at_0930|mkt_nums_ZBL_at_0935|mkt_nums_ZBL_at_1000|mkt_nums_ZBL_at_1130|mkt_nums_ZBL_at_1430,False,nan,nan,False,nan,False,nan,True,True,blocked_or_metadata,no_alpha_action,4.0,blocked_not_search_input,not_suitable,not_formula_search_suitable,never_formula_search,False,False,False,False,True,False,False,metadata/time/future-label/text fields are not alpha formula inputs
global_field_route,cn_zzshare_uplimit_history_silver_v1_20260531,uplimit_trend,nums_ZT,limit_event_sentiment,manual_review_required,blocked_until_contract,manual availability review required,blocked,registered,nan,True,mkt_nums_DT_at_0930|mkt_nums_DT_at_0935|mkt_nums_DT_at_1000|mkt_nums_DT_at_1130|mkt_nums_DT_at_1430|mkt_nums_ZBL_at_0930|mkt_nums_ZBL_at_0935|mkt_nums_ZBL_at_1000,False,nan,nan,False,nan,False,nan,True,True,blocked_or_metadata,no_alpha_action,4.0,blocked_not_search_input,not_suitable,not_formula_search_suitable,never_formula_search,False,False,False,False,True,False,False,metadata/time/future-label/text fields are not alpha formula inputs
global_field_route,cn_zzshare_uplimit_history_silver_v1_20260531,uplimit_trend,nums_ZTZB,limit_event_sentiment,manual_review_required,blocked_until_contract,manual availability review required,blocked,registered,nan,True,mkt_nums_ZTZB_at_0930|mkt_nums_ZTZB_at_0935|mkt_nums_ZTZB_at_1000|mkt_nums_ZTZB_at_1130|mkt_nums_ZTZB_at_1430,False,nan,nan,False,nan,False,nan,True,True,blocked_or_metadata,no_alpha_action,4.0,blocked_not_search_input,not_suitable,not_formula_search_suitable,never_formula_search,False,False,False,False,True,False,False,metadata/time/future-label/text fields are not alpha formula inputs
global_field_route,cn_zzshare_uplimit_history_silver_v1_20260531,uplimit_trend,uplimit_count,limit_event_sentiment,manual_review_required,blocked_until_contract,manual availability review required,blocked,registered,nan,True,mkt_uplimit_count_at_0930|mkt_uplimit_count_at_0935|mkt_uplimit_count_at_1000|mkt_uplimit_count_at_1130|mkt_uplimit_count_at_1430,False,nan,nan,False,nan,False,nan,True,True,blocked_or_metadata,no_alpha_action,4.0,blocked_not_search_input,not_suitable,not_formula_search_suitable,never_formula_search,False,False,False,False,True,False,False,metadata/time/future-label/text fields are not alpha formula inputs
nonminute_system_integration,cn_zzshare_uplimit_history_silver_v1_20260531\review_uplimit_reason\review_uplimit_reason.parquet,review_uplimit_reason,up_limit_time,limit_event,timestamped_stock_intraday_event,true_after_cutoff_only,same-day use before event timestamp is leakage; reason text requires separate NLP contract,nan,registered,integrated_event_alignment_panel,False,nan,False,nan,nan,False,nan,False,nan,False,False,contract_only,materialize_pit_sidecar_before_formula_search,3.0,event_cutoff_contract,not_direct_formula,not_formula_search_suitable,never_formula_search,False,True,False,False,True,False,False,"timestamp fields define observable cutoff; they should gate event features, not be ranked directly"
global_field_route,cn_zzshare_uplimit_history_silver_v1_20260531,uplimit_trend,nums_SZJS,limit_event_sentiment,manual_review_required,blocked_until_contract,manual availability review required,blocked,registered,nan,False,nan,False,nan,nan,False,nan,False,nan,True,True,blocked_or_metadata,no_alpha_action,3.0,blocked_not_search_input,not_suitable,not_formula_search_suitable,never_formula_search,False,False,False,False,True,False,False,metadata/time/future-label/text fields are not alpha formula inputs
global_field_route,cn_zzshare_uplimit_history_silver_v1_20260531,uplimit_trend,nums_XDJS,limit_event_sentiment,manual_review_required,blocked_until_contract,manual availability review required,blocked,registered,nan,False,nan,False,nan,nan,False,nan,False,nan,True,True,blocked_or_metadata,no_alpha_action,3.0,blocked_not_search_input,not_suitable,not_formula_search_suitable,never_formula_search,False,False,False,False,True,False,False,metadata/time/future-label/text fields are not alpha formula inputs
global_field_route,cn_zzshare_uplimit_history_silver_v1_20260531,uplimit_trend,nums_ZRZT,limit_event_sentiment,manual_review_required,blocked_until_contract,manual availability review required,blocked,registered,nan,False,nan,False,nan,nan,False,nan,False,nan,True,True,blocked_or_metadata,no_alpha_action,3.0,blocked_not_search_input,not_suitable,not_formula_search_suitable,never_formula_search,False,False,False,False,True,False,False,metadata/time/future-label/text fields are not alpha formula inputs
global_field_route,cn_zzshare_uplimit_history_silver_v1_20260531,uplimit_trend,nums_yestRase,limit_event_sentiment,manual_review_required,blocked_until_contract,manual availability review required,blocked,registered,nan,False,nan,False,nan,nan,False,nan,False,nan,True,True,blocked_or_metadata,no_alpha_action,3.0,blocked_not_search_input,not_suitable,not_formula_search_suitable,never_formula_search,False,False,False,False,True,False,False,metadata/time/future-label/text fields are not alpha formula inputs
global_field_route,cn_public_xsection_no_kline_silver_v1_20260530,stock_calendar,CHANGE_RATE,price_state,manual_review_required,blocked_until_contract,manual availability review required,blocked,registered,nan,True,ctx_billboard_change_rate,False,nan,nan,False,nan,False,nan,True,True,blocked_or_metadata,no_alpha_action,2.2,blocked_not_search_input,not_suitable,not_formula_search_suitable,never_formula_search,False,False,False,False,True,False,False,metadata/time/future-label/text fields are not alpha formula inputs
global_field_route,cn_public_xsection_no_kline_silver_v1_20260530,stock_calendar,CLOSE_PRICE,price_state,manual_review_required,blocked_until_contract,manual availability review required,blocked,registered,nan,True,ctx_holder_close_price,False,nan,nan,False,nan,False,nan,True,True,blocked_or_metadata,no_alpha_action,2.2,blocked_not_search_input,not_suitable,not_formula_search_suitable,never_formula_search,False,False,False,False,True,False,False,metadata/time/future-label/text fields are not alpha formula inputs
global_field_route,cn_zzshare_uplimit_history_silver_v1_20260531,uplimit_trend,open_board_count,price_state,manual_review_required,blocked_until_contract,manual availability review required,blocked,registered,nan,True,mkt_open_board_count_at_0930|mkt_open_board_count_at_0935|mkt_open_board_count_at_1000|mkt_open_board_count_at_1130|mkt_open_board_count_at_1430,False,nan,nan,False,nan,False,nan,True,True,blocked_or_metadata,no_alpha_action,2.2,blocked_not_search_input,not_suitable,not_formula_search_suitable,never_formula_search,False,False,False,False,True,False,False,metadata/time/future-label/text fields are not alpha formula inputs
new_data_asset_integration,limit_sentiment_canonical,ths_hot_stock_day,code,instrument_key,join_or_audit_metadata,false,key/text/metadata only,low,accepted,eligible_for_transform_registry,True,code|join_code|sector_code,False,nan,nan,False,nan,False,nan,True,False,blocked_or_metadata,no_alpha_action,1.2,blocked_not_search_input,not_suitable,not_formula_search_suitable,never_formula_search,False,False,False,False,True,False,False,metadata/time/future-label/text fields are not alpha formula inputs
new_data_asset_integration,limit_sentiment_canonical,uplimit_stock_event_day,code,instrument_key,join_or_audit_metadata,false,key/text/metadata only,low,accepted,eligible_for_transform_registry,True,code|join_code|sector_code,False,nan,nan,False,nan,False,nan,True,False,blocked_or_metadata,no_alpha_action,1.2,blocked_not_search_input,not_suitable,not_formula_search_suitable,never_formula_search,False,False,False,False,True,False,False,metadata/time/future-label/text fields are not alpha formula inputs
new_data_asset_integration,fundamental_pit_silver,fundamental_balance_long,source_em,metadata,join_or_audit_metadata,false,key/text/metadata only,low,accepted,eligible_for_transform_registry,True,capital_source_event_date|final_float_market_cap_source|final_total_market_cap_source|float_share_source|sector_source|tdxgp_total_market_cap_source|total_share_source,False,nan,nan,False,nan,False,nan,True,False,blocked_or_metadata,no_alpha_action,1.2,blocked_not_search_input,not_suitable,not_formula_search_suitable,never_formula_search,False,False,False,False,True,False,False,metadata/time/future-label/text fields are not alpha formula inputs
new_data_asset_integration,fundamental_pit_silver,fundamental_profit_long,source_em,metadata,join_or_audit_metadata,false,key/text/metadata only,low,accepted,eligible_for_transform_registry,True,capital_source_event_date|final_float_market_cap_source|final_total_market_cap_source|float_share_source|sector_source|tdxgp_total_market_cap_source|total_share_source,False,nan,nan,False,nan,False,nan,True,False,blocked_or_metadata,no_alpha_action,1.2,blocked_not_search_input,not_suitable,not_formula_search_suitable,never_formula_search,False,False,False,False,True,False,False,metadata/time/future-label/text fields are not alpha formula inputs
new_data_asset_integration,limit_sentiment_canonical,open_sentiment_daily,date,time_key_or_cutoff,availability_key,false,controls availability/cutoff; not standalone alpha,low,accepted,eligible_for_transform_registry,True,capital_event_date|capital_source_event_date|date|exec_date|meta_billboard_available_date|meta_fund_bs_available_date|meta_fund_cf_available_date|meta_fund_ps_available_date,False,nan,nan,False,nan,False,nan,True,False,blocked_or_metadata,no_alpha_action,1.2,blocked_not_search_input,not_suitable,not_formula_search_suitable,never_formula_search,False,False,False,False,True,False,False,metadata/time/future-label/text fields are not alpha formula inputs
new_data_asset_integration,limit_sentiment_canonical,sentiment_hot_daily,date,time_key_or_cutoff,availability_key,false,controls availability/cutoff; not standalone alpha,low,accepted,eligible_for_transform_registry,True,capital_event_date|capital_source_event_date|date|exec_date|meta_billboard_available_date|meta_fund_bs_available_date|meta_fund_cf_available_date|meta_fund_ps_available_date,False,nan,nan,False,nan,False,nan,True,False,blocked_or_metadata,no_alpha_action,1.2,blocked_not_search_input,not_suitable,not_formula_search_suitable,never_formula_search,False,False,False,False,True,False,False,metadata/time/future-label/text fields are not alpha formula inputs
new_data_asset_integration,limit_sentiment_canonical,ths_hot_stock_day,date,time_key_or_cutoff,availability_key,false,controls availability/cutoff; not standalone alpha,low,accepted,eligible_for_transform_registry,True,capital_event_date|capital_source_event_date|date|exec_date|meta_billboard_available_date|meta_fund_bs_available_date|meta_fund_cf_available_date|meta_fund_ps_available_date,False,nan,nan,False,nan,False,nan,True,False,blocked_or_metadata,no_alpha_action,1.2,blocked_not_search_input,not_suitable,not_formula_search_suitable,never_formula_search,False,False,False,False,True,False,False,metadata/time/future-label/text fields are not alpha formula inputs
new_data_asset_integration,limit_sentiment_canonical,uplimit_stock_event_day,date,time_key_or_cutoff,availability_key,false,controls availability/cutoff; not standalone alpha,low,accepted,eligible_for_transform_registry,True,capital_event_date|capital_source_event_date|date|exec_date|meta_billboard_available_date|meta_fund_bs_available_date|meta_fund_cf_available_date|meta_fund_ps_available_date,False,nan,nan,False,nan,False,nan,True,False,blocked_or_metadata,no_alpha_action,1.2,blocked_not_search_input,not_suitable,not_formula_search_suitable,never_formula_search,False,False,False,False,True,False,False,metadata/time/future-label/text fields are not alpha formula inputs
nonminute_system_integration,cn_public_rzrq_daily_silver_v1_20260530\rzrq_margin_xsection_daily.parquet,rzrq_margin_xsection_daily,DATE,date_key,lagged_daily_context,false_key_only,same-day RZRQ forbidden; use prior available date,nan,registered,registered_lagged_not_panelized,True,capital_event_date|capital_source_event_date|date|exec_date|meta_billboard_available_date|meta_fund_bs_available_date|meta_fund_cf_available_date|meta_fund_ps_available_date,False,nan,nan,False,nan,False,nan,True,False,blocked_or_metadata,no_alpha_action,1.0,blocked_not_search_input,not_suitable,not_formula_search_suitable,never_formula_search,False,False,False,False,True,False,False,metadata/time/future-label/text fields are not alpha formula inputs
nonminute_system_integration,cn_public_rzrq_monthly_silver_v1_20260530\rzrq_margin_xsection_monthly.parquet,rzrq_margin_xsection_monthly,DATE,date_key,lagged_daily_context,false_key_only,same-day RZRQ forbidden; use prior available date,nan,registered,registered_lagged_not_panelized,True,capital_event_date|capital_source_event_date|date|exec_date|meta_billboard_available_date|meta_fund_bs_available_date|meta_fund_cf_available_date|meta_fund_ps_available_date,False,nan,nan,False,nan,False,nan,True,False,blocked_or_metadata,no_alpha_action,1.0,blocked_not_search_input,not_suitable,not_formula_search_suitable,never_formula_search,False,False,False,False,True,False,False,metadata/time/future-label/text fields are not alpha formula inputs
nonminute_system_integration,cn_public_xsection_no_kline_silver_v1_20260530\rzrq_margin_xsection\rzrq_margin_xsection.parquet,rzrq_margin_xsection,DATE,date_key,lagged_daily_context,false_key_only,same-day RZRQ forbidden; use prior available date,nan,registered,registered_lagged_not_panelized,True,capital_event_date|capital_source_event_date|date|exec_date|meta_billboard_available_date|meta_fund_bs_available_date|meta_fund_cf_available_date|meta_fund_ps_available_date,False,nan,nan,False,nan,False,nan,True,False,blocked_or_metadata,no_alpha_action,1.0,blocked_not_search_input,not_suitable,not_formula_search_suitable,never_formula_search,False,False,False,False,True,False,False,metadata/time/future-label/text fields are not alpha formula inputs
nonminute_system_integration,cn_local_minute_daily_silver_v1_20260531\hfq_daily_2024_2025\year=2024\part.parquet,year=2024,date,date_key,lagged_daily_context,false_key_only,join on signal_date = prior trading day; same-day close/state fields forbidden for intraday decisions,nan,registered,registered_lagged_not_panelized,True,capital_event_date|capital_source_event_date|date|exec_date|meta_billboard_available_date|meta_fund_bs_available_date|meta_fund_cf_available_date|meta_fund_ps_available_date,False,nan,nan,False,nan,False,nan,True,False,blocked_or_metadata,no_alpha_action,1.0,blocked_not_search_input,not_suitable,not_formula_search_suitable,never_formula_search,False,False,False,False,True,False,False,metadata/time/future-label/text fields are not alpha formula inputs
nonminute_system_integration,cn_local_minute_daily_silver_v1_20260531\hfq_daily_2024_2025\year=2025\part.parquet,year=2025,date,date_key,lagged_daily_context,false_key_only,join on signal_date = prior trading day; same-day close/state fields forbidden for intraday decisions,nan,registered,registered_lagged_not_panelized,True,capital_event_date|capital_source_event_date|date|exec_date|meta_billboard_available_date|meta_fund_bs_available_date|meta_fund_cf_available_date|meta_fund_ps_available_date,False,nan,nan,False,nan,False,nan,True,False,blocked_or_metadata,no_alpha_action,1.0,blocked_not_search_input,not_suitable,not_formula_search_suitable,never_formula_search,False,False,False,False,True,False,False,metadata/time/future-label/text fields are not alpha formula inputs
nonminute_system_integration,cn_local_minute_daily_silver_v1_20260531\hfq_daily_2026\hfq_daily_2026.parquet,hfq_daily_2026,date,date_key,lagged_daily_context,false_key_only,join on signal_date = prior trading day; same-day close/state fields forbidden for intraday decisions,nan,registered,key_or_metadata_integrated_indirectly,True,capital_event_date|capital_source_event_date|date|exec_date|meta_billboard_available_date|meta_fund_bs_available_date|meta_fund_cf_available_date|meta_fund_ps_available_date,False,nan,nan,False,nan,False,nan,True,False,blocked_or_metadata,no_alpha_action,1.0,blocked_not_search_input,not_suitable,not_formula_search_suitable,never_formula_search,False,False,False,False,True,False,False,metadata/time/future-label/text fields are not alpha formula inputs
nonminute_system_integration,cn_zzshare_uplimit_history_silver_v1_20260531\review_uplimit_reason_open\review_uplimit_reason_open.parquet,review_uplimit_reason_open,date,date_key,manual_contract_required,false_key_only,manual review required,nan,registered,blocked_manual_contract,True,capital_event_date|capital_source_event_date|date|exec_date|meta_billboard_available_date|meta_fund_bs_available_date|meta_fund_cf_available_date|meta_fund_ps_available_date,False,nan,nan,False,nan,False,nan,True,False,blocked_or_metadata,no_alpha_action,1.0,blocked_not_search_input,not_suitable,not_formula_search_suitable,never_formula_search,False,False,False,False,True,False,False,metadata/time/future-label/text fields are not alpha formula inputs
nonminute_system_integration,cn_zzshare_uplimit_history_silver_v1_20260531\updown_distribution\updown_distribution.parquet,updown_distribution,date,date_key,lagged_market_regime_context,false_key_only,daily market summary; do not use same-day for open/morning decisions,nan,registered,registered_not_panelized,True,capital_event_date|capital_source_event_date|date|exec_date|meta_billboard_available_date|meta_fund_bs_available_date|meta_fund_cf_available_date|meta_fund_ps_available_date,False,nan,nan,False,nan,False,nan,True,False,blocked_or_metadata,no_alpha_action,1.0,blocked_not_search_input,not_suitable,not_formula_search_suitable,never_formula_search,False,False,False,False,True,False,False,metadata/time/future-label/text fields are not alpha formula inputs
nonminute_system_integration,cn_zzshare_uplimit_history_silver_v1_20260531\uplimit_trend\uplimit_trend.parquet,uplimit_trend,date,date_key,timestamped_market_intraday_event,false_key_only,market event state can gate only after row time; no later cutoff fields in earlier horizons,nan,registered,integrated_event_alignment_panel,True,capital_event_date|capital_source_event_date|date|exec_date|meta_billboard_available_date|meta_fund_bs_available_date|meta_fund_cf_available_date|meta_fund_ps_available_date,False,nan,nan,False,nan,False,nan,True,False,blocked_or_metadata,no_alpha_action,1.0,blocked_not_search_input,not_suitable,not_formula_search_suitable,never_formula_search,False,False,False,False,True,False,False,metadata/time/future-label/text fields are not alpha formula inputs
global_field_route,cn_local_minute_daily_silver_v1_20260531,hfq_daily_2026,code,instrument_key,join_key,not_alpha_feature,"controls join/availability, not standalone alpha",blocked,registered,nan,True,code|join_code|sector_code,False,nan,nan,False,nan,False,nan,True,False,blocked_or_metadata,no_alpha_action,1.0,blocked_not_search_input,not_suitable,not_formula_search_suitable,never_formula_search,False,False,False,False,True,False,False,metadata/time/future-label/text fields are not alpha formula inputs
global_field_route,cn_local_minute_daily_silver_v1_20260531\stock_1min_2023_2025_symbol_parquet,stock_1min_2023_2025,code,instrument_key,join_key,not_alpha_feature,"controls join/availability, not standalone alpha",blocked,registered,nan,True,code|join_code|sector_code,False,nan,nan,False,nan,False,nan,True,False,blocked_or_metadata,no_alpha_action,1.0,blocked_not_search_input,not_suitable,not_formula_search_suitable,never_formula_search,False,False,False,False,True,False,False,metadata/time/future-label/text fields are not alpha formula inputs
global_field_route,cn_local_minute_daily_silver_v1_20260531\stock_1min_2026_parquet_by_date,stock_1min_2026,code,instrument_key,join_key,not_alpha_feature,"controls join/availability, not standalone alpha",blocked,registered,nan,True,code|join_code|sector_code,False,nan,nan,False,nan,False,nan,True,False,blocked_or_metadata,no_alpha_action,1.0,blocked_not_search_input,not_suitable,not_formula_search_suitable,never_formula_search,False,False,False,False,True,False,False,metadata/time/future-label/text fields are not alpha formula inputs
nonminute_system_integration,cn_local_minute_daily_silver_v1_20260531\hfq_daily_2024_2025\year=2024\part.parquet,year=2024,code,instrument_key,lagged_daily_context,false_key_only,join on signal_date = prior trading day; same-day close/state fields forbidden for intraday decisions,nan,registered,integrated_minute_context_panel,True,code|join_code|sector_code,False,nan,nan,False,nan,False,nan,True,False,blocked_or_metadata,no_alpha_action,1.0,blocked_not_search_input,not_suitable,not_formula_search_suitable,never_formula_search,False,False,False,False,True,False,False,metadata/time/future-label/text fields are not alpha formula inputs
nonminute_system_integration,cn_local_minute_daily_silver_v1_20260531\hfq_daily_2024_2025\year=2025\part.parquet,year=2025,code,instrument_key,lagged_daily_context,false_key_only,join on signal_date = prior trading day; same-day close/state fields forbidden for intraday decisions,nan,registered,integrated_minute_context_panel,True,code|join_code|sector_code,False,nan,nan,False,nan,False,nan,True,False,blocked_or_metadata,no_alpha_action,1.0,blocked_not_search_input,not_suitable,not_formula_search_suitable,never_formula_search,False,False,False,False,True,False,False,metadata/time/future-label/text fields are not alpha formula inputs
nonminute_system_integration,cn_local_minute_daily_silver_v1_20260531\hfq_daily_2026\hfq_daily_2026.parquet,hfq_daily_2026,code,instrument_key,lagged_daily_context,false_key_only,join on signal_date = prior trading day; same-day close/state fields forbidden for intraday decisions,nan,registered,integrated_minute_context_panel,True,code|join_code|sector_code,False,nan,nan,False,nan,False,nan,True,False,blocked_or_metadata,no_alpha_action,1.0,blocked_not_search_input,not_suitable,not_formula_search_suitable,never_formula_search,False,False,False,False,True,False,False,metadata/time/future-label/text fields are not alpha formula inputs
global_field_route,cn_fundamental_akshare_batch_v1_20260531\aggregated_v1,balance_sheet_report_em,source_em,metadata,metadata,not_alpha_feature,metadata is not alpha input,blocked,registered,nan,True,capital_source_event_date|final_float_market_cap_source|final_total_market_cap_source|float_share_source|sector_source|tdxgp_total_market_cap_source|total_share_source,False,nan,nan,False,nan,False,nan,True,False,blocked_or_metadata,no_alpha_action,1.0,blocked_not_search_input,not_suitable,not_formula_search_suitable,never_formula_search,False,False,False,False,True,False,False,metadata/time/future-label/text fields are not alpha formula inputs
global_field_route,cn_fundamental_akshare_batch_v1_20260531\aggregated_v1,cash_flow_sheet_report_em,source_em,metadata,metadata,not_alpha_feature,metadata is not alpha input,blocked,registered,nan,True,capital_source_event_date|final_float_market_cap_source|final_total_market_cap_source|float_share_source|sector_source|tdxgp_total_market_cap_source|total_share_source,False,nan,nan,False,nan,False,nan,True,False,blocked_or_metadata,no_alpha_action,1.0,blocked_not_search_input,not_suitable,not_formula_search_suitable,never_formula_search,False,False,False,False,True,False,False,metadata/time/future-label/text fields are not alpha formula inputs
global_field_route,cn_fundamental_akshare_batch_v1_20260531\aggregated_v1,circulate_stock_holder_sina,source_em,metadata,metadata,not_alpha_feature,metadata is not alpha input,blocked,registered,nan,True,capital_source_event_date|final_float_market_cap_source|final_total_market_cap_source|float_share_source|sector_source|tdxgp_total_market_cap_source|total_share_source,False,nan,nan,False,nan,False,nan,True,False,blocked_or_metadata,no_alpha_action,1.0,blocked_not_search_input,not_suitable,not_formula_search_suitable,never_formula_search,False,False,False,False,True,False,False,metadata/time/future-label/text fields are not alpha formula inputs
global_field_route,cn_fundamental_akshare_batch_v1_20260531\aggregated_v1,dividend_cninfo,source_em,metadata,metadata,not_alpha_feature,metadata is not alpha input,blocked,registered,nan,True,capital_source_event_date|final_float_market_cap_source|final_total_market_cap_source|float_share_source|sector_source|tdxgp_total_market_cap_source|total_share_source,False,nan,nan,False,nan,False,nan,True,False,blocked_or_metadata,no_alpha_action,1.0,blocked_not_search_input,not_suitable,not_formula_search_suitable,never_formula_search,False,False,False,False,True,False,False,metadata/time/future-label/text fields are not alpha formula inputs
global_field_route,cn_fundamental_akshare_batch_v1_20260531\aggregated_v1,financial_analysis_indicator_sina,source_em,metadata,metadata,not_alpha_feature,metadata is not alpha input,blocked,registered,nan,True,capital_source_event_date|final_float_market_cap_source|final_total_market_cap_source|float_share_source|sector_source|tdxgp_total_market_cap_source|total_share_source,False,nan,nan,False,nan,False,nan,True,False,blocked_or_metadata,no_alpha_action,1.0,blocked_not_search_input,not_suitable,not_formula_search_suitable,never_formula_search,False,False,False,False,True,False,False,metadata/time/future-label/text fields are not alpha formula inputs
global_field_route,cn_fundamental_akshare_batch_v1_20260531\aggregated_v1,main_stock_holder_sina,source_em,metadata,metadata,not_alpha_feature,metadata is not alpha input,blocked,registered,nan,True,capital_source_event_date|final_float_market_cap_source|final_total_market_cap_source|float_share_source|sector_source|tdxgp_total_market_cap_source|total_share_source,False,nan,nan,False,nan,False,nan,True,False,blocked_or_metadata,no_alpha_action,1.0,blocked_not_search_input,not_suitable,not_formula_search_suitable,never_formula_search,False,False,False,False,True,False,False,metadata/time/future-label/text fields are not alpha formula inputs
global_field_route,cn_fundamental_akshare_batch_v1_20260531\aggregated_v1,profit_sheet_report_em,source_em,metadata,metadata,not_alpha_feature,metadata is not alpha input,blocked,registered,nan,True,capital_source_event_date|final_float_market_cap_source|final_total_market_cap_source|float_share_source|sector_source|tdxgp_total_market_cap_source|total_share_source,False,nan,nan,False,nan,False,nan,True,False,blocked_or_metadata,no_alpha_action,1.0,blocked_not_search_input,not_suitable,not_formula_search_suitable,never_formula_search,False,False,False,False,True,False,False,metadata/time/future-label/text fields are not alpha formula inputs
global_field_route,cn_fundamental_akshare_batch_v1_20260531\aggregated_v1,share_change_cninfo,source_em,metadata,metadata,not_alpha_feature,metadata is not alpha input,blocked,registered,nan,True,capital_source_event_date|final_float_market_cap_source|final_total_market_cap_source|float_share_source|sector_source|tdxgp_total_market_cap_source|total_share_source,False,nan,nan,False,nan,False,nan,True,False,blocked_or_metadata,no_alpha_action,1.0,blocked_not_search_input,not_suitable,not_formula_search_suitable,never_formula_search,False,False,False,False,True,False,False,metadata/time/future-label/text fields are not alpha formula inputs
global_field_route,cn_fundamental_akshare_batch_v1_20260531\aggregated_v1,zygc_em,source_em,metadata,metadata,not_alpha_feature,metadata is not alpha input,blocked,registered,nan,True,capital_source_event_date|final_float_market_cap_source|final_total_market_cap_source|float_share_source|sector_source|tdxgp_total_market_cap_source|total_share_source,False,nan,nan,False,nan,False,nan,True,False,blocked_or_metadata,no_alpha_action,1.0,blocked_not_search_input,not_suitable,not_formula_search_suitable,never_formula_search,False,False,False,False,True,False,False,metadata/time/future-label/text fields are not alpha formula inputs
global_field_route,cn_public_xsection_no_kline_silver_v1_20260530,rzrq_margin_xsection,DATE,time_key_or_cutoff,join_key,not_alpha_feature,"controls join/availability, not standalone alpha",blocked,registered,nan,True,capital_event_date|capital_source_event_date|date|exec_date|meta_billboard_available_date|meta_fund_bs_available_date|meta_fund_cf_available_date|meta_fund_ps_available_date,False,nan,nan,False,nan,False,nan,True,False,blocked_or_metadata,no_alpha_action,1.0,blocked_not_search_input,not_suitable,not_formula_search_suitable,never_formula_search,False,False,False,False,True,False,False,metadata/time/future-label/text fields are not alpha formula inputs
global_field_route,cn_local_minute_daily_silver_v1_20260531,hfq_daily_2026,date,time_key_or_cutoff,join_key,not_alpha_feature,"controls join/availability, not standalone alpha",blocked,registered,nan,True,capital_event_date|capital_source_event_date|date|exec_date|meta_billboard_available_date|meta_fund_bs_available_date|meta_fund_cf_available_date|meta_fund_ps_available_date,False,nan,nan,False,nan,False,nan,True,False,blocked_or_metadata,no_alpha_action,1.0,blocked_not_search_input,not_suitable,not_formula_search_suitable,never_formula_search,False,False,False,False,True,False,False,metadata/time/future-label/text fields are not alpha formula inputs
global_field_route,cn_local_minute_daily_silver_v1_20260531\stock_1min_2026_parquet_by_date,stock_1min_2026,date,time_key_or_cutoff,join_key,not_alpha_feature,"controls join/availability, not standalone alpha",blocked,registered,nan,True,capital_event_date|capital_source_event_date|date|exec_date|meta_billboard_available_date|meta_fund_bs_available_date|meta_fund_cf_available_date|meta_fund_ps_available_date,False,nan,nan,False,nan,False,nan,True,False,blocked_or_metadata,no_alpha_action,1.0,blocked_not_search_input,not_suitable,not_formula_search_suitable,never_formula_search,False,False,False,False,True,False,False,metadata/time/future-label/text fields are not alpha formula inputs
global_field_route,cn_zzshare_advanced_field_probe_v1_20260602,market_hot_sentiment_20260529,date,time_key_or_cutoff,join_key,not_alpha_feature,"controls join/availability, not standalone alpha",blocked,registered,nan,True,capital_event_date|capital_source_event_date|date|exec_date|meta_billboard_available_date|meta_fund_bs_available_date|meta_fund_cf_available_date|meta_fund_ps_available_date,False,nan,nan,False,nan,False,nan,True,False,blocked_or_metadata,no_alpha_action,1.0,blocked_not_search_input,not_suitable,not_formula_search_suitable,never_formula_search,False,False,False,False,True,False,False,metadata/time/future-label/text fields are not alpha formula inputs
global_field_route,cn_zzshare_advanced_field_probe_v1_20260602,market_sentiment_20260529,date,time_key_or_cutoff,join_key,not_alpha_feature,"controls join/availability, not standalone alpha",blocked,registered,nan,True,capital_event_date|capital_source_event_date|date|exec_date|meta_billboard_available_date|meta_fund_bs_available_date|meta_fund_cf_available_date|meta_fund_ps_available_date,False,nan,nan,False,nan,False,nan,True,False,blocked_or_metadata,no_alpha_action,1.0,blocked_not_search_input,not_suitable,not_formula_search_suitable,never_formula_search,False,False,False,False,True,False,False,metadata/time/future-label/text fields are not alpha formula inputs
global_field_route,cn_zzshare_moneyflow_probe_v1_20260602,uplimit_market_value_20260529,date,time_key_or_cutoff,join_key,not_alpha_feature,"controls join/availability, not standalone alpha",blocked,registered,nan,True,capital_event_date|capital_source_event_date|date|exec_date|meta_billboard_available_date|meta_fund_bs_available_date|meta_fund_cf_available_date|meta_fund_ps_available_date,False,nan,nan,False,nan,False,nan,True,False,blocked_or_metadata,no_alpha_action,1.0,blocked_not_search_input,not_suitable,not_formula_search_suitable,never_formula_search,False,False,False,False,True,False,False,metadata/time/future-label/text fields are not alpha formula inputs
global_field_route,cn_zzshare_uplimit_history_silver_v1_20260531,review_uplimit_reason_open,date,time_key_or_cutoff,join_key,not_alpha_feature,"controls join/availability, not standalone alpha",blocked,registered,nan,True,capital_event_date|capital_source_event_date|date|exec_date|meta_billboard_available_date|meta_fund_bs_available_date|meta_fund_cf_available_date|meta_fund_ps_available_date,False,nan,nan,False,nan,False,nan,True,False,blocked_or_metadata,no_alpha_action,1.0,blocked_not_search_input,not_suitable,not_formula_search_suitable,never_formula_search,False,False,False,False,True,False,False,metadata/time/future-label/text fields are not alpha formula inputs
global_field_route,cn_zzshare_uplimit_history_silver_v1_20260531,updown_distribution,date,time_key_or_cutoff,join_key,not_alpha_feature,"controls join/availability, not standalone alpha",blocked,registered,nan,True,capital_event_date|capital_source_event_date|date|exec_date|meta_billboard_available_date|meta_fund_bs_available_date|meta_fund_cf_available_date|meta_fund_ps_available_date,False,nan,nan,False,nan,False,nan,True,False,blocked_or_metadata,no_alpha_action,1.0,blocked_not_search_input,not_suitable,not_formula_search_suitable,never_formula_search,False,False,False,False,True,False,False,metadata/time/future-label/text fields are not alpha formula inputs
global_field_route,cn_zzshare_uplimit_history_silver_v1_20260531,uplimit_trend,date,time_key_or_cutoff,join_key,not_alpha_feature,"controls join/availability, not standalone alpha",blocked,registered,nan,True,capital_event_date|capital_source_event_date|date|exec_date|meta_billboard_available_date|meta_fund_bs_available_date|meta_fund_cf_available_date|meta_fund_ps_available_date,False,nan,nan,False,nan,False,nan,True,False,blocked_or_metadata,no_alpha_action,1.0,blocked_not_search_input,not_suitable,not_formula_search_suitable,never_formula_search,False,False,False,False,True,False,False,metadata/time/future-label/text fields are not alpha formula inputs
new_data_asset_integration,advanced_zzshare_probe,market_sentiment_20260529,date,time_key_or_cutoff,availability_key,false,controls availability/cutoff; not standalone alpha,blocked,probe_only,fix_or_silverize_before_selector,True,capital_event_date|capital_source_event_date|date|exec_date|meta_billboard_available_date|meta_fund_bs_available_date|meta_fund_cf_available_date|meta_fund_ps_available_date,False,nan,nan,False,nan,False,nan,True,False,blocked_or_metadata,no_alpha_action,1.0,blocked_not_search_input,not_suitable,not_formula_search_suitable,never_formula_search,False,False,False,False,True,False,False,metadata/time/future-label/text fields are not alpha formula inputs
new_data_asset_integration,advanced_zzshare_probe,market_hot_sentiment_20260529,date,time_key_or_cutoff,availability_key,false,controls availability/cutoff; not standalone alpha,blocked,probe_only,fix_or_silverize_before_selector,True,capital_event_date|capital_source_event_date|date|exec_date|meta_billboard_available_date|meta_fund_bs_available_date|meta_fund_cf_available_date|meta_fund_ps_available_date,False,nan,nan,False,nan,False,nan,True,False,blocked_or_metadata,no_alpha_action,1.0,blocked_not_search_input,not_suitable,not_formula_search_suitable,never_formula_search,False,False,False,False,True,False,False,metadata/time/future-label/text fields are not alpha formula inputs
global_field_route,cn_zzshare_plate_fund_completeness_probe_v1_20260602,plates_list_pt,date_in,time_key_or_cutoff,join_key,not_alpha_feature,"controls join/availability, not standalone alpha",blocked,registered,nan,True,capital_event_date|capital_source_event_date|date|exec_date|meta_billboard_available_date|meta_fund_bs_available_date|meta_fund_cf_available_date|meta_fund_ps_available_date,False,nan,nan,False,nan,False,nan,True,False,blocked_or_metadata,no_alpha_action,1.0,blocked_not_search_input,not_suitable,not_formula_search_suitable,never_formula_search,False,False,False,False,True,False,False,metadata/time/future-label/text fields are not alpha formula inputs
new_data_asset_integration,plate_fund_probe,plates_list_pt,date_in,time_key_or_cutoff,availability_key,false,controls availability/cutoff; not standalone alpha,blocked,probe_only,fix_or_silverize_before_selector,True,capital_event_date|capital_source_event_date|date|exec_date|meta_billboard_available_date|meta_fund_bs_available_date|meta_fund_cf_available_date|meta_fund_ps_available_date,False,nan,nan,False,nan,False,nan,True,False,blocked_or_metadata,no_alpha_action,1.0,blocked_not_search_input,not_suitable,not_formula_search_suitable,never_formula_search,False,False,False,False,True,False,False,metadata/time/future-label/text fields are not alpha formula inputs
global_field_route,cn_zzshare_uplimit_history_silver_v1_20260531,updown_distribution,szln,tradability_universe,manual_review_required,blocked_until_contract,manual availability review required,blocked,registered,nan,True,ctx_mkt_updown_szln,False,nan,nan,False,nan,False,nan,True,False,blocked_or_metadata,no_alpha_action,1.0,blocked_not_search_input,not_suitable,not_formula_search_suitable,never_formula_search,False,False,False,False,True,False,False,metadata/time/future-label/text fields are not alpha formula inputs
nonminute_system_integration,cn_zzshare_uplimit_history_silver_v1_20260531\review_uplimit_reason\review_uplimit_reason.parquet,review_uplimit_reason,up_limit_keep_times,limit_event,timestamped_stock_intraday_event,true_after_cutoff_only,same-day use before event timestamp is leakage; reason text requires separate NLP contract,nan,registered,integrated_event_alignment_panel,True,ctx_aug_limit_up_keep_times_vendor|evt_limit_keep_times_max_by_0930|evt_limit_keep_times_max_by_0935|evt_limit_keep_times_max_by_1000|evt_limit_keep_times_max_by_1130|evt_limit_keep_times_max_by_1430,True,ctx_zls_evt_up_limit_keep_times_lag1|limit_up_keep_times_vendor,cn_event_factor_candidate_pack_v1_20260531.json|cn_research_factor_candidate_pack_v2_20260531.json|cn_zzshare_limit_sentiment_factor_candidate_pack_v1_20260602.json,True,ctx_zls_evt_up_limit_keep_times_lag1|evt_zls_up_limit_keep_times,False,nan,False,False,integrated_selector_selected,replay_style_cost_audit_if_selected,0.5,event_cutoff_contract,not_direct_formula,adapted_as_non_formula_input_or_needs_gate_contract,never_formula_search,False,True,False,False,True,False,False,"timestamp fields define observable cutoff; they should gate event features, not be ranked directly"
new_data_asset_integration,fundamental_pit_silver,fundamental_balance_long,SECUCODE,instrument_key,join_or_audit_metadata,false,key/text/metadata only,low,accepted,eligible_for_transform_registry,False,nan,False,nan,nan,False,nan,False,nan,True,False,blocked_or_metadata,no_alpha_action,0.2,blocked_not_search_input,not_suitable,not_formula_search_suitable,never_formula_search,False,False,False,False,True,False,False,metadata/time/future-label/text fields are not alpha formula inputs
new_data_asset_integration,fundamental_pit_silver,fundamental_profit_long,SECUCODE,instrument_key,join_or_audit_metadata,false,key/text/metadata only,low,accepted,eligible_for_transform_registry,False,nan,False,nan,nan,False,nan,False,nan,True,False,blocked_or_metadata,no_alpha_action,0.2,blocked_not_search_input,not_suitable,not_formula_search_suitable,never_formula_search,False,False,False,False,True,False,False,metadata/time/future-label/text fields are not alpha formula inputs
new_data_asset_integration,fundamental_pit_silver,fundamental_balance_long,SECURITY_CODE,instrument_key,join_or_audit_metadata,false,key/text/metadata only,low,accepted,eligible_for_transform_registry,False,nan,False,nan,nan,False,nan,False,nan,True,False,blocked_or_metadata,no_alpha_action,0.2,blocked_not_search_input,not_suitable,not_formula_search_suitable,never_formula_search,False,False,False,False,True,False,False,metadata/time/future-label/text fields are not alpha formula inputs
new_data_asset_integration,fundamental_pit_silver,fundamental_profit_long,SECURITY_CODE,instrument_key,join_or_audit_metadata,false,key/text/metadata only,low,accepted,eligible_for_transform_registry,False,nan,False,nan,nan,False,nan,False,nan,True,False,blocked_or_metadata,no_alpha_action,0.2,blocked_not_search_input,not_suitable,not_formula_search_suitable,never_formula_search,False,False,False,False,True,False,False,metadata/time/future-label/text fields are not alpha formula inputs
new_data_asset_integration,fundamental_pit_silver,fundamental_balance_long,source_code6,instrument_key,join_or_audit_metadata,false,key/text/metadata only,low,accepted,eligible_for_transform_registry,False,nan,False,nan,nan,False,nan,False,nan,True,False,blocked_or_metadata,no_alpha_action,0.2,blocked_not_search_input,not_suitable,not_formula_search_suitable,never_formula_search,False,False,False,False,True,False,False,metadata/time/future-label/text fields are not alpha formula inputs
new_data_asset_integration,fundamental_pit_silver,fundamental_profit_long,source_code6,instrument_key,join_or_audit_metadata,false,key/text/metadata only,low,accepted,eligible_for_transform_registry,False,nan,False,nan,nan,False,nan,False,nan,True,False,blocked_or_metadata,no_alpha_action,0.2,blocked_not_search_input,not_suitable,not_formula_search_suitable,never_formula_search,False,False,False,False,True,False,False,metadata/time/future-label/text fields are not alpha formula inputs
new_data_asset_integration,limit_sentiment_canonical,uplimit_stock_event_day,stock_code,instrument_key,join_or_audit_metadata,false,key/text/metadata only,low,accepted,eligible_for_transform_registry,False,nan,False,nan,nan,False,nan,False,nan,True,False,blocked_or_metadata,no_alpha_action,0.2,blocked_not_search_input,not_suitable,not_formula_search_suitable,never_formula_search,False,False,False,False,True,False,False,metadata/time/future-label/text fields are not alpha formula inputs
new_data_asset_integration,limit_sentiment_canonical,uplimit_stock_event_day,checked,metadata,join_or_audit_metadata,false,key/text/metadata only,low,accepted,eligible_for_transform_registry,False,nan,False,nan,nan,False,nan,False,nan,True,False,blocked_or_metadata,no_alpha_action,0.2,blocked_not_search_input,not_suitable,not_formula_search_suitable,never_formula_search,False,False,False,False,True,False,False,metadata/time/future-label/text fields are not alpha formula inputs
new_data_asset_integration,limit_sentiment_canonical,open_sentiment_daily,dataset,metadata,join_or_audit_metadata,false,key/text/metadata only,low,accepted,eligible_for_transform_registry,False,nan,False,nan,nan,False,nan,False,nan,True,False,blocked_or_metadata,no_alpha_action,0.2,blocked_not_search_input,not_suitable,not_formula_search_suitable,never_formula_search,False,False,False,False,True,False,False,metadata/time/future-label/text fields are not alpha formula inputs
new_data_asset_integration,limit_sentiment_canonical,sentiment_hot_daily,dataset,metadata,join_or_audit_metadata,false,key/text/metadata only,low,accepted,eligible_for_transform_registry,False,nan,False,nan,nan,False,nan,False,nan,True,False,blocked_or_metadata,no_alpha_action,0.2,blocked_not_search_input,not_suitable,not_formula_search_suitable,never_formula_search,False,False,False,False,True,False,False,metadata/time/future-label/text fields are not alpha formula inputs
new_data_asset_integration,limit_sentiment_canonical,ths_hot_stock_day,dataset,metadata,join_or_audit_metadata,false,key/text/metadata only,low,accepted,eligible_for_transform_registry,False,nan,False,nan,nan,False,nan,False,nan,True,False,blocked_or_metadata,no_alpha_action,0.2,blocked_not_search_input,not_suitable,not_formula_search_suitable,never_formula_search,False,False,False,False,True,False,False,metadata/time/future-label/text fields are not alpha formula inputs
new_data_asset_integration,limit_sentiment_canonical,uplimit_stock_event_day,dataset,metadata,join_or_audit_metadata,false,key/text/metadata only,low,accepted,eligible_for_transform_registry,False,nan,False,nan,nan,False,nan,False,nan,True,False,blocked_or_metadata,no_alpha_action,0.2,blocked_not_search_input,not_suitable,not_formula_search_suitable,never_formula_search,False,False,False,False,True,False,False,metadata/time/future-label/text fields are not alpha formula inputs
new_data_asset_integration,limit_sentiment_canonical,sentiment_hot_daily,errcode,metadata,join_or_audit_metadata,false,key/text/metadata only,low,accepted,eligible_for_transform_registry,False,nan,False,nan,nan,False,nan,False,nan,True,False,blocked_or_metadata,no_alpha_action,0.2,blocked_not_search_input,not_suitable,not_formula_search_suitable,never_formula_search,False,False,False,False,True,False,False,metadata/time/future-label/text fields are not alpha formula inputs
new_data_asset_integration,limit_sentiment_canonical,open_sentiment_daily,id,metadata,join_or_audit_metadata,false,key/text/metadata only,low,accepted,eligible_for_transform_registry,False,nan,False,nan,nan,False,nan,False,nan,True,False,blocked_or_metadata,no_alpha_action,0.2,blocked_not_search_input,not_suitable,not_formula_search_suitable,never_formula_search,False,False,False,False,True,False,False,metadata/time/future-label/text fields are not alpha formula inputs
new_data_asset_integration,limit_sentiment_canonical,ths_hot_stock_day,id,metadata,join_or_audit_metadata,false,key/text/metadata only,low,accepted,eligible_for_transform_registry,False,nan,False,nan,nan,False,nan,False,nan,True,False,blocked_or_metadata,no_alpha_action,0.2,blocked_not_search_input,not_suitable,not_formula_search_suitable,never_formula_search,False,False,False,False,True,False,False,metadata/time/future-label/text fields are not alpha formula inputs
new_data_asset_integration,limit_sentiment_canonical,uplimit_stock_event_day,id,metadata,join_or_audit_metadata,false,key/text/metadata only,low,accepted,eligible_for_transform_registry,False,nan,False,nan,nan,False,nan,False,nan,True,False,blocked_or_metadata,no_alpha_action,0.2,blocked_not_search_input,not_suitable,not_formula_search_suitable,never_formula_search,False,False,False,False,True,False,False,metadata/time/future-label/text fields are not alpha formula inputs
new_data_asset_integration,fundamental_pit_silver,fundamental_balance_long,source_dataset,metadata,join_or_audit_metadata,false,key/text/metadata only,low,accepted,eligible_for_transform_registry,False,nan,False,nan,nan,False,nan,False,nan,True,False,blocked_or_metadata,no_alpha_action,0.2,blocked_not_search_input,not_suitable,not_formula_search_suitable,never_formula_search,False,False,False,False,True,False,False,metadata/time/future-label/text fields are not alpha formula inputs
new_data_asset_integration,fundamental_pit_silver,fundamental_profit_long,source_dataset,metadata,join_or_audit_metadata,false,key/text/metadata only,low,accepted,eligible_for_transform_registry,False,nan,False,nan,nan,False,nan,False,nan,True,False,blocked_or_metadata,no_alpha_action,0.2,blocked_not_search_input,not_suitable,not_formula_search_suitable,never_formula_search,False,False,False,False,True,False,False,metadata/time/future-label/text fields are not alpha formula inputs
new_data_asset_integration,limit_sentiment_canonical,open_sentiment_daily,source_dataset,metadata,join_or_audit_metadata,false,key/text/metadata only,low,accepted,eligible_for_transform_registry,False,nan,False,nan,nan,False,nan,False,nan,True,False,blocked_or_metadata,no_alpha_action,0.2,blocked_not_search_input,not_suitable,not_formula_search_suitable,never_formula_search,False,False,False,False,True,False,False,metadata/time/future-label/text fields are not alpha formula inputs
new_data_asset_integration,limit_sentiment_canonical,sentiment_hot_daily,source_dataset,metadata,join_or_audit_metadata,false,key/text/metadata only,low,accepted,eligible_for_transform_registry,False,nan,False,nan,nan,False,nan,False,nan,True,False,blocked_or_metadata,no_alpha_action,0.2,blocked_not_search_input,not_suitable,not_formula_search_suitable,never_formula_search,False,False,False,False,True,False,False,metadata/time/future-label/text fields are not alpha formula inputs
new_data_asset_integration,limit_sentiment_canonical,ths_hot_stock_day,source_dataset,metadata,join_or_audit_metadata,false,key/text/metadata only,low,accepted,eligible_for_transform_registry,False,nan,False,nan,nan,False,nan,False,nan,True,False,blocked_or_metadata,no_alpha_action,0.2,blocked_not_search_input,not_suitable,not_formula_search_suitable,never_formula_search,False,False,False,False,True,False,False,metadata/time/future-label/text fields are not alpha formula inputs
new_data_asset_integration,limit_sentiment_canonical,uplimit_stock_event_day,source_dataset,metadata,join_or_audit_metadata,false,key/text/metadata only,low,accepted,eligible_for_transform_registry,False,nan,False,nan,nan,False,nan,False,nan,True,False,blocked_or_metadata,no_alpha_action,0.2,blocked_not_search_input,not_suitable,not_formula_search_suitable,never_formula_search,False,False,False,False,True,False,False,metadata/time/future-label/text fields are not alpha formula inputs
new_data_asset_integration,fundamental_pit_silver,fundamental_balance_long,source_file,metadata,join_or_audit_metadata,false,key/text/metadata only,low,accepted,eligible_for_transform_registry,False,nan,False,nan,nan,False,nan,False,nan,True,False,blocked_or_metadata,no_alpha_action,0.2,blocked_not_search_input,not_suitable,not_formula_search_suitable,never_formula_search,False,False,False,False,True,False,False,metadata/time/future-label/text fields are not alpha formula inputs
new_data_asset_integration,fundamental_pit_silver,fundamental_profit_long,source_file,metadata,join_or_audit_metadata,false,key/text/metadata only,low,accepted,eligible_for_transform_registry,False,nan,False,nan,nan,False,nan,False,nan,True,False,blocked_or_metadata,no_alpha_action,0.2,blocked_not_search_input,not_suitable,not_formula_search_suitable,never_formula_search,False,False,False,False,True,False,False,metadata/time/future-label/text fields are not alpha formula inputs
global_field_route,cn_public_xsection_no_kline_silver_v1_20260530,holder_num_detail,CHANGE_REASON,text_or_description,text_diagnostic,diagnostic_only,text fields require separate parser and timestamp proof,low,registered,nan,False,nan,False,nan,nan,False,nan,False,nan,True,False,blocked_or_metadata,no_alpha_action,0.2,blocked_not_search_input,not_suitable,not_formula_search_suitable,never_formula_search,False,False,False,False,True,False,False,metadata/time/future-label/text fields are not alpha formula inputs
global_field_route,cn_public_xsection_no_kline_silver_v1_20260530,holder_num_latest,CHANGE_REASON,text_or_description,text_diagnostic,diagnostic_only,text fields require separate parser and timestamp proof,low,registered,nan,False,nan,False,nan,nan,False,nan,False,nan,True,False,blocked_or_metadata,no_alpha_action,0.2,blocked_not_search_input,not_suitable,not_formula_search_suitable,never_formula_search,False,False,False,False,True,False,False,metadata/time/future-label/text fields are not alpha formula inputs
global_field_route,cn_public_xsection_no_kline_silver_v1_20260530,billboard_buy,EXPLANATION,text_or_description,text_diagnostic,diagnostic_only,text fields require separate parser and timestamp proof,low,registered,nan,False,nan,False,nan,nan,False,nan,False,nan,True,False,blocked_or_metadata,no_alpha_action,0.2,blocked_not_search_input,not_suitable,not_formula_search_suitable,never_formula_search,False,False,False,False,True,False,False,metadata/time/future-label/text fields are not alpha formula inputs
global_field_route,cn_public_xsection_no_kline_silver_v1_20260530,billboard_details,EXPLANATION,text_or_description,text_diagnostic,diagnostic_only,text fields require separate parser and timestamp proof,low,registered,nan,False,nan,False,nan,nan,False,nan,False,nan,True,False,blocked_or_metadata,no_alpha_action,0.2,blocked_not_search_input,not_suitable,not_formula_search_suitable,never_formula_search,False,False,False,False,True,False,False,metadata/time/future-label/text fields are not alpha formula inputs
global_field_route,cn_public_xsection_no_kline_silver_v1_20260530,billboard_sell,EXPLANATION,text_or_description,text_diagnostic,diagnostic_only,text fields require separate parser and timestamp proof,low,registered,nan,False,nan,False,nan,nan,False,nan,False,nan,True,False,blocked_or_metadata,no_alpha_action,0.2,blocked_not_search_input,not_suitable,not_formula_search_suitable,never_formula_search,False,False,False,False,True,False,False,metadata/time/future-label/text fields are not alpha formula inputs
global_field_route,cn_public_xsection_no_kline_silver_v1_20260530,billboard_buy,OPERATEDEPT_NAME,text_or_description,text_diagnostic,diagnostic_only,text fields require separate parser and timestamp proof,low,registered,nan,False,nan,False,nan,nan,False,nan,False,nan,True,False,blocked_or_metadata,no_alpha_action,0.2,blocked_not_search_input,not_suitable,not_formula_search_suitable,never_formula_search,False,False,False,False,True,False,False,metadata/time/future-label/text fields are not alpha formula inputs
global_field_route,cn_public_xsection_no_kline_silver_v1_20260530,billboard_sell,OPERATEDEPT_NAME,text_or_description,text_diagnostic,diagnostic_only,text fields require separate parser and timestamp proof,low,registered,nan,False,nan,False,nan,nan,False,nan,False,nan,True,False,blocked_or_metadata,no_alpha_action,0.2,blocked_not_search_input,not_suitable,not_formula_search_suitable,never_formula_search,False,False,False,False,True,False,False,metadata/time/future-label/text fields are not alpha formula inputs
global_field_route,cn_public_xsection_no_kline_silver_v1_20260530,rzrq_margin_xsection,SECNAME,text_or_description,text_diagnostic,diagnostic_only,text fields require separate parser and timestamp proof,low,registered,nan,False,nan,False,nan,nan,False,nan,False,nan,True,False,blocked_or_metadata,no_alpha_action,0.2,blocked_not_search_input,not_suitable,not_formula_search_suitable,never_formula_search,False,False,False,False,True,False,False,metadata/time/future-label/text fields are not alpha formula inputs
global_field_route,cn_fundamental_akshare_batch_v1_20260531\aggregated_v1,balance_sheet_report_em,SECURITY_NAME_ABBR,text_or_description,text_diagnostic,diagnostic_only,text fields require separate parser and timestamp proof,low,registered,nan,False,nan,False,nan,nan,False,nan,False,nan,True,False,blocked_or_metadata,no_alpha_action,0.2,blocked_not_search_input,not_suitable,not_formula_search_suitable,never_formula_search,False,False,False,False,True,False,False,metadata/time/future-label/text fields are not alpha formula inputs
global_field_route,cn_fundamental_akshare_batch_v1_20260531\aggregated_v1,cash_flow_sheet_report_em,SECURITY_NAME_ABBR,text_or_description,text_diagnostic,diagnostic_only,text fields require separate parser and timestamp proof,low,registered,nan,False,nan,False,nan,nan,False,nan,False,nan,True,False,blocked_or_metadata,no_alpha_action,0.2,blocked_not_search_input,not_suitable,not_formula_search_suitable,never_formula_search,False,False,False,False,True,False,False,metadata/time/future-label/text fields are not alpha formula inputs
global_field_route,cn_fundamental_akshare_batch_v1_20260531\aggregated_v1,profit_sheet_report_em,SECURITY_NAME_ABBR,text_or_description,text_diagnostic,diagnostic_only,text fields require separate parser and timestamp proof,low,registered,nan,False,nan,False,nan,nan,False,nan,False,nan,True,False,blocked_or_metadata,no_alpha_action,0.2,blocked_not_search_input,not_suitable,not_formula_search_suitable,never_formula_search,False,False,False,False,True,False,False,metadata/time/future-label/text fields are not alpha formula inputs
global_field_route,cn_public_xsection_no_kline_silver_v1_20260530,billboard_details,SECURITY_NAME_ABBR,text_or_description,text_diagnostic,diagnostic_only,text fields require separate parser and timestamp proof,low,registered,nan,False,nan,False,nan,nan,False,nan,False,nan,True,False,blocked_or_metadata,no_alpha_action,0.2,blocked_not_search_input,not_suitable,not_formula_search_suitable,never_formula_search,False,False,False,False,True,False,False,metadata/time/future-label/text fields are not alpha formula inputs
global_field_route,cn_public_xsection_no_kline_silver_v1_20260530,holder_num_detail,SECURITY_NAME_ABBR,text_or_description,text_diagnostic,diagnostic_only,text fields require separate parser and timestamp proof,low,registered,nan,False,nan,False,nan,nan,False,nan,False,nan,True,False,blocked_or_metadata,no_alpha_action,0.2,blocked_not_search_input,not_suitable,not_formula_search_suitable,never_formula_search,False,False,False,False,True,False,False,metadata/time/future-label/text fields are not alpha formula inputs
global_field_route,cn_public_xsection_no_kline_silver_v1_20260530,holder_num_latest,SECURITY_NAME_ABBR,text_or_description,text_diagnostic,diagnostic_only,text fields require separate parser and timestamp proof,low,registered,nan,False,nan,False,nan,nan,False,nan,False,nan,True,False,blocked_or_metadata,no_alpha_action,0.2,blocked_not_search_input,not_suitable,not_formula_search_suitable,never_formula_search,False,False,False,False,True,False,False,metadata/time/future-label/text fields are not alpha formula inputs
new_data_asset_integration,fundamental_pit_silver,fundamental_balance_long,SECURITY_NAME_ABBR,text_or_description,join_or_audit_metadata,false,key/text/metadata only,low,accepted,eligible_for_transform_registry,False,nan,False,nan,nan,False,nan,False,nan,True,False,blocked_or_metadata,no_alpha_action,0.2,blocked_not_search_input,not_suitable,not_formula_search_suitable,never_formula_search,False,False,False,False,True,False,False,metadata/time/future-label/text fields are not alpha formula inputs
new_data_asset_integration,fundamental_pit_silver,fundamental_profit_long,SECURITY_NAME_ABBR,text_or_description,join_or_audit_metadata,false,key/text/metadata only,low,accepted,eligible_for_transform_registry,False,nan,False,nan,nan,False,nan,False,nan,True,False,blocked_or_metadata,no_alpha_action,0.2,blocked_not_search_input,not_suitable,not_formula_search_suitable,never_formula_search,False,False,False,False,True,False,False,metadata/time/future-label/text fields are not alpha formula inputs
global_field_route,cn_local_index_1min_silver_v2_20260601\index_1min_silver_by_date,index_1min_v2,index_name,text_or_description,text_diagnostic,diagnostic_only,text fields require separate parser and timestamp proof,low,registered,nan,False,nan,False,nan,nan,False,nan,False,nan,True,False,blocked_or_metadata,no_alpha_action,0.2,blocked_not_search_input,not_suitable,not_formula_search_suitable,never_formula_search,False,False,False,False,True,False,False,metadata/time/future-label/text fields are not alpha formula inputs
global_field_route,cn_local_minute_daily_silver_v1_20260531,hfq_daily_2026,name,text_or_description,text_diagnostic,diagnostic_only,text fields require separate parser and timestamp proof,low,registered,nan,False,nan,False,nan,nan,False,nan,False,nan,True,False,blocked_or_metadata,no_alpha_action,0.2,blocked_not_search_input,not_suitable,not_formula_search_suitable,never_formula_search,False,False,False,False,True,False,False,metadata/time/future-label/text fields are not alpha formula inputs
global_field_route,cn_zzshare_advanced_field_probe_v1_20260602,plates_rank_days_new_pt14_net,plate_name,text_or_description,text_diagnostic,diagnostic_only,text fields require separate parser and timestamp proof,low,registered,nan,False,nan,False,nan,nan,False,nan,False,nan,True,False,blocked_or_metadata,no_alpha_action,0.2,blocked_not_search_input,not_suitable,not_formula_search_suitable,never_formula_search,False,False,False,False,True,False,False,metadata/time/future-label/text fields are not alpha formula inputs
global_field_route,cn_zzshare_advanced_field_probe_v1_20260602,plates_rank_days_new_pt17_net_20260529,plate_name,text_or_description,text_diagnostic,diagnostic_only,text fields require separate parser and timestamp proof,low,registered,nan,False,nan,False,nan,nan,False,nan,False,nan,True,False,blocked_or_metadata,no_alpha_action,0.2,blocked_not_search_input,not_suitable,not_formula_search_suitable,never_formula_search,False,False,False,False,True,False,False,metadata/time/future-label/text fields are not alpha formula inputs
global_field_route,cn_zzshare_advanced_field_probe_v1_20260602,plates_rank_pt14,plate_name,text_or_description,text_diagnostic,diagnostic_only,text fields require separate parser and timestamp proof,low,registered,nan,False,nan,False,nan,nan,False,nan,False,nan,True,False,blocked_or_metadata,no_alpha_action,0.2,blocked_not_search_input,not_suitable,not_formula_search_suitable,never_formula_search,False,False,False,False,True,False,False,metadata/time/future-label/text fields are not alpha formula inputs
global_field_route,cn_zzshare_advanced_field_probe_v1_20260602,plates_rank_pt15,plate_name,text_or_description,text_diagnostic,diagnostic_only,text fields require separate parser and timestamp proof,low,registered,nan,False,nan,False,nan,nan,False,nan,False,nan,True,False,blocked_or_metadata,no_alpha_action,0.2,blocked_not_search_input,not_suitable,not_formula_search_suitable,never_formula_search,False,False,False,False,True,False,False,metadata/time/future-label/text fields are not alpha formula inputs
global_field_route,cn_zzshare_advanced_field_probe_v1_20260602,plates_rank_pt17,plate_name,text_or_description,text_diagnostic,diagnostic_only,text fields require separate parser and timestamp proof,low,registered,nan,False,nan,False,nan,nan,False,nan,False,nan,True,False,blocked_or_metadata,no_alpha_action,0.2,blocked_not_search_input,not_suitable,not_formula_search_suitable,never_formula_search,False,False,False,False,True,False,False,metadata/time/future-label/text fields are not alpha formula inputs
global_field_route,cn_zzshare_advanced_field_probe_v1_20260602,plates_rank_pt17_20260529,plate_name,text_or_description,text_diagnostic,diagnostic_only,text fields require separate parser and timestamp proof,low,registered,nan,False,nan,False,nan,nan,False,nan,False,nan,True,False,blocked_or_metadata,no_alpha_action,0.2,blocked_not_search_input,not_suitable,not_formula_search_suitable,never_formula_search,False,False,False,False,True,False,False,metadata/time/future-label/text fields are not alpha formula inputs
global_field_route,cn_zzshare_plate_fund_completeness_probe_v1_20260602,plates_list_pt,plate_name,text_or_description,text_diagnostic,diagnostic_only,text fields require separate parser and timestamp proof,low,registered,nan,False,nan,False,nan,nan,False,nan,False,nan,True,False,blocked_or_metadata,no_alpha_action,0.2,blocked_not_search_input,not_suitable,not_formula_search_suitable,never_formula_search,False,False,False,False,True,False,False,metadata/time/future-label/text fields are not alpha formula inputs
global_field_route,cn_zzshare_plate_fund_completeness_probe_v1_20260602,plates_rank_days_new_limit9999,plate_name,text_or_description,text_diagnostic,diagnostic_only,text fields require separate parser and timestamp proof,low,registered,nan,False,nan,False,nan,nan,False,nan,False,nan,True,False,blocked_or_metadata,no_alpha_action,0.2,blocked_not_search_input,not_suitable,not_formula_search_suitable,never_formula_search,False,False,False,False,True,False,False,metadata/time/future-label/text fields are not alpha formula inputs
global_field_route,cn_zzshare_plate_fund_completeness_probe_v1_20260602,plates_rank_limit9999,plate_name,text_or_description,text_diagnostic,diagnostic_only,text fields require separate parser and timestamp proof,low,registered,nan,False,nan,False,nan,nan,False,nan,False,nan,True,False,blocked_or_metadata,no_alpha_action,0.2,blocked_not_search_input,not_suitable,not_formula_search_suitable,never_formula_search,False,False,False,False,True,False,False,metadata/time/future-label/text fields are not alpha formula inputs
global_field_route,cn_zzshare_uplimit_history_silver_v1_20260531,review_uplimit_reason,plate_name,text_or_description,text_diagnostic,diagnostic_only,text fields require separate parser and timestamp proof,low,registered,nan,False,nan,False,nan,nan,False,nan,False,nan,True,False,blocked_or_metadata,no_alpha_action,0.2,blocked_not_search_input,not_suitable,not_formula_search_suitable,never_formula_search,False,False,False,False,True,False,False,metadata/time/future-label/text fields are not alpha formula inputs
global_field_route,cn_zzshare_uplimit_history_silver_v1_20260531,review_uplimit_reason,reason,text_or_description,text_diagnostic,diagnostic_only,text fields require separate parser and timestamp proof,low,registered,nan,False,nan,False,nan,nan,False,nan,False,nan,True,False,blocked_or_metadata,no_alpha_action,0.2,blocked_not_search_input,not_suitable,not_formula_search_suitable,never_formula_search,False,False,False,False,True,False,False,metadata/time/future-label/text fields are not alpha formula inputs
global_field_route,cn_zzshare_uplimit_history_silver_v1_20260531,review_uplimit_reason_open,reason,text_or_description,text_diagnostic,diagnostic_only,text fields require separate parser and timestamp proof,low,registered,nan,False,nan,False,nan,nan,False,nan,False,nan,True,False,blocked_or_metadata,no_alpha_action,0.2,blocked_not_search_input,not_suitable,not_formula_search_suitable,never_formula_search,False,False,False,False,True,False,False,metadata/time/future-label/text fields are not alpha formula inputs
global_field_route,cn_zzshare_advanced_field_probe_v1_20260602,market_plate_stocks_pt17_801031_20260529,stock_name,text_or_description,text_diagnostic,diagnostic_only,text fields require separate parser and timestamp proof,low,registered,nan,False,nan,False,nan,nan,False,nan,False,nan,True,False,blocked_or_metadata,no_alpha_action,0.2,blocked_not_search_input,not_suitable,not_formula_search_suitable,never_formula_search,False,False,False,False,True,False,False,metadata/time/future-label/text fields are not alpha formula inputs
global_field_route,cn_zzshare_advanced_field_probe_v1_20260602,market_plate_stocks_pt17_801062_20260529,stock_name,text_or_description,text_diagnostic,diagnostic_only,text fields require separate parser and timestamp proof,low,registered,nan,False,nan,False,nan,nan,False,nan,False,nan,True,False,blocked_or_metadata,no_alpha_action,0.2,blocked_not_search_input,not_suitable,not_formula_search_suitable,never_formula_search,False,False,False,False,True,False,False,metadata/time/future-label/text fields are not alpha formula inputs
global_field_route,cn_zzshare_advanced_field_probe_v1_20260602,uplimit_stocks,stock_name,text_or_description,text_diagnostic,diagnostic_only,text fields require separate parser and timestamp proof,low,registered,nan,False,nan,False,nan,nan,False,nan,False,nan,True,False,blocked_or_metadata,no_alpha_action,0.2,blocked_not_search_input,not_suitable,not_formula_search_suitable,never_formula_search,False,False,False,False,True,False,False,metadata/time/future-label/text fields are not alpha formula inputs
global_field_route,cn_zzshare_moneyflow_probe_v1_20260602,uplimit_stocks_20260529,stock_name,text_or_description,text_diagnostic,diagnostic_only,text fields require separate parser and timestamp proof,low,registered,nan,False,nan,False,nan,nan,False,nan,False,nan,True,False,blocked_or_metadata,no_alpha_action,0.2,blocked_not_search_input,not_suitable,not_formula_search_suitable,never_formula_search,False,False,False,False,True,False,False,metadata/time/future-label/text fields are not alpha formula inputs
global_field_route,cn_zzshare_uplimit_history_silver_v1_20260531,review_uplimit_reason,stock_name,text_or_description,text_diagnostic,diagnostic_only,text fields require separate parser and timestamp proof,low,registered,nan,False,nan,False,nan,nan,False,nan,False,nan,True,False,blocked_or_metadata,no_alpha_action,0.2,blocked_not_search_input,not_suitable,not_formula_search_suitable,never_formula_search,False,False,False,False,True,False,False,metadata/time/future-label/text fields are not alpha formula inputs
global_field_route,cn_zzshare_uplimit_history_silver_v1_20260531,review_uplimit_reason_open,stock_name,text_or_description,text_diagnostic,diagnostic_only,text fields require separate parser and timestamp proof,low,registered,nan,False,nan,False,nan,nan,False,nan,False,nan,True,False,blocked_or_metadata,no_alpha_action,0.2,blocked_not_search_input,not_suitable,not_formula_search_suitable,never_formula_search,False,False,False,False,True,False,False,metadata/time/future-label/text fields are not alpha formula inputs
new_data_asset_integration,limit_sentiment_canonical,uplimit_stock_event_day,stock_name,text_or_description,join_or_audit_metadata,false,key/text/metadata only,low,accepted,eligible_for_transform_registry,False,nan,False,nan,nan,False,nan,False,nan,True,False,blocked_or_metadata,no_alpha_action,0.2,blocked_not_search_input,not_suitable,not_formula_search_suitable,never_formula_search,False,False,False,False,True,False,False,metadata/time/future-label/text fields are not alpha formula inputs
global_field_route,cn_zzshare_advanced_field_probe_v1_20260602,ths_hot_top,symbol_name,text_or_description,text_diagnostic,diagnostic_only,text fields require separate parser and timestamp proof,low,registered,nan,False,nan,False,nan,nan,False,nan,False,nan,True,False,blocked_or_metadata,no_alpha_action,0.2,blocked_not_search_input,not_suitable,not_formula_search_suitable,never_formula_search,False,False,False,False,True,False,False,metadata/time/future-label/text fields are not alpha formula inputs
global_field_route,cn_zzshare_moneyflow_probe_v1_20260602,movement_alerts_20260529,symbol_name,text_or_description,text_diagnostic,diagnostic_only,text fields require separate parser and timestamp proof,low,registered,nan,False,nan,False,nan,nan,False,nan,False,nan,True,False,blocked_or_metadata,no_alpha_action,0.2,blocked_not_search_input,not_suitable,not_formula_search_suitable,never_formula_search,False,False,False,False,True,False,False,metadata/time/future-label/text fields are not alpha formula inputs
global_field_route,cn_zzshare_moneyflow_probe_v1_20260602,ths_hot_top_20260529,symbol_name,text_or_description,text_diagnostic,diagnostic_only,text fields require separate parser and timestamp proof,low,registered,nan,False,nan,False,nan,nan,False,nan,False,nan,True,False,blocked_or_metadata,no_alpha_action,0.2,blocked_not_search_input,not_suitable,not_formula_search_suitable,never_formula_search,False,False,False,False,True,False,False,metadata/time/future-label/text fields are not alpha formula inputs
new_data_asset_integration,limit_sentiment_canonical,ths_hot_stock_day,symbol_name,text_or_description,join_or_audit_metadata,false,key/text/metadata only,low,accepted,eligible_for_transform_registry,False,nan,False,nan,nan,False,nan,False,nan,True,False,blocked_or_metadata,no_alpha_action,0.2,blocked_not_search_input,not_suitable,not_formula_search_suitable,never_formula_search,False,False,False,False,True,False,False,metadata/time/future-label/text fields are not alpha formula inputs
new_data_asset_integration,limit_sentiment_canonical,sentiment_hot_daily,tip,text_or_description,join_or_audit_metadata,false,key/text/metadata only,low,accepted,eligible_for_transform_registry,False,nan,False,nan,nan,False,nan,False,nan,True,False,blocked_or_metadata,no_alpha_action,0.2,blocked_not_search_input,not_suitable,not_formula_search_suitable,never_formula_search,False,False,False,False,True,False,False,metadata/time/future-label/text fields are not alpha formula inputs
global_field_route,cn_zzshare_moneyflow_probe_v1_20260602,sentiment_hot_day_20260529,ttag,text_or_description,text_diagnostic,diagnostic_only,text fields require separate parser and timestamp proof,low,registered,nan,False,nan,False,nan,nan,False,nan,False,nan,True,False,blocked_or_metadata,no_alpha_action,0.2,blocked_not_search_input,not_suitable,not_formula_search_suitable,never_formula_search,False,False,False,False,True,False,False,metadata/time/future-label/text fields are not alpha formula inputs
new_data_asset_integration,limit_sentiment_canonical,sentiment_hot_daily,ttag,text_or_description,join_or_audit_metadata,false,key/text/metadata only,low,accepted,eligible_for_transform_registry,False,nan,False,nan,nan,False,nan,False,nan,True,False,blocked_or_metadata,no_alpha_action,0.2,blocked_not_search_input,not_suitable,not_formula_search_suitable,never_formula_search,False,False,False,False,True,False,False,metadata/time/future-label/text fields are not alpha formula inputs
global_field_route,cn_zzshare_advanced_field_probe_v1_20260602,uplimit_stocks,up_limit_desc,text_or_description,text_diagnostic,diagnostic_only,text fields require separate parser and timestamp proof,low,registered,nan,False,nan,False,nan,nan,False,nan,False,nan,True,False,blocked_or_metadata,no_alpha_action,0.2,blocked_not_search_input,not_suitable,not_formula_search_suitable,never_formula_search,False,False,False,False,True,False,False,metadata/time/future-label/text fields are not alpha formula inputs
global_field_route,cn_zzshare_moneyflow_probe_v1_20260602,uplimit_stocks_20260529,up_limit_desc,text_or_description,text_diagnostic,diagnostic_only,text fields require separate parser and timestamp proof,low,registered,nan,False,nan,False,nan,nan,False,nan,False,nan,True,False,blocked_or_metadata,no_alpha_action,0.2,blocked_not_search_input,not_suitable,not_formula_search_suitable,never_formula_search,False,False,False,False,True,False,False,metadata/time/future-label/text fields are not alpha formula inputs
global_field_route,cn_zzshare_uplimit_history_silver_v1_20260531,review_uplimit_reason,up_limit_desc,text_or_description,text_diagnostic,diagnostic_only,text fields require separate parser and timestamp proof,low,registered,nan,False,nan,False,nan,nan,False,nan,False,nan,True,False,blocked_or_metadata,no_alpha_action,0.2,blocked_not_search_input,not_suitable,not_formula_search_suitable,never_formula_search,False,False,False,False,True,False,False,metadata/time/future-label/text fields are not alpha formula inputs
new_data_asset_integration,limit_sentiment_canonical,uplimit_stock_event_day,up_limit_desc,text_or_description,join_or_audit_metadata,false,key/text/metadata only,low,accepted,eligible_for_transform_registry,False,nan,False,nan,nan,False,nan,False,nan,True,False,blocked_or_metadata,no_alpha_action,0.2,blocked_not_search_input,not_suitable,not_formula_search_suitable,never_formula_search,False,False,False,False,True,False,False,metadata/time/future-label/text fields are not alpha formula inputs
new_data_asset_integration,fundamental_pit_silver,fundamental_balance_long,NOTICE_DATE,time_key_or_cutoff,availability_key,false,controls availability/cutoff; not standalone alpha,low,accepted,eligible_for_transform_registry,False,nan,False,nan,nan,False,nan,False,nan,True,False,blocked_or_metadata,no_alpha_action,0.2,blocked_not_search_input,not_suitable,not_formula_search_suitable,never_formula_search,False,False,False,False,True,False,False,metadata/time/future-label/text fields are not alpha formula inputs
new_data_asset_integration,fundamental_pit_silver,fundamental_profit_long,NOTICE_DATE,time_key_or_cutoff,availability_key,false,controls availability/cutoff; not standalone alpha,low,accepted,eligible_for_transform_registry,False,nan,False,nan,nan,False,nan,False,nan,True,False,blocked_or_metadata,no_alpha_action,0.2,blocked_not_search_input,not_suitable,not_formula_search_suitable,never_formula_search,False,False,False,False,True,False,False,metadata/time/future-label/text fields are not alpha formula inputs
new_data_asset_integration,fundamental_pit_silver,fundamental_balance_long,REPORT_DATE,time_key_or_cutoff,availability_key,false,controls availability/cutoff; not standalone alpha,low,accepted,eligible_for_transform_registry,False,nan,False,nan,nan,False,nan,False,nan,True,False,blocked_or_metadata,no_alpha_action,0.2,blocked_not_search_input,not_suitable,not_formula_search_suitable,never_formula_search,False,False,False,False,True,False,False,metadata/time/future-label/text fields are not alpha formula inputs
new_data_asset_integration,fundamental_pit_silver,fundamental_profit_long,REPORT_DATE,time_key_or_cutoff,availability_key,false,controls availability/cutoff; not standalone alpha,low,accepted,eligible_for_transform_registry,False,nan,False,nan,nan,False,nan,False,nan,True,False,blocked_or_metadata,no_alpha_action,0.2,blocked_not_search_input,not_suitable,not_formula_search_suitable,never_formula_search,False,False,False,False,True,False,False,metadata/time/future-label/text fields are not alpha formula inputs
new_data_asset_integration,fundamental_pit_silver,fundamental_balance_long,REPORT_DATE_NAME,time_key_or_cutoff,availability_key,false,controls availability/cutoff; not standalone alpha,low,accepted,eligible_for_transform_registry,False,nan,False,nan,nan,False,nan,False,nan,True,False,blocked_or_metadata,no_alpha_action,0.2,blocked_not_search_input,not_suitable,not_formula_search_suitable,never_formula_search,False,False,False,False,True,False,False,metadata/time/future-label/text fields are not alpha formula inputs
new_data_asset_integration,fundamental_pit_silver,fundamental_profit_long,REPORT_DATE_NAME,time_key_or_cutoff,availability_key,false,controls availability/cutoff; not standalone alpha,low,accepted,eligible_for_transform_registry,False,nan,False,nan,nan,False,nan,False,nan,True,False,blocked_or_metadata,no_alpha_action,0.2,blocked_not_search_input,not_suitable,not_formula_search_suitable,never_formula_search,False,False,False,False,True,False,False,metadata/time/future-label/text fields are not alpha formula inputs
new_data_asset_integration,fundamental_pit_silver,fundamental_balance_long,UPDATE_DATE,time_key_or_cutoff,availability_key,false,controls availability/cutoff; not standalone alpha,low,accepted,eligible_for_transform_registry,False,nan,False,nan,nan,False,nan,False,nan,True,False,blocked_or_metadata,no_alpha_action,0.2,blocked_not_search_input,not_suitable,not_formula_search_suitable,never_formula_search,False,False,False,False,True,False,False,metadata/time/future-label/text fields are not alpha formula inputs
new_data_asset_integration,fundamental_pit_silver,fundamental_profit_long,UPDATE_DATE,time_key_or_cutoff,availability_key,false,controls availability/cutoff; not standalone alpha,low,accepted,eligible_for_transform_registry,False,nan,False,nan,nan,False,nan,False,nan,True,False,blocked_or_metadata,no_alpha_action,0.2,blocked_not_search_input,not_suitable,not_formula_search_suitable,never_formula_search,False,False,False,False,True,False,False,metadata/time/future-label/text fields are not alpha formula inputs
new_data_asset_integration,limit_sentiment_canonical,ths_hot_stock_day,collect_date,time_key_or_cutoff,availability_key,false,controls availability/cutoff; not standalone alpha,low,accepted,eligible_for_transform_registry,False,nan,False,nan,nan,False,nan,False,nan,True,False,blocked_or_metadata,no_alpha_action,0.2,blocked_not_search_input,not_suitable,not_formula_search_suitable,never_formula_search,False,False,False,False,True,False,False,metadata/time/future-label/text fields are not alpha formula inputs
new_data_asset_integration,limit_sentiment_canonical,open_sentiment_daily,date1,time_key_or_cutoff,availability_key,false,controls availability/cutoff; not standalone alpha,low,accepted,eligible_for_transform_registry,False,nan,False,nan,nan,False,nan,False,nan,True,False,blocked_or_metadata,no_alpha_action,0.2,blocked_not_search_input,not_suitable,not_formula_search_suitable,never_formula_search,False,False,False,False,True,False,False,metadata/time/future-label/text fields are not alpha formula inputs
new_data_asset_integration,limit_sentiment_canonical,uplimit_stock_event_day,date1,time_key_or_cutoff,availability_key,false,controls availability/cutoff; not standalone alpha,low,accepted,eligible_for_transform_registry,False,nan,False,nan,nan,False,nan,False,nan,True,False,blocked_or_metadata,no_alpha_action,0.2,blocked_not_search_input,not_suitable,not_formula_search_suitable,never_formula_search,False,False,False,False,True,False,False,metadata/time/future-label/text fields are not alpha formula inputs
new_data_asset_integration,limit_sentiment_canonical,open_sentiment_daily,download_time,time_key_or_cutoff,event_cutoff_key,false,controls availability/cutoff; not standalone alpha,low,accepted,eligible_for_transform_registry,False,nan,False,nan,nan,False,nan,False,nan,True,False,blocked_or_metadata,no_alpha_action,0.2,blocked_not_search_input,not_suitable,not_formula_search_suitable,never_formula_search,False,False,False,False,True,False,False,metadata/time/future-label/text fields are not alpha formula inputs
new_data_asset_integration,limit_sentiment_canonical,sentiment_hot_daily,download_time,time_key_or_cutoff,event_cutoff_key,false,controls availability/cutoff; not standalone alpha,low,accepted,eligible_for_transform_registry,False,nan,False,nan,nan,False,nan,False,nan,True,False,blocked_or_metadata,no_alpha_action,0.2,blocked_not_search_input,not_suitable,not_formula_search_suitable,never_formula_search,False,False,False,False,True,False,False,metadata/time/future-label/text fields are not alpha formula inputs
new_data_asset_integration,limit_sentiment_canonical,ths_hot_stock_day,download_time,time_key_or_cutoff,event_cutoff_key,false,controls availability/cutoff; not standalone alpha,low,accepted,eligible_for_transform_registry,False,nan,False,nan,nan,False,nan,False,nan,True,False,blocked_or_metadata,no_alpha_action,0.2,blocked_not_search_input,not_suitable,not_formula_search_suitable,never_formula_search,False,False,False,False,True,False,False,metadata/time/future-label/text fields are not alpha formula inputs
new_data_asset_integration,limit_sentiment_canonical,uplimit_stock_event_day,download_time,time_key_or_cutoff,event_cutoff_key,false,controls availability/cutoff; not standalone alpha,low,accepted,eligible_for_transform_registry,False,nan,False,nan,nan,False,nan,False,nan,True,False,blocked_or_metadata,no_alpha_action,0.2,blocked_not_search_input,not_suitable,not_formula_search_suitable,never_formula_search,False,False,False,False,True,False,False,metadata/time/future-label/text fields are not alpha formula inputs
new_data_asset_integration,fundamental_pit_silver,fundamental_balance_long,ingest_time_utc,time_key_or_cutoff,event_cutoff_key,false,controls availability/cutoff; not standalone alpha,low,accepted,eligible_for_transform_registry,False,nan,False,nan,nan,False,nan,False,nan,True,False,blocked_or_metadata,no_alpha_action,0.2,blocked_not_search_input,not_suitable,not_formula_search_suitable,never_formula_search,False,False,False,False,True,False,False,metadata/time/future-label/text fields are not alpha formula inputs
new_data_asset_integration,fundamental_pit_silver,fundamental_profit_long,ingest_time_utc,time_key_or_cutoff,event_cutoff_key,false,controls availability/cutoff; not standalone alpha,low,accepted,eligible_for_transform_registry,False,nan,False,nan,nan,False,nan,False,nan,True,False,blocked_or_metadata,no_alpha_action,0.2,blocked_not_search_input,not_suitable,not_formula_search_suitable,never_formula_search,False,False,False,False,True,False,False,metadata/time/future-label/text fields are not alpha formula inputs
new_data_asset_integration,limit_sentiment_canonical,uplimit_stock_event_day,raw_rows_per_code_date,time_key_or_cutoff,availability_key,false,controls availability/cutoff; not standalone alpha,low,accepted,eligible_for_transform_registry,False,nan,False,nan,nan,False,nan,False,nan,True,False,blocked_or_metadata,no_alpha_action,0.2,blocked_not_search_input,not_suitable,not_formula_search_suitable,never_formula_search,False,False,False,False,True,False,False,metadata/time/future-label/text fields are not alpha formula inputs
new_data_asset_integration,limit_sentiment_canonical,open_sentiment_daily,raw_rows_per_date,time_key_or_cutoff,availability_key,false,controls availability/cutoff; not standalone alpha,low,accepted,eligible_for_transform_registry,False,nan,False,nan,nan,False,nan,False,nan,True,False,blocked_or_metadata,no_alpha_action,0.2,blocked_not_search_input,not_suitable,not_formula_search_suitable,never_formula_search,False,False,False,False,True,False,False,metadata/time/future-label/text fields are not alpha formula inputs
new_data_asset_integration,limit_sentiment_canonical,sentiment_hot_daily,raw_rows_per_date,time_key_or_cutoff,availability_key,false,controls availability/cutoff; not standalone alpha,low,accepted,eligible_for_transform_registry,False,nan,False,nan,nan,False,nan,False,nan,True,False,blocked_or_metadata,no_alpha_action,0.2,blocked_not_search_input,not_suitable,not_formula_search_suitable,never_formula_search,False,False,False,False,True,False,False,metadata/time/future-label/text fields are not alpha formula inputs
new_data_asset_integration,limit_sentiment_canonical,open_sentiment_daily,request_date,time_key_or_cutoff,availability_key,false,controls availability/cutoff; not standalone alpha,low,accepted,eligible_for_transform_registry,False,nan,False,nan,nan,False,nan,False,nan,True,False,blocked_or_metadata,no_alpha_action,0.2,blocked_not_search_input,not_suitable,not_formula_search_suitable,never_formula_search,False,False,False,False,True,False,False,metadata/time/future-label/text fields are not alpha formula inputs
new_data_asset_integration,limit_sentiment_canonical,sentiment_hot_daily,request_date,time_key_or_cutoff,availability_key,false,controls availability/cutoff; not standalone alpha,low,accepted,eligible_for_transform_registry,False,nan,False,nan,nan,False,nan,False,nan,True,False,blocked_or_metadata,no_alpha_action,0.2,blocked_not_search_input,not_suitable,not_formula_search_suitable,never_formula_search,False,False,False,False,True,False,False,metadata/time/future-label/text fields are not alpha formula inputs
new_data_asset_integration,limit_sentiment_canonical,ths_hot_stock_day,request_date,time_key_or_cutoff,availability_key,false,controls availability/cutoff; not standalone alpha,low,accepted,eligible_for_transform_registry,False,nan,False,nan,nan,False,nan,False,nan,True,False,blocked_or_metadata,no_alpha_action,0.2,blocked_not_search_input,not_suitable,not_formula_search_suitable,never_formula_search,False,False,False,False,True,False,False,metadata/time/future-label/text fields are not alpha formula inputs
new_data_asset_integration,limit_sentiment_canonical,uplimit_stock_event_day,request_date,time_key_or_cutoff,availability_key,false,controls availability/cutoff; not standalone alpha,low,accepted,eligible_for_transform_registry,False,nan,False,nan,nan,False,nan,False,nan,True,False,blocked_or_metadata,no_alpha_action,0.2,blocked_not_search_input,not_suitable,not_formula_search_suitable,never_formula_search,False,False,False,False,True,False,False,metadata/time/future-label/text fields are not alpha formula inputs
new_data_asset_integration,limit_sentiment_canonical,uplimit_stock_event_day,up_limit_event_time,time_key_or_cutoff,event_cutoff_key,false,controls availability/cutoff; not standalone alpha,low,accepted,eligible_for_transform_registry,False,nan,False,nan,nan,False,nan,False,nan,True,False,blocked_or_metadata,no_alpha_action,0.2,blocked_not_search_input,not_suitable,not_formula_search_suitable,never_formula_search,False,False,False,False,True,False,False,metadata/time/future-label/text fields are not alpha formula inputs
new_data_asset_integration,limit_sentiment_canonical,uplimit_stock_event_day,up_limit_keep_times,time_key_or_cutoff,event_cutoff_key,false,controls availability/cutoff; not standalone alpha,low,accepted,eligible_for_transform_registry,True,ctx_aug_limit_up_keep_times_vendor|evt_limit_keep_times_max_by_0930|evt_limit_keep_times_max_by_0935|evt_limit_keep_times_max_by_1000|evt_limit_keep_times_max_by_1130|evt_limit_keep_times_max_by_1430,True,ctx_zls_evt_up_limit_keep_times_lag1|limit_up_keep_times_vendor,cn_event_factor_candidate_pack_v1_20260531.json|cn_research_factor_candidate_pack_v2_20260531.json|cn_zzshare_limit_sentiment_factor_candidate_pack_v1_20260602.json,True,ctx_zls_evt_up_limit_keep_times_lag1|evt_zls_up_limit_keep_times,False,nan,True,False,blocked_or_metadata,no_alpha_action,0.2,blocked_not_search_input,not_suitable,not_formula_search_suitable,never_formula_search,False,False,False,False,True,False,False,metadata/time/future-label/text fields are not alpha formula inputs
new_data_asset_integration,limit_sentiment_canonical,uplimit_stock_event_day,up_limit_time,time_key_or_cutoff,event_cutoff_key,false,controls availability/cutoff; not standalone alpha,low,accepted,eligible_for_transform_registry,False,nan,False,nan,nan,False,nan,False,nan,True,False,blocked_or_metadata,no_alpha_action,0.2,blocked_not_search_input,not_suitable,not_formula_search_suitable,never_formula_search,False,False,False,False,True,False,False,metadata/time/future-label/text fields are not alpha formula inputs
new_data_asset_integration,limit_sentiment_canonical,ths_hot_stock_day,update_time,time_key_or_cutoff,event_cutoff_key,false,controls availability/cutoff; not standalone alpha,low,accepted,eligible_for_transform_registry,False,nan,False,nan,nan,False,nan,False,nan,True,False,blocked_or_metadata,no_alpha_action,0.2,blocked_not_search_input,not_suitable,not_formula_search_suitable,never_formula_search,False,False,False,False,True,False,False,metadata/time/future-label/text fields are not alpha formula inputs
nonminute_system_integration,cn_public_xsection_no_kline_silver_v1_20260530\holder_num_detail\holder_num_detail.parquet,holder_num_detail,END_DATE,date_key,announcement_pit_context,false_key_only,"join by announcement/update date, not report end date alone",nan,registered,registered_pit_not_panelized,False,nan,False,nan,nan,False,nan,False,nan,True,False,blocked_or_metadata,no_alpha_action,0.0,blocked_not_search_input,not_suitable,not_formula_search_suitable,never_formula_search,False,False,False,False,True,False,False,metadata/time/future-label/text fields are not alpha formula inputs
nonminute_system_integration,cn_public_xsection_no_kline_silver_v1_20260530\holder_num_latest\holder_num_latest.parquet,holder_num_latest,END_DATE,date_key,announcement_pit_context,false_key_only,"join by announcement/update date, not report end date alone",nan,registered,registered_pit_not_panelized,False,nan,False,nan,nan,False,nan,False,nan,True,False,blocked_or_metadata,no_alpha_action,0.0,blocked_not_search_input,not_suitable,not_formula_search_suitable,never_formula_search,False,False,False,False,True,False,False,metadata/time/future-label/text fields are not alpha formula inputs
nonminute_system_integration,cn_public_xsection_no_kline_silver_v1_20260530\holder_num_detail\holder_num_detail.parquet,holder_num_detail,HOLD_NOTICE_DATE,date_key,announcement_pit_context,false_key_only,"join by announcement/update date, not report end date alone",nan,registered,registered_pit_not_panelized,False,nan,False,nan,nan,False,nan,False,nan,True,False,blocked_or_metadata,no_alpha_action,0.0,blocked_not_search_input,not_suitable,not_formula_search_suitable,never_formula_search,False,False,False,False,True,False,False,metadata/time/future-label/text fields are not alpha formula inputs
nonminute_system_integration,cn_public_xsection_no_kline_silver_v1_20260530\holder_num_latest\holder_num_latest.parquet,holder_num_latest,HOLD_NOTICE_DATE,date_key,announcement_pit_context,false_key_only,"join by announcement/update date, not report end date alone",nan,registered,registered_pit_not_panelized,False,nan,False,nan,nan,False,nan,False,nan,True,False,blocked_or_metadata,no_alpha_action,0.0,blocked_not_search_input,not_suitable,not_formula_search_suitable,never_formula_search,False,False,False,False,True,False,False,metadata/time/future-label/text fields are not alpha formula inputs
nonminute_system_integration,cn_public_xsection_no_kline_silver_v1_20260530\holder_num_detail\holder_num_detail.parquet,holder_num_detail,HOLD_N_DATE,date_key,announcement_pit_context,false_key_only,"join by announcement/update date, not report end date alone",nan,registered,registered_pit_not_panelized,False,nan,False,nan,nan,False,nan,False,nan,True,False,blocked_or_metadata,no_alpha_action,0.0,blocked_not_search_input,not_suitable,not_formula_search_suitable,never_formula_search,False,False,False,False,True,False,False,metadata/time/future-label/text fields are not alpha formula inputs
nonminute_system_integration,cn_public_xsection_no_kline_silver_v1_20260530\holder_num_latest\holder_num_latest.parquet,holder_num_latest,HOLD_N_DATE,date_key,announcement_pit_context,false_key_only,"join by announcement/update date, not report end date alone",nan,registered,registered_pit_not_panelized,False,nan,False,nan,nan,False,nan,False,nan,True,False,blocked_or_metadata,no_alpha_action,0.0,blocked_not_search_input,not_suitable,not_formula_search_suitable,never_formula_search,False,False,False,False,True,False,False,metadata/time/future-label/text fields are not alpha formula inputs
nonminute_system_integration,cn_fundamental_akshare_batch_v1_20260531\aggregated_v1\balance_sheet_report_em\balance_sheet_report_em.parquet,balance_sheet_report_em,NOTICE_DATE,date_key,announcement_pit_context,false_key_only,NOTICE_DATE governs availability; REPORT_DATE alone is not enough,nan,registered,registered_pit_not_panelized,False,nan,False,nan,nan,False,nan,False,nan,True,False,blocked_or_metadata,no_alpha_action,0.0,blocked_not_search_input,not_suitable,not_formula_search_suitable,never_formula_search,False,False,False,False,True,False,False,metadata/time/future-label/text fields are not alpha formula inputs
nonminute_system_integration,cn_fundamental_akshare_batch_v1_20260531\aggregated_v1\cash_flow_sheet_report_em\cash_flow_sheet_report_em.parquet,cash_flow_sheet_report_em,NOTICE_DATE,date_key,announcement_pit_context,false_key_only,NOTICE_DATE governs availability; REPORT_DATE alone is not enough,nan,registered,registered_pit_not_panelized,False,nan,False,nan,nan,False,nan,False,nan,True,False,blocked_or_metadata,no_alpha_action,0.0,blocked_not_search_input,not_suitable,not_formula_search_suitable,never_formula_search,False,False,False,False,True,False,False,metadata/time/future-label/text fields are not alpha formula inputs
nonminute_system_integration,cn_fundamental_akshare_batch_v1_20260531\aggregated_v1\profit_sheet_report_em\profit_sheet_report_em.parquet,profit_sheet_report_em,NOTICE_DATE,date_key,announcement_pit_context,false_key_only,NOTICE_DATE governs availability; REPORT_DATE alone is not enough,nan,registered,registered_pit_not_panelized,False,nan,False,nan,nan,False,nan,False,nan,True,False,blocked_or_metadata,no_alpha_action,0.0,blocked_not_search_input,not_suitable,not_formula_search_suitable,never_formula_search,False,False,False,False,True,False,False,metadata/time/future-label/text fields are not alpha formula inputs
nonminute_system_integration,cn_public_xsection_no_kline_silver_v1_20260530\stock_calendar\stock_calendar.parquet,stock_calendar,NOTICE_DATE,date_key,tradability_calendar_context,false_key_only,"tradability/universe metadata, not alpha signal unless separately proven",nan,registered,registered_not_panelized,False,nan,False,nan,nan,False,nan,False,nan,True,False,blocked_or_metadata,no_alpha_action,0.0,blocked_not_search_input,not_suitable,not_formula_search_suitable,never_formula_search,False,False,False,False,True,False,False,metadata/time/future-label/text fields are not alpha formula inputs
nonminute_system_integration,cn_public_xsection_no_kline_silver_v1_20260530\holder_num_detail\holder_num_detail.parquet,holder_num_detail,PRE_END_DATE,date_key,announcement_pit_context,false_key_only,"join by announcement/update date, not report end date alone",nan,registered,registered_pit_not_panelized,False,nan,False,nan,nan,False,nan,False,nan,True,False,blocked_or_metadata,no_alpha_action,0.0,blocked_not_search_input,not_suitable,not_formula_search_suitable,never_formula_search,False,False,False,False,True,False,False,metadata/time/future-label/text fields are not alpha formula inputs
nonminute_system_integration,cn_public_xsection_no_kline_silver_v1_20260530\holder_num_latest\holder_num_latest.parquet,holder_num_latest,PRE_END_DATE,date_key,announcement_pit_context,false_key_only,"join by announcement/update date, not report end date alone",nan,registered,registered_pit_not_panelized,False,nan,False,nan,nan,False,nan,False,nan,True,False,blocked_or_metadata,no_alpha_action,0.0,blocked_not_search_input,not_suitable,not_formula_search_suitable,never_formula_search,False,False,False,False,True,False,False,metadata/time/future-label/text fields are not alpha formula inputs
nonminute_system_integration,cn_public_xsection_no_kline_silver_v1_20260530\holder_num_detail\holder_num_detail.parquet,holder_num_detail,PRE_E_DATE,date_key,announcement_pit_context,false_key_only,"join by announcement/update date, not report end date alone",nan,registered,registered_pit_not_panelized,False,nan,False,nan,nan,False,nan,False,nan,True,False,blocked_or_metadata,no_alpha_action,0.0,blocked_not_search_input,not_suitable,not_formula_search_suitable,never_formula_search,False,False,False,False,True,False,False,metadata/time/future-label/text fields are not alpha formula inputs
nonminute_system_integration,cn_public_xsection_no_kline_silver_v1_20260530\holder_num_latest\holder_num_latest.parquet,holder_num_latest,PRE_E_DATE,date_key,announcement_pit_context,false_key_only,"join by announcement/update date, not report end date alone",nan,registered,registered_pit_not_panelized,False,nan,False,nan,nan,False,nan,False,nan,True,False,blocked_or_metadata,no_alpha_action,0.0,blocked_not_search_input,not_suitable,not_formula_search_suitable,never_formula_search,False,False,False,False,True,False,False,metadata/time/future-label/text fields are not alpha formula inputs
nonminute_system_integration,cn_fundamental_akshare_batch_v1_20260531\aggregated_v1\balance_sheet_report_em\balance_sheet_report_em.parquet,balance_sheet_report_em,REPORT_DATE,date_key,announcement_pit_context,false_key_only,NOTICE_DATE governs availability; REPORT_DATE alone is not enough,nan,registered,registered_pit_not_panelized,False,nan,False,nan,nan,False,nan,False,nan,True,False,blocked_or_metadata,no_alpha_action,0.0,blocked_not_search_input,not_suitable,not_formula_search_suitable,never_formula_search,False,False,False,False,True,False,False,metadata/time/future-label/text fields are not alpha formula inputs
nonminute_system_integration,cn_fundamental_akshare_batch_v1_20260531\aggregated_v1\cash_flow_sheet_report_em\cash_flow_sheet_report_em.parquet,cash_flow_sheet_report_em,REPORT_DATE,date_key,announcement_pit_context,false_key_only,NOTICE_DATE governs availability; REPORT_DATE alone is not enough,nan,registered,registered_pit_not_panelized,False,nan,False,nan,nan,False,nan,False,nan,True,False,blocked_or_metadata,no_alpha_action,0.0,blocked_not_search_input,not_suitable,not_formula_search_suitable,never_formula_search,False,False,False,False,True,False,False,metadata/time/future-label/text fields are not alpha formula inputs
nonminute_system_integration,cn_fundamental_akshare_batch_v1_20260531\aggregated_v1\profit_sheet_report_em\profit_sheet_report_em.parquet,profit_sheet_report_em,REPORT_DATE,date_key,announcement_pit_context,false_key_only,NOTICE_DATE governs availability; REPORT_DATE alone is not enough,nan,registered,registered_pit_not_panelized,False,nan,False,nan,nan,False,nan,False,nan,True,False,blocked_or_metadata,no_alpha_action,0.0,blocked_not_search_input,not_suitable,not_formula_search_suitable,never_formula_search,False,False,False,False,True,False,False,metadata/time/future-label/text fields are not alpha formula inputs
nonminute_system_integration,cn_fundamental_akshare_batch_v1_20260531\aggregated_v1\balance_sheet_report_em\balance_sheet_report_em.parquet,balance_sheet_report_em,REPORT_DATE_NAME,date_key,announcement_pit_context,false_key_only,NOTICE_DATE governs availability; REPORT_DATE alone is not enough,nan,registered,registered_pit_not_panelized,False,nan,False,nan,nan,False,nan,False,nan,True,False,blocked_or_metadata,no_alpha_action,0.0,blocked_not_search_input,not_suitable,not_formula_search_suitable,never_formula_search,False,False,False,False,True,False,False,metadata/time/future-label/text fields are not alpha formula inputs
nonminute_system_integration,cn_fundamental_akshare_batch_v1_20260531\aggregated_v1\cash_flow_sheet_report_em\cash_flow_sheet_report_em.parquet,cash_flow_sheet_report_em,REPORT_DATE_NAME,date_key,announcement_pit_context,false_key_only,NOTICE_DATE governs availability; REPORT_DATE alone is not enough,nan,registered,registered_pit_not_panelized,False,nan,False,nan,nan,False,nan,False,nan,True,False,blocked_or_metadata,no_alpha_action,0.0,blocked_not_search_input,not_suitable,not_formula_search_suitable,never_formula_search,False,False,False,False,True,False,False,metadata/time/future-label/text fields are not alpha formula inputs
nonminute_system_integration,cn_fundamental_akshare_batch_v1_20260531\aggregated_v1\profit_sheet_report_em\profit_sheet_report_em.parquet,profit_sheet_report_em,REPORT_DATE_NAME,date_key,announcement_pit_context,false_key_only,NOTICE_DATE governs availability; REPORT_DATE alone is not enough,nan,registered,registered_pit_not_panelized,False,nan,False,nan,nan,False,nan,False,nan,True,False,blocked_or_metadata,no_alpha_action,0.0,blocked_not_search_input,not_suitable,not_formula_search_suitable,never_formula_search,False,False,False,False,True,False,False,metadata/time/future-label/text fields are not alpha formula inputs
nonminute_system_integration,cn_public_xsection_no_kline_silver_v1_20260530\billboard_buy\billboard_buy.parquet,billboard_buy,TRADE_DATE,date_key,event_disclosure_context,false_key_only,cannot be used intraday on trade date by default,nan,registered,registered_diagnostic_not_panelized,False,nan,False,nan,nan,False,nan,False,nan,True,False,blocked_or_metadata,no_alpha_action,0.0,blocked_not_search_input,not_suitable,not_formula_search_suitable,never_formula_search,False,False,False,False,True,False,False,metadata/time/future-label/text fields are not alpha formula inputs
nonminute_system_integration,cn_public_xsection_no_kline_silver_v1_20260530\billboard_details\billboard_details.parquet,billboard_details,TRADE_DATE,date_key,event_disclosure_context,false_key_only,cannot be used intraday on trade date by default,nan,registered,registered_diagnostic_not_panelized,False,nan,False,nan,nan,False,nan,False,nan,True,False,blocked_or_metadata,no_alpha_action,0.0,blocked_not_search_input,not_suitable,not_formula_search_suitable,never_formula_search,False,False,False,False,True,False,False,metadata/time/future-label/text fields are not alpha formula inputs
nonminute_system_integration,cn_public_xsection_no_kline_silver_v1_20260530\billboard_sell\billboard_sell.parquet,billboard_sell,TRADE_DATE,date_key,event_disclosure_context,false_key_only,cannot be used intraday on trade date by default,nan,registered,registered_diagnostic_not_panelized,False,nan,False,nan,nan,False,nan,False,nan,True,False,blocked_or_metadata,no_alpha_action,0.0,blocked_not_search_input,not_suitable,not_formula_search_suitable,never_formula_search,False,False,False,False,True,False,False,metadata/time/future-label/text fields are not alpha formula inputs
nonminute_system_integration,cn_fundamental_akshare_batch_v1_20260531\aggregated_v1\balance_sheet_report_em\balance_sheet_report_em.parquet,balance_sheet_report_em,UPDATE_DATE,date_key,announcement_pit_context,false_key_only,NOTICE_DATE governs availability; REPORT_DATE alone is not enough,nan,registered,registered_pit_not_panelized,False,nan,False,nan,nan,False,nan,False,nan,True,False,blocked_or_metadata,no_alpha_action,0.0,blocked_not_search_input,not_suitable,not_formula_search_suitable,never_formula_search,False,False,False,False,True,False,False,metadata/time/future-label/text fields are not alpha formula inputs
nonminute_system_integration,cn_fundamental_akshare_batch_v1_20260531\aggregated_v1\cash_flow_sheet_report_em\cash_flow_sheet_report_em.parquet,cash_flow_sheet_report_em,UPDATE_DATE,date_key,announcement_pit_context,false_key_only,NOTICE_DATE governs availability; REPORT_DATE alone is not enough,nan,registered,registered_pit_not_panelized,False,nan,False,nan,nan,False,nan,False,nan,True,False,blocked_or_metadata,no_alpha_action,0.0,blocked_not_search_input,not_suitable,not_formula_search_suitable,never_formula_search,False,False,False,False,True,False,False,metadata/time/future-label/text fields are not alpha formula inputs
nonminute_system_integration,cn_fundamental_akshare_batch_v1_20260531\aggregated_v1\profit_sheet_report_em\profit_sheet_report_em.parquet,profit_sheet_report_em,UPDATE_DATE,date_key,announcement_pit_context,false_key_only,NOTICE_DATE governs availability; REPORT_DATE alone is not enough,nan,registered,registered_pit_not_panelized,False,nan,False,nan,nan,False,nan,False,nan,True,False,blocked_or_metadata,no_alpha_action,0.0,blocked_not_search_input,not_suitable,not_formula_search_suitable,never_formula_search,False,False,False,False,True,False,False,metadata/time/future-label/text fields are not alpha formula inputs
nonminute_system_integration,cn_public_rzrq_daily_silver_v1_20260530\rzrq_margin_xsection_daily.parquet,rzrq_margin_xsection_daily,_source_date,date_key,lagged_daily_context,false_key_only,same-day RZRQ forbidden; use prior available date,nan,registered,registered_lagged_not_panelized,False,nan,False,nan,nan,False,nan,False,nan,True,False,blocked_or_metadata,no_alpha_action,0.0,blocked_not_search_input,not_suitable,not_formula_search_suitable,never_formula_search,False,False,False,False,True,False,False,metadata/time/future-label/text fields are not alpha formula inputs
nonminute_system_integration,cn_zzshare_uplimit_history_silver_v1_20260531\review_uplimit_reason\review_uplimit_reason.parquet,review_uplimit_reason,date1,date_key,timestamped_stock_intraday_event,false_key_only,same-day use before event timestamp is leakage; reason text requires separate NLP contract,nan,registered,integrated_event_alignment_panel,False,nan,False,nan,nan,False,nan,False,nan,True,False,blocked_or_metadata,no_alpha_action,0.0,blocked_not_search_input,not_suitable,not_formula_search_suitable,never_formula_search,False,False,False,False,True,False,False,metadata/time/future-label/text fields are not alpha formula inputs
nonminute_system_integration,cn_local_minute_daily_silver_v1_20260531\hfq_daily_2024_2025\year=2024\part.parquet,year=2024,delist_date,date_key,lagged_daily_context,false_key_only,join on signal_date = prior trading day; same-day close/state fields forbidden for intraday decisions,nan,registered,registered_lagged_not_panelized,False,nan,False,nan,nan,False,nan,False,nan,True,False,blocked_or_metadata,no_alpha_action,0.0,blocked_not_search_input,not_suitable,not_formula_search_suitable,never_formula_search,False,False,False,False,True,False,False,metadata/time/future-label/text fields are not alpha formula inputs
nonminute_system_integration,cn_local_minute_daily_silver_v1_20260531\hfq_daily_2024_2025\year=2025\part.parquet,year=2025,delist_date,date_key,lagged_daily_context,false_key_only,join on signal_date = prior trading day; same-day close/state fields forbidden for intraday decisions,nan,registered,registered_lagged_not_panelized,False,nan,False,nan,nan,False,nan,False,nan,True,False,blocked_or_metadata,no_alpha_action,0.0,blocked_not_search_input,not_suitable,not_formula_search_suitable,never_formula_search,False,False,False,False,True,False,False,metadata/time/future-label/text fields are not alpha formula inputs
nonminute_system_integration,cn_local_minute_daily_silver_v1_20260531\hfq_daily_2026\hfq_daily_2026.parquet,hfq_daily_2026,delist_date,date_key,lagged_daily_context,false_key_only,join on signal_date = prior trading day; same-day close/state fields forbidden for intraday decisions,nan,registered,registered_lagged_not_panelized,False,nan,False,nan,nan,False,nan,False,nan,True,False,blocked_or_metadata,no_alpha_action,0.0,blocked_not_search_input,not_suitable,not_formula_search_suitable,never_formula_search,False,False,False,False,True,False,False,metadata/time/future-label/text fields are not alpha formula inputs
nonminute_system_integration,cn_local_minute_daily_silver_v1_20260531\hfq_daily_2024_2025\year=2024\part.parquet,year=2024,list_date,date_key,lagged_daily_context,false_key_only,join on signal_date = prior trading day; same-day close/state fields forbidden for intraday decisions,nan,registered,registered_lagged_not_panelized,False,nan,False,nan,nan,False,nan,False,nan,True,False,blocked_or_metadata,no_alpha_action,0.0,blocked_not_search_input,not_suitable,not_formula_search_suitable,never_formula_search,False,False,False,False,True,False,False,metadata/time/future-label/text fields are not alpha formula inputs
nonminute_system_integration,cn_local_minute_daily_silver_v1_20260531\hfq_daily_2024_2025\year=2025\part.parquet,year=2025,list_date,date_key,lagged_daily_context,false_key_only,join on signal_date = prior trading day; same-day close/state fields forbidden for intraday decisions,nan,registered,registered_lagged_not_panelized,False,nan,False,nan,nan,False,nan,False,nan,True,False,blocked_or_metadata,no_alpha_action,0.0,blocked_not_search_input,not_suitable,not_formula_search_suitable,never_formula_search,False,False,False,False,True,False,False,metadata/time/future-label/text fields are not alpha formula inputs
nonminute_system_integration,cn_local_minute_daily_silver_v1_20260531\hfq_daily_2026\hfq_daily_2026.parquet,hfq_daily_2026,list_date,date_key,lagged_daily_context,false_key_only,join on signal_date = prior trading day; same-day close/state fields forbidden for intraday decisions,nan,registered,registered_lagged_not_panelized,False,nan,False,nan,nan,False,nan,False,nan,True,False,blocked_or_metadata,no_alpha_action,0.0,blocked_not_search_input,not_suitable,not_formula_search_suitable,never_formula_search,False,False,False,False,True,False,False,metadata/time/future-label/text fields are not alpha formula inputs
nonminute_system_integration,cn_zzshare_uplimit_history_silver_v1_20260531\uplimit_trend\uplimit_trend.parquet,uplimit_trend,time,date_key,timestamped_market_intraday_event,false_key_only,market event state can gate only after row time; no later cutoff fields in earlier horizons,nan,registered,integrated_event_alignment_panel,True,ctx_aug_limit_up_keep_times_vendor|evt_limit_first_time_by_0930|evt_limit_first_time_by_0935|evt_limit_first_time_by_1000|evt_limit_first_time_by_1130|evt_limit_first_time_by_1430|evt_limit_keep_times_max_by_0930|evt_limit_keep_times_max_by_0935,True,ctx_zls_evt_up_limit_keep_times_lag1|limit_up_keep_times_vendor,cn_event_factor_candidate_pack_v1_20260531.json|cn_research_factor_candidate_pack_v2_20260531.json|cn_zzshare_limit_sentiment_factor_candidate_pack_v1_20260602.json,True,ctx_zls_evt_up_limit_keep_times_lag1|evt_zls_up_limit_keep_times,False,nan,True,False,blocked_or_metadata,no_alpha_action,0.0,blocked_not_search_input,not_suitable,not_formula_search_suitable,never_formula_search,False,False,False,False,True,False,False,metadata/time/future-label/text fields are not alpha formula inputs
global_field_route,cn_zzshare_advanced_field_probe_v1_20260602,uplimit_stocks,next_close_pct,future_label,blocked_future_label,blocked,never use as pre-replay selector input,blocked,registered,nan,False,nan,False,nan,nan,False,nan,False,nan,True,False,blocked_or_metadata,no_alpha_action,0.0,blocked_not_search_input,not_suitable,not_formula_search_suitable,never_formula_search,False,False,False,False,True,False,False,metadata/time/future-label/text fields are not alpha formula inputs
global_field_route,cn_zzshare_moneyflow_probe_v1_20260602,uplimit_stocks_20260529,next_close_pct,future_label,blocked_future_label,blocked,never use as pre-replay selector input,blocked,registered,nan,False,nan,False,nan,nan,False,nan,False,nan,True,False,blocked_or_metadata,no_alpha_action,0.0,blocked_not_search_input,not_suitable,not_formula_search_suitable,never_formula_search,False,False,False,False,True,False,False,metadata/time/future-label/text fields are not alpha formula inputs
new_data_asset_integration,advanced_zzshare_probe,uplimit_stocks,next_close_pct,future_label,blocked_future_label,false,future outcome field; never use pre-replay,blocked,probe_only,fix_or_silverize_before_selector,False,nan,False,nan,nan,False,nan,False,nan,True,False,blocked_or_metadata,no_alpha_action,0.0,blocked_not_search_input,not_suitable,not_formula_search_suitable,never_formula_search,False,False,False,False,True,False,False,metadata/time/future-label/text fields are not alpha formula inputs
global_field_route,cn_zzshare_advanced_field_probe_v1_20260602,uplimit_stocks,next_day,future_label,blocked_future_label,blocked,never use as pre-replay selector input,blocked,registered,nan,False,nan,False,nan,nan,False,nan,False,nan,True,False,blocked_or_metadata,no_alpha_action,0.0,blocked_not_search_input,not_suitable,not_formula_search_suitable,never_formula_search,False,False,False,False,True,False,False,metadata/time/future-label/text fields are not alpha formula inputs
global_field_route,cn_zzshare_moneyflow_probe_v1_20260602,uplimit_stocks_20260529,next_day,future_label,blocked_future_label,blocked,never use as pre-replay selector input,blocked,registered,nan,False,nan,False,nan,nan,False,nan,False,nan,True,False,blocked_or_metadata,no_alpha_action,0.0,blocked_not_search_input,not_suitable,not_formula_search_suitable,never_formula_search,False,False,False,False,True,False,False,metadata/time/future-label/text fields are not alpha formula inputs
new_data_asset_integration,advanced_zzshare_probe,uplimit_stocks,next_day,future_label,blocked_future_label,false,future outcome field; never use pre-replay,blocked,probe_only,fix_or_silverize_before_selector,False,nan,False,nan,nan,False,nan,False,nan,True,False,blocked_or_metadata,no_alpha_action,0.0,blocked_not_search_input,not_suitable,not_formula_search_suitable,never_formula_search,False,False,False,False,True,False,False,metadata/time/future-label/text fields are not alpha formula inputs
global_field_route,cn_zzshare_advanced_field_probe_v1_20260602,uplimit_stocks,next_gt9_offer_v,future_label,blocked_future_label,blocked,never use as pre-replay selector input,blocked,registered,nan,False,nan,False,nan,nan,False,nan,False,nan,True,False,blocked_or_metadata,no_alpha_action,0.0,blocked_not_search_input,not_suitable,not_formula_search_suitable,never_formula_search,False,False,False,False,True,False,False,metadata/time/future-label/text fields are not alpha formula inputs
global_field_route,cn_zzshare_moneyflow_probe_v1_20260602,uplimit_stocks_20260529,next_gt9_offer_v,future_label,blocked_future_label,blocked,never use as pre-replay selector input,blocked,registered,nan,False,nan,False,nan,nan,False,nan,False,nan,True,False,blocked_or_metadata,no_alpha_action,0.0,blocked_not_search_input,not_suitable,not_formula_search_suitable,never_formula_search,False,False,False,False,True,False,False,metadata/time/future-label/text fields are not alpha formula inputs
new_data_asset_integration,advanced_zzshare_probe,uplimit_stocks,next_gt9_offer_v,future_label,blocked_future_label,false,future outcome field; never use pre-replay,blocked,probe_only,fix_or_silverize_before_selector,False,nan,False,nan,nan,False,nan,False,nan,True,False,blocked_or_metadata,no_alpha_action,0.0,blocked_not_search_input,not_suitable,not_formula_search_suitable,never_formula_search,False,False,False,False,True,False,False,metadata/time/future-label/text fields are not alpha formula inputs
global_field_route,cn_zzshare_advanced_field_probe_v1_20260602,uplimit_stocks,next_gt9_time,future_label,blocked_future_label,blocked,never use as pre-replay selector input,blocked,registered,nan,False,nan,False,nan,nan,False,nan,False,nan,True,False,blocked_or_metadata,no_alpha_action,0.0,blocked_not_search_input,not_suitable,not_formula_search_suitable,never_formula_search,False,False,False,False,True,False,False,metadata/time/future-label/text fields are not alpha formula inputs
global_field_route,cn_zzshare_moneyflow_probe_v1_20260602,uplimit_stocks_20260529,next_gt9_time,future_label,blocked_future_label,blocked,never use as pre-replay selector input,blocked,registered,nan,False,nan,False,nan,nan,False,nan,False,nan,True,False,blocked_or_metadata,no_alpha_action,0.0,blocked_not_search_input,not_suitable,not_formula_search_suitable,never_formula_search,False,False,False,False,True,False,False,metadata/time/future-label/text fields are not alpha formula inputs
new_data_asset_integration,advanced_zzshare_probe,uplimit_stocks,next_gt9_time,future_label,blocked_future_label,false,future outcome field; never use pre-replay,blocked,probe_only,fix_or_silverize_before_selector,False,nan,False,nan,nan,False,nan,False,nan,True,False,blocked_or_metadata,no_alpha_action,0.0,blocked_not_search_input,not_suitable,not_formula_search_suitable,never_formula_search,False,False,False,False,True,False,False,metadata/time/future-label/text fields are not alpha formula inputs
global_field_route,cn_zzshare_advanced_field_probe_v1_20260602,uplimit_stocks,next_gt9_turnover,future_label,blocked_future_label,blocked,never use as pre-replay selector input,blocked,registered,nan,False,nan,False,nan,nan,False,nan,False,nan,True,False,blocked_or_metadata,no_alpha_action,0.0,blocked_not_search_input,not_suitable,not_formula_search_suitable,never_formula_search,False,False,False,False,True,False,False,metadata/time/future-label/text fields are not alpha formula inputs
global_field_route,cn_zzshare_moneyflow_probe_v1_20260602,uplimit_stocks_20260529,next_gt9_turnover,future_label,blocked_future_label,blocked,never use as pre-replay selector input,blocked,registered,nan,False,nan,False,nan,nan,False,nan,False,nan,True,False,blocked_or_metadata,no_alpha_action,0.0,blocked_not_search_input,not_suitable,not_formula_search_suitable,never_formula_search,False,False,False,False,True,False,False,metadata/time/future-label/text fields are not alpha formula inputs
new_data_asset_integration,advanced_zzshare_probe,uplimit_stocks,next_gt9_turnover,future_label,blocked_future_label,false,future outcome field; never use pre-replay,blocked,probe_only,fix_or_silverize_before_selector,False,nan,False,nan,nan,False,nan,False,nan,True,False,blocked_or_metadata,no_alpha_action,0.0,blocked_not_search_input,not_suitable,not_formula_search_suitable,never_formula_search,False,False,False,False,True,False,False,metadata/time/future-label/text fields are not alpha formula inputs
global_field_route,cn_zzshare_advanced_field_probe_v1_20260602,uplimit_stocks,next_open_pct,future_label,blocked_future_label,blocked,never use as pre-replay selector input,blocked,registered,nan,False,nan,False,nan,nan,False,nan,False,nan,True,False,blocked_or_metadata,no_alpha_action,0.0,blocked_not_search_input,not_suitable,not_formula_search_suitable,never_formula_search,False,False,False,False,True,False,False,metadata/time/future-label/text fields are not alpha formula inputs
global_field_route,cn_zzshare_moneyflow_probe_v1_20260602,uplimit_stocks_20260529,next_open_pct,future_label,blocked_future_label,blocked,never use as pre-replay selector input,blocked,registered,nan,False,nan,False,nan,nan,False,nan,False,nan,True,False,blocked_or_metadata,no_alpha_action,0.0,blocked_not_search_input,not_suitable,not_formula_search_suitable,never_formula_search,False,False,False,False,True,False,False,metadata/time/future-label/text fields are not alpha formula inputs
new_data_asset_integration,advanced_zzshare_probe,uplimit_stocks,next_open_pct,future_label,blocked_future_label,false,future outcome field; never use pre-replay,blocked,probe_only,fix_or_silverize_before_selector,False,nan,False,nan,nan,False,nan,False,nan,True,False,blocked_or_metadata,no_alpha_action,0.0,blocked_not_search_input,not_suitable,not_formula_search_suitable,never_formula_search,False,False,False,False,True,False,False,metadata/time/future-label/text fields are not alpha formula inputs
global_field_route,cn_zzshare_advanced_field_probe_v1_20260602,uplimit_stocks,next_open_yi,future_label,blocked_future_label,blocked,never use as pre-replay selector input,blocked,registered,nan,False,nan,False,nan,nan,False,nan,False,nan,True,False,blocked_or_metadata,no_alpha_action,0.0,blocked_not_search_input,not_suitable,not_formula_search_suitable,never_formula_search,False,False,False,False,True,False,False,metadata/time/future-label/text fields are not alpha formula inputs
global_field_route,cn_zzshare_moneyflow_probe_v1_20260602,uplimit_stocks_20260529,next_open_yi,future_label,blocked_future_label,blocked,never use as pre-replay selector input,blocked,registered,nan,False,nan,False,nan,nan,False,nan,False,nan,True,False,blocked_or_metadata,no_alpha_action,0.0,blocked_not_search_input,not_suitable,not_formula_search_suitable,never_formula_search,False,False,False,False,True,False,False,metadata/time/future-label/text fields are not alpha formula inputs
new_data_asset_integration,advanced_zzshare_probe,uplimit_stocks,next_open_yi,future_label,blocked_future_label,false,future outcome field; never use pre-replay,blocked,probe_only,fix_or_silverize_before_selector,False,nan,False,nan,nan,False,nan,False,nan,True,False,blocked_or_metadata,no_alpha_action,0.0,blocked_not_search_input,not_suitable,not_formula_search_suitable,never_formula_search,False,False,False,False,True,False,False,metadata/time/future-label/text fields are not alpha formula inputs
global_field_route,cn_public_xsection_no_kline_silver_v1_20260530,rzrq_margin_xsection,SCODE,instrument_key,join_key,not_alpha_feature,"controls join/availability, not standalone alpha",blocked,registered,nan,False,nan,False,nan,nan,False,nan,False,nan,True,False,blocked_or_metadata,no_alpha_action,0.0,blocked_not_search_input,not_suitable,not_formula_search_suitable,never_formula_search,False,False,False,False,True,False,False,metadata/time/future-label/text fields are not alpha formula inputs
nonminute_system_integration,cn_public_rzrq_daily_silver_v1_20260530\rzrq_margin_xsection_daily.parquet,rzrq_margin_xsection_daily,SCODE,instrument_key,lagged_daily_context,false_key_only,same-day RZRQ forbidden; use prior available date,nan,registered,registered_lagged_not_panelized,False,nan,False,nan,nan,False,nan,False,nan,True,False,blocked_or_metadata,no_alpha_action,0.0,blocked_not_search_input,not_suitable,not_formula_search_suitable,never_formula_search,False,False,False,False,True,False,False,metadata/time/future-label/text fields are not alpha formula inputs
nonminute_system_integration,cn_public_rzrq_monthly_silver_v1_20260530\rzrq_margin_xsection_monthly.parquet,rzrq_margin_xsection_monthly,SCODE,instrument_key,lagged_daily_context,false_key_only,same-day RZRQ forbidden; use prior available date,nan,registered,registered_lagged_not_panelized,False,nan,False,nan,nan,False,nan,False,nan,True,False,blocked_or_metadata,no_alpha_action,0.0,blocked_not_search_input,not_suitable,not_formula_search_suitable,never_formula_search,False,False,False,False,True,False,False,metadata/time/future-label/text fields are not alpha formula inputs
nonminute_system_integration,cn_public_xsection_no_kline_silver_v1_20260530\rzrq_margin_xsection\rzrq_margin_xsection.parquet,rzrq_margin_xsection,SCODE,instrument_key,lagged_daily_context,false_key_only,same-day RZRQ forbidden; use prior available date,nan,registered,registered_lagged_not_panelized,False,nan,False,nan,nan,False,nan,False,nan,True,False,blocked_or_metadata,no_alpha_action,0.0,blocked_not_search_input,not_suitable,not_formula_search_suitable,never_formula_search,False,False,False,False,True,False,False,metadata/time/future-label/text fields are not alpha formula inputs
global_field_route,cn_fundamental_akshare_batch_v1_20260531\aggregated_v1,balance_sheet_report_em,SECUCODE,instrument_key,join_key,not_alpha_feature,"controls join/availability, not standalone alpha",blocked,registered,nan,False,nan,False,nan,nan,False,nan,False,nan,True,False,blocked_or_metadata,no_alpha_action,0.0,blocked_not_search_input,not_suitable,not_formula_search_suitable,never_formula_search,False,False,False,False,True,False,False,metadata/time/future-label/text fields are not alpha formula inputs
global_field_route,cn_fundamental_akshare_batch_v1_20260531\aggregated_v1,cash_flow_sheet_report_em,SECUCODE,instrument_key,join_key,not_alpha_feature,"controls join/availability, not standalone alpha",blocked,registered,nan,False,nan,False,nan,nan,False,nan,False,nan,True,False,blocked_or_metadata,no_alpha_action,0.0,blocked_not_search_input,not_suitable,not_formula_search_suitable,never_formula_search,False,False,False,False,True,False,False,metadata/time/future-label/text fields are not alpha formula inputs
global_field_route,cn_fundamental_akshare_batch_v1_20260531\aggregated_v1,profit_sheet_report_em,SECUCODE,instrument_key,join_key,not_alpha_feature,"controls join/availability, not standalone alpha",blocked,registered,nan,False,nan,False,nan,nan,False,nan,False,nan,True,False,blocked_or_metadata,no_alpha_action,0.0,blocked_not_search_input,not_suitable,not_formula_search_suitable,never_formula_search,False,False,False,False,True,False,False,metadata/time/future-label/text fields are not alpha formula inputs
global_field_route,cn_public_xsection_no_kline_silver_v1_20260530,billboard_buy,SECUCODE,instrument_key,join_key,not_alpha_feature,"controls join/availability, not standalone alpha",blocked,registered,nan,False,nan,False,nan,nan,False,nan,False,nan,True,False,blocked_or_metadata,no_alpha_action,0.0,blocked_not_search_input,not_suitable,not_formula_search_suitable,never_formula_search,False,False,False,False,True,False,False,metadata/time/future-label/text fields are not alpha formula inputs
global_field_route,cn_public_xsection_no_kline_silver_v1_20260530,billboard_details,SECUCODE,instrument_key,join_key,not_alpha_feature,"controls join/availability, not standalone alpha",blocked,registered,nan,False,nan,False,nan,nan,False,nan,False,nan,True,False,blocked_or_metadata,no_alpha_action,0.0,blocked_not_search_input,not_suitable,not_formula_search_suitable,never_formula_search,False,False,False,False,True,False,False,metadata/time/future-label/text fields are not alpha formula inputs
global_field_route,cn_public_xsection_no_kline_silver_v1_20260530,billboard_sell,SECUCODE,instrument_key,join_key,not_alpha_feature,"controls join/availability, not standalone alpha",blocked,registered,nan,False,nan,False,nan,nan,False,nan,False,nan,True,False,blocked_or_metadata,no_alpha_action,0.0,blocked_not_search_input,not_suitable,not_formula_search_suitable,never_formula_search,False,False,False,False,True,False,False,metadata/time/future-label/text fields are not alpha formula inputs
global_field_route,cn_public_xsection_no_kline_silver_v1_20260530,holder_num_detail,SECUCODE,instrument_key,join_key,not_alpha_feature,"controls join/availability, not standalone alpha",blocked,registered,nan,False,nan,False,nan,nan,False,nan,False,nan,True,False,blocked_or_metadata,no_alpha_action,0.0,blocked_not_search_input,not_suitable,not_formula_search_suitable,never_formula_search,False,False,False,False,True,False,False,metadata/time/future-label/text fields are not alpha formula inputs
global_field_route,cn_public_xsection_no_kline_silver_v1_20260530,holder_num_latest,SECUCODE,instrument_key,join_key,not_alpha_feature,"controls join/availability, not standalone alpha",blocked,registered,nan,False,nan,False,nan,nan,False,nan,False,nan,True,False,blocked_or_metadata,no_alpha_action,0.0,blocked_not_search_input,not_suitable,not_formula_search_suitable,never_formula_search,False,False,False,False,True,False,False,metadata/time/future-label/text fields are not alpha formula inputs
global_field_route,cn_public_xsection_no_kline_silver_v1_20260530,rzrq_margin_xsection,SECUCODE,instrument_key,join_key,not_alpha_feature,"controls join/availability, not standalone alpha",blocked,registered,nan,False,nan,False,nan,nan,False,nan,False,nan,True,False,blocked_or_metadata,no_alpha_action,0.0,blocked_not_search_input,not_suitable,not_formula_search_suitable,never_formula_search,False,False,False,False,True,False,False,metadata/time/future-label/text fields are not alpha formula inputs
global_field_route,cn_public_xsection_no_kline_silver_v1_20260530,stock_calendar,SECUCODE,instrument_key,join_key,not_alpha_feature,"controls join/availability, not standalone alpha",blocked,registered,nan,False,nan,False,nan,nan,False,nan,False,nan,True,False,blocked_or_metadata,no_alpha_action,0.0,blocked_not_search_input,not_suitable,not_formula_search_suitable,never_formula_search,False,False,False,False,True,False,False,metadata/time/future-label/text fields are not alpha formula inputs
nonminute_system_integration,cn_fundamental_akshare_batch_v1_20260531\aggregated_v1\balance_sheet_report_em\balance_sheet_report_em.parquet,balance_sheet_report_em,SECUCODE,instrument_key,announcement_pit_context,false_key_only,NOTICE_DATE governs availability; REPORT_DATE alone is not enough,nan,registered,registered_pit_not_panelized,False,nan,False,nan,nan,False,nan,False,nan,True,False,blocked_or_metadata,no_alpha_action,0.0,blocked_not_search_input,not_suitable,not_formula_search_suitable,never_formula_search,False,False,False,False,True,False,False,metadata/time/future-label/text fields are not alpha formula inputs
nonminute_system_integration,cn_fundamental_akshare_batch_v1_20260531\aggregated_v1\cash_flow_sheet_report_em\cash_flow_sheet_report_em.parquet,cash_flow_sheet_report_em,SECUCODE,instrument_key,announcement_pit_context,false_key_only,NOTICE_DATE governs availability; REPORT_DATE alone is not enough,nan,registered,registered_pit_not_panelized,False,nan,False,nan,nan,False,nan,False,nan,True,False,blocked_or_metadata,no_alpha_action,0.0,blocked_not_search_input,not_suitable,not_formula_search_suitable,never_formula_search,False,False,False,False,True,False,False,metadata/time/future-label/text fields are not alpha formula inputs
nonminute_system_integration,cn_fundamental_akshare_batch_v1_20260531\aggregated_v1\profit_sheet_report_em\profit_sheet_report_em.parquet,profit_sheet_report_em,SECUCODE,instrument_key,announcement_pit_context,false_key_only,NOTICE_DATE governs availability; REPORT_DATE alone is not enough,nan,registered,registered_pit_not_panelized,False,nan,False,nan,nan,False,nan,False,nan,True,False,blocked_or_metadata,no_alpha_action,0.0,blocked_not_search_input,not_suitable,not_formula_search_suitable,never_formula_search,False,False,False,False,True,False,False,metadata/time/future-label/text fields are not alpha formula inputs
nonminute_system_integration,cn_public_rzrq_daily_silver_v1_20260530\rzrq_margin_xsection_daily.parquet,rzrq_margin_xsection_daily,SECUCODE,instrument_key,lagged_daily_context,false_key_only,same-day RZRQ forbidden; use prior available date,nan,registered,registered_lagged_not_panelized,False,nan,False,nan,nan,False,nan,False,nan,True,False,blocked_or_metadata,no_alpha_action,0.0,blocked_not_search_input,not_suitable,not_formula_search_suitable,never_formula_search,False,False,False,False,True,False,False,metadata/time/future-label/text fields are not alpha formula inputs
nonminute_system_integration,cn_public_rzrq_monthly_silver_v1_20260530\rzrq_margin_xsection_monthly.parquet,rzrq_margin_xsection_monthly,SECUCODE,instrument_key,lagged_daily_context,false_key_only,same-day RZRQ forbidden; use prior available date,nan,registered,registered_lagged_not_panelized,False,nan,False,nan,nan,False,nan,False,nan,True,False,blocked_or_metadata,no_alpha_action,0.0,blocked_not_search_input,not_suitable,not_formula_search_suitable,never_formula_search,False,False,False,False,True,False,False,metadata/time/future-label/text fields are not alpha formula inputs
nonminute_system_integration,cn_public_xsection_no_kline_silver_v1_20260530\billboard_buy\billboard_buy.parquet,billboard_buy,SECUCODE,instrument_key,event_disclosure_context,false_key_only,cannot be used intraday on trade date by default,nan,registered,registered_diagnostic_not_panelized,False,nan,False,nan,nan,False,nan,False,nan,True,False,blocked_or_metadata,no_alpha_action,0.0,blocked_not_search_input,not_suitable,not_formula_search_suitable,never_formula_search,False,False,False,False,True,False,False,metadata/time/future-label/text fields are not alpha formula inputs
nonminute_system_integration,cn_public_xsection_no_kline_silver_v1_20260530\billboard_details\billboard_details.parquet,billboard_details,SECUCODE,instrument_key,event_disclosure_context,false_key_only,cannot be used intraday on trade date by default,nan,registered,registered_diagnostic_not_panelized,False,nan,False,nan,nan,False,nan,False,nan,True,False,blocked_or_metadata,no_alpha_action,0.0,blocked_not_search_input,not_suitable,not_formula_search_suitable,never_formula_search,False,False,False,False,True,False,False,metadata/time/future-label/text fields are not alpha formula inputs
nonminute_system_integration,cn_public_xsection_no_kline_silver_v1_20260530\billboard_sell\billboard_sell.parquet,billboard_sell,SECUCODE,instrument_key,event_disclosure_context,false_key_only,cannot be used intraday on trade date by default,nan,registered,registered_diagnostic_not_panelized,False,nan,False,nan,nan,False,nan,False,nan,True,False,blocked_or_metadata,no_alpha_action,0.0,blocked_not_search_input,not_suitable,not_formula_search_suitable,never_formula_search,False,False,False,False,True,False,False,metadata/time/future-label/text fields are not alpha formula inputs
nonminute_system_integration,cn_public_xsection_no_kline_silver_v1_20260530\holder_num_detail\holder_num_detail.parquet,holder_num_detail,SECUCODE,instrument_key,announcement_pit_context,false_key_only,"join by announcement/update date, not report end date alone",nan,registered,registered_pit_not_panelized,False,nan,False,nan,nan,False,nan,False,nan,True,False,blocked_or_metadata,no_alpha_action,0.0,blocked_not_search_input,not_suitable,not_formula_search_suitable,never_formula_search,False,False,False,False,True,False,False,metadata/time/future-label/text fields are not alpha formula inputs
nonminute_system_integration,cn_public_xsection_no_kline_silver_v1_20260530\holder_num_latest\holder_num_latest.parquet,holder_num_latest,SECUCODE,instrument_key,announcement_pit_context,false_key_only,"join by announcement/update date, not report end date alone",nan,registered,registered_pit_not_panelized,False,nan,False,nan,nan,False,nan,False,nan,True,False,blocked_or_metadata,no_alpha_action,0.0,blocked_not_search_input,not_suitable,not_formula_search_suitable,never_formula_search,False,False,False,False,True,False,False,metadata/time/future-label/text fields are not alpha formula inputs
nonminute_system_integration,cn_public_xsection_no_kline_silver_v1_20260530\rzrq_margin_xsection\rzrq_margin_xsection.parquet,rzrq_margin_xsection,SECUCODE,instrument_key,lagged_daily_context,false_key_only,same-day RZRQ forbidden; use prior available date,nan,registered,registered_lagged_not_panelized,False,nan,False,nan,nan,False,nan,False,nan,True,False,blocked_or_metadata,no_alpha_action,0.0,blocked_not_search_input,not_suitable,not_formula_search_suitable,never_formula_search,False,False,False,False,True,False,False,metadata/time/future-label/text fields are not alpha formula inputs
nonminute_system_integration,cn_public_xsection_no_kline_silver_v1_20260530\stock_calendar\stock_calendar.parquet,stock_calendar,SECUCODE,instrument_key,tradability_calendar_context,false_key_only,"tradability/universe metadata, not alpha signal unless separately proven",nan,registered,registered_not_panelized,False,nan,False,nan,nan,False,nan,False,nan,True,False,blocked_or_metadata,no_alpha_action,0.0,blocked_not_search_input,not_suitable,not_formula_search_suitable,never_formula_search,False,False,False,False,True,False,False,metadata/time/future-label/text fields are not alpha formula inputs
global_field_route,cn_fundamental_akshare_batch_v1_20260531\aggregated_v1,balance_sheet_report_em,SECURITY_CODE,instrument_key,join_key,not_alpha_feature,"controls join/availability, not standalone alpha",blocked,registered,nan,False,nan,False,nan,nan,False,nan,False,nan,True,False,blocked_or_metadata,no_alpha_action,0.0,blocked_not_search_input,not_suitable,not_formula_search_suitable,never_formula_search,False,False,False,False,True,False,False,metadata/time/future-label/text fields are not alpha formula inputs
global_field_route,cn_fundamental_akshare_batch_v1_20260531\aggregated_v1,cash_flow_sheet_report_em,SECURITY_CODE,instrument_key,join_key,not_alpha_feature,"controls join/availability, not standalone alpha",blocked,registered,nan,False,nan,False,nan,nan,False,nan,False,nan,True,False,blocked_or_metadata,no_alpha_action,0.0,blocked_not_search_input,not_suitable,not_formula_search_suitable,never_formula_search,False,False,False,False,True,False,False,metadata/time/future-label/text fields are not alpha formula inputs
global_field_route,cn_fundamental_akshare_batch_v1_20260531\aggregated_v1,profit_sheet_report_em,SECURITY_CODE,instrument_key,join_key,not_alpha_feature,"controls join/availability, not standalone alpha",blocked,registered,nan,False,nan,False,nan,nan,False,nan,False,nan,True,False,blocked_or_metadata,no_alpha_action,0.0,blocked_not_search_input,not_suitable,not_formula_search_suitable,never_formula_search,False,False,False,False,True,False,False,metadata/time/future-label/text fields are not alpha formula inputs
global_field_route,cn_public_xsection_no_kline_silver_v1_20260530,billboard_buy,SECURITY_CODE,instrument_key,join_key,not_alpha_feature,"controls join/availability, not standalone alpha",blocked,registered,nan,False,nan,False,nan,nan,False,nan,False,nan,True,False,blocked_or_metadata,no_alpha_action,0.0,blocked_not_search_input,not_suitable,not_formula_search_suitable,never_formula_search,False,False,False,False,True,False,False,metadata/time/future-label/text fields are not alpha formula inputs
global_field_route,cn_public_xsection_no_kline_silver_v1_20260530,billboard_details,SECURITY_CODE,instrument_key,join_key,not_alpha_feature,"controls join/availability, not standalone alpha",blocked,registered,nan,False,nan,False,nan,nan,False,nan,False,nan,True,False,blocked_or_metadata,no_alpha_action,0.0,blocked_not_search_input,not_suitable,not_formula_search_suitable,never_formula_search,False,False,False,False,True,False,False,metadata/time/future-label/text fields are not alpha formula inputs
global_field_route,cn_public_xsection_no_kline_silver_v1_20260530,billboard_sell,SECURITY_CODE,instrument_key,join_key,not_alpha_feature,"controls join/availability, not standalone alpha",blocked,registered,nan,False,nan,False,nan,nan,False,nan,False,nan,True,False,blocked_or_metadata,no_alpha_action,0.0,blocked_not_search_input,not_suitable,not_formula_search_suitable,never_formula_search,False,False,False,False,True,False,False,metadata/time/future-label/text fields are not alpha formula inputs
global_field_route,cn_public_xsection_no_kline_silver_v1_20260530,holder_num_detail,SECURITY_CODE,instrument_key,join_key,not_alpha_feature,"controls join/availability, not standalone alpha",blocked,registered,nan,False,nan,False,nan,nan,False,nan,False,nan,True,False,blocked_or_metadata,no_alpha_action,0.0,blocked_not_search_input,not_suitable,not_formula_search_suitable,never_formula_search,False,False,False,False,True,False,False,metadata/time/future-label/text fields are not alpha formula inputs
global_field_route,cn_public_xsection_no_kline_silver_v1_20260530,holder_num_latest,SECURITY_CODE,instrument_key,join_key,not_alpha_feature,"controls join/availability, not standalone alpha",blocked,registered,nan,False,nan,False,nan,nan,False,nan,False,nan,True,False,blocked_or_metadata,no_alpha_action,0.0,blocked_not_search_input,not_suitable,not_formula_search_suitable,never_formula_search,False,False,False,False,True,False,False,metadata/time/future-label/text fields are not alpha formula inputs
global_field_route,cn_public_xsection_no_kline_silver_v1_20260530,stock_calendar,SECURITY_CODE,instrument_key,join_key,not_alpha_feature,"controls join/availability, not standalone alpha",blocked,registered,nan,False,nan,False,nan,nan,False,nan,False,nan,True,False,blocked_or_metadata,no_alpha_action,0.0,blocked_not_search_input,not_suitable,not_formula_search_suitable,never_formula_search,False,False,False,False,True,False,False,metadata/time/future-label/text fields are not alpha formula inputs
nonminute_system_integration,cn_fundamental_akshare_batch_v1_20260531\aggregated_v1\balance_sheet_report_em\balance_sheet_report_em.parquet,balance_sheet_report_em,SECURITY_CODE,instrument_key,announcement_pit_context,false_key_only,NOTICE_DATE governs availability; REPORT_DATE alone is not enough,nan,registered,registered_pit_not_panelized,False,nan,False,nan,nan,False,nan,False,nan,True,False,blocked_or_metadata,no_alpha_action,0.0,blocked_not_search_input,not_suitable,not_formula_search_suitable,never_formula_search,False,False,False,False,True,False,False,metadata/time/future-label/text fields are not alpha formula inputs
nonminute_system_integration,cn_fundamental_akshare_batch_v1_20260531\aggregated_v1\cash_flow_sheet_report_em\cash_flow_sheet_report_em.parquet,cash_flow_sheet_report_em,SECURITY_CODE,instrument_key,announcement_pit_context,false_key_only,NOTICE_DATE governs availability; REPORT_DATE alone is not enough,nan,registered,registered_pit_not_panelized,False,nan,False,nan,nan,False,nan,False,nan,True,False,blocked_or_metadata,no_alpha_action,0.0,blocked_not_search_input,not_suitable,not_formula_search_suitable,never_formula_search,False,False,False,False,True,False,False,metadata/time/future-label/text fields are not alpha formula inputs
nonminute_system_integration,cn_fundamental_akshare_batch_v1_20260531\aggregated_v1\profit_sheet_report_em\profit_sheet_report_em.parquet,profit_sheet_report_em,SECURITY_CODE,instrument_key,announcement_pit_context,false_key_only,NOTICE_DATE governs availability; REPORT_DATE alone is not enough,nan,registered,registered_pit_not_panelized,False,nan,False,nan,nan,False,nan,False,nan,True,False,blocked_or_metadata,no_alpha_action,0.0,blocked_not_search_input,not_suitable,not_formula_search_suitable,never_formula_search,False,False,False,False,True,False,False,metadata/time/future-label/text fields are not alpha formula inputs
nonminute_system_integration,cn_public_xsection_no_kline_silver_v1_20260530\billboard_buy\billboard_buy.parquet,billboard_buy,SECURITY_CODE,instrument_key,event_disclosure_context,false_key_only,cannot be used intraday on trade date by default,nan,registered,registered_diagnostic_not_panelized,False,nan,False,nan,nan,False,nan,False,nan,True,False,blocked_or_metadata,no_alpha_action,0.0,blocked_not_search_input,not_suitable,not_formula_search_suitable,never_formula_search,False,False,False,False,True,False,False,metadata/time/future-label/text fields are not alpha formula inputs
nonminute_system_integration,cn_public_xsection_no_kline_silver_v1_20260530\billboard_details\billboard_details.parquet,billboard_details,SECURITY_CODE,instrument_key,event_disclosure_context,false_key_only,cannot be used intraday on trade date by default,nan,registered,registered_diagnostic_not_panelized,False,nan,False,nan,nan,False,nan,False,nan,True,False,blocked_or_metadata,no_alpha_action,0.0,blocked_not_search_input,not_suitable,not_formula_search_suitable,never_formula_search,False,False,False,False,True,False,False,metadata/time/future-label/text fields are not alpha formula inputs
nonminute_system_integration,cn_public_xsection_no_kline_silver_v1_20260530\billboard_sell\billboard_sell.parquet,billboard_sell,SECURITY_CODE,instrument_key,event_disclosure_context,false_key_only,cannot be used intraday on trade date by default,nan,registered,registered_diagnostic_not_panelized,False,nan,False,nan,nan,False,nan,False,nan,True,False,blocked_or_metadata,no_alpha_action,0.0,blocked_not_search_input,not_suitable,not_formula_search_suitable,never_formula_search,False,False,False,False,True,False,False,metadata/time/future-label/text fields are not alpha formula inputs
nonminute_system_integration,cn_public_xsection_no_kline_silver_v1_20260530\holder_num_detail\holder_num_detail.parquet,holder_num_detail,SECURITY_CODE,instrument_key,announcement_pit_context,false_key_only,"join by announcement/update date, not report end date alone",nan,registered,registered_pit_not_panelized,False,nan,False,nan,nan,False,nan,False,nan,True,False,blocked_or_metadata,no_alpha_action,0.0,blocked_not_search_input,not_suitable,not_formula_search_suitable,never_formula_search,False,False,False,False,True,False,False,metadata/time/future-label/text fields are not alpha formula inputs
nonminute_system_integration,cn_public_xsection_no_kline_silver_v1_20260530\holder_num_latest\holder_num_latest.parquet,holder_num_latest,SECURITY_CODE,instrument_key,announcement_pit_context,false_key_only,"join by announcement/update date, not report end date alone",nan,registered,registered_pit_not_panelized,False,nan,False,nan,nan,False,nan,False,nan,True,False,blocked_or_metadata,no_alpha_action,0.0,blocked_not_search_input,not_suitable,not_formula_search_suitable,never_formula_search,False,False,False,False,True,False,False,metadata/time/future-label/text fields are not alpha formula inputs
nonminute_system_integration,cn_public_xsection_no_kline_silver_v1_20260530\stock_calendar\stock_calendar.parquet,stock_calendar,SECURITY_CODE,instrument_key,tradability_calendar_context,false_key_only,"tradability/universe metadata, not alpha signal unless separately proven",nan,registered,registered_not_panelized,False,nan,False,nan,nan,False,nan,False,nan,True,False,blocked_or_metadata,no_alpha_action,0.0,blocked_not_search_input,not_suitable,not_formula_search_suitable,never_formula_search,False,False,False,False,True,False,False,metadata/time/future-label/text fields are not alpha formula inputs
global_field_route,cn_fundamental_akshare_batch_v1_20260531\aggregated_v1,balance_sheet_report_em,source_code6,instrument_key,join_key,not_alpha_feature,"controls join/availability, not standalone alpha",blocked,registered,nan,False,nan,False,nan,nan,False,nan,False,nan,True,False,blocked_or_metadata,no_alpha_action,0.0,blocked_not_search_input,not_suitable,not_formula_search_suitable,never_formula_search,False,False,False,False,True,False,False,metadata/time/future-label/text fields are not alpha formula inputs
global_field_route,cn_fundamental_akshare_batch_v1_20260531\aggregated_v1,cash_flow_sheet_report_em,source_code6,instrument_key,join_key,not_alpha_feature,"controls join/availability, not standalone alpha",blocked,registered,nan,False,nan,False,nan,nan,False,nan,False,nan,True,False,blocked_or_metadata,no_alpha_action,0.0,blocked_not_search_input,not_suitable,not_formula_search_suitable,never_formula_search,False,False,False,False,True,False,False,metadata/time/future-label/text fields are not alpha formula inputs
global_field_route,cn_fundamental_akshare_batch_v1_20260531\aggregated_v1,circulate_stock_holder_sina,source_code6,instrument_key,join_key,not_alpha_feature,"controls join/availability, not standalone alpha",blocked,registered,nan,False,nan,False,nan,nan,False,nan,False,nan,True,False,blocked_or_metadata,no_alpha_action,0.0,blocked_not_search_input,not_suitable,not_formula_search_suitable,never_formula_search,False,False,False,False,True,False,False,metadata/time/future-label/text fields are not alpha formula inputs
global_field_route,cn_fundamental_akshare_batch_v1_20260531\aggregated_v1,dividend_cninfo,source_code6,instrument_key,join_key,not_alpha_feature,"controls join/availability, not standalone alpha",blocked,registered,nan,False,nan,False,nan,nan,False,nan,False,nan,True,False,blocked_or_metadata,no_alpha_action,0.0,blocked_not_search_input,not_suitable,not_formula_search_suitable,never_formula_search,False,False,False,False,True,False,False,metadata/time/future-label/text fields are not alpha formula inputs
global_field_route,cn_fundamental_akshare_batch_v1_20260531\aggregated_v1,financial_analysis_indicator_sina,source_code6,instrument_key,join_key,not_alpha_feature,"controls join/availability, not standalone alpha",blocked,registered,nan,False,nan,False,nan,nan,False,nan,False,nan,True,False,blocked_or_metadata,no_alpha_action,0.0,blocked_not_search_input,not_suitable,not_formula_search_suitable,never_formula_search,False,False,False,False,True,False,False,metadata/time/future-label/text fields are not alpha formula inputs
global_field_route,cn_fundamental_akshare_batch_v1_20260531\aggregated_v1,main_stock_holder_sina,source_code6,instrument_key,join_key,not_alpha_feature,"controls join/availability, not standalone alpha",blocked,registered,nan,False,nan,False,nan,nan,False,nan,False,nan,True,False,blocked_or_metadata,no_alpha_action,0.0,blocked_not_search_input,not_suitable,not_formula_search_suitable,never_formula_search,False,False,False,False,True,False,False,metadata/time/future-label/text fields are not alpha formula inputs
global_field_route,cn_fundamental_akshare_batch_v1_20260531\aggregated_v1,profit_sheet_report_em,source_code6,instrument_key,join_key,not_alpha_feature,"controls join/availability, not standalone alpha",blocked,registered,nan,False,nan,False,nan,nan,False,nan,False,nan,True,False,blocked_or_metadata,no_alpha_action,0.0,blocked_not_search_input,not_suitable,not_formula_search_suitable,never_formula_search,False,False,False,False,True,False,False,metadata/time/future-label/text fields are not alpha formula inputs
global_field_route,cn_fundamental_akshare_batch_v1_20260531\aggregated_v1,share_change_cninfo,source_code6,instrument_key,join_key,not_alpha_feature,"controls join/availability, not standalone alpha",blocked,registered,nan,False,nan,False,nan,nan,False,nan,False,nan,True,False,blocked_or_metadata,no_alpha_action,0.0,blocked_not_search_input,not_suitable,not_formula_search_suitable,never_formula_search,False,False,False,False,True,False,False,metadata/time/future-label/text fields are not alpha formula inputs
global_field_route,cn_fundamental_akshare_batch_v1_20260531\aggregated_v1,zygc_em,source_code6,instrument_key,join_key,not_alpha_feature,"controls join/availability, not standalone alpha",blocked,registered,nan,False,nan,False,nan,nan,False,nan,False,nan,True,False,blocked_or_metadata,no_alpha_action,0.0,blocked_not_search_input,not_suitable,not_formula_search_suitable,never_formula_search,False,False,False,False,True,False,False,metadata/time/future-label/text fields are not alpha formula inputs
nonminute_system_integration,cn_fundamental_akshare_batch_v1_20260531\aggregated_v1\balance_sheet_report_em\balance_sheet_report_em.parquet,balance_sheet_report_em,source_code6,instrument_key,announcement_pit_context,false_key_only,NOTICE_DATE governs availability; REPORT_DATE alone is not enough,nan,registered,registered_pit_not_panelized,False,nan,False,nan,nan,False,nan,False,nan,True,False,blocked_or_metadata,no_alpha_action,0.0,blocked_not_search_input,not_suitable,not_formula_search_suitable,never_formula_search,False,False,False,False,True,False,False,metadata/time/future-label/text fields are not alpha formula inputs
nonminute_system_integration,cn_fundamental_akshare_batch_v1_20260531\aggregated_v1\cash_flow_sheet_report_em\cash_flow_sheet_report_em.parquet,cash_flow_sheet_report_em,source_code6,instrument_key,announcement_pit_context,false_key_only,NOTICE_DATE governs availability; REPORT_DATE alone is not enough,nan,registered,registered_pit_not_panelized,False,nan,False,nan,nan,False,nan,False,nan,True,False,blocked_or_metadata,no_alpha_action,0.0,blocked_not_search_input,not_suitable,not_formula_search_suitable,never_formula_search,False,False,False,False,True,False,False,metadata/time/future-label/text fields are not alpha formula inputs
nonminute_system_integration,cn_fundamental_akshare_batch_v1_20260531\aggregated_v1\circulate_stock_holder_sina\circulate_stock_holder_sina.parquet,circulate_stock_holder_sina,source_code6,instrument_key,announcement_pit_context,false_key_only,NOTICE_DATE governs availability; REPORT_DATE alone is not enough,nan,registered,registered_pit_not_panelized,False,nan,False,nan,nan,False,nan,False,nan,True,False,blocked_or_metadata,no_alpha_action,0.0,blocked_not_search_input,not_suitable,not_formula_search_suitable,never_formula_search,False,False,False,False,True,False,False,metadata/time/future-label/text fields are not alpha formula inputs
nonminute_system_integration,cn_fundamental_akshare_batch_v1_20260531\aggregated_v1\dividend_cninfo\dividend_cninfo.parquet,dividend_cninfo,source_code6,instrument_key,announcement_pit_context,false_key_only,corporate action dates need notice/ex-date separation,nan,registered,registered_pit_not_panelized,False,nan,False,nan,nan,False,nan,False,nan,True,False,blocked_or_metadata,no_alpha_action,0.0,blocked_not_search_input,not_suitable,not_formula_search_suitable,never_formula_search,False,False,False,False,True,False,False,metadata/time/future-label/text fields are not alpha formula inputs
nonminute_system_integration,cn_fundamental_akshare_batch_v1_20260531\aggregated_v1\financial_analysis_indicator_sina\financial_analysis_indicator_sina.parquet,financial_analysis_indicator_sina,source_code6,instrument_key,announcement_pit_context,false_key_only,NOTICE_DATE governs availability; REPORT_DATE alone is not enough,nan,registered,registered_pit_not_panelized,False,nan,False,nan,nan,False,nan,False,nan,True,False,blocked_or_metadata,no_alpha_action,0.0,blocked_not_search_input,not_suitable,not_formula_search_suitable,never_formula_search,False,False,False,False,True,False,False,metadata/time/future-label/text fields are not alpha formula inputs
nonminute_system_integration,cn_fundamental_akshare_batch_v1_20260531\aggregated_v1\main_stock_holder_sina\main_stock_holder_sina.parquet,main_stock_holder_sina,source_code6,instrument_key,announcement_pit_context,false_key_only,NOTICE_DATE governs availability; REPORT_DATE alone is not enough,nan,registered,registered_pit_not_panelized,False,nan,False,nan,nan,False,nan,False,nan,True,False,blocked_or_metadata,no_alpha_action,0.0,blocked_not_search_input,not_suitable,not_formula_search_suitable,never_formula_search,False,False,False,False,True,False,False,metadata/time/future-label/text fields are not alpha formula inputs
nonminute_system_integration,cn_fundamental_akshare_batch_v1_20260531\aggregated_v1\profit_sheet_report_em\profit_sheet_report_em.parquet,profit_sheet_report_em,source_code6,instrument_key,announcement_pit_context,false_key_only,NOTICE_DATE governs availability; REPORT_DATE alone is not enough,nan,registered,registered_pit_not_panelized,False,nan,False,nan,nan,False,nan,False,nan,True,False,blocked_or_metadata,no_alpha_action,0.0,blocked_not_search_input,not_suitable,not_formula_search_suitable,never_formula_search,False,False,False,False,True,False,False,metadata/time/future-label/text fields are not alpha formula inputs
nonminute_system_integration,cn_fundamental_akshare_batch_v1_20260531\aggregated_v1\share_change_cninfo\share_change_cninfo.parquet,share_change_cninfo,source_code6,instrument_key,announcement_pit_context,false_key_only,corporate action dates need notice/ex-date separation,nan,registered,registered_pit_not_panelized,False,nan,False,nan,nan,False,nan,False,nan,True,False,blocked_or_metadata,no_alpha_action,0.0,blocked_not_search_input,not_suitable,not_formula_search_suitable,never_formula_search,False,False,False,False,True,False,False,metadata/time/future-label/text fields are not alpha formula inputs
nonminute_system_integration,cn_fundamental_akshare_batch_v1_20260531\aggregated_v1\zygc_em\zygc_em.parquet,zygc_em,source_code6,instrument_key,announcement_pit_context,false_key_only,NOTICE_DATE governs availability; REPORT_DATE alone is not enough,nan,registered,registered_pit_not_panelized,False,nan,False,nan,nan,False,nan,False,nan,True,False,blocked_or_metadata,no_alpha_action,0.0,blocked_not_search_input,not_suitable,not_formula_search_suitable,never_formula_search,False,False,False,False,True,False,False,metadata/time/future-label/text fields are not alpha formula inputs
global_field_route,cn_zzshare_advanced_field_probe_v1_20260602,market_plate_stocks_pt17_801031_20260529,stock_code,instrument_key,join_key,not_alpha_feature,"controls join/availability, not standalone alpha",blocked,registered,nan,False,nan,False,nan,nan,False,nan,False,nan,True,False,blocked_or_metadata,no_alpha_action,0.0,blocked_not_search_input,not_suitable,not_formula_search_suitable,never_formula_search,False,False,False,False,True,False,False,metadata/time/future-label/text fields are not alpha formula inputs
global_field_route,cn_zzshare_advanced_field_probe_v1_20260602,market_plate_stocks_pt17_801062_20260529,stock_code,instrument_key,join_key,not_alpha_feature,"controls join/availability, not standalone alpha",blocked,registered,nan,False,nan,False,nan,nan,False,nan,False,nan,True,False,blocked_or_metadata,no_alpha_action,0.0,blocked_not_search_input,not_suitable,not_formula_search_suitable,never_formula_search,False,False,False,False,True,False,False,metadata/time/future-label/text fields are not alpha formula inputs
global_field_route,cn_zzshare_advanced_field_probe_v1_20260602,uplimit_stocks,stock_code,instrument_key,join_key,not_alpha_feature,"controls join/availability, not standalone alpha",blocked,registered,nan,False,nan,False,nan,nan,False,nan,False,nan,True,False,blocked_or_metadata,no_alpha_action,0.0,blocked_not_search_input,not_suitable,not_formula_search_suitable,never_formula_search,False,False,False,False,True,False,False,metadata/time/future-label/text fields are not alpha formula inputs
global_field_route,cn_zzshare_moneyflow_probe_v1_20260602,uplimit_stocks_20260529,stock_code,instrument_key,join_key,not_alpha_feature,"controls join/availability, not standalone alpha",blocked,registered,nan,False,nan,False,nan,nan,False,nan,False,nan,True,False,blocked_or_metadata,no_alpha_action,0.0,blocked_not_search_input,not_suitable,not_formula_search_suitable,never_formula_search,False,False,False,False,True,False,False,metadata/time/future-label/text fields are not alpha formula inputs
global_field_route,cn_zzshare_uplimit_history_silver_v1_20260531,review_uplimit_reason,stock_code,instrument_key,join_key,not_alpha_feature,"controls join/availability, not standalone alpha",blocked,registered,nan,False,nan,False,nan,nan,False,nan,False,nan,True,False,blocked_or_metadata,no_alpha_action,0.0,blocked_not_search_input,not_suitable,not_formula_search_suitable,never_formula_search,False,False,False,False,True,False,False,metadata/time/future-label/text fields are not alpha formula inputs
global_field_route,cn_zzshare_uplimit_history_silver_v1_20260531,review_uplimit_reason_open,stock_code,instrument_key,join_key,not_alpha_feature,"controls join/availability, not standalone alpha",blocked,registered,nan,False,nan,False,nan,nan,False,nan,False,nan,True,False,blocked_or_metadata,no_alpha_action,0.0,blocked_not_search_input,not_suitable,not_formula_search_suitable,never_formula_search,False,False,False,False,True,False,False,metadata/time/future-label/text fields are not alpha formula inputs
new_data_asset_integration,advanced_zzshare_probe,market_plate_stocks_pt17_801031_20260529,stock_code,instrument_key,join_or_audit_metadata,false,key/text/metadata only,blocked,probe_only,fix_or_silverize_before_selector,False,nan,False,nan,nan,False,nan,False,nan,True,False,blocked_or_metadata,no_alpha_action,0.0,blocked_not_search_input,not_suitable,not_formula_search_suitable,never_formula_search,False,False,False,False,True,False,False,metadata/time/future-label/text fields are not alpha formula inputs
new_data_asset_integration,advanced_zzshare_probe,market_plate_stocks_pt17_801062_20260529,stock_code,instrument_key,join_or_audit_metadata,false,key/text/metadata only,blocked,probe_only,fix_or_silverize_before_selector,False,nan,False,nan,nan,False,nan,False,nan,True,False,blocked_or_metadata,no_alpha_action,0.0,blocked_not_search_input,not_suitable,not_formula_search_suitable,never_formula_search,False,False,False,False,True,False,False,metadata/time/future-label/text fields are not alpha formula inputs
new_data_asset_integration,advanced_zzshare_probe,uplimit_stocks,stock_code,instrument_key,join_or_audit_metadata,false,key/text/metadata only,blocked,probe_only,fix_or_silverize_before_selector,False,nan,False,nan,nan,False,nan,False,nan,True,False,blocked_or_metadata,no_alpha_action,0.0,blocked_not_search_input,not_suitable,not_formula_search_suitable,never_formula_search,False,False,False,False,True,False,False,metadata/time/future-label/text fields are not alpha formula inputs
nonminute_system_integration,cn_zzshare_uplimit_history_silver_v1_20260531\review_uplimit_reason\review_uplimit_reason.parquet,review_uplimit_reason,stock_code,instrument_key,timestamped_stock_intraday_event,false_key_only,same-day use before event timestamp is leakage; reason text requires separate NLP contract,nan,registered,integrated_event_alignment_panel,False,nan,False,nan,nan,False,nan,False,nan,True,False,blocked_or_metadata,no_alpha_action,0.0,blocked_not_search_input,not_suitable,not_formula_search_suitable,never_formula_search,False,False,False,False,True,False,False,metadata/time/future-label/text fields are not alpha formula inputs
nonminute_system_integration,cn_zzshare_uplimit_history_silver_v1_20260531\review_uplimit_reason_open\review_uplimit_reason_open.parquet,review_uplimit_reason_open,stock_code,instrument_key,manual_contract_required,false_key_only,manual review required,nan,registered,blocked_manual_contract,False,nan,False,nan,nan,False,nan,False,nan,True,False,blocked_or_metadata,no_alpha_action,0.0,blocked_not_search_input,not_suitable,not_formula_search_suitable,never_formula_search,False,False,False,False,True,False,False,metadata/time/future-label/text fields are not alpha formula inputs
global_field_route,cn_local_minute_daily_silver_v1_20260531,hfq_daily_2026,_source_encoding,metadata,metadata,not_alpha_feature,metadata is not alpha input,blocked,registered,nan,False,nan,False,nan,nan,False,nan,False,nan,True,False,blocked_or_metadata,no_alpha_action,0.0,blocked_not_search_input,not_suitable,not_formula_search_suitable,never_formula_search,False,False,False,False,True,False,False,metadata/time/future-label/text fields are not alpha formula inputs
global_field_route,cn_fundamental_akshare_batch_v1_20260531\aggregated_v1,balance_sheet_report_em,_source_file,metadata,metadata,not_alpha_feature,metadata is not alpha input,blocked,registered,nan,False,nan,False,nan,nan,False,nan,False,nan,True,False,blocked_or_metadata,no_alpha_action,0.0,blocked_not_search_input,not_suitable,not_formula_search_suitable,never_formula_search,False,False,False,False,True,False,False,metadata/time/future-label/text fields are not alpha formula inputs
global_field_route,cn_fundamental_akshare_batch_v1_20260531\aggregated_v1,cash_flow_sheet_report_em,_source_file,metadata,metadata,not_alpha_feature,metadata is not alpha input,blocked,registered,nan,False,nan,False,nan,nan,False,nan,False,nan,True,False,blocked_or_metadata,no_alpha_action,0.0,blocked_not_search_input,not_suitable,not_formula_search_suitable,never_formula_search,False,False,False,False,True,False,False,metadata/time/future-label/text fields are not alpha formula inputs
global_field_route,cn_fundamental_akshare_batch_v1_20260531\aggregated_v1,circulate_stock_holder_sina,_source_file,metadata,metadata,not_alpha_feature,metadata is not alpha input,blocked,registered,nan,False,nan,False,nan,nan,False,nan,False,nan,True,False,blocked_or_metadata,no_alpha_action,0.0,blocked_not_search_input,not_suitable,not_formula_search_suitable,never_formula_search,False,False,False,False,True,False,False,metadata/time/future-label/text fields are not alpha formula inputs
global_field_route,cn_fundamental_akshare_batch_v1_20260531\aggregated_v1,dividend_cninfo,_source_file,metadata,metadata,not_alpha_feature,metadata is not alpha input,blocked,registered,nan,False,nan,False,nan,nan,False,nan,False,nan,True,False,blocked_or_metadata,no_alpha_action,0.0,blocked_not_search_input,not_suitable,not_formula_search_suitable,never_formula_search,False,False,False,False,True,False,False,metadata/time/future-label/text fields are not alpha formula inputs
global_field_route,cn_fundamental_akshare_batch_v1_20260531\aggregated_v1,financial_analysis_indicator_sina,_source_file,metadata,metadata,not_alpha_feature,metadata is not alpha input,blocked,registered,nan,False,nan,False,nan,nan,False,nan,False,nan,True,False,blocked_or_metadata,no_alpha_action,0.0,blocked_not_search_input,not_suitable,not_formula_search_suitable,never_formula_search,False,False,False,False,True,False,False,metadata/time/future-label/text fields are not alpha formula inputs
global_field_route,cn_fundamental_akshare_batch_v1_20260531\aggregated_v1,main_stock_holder_sina,_source_file,metadata,metadata,not_alpha_feature,metadata is not alpha input,blocked,registered,nan,False,nan,False,nan,nan,False,nan,False,nan,True,False,blocked_or_metadata,no_alpha_action,0.0,blocked_not_search_input,not_suitable,not_formula_search_suitable,never_formula_search,False,False,False,False,True,False,False,metadata/time/future-label/text fields are not alpha formula inputs
global_field_route,cn_fundamental_akshare_batch_v1_20260531\aggregated_v1,profit_sheet_report_em,_source_file,metadata,metadata,not_alpha_feature,metadata is not alpha input,blocked,registered,nan,False,nan,False,nan,nan,False,nan,False,nan,True,False,blocked_or_metadata,no_alpha_action,0.0,blocked_not_search_input,not_suitable,not_formula_search_suitable,never_formula_search,False,False,False,False,True,False,False,metadata/time/future-label/text fields are not alpha formula inputs
global_field_route,cn_fundamental_akshare_batch_v1_20260531\aggregated_v1,share_change_cninfo,_source_file,metadata,metadata,not_alpha_feature,metadata is not alpha input,blocked,registered,nan,False,nan,False,nan,nan,False,nan,False,nan,True,False,blocked_or_metadata,no_alpha_action,0.0,blocked_not_search_input,not_suitable,not_formula_search_suitable,never_formula_search,False,False,False,False,True,False,False,metadata/time/future-label/text fields are not alpha formula inputs
global_field_route,cn_fundamental_akshare_batch_v1_20260531\aggregated_v1,zygc_em,_source_file,metadata,metadata,not_alpha_feature,metadata is not alpha input,blocked,registered,nan,False,nan,False,nan,nan,False,nan,False,nan,True,False,blocked_or_metadata,no_alpha_action,0.0,blocked_not_search_input,not_suitable,not_formula_search_suitable,never_formula_search,False,False,False,False,True,False,False,metadata/time/future-label/text fields are not alpha formula inputs
