candidate_id,expression_hash,expression,factor_lane,source_lane,source_generator,fields,fields_list,max_window,ast_skeleton,ast_operator_sequence,ast_operator_multiset,ast_root_operator,ast_depth,ast_depth_bin,ast_operator_count,ast_operator_count_bin,ast_field_count,ast_field_count_bin,ast_window_count,ast_window_count_bin,ast_max_window,ast_max_window_bin,ast_complexity,ast_complexity_bin,search_memory_key,policy_score,expected_direction,x0_r3_role,note,cem_prior_score
phase3bt_00001,c4b961b5fee67547ee7ddc07,"CSRank(Sub(ZScore(Delta($intraday_ret_from_open,30)),ZScore(Std($ret_1m,30))))",rx_interaction::rx_intraday_return::rx_volatility_state::spread,phase3bt_ast_fresh_preserving_hybrid,phase3bt_ast_fresh_preserving_hybrid,intraday_ret_from_open|ret_1m,"['intraday_ret_from_open', 'ret_1m']",30,"CSRank(Sub(ZScore(Delta($F,N)),ZScore(Std($F,N))))",CSRank>Sub>ZScore>Delta>ZScore>Std,CSRank:1|Delta:1|Std:1|Sub:1|ZScore:2,CSRank,4,depth_le_4,6,opcount_le_6,2,fieldcount_le_2,1,wincount_le_1,30,maxwin_le_30,9,complexity_le_10,phase3bp:c4b961b5fee67547ee7ddc07,0.28585049,1,read_only_research_candidate,phase3bt_ast_fresh_preserving_hybrid: hybrid arm from phase3bp_true1min_rx_ucb_native: rx interaction intraday_delta_30 x ret_vol_30 spread,
phase3bt_00002,bdf0eefd1e26111cd740438c,"CSRank(Sub(ZScore(Delta($intraday_ret_from_open,10)),ZScore(Std($ret_1m,20))))",rx_interaction::rx_intraday_return::rx_volatility_state::spread,phase3bt_ast_fresh_preserving_hybrid,phase3bt_ast_fresh_preserving_hybrid,intraday_ret_from_open|ret_1m,"['intraday_ret_from_open', 'ret_1m']",20,"CSRank(Sub(ZScore(Delta($F,N)),ZScore(Std($F,N))))",CSRank>Sub>ZScore>Delta>ZScore>Std,CSRank:1|Delta:1|Std:1|Sub:1|ZScore:2,CSRank,4,depth_le_4,6,opcount_le_6,2,fieldcount_le_2,2,wincount_le_2,20,maxwin_le_30,10,complexity_le_10,phase3bp:bdf0eefd1e26111cd740438c,0.28343405,1,read_only_research_candidate,phase3bt_ast_fresh_preserving_hybrid: hybrid arm from phase3bp_true1min_rx_ucb_native: rx interaction intraday_delta_10 x ret_vol_20 spread,
phase3bt_00003,9b3be2368e2a2cbd78cae0b3,"CSRank(Sub(ZScore(Delta($intraday_ret_from_open,20)),ZScore(Std($ret_1m,10))))",rx_interaction::rx_intraday_return::rx_volatility_state::spread,phase3bt_ast_fresh_preserving_hybrid,phase3bt_ast_fresh_preserving_hybrid,intraday_ret_from_open|ret_1m,"['intraday_ret_from_open', 'ret_1m']",20,"CSRank(Sub(ZScore(Delta($F,N)),ZScore(Std($F,N))))",CSRank>Sub>ZScore>Delta>ZScore>Std,CSRank:1|Delta:1|Std:1|Sub:1|ZScore:2,CSRank,4,depth_le_4,6,opcount_le_6,2,fieldcount_le_2,2,wincount_le_2,20,maxwin_le_30,10,complexity_le_10,phase3bp:9b3be2368e2a2cbd78cae0b3,0.28343405,1,read_only_research_candidate,phase3bt_ast_fresh_preserving_hybrid: hybrid arm from phase3bp_true1min_rx_ucb_native: rx interaction intraday_delta_20 x ret_vol_10 spread,
phase3bt_00004,faa207751f0e7edddf858747,"CSRank(Sub(ZScore(Delta($intraday_ret_from_open,15)),ZScore(Std($ret_1m,20))))",rx_interaction::rx_intraday_return::rx_volatility_state::spread,phase3bt_ast_fresh_preserving_hybrid,phase3bt_ast_fresh_preserving_hybrid,intraday_ret_from_open|ret_1m,"['intraday_ret_from_open', 'ret_1m']",20,"CSRank(Sub(ZScore(Delta($F,N)),ZScore(Std($F,N))))",CSRank>Sub>ZScore>Delta>ZScore>Std,CSRank:1|Delta:1|Std:1|Sub:1|ZScore:2,CSRank,4,depth_le_4,6,opcount_le_6,2,fieldcount_le_2,2,wincount_le_2,20,maxwin_le_30,10,complexity_le_10,phase3bp:faa207751f0e7edddf858747,0.28341873,1,read_only_research_candidate,phase3bt_ast_fresh_preserving_hybrid: hybrid arm from phase3bp_true1min_rx_ucb_native: rx interaction intraday_delta_15 x ret_vol_20 spread,
phase3bt_00005,e9bd945a6924ec8913d4db36,"CSRank(Mul(ZScore(Delta($ret_1m,30)),ZScore(Std(Div(Sub($high,$low),Add(Abs($open),0.000001)),20))))",rx_interaction::rx_intraday_return::rx_range_location::product,phase3bt_ast_fresh_preserving_hybrid,phase3bt_ast_fresh_preserving_hybrid,high|low|open|ret_1m,"['high', 'low', 'open', 'ret_1m']",30,"CSRank(Mul(ZScore(Delta($F,N)),ZScore(Std(Div(Sub($F,$F),Add(Abs($F),N)),N))))",CSRank>Mul>ZScore>Delta>ZScore>Std>Div>Sub>Add>Abs,Abs:1|Add:1|CSRank:1|Delta:1|Div:1|Mul:1|Std:1|Sub:1|ZScore:2,CSRank,7,depth_le_8,10,opcount_le_12,4,fieldcount_le_4,2,wincount_le_2,30,maxwin_le_30,16,complexity_le_18,phase3bp:e9bd945a6924ec8913d4db36,0.21317895,1,read_only_research_candidate,phase3bt_ast_fresh_preserving_hybrid: hybrid arm from phase3bp_true1min_rx_ucb_native: rx interaction ret_delta_30 x range_vol_20 product,
phase3bt_00006,70bbd5c21d0f4d80f33c8340,"CSRank(Sub(ZScore(Delta($ret_1m,10)),ZScore(Std(Div(Sub($high,$low),Add(Abs($open),0.000001)),20))))",rx_interaction::rx_intraday_return::rx_range_location::spread,phase3bt_ast_fresh_preserving_hybrid,phase3bt_ast_fresh_preserving_hybrid,high|low|open|ret_1m,"['high', 'low', 'open', 'ret_1m']",10,"CSRank(Sub(ZScore(Delta($F,N)),ZScore(Std(Div(Sub($F,$F),Add(Abs($F),N)),N))))",CSRank>Sub>ZScore>Delta>ZScore>Std>Div>Sub>Add>Abs,Abs:1|Add:1|CSRank:1|Delta:1|Div:1|Std:1|Sub:2|ZScore:2,CSRank,7,depth_le_8,10,opcount_le_12,4,fieldcount_le_4,2,wincount_le_2,20,maxwin_le_30,16,complexity_le_18,phase3bp:70bbd5c21d0f4d80f33c8340,0.20978471,1,read_only_research_candidate,phase3bt_ast_fresh_preserving_hybrid: hybrid arm from phase3bp_true1min_rx_ucb_native: rx interaction ret_delta_10 x range_vol_20 spread,
phase3bt_00007,ec86511502002be683b24b0e,"CSRank(Sub(ZScore(Delta($ret_1m,20)),ZScore(Std(Div(Sub($high,$low),Add(Abs($open),0.000001)),10))))",rx_interaction::rx_intraday_return::rx_range_location::spread,phase3bt_ast_fresh_preserving_hybrid,phase3bt_ast_fresh_preserving_hybrid,high|low|open|ret_1m,"['high', 'low', 'open', 'ret_1m']",20,"CSRank(Sub(ZScore(Delta($F,N)),ZScore(Std(Div(Sub($F,$F),Add(Abs($F),N)),N))))",CSRank>Sub>ZScore>Delta>ZScore>Std>Div>Sub>Add>Abs,Abs:1|Add:1|CSRank:1|Delta:1|Div:1|Std:1|Sub:2|ZScore:2,CSRank,7,depth_le_8,10,opcount_le_12,4,fieldcount_le_4,2,wincount_le_2,20,maxwin_le_30,16,complexity_le_18,phase3bp:ec86511502002be683b24b0e,0.20978471,1,read_only_research_candidate,phase3bt_ast_fresh_preserving_hybrid: hybrid arm from phase3bp_true1min_rx_ucb_native: rx interaction ret_delta_20 x range_vol_10 spread,
phase3bt_00008,0c8a74a1c529b33180224735,"CSRank(Sub(ZScore(Delta($ret_1m,15)),ZScore(Std(Div(Sub($high,$low),Add(Abs($open),0.000001)),20))))",rx_interaction::rx_intraday_return::rx_range_location::spread,phase3bt_ast_fresh_preserving_hybrid,phase3bt_ast_fresh_preserving_hybrid,high|low|open|ret_1m,"['high', 'low', 'open', 'ret_1m']",15,"CSRank(Sub(ZScore(Delta($F,N)),ZScore(Std(Div(Sub($F,$F),Add(Abs($F),N)),N))))",CSRank>Sub>ZScore>Delta>ZScore>Std>Div>Sub>Add>Abs,Abs:1|Add:1|CSRank:1|Delta:1|Div:1|Std:1|Sub:2|ZScore:2,CSRank,7,depth_le_8,10,opcount_le_12,4,fieldcount_le_4,2,wincount_le_2,20,maxwin_le_30,16,complexity_le_18,phase3bp:0c8a74a1c529b33180224735,0.20976938,1,read_only_research_candidate,phase3bt_ast_fresh_preserving_hybrid: hybrid arm from phase3bp_true1min_rx_ucb_native: rx interaction ret_delta_15 x range_vol_20 spread,
phase3bt_00009,c0b984154cbd428b49a72378,"CSRank(Sub(ZScore(Delta($intraday_ret_from_open,20)),ZScore(Delta($amount,10))))",rx_interaction::rx_intraday_return::rx_flow_amount_volume::spread,phase3bt_ast_fresh_preserving_hybrid,phase3bt_ast_fresh_preserving_hybrid,amount|intraday_ret_from_open,"['amount', 'intraday_ret_from_open']",20,"CSRank(Sub(ZScore(Delta($F,N)),ZScore(Delta($F,N))))",CSRank>Sub>ZScore>Delta>ZScore>Delta,CSRank:1|Delta:2|Sub:1|ZScore:2,CSRank,4,depth_le_4,6,opcount_le_6,2,fieldcount_le_2,2,wincount_le_2,20,maxwin_le_30,10,complexity_le_10,phase3bp:c0b984154cbd428b49a72378,0.19965631,1,read_only_research_candidate,phase3bt_ast_fresh_preserving_hybrid: hybrid arm from phase3bp_true1min_rx_ucb_native: rx interaction intraday_delta_20 x amount_delta_10 spread,
phase3bt_00010,37eca3fab7d8e06707fb5f70,"CSRank(Sub(ZScore(Delta($intraday_ret_from_open,10)),ZScore(Delta($amount,20))))",rx_interaction::rx_intraday_return::rx_flow_amount_volume::spread,phase3bt_ast_fresh_preserving_hybrid,phase3bt_ast_fresh_preserving_hybrid,amount|intraday_ret_from_open,"['amount', 'intraday_ret_from_open']",20,"CSRank(Sub(ZScore(Delta($F,N)),ZScore(Delta($F,N))))",CSRank>Sub>ZScore>Delta>ZScore>Delta,CSRank:1|Delta:2|Sub:1|ZScore:2,CSRank,4,depth_le_4,6,opcount_le_6,2,fieldcount_le_2,2,wincount_le_2,20,maxwin_le_30,10,complexity_le_10,phase3bp:37eca3fab7d8e06707fb5f70,0.19965631,1,read_only_research_candidate,phase3bt_ast_fresh_preserving_hybrid: hybrid arm from phase3bp_true1min_rx_ucb_native: rx interaction intraday_delta_10 x amount_delta_20 spread,
phase3bt_00011,e9c1a3c3f014e9f537c5546c,"CSRank(Sub(ZScore(Delta($intraday_ret_from_open,20)),ZScore(Delta($amount,15))))",rx_interaction::rx_intraday_return::rx_flow_amount_volume::spread,phase3bt_ast_fresh_preserving_hybrid,phase3bt_ast_fresh_preserving_hybrid,amount|intraday_ret_from_open,"['amount', 'intraday_ret_from_open']",20,"CSRank(Sub(ZScore(Delta($F,N)),ZScore(Delta($F,N))))",CSRank>Sub>ZScore>Delta>ZScore>Delta,CSRank:1|Delta:2|Sub:1|ZScore:2,CSRank,4,depth_le_4,6,opcount_le_6,2,fieldcount_le_2,2,wincount_le_2,20,maxwin_le_30,10,complexity_le_10,phase3bp:e9c1a3c3f014e9f537c5546c,0.19964099,1,read_only_research_candidate,phase3bt_ast_fresh_preserving_hybrid: hybrid arm from phase3bp_true1min_rx_ucb_native: rx interaction intraday_delta_20 x amount_delta_15 spread,
phase3bt_00012,bac067350edd13bd449eeff3,"CSRank(Sub(ZScore(Delta($intraday_ret_from_open,15)),ZScore(Delta($amount,20))))",rx_interaction::rx_intraday_return::rx_flow_amount_volume::spread,phase3bt_ast_fresh_preserving_hybrid,phase3bt_ast_fresh_preserving_hybrid,amount|intraday_ret_from_open,"['amount', 'intraday_ret_from_open']",20,"CSRank(Sub(ZScore(Delta($F,N)),ZScore(Delta($F,N))))",CSRank>Sub>ZScore>Delta>ZScore>Delta,CSRank:1|Delta:2|Sub:1|ZScore:2,CSRank,4,depth_le_4,6,opcount_le_6,2,fieldcount_le_2,2,wincount_le_2,20,maxwin_le_30,10,complexity_le_10,phase3bp:bac067350edd13bd449eeff3,0.19964099,1,read_only_research_candidate,phase3bt_ast_fresh_preserving_hybrid: hybrid arm from phase3bp_true1min_rx_ucb_native: rx interaction intraday_delta_15 x amount_delta_20 spread,
phase3bt_00013,ec465fd3b7ff0ac5fd2b77a5,"CSRank(Sub(ZScore(Delta($intraday_ret_from_open,10)),ZScore(Delta($volume,20))))",rx_interaction::rx_intraday_return::rx_flow_amount_volume::spread,phase3bt_ast_fresh_preserving_hybrid,phase3bt_ast_fresh_preserving_hybrid,intraday_ret_from_open|volume,"['intraday_ret_from_open', 'volume']",20,"CSRank(Sub(ZScore(Delta($F,N)),ZScore(Delta($F,N))))",CSRank>Sub>ZScore>Delta>ZScore>Delta,CSRank:1|Delta:2|Sub:1|ZScore:2,CSRank,4,depth_le_4,6,opcount_le_6,2,fieldcount_le_2,2,wincount_le_2,20,maxwin_le_30,10,complexity_le_10,phase3bp:ec465fd3b7ff0ac5fd2b77a5,0.19861327,1,read_only_research_candidate,phase3bt_ast_fresh_preserving_hybrid: hybrid arm from phase3bp_true1min_rx_ucb_native: rx interaction intraday_delta_10 x volume_delta_20 spread,
phase3bt_00014,b42509882cb5a0aac27de393,"CSRank(Sub(ZScore(Delta($intraday_ret_from_open,20)),ZScore(Delta($volume,10))))",rx_interaction::rx_intraday_return::rx_flow_amount_volume::spread,phase3bt_ast_fresh_preserving_hybrid,phase3bt_ast_fresh_preserving_hybrid,intraday_ret_from_open|volume,"['intraday_ret_from_open', 'volume']",20,"CSRank(Sub(ZScore(Delta($F,N)),ZScore(Delta($F,N))))",CSRank>Sub>ZScore>Delta>ZScore>Delta,CSRank:1|Delta:2|Sub:1|ZScore:2,CSRank,4,depth_le_4,6,opcount_le_6,2,fieldcount_le_2,2,wincount_le_2,20,maxwin_le_30,10,complexity_le_10,phase3bp:b42509882cb5a0aac27de393,0.19861327,1,read_only_research_candidate,phase3bt_ast_fresh_preserving_hybrid: hybrid arm from phase3bp_true1min_rx_ucb_native: rx interaction intraday_delta_20 x volume_delta_10 spread,
phase3bt_00015,21911af226acec454c5cb30c,"CSRank(Mul(ZScore(Delta($intraday_ret_from_open,20)),ZScore(Delta($volume,30))))",rx_interaction::rx_intraday_return::rx_flow_amount_volume::product,phase3bt_ast_fresh_preserving_hybrid,phase3bt_ast_fresh_preserving_hybrid,intraday_ret_from_open|volume,"['intraday_ret_from_open', 'volume']",30,"CSRank(Mul(ZScore(Delta($F,N)),ZScore(Delta($F,N))))",CSRank>Mul>ZScore>Delta>ZScore>Delta,CSRank:1|Delta:2|Mul:1|ZScore:2,CSRank,4,depth_le_4,6,opcount_le_6,2,fieldcount_le_2,2,wincount_le_2,30,maxwin_le_30,10,complexity_le_10,phase3bp:21911af226acec454c5cb30c,0.18613048,1,read_only_research_candidate,phase3bt_ast_fresh_preserving_hybrid: hybrid arm from phase3bp_true1min_rx_ucb_native: rx interaction intraday_delta_20 x volume_delta_30 product,
phase3bt_00016,ed1d9f992d550e9d0675f65f,"CSRank(Mul(ZScore(Sub(Div(Sub($close,$low),Add(Abs(Sub($high,$low)),0.000001)),Mean(Div(Sub($close,$low),Add(Abs(Sub($high,$low)),0.000001)),10))),ZScore(Div(Mean($amount,8),Add(Abs(Mean($amount,20)),0.000001)))))",rx_interaction::rx_range_location::rx_flow_amount_volume::product,phase3bt_ast_fresh_preserving_hybrid,phase3bt_ast_fresh_preserving_hybrid,amount|close|high|low,"['amount', 'close', 'high', 'low']",20,"CSRank(Mul(ZScore(Sub(Div(Sub($F,$F),Add(Abs(Sub($F,$F)),N)),Mean(Div(Sub($F,$F),Add(Abs(Sub($F,$F)),N)),N))),ZScore(Div(Mean($F,N),Add(Abs(Mean($F,N)),N)))))",CSRank>Mul>ZScore>Sub>Div>Sub>Add>Abs>Sub>Mean,Abs:3|Add:3|CSRank:1|Div:3|Mean:3|Mul:1|Sub:5|ZScore:2,CSRank,9,depth_gt_8,21,opcount_gt_12,4,fieldcount_le_4,3,wincount_le_4,20,maxwin_le_30,28,complexity_gt_18,phase3bp:ed1d9f992d550e9d0675f65f,0.18584304,1,read_only_research_candidate,phase3bt_ast_fresh_preserving_hybrid: hybrid arm from phase3bp_true1min_rx_ucb_native: rx interaction bar_loc_shift_10 x amount_curve_8_20 product,
phase3bt_00017,6ef8094172d92202946e0d8b,"CSRank(Mul(ZScore(Sub(Div(Sub($close,$low),Add(Abs(Sub($high,$low)),0.000001)),Mean(Div(Sub($close,$low),Add(Abs(Sub($high,$low)),0.000001)),15))),ZScore(Div(Mean($amount,8),Add(Abs(Mean($amount,20)),0.000001)))))",rx_interaction::rx_range_location::rx_flow_amount_volume::product,phase3bt_ast_fresh_preserving_hybrid,phase3bt_ast_fresh_preserving_hybrid,amount|close|high|low,"['amount', 'close', 'high', 'low']",20,"CSRank(Mul(ZScore(Sub(Div(Sub($F,$F),Add(Abs(Sub($F,$F)),N)),Mean(Div(Sub($F,$F),Add(Abs(Sub($F,$F)),N)),N))),ZScore(Div(Mean($F,N),Add(Abs(Mean($F,N)),N)))))",CSRank>Mul>ZScore>Sub>Div>Sub>Add>Abs>Sub>Mean,Abs:3|Add:3|CSRank:1|Div:3|Mean:3|Mul:1|Sub:5|ZScore:2,CSRank,9,depth_gt_8,21,opcount_gt_12,4,fieldcount_le_4,3,wincount_le_4,20,maxwin_le_30,28,complexity_gt_18,phase3bp:6ef8094172d92202946e0d8b,0.18583282,1,read_only_research_candidate,phase3bt_ast_fresh_preserving_hybrid: hybrid arm from phase3bp_true1min_rx_ucb_native: rx interaction bar_loc_shift_15 x amount_curve_8_20 product,
phase3bt_00018,82b56d5ef119e379ba991c94,"CSRank(Mul(ZScore(Sub(Div(Sub($close,$low),Add(Abs(Sub($high,$low)),0.000001)),Mean(Div(Sub($close,$low),Add(Abs(Sub($high,$low)),0.000001)),10))),ZScore(Div(Mean($volume,8),Add(Abs(Mean($volume,20)),0.000001)))))",rx_interaction::rx_range_location::rx_flow_amount_volume::product,phase3bt_ast_fresh_preserving_hybrid,phase3bt_ast_fresh_preserving_hybrid,close|high|low|volume,"['close', 'high', 'low', 'volume']",20,"CSRank(Mul(ZScore(Sub(Div(Sub($F,$F),Add(Abs(Sub($F,$F)),N)),Mean(Div(Sub($F,$F),Add(Abs(Sub($F,$F)),N)),N))),ZScore(Div(Mean($F,N),Add(Abs(Mean($F,N)),N)))))",CSRank>Mul>ZScore>Sub>Div>Sub>Add>Abs>Sub>Mean,Abs:3|Add:3|CSRank:1|Div:3|Mean:3|Mul:1|Sub:5|ZScore:2,CSRank,9,depth_gt_8,21,opcount_gt_12,4,fieldcount_le_4,3,wincount_le_4,20,maxwin_le_30,28,complexity_gt_18,phase3bp:82b56d5ef119e379ba991c94,0.18553287,1,read_only_research_candidate,phase3bt_ast_fresh_preserving_hybrid: hybrid arm from phase3bp_true1min_rx_ucb_native: rx interaction bar_loc_shift_10 x volume_curve_8_20 product,
phase3bt_00019,a7ea0c73f5c20049b62d17a5,"CSRank(Mul(ZScore(Sub(Div(Sub($close,$low),Add(Abs(Sub($high,$low)),0.000001)),Mean(Div(Sub($close,$low),Add(Abs(Sub($high,$low)),0.000001)),15))),ZScore(Div(Mean($volume,8),Add(Abs(Mean($volume,20)),0.000001)))))",rx_interaction::rx_range_location::rx_flow_amount_volume::product,phase3bt_ast_fresh_preserving_hybrid,phase3bt_ast_fresh_preserving_hybrid,close|high|low|volume,"['close', 'high', 'low', 'volume']",20,"CSRank(Mul(ZScore(Sub(Div(Sub($F,$F),Add(Abs(Sub($F,$F)),N)),Mean(Div(Sub($F,$F),Add(Abs(Sub($F,$F)),N)),N))),ZScore(Div(Mean($F,N),Add(Abs(Mean($F,N)),N)))))",CSRank>Mul>ZScore>Sub>Div>Sub>Add>Abs>Sub>Mean,Abs:3|Add:3|CSRank:1|Div:3|Mean:3|Mul:1|Sub:5|ZScore:2,CSRank,9,depth_gt_8,21,opcount_gt_12,4,fieldcount_le_4,3,wincount_le_4,20,maxwin_le_30,28,complexity_gt_18,phase3bp:a7ea0c73f5c20049b62d17a5,0.18552265,1,read_only_research_candidate,phase3bt_ast_fresh_preserving_hybrid: hybrid arm from phase3bp_true1min_rx_ucb_native: rx interaction bar_loc_shift_15 x volume_curve_8_20 product,
phase3bt_00020,ebdacf8c48cebb2a08cda5b1,"CSRank(Mul(ZScore(Delta($intraday_ret_from_open,30)),ZScore(Delta($volume,30))))",rx_interaction::rx_intraday_return::rx_flow_amount_volume::product,phase3bt_ast_fresh_preserving_hybrid,phase3bt_ast_fresh_preserving_hybrid,intraday_ret_from_open|volume,"['intraday_ret_from_open', 'volume']",30,"CSRank(Mul(ZScore(Delta($F,N)),ZScore(Delta($F,N))))",CSRank>Mul>ZScore>Delta>ZScore>Delta,CSRank:1|Delta:2|Mul:1|ZScore:2,CSRank,4,depth_le_4,6,opcount_le_6,2,fieldcount_le_2,1,wincount_le_1,30,maxwin_le_30,9,complexity_le_10,phase3bp:ebdacf8c48cebb2a08cda5b1,0.18409552,1,read_only_research_candidate,phase3bt_ast_fresh_preserving_hybrid: hybrid arm from phase3bp_true1min_rx_ucb_native: rx interaction intraday_delta_30 x volume_delta_30 product,
phase3bt_00021,b80c250e8db67646df531eb9,"CSRank(Mul(ZScore(Sub(Div(Sub($close,$low),Add(Abs(Sub($high,$low)),0.000001)),Mean(Div(Sub($close,$low),Add(Abs(Sub($high,$low)),0.000001)),8))),ZScore(Div(Mean($amount,10),Add(Abs(Mean($amount,30)),0.000001)))))",rx_interaction::rx_range_location::rx_flow_amount_volume::product,phase3bt_ast_fresh_preserving_hybrid,phase3bt_ast_fresh_preserving_hybrid,amount|close|high|low,"['amount', 'close', 'high', 'low']",30,"CSRank(Mul(ZScore(Sub(Div(Sub($F,$F),Add(Abs(Sub($F,$F)),N)),Mean(Div(Sub($F,$F),Add(Abs(Sub($F,$F)),N)),N))),ZScore(Div(Mean($F,N),Add(Abs(Mean($F,N)),N)))))",CSRank>Mul>ZScore>Sub>Div>Sub>Add>Abs>Sub>Mean,Abs:3|Add:3|CSRank:1|Div:3|Mean:3|Mul:1|Sub:5|ZScore:2,CSRank,9,depth_gt_8,21,opcount_gt_12,4,fieldcount_le_4,3,wincount_le_4,30,maxwin_le_30,28,complexity_gt_18,phase3bp:b80c250e8db67646df531eb9,0.18392312,1,read_only_research_candidate,phase3bt_ast_fresh_preserving_hybrid: hybrid arm from phase3bp_true1min_rx_ucb_native: rx interaction bar_loc_shift_8 x amount_curve_10_30 product,
phase3bt_00022,57ea5bc3c2c007d417ea5d10,"CSRank(Mul(ZScore(Sub(Div(Sub($close,$low),Add(Abs(Sub($high,$low)),0.000001)),Mean(Div(Sub($close,$low),Add(Abs(Sub($high,$low)),0.000001)),8))),ZScore(Div(Mean($volume,10),Add(Abs(Mean($volume,30)),0.000001)))))",rx_interaction::rx_range_location::rx_flow_amount_volume::product,phase3bt_ast_fresh_preserving_hybrid,phase3bt_ast_fresh_preserving_hybrid,close|high|low|volume,"['close', 'high', 'low', 'volume']",30,"CSRank(Mul(ZScore(Sub(Div(Sub($F,$F),Add(Abs(Sub($F,$F)),N)),Mean(Div(Sub($F,$F),Add(Abs(Sub($F,$F)),N)),N))),ZScore(Div(Mean($F,N),Add(Abs(Mean($F,N)),N)))))",CSRank>Mul>ZScore>Sub>Div>Sub>Add>Abs>Sub>Mean,Abs:3|Add:3|CSRank:1|Div:3|Mean:3|Mul:1|Sub:5|ZScore:2,CSRank,9,depth_gt_8,21,opcount_gt_12,4,fieldcount_le_4,3,wincount_le_4,30,maxwin_le_30,28,complexity_gt_18,phase3bp:57ea5bc3c2c007d417ea5d10,0.18361295,1,read_only_research_candidate,phase3bt_ast_fresh_preserving_hybrid: hybrid arm from phase3bp_true1min_rx_ucb_native: rx interaction bar_loc_shift_8 x volume_curve_10_30 product,
phase3bt_00023,9e362a8630d22483251a7545,"CSRank(Sub(ZScore(Sub(Div(Sub($close,$low),Add(Abs(Sub($high,$low)),0.000001)),Mean(Div(Sub($close,$low),Add(Abs(Sub($high,$low)),0.000001)),8))),ZScore(Div(Mean($volume,10),Add(Abs(Mean($volume,30)),0.000001)))))",rx_interaction::rx_range_location::rx_flow_amount_volume::spread,phase3bt_ast_fresh_preserving_hybrid,phase3bt_ast_fresh_preserving_hybrid,close|high|low|volume,"['close', 'high', 'low', 'volume']",30,"CSRank(Sub(ZScore(Sub(Div(Sub($F,$F),Add(Abs(Sub($F,$F)),N)),Mean(Div(Sub($F,$F),Add(Abs(Sub($F,$F)),N)),N))),ZScore(Div(Mean($F,N),Add(Abs(Mean($F,N)),N)))))",CSRank>Sub>ZScore>Sub>Div>Sub>Add>Abs>Sub>Mean,Abs:3|Add:3|CSRank:1|Div:3|Mean:3|Sub:6|ZScore:2,CSRank,9,depth_gt_8,21,opcount_gt_12,4,fieldcount_le_4,3,wincount_le_4,30,maxwin_le_30,28,complexity_gt_18,phase3bp:9e362a8630d22483251a7545,0.18112701,1,read_only_research_candidate,phase3bt_ast_fresh_preserving_hybrid: hybrid arm from phase3bp_true1min_rx_ucb_native: rx interaction bar_loc_shift_8 x volume_curve_10_30 spread,
phase3bt_00024,87aec85205ea9c026ec4271e,"CSRank(Sub(ZScore(Sub(Div(Sub($close,$low),Add(Abs(Sub($high,$low)),0.000001)),Mean(Div(Sub($close,$low),Add(Abs(Sub($high,$low)),0.000001)),15))),ZScore(Div(Mean($amount,10),Add(Abs(Mean($amount,30)),0.000001)))))",rx_interaction::rx_range_location::rx_flow_amount_volume::spread,phase3bt_ast_fresh_preserving_hybrid,phase3bt_ast_fresh_preserving_hybrid,amount|close|high|low,"['amount', 'close', 'high', 'low']",30,"CSRank(Sub(ZScore(Sub(Div(Sub($F,$F),Add(Abs(Sub($F,$F)),N)),Mean(Div(Sub($F,$F),Add(Abs(Sub($F,$F)),N)),N))),ZScore(Div(Mean($F,N),Add(Abs(Mean($F,N)),N)))))",CSRank>Sub>ZScore>Sub>Div>Sub>Add>Abs>Sub>Mean,Abs:3|Add:3|CSRank:1|Div:3|Mean:3|Sub:6|ZScore:2,CSRank,9,depth_gt_8,21,opcount_gt_12,4,fieldcount_le_4,3,wincount_le_4,30,maxwin_le_30,28,complexity_gt_18,phase3bp:87aec85205ea9c026ec4271e,0.18076966,1,read_only_research_candidate,phase3bt_ast_fresh_preserving_hybrid: hybrid arm from phase3bp_true1min_rx_ucb_native: rx interaction bar_loc_shift_15 x amount_curve_10_30 spread,
phase3bt_00025,cd1bb94a24055ad7a50b37a0,"CSRank(Mul(ZScore(Sub(Div(Sub($close,$low),Add(Abs(Sub($high,$low)),0.000001)),Mean(Div(Sub($close,$low),Add(Abs(Sub($high,$low)),0.000001)),10))),ZScore(Std(Div(Sub($high,$low),Add(Abs($open),0.000001)),20))))",rx_interaction::rx_range_location::rx_range_location::product,phase3bt_ast_fresh_preserving_hybrid,phase3bt_ast_fresh_preserving_hybrid,close|high|low|open,"['close', 'high', 'low', 'open']",0,"CSRank(Mul(ZScore(Sub(Div(Sub($F,$F),Add(Abs(Sub($F,$F)),N)),Mean(Div(Sub($F,$F),Add(Abs(Sub($F,$F)),N)),N))),ZScore(Std(Div(Sub($F,$F),Add(Abs($F),N)),N))))",CSRank>Mul>ZScore>Sub>Div>Sub>Add>Abs>Sub>Mean,Abs:3|Add:3|CSRank:1|Div:3|Mean:1|Mul:1|Std:1|Sub:6|ZScore:2,CSRank,9,depth_gt_8,21,opcount_gt_12,4,fieldcount_le_4,2,wincount_le_2,20,maxwin_le_30,27,complexity_gt_18,phase3bp:cd1bb94a24055ad7a50b37a0,0.18023256,1,read_only_research_candidate,phase3bt_ast_fresh_preserving_hybrid: hybrid arm from phase3bp_true1min_rx_ucb_native: rx interaction bar_loc_shift_10 x range_vol_20 product,
phase3bt_00026,1d320d1cca899a19cf9a836d,"CSRank(Mul(ZScore(Sub(Div(Sub($close,$low),Add(Abs(Sub($high,$low)),0.000001)),Mean(Div(Sub($close,$low),Add(Abs(Sub($high,$low)),0.000001)),20))),ZScore(Std(Div(Sub($high,$low),Add(Abs($open),0.000001)),10))))",rx_interaction::rx_range_location::rx_range_location::product,phase3bt_ast_fresh_preserving_hybrid,phase3bt_ast_fresh_preserving_hybrid,close|high|low|open,"['close', 'high', 'low', 'open']",0,"CSRank(Mul(ZScore(Sub(Div(Sub($F,$F),Add(Abs(Sub($F,$F)),N)),Mean(Div(Sub($F,$F),Add(Abs(Sub($F,$F)),N)),N))),ZScore(Std(Div(Sub($F,$F),Add(Abs($F),N)),N))))",CSRank>Mul>ZScore>Sub>Div>Sub>Add>Abs>Sub>Mean,Abs:3|Add:3|CSRank:1|Div:3|Mean:1|Mul:1|Std:1|Sub:6|ZScore:2,CSRank,9,depth_gt_8,21,opcount_gt_12,4,fieldcount_le_4,2,wincount_le_2,20,maxwin_le_30,27,complexity_gt_18,phase3bp:1d320d1cca899a19cf9a836d,0.18023256,1,read_only_research_candidate,phase3bt_ast_fresh_preserving_hybrid: hybrid arm from phase3bp_true1min_rx_ucb_native: rx interaction bar_loc_shift_20 x range_vol_10 product,
phase3bt_00027,c43e3ae0a146f0ca981b8fc5,"CSRank(Mul(ZScore(Sub(Div(Sub($close,$low),Add(Abs(Sub($high,$low)),0.000001)),Mean(Div(Sub($close,$low),Add(Abs(Sub($high,$low)),0.000001)),20))),ZScore(Std(Div(Sub($high,$low),Add(Abs($open),0.000001)),15))))",rx_interaction::rx_range_location::rx_range_location::product,phase3bt_ast_fresh_preserving_hybrid,phase3bt_ast_fresh_preserving_hybrid,close|high|low|open,"['close', 'high', 'low', 'open']",0,"CSRank(Mul(ZScore(Sub(Div(Sub($F,$F),Add(Abs(Sub($F,$F)),N)),Mean(Div(Sub($F,$F),Add(Abs(Sub($F,$F)),N)),N))),ZScore(Std(Div(Sub($F,$F),Add(Abs($F),N)),N))))",CSRank>Mul>ZScore>Sub>Div>Sub>Add>Abs>Sub>Mean,Abs:3|Add:3|CSRank:1|Div:3|Mean:1|Mul:1|Std:1|Sub:6|ZScore:2,CSRank,9,depth_gt_8,21,opcount_gt_12,4,fieldcount_le_4,2,wincount_le_2,20,maxwin_le_30,27,complexity_gt_18,phase3bp:c43e3ae0a146f0ca981b8fc5,0.18021724,1,read_only_research_candidate,phase3bt_ast_fresh_preserving_hybrid: hybrid arm from phase3bp_true1min_rx_ucb_native: rx interaction bar_loc_shift_20 x range_vol_15 product,
phase3bt_00028,5dbf51cddd2f1225354a78df,"CSRank(Mul(ZScore(Sub(Div(Sub($close,$low),Add(Abs(Sub($high,$low)),0.000001)),Mean(Div(Sub($close,$low),Add(Abs(Sub($high,$low)),0.000001)),15))),ZScore(Std(Div(Sub($high,$low),Add(Abs($open),0.000001)),20))))",rx_interaction::rx_range_location::rx_range_location::product,phase3bt_ast_fresh_preserving_hybrid,phase3bt_ast_fresh_preserving_hybrid,close|high|low|open,"['close', 'high', 'low', 'open']",0,"CSRank(Mul(ZScore(Sub(Div(Sub($F,$F),Add(Abs(Sub($F,$F)),N)),Mean(Div(Sub($F,$F),Add(Abs(Sub($F,$F)),N)),N))),ZScore(Std(Div(Sub($F,$F),Add(Abs($F),N)),N))))",CSRank>Mul>ZScore>Sub>Div>Sub>Add>Abs>Sub>Mean,Abs:3|Add:3|CSRank:1|Div:3|Mean:1|Mul:1|Std:1|Sub:6|ZScore:2,CSRank,9,depth_gt_8,21,opcount_gt_12,4,fieldcount_le_4,2,wincount_le_2,20,maxwin_le_30,27,complexity_gt_18,phase3bp:5dbf51cddd2f1225354a78df,0.18021724,1,read_only_research_candidate,phase3bt_ast_fresh_preserving_hybrid: hybrid arm from phase3bp_true1min_rx_ucb_native: rx interaction bar_loc_shift_15 x range_vol_20 product,
phase3bt_00029,f527d6894a24f3667b276a50,"CSRank(Mul(ZScore(Delta($intraday_ret_from_open,15)),ZScore(Div($m1_first30_vol,Add(Abs($volume),0.000001)))))",rx_interaction::rx_intraday_return::rx_opening_amount::product,phase3bt_ast_fresh_preserving_hybrid,phase3bt_ast_fresh_preserving_hybrid,intraday_ret_from_open|m1_first30_vol|volume,"['intraday_ret_from_open', 'm1_first30_vol', 'volume']",15,"CSRank(Mul(ZScore(Delta($F,N)),ZScore(Div($F,Add(Abs($F),N)))))",CSRank>Mul>ZScore>Delta>ZScore>Div>Add>Abs,Abs:1|Add:1|CSRank:1|Delta:1|Div:1|Mul:1|ZScore:2,CSRank,6,depth_le_6,8,opcount_le_9,3,fieldcount_le_4,1,wincount_le_1,15,maxwin_le_15,12,complexity_le_14,phase3bp:f527d6894a24f3667b276a50,0.17846552,1,read_only_research_candidate,phase3bt_ast_fresh_preserving_hybrid: hybrid arm from phase3bp_true1min_rx_ucb_native: rx interaction intraday_delta_15 x m1_first30_vol product,
phase3bt_00030,0abffd7c3cec5c26aff571a7,"CSRank(Mul(ZScore(Sub(Div(Sub($close,$low),Add(Abs(Sub($high,$low)),0.000001)),Mean(Div(Sub($close,$low),Add(Abs(Sub($high,$low)),0.000001)),20))),ZScore(Std($ret_1m,10))))",rx_interaction::rx_range_location::rx_volatility_state::product,phase3bt_ast_fresh_preserving_hybrid,phase3bt_ast_fresh_preserving_hybrid,close|high|low|ret_1m,"['close', 'high', 'low', 'ret_1m']",10,"CSRank(Mul(ZScore(Sub(Div(Sub($F,$F),Add(Abs(Sub($F,$F)),N)),Mean(Div(Sub($F,$F),Add(Abs(Sub($F,$F)),N)),N))),ZScore(Std($F,N))))",CSRank>Mul>ZScore>Sub>Div>Sub>Add>Abs>Sub>Mean,Abs:2|Add:2|CSRank:1|Div:2|Mean:1|Mul:1|Std:1|Sub:5|ZScore:2,CSRank,9,depth_gt_8,17,opcount_gt_12,4,fieldcount_le_4,2,wincount_le_2,20,maxwin_le_30,23,complexity_gt_18,phase3bp:0abffd7c3cec5c26aff571a7,0.17705649,1,read_only_research_candidate,phase3bt_ast_fresh_preserving_hybrid: hybrid arm from phase3bp_true1min_rx_ucb_native: rx interaction bar_loc_shift_20 x ret_vol_10 product,
phase3bt_00031,496264399ca358ec117a6a22,"CSRank(Mul(ZScore(Sub(Div(Sub($close,$low),Add(Abs(Sub($high,$low)),0.000001)),Mean(Div(Sub($close,$low),Add(Abs(Sub($high,$low)),0.000001)),10))),ZScore(Std($ret_1m,20))))",rx_interaction::rx_range_location::rx_volatility_state::product,phase3bt_ast_fresh_preserving_hybrid,phase3bt_ast_fresh_preserving_hybrid,close|high|low|ret_1m,"['close', 'high', 'low', 'ret_1m']",20,"CSRank(Mul(ZScore(Sub(Div(Sub($F,$F),Add(Abs(Sub($F,$F)),N)),Mean(Div(Sub($F,$F),Add(Abs(Sub($F,$F)),N)),N))),ZScore(Std($F,N))))",CSRank>Mul>ZScore>Sub>Div>Sub>Add>Abs>Sub>Mean,Abs:2|Add:2|CSRank:1|Div:2|Mean:1|Mul:1|Std:1|Sub:5|ZScore:2,CSRank,9,depth_gt_8,17,opcount_gt_12,4,fieldcount_le_4,2,wincount_le_2,20,maxwin_le_30,23,complexity_gt_18,phase3bp:496264399ca358ec117a6a22,0.17705649,1,read_only_research_candidate,phase3bt_ast_fresh_preserving_hybrid: hybrid arm from phase3bp_true1min_rx_ucb_native: rx interaction bar_loc_shift_10 x ret_vol_20 product,
phase3bt_00032,07030f230dc30915af59e055,"CSRank(Mul(ZScore(Sub(Div(Sub($close,$low),Add(Abs(Sub($high,$low)),0.000001)),Mean(Div(Sub($close,$low),Add(Abs(Sub($high,$low)),0.000001)),20))),ZScore(Std($ret_1m,15))))",rx_interaction::rx_range_location::rx_volatility_state::product,phase3bt_ast_fresh_preserving_hybrid,phase3bt_ast_fresh_preserving_hybrid,close|high|low|ret_1m,"['close', 'high', 'low', 'ret_1m']",15,"CSRank(Mul(ZScore(Sub(Div(Sub($F,$F),Add(Abs(Sub($F,$F)),N)),Mean(Div(Sub($F,$F),Add(Abs(Sub($F,$F)),N)),N))),ZScore(Std($F,N))))",CSRank>Mul>ZScore>Sub>Div>Sub>Add>Abs>Sub>Mean,Abs:2|Add:2|CSRank:1|Div:2|Mean:1|Mul:1|Std:1|Sub:5|ZScore:2,CSRank,9,depth_gt_8,17,opcount_gt_12,4,fieldcount_le_4,2,wincount_le_2,20,maxwin_le_30,23,complexity_gt_18,phase3bp:07030f230dc30915af59e055,0.17704117,1,read_only_research_candidate,phase3bt_ast_fresh_preserving_hybrid: hybrid arm from phase3bp_true1min_rx_ucb_native: rx interaction bar_loc_shift_20 x ret_vol_15 product,
phase3bt_00033,537946740becc985b6d1bfc6,"CSRank(Mul(ZScore(Sub(Div(Sub($close,$low),Add(Abs(Sub($high,$low)),0.000001)),Mean(Div(Sub($close,$low),Add(Abs(Sub($high,$low)),0.000001)),15))),ZScore(Std($ret_1m,20))))",rx_interaction::rx_range_location::rx_volatility_state::product,phase3bt_ast_fresh_preserving_hybrid,phase3bt_ast_fresh_preserving_hybrid,close|high|low|ret_1m,"['close', 'high', 'low', 'ret_1m']",20,"CSRank(Mul(ZScore(Sub(Div(Sub($F,$F),Add(Abs(Sub($F,$F)),N)),Mean(Div(Sub($F,$F),Add(Abs(Sub($F,$F)),N)),N))),ZScore(Std($F,N))))",CSRank>Mul>ZScore>Sub>Div>Sub>Add>Abs>Sub>Mean,Abs:2|Add:2|CSRank:1|Div:2|Mean:1|Mul:1|Std:1|Sub:5|ZScore:2,CSRank,9,depth_gt_8,17,opcount_gt_12,4,fieldcount_le_4,2,wincount_le_2,20,maxwin_le_30,23,complexity_gt_18,phase3bp:537946740becc985b6d1bfc6,0.17704117,1,read_only_research_candidate,phase3bt_ast_fresh_preserving_hybrid: hybrid arm from phase3bp_true1min_rx_ucb_native: rx interaction bar_loc_shift_15 x ret_vol_20 product,
phase3bt_00034,89c5a6990c86a08a62e15560,"CSRank(Mul(ZScore(Delta($intraday_ret_from_open,5)),ZScore(Div($m1_first30_vol,Add(Abs($volume),0.000001)))))",rx_interaction::rx_intraday_return::rx_opening_amount::product,phase3bt_ast_fresh_preserving_hybrid,phase3bt_ast_fresh_preserving_hybrid,intraday_ret_from_open|m1_first30_vol|volume,"['intraday_ret_from_open', 'm1_first30_vol', 'volume']",5,"CSRank(Mul(ZScore(Delta($F,N)),ZScore(Div($F,Add(Abs($F),N)))))",CSRank>Mul>ZScore>Delta>ZScore>Div>Add>Abs,Abs:1|Add:1|CSRank:1|Delta:1|Div:1|Mul:1|ZScore:2,CSRank,6,depth_le_6,8,opcount_le_9,3,fieldcount_le_4,1,wincount_le_1,5,maxwin_le_5,12,complexity_le_14,phase3bp:89c5a6990c86a08a62e15560,0.16564112,1,read_only_research_candidate,phase3bt_ast_fresh_preserving_hybrid: hybrid arm from phase3bp_true1min_rx_ucb_native: rx interaction intraday_delta_5 x m1_first30_vol product,
phase3bt_00035,f18eafb1e290e8a76fd2a94a,"CSRank(Mul(ZScore(Delta($intraday_ret_from_open,3)),ZScore(Div($m1_first30_vol,Add(Abs($volume),0.000001)))))",rx_interaction::rx_intraday_return::rx_opening_amount::product,phase3bt_ast_fresh_preserving_hybrid,phase3bt_ast_fresh_preserving_hybrid,intraday_ret_from_open|m1_first30_vol|volume,"['intraday_ret_from_open', 'm1_first30_vol', 'volume']",3,"CSRank(Mul(ZScore(Delta($F,N)),ZScore(Div($F,Add(Abs($F),N)))))",CSRank>Mul>ZScore>Delta>ZScore>Div>Add>Abs,Abs:1|Add:1|CSRank:1|Delta:1|Div:1|Mul:1|ZScore:2,CSRank,6,depth_le_6,8,opcount_le_9,3,fieldcount_le_4,1,wincount_le_1,3,maxwin_le_5,12,complexity_le_14,phase3bp:f18eafb1e290e8a76fd2a94a,0.16559248,1,read_only_research_candidate,phase3bt_ast_fresh_preserving_hybrid: hybrid arm from phase3bp_true1min_rx_ucb_native: rx interaction intraday_delta_3 x m1_first30_vol product,
phase3bt_00036,a2d268b8d67f006cf8112c3d,"CSRank(Mul(ZScore(Delta($intraday_ret_from_open,2)),ZScore(Div($m1_first30_vol,Add(Abs($volume),0.000001)))))",rx_interaction::rx_intraday_return::rx_opening_amount::product,phase3bt_ast_fresh_preserving_hybrid,phase3bt_ast_fresh_preserving_hybrid,intraday_ret_from_open|m1_first30_vol|volume,"['intraday_ret_from_open', 'm1_first30_vol', 'volume']",2,"CSRank(Mul(ZScore(Delta($F,N)),ZScore(Div($F,Add(Abs($F),N)))))",CSRank>Mul>ZScore>Delta>ZScore>Div>Add>Abs,Abs:1|Add:1|CSRank:1|Delta:1|Div:1|Mul:1|ZScore:2,CSRank,6,depth_le_6,8,opcount_le_9,3,fieldcount_le_4,1,wincount_le_1,2,maxwin_le_5,12,complexity_le_14,phase3bp:a2d268b8d67f006cf8112c3d,0.1655644,1,read_only_research_candidate,phase3bt_ast_fresh_preserving_hybrid: hybrid arm from phase3bp_true1min_rx_ucb_native: rx interaction intraday_delta_2 x m1_first30_vol product,
phase3bt_00037,211320307bc92ff592be8fd2,"CSRank(Sub(ZScore(Sub(Div(Sub($close,$low),Add(Abs(Sub($high,$low)),0.000001)),Mean(Div(Sub($close,$low),Add(Abs(Sub($high,$low)),0.000001)),10))),ZScore(Div($m1_first30_vol,Add(Abs($volume),0.000001)))))",rx_interaction::rx_range_location::rx_opening_amount::spread,phase3bt_ast_fresh_preserving_hybrid,phase3bt_ast_fresh_preserving_hybrid,close|high|low|m1_first30_vol|volume,"['close', 'high', 'low', 'm1_first30_vol', 'volume']",0,"CSRank(Sub(ZScore(Sub(Div(Sub($F,$F),Add(Abs(Sub($F,$F)),N)),Mean(Div(Sub($F,$F),Add(Abs(Sub($F,$F)),N)),N))),ZScore(Div($F,Add(Abs($F),N)))))",CSRank>Sub>ZScore>Sub>Div>Sub>Add>Abs>Sub>Mean,Abs:3|Add:3|CSRank:1|Div:3|Mean:1|Sub:6|ZScore:2,CSRank,9,depth_gt_8,19,opcount_gt_12,5,fieldcount_le_6,1,wincount_le_1,10,maxwin_le_15,25,complexity_gt_18,phase3bp:211320307bc92ff592be8fd2,0.16339548,1,read_only_research_candidate,phase3bt_ast_fresh_preserving_hybrid: hybrid arm from phase3bp_true1min_rx_ucb_native: rx interaction bar_loc_shift_10 x m1_first30_vol spread,
phase3bt_00038,8cfdf831882907b7b7d18131,"CSRank(Sub(ZScore(Sub(Div(Sub($close,$low),Add(Abs(Sub($high,$low)),0.000001)),Mean(Div(Sub($close,$low),Add(Abs(Sub($high,$low)),0.000001)),15))),ZScore(Div($m1_first30_vol,Add(Abs($volume),0.000001)))))",rx_interaction::rx_range_location::rx_opening_amount::spread,phase3bt_ast_fresh_preserving_hybrid,phase3bt_ast_fresh_preserving_hybrid,close|high|low|m1_first30_vol|volume,"['close', 'high', 'low', 'm1_first30_vol', 'volume']",0,"CSRank(Sub(ZScore(Sub(Div(Sub($F,$F),Add(Abs(Sub($F,$F)),N)),Mean(Div(Sub($F,$F),Add(Abs(Sub($F,$F)),N)),N))),ZScore(Div($F,Add(Abs($F),N)))))",CSRank>Sub>ZScore>Sub>Div>Sub>Add>Abs>Sub>Mean,Abs:3|Add:3|CSRank:1|Div:3|Mean:1|Sub:6|ZScore:2,CSRank,9,depth_gt_8,19,opcount_gt_12,5,fieldcount_le_6,1,wincount_le_1,15,maxwin_le_15,25,complexity_gt_18,phase3bp:8cfdf831882907b7b7d18131,0.16336484,1,read_only_research_candidate,phase3bt_ast_fresh_preserving_hybrid: hybrid arm from phase3bp_true1min_rx_ucb_native: rx interaction bar_loc_shift_15 x m1_first30_vol spread,
phase3bt_00039,e3281940dd31430bf6416b8c,"CSRank(Sub(ZScore($m1_first15_vwap_return_vs_open),ZScore(Std($ret_1m,8))))",rx_interaction::rx_opening_divergence::rx_volatility_state::spread,phase3bt_ast_fresh_preserving_hybrid,phase3bt_ast_fresh_preserving_hybrid,m1_first15_vwap_return_vs_open|ret_1m,"['m1_first15_vwap_return_vs_open', 'ret_1m']",8,"CSRank(Sub(ZScore($F),ZScore(Std($F,N))))",CSRank>Sub>ZScore>ZScore>Std,CSRank:1|Std:1|Sub:1|ZScore:2,CSRank,4,depth_le_4,5,opcount_le_6,2,fieldcount_le_2,1,wincount_le_1,8,maxwin_le_15,8,complexity_le_10,phase3bp:e3281940dd31430bf6416b8c,0.16196931,1,read_only_research_candidate,phase3bt_ast_fresh_preserving_hybrid: hybrid arm from phase3bp_true1min_rx_ucb_native: rx interaction m1_first15_vwap_open x ret_vol_8 spread,
phase3bt_00040,1799ae51e98db429dfd556bf,"CSRank(Mul(ZScore(Delta($intraday_ret_from_open,20)),ZScore(Std(Div(Sub($high,$low),Add(Abs($open),0.000001)),30))))",rx_interaction::rx_intraday_return::rx_range_location::product,phase3bt_ast_fresh_preserving_hybrid,phase3bt_ast_fresh_preserving_hybrid,high|intraday_ret_from_open|low|open,"['high', 'intraday_ret_from_open', 'low', 'open']",20,"CSRank(Mul(ZScore(Delta($F,N)),ZScore(Std(Div(Sub($F,$F),Add(Abs($F),N)),N))))",CSRank>Mul>ZScore>Delta>ZScore>Std>Div>Sub>Add>Abs,Abs:1|Add:1|CSRank:1|Delta:1|Div:1|Mul:1|Std:1|Sub:1|ZScore:2,CSRank,7,depth_le_8,10,opcount_le_12,4,fieldcount_le_4,2,wincount_le_2,30,maxwin_le_30,16,complexity_le_18,phase3bp:1799ae51e98db429dfd556bf,0.16105157,1,read_only_research_candidate,phase3bt_ast_fresh_preserving_hybrid: hybrid arm from phase3bp_true1min_rx_ucb_native: rx interaction intraday_delta_20 x range_vol_30 product,
phase3bt_00041,f4c04828a8429c24e7536611,"CSRank(Mul(ZScore(Delta($intraday_ret_from_open,30)),ZScore(Std(Div(Sub($high,$low),Add(Abs($open),0.000001)),20))))",rx_interaction::rx_intraday_return::rx_range_location::product,phase3bt_ast_fresh_preserving_hybrid,phase3bt_ast_fresh_preserving_hybrid,high|intraday_ret_from_open|low|open,"['high', 'intraday_ret_from_open', 'low', 'open']",30,"CSRank(Mul(ZScore(Delta($F,N)),ZScore(Std(Div(Sub($F,$F),Add(Abs($F),N)),N))))",CSRank>Mul>ZScore>Delta>ZScore>Std>Div>Sub>Add>Abs,Abs:1|Add:1|CSRank:1|Delta:1|Div:1|Mul:1|Std:1|Sub:1|ZScore:2,CSRank,7,depth_le_8,10,opcount_le_12,4,fieldcount_le_4,2,wincount_le_2,30,maxwin_le_30,16,complexity_le_18,phase3bp:f4c04828a8429c24e7536611,0.16105157,1,read_only_research_candidate,phase3bt_ast_fresh_preserving_hybrid: hybrid arm from phase3bp_true1min_rx_ucb_native: rx interaction intraday_delta_30 x range_vol_20 product,
phase3bt_00042,c7d6740a50efb18ecceb03cc,"CSRank(Sub(ZScore($m1_first15_vwap_return_vs_open),ZScore(Std($ret_1m,10))))",rx_interaction::rx_opening_divergence::rx_volatility_state::spread,phase3bt_ast_fresh_preserving_hybrid,phase3bt_ast_fresh_preserving_hybrid,m1_first15_vwap_return_vs_open|ret_1m,"['m1_first15_vwap_return_vs_open', 'ret_1m']",10,"CSRank(Sub(ZScore($F),ZScore(Std($F,N))))",CSRank>Sub>ZScore>ZScore>Std,CSRank:1|Std:1|Sub:1|ZScore:2,CSRank,4,depth_le_4,5,opcount_le_6,2,fieldcount_le_2,1,wincount_le_1,10,maxwin_le_15,8,complexity_le_10,phase3bp:c7d6740a50efb18ecceb03cc,0.15999738,1,read_only_research_candidate,phase3bt_ast_fresh_preserving_hybrid: hybrid arm from phase3bp_true1min_rx_ucb_native: rx interaction m1_first15_vwap_open x ret_vol_10 spread,
phase3bt_00043,d576c0d5d1877e6b3bbf9b7e,"CSRank(Sub(ZScore($m1_first15_vwap_return_vs_open),ZScore(Std($ret_1m,15))))",rx_interaction::rx_opening_divergence::rx_volatility_state::spread,phase3bt_ast_fresh_preserving_hybrid,phase3bt_ast_fresh_preserving_hybrid,m1_first15_vwap_return_vs_open|ret_1m,"['m1_first15_vwap_return_vs_open', 'ret_1m']",15,"CSRank(Sub(ZScore($F),ZScore(Std($F,N))))",CSRank>Sub>ZScore>ZScore>Std,CSRank:1|Std:1|Sub:1|ZScore:2,CSRank,4,depth_le_4,5,opcount_le_6,2,fieldcount_le_2,1,wincount_le_1,15,maxwin_le_15,8,complexity_le_10,phase3bp:d576c0d5d1877e6b3bbf9b7e,0.15996675,1,read_only_research_candidate,phase3bt_ast_fresh_preserving_hybrid: hybrid arm from phase3bp_true1min_rx_ucb_native: rx interaction m1_first15_vwap_open x ret_vol_15 spread,
phase3bt_00044,39012d347ebc5479440ecedb,"CSRank(Sub(ZScore($m1_first5_vwap_return_vs_open),ZScore(Std($ret_1m,8))))",rx_interaction::rx_opening_divergence::rx_volatility_state::spread,phase3bt_ast_fresh_preserving_hybrid,phase3bt_ast_fresh_preserving_hybrid,m1_first5_vwap_return_vs_open|ret_1m,"['m1_first5_vwap_return_vs_open', 'ret_1m']",8,"CSRank(Sub(ZScore($F),ZScore(Std($F,N))))",CSRank>Sub>ZScore>ZScore>Std,CSRank:1|Std:1|Sub:1|ZScore:2,CSRank,4,depth_le_4,5,opcount_le_6,2,fieldcount_le_2,1,wincount_le_1,8,maxwin_le_15,8,complexity_le_10,phase3bp:39012d347ebc5479440ecedb,0.15941518,1,read_only_research_candidate,phase3bt_ast_fresh_preserving_hybrid: hybrid arm from phase3bp_true1min_rx_ucb_native: rx interaction m1_first5_vwap_open x ret_vol_8 spread,
phase3bt_00045,3b682347942a70e76703d00c,"CSRank(Sub(ZScore(Delta($intraday_ret_from_open,20)),ZScore(Std(Div(Sub($high,$low),Add(Abs($open),0.000001)),8))))",rx_interaction::rx_intraday_return::rx_range_location::spread,phase3bt_ast_fresh_preserving_hybrid,phase3bt_ast_fresh_preserving_hybrid,high|intraday_ret_from_open|low|open,"['high', 'intraday_ret_from_open', 'low', 'open']",20,"CSRank(Sub(ZScore(Delta($F,N)),ZScore(Std(Div(Sub($F,$F),Add(Abs($F),N)),N))))",CSRank>Sub>ZScore>Delta>ZScore>Std>Div>Sub>Add>Abs,Abs:1|Add:1|CSRank:1|Delta:1|Div:1|Std:1|Sub:2|ZScore:2,CSRank,7,depth_le_8,10,opcount_le_12,4,fieldcount_le_4,2,wincount_le_2,20,maxwin_le_30,16,complexity_le_18,phase3bp:3b682347942a70e76703d00c,0.15864328,1,read_only_research_candidate,phase3bt_ast_fresh_preserving_hybrid: hybrid arm from phase3bp_true1min_rx_ucb_native: rx interaction intraday_delta_20 x range_vol_8 spread,
phase3bt_00046,d89a476fd587342e179d8097,"CSRank(Sub(ZScore(Delta($intraday_ret_from_open,10)),ZScore(Std(Div(Sub($high,$low),Add(Abs($open),0.000001)),20))))",rx_interaction::rx_intraday_return::rx_range_location::spread,phase3bt_ast_fresh_preserving_hybrid,phase3bt_ast_fresh_preserving_hybrid,high|intraday_ret_from_open|low|open,"['high', 'intraday_ret_from_open', 'low', 'open']",10,"CSRank(Sub(ZScore(Delta($F,N)),ZScore(Std(Div(Sub($F,$F),Add(Abs($F),N)),N))))",CSRank>Sub>ZScore>Delta>ZScore>Std>Div>Sub>Add>Abs,Abs:1|Add:1|CSRank:1|Delta:1|Div:1|Std:1|Sub:2|ZScore:2,CSRank,7,depth_le_8,10,opcount_le_12,4,fieldcount_le_4,2,wincount_le_2,20,maxwin_le_30,16,complexity_le_18,phase3bp:d89a476fd587342e179d8097,0.15765732,1,read_only_research_candidate,phase3bt_ast_fresh_preserving_hybrid: hybrid arm from phase3bp_true1min_rx_ucb_native: rx interaction intraday_delta_10 x range_vol_20 spread,
phase3bt_00047,9c4a44853c505975651e1b52,"CSRank(Sub(ZScore($m1_first5_vwap_return_vs_open),ZScore(Std($ret_1m,10))))",rx_interaction::rx_opening_divergence::rx_volatility_state::spread,phase3bt_ast_fresh_preserving_hybrid,phase3bt_ast_fresh_preserving_hybrid,m1_first5_vwap_return_vs_open|ret_1m,"['m1_first5_vwap_return_vs_open', 'ret_1m']",10,"CSRank(Sub(ZScore($F),ZScore(Std($F,N))))",CSRank>Sub>ZScore>ZScore>Std,CSRank:1|Std:1|Sub:1|ZScore:2,CSRank,4,depth_le_4,5,opcount_le_6,2,fieldcount_le_2,1,wincount_le_1,10,maxwin_le_15,8,complexity_le_10,phase3bp:9c4a44853c505975651e1b52,0.15744326,1,read_only_research_candidate,phase3bt_ast_fresh_preserving_hybrid: hybrid arm from phase3bp_true1min_rx_ucb_native: rx interaction m1_first5_vwap_open x ret_vol_10 spread,
phase3bt_00048,aeed2370e068cfde3c707a7f,"CSRank(Sub(ZScore($m1_first5_vwap_return_vs_open),ZScore(Std($ret_1m,15))))",rx_interaction::rx_opening_divergence::rx_volatility_state::spread,phase3bt_ast_fresh_preserving_hybrid,phase3bt_ast_fresh_preserving_hybrid,m1_first5_vwap_return_vs_open|ret_1m,"['m1_first5_vwap_return_vs_open', 'ret_1m']",15,"CSRank(Sub(ZScore($F),ZScore(Std($F,N))))",CSRank>Sub>ZScore>ZScore>Std,CSRank:1|Std:1|Sub:1|ZScore:2,CSRank,4,depth_le_4,5,opcount_le_6,2,fieldcount_le_2,1,wincount_le_1,15,maxwin_le_15,8,complexity_le_10,phase3bp:aeed2370e068cfde3c707a7f,0.15741262,1,read_only_research_candidate,phase3bt_ast_fresh_preserving_hybrid: hybrid arm from phase3bp_true1min_rx_ucb_native: rx interaction m1_first5_vwap_open x ret_vol_15 spread,
phase3bt_00049,769baaff4e6b02469688e756,"CSRank(ZScore(Std(Div(Sub($high,$low),Add(Abs($open),0.000001)),15)))",rx_range_location::rank,phase3bt_ast_fresh_preserving_hybrid,phase3bt_ast_fresh_preserving_hybrid,high|low|open,"['high', 'low', 'open']",0,"CSRank(ZScore(Std(Div(Sub($F,$F),Add(Abs($F),N)),N)))",CSRank>ZScore>Std>Div>Sub>Add>Abs,Abs:1|Add:1|CSRank:1|Div:1|Std:1|Sub:1|ZScore:1,CSRank,6,depth_le_6,7,opcount_le_9,3,fieldcount_le_4,1,wincount_le_1,15,maxwin_le_15,11,complexity_le_14,phase3bp:769baaff4e6b02469688e756,0.15534325,1,read_only_research_candidate,phase3bt_ast_fresh_preserving_hybrid: hybrid arm from phase3bp_true1min_rx_ucb_native: rx atom transform range_vol_15,
phase3bt_00050,c74fe0e35d7fe173674966c4,"CSRank(Mul(ZScore(Sub(Div(Sub($close,$low),Add(Abs(Sub($high,$low)),0.000001)),Mean(Div(Sub($close,$low),Add(Abs(Sub($high,$low)),0.000001)),15))),ZScore(Div($m1_first5_vol,Add(Abs($volume),0.000001)))))",rx_interaction::rx_range_location::rx_opening_amount::product,phase3bt_ast_fresh_preserving_hybrid,phase3bt_ast_fresh_preserving_hybrid,close|high|low|m1_first5_vol|volume,"['close', 'high', 'low', 'm1_first5_vol', 'volume']",0,"CSRank(Mul(ZScore(Sub(Div(Sub($F,$F),Add(Abs(Sub($F,$F)),N)),Mean(Div(Sub($F,$F),Add(Abs(Sub($F,$F)),N)),N))),ZScore(Div($F,Add(Abs($F),N)))))",CSRank>Mul>ZScore>Sub>Div>Sub>Add>Abs>Sub>Mean,Abs:3|Add:3|CSRank:1|Div:3|Mean:1|Mul:1|Sub:5|ZScore:2,CSRank,9,depth_gt_8,19,opcount_gt_12,5,fieldcount_le_6,1,wincount_le_1,15,maxwin_le_15,25,complexity_gt_18,phase3bp:c74fe0e35d7fe173674966c4,0.1547125,1,read_only_research_candidate,phase3bt_ast_fresh_preserving_hybrid: hybrid arm from phase3bp_true1min_rx_ucb_native: rx interaction bar_loc_shift_15 x m1_first5_vol product,
phase3bt_00051,82d30a9f2fe5715cd3f2cc20,"CSRank(Mul(ZScore(Sub(Div(Sub($close,$low),Add(Abs(Sub($high,$low)),0.000001)),Mean(Div(Sub($close,$low),Add(Abs(Sub($high,$low)),0.000001)),15))),ZScore(Div($m1_first15_vol,Add(Abs($volume),0.000001)))))",rx_interaction::rx_range_location::rx_opening_amount::product,phase3bt_ast_fresh_preserving_hybrid,phase3bt_ast_fresh_preserving_hybrid,close|high|low|m1_first15_vol|volume,"['close', 'high', 'low', 'm1_first15_vol', 'volume']",0,"CSRank(Mul(ZScore(Sub(Div(Sub($F,$F),Add(Abs(Sub($F,$F)),N)),Mean(Div(Sub($F,$F),Add(Abs(Sub($F,$F)),N)),N))),ZScore(Div($F,Add(Abs($F),N)))))",CSRank>Mul>ZScore>Sub>Div>Sub>Add>Abs>Sub>Mean,Abs:3|Add:3|CSRank:1|Div:3|Mean:1|Mul:1|Sub:5|ZScore:2,CSRank,9,depth_gt_8,19,opcount_gt_12,5,fieldcount_le_6,1,wincount_le_1,15,maxwin_le_15,25,complexity_gt_18,phase3bp:82d30a9f2fe5715cd3f2cc20,0.15444828,1,read_only_research_candidate,phase3bt_ast_fresh_preserving_hybrid: hybrid arm from phase3bp_true1min_rx_ucb_native: rx interaction bar_loc_shift_15 x m1_first15_vol product,
phase3bt_00052,cc39d7f681d1d4c000a17559,"CSRank(Mul(ZScore(Sub(Div(Sub($close,$low),Add(Abs(Sub($high,$low)),0.000001)),Mean(Div(Sub($close,$low),Add(Abs(Sub($high,$low)),0.000001)),2))),ZScore(Div($m1_first30_vol,Add(Abs($volume),0.000001)))))",rx_interaction::rx_range_location::rx_opening_amount::product,phase3bt_ast_fresh_preserving_hybrid,phase3bt_ast_fresh_preserving_hybrid,close|high|low|m1_first30_vol|volume,"['close', 'high', 'low', 'm1_first30_vol', 'volume']",0,"CSRank(Mul(ZScore(Sub(Div(Sub($F,$F),Add(Abs(Sub($F,$F)),N)),Mean(Div(Sub($F,$F),Add(Abs(Sub($F,$F)),N)),N))),ZScore(Div($F,Add(Abs($F),N)))))",CSRank>Mul>ZScore>Sub>Div>Sub>Add>Abs>Sub>Mean,Abs:3|Add:3|CSRank:1|Div:3|Mean:1|Mul:1|Sub:5|ZScore:2,CSRank,9,depth_gt_8,19,opcount_gt_12,5,fieldcount_le_6,1,wincount_le_1,2,maxwin_le_5,25,complexity_gt_18,phase3bp:cc39d7f681d1d4c000a17559,0.15294966,1,read_only_research_candidate,phase3bt_ast_fresh_preserving_hybrid: hybrid arm from phase3bp_true1min_rx_ucb_native: rx interaction bar_loc_shift_2 x m1_first30_vol product,
phase3bt_00053,67ec1b49de73d74fc914e4fd,"CSRank(Sub(ZScore(Sub(Div(Sub($close,$low),Add(Abs(Sub($high,$low)),0.000001)),Mean(Div(Sub($close,$low),Add(Abs(Sub($high,$low)),0.000001)),5))),ZScore(Div($m1_first30_vol,Add(Abs($volume),0.000001)))))",rx_interaction::rx_range_location::rx_opening_amount::spread,phase3bt_ast_fresh_preserving_hybrid,phase3bt_ast_fresh_preserving_hybrid,close|high|low|m1_first30_vol|volume,"['close', 'high', 'low', 'm1_first30_vol', 'volume']",0,"CSRank(Sub(ZScore(Sub(Div(Sub($F,$F),Add(Abs(Sub($F,$F)),N)),Mean(Div(Sub($F,$F),Add(Abs(Sub($F,$F)),N)),N))),ZScore(Div($F,Add(Abs($F),N)))))",CSRank>Sub>ZScore>Sub>Div>Sub>Add>Abs>Sub>Mean,Abs:3|Add:3|CSRank:1|Div:3|Mean:1|Sub:6|ZScore:2,CSRank,9,depth_gt_8,19,opcount_gt_12,5,fieldcount_le_6,1,wincount_le_1,5,maxwin_le_5,25,complexity_gt_18,phase3bp:67ec1b49de73d74fc914e4fd,0.15054044,1,read_only_research_candidate,phase3bt_ast_fresh_preserving_hybrid: hybrid arm from phase3bp_true1min_rx_ucb_native: rx interaction bar_loc_shift_5 x m1_first30_vol spread,
phase3bt_00054,76ddc7bbf71d0e4e49a5db2e,"CSRank(Sub(ZScore(Delta($intraday_ret_from_open,5)),ZScore(Div($m1_first5_vol,Add(Abs($volume),0.000001)))))",rx_interaction::rx_intraday_return::rx_opening_amount::spread,phase3bt_ast_fresh_preserving_hybrid,phase3bt_ast_fresh_preserving_hybrid,intraday_ret_from_open|m1_first5_vol|volume,"['intraday_ret_from_open', 'm1_first5_vol', 'volume']",5,"CSRank(Sub(ZScore(Delta($F,N)),ZScore(Div($F,Add(Abs($F),N)))))",CSRank>Sub>ZScore>Delta>ZScore>Div>Add>Abs,Abs:1|Add:1|CSRank:1|Delta:1|Div:1|Sub:1|ZScore:2,CSRank,6,depth_le_6,8,opcount_le_9,3,fieldcount_le_4,1,wincount_le_1,5,maxwin_le_5,12,complexity_le_14,phase3bp:76ddc7bbf71d0e4e49a5db2e,0.14617906,1,read_only_research_candidate,phase3bt_ast_fresh_preserving_hybrid: hybrid arm from phase3bp_true1min_rx_ucb_native: rx interaction intraday_delta_5 x m1_first5_vol spread,
phase3bt_00055,6a34ee69ed140e50a64a69cf,"CSRank(Sub(ZScore(Delta($intraday_ret_from_open,5)),ZScore(Div($m1_first15_vol,Add(Abs($volume),0.000001)))))",rx_interaction::rx_intraday_return::rx_opening_amount::spread,phase3bt_ast_fresh_preserving_hybrid,phase3bt_ast_fresh_preserving_hybrid,intraday_ret_from_open|m1_first15_vol|volume,"['intraday_ret_from_open', 'm1_first15_vol', 'volume']",5,"CSRank(Sub(ZScore(Delta($F,N)),ZScore(Div($F,Add(Abs($F),N)))))",CSRank>Sub>ZScore>Delta>ZScore>Div>Add>Abs,Abs:1|Add:1|CSRank:1|Delta:1|Div:1|Sub:1|ZScore:2,CSRank,6,depth_le_6,8,opcount_le_9,3,fieldcount_le_4,1,wincount_le_1,5,maxwin_le_5,12,complexity_le_14,phase3bp:6a34ee69ed140e50a64a69cf,0.14573869,1,read_only_research_candidate,phase3bt_ast_fresh_preserving_hybrid: hybrid arm from phase3bp_true1min_rx_ucb_native: rx interaction intraday_delta_5 x m1_first15_vol spread,
phase3bt_00056,7a2c9851ca15d57d2cedf9e0,"CSRank(Sub(ZScore(Delta($ret_1m,8)),ZScore(Div($m1_first30_vol,Add(Abs($volume),0.000001)))))",rx_interaction::rx_intraday_return::rx_opening_amount::spread,phase3bt_ast_fresh_preserving_hybrid,phase3bt_ast_fresh_preserving_hybrid,m1_first30_vol|ret_1m|volume,"['m1_first30_vol', 'ret_1m', 'volume']",8,"CSRank(Sub(ZScore(Delta($F,N)),ZScore(Div($F,Add(Abs($F),N)))))",CSRank>Sub>ZScore>Delta>ZScore>Div>Add>Abs,Abs:1|Add:1|CSRank:1|Delta:1|Div:1|Sub:1|ZScore:2,CSRank,6,depth_le_6,8,opcount_le_9,3,fieldcount_le_4,1,wincount_le_1,8,maxwin_le_15,12,complexity_le_14,phase3bp:7a2c9851ca15d57d2cedf9e0,0.14528619,1,read_only_research_candidate,phase3bt_ast_fresh_preserving_hybrid: hybrid arm from phase3bp_true1min_rx_ucb_native: rx interaction ret_delta_8 x m1_first30_vol spread,
phase3bt_00057,318eeb7f80eac303d7dbadec,"CSRank(Mul(ZScore(Delta(Delta($intraday_ret_from_open,30),2)),ZScore(Std($ret_1m,15))))",cem_resample::rx_intraday_return::rx_volatility_state::elite_delta_product,phase3bt_ast_fresh_preserving_hybrid,phase3bt_ast_fresh_preserving_hybrid,intraday_ret_from_open|ret_1m,"['intraday_ret_from_open', 'ret_1m']",30,"CSRank(Mul(ZScore(Delta(Delta($F,N),N)),ZScore(Std($F,N))))",CSRank>Mul>ZScore>Delta>Delta>ZScore>Std,CSRank:1|Delta:2|Mul:1|Std:1|ZScore:2,CSRank,5,depth_le_6,7,opcount_le_9,2,fieldcount_le_2,3,wincount_le_4,30,maxwin_le_30,12,complexity_le_14,phase3bp:318eeb7f80eac303d7dbadec,0.30551405,1,read_only_research_candidate,phase3bt_ast_fresh_preserving_hybrid: hybrid arm from phase3bp_true1min_cem_elite: cem round 2 elite resample intraday_delta_30 x ret_vol_15,0.31436505
phase3bt_00058,3fff00e7ba65f5274e02af6b,"CSRank(Mul(ZScore(Delta(Delta($intraday_ret_from_open,30),2)),ZScore(Std($ret_1m,8))))",cem_resample::rx_intraday_return::rx_volatility_state::elite_delta_product,phase3bt_ast_fresh_preserving_hybrid,phase3bt_ast_fresh_preserving_hybrid,intraday_ret_from_open|ret_1m,"['intraday_ret_from_open', 'ret_1m']",30,"CSRank(Mul(ZScore(Delta(Delta($F,N),N)),ZScore(Std($F,N))))",CSRank>Mul>ZScore>Delta>Delta>ZScore>Std,CSRank:1|Delta:2|Mul:1|Std:1|ZScore:2,CSRank,5,depth_le_6,7,opcount_le_9,2,fieldcount_le_2,3,wincount_le_4,30,maxwin_le_30,12,complexity_le_14,phase3bp:3fff00e7ba65f5274e02af6b,0.30618157,1,read_only_research_candidate,phase3bt_ast_fresh_preserving_hybrid: hybrid arm from phase3bp_true1min_cem_elite: cem round 1 elite resample intraday_delta_30 x ret_vol_8,0.31422957
phase3bt_00059,6bef5b1a9fc4e366dd6f421b,"CSRank(Mul(ZScore(Delta(Delta($intraday_ret_from_open,15),2)),ZScore(Std($ret_1m,30))))",cem_resample::rx_intraday_return::rx_volatility_state::elite_delta_product,phase3bt_ast_fresh_preserving_hybrid,phase3bt_ast_fresh_preserving_hybrid,intraday_ret_from_open|ret_1m,"['intraday_ret_from_open', 'ret_1m']",30,"CSRank(Mul(ZScore(Delta(Delta($F,N),N)),ZScore(Std($F,N))))",CSRank>Mul>ZScore>Delta>Delta>ZScore>Std,CSRank:1|Delta:2|Mul:1|Std:1|ZScore:2,CSRank,5,depth_le_6,7,opcount_le_9,2,fieldcount_le_2,3,wincount_le_4,30,maxwin_le_30,12,complexity_le_14,phase3bp:6bef5b1a9fc4e366dd6f421b,0.30551405,1,read_only_research_candidate,phase3bt_ast_fresh_preserving_hybrid: hybrid arm from phase3bp_true1min_cem_elite: cem round 3 elite resample intraday_delta_15 x ret_vol_30,0.31414105
phase3bt_00060,ef1c872be810ff9c30813b3e,"CSRank(Mul(ZScore(Delta(Delta($intraday_ret_from_open,10),2)),ZScore(Std($ret_1m,30))))",cem_resample::rx_intraday_return::rx_volatility_state::elite_delta_product,phase3bt_ast_fresh_preserving_hybrid,phase3bt_ast_fresh_preserving_hybrid,intraday_ret_from_open|ret_1m,"['intraday_ret_from_open', 'ret_1m']",30,"CSRank(Mul(ZScore(Delta(Delta($F,N),N)),ZScore(Std($F,N))))",CSRank>Mul>ZScore>Delta>Delta>ZScore>Std,CSRank:1|Delta:2|Mul:1|Std:1|ZScore:2,CSRank,5,depth_le_6,7,opcount_le_9,2,fieldcount_le_2,3,wincount_le_4,30,maxwin_le_30,12,complexity_le_14,phase3bp:ef1c872be810ff9c30813b3e,0.30552426,1,read_only_research_candidate,phase3bt_ast_fresh_preserving_hybrid: hybrid arm from phase3bp_true1min_cem_elite: cem round 2 elite resample intraday_delta_10 x ret_vol_30,0.31393126
phase3bt_00061,66c93d429fe16ff1ae8d6c4b,"CSRank(Mul(ZScore(Delta(Delta($intraday_ret_from_open,30),2)),ZScore(Std($ret_1m,10))))",cem_resample::rx_intraday_return::rx_volatility_state::elite_delta_product,phase3bt_ast_fresh_preserving_hybrid,phase3bt_ast_fresh_preserving_hybrid,intraday_ret_from_open|ret_1m,"['intraday_ret_from_open', 'ret_1m']",30,"CSRank(Mul(ZScore(Delta(Delta($F,N),N)),ZScore(Std($F,N))))",CSRank>Mul>ZScore>Delta>Delta>ZScore>Std,CSRank:1|Delta:2|Mul:1|Std:1|ZScore:2,CSRank,5,depth_le_6,7,opcount_le_9,2,fieldcount_le_2,3,wincount_le_4,30,maxwin_le_30,12,complexity_le_14,phase3bp:66c93d429fe16ff1ae8d6c4b,0.30552426,1,read_only_research_candidate,phase3bt_ast_fresh_preserving_hybrid: hybrid arm from phase3bp_true1min_cem_elite: cem round 1 elite resample intraday_delta_30 x ret_vol_10,0.31371326
phase3bt_00062,78690069bb6b21c754e6aa23,"CSRank(Mul(ZScore(Delta(Delta($intraday_ret_from_open,20),2)),ZScore(Delta($amount,30))))",cem_resample::rx_intraday_return::rx_flow_amount_volume::elite_delta_product,phase3bt_ast_fresh_preserving_hybrid,phase3bt_ast_fresh_preserving_hybrid,amount|intraday_ret_from_open,"['amount', 'intraday_ret_from_open']",30,"CSRank(Mul(ZScore(Delta(Delta($F,N),N)),ZScore(Delta($F,N))))",CSRank>Mul>ZScore>Delta>Delta>ZScore>Delta,CSRank:1|Delta:3|Mul:1|ZScore:2,CSRank,5,depth_le_6,7,opcount_le_9,2,fieldcount_le_2,3,wincount_le_4,30,maxwin_le_30,12,complexity_le_14,phase3bp:78690069bb6b21c754e6aa23,0.20576056,1,read_only_research_candidate,phase3bt_ast_fresh_preserving_hybrid: hybrid arm from phase3bp_true1min_cem_elite: cem round 2 elite resample intraday_delta_20 x amount_delta_30,0.21396056
phase3bt_00063,73cf6ff5a864edeb580132b2,"CSRank(Mul(Sign(ZScore(Delta($ret_1m,30))),ZScore(Std(Div(Sub($high,$low),Add(Abs($open),0.000001)),20))))",cem_interaction::rx_intraday_return::rx_range_location::signed_state,phase3bt_ast_fresh_preserving_hybrid,phase3bt_ast_fresh_preserving_hybrid,high|low|open|ret_1m,"['high', 'low', 'open', 'ret_1m']",30,"CSRank(Mul(Sign(ZScore(Delta($F,N))),ZScore(Std(Div(Sub($F,$F),Add(Abs($F),N)),N))))",CSRank>Mul>Sign>ZScore>Delta>ZScore>Std>Div>Sub>Add,Abs:1|Add:1|CSRank:1|Delta:1|Div:1|Mul:1|Sign:1|Std:1|Sub:1|ZScore:2,CSRank,7,depth_le_8,11,opcount_le_12,4,fieldcount_le_4,2,wincount_le_2,30,maxwin_le_30,17,complexity_le_18,phase3bp:73cf6ff5a864edeb580132b2,0.22703176,1,read_only_research_candidate,phase3bt_ast_fresh_preserving_hybrid: hybrid arm from phase3bp_true1min_cem_elite: cem seed interaction ret_delta_30 x range_vol_20 signed_state,0.21377476
phase3bt_00064,dbaec57c3cf34b9cdb471b39,"CSRank(Mul(Sign(ZScore(Delta($ret_1m,20))),ZScore(Std(Div(Sub($high,$low),Add(Abs($open),0.000001)),30))))",cem_interaction::rx_intraday_return::rx_range_location::signed_state,phase3bt_ast_fresh_preserving_hybrid,phase3bt_ast_fresh_preserving_hybrid,high|low|open|ret_1m,"['high', 'low', 'open', 'ret_1m']",20,"CSRank(Mul(Sign(ZScore(Delta($F,N))),ZScore(Std(Div(Sub($F,$F),Add(Abs($F),N)),N))))",CSRank>Mul>Sign>ZScore>Delta>ZScore>Std>Div>Sub>Add,Abs:1|Add:1|CSRank:1|Delta:1|Div:1|Mul:1|Sign:1|Std:1|Sub:1|ZScore:2,CSRank,7,depth_le_8,11,opcount_le_12,4,fieldcount_le_4,2,wincount_le_2,30,maxwin_le_30,17,complexity_le_18,phase3bp:dbaec57c3cf34b9cdb471b39,0.22703176,1,read_only_research_candidate,phase3bt_ast_fresh_preserving_hybrid: hybrid arm from phase3bp_true1min_cem_elite: cem seed interaction ret_delta_20 x range_vol_30 signed_state,0.21315676
phase3bt_00065,bedc23cb29c7f837b849c758,"Neg(CSRank(Mul(ZScore(Delta($intraday_ret_from_open,20)),ZScore(Delta($amount,30)))))",cem_resample::rx_intraday_return::rx_flow_amount_volume::elite_inverted_product,phase3bt_ast_fresh_preserving_hybrid,phase3bt_ast_fresh_preserving_hybrid,amount|intraday_ret_from_open,"['amount', 'intraday_ret_from_open']",30,"Neg(CSRank(Mul(ZScore(Delta($F,N)),ZScore(Delta($F,N)))))",Neg>CSRank>Mul>ZScore>Delta>ZScore>Delta,CSRank:1|Delta:2|Mul:1|Neg:1|ZScore:2,Neg,5,depth_le_6,7,opcount_le_9,2,fieldcount_le_2,2,wincount_le_2,30,maxwin_le_30,11,complexity_le_14,phase3bp:bedc23cb29c7f837b849c758,0.20395168,1,read_only_research_candidate,phase3bt_ast_fresh_preserving_hybrid: hybrid arm from phase3bp_true1min_cem_elite: cem round 3 elite resample intraday_delta_20 x amount_delta_30,0.21214668
phase3bt_00066,dd12a2df5b6c67014fac7978,"CSRank(Mul(Sign(ZScore(Delta($ret_1m,30))),ZScore(Std(Div(Sub($high,$low),Add(Abs($open),0.000001)),30))))",cem_interaction::rx_intraday_return::rx_range_location::signed_state,phase3bt_ast_fresh_preserving_hybrid,phase3bt_ast_fresh_preserving_hybrid,high|low|open|ret_1m,"['high', 'low', 'open', 'ret_1m']",30,"CSRank(Mul(Sign(ZScore(Delta($F,N))),ZScore(Std(Div(Sub($F,$F),Add(Abs($F),N)),N))))",CSRank>Mul>Sign>ZScore>Delta>ZScore>Std>Div>Sub>Add,Abs:1|Add:1|CSRank:1|Delta:1|Div:1|Mul:1|Sign:1|Std:1|Sub:1|ZScore:2,CSRank,7,depth_le_8,11,opcount_le_12,4,fieldcount_le_4,1,wincount_le_1,30,maxwin_le_30,16,complexity_le_18,phase3bp:dd12a2df5b6c67014fac7978,0.22499681,1,read_only_research_candidate,phase3bt_ast_fresh_preserving_hybrid: hybrid arm from phase3bp_true1min_cem_elite: cem seed interaction ret_delta_30 x range_vol_30 signed_state,0.21122281
phase3bt_00067,f563a5de608bde02142566ba,"CSRank(Mul(Sign(ZScore(Delta($ret_1m,20))),ZScore(Std(Div(Sub($high,$low),Add(Abs($open),0.000001)),8))))",cem_interaction::rx_intraday_return::rx_range_location::signed_state,phase3bt_ast_fresh_preserving_hybrid,phase3bt_ast_fresh_preserving_hybrid,high|low|open|ret_1m,"['high', 'low', 'open', 'ret_1m']",20,"CSRank(Mul(Sign(ZScore(Delta($F,N))),ZScore(Std(Div(Sub($F,$F),Add(Abs($F),N)),N))))",CSRank>Mul>Sign>ZScore>Delta>ZScore>Std>Div>Sub>Add,Abs:1|Add:1|CSRank:1|Delta:1|Div:1|Mul:1|Sign:1|Std:1|Sub:1|ZScore:2,CSRank,7,depth_le_8,11,opcount_le_12,4,fieldcount_le_4,2,wincount_le_2,20,maxwin_le_30,17,complexity_le_18,phase3bp:f563a5de608bde02142566ba,0.22356633,1,read_only_research_candidate,phase3bt_ast_fresh_preserving_hybrid: hybrid arm from phase3bp_true1min_cem_elite: cem seed interaction ret_delta_20 x range_vol_8 signed_state,0.21039533
phase3bt_00068,855bf19c03233ff0dfa5cbe1,"CSRank(Mul(Sign(ZScore(Delta($ret_1m,8))),ZScore(Std(Div(Sub($high,$low),Add(Abs($open),0.000001)),20))))",cem_interaction::rx_intraday_return::rx_range_location::signed_state,phase3bt_ast_fresh_preserving_hybrid,phase3bt_ast_fresh_preserving_hybrid,high|low|open|ret_1m,"['high', 'low', 'open', 'ret_1m']",8,"CSRank(Mul(Sign(ZScore(Delta($F,N))),ZScore(Std(Div(Sub($F,$F),Add(Abs($F),N)),N))))",CSRank>Mul>Sign>ZScore>Delta>ZScore>Std>Div>Sub>Add,Abs:1|Add:1|CSRank:1|Delta:1|Div:1|Mul:1|Sign:1|Std:1|Sub:1|ZScore:2,CSRank,7,depth_le_8,11,opcount_le_12,4,fieldcount_le_4,2,wincount_le_2,20,maxwin_le_30,17,complexity_le_18,phase3bp:855bf19c03233ff0dfa5cbe1,0.22356633,1,read_only_research_candidate,phase3bt_ast_fresh_preserving_hybrid: hybrid arm from phase3bp_true1min_cem_elite: cem seed interaction ret_delta_8 x range_vol_20 signed_state,0.21039133
phase3bt_00069,df3d3998e9f1b61e149647d1,"CSRank(Mul(ZScore(Delta(Delta($intraday_ret_from_open,8),2)),ZScore(Delta($amount,30))))",cem_resample::rx_intraday_return::rx_flow_amount_volume::elite_delta_product,phase3bt_ast_fresh_preserving_hybrid,phase3bt_ast_fresh_preserving_hybrid,amount|intraday_ret_from_open,"['amount', 'intraday_ret_from_open']",30,"CSRank(Mul(ZScore(Delta(Delta($F,N),N)),ZScore(Delta($F,N))))",CSRank>Mul>ZScore>Delta>Delta>ZScore>Delta,CSRank:1|Delta:3|Mul:1|ZScore:2,CSRank,5,depth_le_6,7,opcount_le_9,2,fieldcount_le_2,3,wincount_le_4,30,maxwin_le_30,12,complexity_le_14,phase3bp:df3d3998e9f1b61e149647d1,0.20153035,1,read_only_research_candidate,phase3bt_ast_fresh_preserving_hybrid: hybrid arm from phase3bp_true1min_cem_elite: cem round 1 elite resample intraday_delta_8 x amount_delta_30,0.20973135
phase3bt_00070,6237dee3002c161f0a2c22da,"CSRank(Mul(ZScore(Delta(Delta($intraday_ret_from_open,10),2)),ZScore(Delta($amount,30))))",cem_resample::rx_intraday_return::rx_flow_amount_volume::elite_delta_product,phase3bt_ast_fresh_preserving_hybrid,phase3bt_ast_fresh_preserving_hybrid,amount|intraday_ret_from_open,"['amount', 'intraday_ret_from_open']",30,"CSRank(Mul(ZScore(Delta(Delta($F,N),N)),ZScore(Delta($F,N))))",CSRank>Mul>ZScore>Delta>Delta>ZScore>Delta,CSRank:1|Delta:3|Mul:1|ZScore:2,CSRank,5,depth_le_6,7,opcount_le_9,2,fieldcount_le_2,3,wincount_le_4,30,maxwin_le_30,12,complexity_le_14,phase3bp:6237dee3002c161f0a2c22da,0.20087304,1,read_only_research_candidate,phase3bt_ast_fresh_preserving_hybrid: hybrid arm from phase3bp_true1min_cem_elite: cem round 3 elite resample intraday_delta_10 x amount_delta_30,0.20970304
phase3bt_00071,35e6d7f86bd5e02622b017ab,"CSRank(Mul(Sign(ZScore(Delta($intraday_ret_from_open,8))),ZScore(Delta($amount,20))))",cem_interaction::rx_intraday_return::rx_flow_amount_volume::signed_state,phase3bt_ast_fresh_preserving_hybrid,phase3bt_ast_fresh_preserving_hybrid,amount|intraday_ret_from_open,"['amount', 'intraday_ret_from_open']",20,"CSRank(Mul(Sign(ZScore(Delta($F,N))),ZScore(Delta($F,N))))",CSRank>Mul>Sign>ZScore>Delta>ZScore>Delta,CSRank:1|Delta:2|Mul:1|Sign:1|ZScore:2,CSRank,5,depth_le_6,7,opcount_le_9,2,fieldcount_le_2,2,wincount_le_2,20,maxwin_le_30,11,complexity_le_14,phase3bp:35e6d7f86bd5e02622b017ab,0.20104264,1,read_only_research_candidate,phase3bt_ast_fresh_preserving_hybrid: hybrid arm from phase3bp_true1min_cem_elite: cem seed interaction intraday_delta_8 x amount_delta_20 signed_state,0.20954564
phase3bt_00072,73de9e0962b028a520de9d33,"CSRank(Mul(Sign(ZScore(Delta($intraday_ret_from_open,20))),ZScore(Delta($volume,8))))",cem_interaction::rx_intraday_return::rx_flow_amount_volume::signed_state,phase3bt_ast_fresh_preserving_hybrid,phase3bt_ast_fresh_preserving_hybrid,intraday_ret_from_open|volume,"['intraday_ret_from_open', 'volume']",20,"CSRank(Mul(Sign(ZScore(Delta($F,N))),ZScore(Delta($F,N))))",CSRank>Mul>Sign>ZScore>Delta>ZScore>Delta,CSRank:1|Delta:2|Mul:1|Sign:1|ZScore:2,CSRank,5,depth_le_6,7,opcount_le_9,2,fieldcount_le_2,2,wincount_le_2,20,maxwin_le_30,11,complexity_le_14,phase3bp:73de9e0962b028a520de9d33,0.1999996,1,read_only_research_candidate,phase3bt_ast_fresh_preserving_hybrid: hybrid arm from phase3bp_true1min_cem_elite: cem seed interaction intraday_delta_20 x volume_delta_8 signed_state,0.2086296
phase3bt_00073,6954f06760b31948d8c17de7,"CSRank(Mul(Sign(ZScore(Delta($intraday_ret_from_open,8))),ZScore(Delta($volume,20))))",cem_interaction::rx_intraday_return::rx_flow_amount_volume::signed_state,phase3bt_ast_fresh_preserving_hybrid,phase3bt_ast_fresh_preserving_hybrid,intraday_ret_from_open|volume,"['intraday_ret_from_open', 'volume']",20,"CSRank(Mul(Sign(ZScore(Delta($F,N))),ZScore(Delta($F,N))))",CSRank>Mul>Sign>ZScore>Delta>ZScore>Delta,CSRank:1|Delta:2|Mul:1|Sign:1|ZScore:2,CSRank,5,depth_le_6,7,opcount_le_9,2,fieldcount_le_2,2,wincount_le_2,20,maxwin_le_30,11,complexity_le_14,phase3bp:6954f06760b31948d8c17de7,0.1999996,1,read_only_research_candidate,phase3bt_ast_fresh_preserving_hybrid: hybrid arm from phase3bp_true1min_cem_elite: cem seed interaction intraday_delta_8 x volume_delta_20 signed_state,0.2080236
phase3bt_00074,e0f588c4752f7fe4c02675a0,"CSRank(Mul(Sign(ZScore(Delta($intraday_ret_from_open,20))),ZScore(Delta($volume,10))))",cem_interaction::rx_intraday_return::rx_flow_amount_volume::signed_state,phase3bt_ast_fresh_preserving_hybrid,phase3bt_ast_fresh_preserving_hybrid,intraday_ret_from_open|volume,"['intraday_ret_from_open', 'volume']",20,"CSRank(Mul(Sign(ZScore(Delta($F,N))),ZScore(Delta($F,N))))",CSRank>Mul>Sign>ZScore>Delta>ZScore>Delta,CSRank:1|Delta:2|Mul:1|Sign:1|ZScore:2,CSRank,5,depth_le_6,7,opcount_le_9,2,fieldcount_le_2,2,wincount_le_2,20,maxwin_le_30,11,complexity_le_14,phase3bp:e0f588c4752f7fe4c02675a0,0.19901364,1,read_only_research_candidate,phase3bt_ast_fresh_preserving_hybrid: hybrid arm from phase3bp_true1min_cem_elite: cem seed interaction intraday_delta_20 x volume_delta_10 signed_state,0.20793364
phase3bt_00075,9cfed027490c9c0637b838ec,"CSRank(Mul(Sign(ZScore(Delta($intraday_ret_from_open,10))),ZScore(Delta($volume,20))))",cem_interaction::rx_intraday_return::rx_flow_amount_volume::signed_state,phase3bt_ast_fresh_preserving_hybrid,phase3bt_ast_fresh_preserving_hybrid,intraday_ret_from_open|volume,"['intraday_ret_from_open', 'volume']",20,"CSRank(Mul(Sign(ZScore(Delta($F,N))),ZScore(Delta($F,N))))",CSRank>Mul>Sign>ZScore>Delta>ZScore>Delta,CSRank:1|Delta:2|Mul:1|Sign:1|ZScore:2,CSRank,5,depth_le_6,7,opcount_le_9,2,fieldcount_le_2,2,wincount_le_2,20,maxwin_le_30,11,complexity_le_14,phase3bp:9cfed027490c9c0637b838ec,0.19901364,1,read_only_research_candidate,phase3bt_ast_fresh_preserving_hybrid: hybrid arm from phase3bp_true1min_cem_elite: cem seed interaction intraday_delta_10 x volume_delta_20 signed_state,0.20786164
phase3bt_00076,e4e3847bd0a3191f197fcf12,"CSRank(Mul(Sign(ZScore(Delta($intraday_ret_from_open,20))),ZScore(Delta($volume,15))))",cem_interaction::rx_intraday_return::rx_flow_amount_volume::signed_state,phase3bt_ast_fresh_preserving_hybrid,phase3bt_ast_fresh_preserving_hybrid,intraday_ret_from_open|volume,"['intraday_ret_from_open', 'volume']",20,"CSRank(Mul(Sign(ZScore(Delta($F,N))),ZScore(Delta($F,N))))",CSRank>Mul>Sign>ZScore>Delta>ZScore>Delta,CSRank:1|Delta:2|Mul:1|Sign:1|ZScore:2,CSRank,5,depth_le_6,7,opcount_le_9,2,fieldcount_le_2,2,wincount_le_2,20,maxwin_le_30,11,complexity_le_14,phase3bp:e4e3847bd0a3191f197fcf12,0.19899832,1,read_only_research_candidate,phase3bt_ast_fresh_preserving_hybrid: hybrid arm from phase3bp_true1min_cem_elite: cem seed interaction intraday_delta_20 x volume_delta_15 signed_state,0.20745032
phase3bt_00077,067bc76a6d2933fe073340d1,"CSRank(Mul(Sign(ZScore(Delta($intraday_ret_from_open,8))),ZScore(Div($m1_first30_vol,Add(Abs($volume),0.000001)))))",cem_interaction::rx_intraday_return::rx_opening_amount::signed_state,phase3bt_ast_fresh_preserving_hybrid,phase3bt_ast_fresh_preserving_hybrid,intraday_ret_from_open|m1_first30_vol|volume,"['intraday_ret_from_open', 'm1_first30_vol', 'volume']",8,"CSRank(Mul(Sign(ZScore(Delta($F,N))),ZScore(Div($F,Add(Abs($F),N)))))",CSRank>Mul>Sign>ZScore>Delta>ZScore>Div>Add>Abs,Abs:1|Add:1|CSRank:1|Delta:1|Div:1|Mul:1|Sign:1|ZScore:2,CSRank,6,depth_le_6,9,opcount_le_9,3,fieldcount_le_4,1,wincount_le_1,8,maxwin_le_15,13,complexity_le_14,phase3bp:067bc76a6d2933fe073340d1,0.19434373,1,read_only_research_candidate,phase3bt_ast_fresh_preserving_hybrid: hybrid arm from phase3bp_true1min_cem_elite: cem seed interaction intraday_delta_8 x m1_first30_vol signed_state,0.18924673
phase3bt_00078,879dacd36de63950d6394dcf,"CSRank(Mul(Sign(ZScore(Delta($intraday_ret_from_open,10))),ZScore(Div($m1_first30_vol,Add(Abs($volume),0.000001)))))",cem_interaction::rx_intraday_return::rx_opening_amount::signed_state,phase3bt_ast_fresh_preserving_hybrid,phase3bt_ast_fresh_preserving_hybrid,intraday_ret_from_open|m1_first30_vol|volume,"['intraday_ret_from_open', 'm1_first30_vol', 'volume']",10,"CSRank(Mul(Sign(ZScore(Delta($F,N))),ZScore(Div($F,Add(Abs($F),N)))))",CSRank>Mul>Sign>ZScore>Delta>ZScore>Div>Add>Abs,Abs:1|Add:1|CSRank:1|Delta:1|Div:1|Mul:1|Sign:1|ZScore:2,CSRank,6,depth_le_6,9,opcount_le_9,3,fieldcount_le_4,1,wincount_le_1,10,maxwin_le_15,13,complexity_le_14,phase3bp:879dacd36de63950d6394dcf,0.19237181,1,read_only_research_candidate,phase3bt_ast_fresh_preserving_hybrid: hybrid arm from phase3bp_true1min_cem_elite: cem seed interaction intraday_delta_10 x m1_first30_vol signed_state,0.18709581
phase3bt_00079,42903e02e589b5c573631fd2,"CSRank(Mul(Sign(ZScore(Delta($intraday_ret_from_open,15))),ZScore(Div($m1_first30_vol,Add(Abs($volume),0.000001)))))",cem_interaction::rx_intraday_return::rx_opening_amount::signed_state,phase3bt_ast_fresh_preserving_hybrid,phase3bt_ast_fresh_preserving_hybrid,intraday_ret_from_open|m1_first30_vol|volume,"['intraday_ret_from_open', 'm1_first30_vol', 'volume']",15,"CSRank(Mul(Sign(ZScore(Delta($F,N))),ZScore(Div($F,Add(Abs($F),N)))))",CSRank>Mul>Sign>ZScore>Delta>ZScore>Div>Add>Abs,Abs:1|Add:1|CSRank:1|Delta:1|Div:1|Mul:1|Sign:1|ZScore:2,CSRank,6,depth_le_6,9,opcount_le_9,3,fieldcount_le_4,1,wincount_le_1,15,maxwin_le_15,13,complexity_le_14,phase3bp:42903e02e589b5c573631fd2,0.19234117,1,read_only_research_candidate,phase3bt_ast_fresh_preserving_hybrid: hybrid arm from phase3bp_true1min_cem_elite: cem seed interaction intraday_delta_15 x m1_first30_vol signed_state,0.18664317
phase3bt_00080,45e9f30da9d7de8f90d99078,"CSRank(Mul(Sign(ZScore(Sub(Div(Sub($close,$low),Add(Abs(Sub($high,$low)),0.000001)),Mean(Div(Sub($close,$low),Add(Abs(Sub($high,$low)),0.000001)),30)))),ZScore(Div(Mean($volume,8),Add(Abs(Mean($volume,20)),0.000001)))))",cem_interaction::rx_range_location::rx_flow_amount_volume::signed_state,phase3bt_ast_fresh_preserving_hybrid,phase3bt_ast_fresh_preserving_hybrid,close|high|low|volume,"['close', 'high', 'low', 'volume']",20,"CSRank(Mul(Sign(ZScore(Sub(Div(Sub($F,$F),Add(Abs(Sub($F,$F)),N)),Mean(Div(Sub($F,$F),Add(Abs(Sub($F,$F)),N)),N)))),ZScore(Div(Mean($F,N),Add(Abs(Mean($F,N)),N)))))",CSRank>Mul>Sign>ZScore>Sub>Div>Sub>Add>Abs>Sub,Abs:3|Add:3|CSRank:1|Div:3|Mean:3|Mul:1|Sign:1|Sub:5|ZScore:2,CSRank,10,depth_gt_8,22,opcount_gt_12,4,fieldcount_le_4,3,wincount_le_4,30,maxwin_le_30,29,complexity_gt_18,phase3bp:45e9f30da9d7de8f90d99078,0.19122616,1,read_only_research_candidate,phase3bt_ast_fresh_preserving_hybrid: hybrid arm from phase3bp_true1min_cem_elite: cem seed interaction bar_loc_shift_30 x volume_curve_8_20 signed_state,0.18410116
phase3bt_00081,478646a5162d80e113079261,"CSRank(Mul(Sign(ZScore(Sub(Div(Sub($close,$low),Add(Abs(Sub($high,$low)),0.000001)),Mean(Div(Sub($close,$low),Add(Abs(Sub($high,$low)),0.000001)),30)))),ZScore(Div(Mean($amount,8),Add(Abs(Mean($amount,20)),0.000001)))))",cem_interaction::rx_range_location::rx_flow_amount_volume::signed_state,phase3bt_ast_fresh_preserving_hybrid,phase3bt_ast_fresh_preserving_hybrid,amount|close|high|low,"['amount', 'close', 'high', 'low']",20,"CSRank(Mul(Sign(ZScore(Sub(Div(Sub($F,$F),Add(Abs(Sub($F,$F)),N)),Mean(Div(Sub($F,$F),Add(Abs(Sub($F,$F)),N)),N)))),ZScore(Div(Mean($F,N),Add(Abs(Mean($F,N)),N)))))",CSRank>Mul>Sign>ZScore>Sub>Div>Sub>Add>Abs>Sub,Abs:3|Add:3|CSRank:1|Div:3|Mean:3|Mul:1|Sign:1|Sub:5|ZScore:2,CSRank,10,depth_gt_8,22,opcount_gt_12,4,fieldcount_le_4,3,wincount_le_4,30,maxwin_le_30,29,complexity_gt_18,phase3bp:478646a5162d80e113079261,0.19153633,1,read_only_research_candidate,phase3bt_ast_fresh_preserving_hybrid: hybrid arm from phase3bp_true1min_cem_elite: cem seed interaction bar_loc_shift_30 x amount_curve_8_20 signed_state,0.18396633
phase3bt_00082,d2592fb11e304537bc95782d,"CSRank(Mul(Sign(ZScore(Sub(Div(Sub($close,$low),Add(Abs(Sub($high,$low)),0.000001)),Mean(Div(Sub($close,$low),Add(Abs(Sub($high,$low)),0.000001)),20)))),ZScore(Div(Mean($amount,10),Add(Abs(Mean($amount,30)),0.000001)))))",cem_interaction::rx_range_location::rx_flow_amount_volume::signed_state,phase3bt_ast_fresh_preserving_hybrid,phase3bt_ast_fresh_preserving_hybrid,amount|close|high|low,"['amount', 'close', 'high', 'low']",30,"CSRank(Mul(Sign(ZScore(Sub(Div(Sub($F,$F),Add(Abs(Sub($F,$F)),N)),Mean(Div(Sub($F,$F),Add(Abs(Sub($F,$F)),N)),N)))),ZScore(Div(Mean($F,N),Add(Abs(Mean($F,N)),N)))))",CSRank>Mul>Sign>ZScore>Sub>Div>Sub>Add>Abs>Sub,Abs:3|Add:3|CSRank:1|Div:3|Mean:3|Mul:1|Sign:1|Sub:5|ZScore:2,CSRank,10,depth_gt_8,22,opcount_gt_12,4,fieldcount_le_4,3,wincount_le_4,30,maxwin_le_30,29,complexity_gt_18,phase3bp:d2592fb11e304537bc95782d,0.19087903,1,read_only_research_candidate,phase3bt_ast_fresh_preserving_hybrid: hybrid arm from phase3bp_true1min_cem_elite: cem seed interaction bar_loc_shift_20 x amount_curve_10_30 signed_state,0.18327003
phase3bt_00083,489426c2cb396376a2ce3953,"CSRank(Mul(Sign(ZScore(Sub(Div(Sub($close,$low),Add(Abs(Sub($high,$low)),0.000001)),Mean(Div(Sub($close,$low),Add(Abs(Sub($high,$low)),0.000001)),20)))),ZScore(Div(Mean($volume,10),Add(Abs(Mean($volume,30)),0.000001)))))",cem_interaction::rx_range_location::rx_flow_amount_volume::signed_state,phase3bt_ast_fresh_preserving_hybrid,phase3bt_ast_fresh_preserving_hybrid,close|high|low|volume,"['close', 'high', 'low', 'volume']",30,"CSRank(Mul(Sign(ZScore(Sub(Div(Sub($F,$F),Add(Abs(Sub($F,$F)),N)),Mean(Div(Sub($F,$F),Add(Abs(Sub($F,$F)),N)),N)))),ZScore(Div(Mean($F,N),Add(Abs(Mean($F,N)),N)))))",CSRank>Mul>Sign>ZScore>Sub>Div>Sub>Add>Abs>Sub,Abs:3|Add:3|CSRank:1|Div:3|Mean:3|Mul:1|Sign:1|Sub:5|ZScore:2,CSRank,10,depth_gt_8,22,opcount_gt_12,4,fieldcount_le_4,3,wincount_le_4,30,maxwin_le_30,29,complexity_gt_18,phase3bp:489426c2cb396376a2ce3953,0.19056886,1,read_only_research_candidate,phase3bt_ast_fresh_preserving_hybrid: hybrid arm from phase3bp_true1min_cem_elite: cem seed interaction bar_loc_shift_20 x volume_curve_10_30 signed_state,0.18308686
phase3bt_00084,d5c8a553b7d0ef3d835fcd48,"CSRank(Sub(ZScore(Sub(Div(Sub($close,$low),Add(Abs(Sub($high,$low)),0.000001)),Mean(Div(Sub($close,$low),Add(Abs(Sub($high,$low)),0.000001)),15))),ZScore(Div(Mean($volume,10),Add(Abs(Mean($volume,30)),0.000001)))))",cem_interaction::rx_range_location::rx_flow_amount_volume::spread,phase3bt_ast_fresh_preserving_hybrid,phase3bt_ast_fresh_preserving_hybrid,close|high|low|volume,"['close', 'high', 'low', 'volume']",30,"CSRank(Sub(ZScore(Sub(Div(Sub($F,$F),Add(Abs(Sub($F,$F)),N)),Mean(Div(Sub($F,$F),Add(Abs(Sub($F,$F)),N)),N))),ZScore(Div(Mean($F,N),Add(Abs(Mean($F,N)),N)))))",CSRank>Sub>ZScore>Sub>Div>Sub>Add>Abs>Sub>Mean,Abs:3|Add:3|CSRank:1|Div:3|Mean:3|Sub:6|ZScore:2,CSRank,9,depth_gt_8,21,opcount_gt_12,4,fieldcount_le_4,3,wincount_le_4,30,maxwin_le_30,28,complexity_gt_18,phase3bp:d5c8a553b7d0ef3d835fcd48,0.17847949,1,read_only_research_candidate,phase3bt_ast_fresh_preserving_hybrid: hybrid arm from phase3bp_true1min_cem_elite: cem seed interaction bar_loc_shift_15 x volume_curve_10_30 spread,0.18301249
phase3bt_00085,74ddb45c48e20651814c3113,"CSRank(Mul(Sign(ZScore($m1_first5_vwap_return_vs_open)),ZScore(Std($ret_1m,15))))",cem_interaction::rx_opening_divergence::rx_volatility_state::signed_state,phase3bt_ast_fresh_preserving_hybrid,phase3bt_ast_fresh_preserving_hybrid,m1_first5_vwap_return_vs_open|ret_1m,"['m1_first5_vwap_return_vs_open', 'ret_1m']",15,"CSRank(Mul(Sign(ZScore($F)),ZScore(Std($F,N))))",CSRank>Mul>Sign>ZScore>ZScore>Std,CSRank:1|Mul:1|Sign:1|Std:1|ZScore:2,CSRank,4,depth_le_4,6,opcount_le_6,2,fieldcount_le_2,1,wincount_le_1,15,maxwin_le_15,9,complexity_le_10,phase3bp:74ddb45c48e20651814c3113,0.17345415,1,read_only_research_candidate,phase3bt_ast_fresh_preserving_hybrid: hybrid arm from phase3bp_true1min_cem_elite: cem seed interaction m1_first5_vwap_open x ret_vol_15 signed_state,0.18238615
phase3bt_00086,f72e46b8fed7370d555e05f8,"CSRank(Mul(Sign(ZScore($m1_first5_vwap_return_vs_open)),ZScore(Std($ret_1m,10))))",cem_interaction::rx_opening_divergence::rx_volatility_state::signed_state,phase3bt_ast_fresh_preserving_hybrid,phase3bt_ast_fresh_preserving_hybrid,m1_first5_vwap_return_vs_open|ret_1m,"['m1_first5_vwap_return_vs_open', 'ret_1m']",10,"CSRank(Mul(Sign(ZScore($F)),ZScore(Std($F,N))))",CSRank>Mul>Sign>ZScore>ZScore>Std,CSRank:1|Mul:1|Sign:1|Std:1|ZScore:2,CSRank,4,depth_le_4,6,opcount_le_6,2,fieldcount_le_2,1,wincount_le_1,10,maxwin_le_15,9,complexity_le_10,phase3bp:f72e46b8fed7370d555e05f8,0.17348479,1,read_only_research_candidate,phase3bt_ast_fresh_preserving_hybrid: hybrid arm from phase3bp_true1min_cem_elite: cem seed interaction m1_first5_vwap_open x ret_vol_10 signed_state,0.18172279
phase3bt_00087,ea308eb0ceccda3e8ef0e59a,"CSRank(Mul(Sign(ZScore(Sub(Div(Sub($close,$low),Add(Abs(Sub($high,$low)),0.000001)),Mean(Div(Sub($close,$low),Add(Abs(Sub($high,$low)),0.000001)),15)))),ZScore(Div(Mean($volume,8),Add(Abs(Mean($volume,20)),0.000001)))))",cem_interaction::rx_range_location::rx_flow_amount_volume::signed_state,phase3bt_ast_fresh_preserving_hybrid,phase3bt_ast_fresh_preserving_hybrid,close|high|low|volume,"['close', 'high', 'low', 'volume']",20,"CSRank(Mul(Sign(ZScore(Sub(Div(Sub($F,$F),Add(Abs(Sub($F,$F)),N)),Mean(Div(Sub($F,$F),Add(Abs(Sub($F,$F)),N)),N)))),ZScore(Div(Mean($F,N),Add(Abs(Mean($F,N)),N)))))",CSRank>Mul>Sign>ZScore>Sub>Div>Sub>Add>Abs>Sub,Abs:3|Add:3|CSRank:1|Div:3|Mean:3|Mul:1|Sign:1|Sub:5|ZScore:2,CSRank,10,depth_gt_8,22,opcount_gt_12,4,fieldcount_le_4,3,wincount_le_4,20,maxwin_le_30,29,complexity_gt_18,phase3bp:ea308eb0ceccda3e8ef0e59a,0.18824835,1,read_only_research_candidate,phase3bt_ast_fresh_preserving_hybrid: hybrid arm from phase3bp_true1min_cem_elite: cem seed interaction bar_loc_shift_15 x volume_curve_8_20 signed_state,0.18110235
phase3bt_00088,83e1144b2e5964271c037486,"CSRank(Mul(Sign(ZScore(Sub(Div(Sub($close,$low),Add(Abs(Sub($high,$low)),0.000001)),Mean(Div(Sub($close,$low),Add(Abs(Sub($high,$low)),0.000001)),10)))),ZScore(Div(Mean($volume,8),Add(Abs(Mean($volume,20)),0.000001)))))",cem_interaction::rx_range_location::rx_flow_amount_volume::signed_state,phase3bt_ast_fresh_preserving_hybrid,phase3bt_ast_fresh_preserving_hybrid,close|high|low|volume,"['close', 'high', 'low', 'volume']",20,"CSRank(Mul(Sign(ZScore(Sub(Div(Sub($F,$F),Add(Abs(Sub($F,$F)),N)),Mean(Div(Sub($F,$F),Add(Abs(Sub($F,$F)),N)),N)))),ZScore(Div(Mean($F,N),Add(Abs(Mean($F,N)),N)))))",CSRank>Mul>Sign>ZScore>Sub>Div>Sub>Add>Abs>Sub,Abs:3|Add:3|CSRank:1|Div:3|Mean:3|Mul:1|Sign:1|Sub:5|ZScore:2,CSRank,10,depth_gt_8,22,opcount_gt_12,4,fieldcount_le_4,3,wincount_le_4,20,maxwin_le_30,29,complexity_gt_18,phase3bp:83e1144b2e5964271c037486,0.18825856,1,read_only_research_candidate,phase3bt_ast_fresh_preserving_hybrid: hybrid arm from phase3bp_true1min_cem_elite: cem seed interaction bar_loc_shift_10 x volume_curve_8_20 signed_state,0.18109456
phase3bt_00089,61c08c2163f63d50364a9b04,"CSRank(Mul(Sign(ZScore(Sub(Div(Sub($close,$low),Add(Abs(Sub($high,$low)),0.000001)),Mean(Div(Sub($close,$low),Add(Abs(Sub($high,$low)),0.000001)),10)))),ZScore(Div(Mean($amount,8),Add(Abs(Mean($amount,20)),0.000001)))))",cem_interaction::rx_range_location::rx_flow_amount_volume::signed_state,phase3bt_ast_fresh_preserving_hybrid,phase3bt_ast_fresh_preserving_hybrid,amount|close|high|low,"['amount', 'close', 'high', 'low']",20,"CSRank(Mul(Sign(ZScore(Sub(Div(Sub($F,$F),Add(Abs(Sub($F,$F)),N)),Mean(Div(Sub($F,$F),Add(Abs(Sub($F,$F)),N)),N)))),ZScore(Div(Mean($F,N),Add(Abs(Mean($F,N)),N)))))",CSRank>Mul>Sign>ZScore>Sub>Div>Sub>Add>Abs>Sub,Abs:3|Add:3|CSRank:1|Div:3|Mean:3|Mul:1|Sign:1|Sub:5|ZScore:2,CSRank,10,depth_gt_8,22,opcount_gt_12,4,fieldcount_le_4,3,wincount_le_4,20,maxwin_le_30,29,complexity_gt_18,phase3bp:61c08c2163f63d50364a9b04,0.18856873,1,read_only_research_candidate,phase3bt_ast_fresh_preserving_hybrid: hybrid arm from phase3bp_true1min_cem_elite: cem seed interaction bar_loc_shift_10 x amount_curve_8_20 signed_state,0.18085273
phase3bt_00090,07c44cfffad713c47c0782fb,"CSRank(Mul(Sign(ZScore(Sub(Div(Sub($close,$low),Add(Abs(Sub($high,$low)),0.000001)),Mean(Div(Sub($close,$low),Add(Abs(Sub($high,$low)),0.000001)),15)))),ZScore(Div(Mean($amount,8),Add(Abs(Mean($amount,20)),0.000001)))))",cem_interaction::rx_range_location::rx_flow_amount_volume::signed_state,phase3bt_ast_fresh_preserving_hybrid,phase3bt_ast_fresh_preserving_hybrid,amount|close|high|low,"['amount', 'close', 'high', 'low']",20,"CSRank(Mul(Sign(ZScore(Sub(Div(Sub($F,$F),Add(Abs(Sub($F,$F)),N)),Mean(Div(Sub($F,$F),Add(Abs(Sub($F,$F)),N)),N)))),ZScore(Div(Mean($F,N),Add(Abs(Mean($F,N)),N)))))",CSRank>Mul>Sign>ZScore>Sub>Div>Sub>Add>Abs>Sub,Abs:3|Add:3|CSRank:1|Div:3|Mean:3|Mul:1|Sign:1|Sub:5|ZScore:2,CSRank,10,depth_gt_8,22,opcount_gt_12,4,fieldcount_le_4,3,wincount_le_4,20,maxwin_le_30,29,complexity_gt_18,phase3bp:07c44cfffad713c47c0782fb,0.18855852,1,read_only_research_candidate,phase3bt_ast_fresh_preserving_hybrid: hybrid arm from phase3bp_true1min_cem_elite: cem seed interaction bar_loc_shift_15 x amount_curve_8_20 signed_state,0.18056252
phase3bt_00091,e3012aa2161f8d61594492b9,"CSRank(Mul(ZScore(Sub(Div(Sub($close,$low),Add(Abs(Sub($high,$low)),0.000001)),Mean(Div(Sub($close,$low),Add(Abs(Sub($high,$low)),0.000001)),8))),ZScore(Div(Mean($amount,8),Add(Abs(Mean($amount,20)),0.000001)))))",cem_interaction::rx_range_location::rx_flow_amount_volume::product,phase3bt_ast_fresh_preserving_hybrid,phase3bt_ast_fresh_preserving_hybrid,amount|close|high|low,"['amount', 'close', 'high', 'low']",20,"CSRank(Mul(ZScore(Sub(Div(Sub($F,$F),Add(Abs(Sub($F,$F)),N)),Mean(Div(Sub($F,$F),Add(Abs(Sub($F,$F)),N)),N))),ZScore(Div(Mean($F,N),Add(Abs(Mean($F,N)),N)))))",CSRank>Mul>ZScore>Sub>Div>Sub>Add>Abs>Sub>Mean,Abs:3|Add:3|CSRank:1|Div:3|Mean:3|Mul:1|Sub:5|ZScore:2,CSRank,9,depth_gt_8,21,opcount_gt_12,4,fieldcount_le_4,2,wincount_le_2,20,maxwin_le_30,27,complexity_gt_18,phase3bp:e3012aa2161f8d61594492b9,0.18085545,1,read_only_research_candidate,phase3bt_ast_fresh_preserving_hybrid: hybrid arm from phase3bp_true1min_cem_elite: cem seed interaction bar_loc_shift_8 x amount_curve_8_20 product,0.17982545
phase3bt_00092,df509adbb7368d8b12a2fd1d,"CSRank(Mul(Sign(ZScore(Sub(Div(Sub($close,$low),Add(Abs(Sub($high,$low)),0.000001)),Mean(Div(Sub($close,$low),Add(Abs(Sub($high,$low)),0.000001)),30)))),ZScore(Std($ret_1m,30))))",cem_interaction::rx_range_location::rx_volatility_state::signed_state,phase3bt_ast_fresh_preserving_hybrid,phase3bt_ast_fresh_preserving_hybrid,close|high|low|ret_1m,"['close', 'high', 'low', 'ret_1m']",30,"CSRank(Mul(Sign(ZScore(Sub(Div(Sub($F,$F),Add(Abs(Sub($F,$F)),N)),Mean(Div(Sub($F,$F),Add(Abs(Sub($F,$F)),N)),N)))),ZScore(Std($F,N))))",CSRank>Mul>Sign>ZScore>Sub>Div>Sub>Add>Abs>Sub,Abs:2|Add:2|CSRank:1|Div:2|Mean:1|Mul:1|Sign:1|Std:1|Sub:5|ZScore:2,CSRank,10,depth_gt_8,18,opcount_gt_12,4,fieldcount_le_4,1,wincount_le_1,30,maxwin_le_30,23,complexity_gt_18,phase3bp:df509adbb7368d8b12a2fd1d,0.19347183,1,read_only_research_candidate,phase3bt_ast_fresh_preserving_hybrid: hybrid arm from phase3bp_true1min_cem_elite: cem seed interaction bar_loc_shift_30 x ret_vol_30 signed_state,0.17963383
phase3bt_00093,075df5c33909dc20e69ccf81,"CSRank(Mul(Sign(ZScore(Sub(Div(Sub($close,$low),Add(Abs(Sub($high,$low)),0.000001)),Mean(Div(Sub($close,$low),Add(Abs(Sub($high,$low)),0.000001)),20)))),ZScore(Std($ret_1m,15))))",cem_interaction::rx_range_location::rx_volatility_state::signed_state,phase3bt_ast_fresh_preserving_hybrid,phase3bt_ast_fresh_preserving_hybrid,close|high|low|ret_1m,"['close', 'high', 'low', 'ret_1m']",15,"CSRank(Mul(Sign(ZScore(Sub(Div(Sub($F,$F),Add(Abs(Sub($F,$F)),N)),Mean(Div(Sub($F,$F),Add(Abs(Sub($F,$F)),N)),N)))),ZScore(Std($F,N))))",CSRank>Mul>Sign>ZScore>Sub>Div>Sub>Add>Abs>Sub,Abs:2|Add:2|CSRank:1|Div:2|Mean:1|Mul:1|Sign:1|Std:1|Sub:5|ZScore:2,CSRank,10,depth_gt_8,18,opcount_gt_12,4,fieldcount_le_4,2,wincount_le_2,20,maxwin_le_30,24,complexity_gt_18,phase3bp:075df5c33909dc20e69ccf81,0.19104007,1,read_only_research_candidate,phase3bt_ast_fresh_preserving_hybrid: hybrid arm from phase3bp_true1min_cem_elite: cem seed interaction bar_loc_shift_20 x ret_vol_15 signed_state,0.17784507
phase3bt_00094,1003352b942fed089e47e54c,"CSRank(Mul(Sign(ZScore(Sub(Div(Sub($close,$low),Add(Abs(Sub($high,$low)),0.000001)),Mean(Div(Sub($close,$low),Add(Abs(Sub($high,$low)),0.000001)),30)))),ZScore(Std(Div(Sub($high,$low),Add(Abs($open),0.000001)),30))))",cem_interaction::rx_range_location::rx_range_location::signed_state,phase3bt_ast_fresh_preserving_hybrid,phase3bt_ast_fresh_preserving_hybrid,close|high|low|open,"['close', 'high', 'low', 'open']",0,"CSRank(Mul(Sign(ZScore(Sub(Div(Sub($F,$F),Add(Abs(Sub($F,$F)),N)),Mean(Div(Sub($F,$F),Add(Abs(Sub($F,$F)),N)),N)))),ZScore(Std(Div(Sub($F,$F),Add(Abs($F),N)),N))))",CSRank>Mul>Sign>ZScore>Sub>Div>Sub>Add>Abs>Sub,Abs:3|Add:3|CSRank:1|Div:3|Mean:1|Mul:1|Sign:1|Std:1|Sub:6|ZScore:2,CSRank,10,depth_gt_8,22,opcount_gt_12,4,fieldcount_le_4,1,wincount_le_1,30,maxwin_le_30,27,complexity_gt_18,phase3bp:1003352b942fed089e47e54c,0.19101326,1,read_only_research_candidate,phase3bt_ast_fresh_preserving_hybrid: hybrid arm from phase3bp_true1min_cem_elite: cem seed interaction bar_loc_shift_30 x range_vol_30 signed_state,0.17741026
phase3bt_00095,3a087846450d750f3dd0818a,"CSRank(Mul(Sign(ZScore(Sub(Div(Sub($close,$low),Add(Abs(Sub($high,$low)),0.000001)),Mean(Div(Sub($close,$low),Add(Abs(Sub($high,$low)),0.000001)),10)))),ZScore(Std($ret_1m,20))))",cem_interaction::rx_range_location::rx_volatility_state::signed_state,phase3bt_ast_fresh_preserving_hybrid,phase3bt_ast_fresh_preserving_hybrid,close|high|low|ret_1m,"['close', 'high', 'low', 'ret_1m']",20,"CSRank(Mul(Sign(ZScore(Sub(Div(Sub($F,$F),Add(Abs(Sub($F,$F)),N)),Mean(Div(Sub($F,$F),Add(Abs(Sub($F,$F)),N)),N)))),ZScore(Std($F,N))))",CSRank>Mul>Sign>ZScore>Sub>Div>Sub>Add>Abs>Sub,Abs:2|Add:2|CSRank:1|Div:2|Mean:1|Mul:1|Sign:1|Std:1|Sub:5|ZScore:2,CSRank,10,depth_gt_8,18,opcount_gt_12,4,fieldcount_le_4,2,wincount_le_2,20,maxwin_le_30,24,complexity_gt_18,phase3bp:3a087846450d750f3dd0818a,0.19105539,1,read_only_research_candidate,phase3bt_ast_fresh_preserving_hybrid: hybrid arm from phase3bp_true1min_cem_elite: cem seed interaction bar_loc_shift_10 x ret_vol_20 signed_state,0.17731139
phase3bt_00096,4eeb70abe5a103629d27831e,"CSRank(Mul(Sign(ZScore(Sub(Div(Sub($close,$low),Add(Abs(Sub($high,$low)),0.000001)),Mean(Div(Sub($close,$low),Add(Abs(Sub($high,$low)),0.000001)),15)))),ZScore(Std($ret_1m,20))))",cem_interaction::rx_range_location::rx_volatility_state::signed_state,phase3bt_ast_fresh_preserving_hybrid,phase3bt_ast_fresh_preserving_hybrid,close|high|low|ret_1m,"['close', 'high', 'low', 'ret_1m']",20,"CSRank(Mul(Sign(ZScore(Sub(Div(Sub($F,$F),Add(Abs(Sub($F,$F)),N)),Mean(Div(Sub($F,$F),Add(Abs(Sub($F,$F)),N)),N)))),ZScore(Std($F,N))))",CSRank>Mul>Sign>ZScore>Sub>Div>Sub>Add>Abs>Sub,Abs:2|Add:2|CSRank:1|Div:2|Mean:1|Mul:1|Sign:1|Std:1|Sub:5|ZScore:2,CSRank,10,depth_gt_8,18,opcount_gt_12,4,fieldcount_le_4,2,wincount_le_2,20,maxwin_le_30,24,complexity_gt_18,phase3bp:4eeb70abe5a103629d27831e,0.19104007,1,read_only_research_candidate,phase3bt_ast_fresh_preserving_hybrid: hybrid arm from phase3bp_true1min_cem_elite: cem seed interaction bar_loc_shift_15 x ret_vol_20 signed_state,0.17712007
phase3bt_00097,c250b10e29dd84cb6557e761,"CSRank(Mul(Sign(ZScore(Sub(Div(Sub($close,$low),Add(Abs(Sub($high,$low)),0.000001)),Mean(Div(Sub($close,$low),Add(Abs(Sub($high,$low)),0.000001)),30)))),ZScore(Std($ret_1m,8))))",cem_interaction::rx_range_location::rx_volatility_state::signed_state,phase3bt_ast_fresh_preserving_hybrid,phase3bt_ast_fresh_preserving_hybrid,close|high|low|ret_1m,"['close', 'high', 'low', 'ret_1m']",8,"CSRank(Mul(Sign(ZScore(Sub(Div(Sub($F,$F),Add(Abs(Sub($F,$F)),N)),Mean(Div(Sub($F,$F),Add(Abs(Sub($F,$F)),N)),N)))),ZScore(Std($F,N))))",CSRank>Mul>Sign>ZScore>Sub>Div>Sub>Add>Abs>Sub,Abs:2|Add:2|CSRank:1|Div:2|Mean:1|Mul:1|Sign:1|Std:1|Sub:5|ZScore:2,CSRank,10,depth_gt_8,18,opcount_gt_12,4,fieldcount_le_4,2,wincount_le_2,30,maxwin_le_30,24,complexity_gt_18,phase3bp:c250b10e29dd84cb6557e761,0.18916147,1,read_only_research_candidate,phase3bt_ast_fresh_preserving_hybrid: hybrid arm from phase3bp_true1min_cem_elite: cem seed interaction bar_loc_shift_30 x ret_vol_8 signed_state,0.17580247
phase3bt_00098,0c4f200f3beb347fda5f2d1e,"CSRank(Mul(Sign(ZScore(Sub(Div(Sub($close,$low),Add(Abs(Sub($high,$low)),0.000001)),Mean(Div(Sub($close,$low),Add(Abs(Sub($high,$low)),0.000001)),20)))),ZScore(Std(Div(Sub($high,$low),Add(Abs($open),0.000001)),15))))",cem_interaction::rx_range_location::rx_range_location::signed_state,phase3bt_ast_fresh_preserving_hybrid,phase3bt_ast_fresh_preserving_hybrid,close|high|low|open,"['close', 'high', 'low', 'open']",0,"CSRank(Mul(Sign(ZScore(Sub(Div(Sub($F,$F),Add(Abs(Sub($F,$F)),N)),Mean(Div(Sub($F,$F),Add(Abs(Sub($F,$F)),N)),N)))),ZScore(Std(Div(Sub($F,$F),Add(Abs($F),N)),N))))",CSRank>Mul>Sign>ZScore>Sub>Div>Sub>Add>Abs>Sub,Abs:3|Add:3|CSRank:1|Div:3|Mean:1|Mul:1|Sign:1|Std:1|Sub:6|ZScore:2,CSRank,10,depth_gt_8,22,opcount_gt_12,4,fieldcount_le_4,2,wincount_le_2,20,maxwin_le_30,28,complexity_gt_18,phase3bp:0c4f200f3beb347fda5f2d1e,0.1885815,1,read_only_research_candidate,phase3bt_ast_fresh_preserving_hybrid: hybrid arm from phase3bp_true1min_cem_elite: cem seed interaction bar_loc_shift_20 x range_vol_15 signed_state,0.1752695
phase3bt_00099,c588a69e5b00122524b0901e,"CSRank(Mul(Sign(ZScore(Sub(Div(Sub($close,$low),Add(Abs(Sub($high,$low)),0.000001)),Mean(Div(Sub($close,$low),Add(Abs(Sub($high,$low)),0.000001)),15)))),ZScore(Std(Div(Sub($high,$low),Add(Abs($open),0.000001)),20))))",cem_interaction::rx_range_location::rx_range_location::signed_state,phase3bt_ast_fresh_preserving_hybrid,phase3bt_ast_fresh_preserving_hybrid,close|high|low|open,"['close', 'high', 'low', 'open']",0,"CSRank(Mul(Sign(ZScore(Sub(Div(Sub($F,$F),Add(Abs(Sub($F,$F)),N)),Mean(Div(Sub($F,$F),Add(Abs(Sub($F,$F)),N)),N)))),ZScore(Std(Div(Sub($F,$F),Add(Abs($F),N)),N))))",CSRank>Mul>Sign>ZScore>Sub>Div>Sub>Add>Abs>Sub,Abs:3|Add:3|CSRank:1|Div:3|Mean:1|Mul:1|Sign:1|Std:1|Sub:6|ZScore:2,CSRank,10,depth_gt_8,22,opcount_gt_12,4,fieldcount_le_4,2,wincount_le_2,20,maxwin_le_30,28,complexity_gt_18,phase3bp:c588a69e5b00122524b0901e,0.1885815,1,read_only_research_candidate,phase3bt_ast_fresh_preserving_hybrid: hybrid arm from phase3bp_true1min_cem_elite: cem seed interaction bar_loc_shift_15 x range_vol_20 signed_state,0.1751555
phase3bt_00100,823138f1631aa3e2eb3f32fc,"CSRank(Mul(Sign(ZScore(Sub(Div(Sub($close,$low),Add(Abs(Sub($high,$low)),0.000001)),Mean(Div(Sub($close,$low),Add(Abs(Sub($high,$low)),0.000001)),10)))),ZScore(Std(Div(Sub($high,$low),Add(Abs($open),0.000001)),20))))",cem_interaction::rx_range_location::rx_range_location::signed_state,phase3bt_ast_fresh_preserving_hybrid,phase3bt_ast_fresh_preserving_hybrid,close|high|low|open,"['close', 'high', 'low', 'open']",0,"CSRank(Mul(Sign(ZScore(Sub(Div(Sub($F,$F),Add(Abs(Sub($F,$F)),N)),Mean(Div(Sub($F,$F),Add(Abs(Sub($F,$F)),N)),N)))),ZScore(Std(Div(Sub($F,$F),Add(Abs($F),N)),N))))",CSRank>Mul>Sign>ZScore>Sub>Div>Sub>Add>Abs>Sub,Abs:3|Add:3|CSRank:1|Div:3|Mean:1|Mul:1|Sign:1|Std:1|Sub:6|ZScore:2,CSRank,10,depth_gt_8,22,opcount_gt_12,4,fieldcount_le_4,2,wincount_le_2,20,maxwin_le_30,28,complexity_gt_18,phase3bp:823138f1631aa3e2eb3f32fc,0.18859682,1,read_only_research_candidate,phase3bt_ast_fresh_preserving_hybrid: hybrid arm from phase3bp_true1min_cem_elite: cem seed interaction bar_loc_shift_10 x range_vol_20 signed_state,0.17487682
phase3bt_00101,11750393430a244c757dcf5a,"CSRank(Mul(Sign(ZScore(Sub(Div(Sub($close,$low),Add(Abs(Sub($high,$low)),0.000001)),Mean(Div(Sub($close,$low),Add(Abs(Sub($high,$low)),0.000001)),20)))),ZScore(Std(Div(Sub($high,$low),Add(Abs($open),0.000001)),10))))",cem_interaction::rx_range_location::rx_range_location::signed_state,phase3bt_ast_fresh_preserving_hybrid,phase3bt_ast_fresh_preserving_hybrid,close|high|low|open,"['close', 'high', 'low', 'open']",0,"CSRank(Mul(Sign(ZScore(Sub(Div(Sub($F,$F),Add(Abs(Sub($F,$F)),N)),Mean(Div(Sub($F,$F),Add(Abs(Sub($F,$F)),N)),N)))),ZScore(Std(Div(Sub($F,$F),Add(Abs($F),N)),N))))",CSRank>Mul>Sign>ZScore>Sub>Div>Sub>Add>Abs>Sub,Abs:3|Add:3|CSRank:1|Div:3|Mean:1|Mul:1|Sign:1|Std:1|Sub:6|ZScore:2,CSRank,10,depth_gt_8,22,opcount_gt_12,4,fieldcount_le_4,2,wincount_le_2,20,maxwin_le_30,28,complexity_gt_18,phase3bp:11750393430a244c757dcf5a,0.18859682,1,read_only_research_candidate,phase3bt_ast_fresh_preserving_hybrid: hybrid arm from phase3bp_true1min_cem_elite: cem seed interaction bar_loc_shift_20 x range_vol_10 signed_state,0.17466382
phase3bt_00102,6684ade6be745fd5bfd51299,"CSRank(Mul(Sign(ZScore(Delta($intraday_ret_from_open,3))),ZScore(Div($m1_first30_vol,Add(Abs($volume),0.000001)))))",cem_interaction::rx_intraday_return::rx_opening_amount::signed_state,phase3bt_ast_fresh_preserving_hybrid,phase3bt_ast_fresh_preserving_hybrid,intraday_ret_from_open|m1_first30_vol|volume,"['intraday_ret_from_open', 'm1_first30_vol', 'volume']",3,"CSRank(Mul(Sign(ZScore(Delta($F,N))),ZScore(Div($F,Add(Abs($F),N)))))",CSRank>Mul>Sign>ZScore>Delta>ZScore>Div>Add>Abs,Abs:1|Add:1|CSRank:1|Delta:1|Div:1|Mul:1|Sign:1|ZScore:2,CSRank,6,depth_le_6,9,opcount_le_9,3,fieldcount_le_4,1,wincount_le_1,3,maxwin_le_5,13,complexity_le_14,phase3bp:6684ade6be745fd5bfd51299,0.17946813,1,read_only_research_candidate,phase3bt_ast_fresh_preserving_hybrid: hybrid arm from phase3bp_true1min_cem_elite: cem seed interaction intraday_delta_3 x m1_first30_vol signed_state,0.17410513
phase3bt_00103,76dfe59fb1113c92b0434776,"CSRank(Mul(Sign(ZScore(Delta($intraday_ret_from_open,5))),ZScore(Div($m1_first30_vol,Add(Abs($volume),0.000001)))))",cem_interaction::rx_intraday_return::rx_opening_amount::signed_state,phase3bt_ast_fresh_preserving_hybrid,phase3bt_ast_fresh_preserving_hybrid,intraday_ret_from_open|m1_first30_vol|volume,"['intraday_ret_from_open', 'm1_first30_vol', 'volume']",5,"CSRank(Mul(Sign(ZScore(Delta($F,N))),ZScore(Div($F,Add(Abs($F),N)))))",CSRank>Mul>Sign>ZScore>Delta>ZScore>Div>Add>Abs,Abs:1|Add:1|CSRank:1|Delta:1|Div:1|Mul:1|Sign:1|ZScore:2,CSRank,6,depth_le_6,9,opcount_le_9,3,fieldcount_le_4,1,wincount_le_1,5,maxwin_le_5,13,complexity_le_14,phase3bp:76dfe59fb1113c92b0434776,0.17951677,1,read_only_research_candidate,phase3bt_ast_fresh_preserving_hybrid: hybrid arm from phase3bp_true1min_cem_elite: cem seed interaction intraday_delta_5 x m1_first30_vol signed_state,0.17408177
phase3bt_00104,35d08057bf81ba1ff2e4cd68,"CSRank(Mul(Sign(ZScore($m1_first5_vwap_return_vs_open)),ZScore(Std($ret_1m,3))))",cem_interaction::rx_opening_divergence::rx_volatility_state::signed_state,phase3bt_ast_fresh_preserving_hybrid,phase3bt_ast_fresh_preserving_hybrid,m1_first5_vwap_return_vs_open|ret_1m,"['m1_first5_vwap_return_vs_open', 'ret_1m']",3,"CSRank(Mul(Sign(ZScore($F)),ZScore(Std($F,N))))",CSRank>Mul>Sign>ZScore>ZScore>Std,CSRank:1|Mul:1|Sign:1|Std:1|ZScore:2,CSRank,4,depth_le_4,6,opcount_le_6,2,fieldcount_le_2,1,wincount_le_1,3,maxwin_le_5,9,complexity_le_10,phase3bp:35d08057bf81ba1ff2e4cd68,0.16058111,1,read_only_research_candidate,phase3bt_ast_fresh_preserving_hybrid: hybrid arm from phase3bp_true1min_cem_elite: cem seed interaction m1_first5_vwap_open x ret_vol_3 signed_state,0.16936511
phase3bt_00105,2e9446e29c72d2b5bd4d140c,"CSRank(Mul(Sign(ZScore($m1_first5_vwap_return_vs_open)),ZScore(Std($ret_1m,5))))",cem_interaction::rx_opening_divergence::rx_volatility_state::signed_state,phase3bt_ast_fresh_preserving_hybrid,phase3bt_ast_fresh_preserving_hybrid,m1_first5_vwap_return_vs_open|ret_1m,"['m1_first5_vwap_return_vs_open', 'ret_1m']",5,"CSRank(Mul(Sign(ZScore($F)),ZScore(Std($F,N))))",CSRank>Mul>Sign>ZScore>ZScore>Std,CSRank:1|Mul:1|Sign:1|Std:1|ZScore:2,CSRank,4,depth_le_4,6,opcount_le_6,2,fieldcount_le_2,1,wincount_le_1,5,maxwin_le_5,9,complexity_le_10,phase3bp:2e9446e29c72d2b5bd4d140c,0.16062975,1,read_only_research_candidate,phase3bt_ast_fresh_preserving_hybrid: hybrid arm from phase3bp_true1min_cem_elite: cem seed interaction m1_first5_vwap_open x ret_vol_5 signed_state,0.16924375
phase3bt_00106,cb4c83639d8b56708d304805,"CSRank(Mul(Sign(ZScore($m1_first5_vwap_return_vs_open)),ZScore(Std($ret_1m,2))))",cem_interaction::rx_opening_divergence::rx_volatility_state::signed_state,phase3bt_ast_fresh_preserving_hybrid,phase3bt_ast_fresh_preserving_hybrid,m1_first5_vwap_return_vs_open|ret_1m,"['m1_first5_vwap_return_vs_open', 'ret_1m']",2,"CSRank(Mul(Sign(ZScore($F)),ZScore(Std($F,N))))",CSRank>Mul>Sign>ZScore>ZScore>Std,CSRank:1|Mul:1|Sign:1|Std:1|ZScore:2,CSRank,4,depth_le_4,6,opcount_le_6,2,fieldcount_le_2,1,wincount_le_1,2,maxwin_le_5,9,complexity_le_10,phase3bp:cb4c83639d8b56708d304805,0.16055303,1,read_only_research_candidate,phase3bt_ast_fresh_preserving_hybrid: hybrid arm from phase3bp_true1min_cem_elite: cem seed interaction m1_first5_vwap_open x ret_vol_2 signed_state,0.16894803
phase3bt_00107,f133f89976097ca649959615,"CSRank(Mul(Sign(ZScore(Sub(Div(Sub($close,$low),Add(Abs(Sub($high,$low)),0.000001)),Mean(Div(Sub($close,$low),Add(Abs(Sub($high,$low)),0.000001)),2)))),ZScore(Div($m1_first30_vol,Add(Abs($volume),0.000001)))))",cem_interaction::rx_range_location::rx_opening_amount::signed_state,phase3bt_ast_fresh_preserving_hybrid,phase3bt_ast_fresh_preserving_hybrid,close|high|low|m1_first30_vol|volume,"['close', 'high', 'low', 'm1_first30_vol', 'volume']",0,"CSRank(Mul(Sign(ZScore(Sub(Div(Sub($F,$F),Add(Abs(Sub($F,$F)),N)),Mean(Div(Sub($F,$F),Add(Abs(Sub($F,$F)),N)),N)))),ZScore(Div($F,Add(Abs($F),N)))))",CSRank>Mul>Sign>ZScore>Sub>Div>Sub>Add>Abs>Sub,Abs:3|Add:3|CSRank:1|Div:3|Mean:1|Mul:1|Sign:1|Sub:5|ZScore:2,CSRank,10,depth_gt_8,20,opcount_gt_12,5,fieldcount_le_6,1,wincount_le_1,2,maxwin_le_5,26,complexity_gt_18,phase3bp:f133f89976097ca649959615,0.16723535,1,read_only_research_candidate,phase3bt_ast_fresh_preserving_hybrid: hybrid arm from phase3bp_true1min_cem_elite: cem seed interaction bar_loc_shift_2 x m1_first30_vol signed_state,0.16371535
phase3bt_00108,31e5bc80761e4c486ac9f41a,"CSRank(Mul(Sign(ZScore(Sub(Div(Sub($close,$low),Add(Abs(Sub($high,$low)),0.000001)),Mean(Div(Sub($close,$low),Add(Abs(Sub($high,$low)),0.000001)),3)))),ZScore(Div($m1_first30_vol,Add(Abs($volume),0.000001)))))",cem_interaction::rx_range_location::rx_opening_amount::signed_state,phase3bt_ast_fresh_preserving_hybrid,phase3bt_ast_fresh_preserving_hybrid,close|high|low|m1_first30_vol|volume,"['close', 'high', 'low', 'm1_first30_vol', 'volume']",0,"CSRank(Mul(Sign(ZScore(Sub(Div(Sub($F,$F),Add(Abs(Sub($F,$F)),N)),Mean(Div(Sub($F,$F),Add(Abs(Sub($F,$F)),N)),N)))),ZScore(Div($F,Add(Abs($F),N)))))",CSRank>Mul>Sign>ZScore>Sub>Div>Sub>Add>Abs>Sub,Abs:3|Add:3|CSRank:1|Div:3|Mean:1|Mul:1|Sign:1|Sub:5|ZScore:2,CSRank,10,depth_gt_8,20,opcount_gt_12,5,fieldcount_le_6,1,wincount_le_1,3,maxwin_le_5,26,complexity_gt_18,phase3bp:31e5bc80761e4c486ac9f41a,0.16726343,1,read_only_research_candidate,phase3bt_ast_fresh_preserving_hybrid: hybrid arm from phase3bp_true1min_cem_elite: cem seed interaction bar_loc_shift_3 x m1_first30_vol signed_state,0.16333943
phase3bt_00109,9e2bfcd035fe29e4ea935e69,"CSRank(Mul(Sign(ZScore(Delta($intraday_ret_from_open,30))),ZScore(Std(Div(Sub($high,$low),Add(Abs($open),0.000001)),20))))",cem_interaction::rx_intraday_return::rx_range_location::signed_state,phase3bt_ast_fresh_preserving_hybrid,phase3bt_ast_fresh_preserving_hybrid,high|intraday_ret_from_open|low|open,"['high', 'intraday_ret_from_open', 'low', 'open']",30,"CSRank(Mul(Sign(ZScore(Delta($F,N))),ZScore(Std(Div(Sub($F,$F),Add(Abs($F),N)),N))))",CSRank>Mul>Sign>ZScore>Delta>ZScore>Std>Div>Sub>Add,Abs:1|Add:1|CSRank:1|Delta:1|Div:1|Mul:1|Sign:1|Std:1|Sub:1|ZScore:2,CSRank,7,depth_le_8,11,opcount_le_12,4,fieldcount_le_4,2,wincount_le_2,30,maxwin_le_30,17,complexity_le_18,phase3bp:9e2bfcd035fe29e4ea935e69,0.17490438,1,read_only_research_candidate,phase3bt_ast_fresh_preserving_hybrid: hybrid arm from phase3bp_true1min_cem_elite: cem seed interaction intraday_delta_30 x range_vol_20 signed_state,0.16185238
phase3bt_00110,63892ba6caf23c4344e89c28,"CSRank(Mul(Sign(ZScore(Delta($intraday_ret_from_open,20))),ZScore(Std(Div(Sub($high,$low),Add(Abs($open),0.000001)),30))))",cem_interaction::rx_intraday_return::rx_range_location::signed_state,phase3bt_ast_fresh_preserving_hybrid,phase3bt_ast_fresh_preserving_hybrid,high|intraday_ret_from_open|low|open,"['high', 'intraday_ret_from_open', 'low', 'open']",20,"CSRank(Mul(Sign(ZScore(Delta($F,N))),ZScore(Std(Div(Sub($F,$F),Add(Abs($F),N)),N))))",CSRank>Mul>Sign>ZScore>Delta>ZScore>Std>Div>Sub>Add,Abs:1|Add:1|CSRank:1|Delta:1|Div:1|Mul:1|Sign:1|Std:1|Sub:1|ZScore:2,CSRank,7,depth_le_8,11,opcount_le_12,4,fieldcount_le_4,2,wincount_le_2,30,maxwin_le_30,17,complexity_le_18,phase3bp:63892ba6caf23c4344e89c28,0.17490438,1,read_only_research_candidate,phase3bt_ast_fresh_preserving_hybrid: hybrid arm from phase3bp_true1min_cem_elite: cem seed interaction intraday_delta_20 x range_vol_30 signed_state,0.16108338
phase3bt_00111,4fef21f850567c40b2279324,"CSRank(Mul(Sign(ZScore(Delta($intraday_ret_from_open,30))),ZScore(Std(Div(Sub($high,$low),Add(Abs($open),0.000001)),30))))",cem_interaction::rx_intraday_return::rx_range_location::signed_state,phase3bt_ast_fresh_preserving_hybrid,phase3bt_ast_fresh_preserving_hybrid,high|intraday_ret_from_open|low|open,"['high', 'intraday_ret_from_open', 'low', 'open']",30,"CSRank(Mul(Sign(ZScore(Delta($F,N))),ZScore(Std(Div(Sub($F,$F),Add(Abs($F),N)),N))))",CSRank>Mul>Sign>ZScore>Delta>ZScore>Std>Div>Sub>Add,Abs:1|Add:1|CSRank:1|Delta:1|Div:1|Mul:1|Sign:1|Std:1|Sub:1|ZScore:2,CSRank,7,depth_le_8,11,opcount_le_12,4,fieldcount_le_4,1,wincount_le_1,30,maxwin_le_30,16,complexity_le_18,phase3bp:4fef21f850567c40b2279324,0.17286942,1,read_only_research_candidate,phase3bt_ast_fresh_preserving_hybrid: hybrid arm from phase3bp_true1min_cem_elite: cem seed interaction intraday_delta_30 x range_vol_30 signed_state,0.15943042
phase3bt_00112,b8534b13d84764042611abf1,"Neg(CSRank(Mul(ZScore(Delta($ret_1m,20)),ZScore(Delta($amount,30)))))",cem_resample::rx_intraday_return::rx_flow_amount_volume::elite_inverted_product,phase3bt_ast_fresh_preserving_hybrid,phase3bt_ast_fresh_preserving_hybrid,amount|ret_1m,"['amount', 'ret_1m']",30,"Neg(CSRank(Mul(ZScore(Delta($F,N)),ZScore(Delta($F,N)))))",Neg>CSRank>Mul>ZScore>Delta>ZScore>Delta,CSRank:1|Delta:2|Mul:1|Neg:1|ZScore:2,Neg,5,depth_le_6,7,opcount_le_9,2,fieldcount_le_2,2,wincount_le_2,30,maxwin_le_30,11,complexity_le_14,phase3bp:b8534b13d84764042611abf1,0.1496809,1,read_only_research_candidate,phase3bt_ast_fresh_preserving_hybrid: hybrid arm from phase3bp_true1min_cem_elite: cem round 2 elite resample ret_delta_20 x amount_delta_30,0.1586279
phase3bt_00113,c2e52b3b153e1e4484fd6811,"CSRank(Mul(Sign(ZScore(Delta($intraday_ret_from_open,8))),ZScore(Std(Div(Sub($high,$low),Add(Abs($open),0.000001)),20))))",cem_interaction::rx_intraday_return::rx_range_location::signed_state,phase3bt_ast_fresh_preserving_hybrid,phase3bt_ast_fresh_preserving_hybrid,high|intraday_ret_from_open|low|open,"['high', 'intraday_ret_from_open', 'low', 'open']",8,"CSRank(Mul(Sign(ZScore(Delta($F,N))),ZScore(Std(Div(Sub($F,$F),Add(Abs($F),N)),N))))",CSRank>Mul>Sign>ZScore>Delta>ZScore>Std>Div>Sub>Add,Abs:1|Add:1|CSRank:1|Delta:1|Div:1|Mul:1|Sign:1|Std:1|Sub:1|ZScore:2,CSRank,7,depth_le_8,11,opcount_le_12,4,fieldcount_le_4,2,wincount_le_2,20,maxwin_le_30,17,complexity_le_18,phase3bp:c2e52b3b153e1e4484fd6811,0.17143894,1,read_only_research_candidate,phase3bt_ast_fresh_preserving_hybrid: hybrid arm from phase3bp_true1min_cem_elite: cem seed interaction intraday_delta_8 x range_vol_20 signed_state,0.15808994
phase3bt_00114,b930694e15df9dd7551ff254,"CSRank(Mul(Sign(ZScore(Delta($intraday_ret_from_open,20))),ZScore(Std(Div(Sub($high,$low),Add(Abs($open),0.000001)),8))))",cem_interaction::rx_intraday_return::rx_range_location::signed_state,phase3bt_ast_fresh_preserving_hybrid,phase3bt_ast_fresh_preserving_hybrid,high|intraday_ret_from_open|low|open,"['high', 'intraday_ret_from_open', 'low', 'open']",20,"CSRank(Mul(Sign(ZScore(Delta($F,N))),ZScore(Std(Div(Sub($F,$F),Add(Abs($F),N)),N))))",CSRank>Mul>Sign>ZScore>Delta>ZScore>Std>Div>Sub>Add,Abs:1|Add:1|CSRank:1|Delta:1|Div:1|Mul:1|Sign:1|Std:1|Sub:1|ZScore:2,CSRank,7,depth_le_8,11,opcount_le_12,4,fieldcount_le_4,2,wincount_le_2,20,maxwin_le_30,17,complexity_le_18,phase3bp:b930694e15df9dd7551ff254,0.17143894,1,read_only_research_candidate,phase3bt_ast_fresh_preserving_hybrid: hybrid arm from phase3bp_true1min_cem_elite: cem seed interaction intraday_delta_20 x range_vol_8 signed_state,0.15799194
phase3bt_00115,c70cc97d5c573accb984ae6f,"CSRank(Sub(ZScore(Sub(Div(Sub($close,$low),Add(Abs(Sub($high,$low)),0.000001)),Mean(Div(Sub($close,$low),Add(Abs(Sub($high,$low)),0.000001)),2))),ZScore(Div($m1_first30_vol,Add(Abs($volume),0.000001)))))",cem_interaction::rx_range_location::rx_opening_amount::spread,phase3bt_ast_fresh_preserving_hybrid,phase3bt_ast_fresh_preserving_hybrid,close|high|low|m1_first30_vol|volume,"['close', 'high', 'low', 'm1_first30_vol', 'volume']",0,"CSRank(Sub(ZScore(Sub(Div(Sub($F,$F),Add(Abs(Sub($F,$F)),N)),Mean(Div(Sub($F,$F),Add(Abs(Sub($F,$F)),N)),N))),ZScore(Div($F,Add(Abs($F),N)))))",CSRank>Sub>ZScore>Sub>Div>Sub>Add>Abs>Sub>Mean,Abs:3|Add:3|CSRank:1|Div:3|Mean:1|Sub:6|ZScore:2,CSRank,9,depth_gt_8,19,opcount_gt_12,5,fieldcount_le_6,1,wincount_le_1,2,maxwin_le_5,25,complexity_gt_18,phase3bp:c70cc97d5c573accb984ae6f,0.14848372,1,read_only_research_candidate,phase3bt_ast_fresh_preserving_hybrid: hybrid arm from phase3bp_true1min_cem_elite: cem seed interaction bar_loc_shift_2 x m1_first30_vol spread,0.15742072
phase3bt_00116,f8a0e5bdb791976c9650f1c3,"CSRank(Sub(ZScore(Sub(Div(Sub($close,$low),Add(Abs(Sub($high,$low)),0.000001)),Mean(Div(Sub($close,$low),Add(Abs(Sub($high,$low)),0.000001)),3))),ZScore(Div($m1_first30_vol,Add(Abs($volume),0.000001)))))",cem_interaction::rx_range_location::rx_opening_amount::spread,phase3bt_ast_fresh_preserving_hybrid,phase3bt_ast_fresh_preserving_hybrid,close|high|low|m1_first30_vol|volume,"['close', 'high', 'low', 'm1_first30_vol', 'volume']",0,"CSRank(Sub(ZScore(Sub(Div(Sub($F,$F),Add(Abs(Sub($F,$F)),N)),Mean(Div(Sub($F,$F),Add(Abs(Sub($F,$F)),N)),N))),ZScore(Div($F,Add(Abs($F),N)))))",CSRank>Sub>ZScore>Sub>Div>Sub>Add>Abs>Sub>Mean,Abs:3|Add:3|CSRank:1|Div:3|Mean:1|Sub:6|ZScore:2,CSRank,9,depth_gt_8,19,opcount_gt_12,5,fieldcount_le_6,1,wincount_le_1,3,maxwin_le_5,25,complexity_gt_18,phase3bp:f8a0e5bdb791976c9650f1c3,0.1485118,1,read_only_research_candidate,phase3bt_ast_fresh_preserving_hybrid: hybrid arm from phase3bp_true1min_cem_elite: cem seed interaction bar_loc_shift_3 x m1_first30_vol spread,0.1566288
phase3bt_00117,2f8129e7780ee4f268e8d367,"CSRank(Mul(Sign(ZScore(Delta($ret_1m,8))),ZScore(Delta($amount,20))))",cem_interaction::rx_intraday_return::rx_flow_amount_volume::signed_state,phase3bt_ast_fresh_preserving_hybrid,phase3bt_ast_fresh_preserving_hybrid,amount|ret_1m,"['amount', 'ret_1m']",20,"CSRank(Mul(Sign(ZScore(Delta($F,N))),ZScore(Delta($F,N))))",CSRank>Mul>Sign>ZScore>Delta>ZScore>Delta,CSRank:1|Delta:2|Mul:1|Sign:1|ZScore:2,CSRank,5,depth_le_6,7,opcount_le_9,2,fieldcount_le_2,2,wincount_le_2,20,maxwin_le_30,11,complexity_le_14,phase3bp:2f8129e7780ee4f268e8d367,0.14677186,1,read_only_research_candidate,phase3bt_ast_fresh_preserving_hybrid: hybrid arm from phase3bp_true1min_cem_elite: cem seed interaction ret_delta_8 x amount_delta_20 signed_state,0.15502886
phase3bt_00118,3f136c24b1abe76905409a74,"CSRank(Mul(Sign(ZScore(Delta($ret_1m,8))),ZScore(Div($m1_first30_vol,Add(Abs($volume),0.000001)))))",cem_interaction::rx_intraday_return::rx_opening_amount::signed_state,phase3bt_ast_fresh_preserving_hybrid,phase3bt_ast_fresh_preserving_hybrid,m1_first30_vol|ret_1m|volume,"['m1_first30_vol', 'ret_1m', 'volume']",8,"CSRank(Mul(Sign(ZScore(Delta($F,N))),ZScore(Div($F,Add(Abs($F),N)))))",CSRank>Mul>Sign>ZScore>Delta>ZScore>Div>Add>Abs,Abs:1|Add:1|CSRank:1|Delta:1|Div:1|Mul:1|Sign:1|ZScore:2,CSRank,6,depth_le_6,9,opcount_le_9,3,fieldcount_le_4,1,wincount_le_1,8,maxwin_le_15,13,complexity_le_14,phase3bp:3f136c24b1abe76905409a74,0.15995316,1,read_only_research_candidate,phase3bt_ast_fresh_preserving_hybrid: hybrid arm from phase3bp_true1min_cem_elite: cem seed interaction ret_delta_8 x m1_first30_vol signed_state,0.15469316
phase3bt_00119,54199f1a7f419c74c63411ba,"CSRank(Mul(Sign(ZScore(Div($m1_first15_amount,Add(Abs($amount),0.000001)))),ZScore(Std(Div(Sub($high,$low),Add(Abs($open),0.000001)),15))))",cem_interaction::rx_opening_amount::rx_range_location::signed_state,phase3bt_ast_fresh_preserving_hybrid,phase3bt_ast_fresh_preserving_hybrid,amount|high|low|m1_first15_amount|open,"['amount', 'high', 'low', 'm1_first15_amount', 'open']",0,"CSRank(Mul(Sign(ZScore(Div($F,Add(Abs($F),N)))),ZScore(Std(Div(Sub($F,$F),Add(Abs($F),N)),N))))",CSRank>Mul>Sign>ZScore>Div>Add>Abs>ZScore>Std>Div,Abs:2|Add:2|CSRank:1|Div:2|Mul:1|Sign:1|Std:1|Sub:1|ZScore:2,CSRank,7,depth_le_8,13,opcount_gt_12,5,fieldcount_le_6,1,wincount_le_1,15,maxwin_le_15,19,complexity_gt_18,phase3bp:54199f1a7f419c74c63411ba,0.1580086,1,read_only_research_candidate,phase3bt_ast_fresh_preserving_hybrid: hybrid arm from phase3bp_true1min_cem_elite: cem seed interaction m1_first15_amount x range_vol_15 signed_state,0.1545916
phase3bt_00120,4c34a1ed4be38d7fe086ebcd,"CSRank(Sub(ZScore(Delta($ret_1m,20)),ZScore(Mean(Delta($amount,30),3))))",cem_resample::rx_intraday_return::rx_flow_amount_volume::elite_spread_mean3,phase3bt_ast_fresh_preserving_hybrid,phase3bt_ast_fresh_preserving_hybrid,amount|ret_1m,"['amount', 'ret_1m']",30,"CSRank(Sub(ZScore(Delta($F,N)),ZScore(Mean(Delta($F,N),N))))",CSRank>Sub>ZScore>Delta>ZScore>Mean>Delta,CSRank:1|Delta:2|Mean:1|Sub:1|ZScore:2,CSRank,5,depth_le_6,7,opcount_le_9,2,fieldcount_le_2,3,wincount_le_4,30,maxwin_le_30,12,complexity_le_14,phase3bp:4c34a1ed4be38d7fe086ebcd,0.14616596,1,read_only_research_candidate,phase3bt_ast_fresh_preserving_hybrid: hybrid arm from phase3bp_true1min_cem_elite: cem round 1 elite resample ret_delta_20 x amount_delta_30,0.15437496
phase3bt_00121,f3a90959471ae6374b6fbda1,"CSRank(Mul(Sign(ZScore(Delta($ret_1m,15))),ZScore(Delta($amount,20))))",cem_interaction::rx_intraday_return::rx_flow_amount_volume::signed_state,phase3bt_ast_fresh_preserving_hybrid,phase3bt_ast_fresh_preserving_hybrid,amount|ret_1m,"['amount', 'ret_1m']",20,"CSRank(Mul(Sign(ZScore(Delta($F,N))),ZScore(Delta($F,N))))",CSRank>Mul>Sign>ZScore>Delta>ZScore>Delta,CSRank:1|Delta:2|Mul:1|Sign:1|ZScore:2,CSRank,5,depth_le_6,7,opcount_le_9,2,fieldcount_le_2,2,wincount_le_2,20,maxwin_le_30,11,complexity_le_14,phase3bp:f3a90959471ae6374b6fbda1,0.14577058,1,read_only_research_candidate,phase3bt_ast_fresh_preserving_hybrid: hybrid arm from phase3bp_true1min_cem_elite: cem seed interaction ret_delta_15 x amount_delta_20 signed_state,0.15429158
phase3bt_00122,ce5c6b0b694a3189ef685512,"CSRank(Sub(ZScore(Delta($ret_1m,30)),ZScore(Mean(Delta($amount,20),3))))",cem_resample::rx_intraday_return::rx_flow_amount_volume::elite_spread_mean3,phase3bt_ast_fresh_preserving_hybrid,phase3bt_ast_fresh_preserving_hybrid,amount|ret_1m,"['amount', 'ret_1m']",30,"CSRank(Sub(ZScore(Delta($F,N)),ZScore(Mean(Delta($F,N),N))))",CSRank>Sub>ZScore>Delta>ZScore>Mean>Delta,CSRank:1|Delta:2|Mean:1|Sub:1|ZScore:2,CSRank,5,depth_le_6,7,opcount_le_9,2,fieldcount_le_2,3,wincount_le_4,30,maxwin_le_30,12,complexity_le_14,phase3bp:ce5c6b0b694a3189ef685512,0.14616596,1,read_only_research_candidate,phase3bt_ast_fresh_preserving_hybrid: hybrid arm from phase3bp_true1min_cem_elite: cem round 2 elite resample ret_delta_30 x amount_delta_20,0.15424096
phase3bt_00123,b183fbfc1cfd36ca22a7890c,"CSRank(Sub(ZScore($m1_first15_vwap_return_vs_open),ZScore(Std($ret_1m,5))))",cem_interaction::rx_opening_divergence::rx_volatility_state::spread,phase3bt_ast_fresh_preserving_hybrid,phase3bt_ast_fresh_preserving_hybrid,m1_first15_vwap_return_vs_open|ret_1m,"['m1_first15_vwap_return_vs_open', 'ret_1m']",5,"CSRank(Sub(ZScore($F),ZScore(Std($F,N))))",CSRank>Sub>ZScore>ZScore>Std,CSRank:1|Std:1|Sub:1|ZScore:2,CSRank,4,depth_le_4,5,opcount_le_6,2,fieldcount_le_2,1,wincount_le_1,5,maxwin_le_5,8,complexity_le_10,phase3bp:b183fbfc1cfd36ca22a7890c,0.14516235,1,read_only_research_candidate,phase3bt_ast_fresh_preserving_hybrid: hybrid arm from phase3bp_true1min_cem_elite: cem seed interaction m1_first15_vwap_open x ret_vol_5 spread,0.15382135
phase3bt_00124,2ea6b6c8429d4cbf0daab889,"CSRank(Mul(Sign(ZScore(Div($m1_first30_amount,Add(Abs($amount),0.000001)))),ZScore(Std(Div(Sub($high,$low),Add(Abs($open),0.000001)),10))))",cem_interaction::rx_opening_amount::rx_range_location::signed_state,phase3bt_ast_fresh_preserving_hybrid,phase3bt_ast_fresh_preserving_hybrid,amount|high|low|m1_first30_amount|open,"['amount', 'high', 'low', 'm1_first30_amount', 'open']",0,"CSRank(Mul(Sign(ZScore(Div($F,Add(Abs($F),N)))),ZScore(Std(Div(Sub($F,$F),Add(Abs($F),N)),N))))",CSRank>Mul>Sign>ZScore>Div>Add>Abs>ZScore>Std>Div,Abs:2|Add:2|CSRank:1|Div:2|Mul:1|Sign:1|Std:1|Sub:1|ZScore:2,CSRank,7,depth_le_8,13,opcount_gt_12,5,fieldcount_le_6,1,wincount_le_1,10,maxwin_le_15,19,complexity_gt_18,phase3bp:2ea6b6c8429d4cbf0daab889,0.15742873,1,read_only_research_candidate,phase3bt_ast_fresh_preserving_hybrid: hybrid arm from phase3bp_true1min_cem_elite: cem seed interaction m1_first30_amount x range_vol_10 signed_state,0.15376273
phase3bt_00125,d54e3933ccef3c52f6adde1d,"CSRank(Mul(ZScore(Delta($intraday_ret_from_open,30)),ZScore(Std($ret_1m,10))))",rx_interaction::rx_intraday_return::rx_volatility_state::product,phase3bt_ast_fresh_preserving_hybrid,phase3bt_ast_fresh_preserving_hybrid,intraday_ret_from_open|ret_1m,"['intraday_ret_from_open', 'ret_1m']",30,"CSRank(Mul(ZScore(Delta($F,N)),ZScore(Std($F,N))))",CSRank>Mul>ZScore>Delta>ZScore>Std,CSRank:1|Delta:1|Mul:1|Std:1|ZScore:2,CSRank,4,depth_le_4,6,opcount_le_6,2,fieldcount_le_2,2,wincount_le_2,30,maxwin_le_30,10,complexity_le_10,phase3bp:d54e3933ccef3c52f6adde1d,0.37740503,1,read_only_research_candidate,phase3bt_ast_fresh_preserving_hybrid: rx interaction intraday_delta_30 x ret_vol_10 product,
phase3bt_00126,a12cfd52990da9e0460aa55a,"CSRank(Mul(ZScore(Delta($intraday_ret_from_open,30)),ZScore(Std($ret_1m,15))))",rx_interaction::rx_intraday_return::rx_volatility_state::product,phase3bt_ast_fresh_preserving_hybrid,phase3bt_ast_fresh_preserving_hybrid,intraday_ret_from_open|ret_1m,"['intraday_ret_from_open', 'ret_1m']",30,"CSRank(Mul(ZScore(Delta($F,N)),ZScore(Std($F,N))))",CSRank>Mul>ZScore>Delta>ZScore>Std,CSRank:1|Delta:1|Mul:1|Std:1|ZScore:2,CSRank,4,depth_le_4,6,opcount_le_6,2,fieldcount_le_2,2,wincount_le_2,30,maxwin_le_30,10,complexity_le_10,phase3bp:a12cfd52990da9e0460aa55a,0.37729911,1,read_only_research_candidate,phase3bt_ast_fresh_preserving_hybrid: rx interaction intraday_delta_30 x ret_vol_15 product,
phase3bt_00127,7e671cad2bcd11d231b5e1e6,"CSRank(Mul(ZScore(Delta($intraday_ret_from_open,15)),ZScore(Std($ret_1m,30))))",rx_interaction::rx_intraday_return::rx_volatility_state::product,phase3bt_ast_fresh_preserving_hybrid,phase3bt_ast_fresh_preserving_hybrid,intraday_ret_from_open|ret_1m,"['intraday_ret_from_open', 'ret_1m']",30,"CSRank(Mul(ZScore(Delta($F,N)),ZScore(Std($F,N))))",CSRank>Mul>ZScore>Delta>ZScore>Std,CSRank:1|Delta:1|Mul:1|Std:1|ZScore:2,CSRank,4,depth_le_4,6,opcount_le_6,2,fieldcount_le_2,2,wincount_le_2,30,maxwin_le_30,10,complexity_le_10,phase3bp:7e671cad2bcd11d231b5e1e6,0.37729911,1,read_only_research_candidate,phase3bt_ast_fresh_preserving_hybrid: rx interaction intraday_delta_15 x ret_vol_30 product,
phase3bt_00128,4b445e38f9995d2248240c3c,"CSRank(Mul(ZScore(Delta($intraday_ret_from_open,30)),ZScore(Std($ret_1m,20))))",rx_interaction::rx_intraday_return::rx_volatility_state::product,phase3bt_ast_fresh_preserving_hybrid,phase3bt_ast_fresh_preserving_hybrid,intraday_ret_from_open|ret_1m,"['intraday_ret_from_open', 'ret_1m']",30,"CSRank(Mul(ZScore(Delta($F,N)),ZScore(Std($F,N))))",CSRank>Mul>ZScore>Delta>ZScore>Std,CSRank:1|Delta:1|Mul:1|Std:1|ZScore:2,CSRank,4,depth_le_4,6,opcount_le_6,2,fieldcount_le_2,2,wincount_le_2,30,maxwin_le_30,10,complexity_le_10,phase3bp:4b445e38f9995d2248240c3c,0.37595463,1,read_only_research_candidate,phase3bt_ast_fresh_preserving_hybrid: rx interaction intraday_delta_30 x ret_vol_20 product,
phase3bt_00129,329fe2e8e5a2a59b0c9f9edc,"CSRank(Mul(ZScore(Delta($ret_1m,10)),ZScore(Std(Div(Sub($high,$low),Add(Abs($open),0.000001)),30))))",rx_interaction::rx_intraday_return::rx_range_location::product,phase3bt_ast_fresh_preserving_hybrid,phase3bt_ast_fresh_preserving_hybrid,high|low|open|ret_1m,"['high', 'low', 'open', 'ret_1m']",10,"CSRank(Mul(ZScore(Delta($F,N)),ZScore(Std(Div(Sub($F,$F),Add(Abs($F),N)),N))))",CSRank>Mul>ZScore>Delta>ZScore>Std>Div>Sub>Add>Abs,Abs:1|Add:1|CSRank:1|Delta:1|Div:1|Mul:1|Std:1|Sub:1|ZScore:2,CSRank,7,depth_le_8,10,opcount_le_12,4,fieldcount_le_4,2,wincount_le_2,30,maxwin_le_30,16,complexity_le_18,phase3bp:329fe2e8e5a2a59b0c9f9edc,0.31368309,1,read_only_research_candidate,phase3bt_ast_fresh_preserving_hybrid: rx interaction ret_delta_10 x range_vol_30 product,
phase3bt_00130,f6749d80d0a1ad26fafb9210,"CSRank(Mul(ZScore(Delta($ret_1m,30)),ZScore(Std(Div(Sub($high,$low),Add(Abs($open),0.000001)),10))))",rx_interaction::rx_intraday_return::rx_range_location::product,phase3bt_ast_fresh_preserving_hybrid,phase3bt_ast_fresh_preserving_hybrid,high|low|open|ret_1m,"['high', 'low', 'open', 'ret_1m']",30,"CSRank(Mul(ZScore(Delta($F,N)),ZScore(Std(Div(Sub($F,$F),Add(Abs($F),N)),N))))",CSRank>Mul>ZScore>Delta>ZScore>Std>Div>Sub>Add>Abs,Abs:1|Add:1|CSRank:1|Delta:1|Div:1|Mul:1|Std:1|Sub:1|ZScore:2,CSRank,7,depth_le_8,10,opcount_le_12,4,fieldcount_le_4,2,wincount_le_2,30,maxwin_le_30,16,complexity_le_18,phase3bp:f6749d80d0a1ad26fafb9210,0.31368309,1,read_only_research_candidate,phase3bt_ast_fresh_preserving_hybrid: rx interaction ret_delta_30 x range_vol_10 product,
phase3bt_00131,cd04fc3331a47eaad0ffb3cb,"CSRank(Mul(ZScore(Delta($ret_1m,15)),ZScore(Std(Div(Sub($high,$low),Add(Abs($open),0.000001)),30))))",rx_interaction::rx_intraday_return::rx_range_location::product,phase3bt_ast_fresh_preserving_hybrid,phase3bt_ast_fresh_preserving_hybrid,high|low|open|ret_1m,"['high', 'low', 'open', 'ret_1m']",15,"CSRank(Mul(ZScore(Delta($F,N)),ZScore(Std(Div(Sub($F,$F),Add(Abs($F),N)),N))))",CSRank>Mul>ZScore>Delta>ZScore>Std>Div>Sub>Add>Abs,Abs:1|Add:1|CSRank:1|Delta:1|Div:1|Mul:1|Std:1|Sub:1|ZScore:2,CSRank,7,depth_le_8,10,opcount_le_12,4,fieldcount_le_4,2,wincount_le_2,30,maxwin_le_30,16,complexity_le_18,phase3bp:cd04fc3331a47eaad0ffb3cb,0.31357717,1,read_only_research_candidate,phase3bt_ast_fresh_preserving_hybrid: rx interaction ret_delta_15 x range_vol_30 product,
phase3bt_00132,4fbd929c403b1feecc06a95f,"CSRank(Mul(ZScore(Delta($ret_1m,30)),ZScore(Std(Div(Sub($high,$low),Add(Abs($open),0.000001)),15))))",rx_interaction::rx_intraday_return::rx_range_location::product,phase3bt_ast_fresh_preserving_hybrid,phase3bt_ast_fresh_preserving_hybrid,high|low|open|ret_1m,"['high', 'low', 'open', 'ret_1m']",30,"CSRank(Mul(ZScore(Delta($F,N)),ZScore(Std(Div(Sub($F,$F),Add(Abs($F),N)),N))))",CSRank>Mul>ZScore>Delta>ZScore>Std>Div>Sub>Add>Abs,Abs:1|Add:1|CSRank:1|Delta:1|Div:1|Mul:1|Std:1|Sub:1|ZScore:2,CSRank,7,depth_le_8,10,opcount_le_12,4,fieldcount_le_4,2,wincount_le_2,30,maxwin_le_30,16,complexity_le_18,phase3bp:4fbd929c403b1feecc06a95f,0.31357717,1,read_only_research_candidate,phase3bt_ast_fresh_preserving_hybrid: rx interaction ret_delta_30 x range_vol_15 product,
phase3bt_00133,468f348908affd9c5f89fadc,"CSRank(Mul(ZScore(Sub(Div(Sub($close,$low),Add(Abs(Sub($high,$low)),0.000001)),Mean(Div(Sub($close,$low),Add(Abs(Sub($high,$low)),0.000001)),30))),ZScore(Std($ret_1m,10))))",rx_interaction::rx_range_location::rx_volatility_state::product,phase3bt_ast_fresh_preserving_hybrid,phase3bt_ast_fresh_preserving_hybrid,close|high|low|ret_1m,"['close', 'high', 'low', 'ret_1m']",10,"CSRank(Mul(ZScore(Sub(Div(Sub($F,$F),Add(Abs(Sub($F,$F)),N)),Mean(Div(Sub($F,$F),Add(Abs(Sub($F,$F)),N)),N))),ZScore(Std($F,N))))",CSRank>Mul>ZScore>Sub>Div>Sub>Add>Abs>Sub>Mean,Abs:2|Add:2|CSRank:1|Div:2|Mean:1|Mul:1|Std:1|Sub:5|ZScore:2,CSRank,9,depth_gt_8,17,opcount_gt_12,4,fieldcount_le_4,2,wincount_le_2,30,maxwin_le_30,23,complexity_gt_18,phase3bp:468f348908affd9c5f89fadc,0.26488759,1,read_only_research_candidate,phase3bt_ast_fresh_preserving_hybrid: rx interaction bar_loc_shift_30 x ret_vol_10 product,
phase3bt_00134,7ad2f3fd58a0aa555e273bd8,"CSRank(Mul(ZScore(Sub(Div(Sub($close,$low),Add(Abs(Sub($high,$low)),0.000001)),Mean(Div(Sub($close,$low),Add(Abs(Sub($high,$low)),0.000001)),10))),ZScore(Std($ret_1m,30))))",rx_interaction::rx_range_location::rx_volatility_state::product,phase3bt_ast_fresh_preserving_hybrid,phase3bt_ast_fresh_preserving_hybrid,close|high|low|ret_1m,"['close', 'high', 'low', 'ret_1m']",30,"CSRank(Mul(ZScore(Sub(Div(Sub($F,$F),Add(Abs(Sub($F,$F)),N)),Mean(Div(Sub($F,$F),Add(Abs(Sub($F,$F)),N)),N))),ZScore(Std($F,N))))",CSRank>Mul>ZScore>Sub>Div>Sub>Add>Abs>Sub>Mean,Abs:2|Add:2|CSRank:1|Div:2|Mean:1|Mul:1|Std:1|Sub:5|ZScore:2,CSRank,9,depth_gt_8,17,opcount_gt_12,4,fieldcount_le_4,2,wincount_le_2,30,maxwin_le_30,23,complexity_gt_18,phase3bp:7ad2f3fd58a0aa555e273bd8,0.26488759,1,read_only_research_candidate,phase3bt_ast_fresh_preserving_hybrid: rx interaction bar_loc_shift_10 x ret_vol_30 product,
phase3bt_00135,534c0fdd91c16fa28b7b17e9,"CSRank(Mul(ZScore(Sub(Div(Sub($close,$low),Add(Abs(Sub($high,$low)),0.000001)),Mean(Div(Sub($close,$low),Add(Abs(Sub($high,$low)),0.000001)),30))),ZScore(Std($ret_1m,15))))",rx_interaction::rx_range_location::rx_volatility_state::product,phase3bt_ast_fresh_preserving_hybrid,phase3bt_ast_fresh_preserving_hybrid,close|high|low|ret_1m,"['close', 'high', 'low', 'ret_1m']",15,"CSRank(Mul(ZScore(Sub(Div(Sub($F,$F),Add(Abs(Sub($F,$F)),N)),Mean(Div(Sub($F,$F),Add(Abs(Sub($F,$F)),N)),N))),ZScore(Std($F,N))))",CSRank>Mul>ZScore>Sub>Div>Sub>Add>Abs>Sub>Mean,Abs:2|Add:2|CSRank:1|Div:2|Mean:1|Mul:1|Std:1|Sub:5|ZScore:2,CSRank,9,depth_gt_8,17,opcount_gt_12,4,fieldcount_le_4,2,wincount_le_2,30,maxwin_le_30,23,complexity_gt_18,phase3bp:534c0fdd91c16fa28b7b17e9,0.26478167,1,read_only_research_candidate,phase3bt_ast_fresh_preserving_hybrid: rx interaction bar_loc_shift_30 x ret_vol_15 product,
phase3bt_00136,024ca17d7b4daf523668a59d,"CSRank(Mul(ZScore(Sub(Div(Sub($close,$low),Add(Abs(Sub($high,$low)),0.000001)),Mean(Div(Sub($close,$low),Add(Abs(Sub($high,$low)),0.000001)),15))),ZScore(Std($ret_1m,30))))",rx_interaction::rx_range_location::rx_volatility_state::product,phase3bt_ast_fresh_preserving_hybrid,phase3bt_ast_fresh_preserving_hybrid,close|high|low|ret_1m,"['close', 'high', 'low', 'ret_1m']",30,"CSRank(Mul(ZScore(Sub(Div(Sub($F,$F),Add(Abs(Sub($F,$F)),N)),Mean(Div(Sub($F,$F),Add(Abs(Sub($F,$F)),N)),N))),ZScore(Std($F,N))))",CSRank>Mul>ZScore>Sub>Div>Sub>Add>Abs>Sub>Mean,Abs:2|Add:2|CSRank:1|Div:2|Mean:1|Mul:1|Std:1|Sub:5|ZScore:2,CSRank,9,depth_gt_8,17,opcount_gt_12,4,fieldcount_le_4,2,wincount_le_2,30,maxwin_le_30,23,complexity_gt_18,phase3bp:024ca17d7b4daf523668a59d,0.26478167,1,read_only_research_candidate,phase3bt_ast_fresh_preserving_hybrid: rx interaction bar_loc_shift_15 x ret_vol_30 product,
phase3bt_00137,a67938c654848788e0f60528,"CSRank(Mul(ZScore(Sub(Div(Sub($close,$low),Add(Abs(Sub($high,$low)),0.000001)),Mean(Div(Sub($close,$low),Add(Abs(Sub($high,$low)),0.000001)),30))),ZScore(Std(Div(Sub($high,$low),Add(Abs($open),0.000001)),10))))",rx_interaction::rx_range_location::rx_range_location::product,phase3bt_ast_fresh_preserving_hybrid,phase3bt_ast_fresh_preserving_hybrid,close|high|low|open,"['close', 'high', 'low', 'open']",0,"CSRank(Mul(ZScore(Sub(Div(Sub($F,$F),Add(Abs(Sub($F,$F)),N)),Mean(Div(Sub($F,$F),Add(Abs(Sub($F,$F)),N)),N))),ZScore(Std(Div(Sub($F,$F),Add(Abs($F),N)),N))))",CSRank>Mul>ZScore>Sub>Div>Sub>Add>Abs>Sub>Mean,Abs:3|Add:3|CSRank:1|Div:3|Mean:1|Mul:1|Std:1|Sub:6|ZScore:2,CSRank,9,depth_gt_8,21,opcount_gt_12,4,fieldcount_le_4,2,wincount_le_2,30,maxwin_le_30,27,complexity_gt_18,phase3bp:a67938c654848788e0f60528,0.25914104,1,read_only_research_candidate,phase3bt_ast_fresh_preserving_hybrid: rx interaction bar_loc_shift_30 x range_vol_10 product,
phase3bt_00138,54d25a5c1553822a8435df7c,"CSRank(Mul(ZScore(Sub(Div(Sub($close,$low),Add(Abs(Sub($high,$low)),0.000001)),Mean(Div(Sub($close,$low),Add(Abs(Sub($high,$low)),0.000001)),10))),ZScore(Std(Div(Sub($high,$low),Add(Abs($open),0.000001)),30))))",rx_interaction::rx_range_location::rx_range_location::product,phase3bt_ast_fresh_preserving_hybrid,phase3bt_ast_fresh_preserving_hybrid,close|high|low|open,"['close', 'high', 'low', 'open']",0,"CSRank(Mul(ZScore(Sub(Div(Sub($F,$F),Add(Abs(Sub($F,$F)),N)),Mean(Div(Sub($F,$F),Add(Abs(Sub($F,$F)),N)),N))),ZScore(Std(Div(Sub($F,$F),Add(Abs($F),N)),N))))",CSRank>Mul>ZScore>Sub>Div>Sub>Add>Abs>Sub>Mean,Abs:3|Add:3|CSRank:1|Div:3|Mean:1|Mul:1|Std:1|Sub:6|ZScore:2,CSRank,9,depth_gt_8,21,opcount_gt_12,4,fieldcount_le_4,2,wincount_le_2,30,maxwin_le_30,27,complexity_gt_18,phase3bp:54d25a5c1553822a8435df7c,0.25914104,1,read_only_research_candidate,phase3bt_ast_fresh_preserving_hybrid: rx interaction bar_loc_shift_10 x range_vol_30 product,
phase3bt_00139,b172fbfbc1fcd5331c6c8430,"CSRank(Mul(ZScore(Sub(Div(Sub($close,$low),Add(Abs(Sub($high,$low)),0.000001)),Mean(Div(Sub($close,$low),Add(Abs(Sub($high,$low)),0.000001)),30))),ZScore(Std(Div(Sub($high,$low),Add(Abs($open),0.000001)),15))))",rx_interaction::rx_range_location::rx_range_location::product,phase3bt_ast_fresh_preserving_hybrid,phase3bt_ast_fresh_preserving_hybrid,close|high|low|open,"['close', 'high', 'low', 'open']",0,"CSRank(Mul(ZScore(Sub(Div(Sub($F,$F),Add(Abs(Sub($F,$F)),N)),Mean(Div(Sub($F,$F),Add(Abs(Sub($F,$F)),N)),N))),ZScore(Std(Div(Sub($F,$F),Add(Abs($F),N)),N))))",CSRank>Mul>ZScore>Sub>Div>Sub>Add>Abs>Sub>Mean,Abs:3|Add:3|CSRank:1|Div:3|Mean:1|Mul:1|Std:1|Sub:6|ZScore:2,CSRank,9,depth_gt_8,21,opcount_gt_12,4,fieldcount_le_4,2,wincount_le_2,30,maxwin_le_30,27,complexity_gt_18,phase3bp:b172fbfbc1fcd5331c6c8430,0.25903512,1,read_only_research_candidate,phase3bt_ast_fresh_preserving_hybrid: rx interaction bar_loc_shift_30 x range_vol_15 product,
phase3bt_00140,79e893e8f4693ef7425e24ba,"CSRank(Mul(ZScore(Sub(Div(Sub($close,$low),Add(Abs(Sub($high,$low)),0.000001)),Mean(Div(Sub($close,$low),Add(Abs(Sub($high,$low)),0.000001)),15))),ZScore(Std(Div(Sub($high,$low),Add(Abs($open),0.000001)),30))))",rx_interaction::rx_range_location::rx_range_location::product,phase3bt_ast_fresh_preserving_hybrid,phase3bt_ast_fresh_preserving_hybrid,close|high|low|open,"['close', 'high', 'low', 'open']",0,"CSRank(Mul(ZScore(Sub(Div(Sub($F,$F),Add(Abs(Sub($F,$F)),N)),Mean(Div(Sub($F,$F),Add(Abs(Sub($F,$F)),N)),N))),ZScore(Std(Div(Sub($F,$F),Add(Abs($F),N)),N))))",CSRank>Mul>ZScore>Sub>Div>Sub>Add>Abs>Sub>Mean,Abs:3|Add:3|CSRank:1|Div:3|Mean:1|Mul:1|Std:1|Sub:6|ZScore:2,CSRank,9,depth_gt_8,21,opcount_gt_12,4,fieldcount_le_4,2,wincount_le_2,30,maxwin_le_30,27,complexity_gt_18,phase3bp:79e893e8f4693ef7425e24ba,0.25903512,1,read_only_research_candidate,phase3bt_ast_fresh_preserving_hybrid: rx interaction bar_loc_shift_15 x range_vol_30 product,
phase3bt_00141,5c629e6b39ae5a3d857dfcac,"CSRank(Sub(ZScore(Delta($intraday_ret_from_open,30)),ZScore(Delta($amount,10))))",rx_interaction::rx_intraday_return::rx_flow_amount_volume::spread,phase3bt_ast_fresh_preserving_hybrid,phase3bt_ast_fresh_preserving_hybrid,amount|intraday_ret_from_open,"['amount', 'intraday_ret_from_open']",30,"CSRank(Sub(ZScore(Delta($F,N)),ZScore(Delta($F,N))))",CSRank>Sub>ZScore>Delta>ZScore>Delta,CSRank:1|Delta:2|Sub:1|ZScore:2,CSRank,4,depth_le_4,6,opcount_le_6,2,fieldcount_le_2,2,wincount_le_2,30,maxwin_le_30,10,complexity_le_10,phase3bp:5c629e6b39ae5a3d857dfcac,0.25701242,1,read_only_research_candidate,phase3bt_ast_fresh_preserving_hybrid: rx interaction intraday_delta_30 x amount_delta_10 spread,
phase3bt_00142,f0414d75d418d13467822f76,"CSRank(Mul(ZScore(Sub(Div(Sub($close,$low),Add(Abs(Sub($high,$low)),0.000001)),Mean(Div(Sub($close,$low),Add(Abs(Sub($high,$low)),0.000001)),30))),ZScore(Delta($amount,10))))",rx_interaction::rx_range_location::rx_flow_amount_volume::product,phase3bt_ast_fresh_preserving_hybrid,phase3bt_ast_fresh_preserving_hybrid,amount|close|high|low,"['amount', 'close', 'high', 'low']",10,"CSRank(Mul(ZScore(Sub(Div(Sub($F,$F),Add(Abs(Sub($F,$F)),N)),Mean(Div(Sub($F,$F),Add(Abs(Sub($F,$F)),N)),N))),ZScore(Delta($F,N))))",CSRank>Mul>ZScore>Sub>Div>Sub>Add>Abs>Sub>Mean,Abs:2|Add:2|CSRank:1|Delta:1|Div:2|Mean:1|Mul:1|Sub:5|ZScore:2,CSRank,9,depth_gt_8,17,opcount_gt_12,4,fieldcount_le_4,2,wincount_le_2,30,maxwin_le_30,23,complexity_gt_18,phase3bp:f0414d75d418d13467822f76,0.25700113,1,read_only_research_candidate,phase3bt_ast_fresh_preserving_hybrid: rx interaction bar_loc_shift_30 x amount_delta_10 product,
phase3bt_00143,1a60e6924307930106fdbc5d,"CSRank(Mul(ZScore(Sub(Div(Sub($close,$low),Add(Abs(Sub($high,$low)),0.000001)),Mean(Div(Sub($close,$low),Add(Abs(Sub($high,$low)),0.000001)),10))),ZScore(Delta($amount,30))))",rx_interaction::rx_range_location::rx_flow_amount_volume::product,phase3bt_ast_fresh_preserving_hybrid,phase3bt_ast_fresh_preserving_hybrid,amount|close|high|low,"['amount', 'close', 'high', 'low']",30,"CSRank(Mul(ZScore(Sub(Div(Sub($F,$F),Add(Abs(Sub($F,$F)),N)),Mean(Div(Sub($F,$F),Add(Abs(Sub($F,$F)),N)),N))),ZScore(Delta($F,N))))",CSRank>Mul>ZScore>Sub>Div>Sub>Add>Abs>Sub>Mean,Abs:2|Add:2|CSRank:1|Delta:1|Div:2|Mean:1|Mul:1|Sub:5|ZScore:2,CSRank,9,depth_gt_8,17,opcount_gt_12,4,fieldcount_le_4,2,wincount_le_2,30,maxwin_le_30,23,complexity_gt_18,phase3bp:1a60e6924307930106fdbc5d,0.25700113,1,read_only_research_candidate,phase3bt_ast_fresh_preserving_hybrid: rx interaction bar_loc_shift_10 x amount_delta_30 product,
phase3bt_00144,f6d398a5cb926599ce155439,"CSRank(Sub(ZScore(Delta($intraday_ret_from_open,15)),ZScore(Delta($amount,30))))",rx_interaction::rx_intraday_return::rx_flow_amount_volume::spread,phase3bt_ast_fresh_preserving_hybrid,phase3bt_ast_fresh_preserving_hybrid,amount|intraday_ret_from_open,"['amount', 'intraday_ret_from_open']",30,"CSRank(Sub(ZScore(Delta($F,N)),ZScore(Delta($F,N))))",CSRank>Sub>ZScore>Delta>ZScore>Delta,CSRank:1|Delta:2|Sub:1|ZScore:2,CSRank,4,depth_le_4,6,opcount_le_6,2,fieldcount_le_2,2,wincount_le_2,30,maxwin_le_30,10,complexity_le_10,phase3bp:f6d398a5cb926599ce155439,0.2569065,1,read_only_research_candidate,phase3bt_ast_fresh_preserving_hybrid: rx interaction intraday_delta_15 x amount_delta_30 spread,
phase3bt_00145,3b9c2142883c6c8738cfc8c5,"CSRank(Sub(ZScore(Delta($intraday_ret_from_open,30)),ZScore(Delta($amount,15))))",rx_interaction::rx_intraday_return::rx_flow_amount_volume::spread,phase3bt_ast_fresh_preserving_hybrid,phase3bt_ast_fresh_preserving_hybrid,amount|intraday_ret_from_open,"['amount', 'intraday_ret_from_open']",30,"CSRank(Sub(ZScore(Delta($F,N)),ZScore(Delta($F,N))))",CSRank>Sub>ZScore>Delta>ZScore>Delta,CSRank:1|Delta:2|Sub:1|ZScore:2,CSRank,4,depth_le_4,6,opcount_le_6,2,fieldcount_le_2,2,wincount_le_2,30,maxwin_le_30,10,complexity_le_10,phase3bp:3b9c2142883c6c8738cfc8c5,0.2569065,1,read_only_research_candidate,phase3bt_ast_fresh_preserving_hybrid: rx interaction intraday_delta_30 x amount_delta_15 spread,
phase3bt_00146,741693bcdff0aaee654342c3,"CSRank(Mul(ZScore(Sub(Div(Sub($close,$low),Add(Abs(Sub($high,$low)),0.000001)),Mean(Div(Sub($close,$low),Add(Abs(Sub($high,$low)),0.000001)),30))),ZScore(Delta($amount,15))))",rx_interaction::rx_range_location::rx_flow_amount_volume::product,phase3bt_ast_fresh_preserving_hybrid,phase3bt_ast_fresh_preserving_hybrid,amount|close|high|low,"['amount', 'close', 'high', 'low']",15,"CSRank(Mul(ZScore(Sub(Div(Sub($F,$F),Add(Abs(Sub($F,$F)),N)),Mean(Div(Sub($F,$F),Add(Abs(Sub($F,$F)),N)),N))),ZScore(Delta($F,N))))",CSRank>Mul>ZScore>Sub>Div>Sub>Add>Abs>Sub>Mean,Abs:2|Add:2|CSRank:1|Delta:1|Div:2|Mean:1|Mul:1|Sub:5|ZScore:2,CSRank,9,depth_gt_8,17,opcount_gt_12,4,fieldcount_le_4,2,wincount_le_2,30,maxwin_le_30,23,complexity_gt_18,phase3bp:741693bcdff0aaee654342c3,0.25689522,1,read_only_research_candidate,phase3bt_ast_fresh_preserving_hybrid: rx interaction bar_loc_shift_30 x amount_delta_15 product,
phase3bt_00147,f754689a7fbe58954b24e701,"CSRank(Mul(ZScore(Sub(Div(Sub($close,$low),Add(Abs(Sub($high,$low)),0.000001)),Mean(Div(Sub($close,$low),Add(Abs(Sub($high,$low)),0.000001)),15))),ZScore(Delta($amount,30))))",rx_interaction::rx_range_location::rx_flow_amount_volume::product,phase3bt_ast_fresh_preserving_hybrid,phase3bt_ast_fresh_preserving_hybrid,amount|close|high|low,"['amount', 'close', 'high', 'low']",30,"CSRank(Mul(ZScore(Sub(Div(Sub($F,$F),Add(Abs(Sub($F,$F)),N)),Mean(Div(Sub($F,$F),Add(Abs(Sub($F,$F)),N)),N))),ZScore(Delta($F,N))))",CSRank>Mul>ZScore>Sub>Div>Sub>Add>Abs>Sub>Mean,Abs:2|Add:2|CSRank:1|Delta:1|Div:2|Mean:1|Mul:1|Sub:5|ZScore:2,CSRank,9,depth_gt_8,17,opcount_gt_12,4,fieldcount_le_4,2,wincount_le_2,30,maxwin_le_30,23,complexity_gt_18,phase3bp:f754689a7fbe58954b24e701,0.25689522,1,read_only_research_candidate,phase3bt_ast_fresh_preserving_hybrid: rx interaction bar_loc_shift_15 x amount_delta_30 product,
phase3bt_00148,d82c103e96b4e50af2090b2f,"CSRank(Mul(ZScore(Sub(Div(Sub($close,$low),Add(Abs(Sub($high,$low)),0.000001)),Mean(Div(Sub($close,$low),Add(Abs(Sub($high,$low)),0.000001)),30))),ZScore(Delta($volume,10))))",rx_interaction::rx_range_location::rx_flow_amount_volume::product,phase3bt_ast_fresh_preserving_hybrid,phase3bt_ast_fresh_preserving_hybrid,close|high|low|volume,"['close', 'high', 'low', 'volume']",10,"CSRank(Mul(ZScore(Sub(Div(Sub($F,$F),Add(Abs(Sub($F,$F)),N)),Mean(Div(Sub($F,$F),Add(Abs(Sub($F,$F)),N)),N))),ZScore(Delta($F,N))))",CSRank>Mul>ZScore>Sub>Div>Sub>Add>Abs>Sub>Mean,Abs:2|Add:2|CSRank:1|Delta:1|Div:2|Mean:1|Mul:1|Sub:5|ZScore:2,CSRank,9,depth_gt_8,17,opcount_gt_12,4,fieldcount_le_4,2,wincount_le_2,30,maxwin_le_30,23,complexity_gt_18,phase3bp:d82c103e96b4e50af2090b2f,0.25580041,1,read_only_research_candidate,phase3bt_ast_fresh_preserving_hybrid: rx interaction bar_loc_shift_30 x volume_delta_10 product,
phase3bt_00149,6a1483ca05da26beff18ddee,"CSRank(Mul(ZScore(Sub(Div(Sub($close,$low),Add(Abs(Sub($high,$low)),0.000001)),Mean(Div(Sub($close,$low),Add(Abs(Sub($high,$low)),0.000001)),10))),ZScore(Delta($volume,30))))",rx_interaction::rx_range_location::rx_flow_amount_volume::product,phase3bt_ast_fresh_preserving_hybrid,phase3bt_ast_fresh_preserving_hybrid,close|high|low|volume,"['close', 'high', 'low', 'volume']",30,"CSRank(Mul(ZScore(Sub(Div(Sub($F,$F),Add(Abs(Sub($F,$F)),N)),Mean(Div(Sub($F,$F),Add(Abs(Sub($F,$F)),N)),N))),ZScore(Delta($F,N))))",CSRank>Mul>ZScore>Sub>Div>Sub>Add>Abs>Sub>Mean,Abs:2|Add:2|CSRank:1|Delta:1|Div:2|Mean:1|Mul:1|Sub:5|ZScore:2,CSRank,9,depth_gt_8,17,opcount_gt_12,4,fieldcount_le_4,2,wincount_le_2,30,maxwin_le_30,23,complexity_gt_18,phase3bp:6a1483ca05da26beff18ddee,0.25580041,1,read_only_research_candidate,phase3bt_ast_fresh_preserving_hybrid: rx interaction bar_loc_shift_10 x volume_delta_30 product,
phase3bt_00150,3043bfc908757aba9d8297ff,"CSRank(Mul(ZScore(Sub(Div(Sub($close,$low),Add(Abs(Sub($high,$low)),0.000001)),Mean(Div(Sub($close,$low),Add(Abs(Sub($high,$low)),0.000001)),30))),ZScore(Delta($volume,15))))",rx_interaction::rx_range_location::rx_flow_amount_volume::product,phase3bt_ast_fresh_preserving_hybrid,phase3bt_ast_fresh_preserving_hybrid,close|high|low|volume,"['close', 'high', 'low', 'volume']",15,"CSRank(Mul(ZScore(Sub(Div(Sub($F,$F),Add(Abs(Sub($F,$F)),N)),Mean(Div(Sub($F,$F),Add(Abs(Sub($F,$F)),N)),N))),ZScore(Delta($F,N))))",CSRank>Mul>ZScore>Sub>Div>Sub>Add>Abs>Sub>Mean,Abs:2|Add:2|CSRank:1|Delta:1|Div:2|Mean:1|Mul:1|Sub:5|ZScore:2,CSRank,9,depth_gt_8,17,opcount_gt_12,4,fieldcount_le_4,2,wincount_le_2,30,maxwin_le_30,23,complexity_gt_18,phase3bp:3043bfc908757aba9d8297ff,0.25569449,1,read_only_research_candidate,phase3bt_ast_fresh_preserving_hybrid: rx interaction bar_loc_shift_30 x volume_delta_15 product,
phase3bt_00151,108585721ee095b1a03efaab,"CSRank(Sub(ZScore(Delta($intraday_ret_from_open,10)),ZScore(Delta($volume,30))))",rx_interaction::rx_intraday_return::rx_flow_amount_volume::spread,phase3bt_ast_fresh_preserving_hybrid,phase3bt_ast_fresh_preserving_hybrid,intraday_ret_from_open|volume,"['intraday_ret_from_open', 'volume']",30,"CSRank(Sub(ZScore(Delta($F,N)),ZScore(Delta($F,N))))",CSRank>Sub>ZScore>Delta>ZScore>Delta,CSRank:1|Delta:2|Sub:1|ZScore:2,CSRank,4,depth_le_4,6,opcount_le_6,2,fieldcount_le_2,2,wincount_le_2,30,maxwin_le_30,10,complexity_le_10,phase3bp:108585721ee095b1a03efaab,0.25461097,1,read_only_research_candidate,phase3bt_ast_fresh_preserving_hybrid: rx interaction intraday_delta_10 x volume_delta_30 spread,
phase3bt_00152,ab9c938e347d4ee32e83fae6,"CSRank(Sub(ZScore(Delta($intraday_ret_from_open,30)),ZScore(Delta($volume,15))))",rx_interaction::rx_intraday_return::rx_flow_amount_volume::spread,phase3bt_ast_fresh_preserving_hybrid,phase3bt_ast_fresh_preserving_hybrid,intraday_ret_from_open|volume,"['intraday_ret_from_open', 'volume']",30,"CSRank(Sub(ZScore(Delta($F,N)),ZScore(Delta($F,N))))",CSRank>Sub>ZScore>Delta>ZScore>Delta,CSRank:1|Delta:2|Sub:1|ZScore:2,CSRank,4,depth_le_4,6,opcount_le_6,2,fieldcount_le_2,2,wincount_le_2,30,maxwin_le_30,10,complexity_le_10,phase3bp:ab9c938e347d4ee32e83fae6,0.25450504,1,read_only_research_candidate,phase3bt_ast_fresh_preserving_hybrid: rx interaction intraday_delta_30 x volume_delta_15 spread,
phase3bt_00153,7d15ca9dc064ba578922bc82,"CSRank(Sub(ZScore(Delta($intraday_ret_from_open,15)),ZScore(Delta($volume,30))))",rx_interaction::rx_intraday_return::rx_flow_amount_volume::spread,phase3bt_ast_fresh_preserving_hybrid,phase3bt_ast_fresh_preserving_hybrid,intraday_ret_from_open|volume,"['intraday_ret_from_open', 'volume']",30,"CSRank(Sub(ZScore(Delta($F,N)),ZScore(Delta($F,N))))",CSRank>Sub>ZScore>Delta>ZScore>Delta,CSRank:1|Delta:2|Sub:1|ZScore:2,CSRank,4,depth_le_4,6,opcount_le_6,2,fieldcount_le_2,2,wincount_le_2,30,maxwin_le_30,10,complexity_le_10,phase3bp:7d15ca9dc064ba578922bc82,0.25450504,1,read_only_research_candidate,phase3bt_ast_fresh_preserving_hybrid: rx interaction intraday_delta_15 x volume_delta_30 spread,
phase3bt_00154,abeea65b00c601c7be6340b1,"CSRank(Sub(ZScore(Sub(Div(Sub($close,$low),Add(Abs(Sub($high,$low)),0.000001)),Mean(Div(Sub($close,$low),Add(Abs(Sub($high,$low)),0.000001)),30))),ZScore(Delta($volume,8))))",rx_interaction::rx_range_location::rx_flow_amount_volume::spread,phase3bt_ast_fresh_preserving_hybrid,phase3bt_ast_fresh_preserving_hybrid,close|high|low|volume,"['close', 'high', 'low', 'volume']",8,"CSRank(Sub(ZScore(Sub(Div(Sub($F,$F),Add(Abs(Sub($F,$F)),N)),Mean(Div(Sub($F,$F),Add(Abs(Sub($F,$F)),N)),N))),ZScore(Delta($F,N))))",CSRank>Sub>ZScore>Sub>Div>Sub>Add>Abs>Sub>Mean,Abs:2|Add:2|CSRank:1|Delta:1|Div:2|Mean:1|Sub:6|ZScore:2,CSRank,9,depth_gt_8,17,opcount_gt_12,4,fieldcount_le_4,2,wincount_le_2,30,maxwin_le_30,23,complexity_gt_18,phase3bp:abeea65b00c601c7be6340b1,0.25422772,1,read_only_research_candidate,phase3bt_ast_fresh_preserving_hybrid: rx interaction bar_loc_shift_30 x volume_delta_8 spread,
phase3bt_00155,325bc0bc66511a167aa51098,"CSRank(Sub(ZScore(Delta($intraday_ret_from_open,10)),ZScore(Delta($amount,8))))",rx_interaction::rx_intraday_return::rx_flow_amount_volume::spread,phase3bt_ast_fresh_preserving_hybrid,phase3bt_ast_fresh_preserving_hybrid,amount|intraday_ret_from_open,"['amount', 'intraday_ret_from_open']",10,"CSRank(Sub(ZScore(Delta($F,N)),ZScore(Delta($F,N))))",CSRank>Sub>ZScore>Delta>ZScore>Delta,CSRank:1|Delta:2|Sub:1|ZScore:2,CSRank,4,depth_le_4,6,opcount_le_6,2,fieldcount_le_2,2,wincount_le_2,10,maxwin_le_15,10,complexity_le_10,phase3bp:325bc0bc66511a167aa51098,0.24935362,1,read_only_research_candidate,phase3bt_ast_fresh_preserving_hybrid: rx interaction intraday_delta_10 x amount_delta_8 spread,
phase3bt_00156,1e7eee0c55700f3c4ff30033,"CSRank(Mul(ZScore(Delta($intraday_ret_from_open,8)),ZScore(Delta($volume,30))))",rx_interaction::rx_intraday_return::rx_flow_amount_volume::product,phase3bt_ast_fresh_preserving_hybrid,phase3bt_ast_fresh_preserving_hybrid,intraday_ret_from_open|volume,"['intraday_ret_from_open', 'volume']",30,"CSRank(Mul(ZScore(Delta($F,N)),ZScore(Delta($F,N))))",CSRank>Mul>ZScore>Delta>ZScore>Delta,CSRank:1|Delta:2|Mul:1|ZScore:2,CSRank,4,depth_le_4,6,opcount_le_6,2,fieldcount_le_2,2,wincount_le_2,30,maxwin_le_30,10,complexity_le_10,phase3bp:1e7eee0c55700f3c4ff30033,0.2347997,1,read_only_research_candidate,phase3bt_ast_fresh_preserving_hybrid: rx interaction intraday_delta_8 x volume_delta_30 product,
phase3bt_00157,f23a13fa4516ea4b15ea9fb5,"CSRank(Mul(ZScore(Delta($intraday_ret_from_open,10)),ZScore(Std(Div(Sub($high,$low),Add(Abs($open),0.000001)),30))))",rx_interaction::rx_intraday_return::rx_range_location::product,phase3bt_ast_fresh_preserving_hybrid,phase3bt_ast_fresh_preserving_hybrid,high|intraday_ret_from_open|low|open,"['high', 'intraday_ret_from_open', 'low', 'open']",10,"CSRank(Mul(ZScore(Delta($F,N)),ZScore(Std(Div(Sub($F,$F),Add(Abs($F),N)),N))))",CSRank>Mul>ZScore>Delta>ZScore>Std>Div>Sub>Add>Abs,Abs:1|Add:1|CSRank:1|Delta:1|Div:1|Mul:1|Std:1|Sub:1|ZScore:2,CSRank,7,depth_le_8,10,opcount_le_12,4,fieldcount_le_4,2,wincount_le_2,30,maxwin_le_30,16,complexity_le_18,phase3bp:f23a13fa4516ea4b15ea9fb5,0.23202079,1,read_only_research_candidate,phase3bt_ast_fresh_preserving_hybrid: rx interaction intraday_delta_10 x range_vol_30 product,
phase3bt_00158,d7d33bab68d1476e657d2f8c,"CSRank(Mul(ZScore(Delta($intraday_ret_from_open,30)),ZScore(Std(Div(Sub($high,$low),Add(Abs($open),0.000001)),10))))",rx_interaction::rx_intraday_return::rx_range_location::product,phase3bt_ast_fresh_preserving_hybrid,phase3bt_ast_fresh_preserving_hybrid,high|intraday_ret_from_open|low|open,"['high', 'intraday_ret_from_open', 'low', 'open']",30,"CSRank(Mul(ZScore(Delta($F,N)),ZScore(Std(Div(Sub($F,$F),Add(Abs($F),N)),N))))",CSRank>Mul>ZScore>Delta>ZScore>Std>Div>Sub>Add>Abs,Abs:1|Add:1|CSRank:1|Delta:1|Div:1|Mul:1|Std:1|Sub:1|ZScore:2,CSRank,7,depth_le_8,10,opcount_le_12,4,fieldcount_le_4,2,wincount_le_2,30,maxwin_le_30,16,complexity_le_18,phase3bp:d7d33bab68d1476e657d2f8c,0.23202079,1,read_only_research_candidate,phase3bt_ast_fresh_preserving_hybrid: rx interaction intraday_delta_30 x range_vol_10 product,
phase3bt_00159,81ed12dc5b4c4439858c88a0,"CSRank(Mul(ZScore(Delta($intraday_ret_from_open,15)),ZScore(Std(Div(Sub($high,$low),Add(Abs($open),0.000001)),30))))",rx_interaction::rx_intraday_return::rx_range_location::product,phase3bt_ast_fresh_preserving_hybrid,phase3bt_ast_fresh_preserving_hybrid,high|intraday_ret_from_open|low|open,"['high', 'intraday_ret_from_open', 'low', 'open']",15,"CSRank(Mul(ZScore(Delta($F,N)),ZScore(Std(Div(Sub($F,$F),Add(Abs($F),N)),N))))",CSRank>Mul>ZScore>Delta>ZScore>Std>Div>Sub>Add>Abs,Abs:1|Add:1|CSRank:1|Delta:1|Div:1|Mul:1|Std:1|Sub:1|ZScore:2,CSRank,7,depth_le_8,10,opcount_le_12,4,fieldcount_le_4,2,wincount_le_2,30,maxwin_le_30,16,complexity_le_18,phase3bp:81ed12dc5b4c4439858c88a0,0.23191487,1,read_only_research_candidate,phase3bt_ast_fresh_preserving_hybrid: rx interaction intraday_delta_15 x range_vol_30 product,
phase3bt_00160,a4f0497e1fce050d1e18f1ea,"CSRank(Sub(ZScore(Delta($intraday_ret_from_open,8)),ZScore(Std(Div(Sub($high,$low),Add(Abs($open),0.000001)),30))))",rx_interaction::rx_intraday_return::rx_range_location::spread,phase3bt_ast_fresh_preserving_hybrid,phase3bt_ast_fresh_preserving_hybrid,high|intraday_ret_from_open|low|open,"['high', 'intraday_ret_from_open', 'low', 'open']",8,"CSRank(Sub(ZScore(Delta($F,N)),ZScore(Std(Div(Sub($F,$F),Add(Abs($F),N)),N))))",CSRank>Sub>ZScore>Delta>ZScore>Std>Div>Sub>Add>Abs,Abs:1|Add:1|CSRank:1|Delta:1|Div:1|Std:1|Sub:2|ZScore:2,CSRank,7,depth_le_8,10,opcount_le_12,4,fieldcount_le_4,2,wincount_le_2,30,maxwin_le_30,16,complexity_le_18,phase3bp:a4f0497e1fce050d1e18f1ea,0.23113234,1,read_only_research_candidate,phase3bt_ast_fresh_preserving_hybrid: rx interaction intraday_delta_8 x range_vol_30 spread,
phase3bt_00161,4ce6093892bf5add0d3073fd,"CSRank(Sub(ZScore($m1_first15_vwap_return_vs_open),ZScore(Std($ret_1m,3))))",rx_interaction::rx_opening_divergence::rx_volatility_state::spread,phase3bt_ast_fresh_preserving_hybrid,phase3bt_ast_fresh_preserving_hybrid,m1_first15_vwap_return_vs_open|ret_1m,"['m1_first15_vwap_return_vs_open', 'ret_1m']",3,"CSRank(Sub(ZScore($F),ZScore(Std($F,N))))",CSRank>Sub>ZScore>ZScore>Std,CSRank:1|Std:1|Sub:1|ZScore:2,CSRank,4,depth_le_4,5,opcount_le_6,2,fieldcount_le_2,1,wincount_le_1,3,maxwin_le_5,8,complexity_le_10,phase3bp:4ce6093892bf5add0d3073fd,0.2295947,1,read_only_research_candidate,phase3bt_ast_fresh_preserving_hybrid: rx interaction m1_first15_vwap_open x ret_vol_3 spread,
phase3bt_00162,ee9b5af96bc79b837f03d5e5,"CSRank(Sub(ZScore($m1_first15_vwap_return_vs_open),ZScore(Std($ret_1m,2))))",rx_interaction::rx_opening_divergence::rx_volatility_state::spread,phase3bt_ast_fresh_preserving_hybrid,phase3bt_ast_fresh_preserving_hybrid,m1_first15_vwap_return_vs_open|ret_1m,"['m1_first15_vwap_return_vs_open', 'ret_1m']",2,"CSRank(Sub(ZScore($F),ZScore(Std($F,N))))",CSRank>Sub>ZScore>ZScore>Std,CSRank:1|Std:1|Sub:1|ZScore:2,CSRank,4,depth_le_4,5,opcount_le_6,2,fieldcount_le_2,1,wincount_le_1,2,maxwin_le_5,8,complexity_le_10,phase3bp:ee9b5af96bc79b837f03d5e5,0.22957102,1,read_only_research_candidate,phase3bt_ast_fresh_preserving_hybrid: rx interaction m1_first15_vwap_open x ret_vol_2 spread,
phase3bt_00163,7e87681bea574eda4db60f81,"CSRank(Sub(ZScore($m1_first5_vwap_return_vs_open),ZScore(Std($ret_1m,5))))",rx_interaction::rx_opening_divergence::rx_volatility_state::spread,phase3bt_ast_fresh_preserving_hybrid,phase3bt_ast_fresh_preserving_hybrid,m1_first5_vwap_return_vs_open|ret_1m,"['m1_first5_vwap_return_vs_open', 'ret_1m']",5,"CSRank(Sub(ZScore($F),ZScore(Std($F,N))))",CSRank>Sub>ZScore>ZScore>Std,CSRank:1|Std:1|Sub:1|ZScore:2,CSRank,4,depth_le_4,5,opcount_le_6,2,fieldcount_le_2,1,wincount_le_1,5,maxwin_le_5,8,complexity_le_10,phase3bp:7e87681bea574eda4db60f81,0.22944151,1,read_only_research_candidate,phase3bt_ast_fresh_preserving_hybrid: rx interaction m1_first5_vwap_open x ret_vol_5 spread,
phase3bt_00164,1a7a607cdba0ab6404b7bb69,"CSRank(Sub(ZScore($m1_first5_vwap_return_vs_open),ZScore(Std($ret_1m,3))))",rx_interaction::rx_opening_divergence::rx_volatility_state::spread,phase3bt_ast_fresh_preserving_hybrid,phase3bt_ast_fresh_preserving_hybrid,m1_first5_vwap_return_vs_open|ret_1m,"['m1_first5_vwap_return_vs_open', 'ret_1m']",3,"CSRank(Sub(ZScore($F),ZScore(Std($F,N))))",CSRank>Sub>ZScore>ZScore>Std,CSRank:1|Std:1|Sub:1|ZScore:2,CSRank,4,depth_le_4,5,opcount_le_6,2,fieldcount_le_2,1,wincount_le_1,3,maxwin_le_5,8,complexity_le_10,phase3bp:1a7a607cdba0ab6404b7bb69,0.22940039,1,read_only_research_candidate,phase3bt_ast_fresh_preserving_hybrid: rx interaction m1_first5_vwap_open x ret_vol_3 spread,
phase3bt_00165,21f255f414fac829b7e76212,"CSRank(Sub(ZScore($m1_first5_vwap_return_vs_open),ZScore(Std($ret_1m,2))))",rx_interaction::rx_opening_divergence::rx_volatility_state::spread,phase3bt_ast_fresh_preserving_hybrid,phase3bt_ast_fresh_preserving_hybrid,m1_first5_vwap_return_vs_open|ret_1m,"['m1_first5_vwap_return_vs_open', 'ret_1m']",2,"CSRank(Sub(ZScore($F),ZScore(Std($F,N))))",CSRank>Sub>ZScore>ZScore>Std,CSRank:1|Std:1|Sub:1|ZScore:2,CSRank,4,depth_le_4,5,opcount_le_6,2,fieldcount_le_2,1,wincount_le_1,2,maxwin_le_5,8,complexity_le_10,phase3bp:21f255f414fac829b7e76212,0.22937671,1,read_only_research_candidate,phase3bt_ast_fresh_preserving_hybrid: rx interaction m1_first5_vwap_open x ret_vol_2 spread,
phase3bt_00166,019df0e6295f91b8f00d0894,"CSRank(Sub(ZScore(Delta($intraday_ret_from_open,2)),ZScore(Div($m1_first30_vol,Add(Abs($volume),0.000001)))))",rx_interaction::rx_intraday_return::rx_opening_amount::spread,phase3bt_ast_fresh_preserving_hybrid,phase3bt_ast_fresh_preserving_hybrid,intraday_ret_from_open|m1_first30_vol|volume,"['intraday_ret_from_open', 'm1_first30_vol', 'volume']",2,"CSRank(Sub(ZScore(Delta($F,N)),ZScore(Div($F,Add(Abs($F),N)))))",CSRank>Sub>ZScore>Delta>ZScore>Div>Add>Abs,Abs:1|Add:1|CSRank:1|Delta:1|Div:1|Sub:1|ZScore:2,CSRank,6,depth_le_6,8,opcount_le_9,3,fieldcount_le_4,1,wincount_le_1,2,maxwin_le_5,12,complexity_le_14,phase3bp:019df0e6295f91b8f00d0894,0.22164636,1,read_only_research_candidate,phase3bt_ast_fresh_preserving_hybrid: rx interaction intraday_delta_2 x m1_first30_vol spread,
phase3bt_00167,969513b334b32b608a200dd5,"Neg(CSRank(ZScore(Std(Div(Sub($high,$low),Add(Abs($open),0.000001)),8))))",rx_range_location::inverted,phase3bt_ast_fresh_preserving_hybrid,phase3bt_ast_fresh_preserving_hybrid,high|low|open,"['high', 'low', 'open']",0,"Neg(CSRank(ZScore(Std(Div(Sub($F,$F),Add(Abs($F),N)),N))))",Neg>CSRank>ZScore>Std>Div>Sub>Add>Abs,Abs:1|Add:1|CSRank:1|Div:1|Neg:1|Std:1|Sub:1|ZScore:1,Neg,7,depth_le_8,8,opcount_le_9,3,fieldcount_le_4,1,wincount_le_1,8,maxwin_le_15,12,complexity_le_14,phase3bp:969513b334b32b608a200dd5,0.22037367,1,read_only_research_candidate,phase3bt_ast_fresh_preserving_hybrid: rx atom transform range_vol_8,
phase3bt_00168,cdc539254b7f9af7f5b1e028,"CSRank(Sub(ZScore($m1_first15_vwap_return_vs_open),ZScore(Std(Div(Sub($high,$low),Add(Abs($open),0.000001)),8))))",rx_interaction::rx_opening_divergence::rx_range_location::spread,phase3bt_ast_fresh_preserving_hybrid,phase3bt_ast_fresh_preserving_hybrid,high|low|m1_first15_vwap_return_vs_open|open,"['high', 'low', 'm1_first15_vwap_return_vs_open', 'open']",0,"CSRank(Sub(ZScore($F),ZScore(Std(Div(Sub($F,$F),Add(Abs($F),N)),N))))",CSRank>Sub>ZScore>ZScore>Std>Div>Sub>Add>Abs,Abs:1|Add:1|CSRank:1|Div:1|Std:1|Sub:2|ZScore:2,CSRank,7,depth_le_8,9,opcount_le_9,4,fieldcount_le_4,1,wincount_le_1,8,maxwin_le_15,14,complexity_le_14,phase3bp:cdc539254b7f9af7f5b1e028,0.21895531,1,read_only_research_candidate,phase3bt_ast_fresh_preserving_hybrid: rx interaction m1_first15_vwap_open x range_vol_8 spread,
phase3bt_00169,ecdb559616b42866d6c142ab,"CSRank(Sub(ZScore($m1_first5_vwap_return_vs_open),ZScore(Std(Div(Sub($high,$low),Add(Abs($open),0.000001)),8))))",rx_interaction::rx_opening_divergence::rx_range_location::spread,phase3bt_ast_fresh_preserving_hybrid,phase3bt_ast_fresh_preserving_hybrid,high|low|m1_first5_vwap_return_vs_open|open,"['high', 'low', 'm1_first5_vwap_return_vs_open', 'open']",0,"CSRank(Sub(ZScore($F),ZScore(Std(Div(Sub($F,$F),Add(Abs($F),N)),N))))",CSRank>Sub>ZScore>ZScore>Std>Div>Sub>Add>Abs,Abs:1|Add:1|CSRank:1|Div:1|Std:1|Sub:2|ZScore:2,CSRank,7,depth_le_8,9,opcount_le_9,4,fieldcount_le_4,1,wincount_le_1,8,maxwin_le_15,14,complexity_le_14,phase3bp:ecdb559616b42866d6c142ab,0.2189153,1,read_only_research_candidate,phase3bt_ast_fresh_preserving_hybrid: rx interaction m1_first5_vwap_open x range_vol_8 spread,
phase3bt_00170,e0900009f3dc701787e7b866,"Neg(CSRank(ZScore(Std(Div(Sub($high,$low),Add(Abs($open),0.000001)),10))))",rx_range_location::inverted,phase3bt_ast_fresh_preserving_hybrid,phase3bt_ast_fresh_preserving_hybrid,high|low|open,"['high', 'low', 'open']",0,"Neg(CSRank(ZScore(Std(Div(Sub($F,$F),Add(Abs($F),N)),N))))",Neg>CSRank>ZScore>Std>Div>Sub>Add>Abs,Abs:1|Add:1|CSRank:1|Div:1|Neg:1|Std:1|Sub:1|ZScore:1,Neg,7,depth_le_8,8,opcount_le_9,3,fieldcount_le_4,1,wincount_le_1,10,maxwin_le_15,12,complexity_le_14,phase3bp:e0900009f3dc701787e7b866,0.21812976,1,read_only_research_candidate,phase3bt_ast_fresh_preserving_hybrid: rx atom transform range_vol_10,
phase3bt_00171,589a825777a039ff2bc7388b,"Neg(CSRank(ZScore(Std(Div(Sub($high,$low),Add(Abs($open),0.000001)),15))))",rx_range_location::inverted,phase3bt_ast_fresh_preserving_hybrid,phase3bt_ast_fresh_preserving_hybrid,high|low|open,"['high', 'low', 'open']",0,"Neg(CSRank(ZScore(Std(Div(Sub($F,$F),Add(Abs($F),N)),N))))",Neg>CSRank>ZScore>Std>Div>Sub>Add>Abs,Abs:1|Add:1|CSRank:1|Div:1|Neg:1|Std:1|Sub:1|ZScore:1,Neg,7,depth_le_8,8,opcount_le_9,3,fieldcount_le_4,1,wincount_le_1,15,maxwin_le_15,12,complexity_le_14,phase3bp:589a825777a039ff2bc7388b,0.21791791,1,read_only_research_candidate,phase3bt_ast_fresh_preserving_hybrid: rx atom transform range_vol_15,
phase3bt_00172,29beb80a2a6b9b890aa901d7,"CSRank(Mul(ZScore(Div($m1_first30_range,Add(Abs($open),0.000001))),ZScore(Std($ret_1m,15))))",rx_interaction::rx_opening_range::rx_volatility_state::product,phase3bt_ast_fresh_preserving_hybrid,phase3bt_ast_fresh_preserving_hybrid,m1_first30_range|open|ret_1m,"['m1_first30_range', 'open', 'ret_1m']",15,"CSRank(Mul(ZScore(Div($F,Add(Abs($F),N))),ZScore(Std($F,N))))",CSRank>Mul>ZScore>Div>Add>Abs>ZScore>Std,Abs:1|Add:1|CSRank:1|Div:1|Mul:1|Std:1|ZScore:2,CSRank,6,depth_le_6,8,opcount_le_9,3,fieldcount_le_4,1,wincount_le_1,15,maxwin_le_15,12,complexity_le_14,phase3bp:29beb80a2a6b9b890aa901d7,0.2170562,1,read_only_research_candidate,phase3bt_ast_fresh_preserving_hybrid: rx interaction m1_first30_range x ret_vol_15 product,
phase3bt_00173,2384e03e4343ca6c836d47e1,"CSRank(Sub(ZScore($m1_first15_vwap_return_vs_open),ZScore(Std(Div(Sub($high,$low),Add(Abs($open),0.000001)),10))))",rx_interaction::rx_opening_divergence::rx_range_location::spread,phase3bt_ast_fresh_preserving_hybrid,phase3bt_ast_fresh_preserving_hybrid,high|low|m1_first15_vwap_return_vs_open|open,"['high', 'low', 'm1_first15_vwap_return_vs_open', 'open']",0,"CSRank(Sub(ZScore($F),ZScore(Std(Div(Sub($F,$F),Add(Abs($F),N)),N))))",CSRank>Sub>ZScore>ZScore>Std>Div>Sub>Add>Abs,Abs:1|Add:1|CSRank:1|Div:1|Std:1|Sub:2|ZScore:2,CSRank,7,depth_le_8,9,opcount_le_9,4,fieldcount_le_4,1,wincount_le_1,10,maxwin_le_15,14,complexity_le_14,phase3bp:2384e03e4343ca6c836d47e1,0.21671139,1,read_only_research_candidate,phase3bt_ast_fresh_preserving_hybrid: rx interaction m1_first15_vwap_open x range_vol_10 spread,
phase3bt_00174,1ea87b854a2c26cc46c65034,"CSRank(Sub(ZScore($m1_first5_vwap_return_vs_open),ZScore(Std(Div(Sub($high,$low),Add(Abs($open),0.000001)),10))))",rx_interaction::rx_opening_divergence::rx_range_location::spread,phase3bt_ast_fresh_preserving_hybrid,phase3bt_ast_fresh_preserving_hybrid,high|low|m1_first5_vwap_return_vs_open|open,"['high', 'low', 'm1_first5_vwap_return_vs_open', 'open']",0,"CSRank(Sub(ZScore($F),ZScore(Std(Div(Sub($F,$F),Add(Abs($F),N)),N))))",CSRank>Sub>ZScore>ZScore>Std>Div>Sub>Add>Abs,Abs:1|Add:1|CSRank:1|Div:1|Std:1|Sub:2|ZScore:2,CSRank,7,depth_le_8,9,opcount_le_9,4,fieldcount_le_4,1,wincount_le_1,10,maxwin_le_15,14,complexity_le_14,phase3bp:1ea87b854a2c26cc46c65034,0.21667138,1,read_only_research_candidate,phase3bt_ast_fresh_preserving_hybrid: rx interaction m1_first5_vwap_open x range_vol_10 spread,
phase3bt_00175,79cb9fab3ec78adeaeec5762,"CSRank(Sub(ZScore($m1_first15_vwap_return_vs_open),ZScore(Std(Div(Sub($high,$low),Add(Abs($open),0.000001)),15))))",rx_interaction::rx_opening_divergence::rx_range_location::spread,phase3bt_ast_fresh_preserving_hybrid,phase3bt_ast_fresh_preserving_hybrid,high|low|m1_first15_vwap_return_vs_open|open,"['high', 'low', 'm1_first15_vwap_return_vs_open', 'open']",0,"CSRank(Sub(ZScore($F),ZScore(Std(Div(Sub($F,$F),Add(Abs($F),N)),N))))",CSRank>Sub>ZScore>ZScore>Std>Div>Sub>Add>Abs,Abs:1|Add:1|CSRank:1|Div:1|Std:1|Sub:2|ZScore:2,CSRank,7,depth_le_8,9,opcount_le_9,4,fieldcount_le_4,1,wincount_le_1,15,maxwin_le_15,14,complexity_le_14,phase3bp:79cb9fab3ec78adeaeec5762,0.21649955,1,read_only_research_candidate,phase3bt_ast_fresh_preserving_hybrid: rx interaction m1_first15_vwap_open x range_vol_15 spread,
phase3bt_00176,a23846689bc1971a572f08c6,"CSRank(Sub(ZScore($m1_first5_vwap_return_vs_open),ZScore(Std(Div(Sub($high,$low),Add(Abs($open),0.000001)),15))))",rx_interaction::rx_opening_divergence::rx_range_location::spread,phase3bt_ast_fresh_preserving_hybrid,phase3bt_ast_fresh_preserving_hybrid,high|low|m1_first5_vwap_return_vs_open|open,"['high', 'low', 'm1_first5_vwap_return_vs_open', 'open']",0,"CSRank(Sub(ZScore($F),ZScore(Std(Div(Sub($F,$F),Add(Abs($F),N)),N))))",CSRank>Sub>ZScore>ZScore>Std>Div>Sub>Add>Abs,Abs:1|Add:1|CSRank:1|Div:1|Std:1|Sub:2|ZScore:2,CSRank,7,depth_le_8,9,opcount_le_9,4,fieldcount_le_4,1,wincount_le_1,15,maxwin_le_15,14,complexity_le_14,phase3bp:a23846689bc1971a572f08c6,0.21645954,1,read_only_research_candidate,phase3bt_ast_fresh_preserving_hybrid: rx interaction m1_first5_vwap_open x range_vol_15 spread,
phase3bt_00177,063ce18c5f890135295329cf,"CSRank(Sub(ZScore(Div($m1_first30_range,Add(Abs($open),0.000001))),ZScore(Std($ret_1m,8))))",rx_interaction::rx_opening_range::rx_volatility_state::spread,phase3bt_ast_fresh_preserving_hybrid,phase3bt_ast_fresh_preserving_hybrid,m1_first30_range|open|ret_1m,"['m1_first30_range', 'open', 'ret_1m']",8,"CSRank(Sub(ZScore(Div($F,Add(Abs($F),N))),ZScore(Std($F,N))))",CSRank>Sub>ZScore>Div>Add>Abs>ZScore>Std,Abs:1|Add:1|CSRank:1|Div:1|Std:1|Sub:1|ZScore:2,CSRank,6,depth_le_6,8,opcount_le_9,3,fieldcount_le_4,1,wincount_le_1,8,maxwin_le_15,12,complexity_le_14,phase3bp:063ce18c5f890135295329cf,0.21583177,1,read_only_research_candidate,phase3bt_ast_fresh_preserving_hybrid: rx interaction m1_first30_range x ret_vol_8 spread,
phase3bt_00178,f684c00fc2d5b08d4cda1aab,"CSRank(Sub(ZScore(Div($m1_first30_range,Add(Abs($open),0.000001))),ZScore(Std($ret_1m,10))))",rx_interaction::rx_opening_range::rx_volatility_state::spread,phase3bt_ast_fresh_preserving_hybrid,phase3bt_ast_fresh_preserving_hybrid,m1_first30_range|open|ret_1m,"['m1_first30_range', 'open', 'ret_1m']",10,"CSRank(Sub(ZScore(Div($F,Add(Abs($F),N))),ZScore(Std($F,N))))",CSRank>Sub>ZScore>Div>Add>Abs>ZScore>Std,Abs:1|Add:1|CSRank:1|Div:1|Std:1|Sub:1|ZScore:2,CSRank,6,depth_le_6,8,opcount_le_9,3,fieldcount_le_4,1,wincount_le_1,10,maxwin_le_15,12,complexity_le_14,phase3bp:f684c00fc2d5b08d4cda1aab,0.21358785,1,read_only_research_candidate,phase3bt_ast_fresh_preserving_hybrid: rx interaction m1_first30_range x ret_vol_10 spread,
phase3bt_00179,4ac61c2b7488d43ee95baa88,"CSRank(Sub(ZScore(Div($m1_first30_range,Add(Abs($open),0.000001))),ZScore(Std($ret_1m,15))))",rx_interaction::rx_opening_range::rx_volatility_state::spread,phase3bt_ast_fresh_preserving_hybrid,phase3bt_ast_fresh_preserving_hybrid,m1_first30_range|open|ret_1m,"['m1_first30_range', 'open', 'ret_1m']",15,"CSRank(Sub(ZScore(Div($F,Add(Abs($F),N))),ZScore(Std($F,N))))",CSRank>Sub>ZScore>Div>Add>Abs>ZScore>Std,Abs:1|Add:1|CSRank:1|Div:1|Std:1|Sub:1|ZScore:2,CSRank,6,depth_le_6,8,opcount_le_9,3,fieldcount_le_4,1,wincount_le_1,15,maxwin_le_15,12,complexity_le_14,phase3bp:4ac61c2b7488d43ee95baa88,0.21337601,1,read_only_research_candidate,phase3bt_ast_fresh_preserving_hybrid: rx interaction m1_first30_range x ret_vol_15 spread,
phase3bt_00180,a71b337adb94f0067a3b0d5f,"CSRank(Mul(ZScore(Delta($ret_1m,15)),ZScore(Div($m1_first30_vol,Add(Abs($volume),0.000001)))))",rx_interaction::rx_intraday_return::rx_opening_amount::product,phase3bt_ast_fresh_preserving_hybrid,phase3bt_ast_fresh_preserving_hybrid,m1_first30_vol|ret_1m|volume,"['m1_first30_vol', 'ret_1m', 'volume']",15,"CSRank(Mul(ZScore(Delta($F,N)),ZScore(Div($F,Add(Abs($F),N)))))",CSRank>Mul>ZScore>Delta>ZScore>Div>Add>Abs,Abs:1|Add:1|CSRank:1|Delta:1|Div:1|Mul:1|ZScore:2,CSRank,6,depth_le_6,8,opcount_le_9,3,fieldcount_le_4,1,wincount_le_1,15,maxwin_le_15,12,complexity_le_14,phase3bp:a71b337adb94f0067a3b0d5f,0.21277913,1,read_only_research_candidate,phase3bt_ast_fresh_preserving_hybrid: rx interaction ret_delta_15 x m1_first30_vol product,
phase3bt_00181,e022b60b2307526ed8a09800,"CSRank(Sub(ZScore(Delta($ret_1m,10)),ZScore(Div($m1_first30_vol,Add(Abs($volume),0.000001)))))",rx_interaction::rx_intraday_return::rx_opening_amount::spread,phase3bt_ast_fresh_preserving_hybrid,phase3bt_ast_fresh_preserving_hybrid,m1_first30_vol|ret_1m|volume,"['m1_first30_vol', 'ret_1m', 'volume']",10,"CSRank(Sub(ZScore(Delta($F,N)),ZScore(Div($F,Add(Abs($F),N)))))",CSRank>Sub>ZScore>Delta>ZScore>Div>Add>Abs,Abs:1|Add:1|CSRank:1|Delta:1|Div:1|Sub:1|ZScore:2,CSRank,6,depth_le_6,8,opcount_le_9,3,fieldcount_le_4,1,wincount_le_1,10,maxwin_le_15,12,complexity_le_14,phase3bp:e022b60b2307526ed8a09800,0.20931077,1,read_only_research_candidate,phase3bt_ast_fresh_preserving_hybrid: rx interaction ret_delta_10 x m1_first30_vol spread,
phase3bt_00182,bebf3769fff560a1da9869a6,"CSRank(Sub(ZScore(Delta($ret_1m,15)),ZScore(Div($m1_first30_vol,Add(Abs($volume),0.000001)))))",rx_interaction::rx_intraday_return::rx_opening_amount::spread,phase3bt_ast_fresh_preserving_hybrid,phase3bt_ast_fresh_preserving_hybrid,m1_first30_vol|ret_1m|volume,"['m1_first30_vol', 'ret_1m', 'volume']",15,"CSRank(Sub(ZScore(Delta($F,N)),ZScore(Div($F,Add(Abs($F),N)))))",CSRank>Sub>ZScore>Delta>ZScore>Div>Add>Abs,Abs:1|Add:1|CSRank:1|Delta:1|Div:1|Sub:1|ZScore:2,CSRank,6,depth_le_6,8,opcount_le_9,3,fieldcount_le_4,1,wincount_le_1,15,maxwin_le_15,12,complexity_le_14,phase3bp:bebf3769fff560a1da9869a6,0.20909893,1,read_only_research_candidate,phase3bt_ast_fresh_preserving_hybrid: rx interaction ret_delta_15 x m1_first30_vol spread,
phase3bt_00183,f935251770c9667bfc4d7cbd,"CSRank(Mul(ZScore(Sub(Div(Sub($close,$low),Add(Abs(Sub($high,$low)),0.000001)),Mean(Div(Sub($close,$low),Add(Abs(Sub($high,$low)),0.000001)),5))),ZScore(Div($m1_first5_vol,Add(Abs($volume),0.000001)))))",rx_interaction::rx_range_location::rx_opening_amount::product,phase3bt_ast_fresh_preserving_hybrid,phase3bt_ast_fresh_preserving_hybrid,close|high|low|m1_first5_vol|volume,"['close', 'high', 'low', 'm1_first5_vol', 'volume']",0,"CSRank(Mul(ZScore(Sub(Div(Sub($F,$F),Add(Abs(Sub($F,$F)),N)),Mean(Div(Sub($F,$F),Add(Abs(Sub($F,$F)),N)),N))),ZScore(Div($F,Add(Abs($F),N)))))",CSRank>Mul>ZScore>Sub>Div>Sub>Add>Abs>Sub>Mean,Abs:3|Add:3|CSRank:1|Div:3|Mean:1|Mul:1|Sub:5|ZScore:2,CSRank,9,depth_gt_8,19,opcount_gt_12,5,fieldcount_le_6,1,wincount_le_1,5,maxwin_le_5,25,complexity_gt_18,phase3bp:f935251770c9667bfc4d7cbd,0.20888292,1,read_only_research_candidate,phase3bt_ast_fresh_preserving_hybrid: rx interaction bar_loc_shift_5 x m1_first5_vol product,
phase3bt_00184,cb1f6689c6bd8772accf96b4,"CSRank(Mul(ZScore(Sub(Div(Sub($close,$low),Add(Abs(Sub($high,$low)),0.000001)),Mean(Div(Sub($close,$low),Add(Abs(Sub($high,$low)),0.000001)),3))),ZScore(Div($m1_first5_vol,Add(Abs($volume),0.000001)))))",rx_interaction::rx_range_location::rx_opening_amount::product,phase3bt_ast_fresh_preserving_hybrid,phase3bt_ast_fresh_preserving_hybrid,close|high|low|m1_first5_vol|volume,"['close', 'high', 'low', 'm1_first5_vol', 'volume']",0,"CSRank(Mul(ZScore(Sub(Div(Sub($F,$F),Add(Abs(Sub($F,$F)),N)),Mean(Div(Sub($F,$F),Add(Abs(Sub($F,$F)),N)),N))),ZScore(Div($F,Add(Abs($F),N)))))",CSRank>Mul>ZScore>Sub>Div>Sub>Add>Abs>Sub>Mean,Abs:3|Add:3|CSRank:1|Div:3|Mean:1|Mul:1|Sub:5|ZScore:2,CSRank,9,depth_gt_8,19,opcount_gt_12,5,fieldcount_le_6,1,wincount_le_1,3,maxwin_le_5,25,complexity_gt_18,phase3bp:cb1f6689c6bd8772accf96b4,0.2088418,1,read_only_research_candidate,phase3bt_ast_fresh_preserving_hybrid: rx interaction bar_loc_shift_3 x m1_first5_vol product,
phase3bt_00185,822aab4677226ee22e6778b2,"CSRank(Mul(ZScore(Sub(Div(Sub($close,$low),Add(Abs(Sub($high,$low)),0.000001)),Mean(Div(Sub($close,$low),Add(Abs(Sub($high,$low)),0.000001)),2))),ZScore(Div($m1_first5_vol,Add(Abs($volume),0.000001)))))",rx_interaction::rx_range_location::rx_opening_amount::product,phase3bt_ast_fresh_preserving_hybrid,phase3bt_ast_fresh_preserving_hybrid,close|high|low|m1_first5_vol|volume,"['close', 'high', 'low', 'm1_first5_vol', 'volume']",0,"CSRank(Mul(ZScore(Sub(Div(Sub($F,$F),Add(Abs(Sub($F,$F)),N)),Mean(Div(Sub($F,$F),Add(Abs(Sub($F,$F)),N)),N))),ZScore(Div($F,Add(Abs($F),N)))))",CSRank>Mul>ZScore>Sub>Div>Sub>Add>Abs>Sub>Mean,Abs:3|Add:3|CSRank:1|Div:3|Mean:1|Mul:1|Sub:5|ZScore:2,CSRank,9,depth_gt_8,19,opcount_gt_12,5,fieldcount_le_6,1,wincount_le_1,2,maxwin_le_5,25,complexity_gt_18,phase3bp:822aab4677226ee22e6778b2,0.20881812,1,read_only_research_candidate,phase3bt_ast_fresh_preserving_hybrid: rx interaction bar_loc_shift_2 x m1_first5_vol product,
phase3bt_00186,92794142f33cbe56227295ad,"CSRank(Sub(ZScore(Div($m1_first30_range,Add(Abs($open),0.000001))),ZScore(Std(Div(Sub($high,$low),Add(Abs($open),0.000001)),8))))",rx_interaction::rx_opening_range::rx_range_location::spread,phase3bt_ast_fresh_preserving_hybrid,phase3bt_ast_fresh_preserving_hybrid,high|low|m1_first30_range|open,"['high', 'low', 'm1_first30_range', 'open']",0,"CSRank(Sub(ZScore(Div($F,Add(Abs($F),N))),ZScore(Std(Div(Sub($F,$F),Add(Abs($F),N)),N))))",CSRank>Sub>ZScore>Div>Add>Abs>ZScore>Std>Div>Sub,Abs:2|Add:2|CSRank:1|Div:2|Std:1|Sub:2|ZScore:2,CSRank,7,depth_le_8,12,opcount_le_12,4,fieldcount_le_4,1,wincount_le_1,8,maxwin_le_15,17,complexity_le_18,phase3bp:92794142f33cbe56227295ad,0.20859531,1,read_only_research_candidate,phase3bt_ast_fresh_preserving_hybrid: rx interaction m1_first30_range x range_vol_8 spread,
phase3bt_00187,502a106545534000a52560f4,"CSRank(Mul(ZScore(Div($m1_first30_range,Add(Abs($open),0.000001))),ZScore(Std(Div(Sub($high,$low),Add(Abs($open),0.000001)),15))))",rx_interaction::rx_opening_range::rx_range_location::product,phase3bt_ast_fresh_preserving_hybrid,phase3bt_ast_fresh_preserving_hybrid,high|low|m1_first30_range|open,"['high', 'low', 'm1_first30_range', 'open']",0,"CSRank(Mul(ZScore(Div($F,Add(Abs($F),N))),ZScore(Std(Div(Sub($F,$F),Add(Abs($F),N)),N))))",CSRank>Mul>ZScore>Div>Add>Abs>ZScore>Std>Div>Sub,Abs:2|Add:2|CSRank:1|Div:2|Mul:1|Std:1|Sub:1|ZScore:2,CSRank,7,depth_le_8,12,opcount_le_12,4,fieldcount_le_4,1,wincount_le_1,15,maxwin_le_15,17,complexity_le_18,phase3bp:502a106545534000a52560f4,0.20855854,1,read_only_research_candidate,phase3bt_ast_fresh_preserving_hybrid: rx interaction m1_first30_range x range_vol_15 product,
phase3bt_00188,17cffa3cbf0474b9bc053967,"CSRank(Mul(ZScore(Sub(Div(Sub($close,$low),Add(Abs(Sub($high,$low)),0.000001)),Mean(Div(Sub($close,$low),Add(Abs(Sub($high,$low)),0.000001)),5))),ZScore(Div($m1_first15_vol,Add(Abs($volume),0.000001)))))",rx_interaction::rx_range_location::rx_opening_amount::product,phase3bt_ast_fresh_preserving_hybrid,phase3bt_ast_fresh_preserving_hybrid,close|high|low|m1_first15_vol|volume,"['close', 'high', 'low', 'm1_first15_vol', 'volume']",0,"CSRank(Mul(ZScore(Sub(Div(Sub($F,$F),Add(Abs(Sub($F,$F)),N)),Mean(Div(Sub($F,$F),Add(Abs(Sub($F,$F)),N)),N))),ZScore(Div($F,Add(Abs($F),N)))))",CSRank>Mul>ZScore>Sub>Div>Sub>Add>Abs>Sub>Mean,Abs:3|Add:3|CSRank:1|Div:3|Mean:1|Mul:1|Sub:5|ZScore:2,CSRank,9,depth_gt_8,19,opcount_gt_12,5,fieldcount_le_6,1,wincount_le_1,5,maxwin_le_5,25,complexity_gt_18,phase3bp:17cffa3cbf0474b9bc053967,0.20841559,1,read_only_research_candidate,phase3bt_ast_fresh_preserving_hybrid: rx interaction bar_loc_shift_5 x m1_first15_vol product,
phase3bt_00189,4f13b748a5da392c6459bf07,"CSRank(Mul(ZScore(Sub(Div(Sub($close,$low),Add(Abs(Sub($high,$low)),0.000001)),Mean(Div(Sub($close,$low),Add(Abs(Sub($high,$low)),0.000001)),3))),ZScore(Div($m1_first15_vol,Add(Abs($volume),0.000001)))))",rx_interaction::rx_range_location::rx_opening_amount::product,phase3bt_ast_fresh_preserving_hybrid,phase3bt_ast_fresh_preserving_hybrid,close|high|low|m1_first15_vol|volume,"['close', 'high', 'low', 'm1_first15_vol', 'volume']",0,"CSRank(Mul(ZScore(Sub(Div(Sub($F,$F),Add(Abs(Sub($F,$F)),N)),Mean(Div(Sub($F,$F),Add(Abs(Sub($F,$F)),N)),N))),ZScore(Div($F,Add(Abs($F),N)))))",CSRank>Mul>ZScore>Sub>Div>Sub>Add>Abs>Sub>Mean,Abs:3|Add:3|CSRank:1|Div:3|Mean:1|Mul:1|Sub:5|ZScore:2,CSRank,9,depth_gt_8,19,opcount_gt_12,5,fieldcount_le_6,1,wincount_le_1,3,maxwin_le_5,25,complexity_gt_18,phase3bp:4f13b748a5da392c6459bf07,0.20837447,1,read_only_research_candidate,phase3bt_ast_fresh_preserving_hybrid: rx interaction bar_loc_shift_3 x m1_first15_vol product,
phase3bt_00190,6ee624e4a10c44a5ce19317b,"CSRank(Mul(ZScore(Sub(Div(Sub($close,$low),Add(Abs(Sub($high,$low)),0.000001)),Mean(Div(Sub($close,$low),Add(Abs(Sub($high,$low)),0.000001)),2))),ZScore(Div($m1_first15_vol,Add(Abs($volume),0.000001)))))",rx_interaction::rx_range_location::rx_opening_amount::product,phase3bt_ast_fresh_preserving_hybrid,phase3bt_ast_fresh_preserving_hybrid,close|high|low|m1_first15_vol|volume,"['close', 'high', 'low', 'm1_first15_vol', 'volume']",0,"CSRank(Mul(ZScore(Sub(Div(Sub($F,$F),Add(Abs(Sub($F,$F)),N)),Mean(Div(Sub($F,$F),Add(Abs(Sub($F,$F)),N)),N))),ZScore(Div($F,Add(Abs($F),N)))))",CSRank>Mul>ZScore>Sub>Div>Sub>Add>Abs>Sub>Mean,Abs:3|Add:3|CSRank:1|Div:3|Mean:1|Mul:1|Sub:5|ZScore:2,CSRank,9,depth_gt_8,19,opcount_gt_12,5,fieldcount_le_6,1,wincount_le_1,2,maxwin_le_5,25,complexity_gt_18,phase3bp:6ee624e4a10c44a5ce19317b,0.20835079,1,read_only_research_candidate,phase3bt_ast_fresh_preserving_hybrid: rx interaction bar_loc_shift_2 x m1_first15_vol product,
phase3bt_00191,55a30ccd9c1923183939bc1a,"CSRank(Mul(ZScore(Div($m1_first30_range,Add(Abs($open),0.000001))),ZScore(Delta($amount,15))))",rx_interaction::rx_opening_range::rx_flow_amount_volume::product,phase3bt_ast_fresh_preserving_hybrid,phase3bt_ast_fresh_preserving_hybrid,amount|m1_first30_range|open,"['amount', 'm1_first30_range', 'open']",15,"CSRank(Mul(ZScore(Div($F,Add(Abs($F),N))),ZScore(Delta($F,N))))",CSRank>Mul>ZScore>Div>Add>Abs>ZScore>Delta,Abs:1|Add:1|CSRank:1|Delta:1|Div:1|Mul:1|ZScore:2,CSRank,6,depth_le_6,8,opcount_le_9,3,fieldcount_le_4,1,wincount_le_1,15,maxwin_le_15,12,complexity_le_14,phase3bp:55a30ccd9c1923183939bc1a,0.20671804,1,read_only_research_candidate,phase3bt_ast_fresh_preserving_hybrid: rx interaction m1_first30_range x amount_delta_15 product,
phase3bt_00192,b6d742f2f381f31ee38739e7,"CSRank(Sub(ZScore(Div($m1_first30_range,Add(Abs($open),0.000001))),ZScore(Std(Div(Sub($high,$low),Add(Abs($open),0.000001)),10))))",rx_interaction::rx_opening_range::rx_range_location::spread,phase3bt_ast_fresh_preserving_hybrid,phase3bt_ast_fresh_preserving_hybrid,high|low|m1_first30_range|open,"['high', 'low', 'm1_first30_range', 'open']",0,"CSRank(Sub(ZScore(Div($F,Add(Abs($F),N))),ZScore(Std(Div(Sub($F,$F),Add(Abs($F),N)),N))))",CSRank>Sub>ZScore>Div>Add>Abs>ZScore>Std>Div>Sub,Abs:2|Add:2|CSRank:1|Div:2|Std:1|Sub:2|ZScore:2,CSRank,7,depth_le_8,12,opcount_le_12,4,fieldcount_le_4,1,wincount_le_1,10,maxwin_le_15,17,complexity_le_18,phase3bp:b6d742f2f381f31ee38739e7,0.20635139,1,read_only_research_candidate,phase3bt_ast_fresh_preserving_hybrid: rx interaction m1_first30_range x range_vol_10 spread,
