candidate_id,expression_hash,expression,factor_lane,source_lane,source_generator,fields,fields_list,max_window,ast_skeleton,ast_operator_sequence,ast_operator_multiset,ast_root_operator,ast_depth,ast_depth_bin,ast_operator_count,ast_operator_count_bin,ast_field_count,ast_field_count_bin,ast_window_count,ast_window_count_bin,ast_max_window,ast_max_window_bin,ast_complexity,ast_complexity_bin,search_memory_key,policy_score,expected_direction,x0_r3_role,note,cem_prior_score
phase3bs_00001,b302068ac23574ecbc9c7e09,"CSRank(Mul(ZScore(Delta(Delta($intraday_ret_from_open,15),2)),ZScore(Std($ret_1m,2))))",cem_resample::rx_intraday_return::rx_volatility_state::elite_delta_product,phase3bs_cem_dominant_ucb_feedback,phase3bs_cem_dominant_ucb_feedback,intraday_ret_from_open|ret_1m,"['intraday_ret_from_open', 'ret_1m']",15,"CSRank(Mul(ZScore(Delta(Delta($F,N),N)),ZScore(Std($F,N))))",CSRank>Mul>ZScore>Delta>Delta>ZScore>Std,CSRank:1|Delta:2|Mul:1|Std:1|ZScore:2,CSRank,5,depth_le_6,7,opcount_le_9,2,fieldcount_le_2,2,wincount_le_2,15,maxwin_le_15,11,complexity_le_14,phase3bp:b302068ac23574ecbc9c7e09,0.2090585,1,read_only_research_candidate,phase3bs_cem_dominant_ucb_feedback: cem round 2 elite resample intraday_delta_15 x ret_vol_2,0.2175205
phase3bs_00002,426f1741f2fcf79720e975dc,"Neg(CSRank(Mul(ZScore(Delta($intraday_ret_from_open,30)),ZScore(Std($ret_1m,15)))))",cem_resample::rx_intraday_return::rx_volatility_state::elite_inverted_product,phase3bs_cem_dominant_ucb_feedback,phase3bs_cem_dominant_ucb_feedback,intraday_ret_from_open|ret_1m,"['intraday_ret_from_open', 'ret_1m']",30,"Neg(CSRank(Mul(ZScore(Delta($F,N)),ZScore(Std($F,N)))))",Neg>CSRank>Mul>ZScore>Delta>ZScore>Std,CSRank:1|Delta:1|Mul:1|Neg:1|Std:1|ZScore:2,Neg,5,depth_le_6,7,opcount_le_9,2,fieldcount_le_2,2,wincount_le_2,30,maxwin_le_30,11,complexity_le_14,phase3bp:426f1741f2fcf79720e975dc,0.21102183,1,read_only_research_candidate,phase3bs_cem_dominant_ucb_feedback: cem round 1 elite resample intraday_delta_30 x ret_vol_15,0.21383683
phase3bs_00003,f108003a3cf996c01e1aa50e,"Neg(CSRank(Mul(ZScore(Delta($intraday_ret_from_open,15)),ZScore(Std($ret_1m,30)))))",cem_resample::rx_intraday_return::rx_volatility_state::elite_inverted_product,phase3bs_cem_dominant_ucb_feedback,phase3bs_cem_dominant_ucb_feedback,intraday_ret_from_open|ret_1m,"['intraday_ret_from_open', 'ret_1m']",30,"Neg(CSRank(Mul(ZScore(Delta($F,N)),ZScore(Std($F,N)))))",Neg>CSRank>Mul>ZScore>Delta>ZScore>Std,CSRank:1|Delta:1|Mul:1|Neg:1|Std:1|ZScore:2,Neg,5,depth_le_6,7,opcount_le_9,2,fieldcount_le_2,2,wincount_le_2,30,maxwin_le_30,11,complexity_le_14,phase3bp:f108003a3cf996c01e1aa50e,0.21102183,1,read_only_research_candidate,phase3bs_cem_dominant_ucb_feedback: cem round 2 elite resample intraday_delta_15 x ret_vol_30,0.21324583
phase3bs_00004,b537bb6f2ff6b901a3274a96,"CSRank(Mul(Sign(ZScore(Delta($intraday_ret_from_open,15))),ZScore(Std($ret_1m,30))))",cem_interaction::rx_intraday_return::rx_volatility_state::signed_state,phase3bs_cem_dominant_ucb_feedback,phase3bs_cem_dominant_ucb_feedback,intraday_ret_from_open|ret_1m,"['intraday_ret_from_open', 'ret_1m']",30,"CSRank(Mul(Sign(ZScore(Delta($F,N))),ZScore(Std($F,N))))",CSRank>Mul>Sign>ZScore>Delta>ZScore>Std,CSRank:1|Delta:1|Mul:1|Sign:1|Std:1|ZScore:2,CSRank,5,depth_le_6,7,opcount_le_9,2,fieldcount_le_2,2,wincount_le_2,30,maxwin_le_30,11,complexity_le_14,phase3bp:b537bb6f2ff6b901a3274a96,0.21072183,1,read_only_research_candidate,phase3bs_cem_dominant_ucb_feedback: cem seed interaction intraday_delta_15 x ret_vol_30 signed_state,0.21300483
phase3bs_00005,c878df838a1b1901b47bff6d,"CSRank(Mul(Sign(ZScore(Delta($intraday_ret_from_open,30))),ZScore(Std($ret_1m,15))))",cem_interaction::rx_intraday_return::rx_volatility_state::signed_state,phase3bs_cem_dominant_ucb_feedback,phase3bs_cem_dominant_ucb_feedback,intraday_ret_from_open|ret_1m,"['intraday_ret_from_open', 'ret_1m']",30,"CSRank(Mul(Sign(ZScore(Delta($F,N))),ZScore(Std($F,N))))",CSRank>Mul>Sign>ZScore>Delta>ZScore>Std,CSRank:1|Delta:1|Mul:1|Sign:1|Std:1|ZScore:2,CSRank,5,depth_le_6,7,opcount_le_9,2,fieldcount_le_2,2,wincount_le_2,30,maxwin_le_30,11,complexity_le_14,phase3bp:c878df838a1b1901b47bff6d,0.21072183,1,read_only_research_candidate,phase3bs_cem_dominant_ucb_feedback: cem seed interaction intraday_delta_30 x ret_vol_15 signed_state,0.21286483
phase3bs_00006,612bdacf6f1893cbddd130b6,"CSRank(Mul(ZScore(Delta(Delta($intraday_ret_from_open,20),2)),ZScore(Delta($volume,15))))",cem_resample::rx_intraday_return::rx_flow_amount_volume::elite_delta_product,phase3bs_cem_dominant_ucb_feedback,phase3bs_cem_dominant_ucb_feedback,intraday_ret_from_open|volume,"['intraday_ret_from_open', 'volume']",20,"CSRank(Mul(ZScore(Delta(Delta($F,N),N)),ZScore(Delta($F,N))))",CSRank>Mul>ZScore>Delta>Delta>ZScore>Delta,CSRank:1|Delta:3|Mul:1|ZScore:2,CSRank,5,depth_le_6,7,opcount_le_9,2,fieldcount_le_2,3,wincount_le_4,20,maxwin_le_30,12,complexity_le_14,phase3bp:612bdacf6f1893cbddd130b6,0.16324805,1,read_only_research_candidate,phase3bs_cem_dominant_ucb_feedback: cem round 2 elite resample intraday_delta_20 x volume_delta_15,0.17146605
phase3bs_00007,6635b8f4287a00c117ad1b66,"CSRank(Mul(ZScore(Delta(Delta($intraday_ret_from_open,3),2)),ZScore(Delta($volume,15))))",cem_resample::rx_intraday_return::rx_flow_amount_volume::elite_delta_product,phase3bs_cem_dominant_ucb_feedback,phase3bs_cem_dominant_ucb_feedback,intraday_ret_from_open|volume,"['intraday_ret_from_open', 'volume']",15,"CSRank(Mul(ZScore(Delta(Delta($F,N),N)),ZScore(Delta($F,N))))",CSRank>Mul>ZScore>Delta>Delta>ZScore>Delta,CSRank:1|Delta:3|Mul:1|ZScore:2,CSRank,5,depth_le_6,7,opcount_le_9,2,fieldcount_le_2,3,wincount_le_4,15,maxwin_le_15,12,complexity_le_14,phase3bp:6635b8f4287a00c117ad1b66,0.163033,1,read_only_research_candidate,phase3bs_cem_dominant_ucb_feedback: cem round 3 elite resample intraday_delta_3 x volume_delta_15,0.171457
phase3bs_00008,c179ca1f0fcd78f201803683,"CSRank(Mul(ZScore(Delta(Delta($intraday_ret_from_open,2),2)),ZScore(Delta($volume,15))))",cem_resample::rx_intraday_return::rx_flow_amount_volume::elite_delta_product,phase3bs_cem_dominant_ucb_feedback,phase3bs_cem_dominant_ucb_feedback,intraday_ret_from_open|volume,"['intraday_ret_from_open', 'volume']",15,"CSRank(Mul(ZScore(Delta(Delta($F,N),N)),ZScore(Delta($F,N))))",CSRank>Mul>ZScore>Delta>Delta>ZScore>Delta,CSRank:1|Delta:3|Mul:1|ZScore:2,CSRank,5,depth_le_6,7,opcount_le_9,2,fieldcount_le_2,2,wincount_le_2,15,maxwin_le_15,11,complexity_le_14,phase3bp:c179ca1f0fcd78f201803683,0.16240419,1,read_only_research_candidate,phase3bs_cem_dominant_ucb_feedback: cem round 1 elite resample intraday_delta_2 x volume_delta_15,0.17103019
phase3bs_00009,5344264ed995b399c5125214,"CSRank(Sub(ZScore(Delta($intraday_ret_from_open,30)),ZScore(Mean(Delta($volume,15),3))))",cem_resample::rx_intraday_return::rx_flow_amount_volume::elite_spread_mean3,phase3bs_cem_dominant_ucb_feedback,phase3bs_cem_dominant_ucb_feedback,intraday_ret_from_open|volume,"['intraday_ret_from_open', 'volume']",30,"CSRank(Sub(ZScore(Delta($F,N)),ZScore(Mean(Delta($F,N),N))))",CSRank>Sub>ZScore>Delta>ZScore>Mean>Delta,CSRank:1|Delta:2|Mean:1|Sub:1|ZScore:2,CSRank,5,depth_le_6,7,opcount_le_9,2,fieldcount_le_2,3,wincount_le_4,30,maxwin_le_30,12,complexity_le_14,phase3bp:5344264ed995b399c5125214,0.16183911,1,read_only_research_candidate,phase3bs_cem_dominant_ucb_feedback: cem round 2 elite resample intraday_delta_30 x volume_delta_15,0.17077311
phase3bs_00010,85586f10d323a6e42a573f76,"Neg(CSRank(Mul(ZScore(Delta($intraday_ret_from_open,10)),ZScore(Delta($volume,15)))))",cem_resample::rx_intraday_return::rx_flow_amount_volume::elite_inverted_product,phase3bs_cem_dominant_ucb_feedback,phase3bs_cem_dominant_ucb_feedback,intraday_ret_from_open|volume,"['intraday_ret_from_open', 'volume']",15,"Neg(CSRank(Mul(ZScore(Delta($F,N)),ZScore(Delta($F,N)))))",Neg>CSRank>Mul>ZScore>Delta>ZScore>Delta,CSRank:1|Delta:2|Mul:1|Neg:1|ZScore:2,Neg,5,depth_le_6,7,opcount_le_9,2,fieldcount_le_2,2,wincount_le_2,15,maxwin_le_15,11,complexity_le_14,phase3bp:85586f10d323a6e42a573f76,0.16144494,1,read_only_research_candidate,phase3bs_cem_dominant_ucb_feedback: cem round 1 elite resample intraday_delta_10 x volume_delta_15,0.17037194
phase3bs_00011,4ad3c1dc023b08cccd35eb7b,"CSRank(Mul(ZScore(Delta(Delta($intraday_ret_from_open,10),2)),ZScore(Delta($amount,15))))",cem_resample::rx_intraday_return::rx_flow_amount_volume::elite_delta_product,phase3bs_cem_dominant_ucb_feedback,phase3bs_cem_dominant_ucb_feedback,amount|intraday_ret_from_open,"['amount', 'intraday_ret_from_open']",15,"CSRank(Mul(ZScore(Delta(Delta($F,N),N)),ZScore(Delta($F,N))))",CSRank>Mul>ZScore>Delta>Delta>ZScore>Delta,CSRank:1|Delta:3|Mul:1|ZScore:2,CSRank,5,depth_le_6,7,opcount_le_9,2,fieldcount_le_2,3,wincount_le_4,15,maxwin_le_15,12,complexity_le_14,phase3bp:4ad3c1dc023b08cccd35eb7b,0.1521591,1,read_only_research_candidate,phase3bs_cem_dominant_ucb_feedback: cem round 2 elite resample intraday_delta_10 x amount_delta_15,0.1610321
phase3bs_00012,5b28a566be9aff786c3c0cbc,"CSRank(Mul(ZScore(Delta(Delta($intraday_ret_from_open,2),2)),ZScore(Delta($amount,15))))",cem_resample::rx_intraday_return::rx_flow_amount_volume::elite_delta_product,phase3bs_cem_dominant_ucb_feedback,phase3bs_cem_dominant_ucb_feedback,amount|intraday_ret_from_open,"['amount', 'intraday_ret_from_open']",15,"CSRank(Mul(ZScore(Delta(Delta($F,N),N)),ZScore(Delta($F,N))))",CSRank>Mul>ZScore>Delta>Delta>ZScore>Delta,CSRank:1|Delta:3|Mul:1|ZScore:2,CSRank,5,depth_le_6,7,opcount_le_9,2,fieldcount_le_2,2,wincount_le_2,15,maxwin_le_15,11,complexity_le_14,phase3bp:5b28a566be9aff786c3c0cbc,0.15134397,1,read_only_research_candidate,phase3bs_cem_dominant_ucb_feedback: cem round 3 elite resample intraday_delta_2 x amount_delta_15,0.15952497
phase3bs_00013,dc2a3001b7b3d7b5b19cd02c,"CSRank(Sub(ZScore(Delta($intraday_ret_from_open,30)),ZScore(Mean(Delta($amount,15),3))))",cem_resample::rx_intraday_return::rx_flow_amount_volume::elite_spread_mean3,phase3bs_cem_dominant_ucb_feedback,phase3bs_cem_dominant_ucb_feedback,amount|intraday_ret_from_open,"['amount', 'intraday_ret_from_open']",30,"CSRank(Sub(ZScore(Delta($F,N)),ZScore(Mean(Delta($F,N),N))))",CSRank>Sub>ZScore>Delta>ZScore>Mean>Delta,CSRank:1|Delta:2|Mean:1|Sub:1|ZScore:2,CSRank,5,depth_le_6,7,opcount_le_9,2,fieldcount_le_2,3,wincount_le_4,30,maxwin_le_30,12,complexity_le_14,phase3bp:dc2a3001b7b3d7b5b19cd02c,0.15077889,1,read_only_research_candidate,phase3bs_cem_dominant_ucb_feedback: cem round 4 elite resample intraday_delta_30 x amount_delta_15,0.15949889
phase3bs_00014,84d752319d68c73457dbe1cf,"Neg(CSRank(Mul(ZScore(Delta($intraday_ret_from_open,8)),ZScore(Delta($amount,15)))))",cem_resample::rx_intraday_return::rx_flow_amount_volume::elite_inverted_product,phase3bs_cem_dominant_ucb_feedback,phase3bs_cem_dominant_ucb_feedback,amount|intraday_ret_from_open,"['amount', 'intraday_ret_from_open']",15,"Neg(CSRank(Mul(ZScore(Delta($F,N)),ZScore(Delta($F,N)))))",Neg>CSRank>Mul>ZScore>Delta>ZScore>Delta,CSRank:1|Delta:2|Mul:1|Neg:1|ZScore:2,Neg,5,depth_le_6,7,opcount_le_9,2,fieldcount_le_2,2,wincount_le_2,15,maxwin_le_15,11,complexity_le_14,phase3bp:84d752319d68c73457dbe1cf,0.15060456,1,read_only_research_candidate,phase3bs_cem_dominant_ucb_feedback: cem round 2 elite resample intraday_delta_8 x amount_delta_15,0.15947856
phase3bs_00015,c6ef679c4efc766292c9e0bf,"Neg(CSRank(Mul(ZScore(Delta($intraday_ret_from_open,10)),ZScore(Delta($amount,15)))))",cem_resample::rx_intraday_return::rx_flow_amount_volume::elite_inverted_product,phase3bs_cem_dominant_ucb_feedback,phase3bs_cem_dominant_ucb_feedback,amount|intraday_ret_from_open,"['amount', 'intraday_ret_from_open']",15,"Neg(CSRank(Mul(ZScore(Delta($F,N)),ZScore(Delta($F,N)))))",Neg>CSRank>Mul>ZScore>Delta>ZScore>Delta,CSRank:1|Delta:2|Mul:1|Neg:1|ZScore:2,Neg,5,depth_le_6,7,opcount_le_9,2,fieldcount_le_2,2,wincount_le_2,15,maxwin_le_15,11,complexity_le_14,phase3bp:c6ef679c4efc766292c9e0bf,0.15038472,1,read_only_research_candidate,phase3bs_cem_dominant_ucb_feedback: cem round 3 elite resample intraday_delta_10 x amount_delta_15,0.15879972
phase3bs_00016,30cc959cbdb92a437433645d,"Neg(CSRank(Mul(ZScore(Sub(Div(Sub($close,$low),Add(Abs(Sub($high,$low)),0.000001)),Mean(Div(Sub($close,$low),Add(Abs(Sub($high,$low)),0.000001)),15))),ZScore(Div($m1_first30_vol,Add(Abs($volume),0.000001))))))",cem_resample::rx_range_location::rx_opening_amount::elite_inverted_product,phase3bs_cem_dominant_ucb_feedback,phase3bs_cem_dominant_ucb_feedback,close|high|low|m1_first30_vol|volume,"['close', 'high', 'low', 'm1_first30_vol', 'volume']",0,"Neg(CSRank(Mul(ZScore(Sub(Div(Sub($F,$F),Add(Abs(Sub($F,$F)),N)),Mean(Div(Sub($F,$F),Add(Abs(Sub($F,$F)),N)),N))),ZScore(Div($F,Add(Abs($F),N))))))",Neg>CSRank>Mul>ZScore>Sub>Div>Sub>Add>Abs>Sub,Abs:3|Add:3|CSRank:1|Div:3|Mean:1|Mul:1|Neg:1|Sub:5|ZScore:2,Neg,10,depth_gt_8,20,opcount_gt_12,5,fieldcount_le_6,1,wincount_le_1,15,maxwin_le_15,26,complexity_gt_18,phase3bp:30cc959cbdb92a437433645d,0.15457794,1,read_only_research_candidate,phase3bs_cem_dominant_ucb_feedback: cem round 2 elite resample bar_loc_shift_15 x m1_first30_vol,0.15067894
phase3bs_00017,756a2b3015f2d43d6521549d,"CSRank(Sub(ZScore(Delta($intraday_ret_from_open,3)),ZScore(Mean(Div($m1_first30_vol,Add(Abs($volume),0.000001)),3))))",cem_resample::rx_intraday_return::rx_opening_amount::elite_spread_mean3,phase3bs_cem_dominant_ucb_feedback,phase3bs_cem_dominant_ucb_feedback,intraday_ret_from_open|m1_first30_vol|volume,"['intraday_ret_from_open', 'm1_first30_vol', 'volume']",3,"CSRank(Sub(ZScore(Delta($F,N)),ZScore(Mean(Div($F,Add(Abs($F),N)),N))))",CSRank>Sub>ZScore>Delta>ZScore>Mean>Div>Add>Abs,Abs:1|Add:1|CSRank:1|Delta:1|Div:1|Mean:1|Sub:1|ZScore:2,CSRank,7,depth_le_8,9,opcount_le_9,3,fieldcount_le_4,1,wincount_le_1,3,maxwin_le_5,13,complexity_le_14,phase3bp:756a2b3015f2d43d6521549d,0.15065448,1,read_only_research_candidate,phase3bs_cem_dominant_ucb_feedback: cem round 2 elite resample intraday_delta_3 x m1_first30_vol,0.14554548
phase3bs_00018,abd7761c769495e817216fa0,"CSRank(Sub(ZScore(Delta($intraday_ret_from_open,2)),ZScore(Mean(Div($m1_first30_vol,Add(Abs($volume),0.000001)),3))))",cem_resample::rx_intraday_return::rx_opening_amount::elite_spread_mean3,phase3bs_cem_dominant_ucb_feedback,phase3bs_cem_dominant_ucb_feedback,intraday_ret_from_open|m1_first30_vol|volume,"['intraday_ret_from_open', 'm1_first30_vol', 'volume']",2,"CSRank(Sub(ZScore(Delta($F,N)),ZScore(Mean(Div($F,Add(Abs($F),N)),N))))",CSRank>Sub>ZScore>Delta>ZScore>Mean>Div>Add>Abs,Abs:1|Add:1|CSRank:1|Delta:1|Div:1|Mean:1|Sub:1|ZScore:2,CSRank,7,depth_le_8,9,opcount_le_9,3,fieldcount_le_4,2,wincount_le_2,3,maxwin_le_5,14,complexity_le_14,phase3bp:abd7761c769495e817216fa0,0.15063867,1,read_only_research_candidate,phase3bs_cem_dominant_ucb_feedback: cem round 2 elite resample intraday_delta_2 x m1_first30_vol,0.14545267
phase3bs_00019,abccee515f73f56d72630dc6,"CSRank(Sub(ZScore(Delta($intraday_ret_from_open,5)),ZScore(Mean(Div($m1_first30_vol,Add(Abs($volume),0.000001)),3))))",cem_resample::rx_intraday_return::rx_opening_amount::elite_spread_mean3,phase3bs_cem_dominant_ucb_feedback,phase3bs_cem_dominant_ucb_feedback,intraday_ret_from_open|m1_first30_vol|volume,"['intraday_ret_from_open', 'm1_first30_vol', 'volume']",5,"CSRank(Sub(ZScore(Delta($F,N)),ZScore(Mean(Div($F,Add(Abs($F),N)),N))))",CSRank>Sub>ZScore>Delta>ZScore>Mean>Div>Add>Abs,Abs:1|Add:1|CSRank:1|Delta:1|Div:1|Mean:1|Sub:1|ZScore:2,CSRank,7,depth_le_8,9,opcount_le_9,3,fieldcount_le_4,2,wincount_le_2,5,maxwin_le_5,14,complexity_le_14,phase3bp:abccee515f73f56d72630dc6,0.15060332,1,read_only_research_candidate,phase3bs_cem_dominant_ucb_feedback: cem round 3 elite resample intraday_delta_5 x m1_first30_vol,0.14472132
phase3bs_00020,77abf9d3c4d742270a1221ce,"CSRank(Mul(ZScore(Delta(Delta($intraday_ret_from_open,8),2)),ZScore(Div($m1_first30_vol,Add(Abs($volume),0.000001)))))",cem_resample::rx_intraday_return::rx_opening_amount::elite_delta_product,phase3bs_cem_dominant_ucb_feedback,phase3bs_cem_dominant_ucb_feedback,intraday_ret_from_open|m1_first30_vol|volume,"['intraday_ret_from_open', 'm1_first30_vol', 'volume']",8,"CSRank(Mul(ZScore(Delta(Delta($F,N),N)),ZScore(Div($F,Add(Abs($F),N)))))",CSRank>Mul>ZScore>Delta>Delta>ZScore>Div>Add>Abs,Abs:1|Add:1|CSRank:1|Delta:2|Div:1|Mul:1|ZScore:2,CSRank,6,depth_le_6,9,opcount_le_9,3,fieldcount_le_4,2,wincount_le_2,8,maxwin_le_15,14,complexity_le_14,phase3bp:77abf9d3c4d742270a1221ce,0.14366151,1,read_only_research_candidate,phase3bs_cem_dominant_ucb_feedback: cem round 3 elite resample intraday_delta_8 x m1_first30_vol,0.14447051
phase3bs_00021,0a24e873a9d5ffc1a11a87bd,"CSRank(Mul(ZScore(Delta(Delta($ret_1m,15),2)),ZScore(Std(Div(Sub($high,$low),Add(Abs($open),0.000001)),10))))",cem_resample::rx_intraday_return::rx_range_location::elite_delta_product,phase3bs_cem_dominant_ucb_feedback,phase3bs_cem_dominant_ucb_feedback,high|low|open|ret_1m,"['high', 'low', 'open', 'ret_1m']",15,"CSRank(Mul(ZScore(Delta(Delta($F,N),N)),ZScore(Std(Div(Sub($F,$F),Add(Abs($F),N)),N))))",CSRank>Mul>ZScore>Delta>Delta>ZScore>Std>Div>Sub>Add,Abs:1|Add:1|CSRank:1|Delta:2|Div:1|Mul:1|Std:1|Sub:1|ZScore:2,CSRank,7,depth_le_8,11,opcount_le_12,4,fieldcount_le_4,3,wincount_le_4,15,maxwin_le_15,18,complexity_le_18,phase3bp:0a24e873a9d5ffc1a11a87bd,0.15128381,1,read_only_research_candidate,phase3bs_cem_dominant_ucb_feedback: cem round 3 elite resample ret_delta_15 x range_vol_10,0.14409181
phase3bs_00022,356e038a2d831c0e7011272c,"CSRank(Mul(ZScore(Delta(Delta($ret_1m,20),2)),ZScore(Std(Div(Sub($high,$low),Add(Abs($open),0.000001)),15))))",cem_resample::rx_intraday_return::rx_range_location::elite_delta_product,phase3bs_cem_dominant_ucb_feedback,phase3bs_cem_dominant_ucb_feedback,high|low|open|ret_1m,"['high', 'low', 'open', 'ret_1m']",20,"CSRank(Mul(ZScore(Delta(Delta($F,N),N)),ZScore(Std(Div(Sub($F,$F),Add(Abs($F),N)),N))))",CSRank>Mul>ZScore>Delta>Delta>ZScore>Std>Div>Sub>Add,Abs:1|Add:1|CSRank:1|Delta:2|Div:1|Mul:1|Std:1|Sub:1|ZScore:2,CSRank,7,depth_le_8,11,opcount_le_12,4,fieldcount_le_4,3,wincount_le_4,20,maxwin_le_30,18,complexity_le_18,phase3bp:356e038a2d831c0e7011272c,0.15131254,1,read_only_research_candidate,phase3bs_cem_dominant_ucb_feedback: cem round 4 elite resample ret_delta_20 x range_vol_15,0.14388354
phase3bs_00023,bebf19ffe826eeded618fbdf,"CSRank(Mul(ZScore(Delta(Delta($ret_1m,5),2)),ZScore(Std(Div(Sub($high,$low),Add(Abs($open),0.000001)),15))))",cem_resample::rx_intraday_return::rx_range_location::elite_delta_product,phase3bs_cem_dominant_ucb_feedback,phase3bs_cem_dominant_ucb_feedback,high|low|open|ret_1m,"['high', 'low', 'open', 'ret_1m']",5,"CSRank(Mul(ZScore(Delta(Delta($F,N),N)),ZScore(Std(Div(Sub($F,$F),Add(Abs($F),N)),N))))",CSRank>Mul>ZScore>Delta>Delta>ZScore>Std>Div>Sub>Add,Abs:1|Add:1|CSRank:1|Delta:2|Div:1|Mul:1|Std:1|Sub:1|ZScore:2,CSRank,7,depth_le_8,11,opcount_le_12,4,fieldcount_le_4,3,wincount_le_4,15,maxwin_le_15,18,complexity_le_18,phase3bp:bebf19ffe826eeded618fbdf,0.15106338,1,read_only_research_candidate,phase3bs_cem_dominant_ucb_feedback: cem round 3 elite resample ret_delta_5 x range_vol_15,0.14382438
phase3bs_00024,ba9c75631d9ff593e3e26b97,"CSRank(Mul(Sign(ZScore(Delta($intraday_ret_from_open,30))),ZScore(Div($m1_first30_vol,Add(Abs($volume),0.000001)))))",cem_interaction::rx_intraday_return::rx_opening_amount::signed_state,phase3bs_cem_dominant_ucb_feedback,phase3bs_cem_dominant_ucb_feedback,intraday_ret_from_open|m1_first30_vol|volume,"['intraday_ret_from_open', 'm1_first30_vol', 'volume']",30,"CSRank(Mul(Sign(ZScore(Delta($F,N))),ZScore(Div($F,Add(Abs($F),N)))))",CSRank>Mul>Sign>ZScore>Delta>ZScore>Div>Add>Abs,Abs:1|Add:1|CSRank:1|Delta:1|Div:1|Mul:1|Sign:1|ZScore:2,CSRank,6,depth_le_6,9,opcount_le_9,3,fieldcount_le_4,1,wincount_le_1,30,maxwin_le_30,13,complexity_le_14,phase3bp:ba9c75631d9ff593e3e26b97,0.14881556,1,read_only_research_candidate,phase3bs_cem_dominant_ucb_feedback: cem seed interaction intraday_delta_30 x m1_first30_vol signed_state,0.14356456
phase3bs_00025,36a72a6a1c8dfac85abe68fd,"CSRank(Sub(ZScore(Delta($ret_1m,15)),ZScore(Mean(Std(Div(Sub($high,$low),Add(Abs($open),0.000001)),8),3))))",cem_resample::rx_intraday_return::rx_range_location::elite_spread_mean3,phase3bs_cem_dominant_ucb_feedback,phase3bs_cem_dominant_ucb_feedback,high|low|open|ret_1m,"['high', 'low', 'open', 'ret_1m']",15,"CSRank(Sub(ZScore(Delta($F,N)),ZScore(Mean(Std(Div(Sub($F,$F),Add(Abs($F),N)),N),N))))",CSRank>Sub>ZScore>Delta>ZScore>Mean>Std>Div>Sub>Add,Abs:1|Add:1|CSRank:1|Delta:1|Div:1|Mean:1|Std:1|Sub:2|ZScore:2,CSRank,8,depth_le_8,11,opcount_le_12,4,fieldcount_le_4,3,wincount_le_4,15,maxwin_le_15,18,complexity_le_18,phase3bp:36a72a6a1c8dfac85abe68fd,0.14995656,1,read_only_research_candidate,phase3bs_cem_dominant_ucb_feedback: cem round 3 elite resample ret_delta_15 x range_vol_8,0.14269456
phase3bs_00026,fd64e0e72cabfa36a4d9344a,"CSRank(Sub(ZScore(Delta($ret_1m,8)),ZScore(Mean(Std(Div(Sub($high,$low),Add(Abs($open),0.000001)),15),3))))",cem_resample::rx_intraday_return::rx_range_location::elite_spread_mean3,phase3bs_cem_dominant_ucb_feedback,phase3bs_cem_dominant_ucb_feedback,high|low|open|ret_1m,"['high', 'low', 'open', 'ret_1m']",8,"CSRank(Sub(ZScore(Delta($F,N)),ZScore(Mean(Std(Div(Sub($F,$F),Add(Abs($F),N)),N),N))))",CSRank>Sub>ZScore>Delta>ZScore>Mean>Std>Div>Sub>Add,Abs:1|Add:1|CSRank:1|Delta:1|Div:1|Mean:1|Std:1|Sub:2|ZScore:2,CSRank,8,depth_le_8,11,opcount_le_12,4,fieldcount_le_4,3,wincount_le_4,15,maxwin_le_15,18,complexity_le_18,phase3bp:fd64e0e72cabfa36a4d9344a,0.14995656,1,read_only_research_candidate,phase3bs_cem_dominant_ucb_feedback: cem round 2 elite resample ret_delta_8 x range_vol_15,0.14238856
phase3bs_00027,0a2c08760ddb277ea3abc41c,"Neg(CSRank(Mul(ZScore(Sub(Div(Sub($close,$low),Add(Abs(Sub($high,$low)),0.000001)),Mean(Div(Sub($close,$low),Add(Abs(Sub($high,$low)),0.000001)),15))),ZScore(Std(Div(Sub($high,$low),Add(Abs($open),0.000001)),15)))))",cem_resample::rx_range_location::rx_range_location::elite_inverted_product,phase3bs_cem_dominant_ucb_feedback,phase3bs_cem_dominant_ucb_feedback,close|high|low|open,"['close', 'high', 'low', 'open']",0,"Neg(CSRank(Mul(ZScore(Sub(Div(Sub($F,$F),Add(Abs(Sub($F,$F)),N)),Mean(Div(Sub($F,$F),Add(Abs(Sub($F,$F)),N)),N))),ZScore(Std(Div(Sub($F,$F),Add(Abs($F),N)),N)))))",Neg>CSRank>Mul>ZScore>Sub>Div>Sub>Add>Abs>Sub,Abs:3|Add:3|CSRank:1|Div:3|Mean:1|Mul:1|Neg:1|Std:1|Sub:6|ZScore:2,Neg,10,depth_gt_8,22,opcount_gt_12,4,fieldcount_le_4,1,wincount_le_1,15,maxwin_le_15,27,complexity_gt_18,phase3bp:0a2c08760ddb277ea3abc41c,0.15483528,1,read_only_research_candidate,phase3bs_cem_dominant_ucb_feedback: cem round 2 elite resample bar_loc_shift_15 x range_vol_15,0.14146728
phase3bs_00028,782b36f6c1302e395026b82f,"CSRank(Sub(ZScore(Sub(Div(Sub($close,$low),Add(Abs(Sub($high,$low)),0.000001)),Mean(Div(Sub($close,$low),Add(Abs(Sub($high,$low)),0.000001)),15))),ZScore(Mean(Div($m1_first30_vol,Add(Abs($volume),0.000001)),3))))",cem_resample::rx_range_location::rx_opening_amount::elite_spread_mean3,phase3bs_cem_dominant_ucb_feedback,phase3bs_cem_dominant_ucb_feedback,close|high|low|m1_first30_vol|volume,"['close', 'high', 'low', 'm1_first30_vol', 'volume']",0,"CSRank(Sub(ZScore(Sub(Div(Sub($F,$F),Add(Abs(Sub($F,$F)),N)),Mean(Div(Sub($F,$F),Add(Abs(Sub($F,$F)),N)),N))),ZScore(Mean(Div($F,Add(Abs($F),N)),N))))",CSRank>Sub>ZScore>Sub>Div>Sub>Add>Abs>Sub>Mean,Abs:3|Add:3|CSRank:1|Div:3|Mean:2|Sub:6|ZScore:2,CSRank,9,depth_gt_8,20,opcount_gt_12,5,fieldcount_le_6,2,wincount_le_2,15,maxwin_le_15,27,complexity_gt_18,phase3bp:782b36f6c1302e395026b82f,0.13216423,1,read_only_research_candidate,phase3bs_cem_dominant_ucb_feedback: cem round 4 elite resample bar_loc_shift_15 x m1_first30_vol,0.14054623
phase3bs_00029,57055f9873fcc3a14dd9bfd5,"Neg(CSRank(Mul(ZScore(Sub(Div(Sub($close,$low),Add(Abs(Sub($high,$low)),0.000001)),Mean(Div(Sub($close,$low),Add(Abs(Sub($high,$low)),0.000001)),15))),ZScore(Std($ret_1m,15)))))",cem_resample::rx_range_location::rx_volatility_state::elite_inverted_product,phase3bs_cem_dominant_ucb_feedback,phase3bs_cem_dominant_ucb_feedback,close|high|low|ret_1m,"['close', 'high', 'low', 'ret_1m']",15,"Neg(CSRank(Mul(ZScore(Sub(Div(Sub($F,$F),Add(Abs(Sub($F,$F)),N)),Mean(Div(Sub($F,$F),Add(Abs(Sub($F,$F)),N)),N))),ZScore(Std($F,N)))))",Neg>CSRank>Mul>ZScore>Sub>Div>Sub>Add>Abs>Sub,Abs:2|Add:2|CSRank:1|Div:2|Mean:1|Mul:1|Neg:1|Std:1|Sub:5|ZScore:2,Neg,10,depth_gt_8,18,opcount_gt_12,4,fieldcount_le_4,1,wincount_le_1,15,maxwin_le_15,23,complexity_gt_18,phase3bp:57055f9873fcc3a14dd9bfd5,0.15177683,1,read_only_research_candidate,phase3bs_cem_dominant_ucb_feedback: cem round 1 elite resample bar_loc_shift_15 x ret_vol_15,0.13778383
phase3bs_00030,ad9ba5fc931919f1dc57793e,"Neg(CSRank(Mul(ZScore(Sub(Div(Sub($close,$low),Add(Abs(Sub($high,$low)),0.000001)),Mean(Div(Sub($close,$low),Add(Abs(Sub($high,$low)),0.000001)),15))),ZScore(Delta($volume,15)))))",cem_resample::rx_range_location::rx_flow_amount_volume::elite_inverted_product,phase3bs_cem_dominant_ucb_feedback,phase3bs_cem_dominant_ucb_feedback,close|high|low|volume,"['close', 'high', 'low', 'volume']",15,"Neg(CSRank(Mul(ZScore(Sub(Div(Sub($F,$F),Add(Abs(Sub($F,$F)),N)),Mean(Div(Sub($F,$F),Add(Abs(Sub($F,$F)),N)),N))),ZScore(Delta($F,N)))))",Neg>CSRank>Mul>ZScore>Sub>Div>Sub>Add>Abs>Sub,Abs:2|Add:2|CSRank:1|Delta:1|Div:2|Mean:1|Mul:1|Neg:1|Sub:5|ZScore:2,Neg,10,depth_gt_8,18,opcount_gt_12,4,fieldcount_le_4,1,wincount_le_1,15,maxwin_le_15,23,complexity_gt_18,phase3bp:ad9ba5fc931919f1dc57793e,0.14905619,1,read_only_research_candidate,phase3bs_cem_dominant_ucb_feedback: cem round 1 elite resample bar_loc_shift_15 x volume_delta_15,0.13562919
phase3bs_00031,f3912a9eaa75f6eab8f40571,"CSRank(Sub(ZScore(Sub(Div(Sub($close,$low),Add(Abs(Sub($high,$low)),0.000001)),Mean(Div(Sub($close,$low),Add(Abs(Sub($high,$low)),0.000001)),15))),ZScore(Mean(Std(Div(Sub($high,$low),Add(Abs($open),0.000001)),30),3))))",cem_resample::rx_range_location::rx_range_location::elite_spread_mean3,phase3bs_cem_dominant_ucb_feedback,phase3bs_cem_dominant_ucb_feedback,close|high|low|open,"['close', 'high', 'low', 'open']",0,"CSRank(Sub(ZScore(Sub(Div(Sub($F,$F),Add(Abs(Sub($F,$F)),N)),Mean(Div(Sub($F,$F),Add(Abs(Sub($F,$F)),N)),N))),ZScore(Mean(Std(Div(Sub($F,$F),Add(Abs($F),N)),N),N))))",CSRank>Sub>ZScore>Sub>Div>Sub>Add>Abs>Sub>Mean,Abs:3|Add:3|CSRank:1|Div:3|Mean:2|Std:1|Sub:7|ZScore:2,CSRank,9,depth_gt_8,22,opcount_gt_12,4,fieldcount_le_4,3,wincount_le_4,30,maxwin_le_30,29,complexity_gt_18,phase3bp:f3912a9eaa75f6eab8f40571,0.13654189,1,read_only_research_candidate,phase3bs_cem_dominant_ucb_feedback: cem round 2 elite resample bar_loc_shift_15 x range_vol_30,0.13495189
phase3bs_00032,d3d7469889c618ce9956b8f9,"Neg(CSRank(Mul(ZScore(Sub(Div(Sub($close,$low),Add(Abs(Sub($high,$low)),0.000001)),Mean(Div(Sub($close,$low),Add(Abs(Sub($high,$low)),0.000001)),15))),ZScore(Delta($amount,15)))))",cem_resample::rx_range_location::rx_flow_amount_volume::elite_inverted_product,phase3bs_cem_dominant_ucb_feedback,phase3bs_cem_dominant_ucb_feedback,amount|close|high|low,"['amount', 'close', 'high', 'low']",15,"Neg(CSRank(Mul(ZScore(Sub(Div(Sub($F,$F),Add(Abs(Sub($F,$F)),N)),Mean(Div(Sub($F,$F),Add(Abs(Sub($F,$F)),N)),N))),ZScore(Delta($F,N)))))",Neg>CSRank>Mul>ZScore>Sub>Div>Sub>Add>Abs>Sub,Abs:2|Add:2|CSRank:1|Delta:1|Div:2|Mean:1|Mul:1|Neg:1|Sub:5|ZScore:2,Neg,10,depth_gt_8,18,opcount_gt_12,4,fieldcount_le_4,1,wincount_le_1,15,maxwin_le_15,23,complexity_gt_18,phase3bp:d3d7469889c618ce9956b8f9,0.1481355,1,read_only_research_candidate,phase3bs_cem_dominant_ucb_feedback: cem round 3 elite resample bar_loc_shift_15 x amount_delta_15,0.1343415
phase3bs_00033,c61e9b85cfbe31f19a5e692e,"CSRank(Sub(ZScore(Sub(Div(Sub($close,$low),Add(Abs(Sub($high,$low)),0.000001)),Mean(Div(Sub($close,$low),Add(Abs(Sub($high,$low)),0.000001)),15))),ZScore(Mean(Std(Div(Sub($high,$low),Add(Abs($open),0.000001)),2),3))))",cem_resample::rx_range_location::rx_range_location::elite_spread_mean3,phase3bs_cem_dominant_ucb_feedback,phase3bs_cem_dominant_ucb_feedback,close|high|low|open,"['close', 'high', 'low', 'open']",0,"CSRank(Sub(ZScore(Sub(Div(Sub($F,$F),Add(Abs(Sub($F,$F)),N)),Mean(Div(Sub($F,$F),Add(Abs(Sub($F,$F)),N)),N))),ZScore(Mean(Std(Div(Sub($F,$F),Add(Abs($F),N)),N),N))))",CSRank>Sub>ZScore>Sub>Div>Sub>Add>Abs>Sub>Mean,Abs:3|Add:3|CSRank:1|Div:3|Mean:2|Std:1|Sub:7|ZScore:2,CSRank,9,depth_gt_8,22,opcount_gt_12,4,fieldcount_le_4,3,wincount_le_4,15,maxwin_le_15,29,complexity_gt_18,phase3bp:c61e9b85cfbe31f19a5e692e,0.13380943,1,read_only_research_candidate,phase3bs_cem_dominant_ucb_feedback: cem round 2 elite resample bar_loc_shift_15 x range_vol_2,0.13277243
phase3bs_00034,2d95e8e4dc3ae3401a5c76e0,"CSRank(Sub(ZScore(Sub(Div(Sub($close,$low),Add(Abs(Sub($high,$low)),0.000001)),Mean(Div(Sub($close,$low),Add(Abs(Sub($high,$low)),0.000001)),15))),ZScore(Mean(Std(Div(Sub($high,$low),Add(Abs($open),0.000001)),8),3))))",cem_resample::rx_range_location::rx_range_location::elite_spread_mean3,phase3bs_cem_dominant_ucb_feedback,phase3bs_cem_dominant_ucb_feedback,close|high|low|open,"['close', 'high', 'low', 'open']",0,"CSRank(Sub(ZScore(Sub(Div(Sub($F,$F),Add(Abs(Sub($F,$F)),N)),Mean(Div(Sub($F,$F),Add(Abs(Sub($F,$F)),N)),N))),ZScore(Mean(Std(Div(Sub($F,$F),Add(Abs($F),N)),N),N))))",CSRank>Sub>ZScore>Sub>Div>Sub>Add>Abs>Sub>Mean,Abs:3|Add:3|CSRank:1|Div:3|Mean:2|Std:1|Sub:7|ZScore:2,CSRank,9,depth_gt_8,22,opcount_gt_12,4,fieldcount_le_4,3,wincount_le_4,15,maxwin_le_15,29,complexity_gt_18,phase3bp:2d95e8e4dc3ae3401a5c76e0,0.13415285,1,read_only_research_candidate,phase3bs_cem_dominant_ucb_feedback: cem round 2 elite resample bar_loc_shift_15 x range_vol_8,0.13264885
phase3bs_00035,8bcbcb3a60860bd5f2672b41,"CSRank(Sub(ZScore(Sub(Div(Sub($close,$low),Add(Abs(Sub($high,$low)),0.000001)),Mean(Div(Sub($close,$low),Add(Abs(Sub($high,$low)),0.000001)),15))),ZScore(Mean(Std($ret_1m,30),3))))",cem_resample::rx_range_location::rx_volatility_state::elite_spread_mean3,phase3bs_cem_dominant_ucb_feedback,phase3bs_cem_dominant_ucb_feedback,close|high|low|ret_1m,"['close', 'high', 'low', 'ret_1m']",30,"CSRank(Sub(ZScore(Sub(Div(Sub($F,$F),Add(Abs(Sub($F,$F)),N)),Mean(Div(Sub($F,$F),Add(Abs(Sub($F,$F)),N)),N))),ZScore(Mean(Std($F,N),N))))",CSRank>Sub>ZScore>Sub>Div>Sub>Add>Abs>Sub>Mean,Abs:2|Add:2|CSRank:1|Div:2|Mean:2|Std:1|Sub:6|ZScore:2,CSRank,9,depth_gt_8,18,opcount_gt_12,4,fieldcount_le_4,3,wincount_le_4,30,maxwin_le_30,25,complexity_gt_18,phase3bp:8bcbcb3a60860bd5f2672b41,0.13348344,1,read_only_research_candidate,phase3bs_cem_dominant_ucb_feedback: cem round 1 elite resample bar_loc_shift_15 x ret_vol_30,0.13215844
phase3bs_00036,956633fce6ccb7108a1352e9,"CSRank(Sub(ZScore(Sub(Div(Sub($close,$low),Add(Abs(Sub($high,$low)),0.000001)),Mean(Div(Sub($close,$low),Add(Abs(Sub($high,$low)),0.000001)),15))),ZScore(Mean(Std(Div(Sub($high,$low),Add(Abs($open),0.000001)),10),3))))",cem_resample::rx_range_location::rx_range_location::elite_spread_mean3,phase3bs_cem_dominant_ucb_feedback,phase3bs_cem_dominant_ucb_feedback,close|high|low|open,"['close', 'high', 'low', 'open']",0,"CSRank(Sub(ZScore(Sub(Div(Sub($F,$F),Add(Abs(Sub($F,$F)),N)),Mean(Div(Sub($F,$F),Add(Abs(Sub($F,$F)),N)),N))),ZScore(Mean(Std(Div(Sub($F,$F),Add(Abs($F),N)),N),N))))",CSRank>Sub>ZScore>Sub>Div>Sub>Add>Abs>Sub>Mean,Abs:3|Add:3|CSRank:1|Div:3|Mean:2|Std:1|Sub:7|ZScore:2,CSRank,9,depth_gt_8,22,opcount_gt_12,4,fieldcount_le_4,3,wincount_le_4,15,maxwin_le_15,29,complexity_gt_18,phase3bp:956633fce6ccb7108a1352e9,0.13400629,1,read_only_research_candidate,phase3bs_cem_dominant_ucb_feedback: cem round 4 elite resample bar_loc_shift_15 x range_vol_10,0.13203329
phase3bs_00037,a954c2634497372780398d91,"CSRank(Sub(ZScore(Sub(Div(Sub($close,$low),Add(Abs(Sub($high,$low)),0.000001)),Mean(Div(Sub($close,$low),Add(Abs(Sub($high,$low)),0.000001)),10))),ZScore(Div(Mean($volume,5),Add(Abs(Mean($volume,15)),0.000001)))))",cem_interaction::rx_range_location::rx_flow_amount_volume::spread,phase3bs_cem_dominant_ucb_feedback,phase3bs_cem_dominant_ucb_feedback,close|high|low|volume,"['close', 'high', 'low', 'volume']",15,"CSRank(Sub(ZScore(Sub(Div(Sub($F,$F),Add(Abs(Sub($F,$F)),N)),Mean(Div(Sub($F,$F),Add(Abs(Sub($F,$F)),N)),N))),ZScore(Div(Mean($F,N),Add(Abs(Mean($F,N)),N)))))",CSRank>Sub>ZScore>Sub>Div>Sub>Add>Abs>Sub>Mean,Abs:3|Add:3|CSRank:1|Div:3|Mean:3|Sub:6|ZScore:2,CSRank,9,depth_gt_8,21,opcount_gt_12,4,fieldcount_le_4,3,wincount_le_4,15,maxwin_le_15,28,complexity_gt_18,phase3bp:a954c2634497372780398d91,0.12639352,1,read_only_research_candidate,phase3bs_cem_dominant_ucb_feedback: cem seed interaction bar_loc_shift_10 x volume_curve_5_15 spread,0.13067552
phase3bs_00038,fd1caed652013bb0e7203d83,"CSRank(Sub(ZScore(Sub(Div(Sub($close,$low),Add(Abs(Sub($high,$low)),0.000001)),Mean(Div(Sub($close,$low),Add(Abs(Sub($high,$low)),0.000001)),15))),ZScore(Div(Mean($volume,5),Add(Abs(Mean($volume,15)),0.000001)))))",cem_interaction::rx_range_location::rx_flow_amount_volume::spread,phase3bs_cem_dominant_ucb_feedback,phase3bs_cem_dominant_ucb_feedback,close|high|low|volume,"['close', 'high', 'low', 'volume']",15,"CSRank(Sub(ZScore(Sub(Div(Sub($F,$F),Add(Abs(Sub($F,$F)),N)),Mean(Div(Sub($F,$F),Add(Abs(Sub($F,$F)),N)),N))),ZScore(Div(Mean($F,N),Add(Abs(Mean($F,N)),N)))))",CSRank>Sub>ZScore>Sub>Div>Sub>Add>Abs>Sub>Mean,Abs:3|Add:3|CSRank:1|Div:3|Mean:3|Sub:6|ZScore:2,CSRank,9,depth_gt_8,21,opcount_gt_12,4,fieldcount_le_4,2,wincount_le_2,15,maxwin_le_15,27,complexity_gt_18,phase3bp:fd1caed652013bb0e7203d83,0.1255666,1,read_only_research_candidate,phase3bs_cem_dominant_ucb_feedback: cem seed interaction bar_loc_shift_15 x volume_curve_5_15 spread,0.1305166
phase3bs_00039,6a999de7250e405104618cdd,"CSRank(Sub(ZScore(Sub(Div(Sub($close,$low),Add(Abs(Sub($high,$low)),0.000001)),Mean(Div(Sub($close,$low),Add(Abs(Sub($high,$low)),0.000001)),3))),ZScore(Div(Mean($volume,5),Add(Abs(Mean($volume,15)),0.000001)))))",cem_interaction::rx_range_location::rx_flow_amount_volume::spread,phase3bs_cem_dominant_ucb_feedback,phase3bs_cem_dominant_ucb_feedback,close|high|low|volume,"['close', 'high', 'low', 'volume']",15,"CSRank(Sub(ZScore(Sub(Div(Sub($F,$F),Add(Abs(Sub($F,$F)),N)),Mean(Div(Sub($F,$F),Add(Abs(Sub($F,$F)),N)),N))),ZScore(Div(Mean($F,N),Add(Abs(Mean($F,N)),N)))))",CSRank>Sub>ZScore>Sub>Div>Sub>Add>Abs>Sub>Mean,Abs:3|Add:3|CSRank:1|Div:3|Mean:3|Sub:6|ZScore:2,CSRank,9,depth_gt_8,21,opcount_gt_12,4,fieldcount_le_4,3,wincount_le_4,15,maxwin_le_15,28,complexity_gt_18,phase3bp:6a999de7250e405104618cdd,0.1262072,1,read_only_research_candidate,phase3bs_cem_dominant_ucb_feedback: cem seed interaction bar_loc_shift_3 x volume_curve_5_15 spread,0.1303482
phase3bs_00040,90fc4f41f3ba8bc8f6abd528,"CSRank(Sub(ZScore(Sub(Div(Sub($close,$low),Add(Abs(Sub($high,$low)),0.000001)),Mean(Div(Sub($close,$low),Add(Abs(Sub($high,$low)),0.000001)),15))),ZScore(Mean(Std($ret_1m,8),3))))",cem_resample::rx_range_location::rx_volatility_state::elite_spread_mean3,phase3bs_cem_dominant_ucb_feedback,phase3bs_cem_dominant_ucb_feedback,close|high|low|ret_1m,"['close', 'high', 'low', 'ret_1m']",8,"CSRank(Sub(ZScore(Sub(Div(Sub($F,$F),Add(Abs(Sub($F,$F)),N)),Mean(Div(Sub($F,$F),Add(Abs(Sub($F,$F)),N)),N))),ZScore(Mean(Std($F,N),N))))",CSRank>Sub>ZScore>Sub>Div>Sub>Add>Abs>Sub>Mean,Abs:2|Add:2|CSRank:1|Div:2|Mean:2|Std:1|Sub:6|ZScore:2,CSRank,9,depth_gt_8,18,opcount_gt_12,4,fieldcount_le_4,3,wincount_le_4,15,maxwin_le_15,25,complexity_gt_18,phase3bp:90fc4f41f3ba8bc8f6abd528,0.13109439,1,read_only_research_candidate,phase3bs_cem_dominant_ucb_feedback: cem round 3 elite resample bar_loc_shift_15 x ret_vol_8,0.12986939
phase3bs_00041,a98e2675db972f2b59ac4d88,"CSRank(Sub(ZScore(Sub(Div(Sub($close,$low),Add(Abs(Sub($high,$low)),0.000001)),Mean(Div(Sub($close,$low),Add(Abs(Sub($high,$low)),0.000001)),15))),ZScore(Mean(Std($ret_1m,2),3))))",cem_resample::rx_range_location::rx_volatility_state::elite_spread_mean3,phase3bs_cem_dominant_ucb_feedback,phase3bs_cem_dominant_ucb_feedback,close|high|low|ret_1m,"['close', 'high', 'low', 'ret_1m']",2,"CSRank(Sub(ZScore(Sub(Div(Sub($F,$F),Add(Abs(Sub($F,$F)),N)),Mean(Div(Sub($F,$F),Add(Abs(Sub($F,$F)),N)),N))),ZScore(Mean(Std($F,N),N))))",CSRank>Sub>ZScore>Sub>Div>Sub>Add>Abs>Sub>Mean,Abs:2|Add:2|CSRank:1|Div:2|Mean:2|Std:1|Sub:6|ZScore:2,CSRank,9,depth_gt_8,18,opcount_gt_12,4,fieldcount_le_4,3,wincount_le_4,15,maxwin_le_15,25,complexity_gt_18,phase3bp:a98e2675db972f2b59ac4d88,0.13075098,1,read_only_research_candidate,phase3bs_cem_dominant_ucb_feedback: cem round 2 elite resample bar_loc_shift_15 x ret_vol_2,0.12972498
phase3bs_00042,a8c3abba37051ad2abeddc8c,"CSRank(Sub(ZScore(Sub(Div(Sub($close,$low),Add(Abs(Sub($high,$low)),0.000001)),Mean(Div(Sub($close,$low),Add(Abs(Sub($high,$low)),0.000001)),5))),ZScore(Div(Mean($volume,5),Add(Abs(Mean($volume,15)),0.000001)))))",cem_interaction::rx_range_location::rx_flow_amount_volume::spread,phase3bs_cem_dominant_ucb_feedback,phase3bs_cem_dominant_ucb_feedback,close|high|low|volume,"['close', 'high', 'low', 'volume']",15,"CSRank(Sub(ZScore(Sub(Div(Sub($F,$F),Add(Abs(Sub($F,$F)),N)),Mean(Div(Sub($F,$F),Add(Abs(Sub($F,$F)),N)),N))),ZScore(Div(Mean($F,N),Add(Abs(Mean($F,N)),N)))))",CSRank>Sub>ZScore>Sub>Div>Sub>Add>Abs>Sub>Mean,Abs:3|Add:3|CSRank:1|Div:3|Mean:3|Sub:6|ZScore:2,CSRank,9,depth_gt_8,21,opcount_gt_12,4,fieldcount_le_4,2,wincount_le_2,15,maxwin_le_15,27,complexity_gt_18,phase3bp:a8c3abba37051ad2abeddc8c,0.1255666,1,read_only_research_candidate,phase3bs_cem_dominant_ucb_feedback: cem seed interaction bar_loc_shift_5 x volume_curve_5_15 spread,0.1297056
phase3bs_00043,9a9e889f875ec9cfcd70e5cd,"CSRank(Sub(ZScore(Sub(Div(Sub($close,$low),Add(Abs(Sub($high,$low)),0.000001)),Mean(Div(Sub($close,$low),Add(Abs(Sub($high,$low)),0.000001)),20))),ZScore(Div(Mean($amount,5),Add(Abs(Mean($amount,15)),0.000001)))))",cem_interaction::rx_range_location::rx_flow_amount_volume::spread,phase3bs_cem_dominant_ucb_feedback,phase3bs_cem_dominant_ucb_feedback,amount|close|high|low,"['amount', 'close', 'high', 'low']",15,"CSRank(Sub(ZScore(Sub(Div(Sub($F,$F),Add(Abs(Sub($F,$F)),N)),Mean(Div(Sub($F,$F),Add(Abs(Sub($F,$F)),N)),N))),ZScore(Div(Mean($F,N),Add(Abs(Mean($F,N)),N)))))",CSRank>Sub>ZScore>Sub>Div>Sub>Add>Abs>Sub>Mean,Abs:3|Add:3|CSRank:1|Div:3|Mean:3|Sub:6|ZScore:2,CSRank,9,depth_gt_8,21,opcount_gt_12,4,fieldcount_le_4,3,wincount_le_4,20,maxwin_le_30,28,complexity_gt_18,phase3bp:9a9e889f875ec9cfcd70e5cd,0.12550156,1,read_only_research_candidate,phase3bs_cem_dominant_ucb_feedback: cem seed interaction bar_loc_shift_20 x amount_curve_5_15 spread,0.12962956
phase3bs_00044,366ead548355985a7b3c9700,"CSRank(Sub(ZScore(Sub(Div(Sub($close,$low),Add(Abs(Sub($high,$low)),0.000001)),Mean(Div(Sub($close,$low),Add(Abs(Sub($high,$low)),0.000001)),15))),ZScore(Div(Mean($amount,2),Add(Abs(Mean($amount,5)),0.000001)))))",cem_interaction::rx_range_location::rx_flow_amount_volume::spread,phase3bs_cem_dominant_ucb_feedback,phase3bs_cem_dominant_ucb_feedback,amount|close|high|low,"['amount', 'close', 'high', 'low']",5,"CSRank(Sub(ZScore(Sub(Div(Sub($F,$F),Add(Abs(Sub($F,$F)),N)),Mean(Div(Sub($F,$F),Add(Abs(Sub($F,$F)),N)),N))),ZScore(Div(Mean($F,N),Add(Abs(Mean($F,N)),N)))))",CSRank>Sub>ZScore>Sub>Div>Sub>Add>Abs>Sub>Mean,Abs:3|Add:3|CSRank:1|Div:3|Mean:3|Sub:6|ZScore:2,CSRank,9,depth_gt_8,21,opcount_gt_12,4,fieldcount_le_4,3,wincount_le_4,15,maxwin_le_15,28,complexity_gt_18,phase3bp:366ead548355985a7b3c9700,0.12527598,1,read_only_research_candidate,phase3bs_cem_dominant_ucb_feedback: cem seed interaction bar_loc_shift_15 x amount_curve_2_5 spread,0.12955298
phase3bs_00045,e03db0726c0faf8b272a5d0e,"CSRank(Sub(ZScore(Sub(Div(Sub($close,$low),Add(Abs(Sub($high,$low)),0.000001)),Mean(Div(Sub($close,$low),Add(Abs(Sub($high,$low)),0.000001)),5))),ZScore(Div(Mean($amount,5),Add(Abs(Mean($amount,15)),0.000001)))))",cem_interaction::rx_range_location::rx_flow_amount_volume::spread,phase3bs_cem_dominant_ucb_feedback,phase3bs_cem_dominant_ucb_feedback,amount|close|high|low,"['amount', 'close', 'high', 'low']",15,"CSRank(Sub(ZScore(Sub(Div(Sub($F,$F),Add(Abs(Sub($F,$F)),N)),Mean(Div(Sub($F,$F),Add(Abs(Sub($F,$F)),N)),N))),ZScore(Div(Mean($F,N),Add(Abs(Mean($F,N)),N)))))",CSRank>Sub>ZScore>Sub>Div>Sub>Add>Abs>Sub>Mean,Abs:3|Add:3|CSRank:1|Div:3|Mean:3|Sub:6|ZScore:2,CSRank,9,depth_gt_8,21,opcount_gt_12,4,fieldcount_le_4,2,wincount_le_2,15,maxwin_le_15,27,complexity_gt_18,phase3bp:e03db0726c0faf8b272a5d0e,0.12464591,1,read_only_research_candidate,phase3bs_cem_dominant_ucb_feedback: cem seed interaction bar_loc_shift_5 x amount_curve_5_15 spread,0.12950191
phase3bs_00046,c383ff3466b006b5b4a8b423,"CSRank(Sub(ZScore(Sub(Div(Sub($close,$low),Add(Abs(Sub($high,$low)),0.000001)),Mean(Div(Sub($close,$low),Add(Abs(Sub($high,$low)),0.000001)),15))),ZScore(Mean(Std($ret_1m,20),3))))",cem_resample::rx_range_location::rx_volatility_state::elite_spread_mean3,phase3bs_cem_dominant_ucb_feedback,phase3bs_cem_dominant_ucb_feedback,close|high|low|ret_1m,"['close', 'high', 'low', 'ret_1m']",20,"CSRank(Sub(ZScore(Sub(Div(Sub($F,$F),Add(Abs(Sub($F,$F)),N)),Mean(Div(Sub($F,$F),Add(Abs(Sub($F,$F)),N)),N))),ZScore(Mean(Std($F,N),N))))",CSRank>Sub>ZScore>Sub>Div>Sub>Add>Abs>Sub>Mean,Abs:2|Add:2|CSRank:1|Div:2|Mean:2|Std:1|Sub:6|ZScore:2,CSRank,9,depth_gt_8,18,opcount_gt_12,4,fieldcount_le_4,3,wincount_le_4,20,maxwin_le_30,25,complexity_gt_18,phase3bp:c383ff3466b006b5b4a8b423,0.13097656,1,read_only_research_candidate,phase3bs_cem_dominant_ucb_feedback: cem round 3 elite resample bar_loc_shift_15 x ret_vol_20,0.12928756
phase3bs_00047,8ad0b42974e811c0e75c9afc,"CSRank(Sub(ZScore(Sub(Div(Sub($close,$low),Add(Abs(Sub($high,$low)),0.000001)),Mean(Div(Sub($close,$low),Add(Abs(Sub($high,$low)),0.000001)),15))),ZScore(Div(Mean($amount,5),Add(Abs(Mean($amount,15)),0.000001)))))",cem_interaction::rx_range_location::rx_flow_amount_volume::spread,phase3bs_cem_dominant_ucb_feedback,phase3bs_cem_dominant_ucb_feedback,amount|close|high|low,"['amount', 'close', 'high', 'low']",15,"CSRank(Sub(ZScore(Sub(Div(Sub($F,$F),Add(Abs(Sub($F,$F)),N)),Mean(Div(Sub($F,$F),Add(Abs(Sub($F,$F)),N)),N))),ZScore(Div(Mean($F,N),Add(Abs(Mean($F,N)),N)))))",CSRank>Sub>ZScore>Sub>Div>Sub>Add>Abs>Sub>Mean,Abs:3|Add:3|CSRank:1|Div:3|Mean:3|Sub:6|ZScore:2,CSRank,9,depth_gt_8,21,opcount_gt_12,4,fieldcount_le_4,2,wincount_le_2,15,maxwin_le_15,27,complexity_gt_18,phase3bp:8ad0b42974e811c0e75c9afc,0.12464591,1,read_only_research_candidate,phase3bs_cem_dominant_ucb_feedback: cem seed interaction bar_loc_shift_15 x amount_curve_5_15 spread,0.12904191
phase3bs_00048,c31c2af4a6d3d1e490b62fa1,"CSRank(Mul(ZScore(Delta($intraday_ret_from_open,2)),ZScore(Div($m1_first5_vol,Add(Abs($volume),0.000001)))))",cem_interaction::rx_intraday_return::rx_opening_amount::product,phase3bs_cem_dominant_ucb_feedback,phase3bs_cem_dominant_ucb_feedback,intraday_ret_from_open|m1_first5_vol|volume,"['intraday_ret_from_open', 'm1_first5_vol', 'volume']",2,"CSRank(Mul(ZScore(Delta($F,N)),ZScore(Div($F,Add(Abs($F),N)))))",CSRank>Mul>ZScore>Delta>ZScore>Div>Add>Abs,Abs:1|Add:1|CSRank:1|Delta:1|Div:1|Mul:1|ZScore:2,CSRank,6,depth_le_6,8,opcount_le_9,3,fieldcount_le_4,1,wincount_le_1,2,maxwin_le_5,12,complexity_le_14,phase3bp:c31c2af4a6d3d1e490b62fa1,0.12088831,1,read_only_research_candidate,phase3bs_cem_dominant_ucb_feedback: cem seed interaction intraday_delta_2 x m1_first5_vol product,0.12161831
phase3bs_00049,8a1f92da94d920e2ff2b82b8,"CSRank(Mul(ZScore(Delta($intraday_ret_from_open,5)),ZScore(Div($m1_first5_vol,Add(Abs($volume),0.000001)))))",cem_interaction::rx_intraday_return::rx_opening_amount::product,phase3bs_cem_dominant_ucb_feedback,phase3bs_cem_dominant_ucb_feedback,intraday_ret_from_open|m1_first5_vol|volume,"['intraday_ret_from_open', 'm1_first5_vol', 'volume']",5,"CSRank(Mul(ZScore(Delta($F,N)),ZScore(Div($F,Add(Abs($F),N)))))",CSRank>Mul>ZScore>Delta>ZScore>Div>Add>Abs,Abs:1|Add:1|CSRank:1|Delta:1|Div:1|Mul:1|ZScore:2,CSRank,6,depth_le_6,8,opcount_le_9,3,fieldcount_le_4,1,wincount_le_1,5,maxwin_le_5,12,complexity_le_14,phase3bp:8a1f92da94d920e2ff2b82b8,0.12081759,1,read_only_research_candidate,phase3bs_cem_dominant_ucb_feedback: cem seed interaction intraday_delta_5 x m1_first5_vol product,0.12086759
phase3bs_00050,99d78c5ae77f8e6842d883e6,"CSRank(Mul(ZScore(Delta($intraday_ret_from_open,20)),ZScore(Div($m1_first5_vol,Add(Abs($volume),0.000001)))))",cem_interaction::rx_intraday_return::rx_opening_amount::product,phase3bs_cem_dominant_ucb_feedback,phase3bs_cem_dominant_ucb_feedback,intraday_ret_from_open|m1_first5_vol|volume,"['intraday_ret_from_open', 'm1_first5_vol', 'volume']",20,"CSRank(Mul(ZScore(Delta($F,N)),ZScore(Div($F,Add(Abs($F),N)))))",CSRank>Mul>ZScore>Delta>ZScore>Div>Add>Abs,Abs:1|Add:1|CSRank:1|Delta:1|Div:1|Mul:1|ZScore:2,CSRank,6,depth_le_6,8,opcount_le_9,3,fieldcount_le_4,1,wincount_le_1,20,maxwin_le_30,12,complexity_le_14,phase3bp:99d78c5ae77f8e6842d883e6,0.12041441,1,read_only_research_candidate,phase3bs_cem_dominant_ucb_feedback: cem seed interaction intraday_delta_20 x m1_first5_vol product,0.12060241
phase3bs_00051,738322708e0f410436424230,"CSRank(Sub(ZScore(Delta($intraday_ret_from_open,2)),ZScore(Div($m1_first5_vol,Add(Abs($volume),0.000001)))))",cem_interaction::rx_intraday_return::rx_opening_amount::spread,phase3bs_cem_dominant_ucb_feedback,phase3bs_cem_dominant_ucb_feedback,intraday_ret_from_open|m1_first5_vol|volume,"['intraday_ret_from_open', 'm1_first5_vol', 'volume']",2,"CSRank(Sub(ZScore(Delta($F,N)),ZScore(Div($F,Add(Abs($F),N)))))",CSRank>Sub>ZScore>Delta>ZScore>Div>Add>Abs,Abs:1|Add:1|CSRank:1|Delta:1|Div:1|Sub:1|ZScore:2,CSRank,6,depth_le_6,8,opcount_le_9,3,fieldcount_le_4,1,wincount_le_1,2,maxwin_le_5,12,complexity_le_14,phase3bp:738322708e0f410436424230,0.11897137,1,read_only_research_candidate,phase3bs_cem_dominant_ucb_feedback: cem seed interaction intraday_delta_2 x m1_first5_vol spread,0.11918137
phase3bs_00052,8966513cc3b8fdc89a884fc3,"CSRank(Sub(ZScore(Delta($intraday_ret_from_open,20)),ZScore(Div($m1_first5_vol,Add(Abs($volume),0.000001)))))",cem_interaction::rx_intraday_return::rx_opening_amount::spread,phase3bs_cem_dominant_ucb_feedback,phase3bs_cem_dominant_ucb_feedback,intraday_ret_from_open|m1_first5_vol|volume,"['intraday_ret_from_open', 'm1_first5_vol', 'volume']",20,"CSRank(Sub(ZScore(Delta($F,N)),ZScore(Div($F,Add(Abs($F),N)))))",CSRank>Sub>ZScore>Delta>ZScore>Div>Add>Abs,Abs:1|Add:1|CSRank:1|Delta:1|Div:1|Sub:1|ZScore:2,CSRank,6,depth_le_6,8,opcount_le_9,3,fieldcount_le_4,1,wincount_le_1,20,maxwin_le_30,12,complexity_le_14,phase3bp:8966513cc3b8fdc89a884fc3,0.11849747,1,read_only_research_candidate,phase3bs_cem_dominant_ucb_feedback: cem seed interaction intraday_delta_20 x m1_first5_vol spread,0.11912247
phase3bs_00053,e09acac999f53aa35fdd7cbf,"CSRank(Mul(ZScore(Delta(Delta($intraday_ret_from_open,15),2)),ZScore(Std(Div(Sub($high,$low),Add(Abs($open),0.000001)),10))))",cem_resample::rx_intraday_return::rx_range_location::elite_delta_product,phase3bs_cem_dominant_ucb_feedback,phase3bs_cem_dominant_ucb_feedback,high|intraday_ret_from_open|low|open,"['high', 'intraday_ret_from_open', 'low', 'open']",15,"CSRank(Mul(ZScore(Delta(Delta($F,N),N)),ZScore(Std(Div(Sub($F,$F),Add(Abs($F),N)),N))))",CSRank>Mul>ZScore>Delta>Delta>ZScore>Std>Div>Sub>Add,Abs:1|Add:1|CSRank:1|Delta:2|Div:1|Mul:1|Std:1|Sub:1|ZScore:2,CSRank,7,depth_le_8,11,opcount_le_12,4,fieldcount_le_4,3,wincount_le_4,15,maxwin_le_15,18,complexity_le_18,phase3bp:e09acac999f53aa35fdd7cbf,0.12593636,1,read_only_research_candidate,phase3bs_cem_dominant_ucb_feedback: cem round 3 elite resample intraday_delta_15 x range_vol_10,0.11862636
phase3bs_00054,50a94916bb3218036b80a442,"CSRank(Mul(ZScore(Delta(Delta($intraday_ret_from_open,15),2)),ZScore(Std(Div(Sub($high,$low),Add(Abs($open),0.000001)),3))))",cem_resample::rx_intraday_return::rx_range_location::elite_delta_product,phase3bs_cem_dominant_ucb_feedback,phase3bs_cem_dominant_ucb_feedback,high|intraday_ret_from_open|low|open,"['high', 'intraday_ret_from_open', 'low', 'open']",15,"CSRank(Mul(ZScore(Delta(Delta($F,N),N)),ZScore(Std(Div(Sub($F,$F),Add(Abs($F),N)),N))))",CSRank>Mul>ZScore>Delta>Delta>ZScore>Std>Div>Sub>Add,Abs:1|Add:1|CSRank:1|Delta:2|Div:1|Mul:1|Std:1|Sub:1|ZScore:2,CSRank,7,depth_le_8,11,opcount_le_12,4,fieldcount_le_4,3,wincount_le_4,15,maxwin_le_15,18,complexity_le_18,phase3bp:50a94916bb3218036b80a442,0.12575004,1,read_only_research_candidate,phase3bs_cem_dominant_ucb_feedback: cem round 2 elite resample intraday_delta_15 x range_vol_3,0.11796704
phase3bs_00055,f60048bee1d1397c2985e43c,"CSRank(Sub(ZScore(Delta($intraday_ret_from_open,15)),ZScore(Mean(Std(Div(Sub($high,$low),Add(Abs($open),0.000001)),8),3))))",cem_resample::rx_intraday_return::rx_range_location::elite_spread_mean3,phase3bs_cem_dominant_ucb_feedback,phase3bs_cem_dominant_ucb_feedback,high|intraday_ret_from_open|low|open,"['high', 'intraday_ret_from_open', 'low', 'open']",15,"CSRank(Sub(ZScore(Delta($F,N)),ZScore(Mean(Std(Div(Sub($F,$F),Add(Abs($F),N)),N),N))))",CSRank>Sub>ZScore>Delta>ZScore>Mean>Std>Div>Sub>Add,Abs:1|Add:1|CSRank:1|Delta:1|Div:1|Mean:1|Std:1|Sub:2|ZScore:2,CSRank,8,depth_le_8,11,opcount_le_12,4,fieldcount_le_4,3,wincount_le_4,15,maxwin_le_15,18,complexity_le_18,phase3bp:f60048bee1d1397c2985e43c,0.12460911,1,read_only_research_candidate,phase3bs_cem_dominant_ucb_feedback: cem round 3 elite resample intraday_delta_15 x range_vol_8,0.11753711
phase3bs_00056,a465ec5f5e292748ae3d9edd,"CSRank(Sub(ZScore(Delta($intraday_ret_from_open,15)),ZScore(Mean(Std(Div(Sub($high,$low),Add(Abs($open),0.000001)),10),3))))",cem_resample::rx_intraday_return::rx_range_location::elite_spread_mean3,phase3bs_cem_dominant_ucb_feedback,phase3bs_cem_dominant_ucb_feedback,high|intraday_ret_from_open|low|open,"['high', 'intraday_ret_from_open', 'low', 'open']",15,"CSRank(Sub(ZScore(Delta($F,N)),ZScore(Mean(Std(Div(Sub($F,$F),Add(Abs($F),N)),N),N))))",CSRank>Sub>ZScore>Delta>ZScore>Mean>Std>Div>Sub>Add,Abs:1|Add:1|CSRank:1|Delta:1|Div:1|Mean:1|Std:1|Sub:2|ZScore:2,CSRank,8,depth_le_8,11,opcount_le_12,4,fieldcount_le_4,3,wincount_le_4,15,maxwin_le_15,18,complexity_le_18,phase3bp:a465ec5f5e292748ae3d9edd,0.12446255,1,read_only_research_candidate,phase3bs_cem_dominant_ucb_feedback: cem round 2 elite resample intraday_delta_15 x range_vol_10,0.11745855
phase3bs_00057,03145c43b03d34ef3d47ec54,"CSRank(Sub(ZScore(Delta($intraday_ret_from_open,8)),ZScore(Mean(Std(Div(Sub($high,$low),Add(Abs($open),0.000001)),15),3))))",cem_resample::rx_intraday_return::rx_range_location::elite_spread_mean3,phase3bs_cem_dominant_ucb_feedback,phase3bs_cem_dominant_ucb_feedback,high|intraday_ret_from_open|low|open,"['high', 'intraday_ret_from_open', 'low', 'open']",8,"CSRank(Sub(ZScore(Delta($F,N)),ZScore(Mean(Std(Div(Sub($F,$F),Add(Abs($F),N)),N),N))))",CSRank>Sub>ZScore>Delta>ZScore>Mean>Std>Div>Sub>Add,Abs:1|Add:1|CSRank:1|Delta:1|Div:1|Mean:1|Std:1|Sub:2|ZScore:2,CSRank,8,depth_le_8,11,opcount_le_12,4,fieldcount_le_4,3,wincount_le_4,15,maxwin_le_15,18,complexity_le_18,phase3bp:03145c43b03d34ef3d47ec54,0.12460911,1,read_only_research_candidate,phase3bs_cem_dominant_ucb_feedback: cem round 2 elite resample intraday_delta_8 x range_vol_15,0.11742911
phase3bs_00058,aa8308e18748b666fd702d15,"CSRank(Mul(ZScore(Delta(Delta($ret_1m,5),2)),ZScore(Delta($volume,15))))",cem_resample::rx_intraday_return::rx_flow_amount_volume::elite_delta_product,phase3bs_cem_dominant_ucb_feedback,phase3bs_cem_dominant_ucb_feedback,ret_1m|volume,"['ret_1m', 'volume']",15,"CSRank(Mul(ZScore(Delta(Delta($F,N),N)),ZScore(Delta($F,N))))",CSRank>Mul>ZScore>Delta>Delta>ZScore>Delta,CSRank:1|Delta:3|Mul:1|ZScore:2,CSRank,5,depth_le_6,7,opcount_le_9,2,fieldcount_le_2,3,wincount_le_4,15,maxwin_le_15,12,complexity_le_14,phase3bp:aa8308e18748b666fd702d15,0.1062845,1,read_only_research_candidate,phase3bs_cem_dominant_ucb_feedback: cem round 2 elite resample ret_delta_5 x volume_delta_15,0.1149485
phase3bs_00059,eb4b97fd2cd1153daeddd57c,"CSRank(Sub(ZScore(Sub(Div(Sub($close,$low),Add(Abs(Sub($high,$low)),0.000001)),Mean(Div(Sub($close,$low),Add(Abs(Sub($high,$low)),0.000001)),8))),ZScore(Div($m1_first30_vol,Add(Abs($volume),0.000001)))))",cem_interaction::rx_range_location::rx_opening_amount::spread,phase3bs_cem_dominant_ucb_feedback,phase3bs_cem_dominant_ucb_feedback,close|high|low|m1_first30_vol|volume,"['close', 'high', 'low', 'm1_first30_vol', 'volume']",0,"CSRank(Sub(ZScore(Sub(Div(Sub($F,$F),Add(Abs(Sub($F,$F)),N)),Mean(Div(Sub($F,$F),Add(Abs(Sub($F,$F)),N)),N))),ZScore(Div($F,Add(Abs($F),N)))))",CSRank>Sub>ZScore>Sub>Div>Sub>Add>Abs>Sub>Mean,Abs:3|Add:3|CSRank:1|Div:3|Mean:1|Sub:6|ZScore:2,CSRank,9,depth_gt_8,19,opcount_gt_12,5,fieldcount_le_6,1,wincount_le_1,8,maxwin_le_15,25,complexity_gt_18,phase3bp:eb4b97fd2cd1153daeddd57c,0.10653351,1,read_only_research_candidate,phase3bs_cem_dominant_ucb_feedback: cem seed interaction bar_loc_shift_8 x m1_first30_vol spread,0.11484451
phase3bs_00060,a594aeaea2692dbcec3523bc,"CSRank(Mul(ZScore(Delta(Delta($ret_1m,15),2)),ZScore(Delta($volume,5))))",cem_resample::rx_intraday_return::rx_flow_amount_volume::elite_delta_product,phase3bs_cem_dominant_ucb_feedback,phase3bs_cem_dominant_ucb_feedback,ret_1m|volume,"['ret_1m', 'volume']",15,"CSRank(Mul(ZScore(Delta(Delta($F,N),N)),ZScore(Delta($F,N))))",CSRank>Mul>ZScore>Delta>Delta>ZScore>Delta,CSRank:1|Delta:3|Mul:1|ZScore:2,CSRank,5,depth_le_6,7,opcount_le_9,2,fieldcount_le_2,3,wincount_le_4,15,maxwin_le_15,12,complexity_le_14,phase3bp:a594aeaea2692dbcec3523bc,0.1062845,1,read_only_research_candidate,phase3bs_cem_dominant_ucb_feedback: cem round 1 elite resample ret_delta_15 x volume_delta_5,0.1147865
phase3bs_00061,211320307bc92ff592be8fd2,"CSRank(Sub(ZScore(Sub(Div(Sub($close,$low),Add(Abs(Sub($high,$low)),0.000001)),Mean(Div(Sub($close,$low),Add(Abs(Sub($high,$low)),0.000001)),10))),ZScore(Div($m1_first30_vol,Add(Abs($volume),0.000001)))))",cem_interaction::rx_range_location::rx_opening_amount::spread,phase3bs_cem_dominant_ucb_feedback,phase3bs_cem_dominant_ucb_feedback,close|high|low|m1_first30_vol|volume,"['close', 'high', 'low', 'm1_first30_vol', 'volume']",0,"CSRank(Sub(ZScore(Sub(Div(Sub($F,$F),Add(Abs(Sub($F,$F)),N)),Mean(Div(Sub($F,$F),Add(Abs(Sub($F,$F)),N)),N))),ZScore(Div($F,Add(Abs($F),N)))))",CSRank>Sub>ZScore>Sub>Div>Sub>Add>Abs>Sub>Mean,Abs:3|Add:3|CSRank:1|Div:3|Mean:1|Sub:6|ZScore:2,CSRank,9,depth_gt_8,19,opcount_gt_12,5,fieldcount_le_6,1,wincount_le_1,10,maxwin_le_15,25,complexity_gt_18,phase3bp:211320307bc92ff592be8fd2,0.10609383,1,read_only_research_candidate,phase3bs_cem_dominant_ucb_feedback: cem seed interaction bar_loc_shift_10 x m1_first30_vol spread,0.11467783
phase3bs_00062,db38834be4587e09c0d9ca16,"CSRank(Sub(ZScore(Delta($intraday_ret_from_open,8)),ZScore(Div($m1_first15_vol,Add(Abs($volume),0.000001)))))",cem_interaction::rx_intraday_return::rx_opening_amount::spread,phase3bs_cem_dominant_ucb_feedback,phase3bs_cem_dominant_ucb_feedback,intraday_ret_from_open|m1_first15_vol|volume,"['intraday_ret_from_open', 'm1_first15_vol', 'volume']",8,"CSRank(Sub(ZScore(Delta($F,N)),ZScore(Div($F,Add(Abs($F),N)))))",CSRank>Sub>ZScore>Delta>ZScore>Div>Add>Abs,Abs:1|Add:1|CSRank:1|Delta:1|Div:1|Sub:1|ZScore:2,CSRank,6,depth_le_6,8,opcount_le_9,3,fieldcount_le_4,1,wincount_le_1,8,maxwin_le_15,12,complexity_le_14,phase3bp:db38834be4587e09c0d9ca16,0.11351992,1,read_only_research_candidate,phase3bs_cem_dominant_ucb_feedback: cem seed interaction intraday_delta_8 x m1_first15_vol spread,0.11437092
phase3bs_00063,5969c42a4ce60f6f5c3d946b,"CSRank(Sub(ZScore(Delta($intraday_ret_from_open,10)),ZScore(Div($m1_first15_vol,Add(Abs($volume),0.000001)))))",cem_interaction::rx_intraday_return::rx_opening_amount::spread,phase3bs_cem_dominant_ucb_feedback,phase3bs_cem_dominant_ucb_feedback,intraday_ret_from_open|m1_first15_vol|volume,"['intraday_ret_from_open', 'm1_first15_vol', 'volume']",10,"CSRank(Sub(ZScore(Delta($F,N)),ZScore(Div($F,Add(Abs($F),N)))))",CSRank>Sub>ZScore>Delta>ZScore>Div>Add>Abs,Abs:1|Add:1|CSRank:1|Delta:1|Div:1|Sub:1|ZScore:2,CSRank,6,depth_le_6,8,opcount_le_9,3,fieldcount_le_4,1,wincount_le_1,10,maxwin_le_15,12,complexity_le_14,phase3bp:5969c42a4ce60f6f5c3d946b,0.11308024,1,read_only_research_candidate,phase3bs_cem_dominant_ucb_feedback: cem seed interaction intraday_delta_10 x m1_first15_vol spread,0.11386024
phase3bs_00064,995e5eed2d590eee34a8c3bd,"CSRank(Mul(ZScore(Delta(Delta($ret_1m,15),2)),ZScore(Delta($volume,15))))",cem_resample::rx_intraday_return::rx_flow_amount_volume::elite_delta_product,phase3bs_cem_dominant_ucb_feedback,phase3bs_cem_dominant_ucb_feedback,ret_1m|volume,"['ret_1m', 'volume']",15,"CSRank(Mul(ZScore(Delta(Delta($F,N),N)),ZScore(Delta($F,N))))",CSRank>Mul>ZScore>Delta>Delta>ZScore>Delta,CSRank:1|Delta:3|Mul:1|ZScore:2,CSRank,5,depth_le_6,7,opcount_le_9,2,fieldcount_le_2,2,wincount_le_2,15,maxwin_le_15,11,complexity_le_14,phase3bp:995e5eed2d590eee34a8c3bd,0.10568979,1,read_only_research_candidate,phase3bs_cem_dominant_ucb_feedback: cem round 1 elite resample ret_delta_15 x volume_delta_15,0.11385579
phase3bs_00065,be6da015c5843841b96565ca,"Neg(CSRank(Mul(ZScore(Delta($ret_1m,15)),ZScore(Delta($volume,8)))))",cem_resample::rx_intraday_return::rx_flow_amount_volume::elite_inverted_product,phase3bs_cem_dominant_ucb_feedback,phase3bs_cem_dominant_ucb_feedback,ret_1m|volume,"['ret_1m', 'volume']",15,"Neg(CSRank(Mul(ZScore(Delta($F,N)),ZScore(Delta($F,N)))))",Neg>CSRank>Mul>ZScore>Delta>ZScore>Delta,CSRank:1|Delta:2|Mul:1|Neg:1|ZScore:2,Neg,5,depth_le_6,7,opcount_le_9,2,fieldcount_le_2,2,wincount_le_2,15,maxwin_le_15,11,complexity_le_14,phase3bp:be6da015c5843841b96565ca,0.10495038,1,read_only_research_candidate,phase3bs_cem_dominant_ucb_feedback: cem round 1 elite resample ret_delta_15 x volume_delta_8,0.11385438
phase3bs_00066,c70cc97d5c573accb984ae6f,"CSRank(Sub(ZScore(Sub(Div(Sub($close,$low),Add(Abs(Sub($high,$low)),0.000001)),Mean(Div(Sub($close,$low),Add(Abs(Sub($high,$low)),0.000001)),2))),ZScore(Div($m1_first30_vol,Add(Abs($volume),0.000001)))))",cem_interaction::rx_range_location::rx_opening_amount::spread,phase3bs_cem_dominant_ucb_feedback,phase3bs_cem_dominant_ucb_feedback,close|high|low|m1_first30_vol|volume,"['close', 'high', 'low', 'm1_first30_vol', 'volume']",0,"CSRank(Sub(ZScore(Sub(Div(Sub($F,$F),Add(Abs(Sub($F,$F)),N)),Mean(Div(Sub($F,$F),Add(Abs(Sub($F,$F)),N)),N))),ZScore(Div($F,Add(Abs($F),N)))))",CSRank>Sub>ZScore>Sub>Div>Sub>Add>Abs>Sub>Mean,Abs:3|Add:3|CSRank:1|Div:3|Mean:1|Sub:6|ZScore:2,CSRank,9,depth_gt_8,19,opcount_gt_12,5,fieldcount_le_6,1,wincount_le_1,2,maxwin_le_5,25,complexity_gt_18,phase3bp:c70cc97d5c573accb984ae6f,0.10479875,1,read_only_research_candidate,phase3bs_cem_dominant_ucb_feedback: cem seed interaction bar_loc_shift_2 x m1_first30_vol spread,0.11373575
phase3bs_00067,e49d0f91c9bc1baf820111c6,"CSRank(Sub(ZScore(Delta($ret_1m,30)),ZScore(Mean(Delta($volume,15),3))))",cem_resample::rx_intraday_return::rx_flow_amount_volume::elite_spread_mean3,phase3bs_cem_dominant_ucb_feedback,phase3bs_cem_dominant_ucb_feedback,ret_1m|volume,"['ret_1m', 'volume']",30,"CSRank(Sub(ZScore(Delta($F,N)),ZScore(Mean(Delta($F,N),N))))",CSRank>Sub>ZScore>Delta>ZScore>Mean>Delta,CSRank:1|Delta:2|Mean:1|Sub:1|ZScore:2,CSRank,5,depth_le_6,7,opcount_le_9,2,fieldcount_le_2,3,wincount_le_4,30,maxwin_le_30,12,complexity_le_14,phase3bp:e49d0f91c9bc1baf820111c6,0.10512471,1,read_only_research_candidate,phase3bs_cem_dominant_ucb_feedback: cem round 1 elite resample ret_delta_30 x volume_delta_15,0.11353971
phase3bs_00068,4cf16c6385259474398561bc,"CSRank(Mul(Sign(ZScore($m1_first5_vwap_return_vs_open)),ZScore(Std($ret_1m,30))))",cem_interaction::rx_opening_divergence::rx_volatility_state::signed_state,phase3bs_cem_dominant_ucb_feedback,phase3bs_cem_dominant_ucb_feedback,m1_first5_vwap_return_vs_open|ret_1m,"['m1_first5_vwap_return_vs_open', 'ret_1m']",30,"CSRank(Mul(Sign(ZScore($F)),ZScore(Std($F,N))))",CSRank>Mul>Sign>ZScore>ZScore>Std,CSRank:1|Mul:1|Sign:1|Std:1|ZScore:2,CSRank,4,depth_le_4,6,opcount_le_6,2,fieldcount_le_2,1,wincount_le_1,30,maxwin_le_30,9,complexity_le_10,phase3bp:4cf16c6385259474398561bc,0.10434837,1,read_only_research_candidate,phase3bs_cem_dominant_ucb_feedback: cem seed interaction m1_first5_vwap_open x ret_vol_30 signed_state,0.11288837
phase3bs_00069,fd02631b3299c8c5536b0a82,"CSRank(Mul(Sign(ZScore(Sub(Div(Sub($close,$low),Add(Abs(Sub($high,$low)),0.000001)),Mean(Div(Sub($close,$low),Add(Abs(Sub($high,$low)),0.000001)),10)))),ZScore(Div($m1_first15_vol,Add(Abs($volume),0.000001)))))",cem_interaction::rx_range_location::rx_opening_amount::signed_state,phase3bs_cem_dominant_ucb_feedback,phase3bs_cem_dominant_ucb_feedback,close|high|low|m1_first15_vol|volume,"['close', 'high', 'low', 'm1_first15_vol', 'volume']",0,"CSRank(Mul(Sign(ZScore(Sub(Div(Sub($F,$F),Add(Abs(Sub($F,$F)),N)),Mean(Div(Sub($F,$F),Add(Abs(Sub($F,$F)),N)),N)))),ZScore(Div($F,Add(Abs($F),N)))))",CSRank>Mul>Sign>ZScore>Sub>Div>Sub>Add>Abs>Sub,Abs:3|Add:3|CSRank:1|Div:3|Mean:1|Mul:1|Sign:1|Sub:5|ZScore:2,CSRank,10,depth_gt_8,20,opcount_gt_12,5,fieldcount_le_6,1,wincount_le_1,10,maxwin_le_15,26,complexity_gt_18,phase3bp:fd02631b3299c8c5536b0a82,0.11666626,1,read_only_research_candidate,phase3bs_cem_dominant_ucb_feedback: cem seed interaction bar_loc_shift_10 x m1_first15_vol signed_state,0.11288526
phase3bs_00070,309ef8569762105fcbc6c141,"CSRank(Mul(Sign(ZScore(Sub(Div(Sub($close,$low),Add(Abs(Sub($high,$low)),0.000001)),Mean(Div(Sub($close,$low),Add(Abs(Sub($high,$low)),0.000001)),2)))),ZScore(Div($m1_first5_vol,Add(Abs($volume),0.000001)))))",cem_interaction::rx_range_location::rx_opening_amount::signed_state,phase3bs_cem_dominant_ucb_feedback,phase3bs_cem_dominant_ucb_feedback,close|high|low|m1_first5_vol|volume,"['close', 'high', 'low', 'm1_first5_vol', 'volume']",0,"CSRank(Mul(Sign(ZScore(Sub(Div(Sub($F,$F),Add(Abs(Sub($F,$F)),N)),Mean(Div(Sub($F,$F),Add(Abs(Sub($F,$F)),N)),N)))),ZScore(Div($F,Add(Abs($F),N)))))",CSRank>Mul>Sign>ZScore>Sub>Div>Sub>Add>Abs>Sub,Abs:3|Add:3|CSRank:1|Div:3|Mean:1|Mul:1|Sign:1|Sub:5|ZScore:2,CSRank,10,depth_gt_8,20,opcount_gt_12,5,fieldcount_le_6,1,wincount_le_1,2,maxwin_le_5,26,complexity_gt_18,phase3bp:309ef8569762105fcbc6c141,0.11643958,1,read_only_research_candidate,phase3bs_cem_dominant_ucb_feedback: cem seed interaction bar_loc_shift_2 x m1_first5_vol signed_state,0.11286358
phase3bs_00071,cdf296fc505ef0b9fa345a44,"CSRank(Sub(ZScore(Delta($intraday_ret_from_open,2)),ZScore(Div($m1_first15_vol,Add(Abs($volume),0.000001)))))",cem_interaction::rx_intraday_return::rx_opening_amount::spread,phase3bs_cem_dominant_ucb_feedback,phase3bs_cem_dominant_ucb_feedback,intraday_ret_from_open|m1_first15_vol|volume,"['intraday_ret_from_open', 'm1_first15_vol', 'volume']",2,"CSRank(Sub(ZScore(Delta($F,N)),ZScore(Div($F,Add(Abs($F),N)))))",CSRank>Sub>ZScore>Delta>ZScore>Div>Add>Abs,Abs:1|Add:1|CSRank:1|Delta:1|Div:1|Sub:1|ZScore:2,CSRank,6,depth_le_6,8,opcount_le_9,3,fieldcount_le_4,1,wincount_le_1,2,maxwin_le_5,12,complexity_le_14,phase3bp:cdf296fc505ef0b9fa345a44,0.11178516,1,read_only_research_candidate,phase3bs_cem_dominant_ucb_feedback: cem seed interaction intraday_delta_2 x m1_first15_vol spread,0.11276716
phase3bs_00072,2d6959828ff4ead1fe71b81d,"CSRank(Mul(Sign(ZScore(Div($m1_first15_range,Add(Abs($open),0.000001)))),ZScore(Std(Div(Sub($high,$low),Add(Abs($open),0.000001)),15))))",cem_interaction::rx_opening_range::rx_range_location::signed_state,phase3bs_cem_dominant_ucb_feedback,phase3bs_cem_dominant_ucb_feedback,high|low|m1_first15_range|open,"['high', 'low', 'm1_first15_range', 'open']",0,"CSRank(Mul(Sign(ZScore(Div($F,Add(Abs($F),N)))),ZScore(Std(Div(Sub($F,$F),Add(Abs($F),N)),N))))",CSRank>Mul>Sign>ZScore>Div>Add>Abs>ZScore>Std>Div,Abs:2|Add:2|CSRank:1|Div:2|Mul:1|Sign:1|Std:1|Sub:1|ZScore:2,CSRank,7,depth_le_8,13,opcount_gt_12,4,fieldcount_le_4,1,wincount_le_1,15,maxwin_le_15,18,complexity_le_18,phase3bp:2d6959828ff4ead1fe71b81d,0.12065363,1,read_only_research_candidate,phase3bs_cem_dominant_ucb_feedback: cem seed interaction m1_first15_range x range_vol_15 signed_state,0.11274263
phase3bs_00073,d3a82eaed6276d3f6f8db0dc,"CSRank(Mul(Sign(ZScore(Sub(Div(Sub($close,$low),Add(Abs(Sub($high,$low)),0.000001)),Mean(Div(Sub($close,$low),Add(Abs(Sub($high,$low)),0.000001)),3)))),ZScore(Div($m1_first5_vol,Add(Abs($volume),0.000001)))))",cem_interaction::rx_range_location::rx_opening_amount::signed_state,phase3bs_cem_dominant_ucb_feedback,phase3bs_cem_dominant_ucb_feedback,close|high|low|m1_first5_vol|volume,"['close', 'high', 'low', 'm1_first5_vol', 'volume']",0,"CSRank(Mul(Sign(ZScore(Sub(Div(Sub($F,$F),Add(Abs(Sub($F,$F)),N)),Mean(Div(Sub($F,$F),Add(Abs(Sub($F,$F)),N)),N)))),ZScore(Div($F,Add(Abs($F),N)))))",CSRank>Mul>Sign>ZScore>Sub>Div>Sub>Add>Abs>Sub,Abs:3|Add:3|CSRank:1|Div:3|Mean:1|Mul:1|Sign:1|Sub:5|ZScore:2,CSRank,10,depth_gt_8,20,opcount_gt_12,5,fieldcount_le_6,1,wincount_le_1,3,maxwin_le_5,26,complexity_gt_18,phase3bp:d3a82eaed6276d3f6f8db0dc,0.11647118,1,read_only_research_candidate,phase3bs_cem_dominant_ucb_feedback: cem seed interaction bar_loc_shift_3 x m1_first5_vol signed_state,0.11262118
phase3bs_00074,2b31b7e4e5d4ee8fec06f5d4,"CSRank(Sub(ZScore(Delta($intraday_ret_from_open,3)),ZScore(Div($m1_first15_vol,Add(Abs($volume),0.000001)))))",cem_interaction::rx_intraday_return::rx_opening_amount::spread,phase3bs_cem_dominant_ucb_feedback,phase3bs_cem_dominant_ucb_feedback,intraday_ret_from_open|m1_first15_vol|volume,"['intraday_ret_from_open', 'm1_first15_vol', 'volume']",3,"CSRank(Sub(ZScore(Delta($F,N)),ZScore(Div($F,Add(Abs($F),N)))))",CSRank>Sub>ZScore>Delta>ZScore>Div>Add>Abs,Abs:1|Add:1|CSRank:1|Delta:1|Div:1|Sub:1|ZScore:2,CSRank,6,depth_le_6,8,opcount_le_9,3,fieldcount_le_4,1,wincount_le_1,3,maxwin_le_5,12,complexity_le_14,phase3bp:2b31b7e4e5d4ee8fec06f5d4,0.11181676,1,read_only_research_candidate,phase3bs_cem_dominant_ucb_feedback: cem seed interaction intraday_delta_3 x m1_first15_vol spread,0.11259176
phase3bs_00075,631e26bf6764efa631cab61a,"CSRank(Mul(Sign(ZScore($m1_first5_vwap_return_vs_open)),ZScore(Delta($amount,15))))",cem_interaction::rx_opening_divergence::rx_flow_amount_volume::signed_state,phase3bs_cem_dominant_ucb_feedback,phase3bs_cem_dominant_ucb_feedback,amount|m1_first5_vwap_return_vs_open,"['amount', 'm1_first5_vwap_return_vs_open']",15,"CSRank(Mul(Sign(ZScore($F)),ZScore(Delta($F,N))))",CSRank>Mul>Sign>ZScore>ZScore>Delta,CSRank:1|Delta:1|Mul:1|Sign:1|ZScore:2,CSRank,4,depth_le_4,6,opcount_le_6,2,fieldcount_le_2,1,wincount_le_1,15,maxwin_le_15,9,complexity_le_10,phase3bp:631e26bf6764efa631cab61a,0.10365062,1,read_only_research_candidate,phase3bs_cem_dominant_ucb_feedback: cem seed interaction m1_first5_vwap_open x amount_delta_15 signed_state,0.11243262
phase3bs_00076,02415e6e8e7f95b338739e27,"CSRank(Sub(ZScore(Delta($intraday_ret_from_open,20)),ZScore(Div($m1_first15_vol,Add(Abs($volume),0.000001)))))",cem_interaction::rx_intraday_return::rx_opening_amount::spread,phase3bs_cem_dominant_ucb_feedback,phase3bs_cem_dominant_ucb_feedback,intraday_ret_from_open|m1_first15_vol|volume,"['intraday_ret_from_open', 'm1_first15_vol', 'volume']",20,"CSRank(Sub(ZScore(Delta($F,N)),ZScore(Div($F,Add(Abs($F),N)))))",CSRank>Sub>ZScore>Delta>ZScore>Div>Add>Abs,Abs:1|Add:1|CSRank:1|Delta:1|Div:1|Sub:1|ZScore:2,CSRank,6,depth_le_6,8,opcount_le_9,3,fieldcount_le_4,1,wincount_le_1,20,maxwin_le_30,12,complexity_le_14,phase3bp:02415e6e8e7f95b338739e27,0.11131126,1,read_only_research_candidate,phase3bs_cem_dominant_ucb_feedback: cem seed interaction intraday_delta_20 x m1_first15_vol spread,0.11211726
phase3bs_00077,4e0b543eddc5e59648169b82,"CSRank(Mul(Sign(ZScore(Sub(Div(Sub($close,$low),Add(Abs(Sub($high,$low)),0.000001)),Mean(Div(Sub($close,$low),Add(Abs(Sub($high,$low)),0.000001)),3)))),ZScore(Div($m1_first15_vol,Add(Abs($volume),0.000001)))))",cem_interaction::rx_range_location::rx_opening_amount::signed_state,phase3bs_cem_dominant_ucb_feedback,phase3bs_cem_dominant_ucb_feedback,close|high|low|m1_first15_vol|volume,"['close', 'high', 'low', 'm1_first15_vol', 'volume']",0,"CSRank(Mul(Sign(ZScore(Sub(Div(Sub($F,$F),Add(Abs(Sub($F,$F)),N)),Mean(Div(Sub($F,$F),Add(Abs(Sub($F,$F)),N)),N)))),ZScore(Div($F,Add(Abs($F),N)))))",CSRank>Mul>Sign>ZScore>Sub>Div>Sub>Add>Abs>Sub,Abs:3|Add:3|CSRank:1|Div:3|Mean:1|Mul:1|Sign:1|Sub:5|ZScore:2,CSRank,10,depth_gt_8,20,opcount_gt_12,5,fieldcount_le_6,1,wincount_le_1,3,maxwin_le_5,26,complexity_gt_18,phase3bp:4e0b543eddc5e59648169b82,0.11540278,1,read_only_research_candidate,phase3bs_cem_dominant_ucb_feedback: cem seed interaction bar_loc_shift_3 x m1_first15_vol signed_state,0.11211078
phase3bs_00078,dde11cacec6b38e5d1d000ac,"CSRank(Mul(Sign(ZScore(Sub(Div(Sub($close,$low),Add(Abs(Sub($high,$low)),0.000001)),Mean(Div(Sub($close,$low),Add(Abs(Sub($high,$low)),0.000001)),20)))),ZScore(Div($m1_first5_vol,Add(Abs($volume),0.000001)))))",cem_interaction::rx_range_location::rx_opening_amount::signed_state,phase3bs_cem_dominant_ucb_feedback,phase3bs_cem_dominant_ucb_feedback,close|high|low|m1_first5_vol|volume,"['close', 'high', 'low', 'm1_first5_vol', 'volume']",0,"CSRank(Mul(Sign(ZScore(Sub(Div(Sub($F,$F),Add(Abs(Sub($F,$F)),N)),Mean(Div(Sub($F,$F),Add(Abs(Sub($F,$F)),N)),N)))),ZScore(Div($F,Add(Abs($F),N)))))",CSRank>Mul>Sign>ZScore>Sub>Div>Sub>Add>Abs>Sub,Abs:3|Add:3|CSRank:1|Div:3|Mean:1|Mul:1|Sign:1|Sub:5|ZScore:2,CSRank,10,depth_gt_8,20,opcount_gt_12,5,fieldcount_le_6,1,wincount_le_1,20,maxwin_le_30,26,complexity_gt_18,phase3bp:dde11cacec6b38e5d1d000ac,0.11596568,1,read_only_research_candidate,phase3bs_cem_dominant_ucb_feedback: cem seed interaction bar_loc_shift_20 x m1_first5_vol signed_state,0.11204968
phase3bs_00079,1649e34f9fe21cdca3001498,"CSRank(Mul(Sign(ZScore(Sub(Div(Sub($close,$low),Add(Abs(Sub($high,$low)),0.000001)),Mean(Div(Sub($close,$low),Add(Abs(Sub($high,$low)),0.000001)),5)))),ZScore(Div($m1_first15_vol,Add(Abs($volume),0.000001)))))",cem_interaction::rx_range_location::rx_opening_amount::signed_state,phase3bs_cem_dominant_ucb_feedback,phase3bs_cem_dominant_ucb_feedback,close|high|low|m1_first15_vol|volume,"['close', 'high', 'low', 'm1_first15_vol', 'volume']",0,"CSRank(Mul(Sign(ZScore(Sub(Div(Sub($F,$F),Add(Abs(Sub($F,$F)),N)),Mean(Div(Sub($F,$F),Add(Abs(Sub($F,$F)),N)),N)))),ZScore(Div($F,Add(Abs($F),N)))))",CSRank>Mul>Sign>ZScore>Sub>Div>Sub>Add>Abs>Sub,Abs:3|Add:3|CSRank:1|Div:3|Mean:1|Mul:1|Sign:1|Sub:5|ZScore:2,CSRank,10,depth_gt_8,20,opcount_gt_12,5,fieldcount_le_6,1,wincount_le_1,5,maxwin_le_5,26,complexity_gt_18,phase3bp:1649e34f9fe21cdca3001498,0.11530046,1,read_only_research_candidate,phase3bs_cem_dominant_ucb_feedback: cem seed interaction bar_loc_shift_5 x m1_first15_vol signed_state,0.11200746
phase3bs_00080,5f5090abcd4efd1565beb645,"CSRank(Mul(Sign(ZScore(Sub(Div(Sub($close,$low),Add(Abs(Sub($high,$low)),0.000001)),Mean(Div(Sub($close,$low),Add(Abs(Sub($high,$low)),0.000001)),2)))),ZScore(Div($m1_first15_vol,Add(Abs($volume),0.000001)))))",cem_interaction::rx_range_location::rx_opening_amount::signed_state,phase3bs_cem_dominant_ucb_feedback,phase3bs_cem_dominant_ucb_feedback,close|high|low|m1_first15_vol|volume,"['close', 'high', 'low', 'm1_first15_vol', 'volume']",0,"CSRank(Mul(Sign(ZScore(Sub(Div(Sub($F,$F),Add(Abs(Sub($F,$F)),N)),Mean(Div(Sub($F,$F),Add(Abs(Sub($F,$F)),N)),N)))),ZScore(Div($F,Add(Abs($F),N)))))",CSRank>Mul>Sign>ZScore>Sub>Div>Sub>Add>Abs>Sub,Abs:3|Add:3|CSRank:1|Div:3|Mean:1|Mul:1|Sign:1|Sub:5|ZScore:2,CSRank,10,depth_gt_8,20,opcount_gt_12,5,fieldcount_le_6,1,wincount_le_1,2,maxwin_le_5,26,complexity_gt_18,phase3bp:5f5090abcd4efd1565beb645,0.11537118,1,read_only_research_candidate,phase3bs_cem_dominant_ucb_feedback: cem seed interaction bar_loc_shift_2 x m1_first15_vol signed_state,0.11191518
phase3bs_00081,3276ecca2206cab876380b88,"CSRank(ZScore(Div($m1_first30_range,Add(Abs($open),0.000001))))",cem_atom::rx_opening_range::rank,phase3bs_cem_dominant_ucb_feedback,phase3bs_cem_dominant_ucb_feedback,m1_first30_range|open,"['m1_first30_range', 'open']",0,"CSRank(ZScore(Div($F,Add(Abs($F),N))))",CSRank>ZScore>Div>Add>Abs,Abs:1|Add:1|CSRank:1|Div:1|ZScore:1,CSRank,5,depth_le_6,5,opcount_le_6,2,fieldcount_le_2,0,wincount_le_0,0,maxwin_le_0,7,complexity_le_10,phase3bp:3276ecca2206cab876380b88,0.10353388,1,read_only_research_candidate,phase3bs_cem_dominant_ucb_feedback: cem seed atom m1_first30_range,0.11177788
phase3bs_00082,58ffc0a79ad67270199a1697,"CSRank(Mul(ZScore(Delta(Delta($ret_1m,30),2)),ZScore(Div($m1_first30_vol,Add(Abs($volume),0.000001)))))",cem_resample::rx_intraday_return::rx_opening_amount::elite_delta_product,phase3bs_cem_dominant_ucb_feedback,phase3bs_cem_dominant_ucb_feedback,m1_first30_vol|ret_1m|volume,"['m1_first30_vol', 'ret_1m', 'volume']",30,"CSRank(Mul(ZScore(Delta(Delta($F,N),N)),ZScore(Div($F,Add(Abs($F),N)))))",CSRank>Mul>ZScore>Delta>Delta>ZScore>Div>Add>Abs,Abs:1|Add:1|CSRank:1|Delta:2|Div:1|Mul:1|ZScore:2,CSRank,6,depth_le_6,9,opcount_le_9,3,fieldcount_le_4,2,wincount_le_2,30,maxwin_le_30,14,complexity_le_14,phase3bp:58ffc0a79ad67270199a1697,0.11099029,1,read_only_research_candidate,phase3bs_cem_dominant_ucb_feedback: cem round 3 elite resample ret_delta_30 x m1_first30_vol,0.11163029
phase3bs_00083,2e0f9dadd77621f5ebc80f37,"CSRank(Mul(Sign(ZScore(Sub(Div(Sub($close,$low),Add(Abs(Sub($high,$low)),0.000001)),Mean(Div(Sub($close,$low),Add(Abs(Sub($high,$low)),0.000001)),20)))),ZScore(Div($m1_first15_vol,Add(Abs($volume),0.000001)))))",cem_interaction::rx_range_location::rx_opening_amount::signed_state,phase3bs_cem_dominant_ucb_feedback,phase3bs_cem_dominant_ucb_feedback,close|high|low|m1_first15_vol|volume,"['close', 'high', 'low', 'm1_first15_vol', 'volume']",0,"CSRank(Mul(Sign(ZScore(Sub(Div(Sub($F,$F),Add(Abs(Sub($F,$F)),N)),Mean(Div(Sub($F,$F),Add(Abs(Sub($F,$F)),N)),N)))),ZScore(Div($F,Add(Abs($F),N)))))",CSRank>Mul>Sign>ZScore>Sub>Div>Sub>Add>Abs>Sub,Abs:3|Add:3|CSRank:1|Div:3|Mean:1|Mul:1|Sign:1|Sub:5|ZScore:2,CSRank,10,depth_gt_8,20,opcount_gt_12,5,fieldcount_le_6,1,wincount_le_1,20,maxwin_le_30,26,complexity_gt_18,phase3bp:2e0f9dadd77621f5ebc80f37,0.11489728,1,read_only_research_candidate,phase3bs_cem_dominant_ucb_feedback: cem seed interaction bar_loc_shift_20 x m1_first15_vol signed_state,0.11155028
phase3bs_00084,77e2a60a965b0a554bfc604a,"CSRank(Mul(ZScore($m1_first30_vwap_return_vs_open),ZScore(Delta($volume,15))))",cem_interaction::rx_opening_divergence::rx_flow_amount_volume::product,phase3bs_cem_dominant_ucb_feedback,phase3bs_cem_dominant_ucb_feedback,m1_first30_vwap_return_vs_open|volume,"['m1_first30_vwap_return_vs_open', 'volume']",15,"CSRank(Mul(ZScore($F),ZScore(Delta($F,N))))",CSRank>Mul>ZScore>ZScore>Delta,CSRank:1|Delta:1|Mul:1|ZScore:2,CSRank,4,depth_le_4,5,opcount_le_6,2,fieldcount_le_2,1,wincount_le_1,15,maxwin_le_15,8,complexity_le_10,phase3bp:77e2a60a965b0a554bfc604a,0.10257348,1,read_only_research_candidate,phase3bs_cem_dominant_ucb_feedback: cem seed interaction m1_first30_vwap_open x volume_delta_15 product,0.11137948
phase3bs_00085,363eb13f92716c5c4e864433,"CSRank(Mul(ZScore($m1_first15_vwap_return_vs_open),ZScore(Std($ret_1m,5))))",cem_interaction::rx_opening_divergence::rx_volatility_state::product,phase3bs_cem_dominant_ucb_feedback,phase3bs_cem_dominant_ucb_feedback,m1_first15_vwap_return_vs_open|ret_1m,"['m1_first15_vwap_return_vs_open', 'ret_1m']",5,"CSRank(Mul(ZScore($F),ZScore(Std($F,N))))",CSRank>Mul>ZScore>ZScore>Std,CSRank:1|Mul:1|Std:1|ZScore:2,CSRank,4,depth_le_4,5,opcount_le_6,2,fieldcount_le_2,1,wincount_le_1,5,maxwin_le_5,8,complexity_le_10,phase3bp:363eb13f92716c5c4e864433,0.10231436,1,read_only_research_candidate,phase3bs_cem_dominant_ucb_feedback: cem seed interaction m1_first15_vwap_open x ret_vol_5 product,0.11130736
phase3bs_00086,ad60086b520bda2e5d3f1a33,"CSRank(Mul(ZScore(Delta(Delta($ret_1m,30),2)),ZScore(Delta($amount,15))))",cem_resample::rx_intraday_return::rx_flow_amount_volume::elite_delta_product,phase3bs_cem_dominant_ucb_feedback,phase3bs_cem_dominant_ucb_feedback,amount|ret_1m,"['amount', 'ret_1m']",30,"CSRank(Mul(ZScore(Delta(Delta($F,N),N)),ZScore(Delta($F,N))))",CSRank>Mul>ZScore>Delta>Delta>ZScore>Delta,CSRank:1|Delta:3|Mul:1|ZScore:2,CSRank,5,depth_le_6,7,opcount_le_9,2,fieldcount_le_2,3,wincount_le_4,30,maxwin_le_30,12,complexity_le_14,phase3bp:ad60086b520bda2e5d3f1a33,0.10269916,1,read_only_research_candidate,phase3bs_cem_dominant_ucb_feedback: cem round 3 elite resample ret_delta_30 x amount_delta_15,0.11101116
phase3bs_00087,d46d4430f7739b4d1935c558,"CSRank(Mul(ZScore($m1_first15_vwap_return_vs_open),ZScore(Std($ret_1m,2))))",cem_interaction::rx_opening_divergence::rx_volatility_state::product,phase3bs_cem_dominant_ucb_feedback,phase3bs_cem_dominant_ucb_feedback,m1_first15_vwap_return_vs_open|ret_1m,"['m1_first15_vwap_return_vs_open', 'ret_1m']",2,"CSRank(Mul(ZScore($F),ZScore(Std($F,N))))",CSRank>Mul>ZScore>ZScore>Std,CSRank:1|Mul:1|Std:1|ZScore:2,CSRank,4,depth_le_4,5,opcount_le_6,2,fieldcount_le_2,1,wincount_le_1,2,maxwin_le_5,8,complexity_le_10,phase3bp:d46d4430f7739b4d1935c558,0.10238508,1,read_only_research_candidate,phase3bs_cem_dominant_ucb_feedback: cem seed interaction m1_first15_vwap_open x ret_vol_2 product,0.11098908
phase3bs_00088,80f98a80f840d1d9abf12e65,"CSRank(Mul(ZScore($m1_first15_vwap_return_vs_open),ZScore(Std($ret_1m,3))))",cem_interaction::rx_opening_divergence::rx_volatility_state::product,phase3bs_cem_dominant_ucb_feedback,phase3bs_cem_dominant_ucb_feedback,m1_first15_vwap_return_vs_open|ret_1m,"['m1_first15_vwap_return_vs_open', 'ret_1m']",3,"CSRank(Mul(ZScore($F),ZScore(Std($F,N))))",CSRank>Mul>ZScore>ZScore>Std,CSRank:1|Mul:1|Std:1|ZScore:2,CSRank,4,depth_le_4,5,opcount_le_6,2,fieldcount_le_2,1,wincount_le_1,3,maxwin_le_5,8,complexity_le_10,phase3bp:80f98a80f840d1d9abf12e65,0.10241668,1,read_only_research_candidate,phase3bs_cem_dominant_ucb_feedback: cem seed interaction m1_first15_vwap_open x ret_vol_3 product,0.11090668
phase3bs_00089,483bfc47a0307ca93d969b85,"CSRank(Mul(Sign(ZScore($m1_first30_vwap_return_vs_open)),ZScore(Std($ret_1m,15))))",cem_interaction::rx_opening_divergence::rx_volatility_state::signed_state,phase3bs_cem_dominant_ucb_feedback,phase3bs_cem_dominant_ucb_feedback,m1_first30_vwap_return_vs_open|ret_1m,"['m1_first30_vwap_return_vs_open', 'ret_1m']",15,"CSRank(Mul(Sign(ZScore($F)),ZScore(Std($F,N))))",CSRank>Mul>Sign>ZScore>ZScore>Std,CSRank:1|Mul:1|Sign:1|Std:1|ZScore:2,CSRank,4,depth_le_4,6,opcount_le_6,2,fieldcount_le_2,1,wincount_le_1,15,maxwin_le_15,9,complexity_le_10,phase3bp:483bfc47a0307ca93d969b85,0.10190023,1,read_only_research_candidate,phase3bs_cem_dominant_ucb_feedback: cem seed interaction m1_first30_vwap_open x ret_vol_15 signed_state,0.11084823
phase3bs_00090,391156cd69d083d8877c832c,"CSRank(Mul(Sign(ZScore($m1_first15_vwap_return_vs_open)),ZScore(Std($ret_1m,8))))",cem_interaction::rx_opening_divergence::rx_volatility_state::signed_state,phase3bs_cem_dominant_ucb_feedback,phase3bs_cem_dominant_ucb_feedback,m1_first15_vwap_return_vs_open|ret_1m,"['m1_first15_vwap_return_vs_open', 'ret_1m']",8,"CSRank(Mul(Sign(ZScore($F)),ZScore(Std($F,N))))",CSRank>Mul>Sign>ZScore>ZScore>Std,CSRank:1|Mul:1|Sign:1|Std:1|ZScore:2,CSRank,4,depth_le_4,6,opcount_le_6,2,fieldcount_le_2,1,wincount_le_1,8,maxwin_le_15,9,complexity_le_10,phase3bp:391156cd69d083d8877c832c,0.10183907,1,read_only_research_candidate,phase3bs_cem_dominant_ucb_feedback: cem seed interaction m1_first15_vwap_open x ret_vol_8 signed_state,0.11082907
phase3bs_00091,dfb1b4cdc8e11a4a05ffe98a,"CSRank(Mul(Sign(ZScore($m1_first5_vwap_return_vs_open)),ZScore(Std(Div(Sub($high,$low),Add(Abs($open),0.000001)),15))))",cem_interaction::rx_opening_divergence::rx_range_location::signed_state,phase3bs_cem_dominant_ucb_feedback,phase3bs_cem_dominant_ucb_feedback,high|low|m1_first5_vwap_return_vs_open|open,"['high', 'low', 'm1_first5_vwap_return_vs_open', 'open']",0,"CSRank(Mul(Sign(ZScore($F)),ZScore(Std(Div(Sub($F,$F),Add(Abs($F),N)),N))))",CSRank>Mul>Sign>ZScore>ZScore>Std>Div>Sub>Add>Abs,Abs:1|Add:1|CSRank:1|Div:1|Mul:1|Sign:1|Std:1|Sub:1|ZScore:2,CSRank,7,depth_le_8,10,opcount_le_12,4,fieldcount_le_4,1,wincount_le_1,15,maxwin_le_15,15,complexity_le_18,phase3bp:dfb1b4cdc8e11a4a05ffe98a,0.11880111,1,read_only_research_candidate,phase3bs_cem_dominant_ucb_feedback: cem seed interaction m1_first5_vwap_open x range_vol_15 signed_state,0.11082111
phase3bs_00092,26702e8c07f8f8d9f09302a1,"CSRank(Sub(ZScore($m1_first5_vwap_return_vs_open),ZScore(Delta($amount,15))))",cem_interaction::rx_opening_divergence::rx_flow_amount_volume::spread,phase3bs_cem_dominant_ucb_feedback,phase3bs_cem_dominant_ucb_feedback,amount|m1_first5_vwap_return_vs_open,"['amount', 'm1_first5_vwap_return_vs_open']",15,"CSRank(Sub(ZScore($F),ZScore(Delta($F,N))))",CSRank>Sub>ZScore>ZScore>Delta,CSRank:1|Delta:1|Sub:1|ZScore:2,CSRank,4,depth_le_4,5,opcount_le_6,2,fieldcount_le_2,1,wincount_le_1,15,maxwin_le_15,8,complexity_le_10,phase3bp:26702e8c07f8f8d9f09302a1,0.10271965,1,read_only_research_candidate,phase3bs_cem_dominant_ucb_feedback: cem seed interaction m1_first5_vwap_open x amount_delta_15 spread,0.11080565
phase3bs_00093,f97a4a59fc1edbbc1ce22926,"CSRank(Sub(ZScore(Delta($ret_1m,10)),ZScore(Mean(Div($m1_first30_vol,Add(Abs($volume),0.000001)),3))))",cem_resample::rx_intraday_return::rx_opening_amount::elite_spread_mean3,phase3bs_cem_dominant_ucb_feedback,phase3bs_cem_dominant_ucb_feedback,m1_first30_vol|ret_1m|volume,"['m1_first30_vol', 'ret_1m', 'volume']",10,"CSRank(Sub(ZScore(Delta($F,N)),ZScore(Mean(Div($F,Add(Abs($F),N)),N))))",CSRank>Sub>ZScore>Delta>ZScore>Mean>Div>Add>Abs,Abs:1|Add:1|CSRank:1|Delta:1|Div:1|Mean:1|Sub:1|ZScore:2,CSRank,7,depth_le_8,9,opcount_le_9,3,fieldcount_le_4,2,wincount_le_2,10,maxwin_le_15,14,complexity_le_14,phase3bp:f97a4a59fc1edbbc1ce22926,0.11584747,1,read_only_research_candidate,phase3bs_cem_dominant_ucb_feedback: cem round 2 elite resample ret_delta_10 x m1_first30_vol,0.11061747
phase3bs_00094,d7db0ed78d09d841fc7758fa,"CSRank(Mul(ZScore(Div($m1_first5_amount,Add(Abs($amount),0.000001))),ZScore(Delta($volume,15))))",cem_interaction::rx_opening_amount::rx_flow_amount_volume::product,phase3bs_cem_dominant_ucb_feedback,phase3bs_cem_dominant_ucb_feedback,amount|m1_first5_amount|volume,"['amount', 'm1_first5_amount', 'volume']",15,"CSRank(Mul(ZScore(Div($F,Add(Abs($F),N))),ZScore(Delta($F,N))))",CSRank>Mul>ZScore>Div>Add>Abs>ZScore>Delta,Abs:1|Add:1|CSRank:1|Delta:1|Div:1|Mul:1|ZScore:2,CSRank,6,depth_le_6,8,opcount_le_9,3,fieldcount_le_4,1,wincount_le_1,15,maxwin_le_15,12,complexity_le_14,phase3bp:d7db0ed78d09d841fc7758fa,0.11011111,1,read_only_research_candidate,phase3bs_cem_dominant_ucb_feedback: cem seed interaction m1_first5_amount x volume_delta_15 product,0.11042911
phase3bs_00095,716526fec7d10d70c10a6270,"CSRank(Mul(ZScore($m1_first15_vwap_return_vs_open),ZScore(Std($ret_1m,20))))",cem_interaction::rx_opening_divergence::rx_volatility_state::product,phase3bs_cem_dominant_ucb_feedback,phase3bs_cem_dominant_ucb_feedback,m1_first15_vwap_return_vs_open|ret_1m,"['m1_first15_vwap_return_vs_open', 'ret_1m']",20,"CSRank(Mul(ZScore($F),ZScore(Std($F,N))))",CSRank>Mul>ZScore>ZScore>Std,CSRank:1|Mul:1|Std:1|ZScore:2,CSRank,4,depth_le_4,5,opcount_le_6,2,fieldcount_le_2,1,wincount_le_1,20,maxwin_le_30,8,complexity_le_10,phase3bp:716526fec7d10d70c10a6270,0.10191118,1,read_only_research_candidate,phase3bs_cem_dominant_ucb_feedback: cem seed interaction m1_first15_vwap_open x ret_vol_20 product,0.11037318
phase3bs_00096,0f1afa1a6b097d05e185dbb8,"CSRank(Mul(Sign(ZScore(Delta($ret_1m,15))),ZScore(Delta($amount,30))))",cem_interaction::rx_intraday_return::rx_flow_amount_volume::signed_state,phase3bs_cem_dominant_ucb_feedback,phase3bs_cem_dominant_ucb_feedback,amount|ret_1m,"['amount', 'ret_1m']",30,"CSRank(Mul(Sign(ZScore(Delta($F,N))),ZScore(Delta($F,N))))",CSRank>Mul>Sign>ZScore>Delta>ZScore>Delta,CSRank:1|Delta:2|Mul:1|Sign:1|ZScore:2,CSRank,5,depth_le_6,7,opcount_le_9,2,fieldcount_le_2,2,wincount_le_2,30,maxwin_le_30,11,complexity_le_14,phase3bp:0f1afa1a6b097d05e185dbb8,0.10136879,1,read_only_research_candidate,phase3bs_cem_dominant_ucb_feedback: cem seed interaction ret_delta_15 x amount_delta_30 signed_state,0.11031479
phase3bs_00097,3de70a0113beb3d17b78a16d,"CSRank(Mul(Sign(ZScore(Delta($ret_1m,30))),ZScore(Delta($amount,15))))",cem_interaction::rx_intraday_return::rx_flow_amount_volume::signed_state,phase3bs_cem_dominant_ucb_feedback,phase3bs_cem_dominant_ucb_feedback,amount|ret_1m,"['amount', 'ret_1m']",30,"CSRank(Mul(Sign(ZScore(Delta($F,N))),ZScore(Delta($F,N))))",CSRank>Mul>Sign>ZScore>Delta>ZScore>Delta,CSRank:1|Delta:2|Mul:1|Sign:1|ZScore:2,CSRank,5,depth_le_6,7,opcount_le_9,2,fieldcount_le_2,2,wincount_le_2,30,maxwin_le_30,11,complexity_le_14,phase3bp:3de70a0113beb3d17b78a16d,0.10136879,1,read_only_research_candidate,phase3bs_cem_dominant_ucb_feedback: cem seed interaction ret_delta_30 x amount_delta_15 signed_state,0.11021079
phase3bs_00098,f4a5507ee8d43c4b7d86cbab,"CSRank(Sub(ZScore(Delta($ret_1m,8)),ZScore(Mean(Div($m1_first30_vol,Add(Abs($volume),0.000001)),3))))",cem_resample::rx_intraday_return::rx_opening_amount::elite_spread_mean3,phase3bs_cem_dominant_ucb_feedback,phase3bs_cem_dominant_ucb_feedback,m1_first30_vol|ret_1m|volume,"['m1_first30_vol', 'ret_1m', 'volume']",8,"CSRank(Sub(ZScore(Delta($F,N)),ZScore(Mean(Div($F,Add(Abs($F),N)),N))))",CSRank>Sub>ZScore>Delta>ZScore>Mean>Div>Add>Abs,Abs:1|Add:1|CSRank:1|Delta:1|Div:1|Mean:1|Sub:1|ZScore:2,CSRank,7,depth_le_8,9,opcount_le_9,3,fieldcount_le_4,2,wincount_le_2,8,maxwin_le_15,14,complexity_le_14,phase3bp:f4a5507ee8d43c4b7d86cbab,0.11606731,1,read_only_research_candidate,phase3bs_cem_dominant_ucb_feedback: cem round 3 elite resample ret_delta_8 x m1_first30_vol,0.11017131
phase3bs_00099,614b982b123db428dd811fd9,"Neg(CSRank(Mul(ZScore(Delta($ret_1m,30)),ZScore(Delta($amount,15)))))",cem_resample::rx_intraday_return::rx_flow_amount_volume::elite_inverted_product,phase3bs_cem_dominant_ucb_feedback,phase3bs_cem_dominant_ucb_feedback,amount|ret_1m,"['amount', 'ret_1m']",30,"Neg(CSRank(Mul(ZScore(Delta($F,N)),ZScore(Delta($F,N)))))",Neg>CSRank>Mul>ZScore>Delta>ZScore>Delta,CSRank:1|Delta:2|Mul:1|Neg:1|ZScore:2,Neg,5,depth_le_6,7,opcount_le_9,2,fieldcount_le_2,2,wincount_le_2,30,maxwin_le_30,11,complexity_le_14,phase3bp:614b982b123db428dd811fd9,0.10172879,1,read_only_research_candidate,phase3bs_cem_dominant_ucb_feedback: cem round 4 elite resample ret_delta_30 x amount_delta_15,0.11007279
phase3bs_00100,5d9ac013f84e444019667cf3,"CSRank(Sub(ZScore(Delta($ret_1m,20)),ZScore(Mean(Div($m1_first30_vol,Add(Abs($volume),0.000001)),3))))",cem_resample::rx_intraday_return::rx_opening_amount::elite_spread_mean3,phase3bs_cem_dominant_ucb_feedback,phase3bs_cem_dominant_ucb_feedback,m1_first30_vol|ret_1m|volume,"['m1_first30_vol', 'ret_1m', 'volume']",20,"CSRank(Sub(ZScore(Delta($F,N)),ZScore(Mean(Div($F,Add(Abs($F),N)),N))))",CSRank>Sub>ZScore>Delta>ZScore>Mean>Div>Add>Abs,Abs:1|Add:1|CSRank:1|Delta:1|Div:1|Mean:1|Sub:1|ZScore:2,CSRank,7,depth_le_8,9,opcount_le_9,3,fieldcount_le_4,2,wincount_le_2,20,maxwin_le_30,14,complexity_le_14,phase3bp:5d9ac013f84e444019667cf3,0.11542677,1,read_only_research_candidate,phase3bs_cem_dominant_ucb_feedback: cem round 2 elite resample ret_delta_20 x m1_first30_vol,0.10989077
phase3bs_00101,17c576f6eec96a7147a80ba0,"CSRank(Mul(Sign(ZScore($m1_first30_vwap_return_vs_open)),ZScore(Delta($volume,15))))",cem_interaction::rx_opening_divergence::rx_flow_amount_volume::signed_state,phase3bs_cem_dominant_ucb_feedback,phase3bs_cem_dominant_ucb_feedback,m1_first30_vwap_return_vs_open|volume,"['m1_first30_vwap_return_vs_open', 'volume']",15,"CSRank(Mul(Sign(ZScore($F)),ZScore(Delta($F,N))))",CSRank>Mul>Sign>ZScore>ZScore>Delta,CSRank:1|Delta:1|Mul:1|Sign:1|ZScore:2,CSRank,4,depth_le_4,6,opcount_le_6,2,fieldcount_le_2,1,wincount_le_1,15,maxwin_le_15,9,complexity_le_10,phase3bp:17c576f6eec96a7147a80ba0,0.10095895,1,read_only_research_candidate,phase3bs_cem_dominant_ucb_feedback: cem seed interaction m1_first30_vwap_open x volume_delta_15 signed_state,0.10983695
phase3bs_00102,0463e2fad797ce1e5c95cda3,"CSRank(Sub(ZScore(Delta($ret_1m,5)),ZScore(Mean(Div($m1_first30_vol,Add(Abs($volume),0.000001)),3))))",cem_resample::rx_intraday_return::rx_opening_amount::elite_spread_mean3,phase3bs_cem_dominant_ucb_feedback,phase3bs_cem_dominant_ucb_feedback,m1_first30_vol|ret_1m|volume,"['m1_first30_vol', 'ret_1m', 'volume']",5,"CSRank(Sub(ZScore(Delta($F,N)),ZScore(Mean(Div($F,Add(Abs($F),N)),N))))",CSRank>Sub>ZScore>Delta>ZScore>Mean>Div>Add>Abs,Abs:1|Add:1|CSRank:1|Delta:1|Div:1|Mean:1|Sub:1|ZScore:2,CSRank,7,depth_le_8,9,opcount_le_9,3,fieldcount_le_4,2,wincount_le_2,5,maxwin_le_5,14,complexity_le_14,phase3bp:0463e2fad797ce1e5c95cda3,0.11481231,1,read_only_research_candidate,phase3bs_cem_dominant_ucb_feedback: cem round 2 elite resample ret_delta_5 x m1_first30_vol,0.10952631
phase3bs_00103,d35b12351ff9ffb2c54c8065,"CSRank(Mul(ZScore(Delta($ret_1m,15)),ZScore(Delta($amount,15))))",cem_interaction::rx_intraday_return::rx_flow_amount_volume::product,phase3bs_cem_dominant_ucb_feedback,phase3bs_cem_dominant_ucb_feedback,amount|ret_1m,"['amount', 'ret_1m']",15,"CSRank(Mul(ZScore(Delta($F,N)),ZScore(Delta($F,N))))",CSRank>Mul>ZScore>Delta>ZScore>Delta,CSRank:1|Delta:2|Mul:1|ZScore:2,CSRank,4,depth_le_4,6,opcount_le_6,2,fieldcount_le_2,1,wincount_le_1,15,maxwin_le_15,9,complexity_le_10,phase3bp:d35b12351ff9ffb2c54c8065,0.1008498,1,read_only_research_candidate,phase3bs_cem_dominant_ucb_feedback: cem seed interaction ret_delta_15 x amount_delta_15 product,0.1092598
phase3bs_00104,2fdc881f63178ba8dbc9729d,"CSRank(Sub(ZScore($m1_first30_vwap_return_vs_open),ZScore(Delta($volume,15))))",cem_interaction::rx_opening_divergence::rx_flow_amount_volume::spread,phase3bs_cem_dominant_ucb_feedback,phase3bs_cem_dominant_ucb_feedback,m1_first30_vwap_return_vs_open|volume,"['m1_first30_vwap_return_vs_open', 'volume']",15,"CSRank(Sub(ZScore($F),ZScore(Delta($F,N))))",CSRank>Sub>ZScore>ZScore>Delta,CSRank:1|Delta:1|Sub:1|ZScore:2,CSRank,4,depth_le_4,5,opcount_le_6,2,fieldcount_le_2,1,wincount_le_1,15,maxwin_le_15,8,complexity_le_10,phase3bp:2fdc881f63178ba8dbc9729d,0.10002798,1,read_only_research_candidate,phase3bs_cem_dominant_ucb_feedback: cem seed interaction m1_first30_vwap_open x volume_delta_15 spread,0.10867598
phase3bs_00105,ec2a46066e1fc396bf76b2e1,"CSRank(Mul(Sign(ZScore(Div($m1_first15_amount,Add(Abs($amount),0.000001)))),ZScore(Std($ret_1m,15))))",cem_interaction::rx_opening_amount::rx_volatility_state::signed_state,phase3bs_cem_dominant_ucb_feedback,phase3bs_cem_dominant_ucb_feedback,amount|m1_first15_amount|ret_1m,"['amount', 'm1_first15_amount', 'ret_1m']",15,"CSRank(Mul(Sign(ZScore(Div($F,Add(Abs($F),N)))),ZScore(Std($F,N))))",CSRank>Mul>Sign>ZScore>Div>Add>Abs>ZScore>Std,Abs:1|Add:1|CSRank:1|Div:1|Mul:1|Sign:1|Std:1|ZScore:2,CSRank,7,depth_le_8,9,opcount_le_9,3,fieldcount_le_4,1,wincount_le_1,15,maxwin_le_15,13,complexity_le_14,phase3bp:ec2a46066e1fc396bf76b2e1,0.11434086,1,read_only_research_candidate,phase3bs_cem_dominant_ucb_feedback: cem seed interaction m1_first15_amount x ret_vol_15 signed_state,0.10865886
phase3bs_00106,569324809acd73aa171bf2c4,"CSRank(Sub(ZScore(Sub(Div(Sub($close,$low),Add(Abs(Sub($high,$low)),0.000001)),Mean(Div(Sub($close,$low),Add(Abs(Sub($high,$low)),0.000001)),8))),ZScore(Div($m1_first5_vol,Add(Abs($volume),0.000001)))))",cem_interaction::rx_range_location::rx_opening_amount::spread,phase3bs_cem_dominant_ucb_feedback,phase3bs_cem_dominant_ucb_feedback,close|high|low|m1_first5_vol|volume,"['close', 'high', 'low', 'm1_first5_vol', 'volume']",0,"CSRank(Sub(ZScore(Sub(Div(Sub($F,$F),Add(Abs(Sub($F,$F)),N)),Mean(Div(Sub($F,$F),Add(Abs(Sub($F,$F)),N)),N))),ZScore(Div($F,Add(Abs($F),N)))))",CSRank>Sub>ZScore>Sub>Div>Sub>Add>Abs>Sub>Mean,Abs:3|Add:3|CSRank:1|Div:3|Mean:1|Sub:6|ZScore:2,CSRank,9,depth_gt_8,19,opcount_gt_12,5,fieldcount_le_6,1,wincount_le_1,8,maxwin_le_15,25,complexity_gt_18,phase3bp:569324809acd73aa171bf2c4,0.09978999,1,read_only_research_candidate,phase3bs_cem_dominant_ucb_feedback: cem seed interaction bar_loc_shift_8 x m1_first5_vol spread,0.10855399
phase3bs_00107,95ab401e632fa4b8d4cd3ee3,"CSRank(Mul(ZScore($m1_first5_vwap_return_vs_open),ZScore(Std($ret_1m,3))))",cem_interaction::rx_opening_divergence::rx_volatility_state::product,phase3bs_cem_dominant_ucb_feedback,phase3bs_cem_dominant_ucb_feedback,m1_first5_vwap_return_vs_open|ret_1m,"['m1_first5_vwap_return_vs_open', 'ret_1m']",3,"CSRank(Mul(ZScore($F),ZScore(Std($F,N))))",CSRank>Mul>ZScore>ZScore>Std,CSRank:1|Mul:1|Std:1|ZScore:2,CSRank,4,depth_le_4,5,opcount_le_6,2,fieldcount_le_2,1,wincount_le_1,3,maxwin_le_5,8,complexity_le_10,phase3bp:95ab401e632fa4b8d4cd3ee3,0.09961401,1,read_only_research_candidate,phase3bs_cem_dominant_ucb_feedback: cem seed interaction m1_first5_vwap_open x ret_vol_3 product,0.10831801
phase3bs_00108,2c56761dbfc678d055b54fcc,"CSRank(Mul(ZScore($m1_first5_vwap_return_vs_open),ZScore(Std($ret_1m,2))))",cem_interaction::rx_opening_divergence::rx_volatility_state::product,phase3bs_cem_dominant_ucb_feedback,phase3bs_cem_dominant_ucb_feedback,m1_first5_vwap_return_vs_open|ret_1m,"['m1_first5_vwap_return_vs_open', 'ret_1m']",2,"CSRank(Mul(ZScore($F),ZScore(Std($F,N))))",CSRank>Mul>ZScore>ZScore>Std,CSRank:1|Mul:1|Std:1|ZScore:2,CSRank,4,depth_le_4,5,opcount_le_6,2,fieldcount_le_2,1,wincount_le_1,2,maxwin_le_5,8,complexity_le_10,phase3bp:2c56761dbfc678d055b54fcc,0.0995824,1,read_only_research_candidate,phase3bs_cem_dominant_ucb_feedback: cem seed interaction m1_first5_vwap_open x ret_vol_2 product,0.1083004
phase3bs_00109,1e641ed806733aa189058955,"CSRank(Mul(ZScore($m1_first5_vwap_return_vs_open),ZScore(Std($ret_1m,5))))",cem_interaction::rx_opening_divergence::rx_volatility_state::product,phase3bs_cem_dominant_ucb_feedback,phase3bs_cem_dominant_ucb_feedback,m1_first5_vwap_return_vs_open|ret_1m,"['m1_first5_vwap_return_vs_open', 'ret_1m']",5,"CSRank(Mul(ZScore($F),ZScore(Std($F,N))))",CSRank>Mul>ZScore>ZScore>Std,CSRank:1|Mul:1|Std:1|ZScore:2,CSRank,4,depth_le_4,5,opcount_le_6,2,fieldcount_le_2,1,wincount_le_1,5,maxwin_le_5,8,complexity_le_10,phase3bp:1e641ed806733aa189058955,0.09951169,1,read_only_research_candidate,phase3bs_cem_dominant_ucb_feedback: cem seed interaction m1_first5_vwap_open x ret_vol_5 product,0.10822169
phase3bs_00110,f8c24bade7912feea98fa4ad,"CSRank(Sub(ZScore(Sub(Div(Sub($close,$low),Add(Abs(Sub($high,$low)),0.000001)),Mean(Div(Sub($close,$low),Add(Abs(Sub($high,$low)),0.000001)),10))),ZScore(Div($m1_first5_vol,Add(Abs($volume),0.000001)))))",cem_interaction::rx_range_location::rx_opening_amount::spread,phase3bs_cem_dominant_ucb_feedback,phase3bs_cem_dominant_ucb_feedback,close|high|low|m1_first5_vol|volume,"['close', 'high', 'low', 'm1_first5_vol', 'volume']",0,"CSRank(Sub(ZScore(Sub(Div(Sub($F,$F),Add(Abs(Sub($F,$F)),N)),Mean(Div(Sub($F,$F),Add(Abs(Sub($F,$F)),N)),N))),ZScore(Div($F,Add(Abs($F),N)))))",CSRank>Sub>ZScore>Sub>Div>Sub>Add>Abs>Sub>Mean,Abs:3|Add:3|CSRank:1|Div:3|Mean:1|Sub:6|ZScore:2,CSRank,9,depth_gt_8,19,opcount_gt_12,5,fieldcount_le_6,1,wincount_le_1,10,maxwin_le_15,25,complexity_gt_18,phase3bp:f8c24bade7912feea98fa4ad,0.09935031,1,read_only_research_candidate,phase3bs_cem_dominant_ucb_feedback: cem seed interaction bar_loc_shift_10 x m1_first5_vol spread,0.10801731
phase3bs_00111,ddac1f2e98dc7297255f3313,"CSRank(Sub(ZScore(Delta($ret_1m,15)),ZScore(Div($m1_first5_vol,Add(Abs($volume),0.000001)))))",cem_interaction::rx_intraday_return::rx_opening_amount::spread,phase3bs_cem_dominant_ucb_feedback,phase3bs_cem_dominant_ucb_feedback,m1_first5_vol|ret_1m|volume,"['m1_first5_vol', 'ret_1m', 'volume']",15,"CSRank(Sub(ZScore(Delta($F,N)),ZScore(Div($F,Add(Abs($F),N)))))",CSRank>Sub>ZScore>Delta>ZScore>Div>Add>Abs,Abs:1|Add:1|CSRank:1|Delta:1|Div:1|Sub:1|ZScore:2,CSRank,6,depth_le_6,8,opcount_le_9,3,fieldcount_le_4,1,wincount_le_1,15,maxwin_le_15,12,complexity_le_14,phase3bp:ddac1f2e98dc7297255f3313,0.10696011,1,read_only_research_candidate,phase3bs_cem_dominant_ucb_feedback: cem seed interaction ret_delta_15 x m1_first5_vol spread,0.10747911
phase3bs_00112,97e4185d0eb74120a09f3c84,"CSRank(Mul(ZScore($m1_first5_vwap_return_vs_open),ZScore(Std($ret_1m,20))))",cem_interaction::rx_opening_divergence::rx_volatility_state::product,phase3bs_cem_dominant_ucb_feedback,phase3bs_cem_dominant_ucb_feedback,m1_first5_vwap_return_vs_open|ret_1m,"['m1_first5_vwap_return_vs_open', 'ret_1m']",20,"CSRank(Mul(ZScore($F),ZScore(Std($F,N))))",CSRank>Mul>ZScore>ZScore>Std,CSRank:1|Mul:1|Std:1|ZScore:2,CSRank,4,depth_le_4,5,opcount_le_6,2,fieldcount_le_2,1,wincount_le_1,20,maxwin_le_30,8,complexity_le_10,phase3bp:97e4185d0eb74120a09f3c84,0.09910851,1,read_only_research_candidate,phase3bs_cem_dominant_ucb_feedback: cem seed interaction m1_first5_vwap_open x ret_vol_20 product,0.10743651
phase3bs_00113,64e6d2dd102a0f2a546336fe,"CSRank(Mul(Sign(ZScore($m1_first30_vwap_return_vs_open)),ZScore(Std(Div(Sub($high,$low),Add(Abs($open),0.000001)),15))))",cem_interaction::rx_opening_divergence::rx_range_location::signed_state,phase3bs_cem_dominant_ucb_feedback,phase3bs_cem_dominant_ucb_feedback,high|low|m1_first30_vwap_return_vs_open|open,"['high', 'low', 'm1_first30_vwap_return_vs_open', 'open']",0,"CSRank(Mul(Sign(ZScore($F)),ZScore(Std(Div(Sub($F,$F),Add(Abs($F),N)),N))))",CSRank>Mul>Sign>ZScore>ZScore>Std>Div>Sub>Add>Abs,Abs:1|Add:1|CSRank:1|Div:1|Mul:1|Sign:1|Std:1|Sub:1|ZScore:2,CSRank,7,depth_le_8,10,opcount_le_12,4,fieldcount_le_4,1,wincount_le_1,15,maxwin_le_15,15,complexity_le_18,phase3bp:64e6d2dd102a0f2a546336fe,0.11428459,1,read_only_research_candidate,phase3bs_cem_dominant_ucb_feedback: cem seed interaction m1_first30_vwap_open x range_vol_15 signed_state,0.10697459
phase3bs_00114,559a0d4f5437e0e5b1f98d99,"CSRank(Mul(Sign(ZScore(Div($m1_first15_amount,Add(Abs($amount),0.000001)))),ZScore(Delta($volume,15))))",cem_interaction::rx_opening_amount::rx_flow_amount_volume::signed_state,phase3bs_cem_dominant_ucb_feedback,phase3bs_cem_dominant_ucb_feedback,amount|m1_first15_amount|volume,"['amount', 'm1_first15_amount', 'volume']",15,"CSRank(Mul(Sign(ZScore(Div($F,Add(Abs($F),N)))),ZScore(Delta($F,N))))",CSRank>Mul>Sign>ZScore>Div>Add>Abs>ZScore>Delta,Abs:1|Add:1|CSRank:1|Delta:1|Div:1|Mul:1|Sign:1|ZScore:2,CSRank,7,depth_le_8,9,opcount_le_9,3,fieldcount_le_4,1,wincount_le_1,15,maxwin_le_15,13,complexity_le_14,phase3bp:559a0d4f5437e0e5b1f98d99,0.11157439,1,read_only_research_candidate,phase3bs_cem_dominant_ucb_feedback: cem seed interaction m1_first15_amount x volume_delta_15 signed_state,0.10657139
phase3bs_00115,eb8ffeb0f280286de937818a,"CSRank(ZScore(Div($m1_first5_vol,Add(Abs($volume),0.000001))))",cem_atom::rx_opening_amount::rank,phase3bs_cem_dominant_ucb_feedback,phase3bs_cem_dominant_ucb_feedback,m1_first5_vol|volume,"['m1_first5_vol', 'volume']",0,"CSRank(ZScore(Div($F,Add(Abs($F),N))))",CSRank>ZScore>Div>Add>Abs,Abs:1|Add:1|CSRank:1|Div:1|ZScore:1,CSRank,5,depth_le_6,5,opcount_le_6,2,fieldcount_le_2,0,wincount_le_0,0,maxwin_le_0,7,complexity_le_10,phase3bp:eb8ffeb0f280286de937818a,0.09773946,1,read_only_research_candidate,phase3bs_cem_dominant_ucb_feedback: cem seed atom m1_first5_vol,0.10656146
phase3bs_00116,ca86dc694074b44baf4a4673,"Neg(CSRank(ZScore(Div($m1_first30_range,Add(Abs($open),0.000001)))))",cem_atom::rx_opening_range::inverted,phase3bs_cem_dominant_ucb_feedback,phase3bs_cem_dominant_ucb_feedback,m1_first30_range|open,"['m1_first30_range', 'open']",0,"Neg(CSRank(ZScore(Div($F,Add(Abs($F),N)))))",Neg>CSRank>ZScore>Div>Add>Abs,Abs:1|Add:1|CSRank:1|Div:1|Neg:1|ZScore:1,Neg,6,depth_le_6,6,opcount_le_6,2,fieldcount_le_2,0,wincount_le_0,0,maxwin_le_0,8,complexity_le_10,phase3bp:ca86dc694074b44baf4a4673,0.10353388,1,read_only_research_candidate,phase3bs_cem_dominant_ucb_feedback: cem seed atom m1_first30_range,0.10632988
phase3bs_00117,5de3491a53cac820d7403a8f,"CSRank(Mul(ZScore(Div($m1_first15_amount,Add(Abs($amount),0.000001))),ZScore(Std($ret_1m,15))))",cem_interaction::rx_opening_amount::rx_volatility_state::product,phase3bs_cem_dominant_ucb_feedback,phase3bs_cem_dominant_ucb_feedback,amount|m1_first15_amount|ret_1m,"['amount', 'm1_first15_amount', 'ret_1m']",15,"CSRank(Mul(ZScore(Div($F,Add(Abs($F),N))),ZScore(Std($F,N))))",CSRank>Mul>ZScore>Div>Add>Abs>ZScore>Std,Abs:1|Add:1|CSRank:1|Div:1|Mul:1|Std:1|ZScore:2,CSRank,6,depth_le_6,8,opcount_le_9,3,fieldcount_le_4,1,wincount_le_1,15,maxwin_le_15,12,complexity_le_14,phase3bp:5de3491a53cac820d7403a8f,0.10628074,1,read_only_research_candidate,phase3bs_cem_dominant_ucb_feedback: cem seed interaction m1_first15_amount x ret_vol_15 product,0.10631374
phase3bs_00118,9a33731ff59d8b016e057882,"CSRank(Mul(ZScore(Div($m1_first5_range,Add(Abs($open),0.000001))),ZScore(Delta($volume,15))))",cem_interaction::rx_opening_range::rx_flow_amount_volume::product,phase3bs_cem_dominant_ucb_feedback,phase3bs_cem_dominant_ucb_feedback,m1_first5_range|open|volume,"['m1_first5_range', 'open', 'volume']",15,"CSRank(Mul(ZScore(Div($F,Add(Abs($F),N))),ZScore(Delta($F,N))))",CSRank>Mul>ZScore>Div>Add>Abs>ZScore>Delta,Abs:1|Add:1|CSRank:1|Delta:1|Div:1|Mul:1|ZScore:2,CSRank,6,depth_le_6,8,opcount_le_9,3,fieldcount_le_4,1,wincount_le_1,15,maxwin_le_15,12,complexity_le_14,phase3bp:9a33731ff59d8b016e057882,0.10558484,1,read_only_research_candidate,phase3bs_cem_dominant_ucb_feedback: cem seed interaction m1_first5_range x volume_delta_15 product,0.10629984
phase3bs_00119,01c65dbbc76b3dde093404bd,"Neg(CSRank(ZScore(Std($ret_1m,15))))",cem_atom::rx_volatility_state::inverted,phase3bs_cem_dominant_ucb_feedback,phase3bs_cem_dominant_ucb_feedback,ret_1m,['ret_1m'],15,"Neg(CSRank(ZScore(Std($F,N))))",Neg>CSRank>ZScore>Std,CSRank:1|Neg:1|Std:1|ZScore:1,Neg,4,depth_le_4,4,opcount_le_6,1,fieldcount_le_1,1,wincount_le_1,15,maxwin_le_15,6,complexity_le_6,phase3bp:01c65dbbc76b3dde093404bd,0.10182977,1,read_only_research_candidate,phase3bs_cem_dominant_ucb_feedback: cem seed atom ret_vol_15,0.10614677
phase3bs_00120,d00e19a0304e123602f85510,"CSRank(ZScore(Std($ret_1m,15)))",cem_atom::rx_volatility_state::rank,phase3bs_cem_dominant_ucb_feedback,phase3bs_cem_dominant_ucb_feedback,ret_1m,['ret_1m'],15,"CSRank(ZScore(Std($F,N)))",CSRank>ZScore>Std,CSRank:1|Std:1|ZScore:1,CSRank,3,depth_le_4,3,opcount_le_3,1,fieldcount_le_1,1,wincount_le_1,15,maxwin_le_15,5,complexity_le_6,phase3bp:d00e19a0304e123602f85510,0.10202512,1,read_only_research_candidate,phase3bs_cem_dominant_ucb_feedback: cem seed atom ret_vol_15,0.10612212
phase3bs_00121,84593e0239cdbbb8e59b5947,"CSRank(Mul(ZScore(Div($m1_first15_range,Add(Abs($open),0.000001))),ZScore(Delta($volume,15))))",cem_interaction::rx_opening_range::rx_flow_amount_volume::product,phase3bs_cem_dominant_ucb_feedback,phase3bs_cem_dominant_ucb_feedback,m1_first15_range|open|volume,"['m1_first15_range', 'open', 'volume']",15,"CSRank(Mul(ZScore(Div($F,Add(Abs($F),N))),ZScore(Delta($F,N))))",CSRank>Mul>ZScore>Div>Add>Abs>ZScore>Delta,Abs:1|Add:1|CSRank:1|Delta:1|Div:1|Mul:1|ZScore:2,CSRank,6,depth_le_6,8,opcount_le_9,3,fieldcount_le_4,1,wincount_le_1,15,maxwin_le_15,12,complexity_le_14,phase3bp:84593e0239cdbbb8e59b5947,0.10546535,1,read_only_research_candidate,phase3bs_cem_dominant_ucb_feedback: cem seed interaction m1_first15_range x volume_delta_15 product,0.10606335
phase3bs_00122,a3453ebbfaf701a7dfa8e1b9,"CSRank(Sub(ZScore(Div($m1_first15_amount,Add(Abs($amount),0.000001))),ZScore(Std(Div(Sub($high,$low),Add(Abs($open),0.000001)),15))))",cem_interaction::rx_opening_amount::rx_range_location::spread,phase3bs_cem_dominant_ucb_feedback,phase3bs_cem_dominant_ucb_feedback,amount|high|low|m1_first15_amount|open,"['amount', 'high', 'low', 'm1_first15_amount', 'open']",0,"CSRank(Sub(ZScore(Div($F,Add(Abs($F),N))),ZScore(Std(Div(Sub($F,$F),Add(Abs($F),N)),N))))",CSRank>Sub>ZScore>Div>Add>Abs>ZScore>Std>Div>Sub,Abs:2|Add:2|CSRank:1|Div:2|Std:1|Sub:2|ZScore:2,CSRank,7,depth_le_8,12,opcount_le_12,5,fieldcount_le_6,1,wincount_le_1,15,maxwin_le_15,18,complexity_le_18,phase3bp:a3453ebbfaf701a7dfa8e1b9,0.09752042,1,read_only_research_candidate,phase3bs_cem_dominant_ucb_feedback: cem seed interaction m1_first15_amount x range_vol_15 spread,0.10561442
phase3bs_00123,6b427a0959ed09facfdcb5e6,"CSRank(Sub(ZScore(Delta($ret_1m,15)),ZScore(Div($m1_first15_vol,Add(Abs($volume),0.000001)))))",cem_interaction::rx_intraday_return::rx_opening_amount::spread,phase3bs_cem_dominant_ucb_feedback,phase3bs_cem_dominant_ucb_feedback,m1_first15_vol|ret_1m|volume,"['m1_first15_vol', 'ret_1m', 'volume']",15,"CSRank(Sub(ZScore(Delta($F,N)),ZScore(Div($F,Add(Abs($F),N)))))",CSRank>Sub>ZScore>Delta>ZScore>Div>Add>Abs,Abs:1|Add:1|CSRank:1|Delta:1|Div:1|Sub:1|ZScore:2,CSRank,6,depth_le_6,8,opcount_le_9,3,fieldcount_le_4,1,wincount_le_1,15,maxwin_le_15,12,complexity_le_14,phase3bp:6b427a0959ed09facfdcb5e6,0.10517945,1,read_only_research_candidate,phase3bs_cem_dominant_ucb_feedback: cem seed interaction ret_delta_15 x m1_first15_vol spread,0.10554945
phase3bs_00124,549ea6a67f357ad57122dddf,"CSRank(Mul(Sign(ZScore(Div($m1_first15_amount,Add(Abs($amount),0.000001)))),ZScore(Delta($amount,15))))",cem_interaction::rx_opening_amount::rx_flow_amount_volume::signed_state,phase3bs_cem_dominant_ucb_feedback,phase3bs_cem_dominant_ucb_feedback,amount|m1_first15_amount,"['amount', 'm1_first15_amount']",15,"CSRank(Mul(Sign(ZScore(Div($F,Add(Abs($F),N)))),ZScore(Delta($F,N))))",CSRank>Mul>Sign>ZScore>Div>Add>Abs>ZScore>Delta,Abs:1|Add:1|CSRank:1|Delta:1|Div:1|Mul:1|Sign:1|ZScore:2,CSRank,7,depth_le_8,9,opcount_le_9,2,fieldcount_le_2,1,wincount_le_1,15,maxwin_le_15,12,complexity_le_14,phase3bp:549ea6a67f357ad57122dddf,0.11465515,1,read_only_research_candidate,phase3bs_cem_dominant_ucb_feedback: cem seed interaction m1_first15_amount x amount_delta_15 signed_state,0.10529315
phase3bs_00125,5967ece5fc535f46a4ca4062,"CSRank(Mul(Sign(ZScore(Div($m1_first30_range,Add(Abs($open),0.000001)))),ZScore(Std(Div(Sub($high,$low),Add(Abs($open),0.000001)),30))))",cem_interaction::rx_opening_range::rx_range_location::signed_state,phase3bs_cem_dominant_ucb_feedback,phase3bs_cem_dominant_ucb_feedback,high|low|m1_first30_range|open,"['high', 'low', 'm1_first30_range', 'open']",0,"CSRank(Mul(Sign(ZScore(Div($F,Add(Abs($F),N)))),ZScore(Std(Div(Sub($F,$F),Add(Abs($F),N)),N))))",CSRank>Mul>Sign>ZScore>Div>Add>Abs>ZScore>Std>Div,Abs:2|Add:2|CSRank:1|Div:2|Mul:1|Sign:1|Std:1|Sub:1|ZScore:2,CSRank,7,depth_le_8,13,opcount_gt_12,4,fieldcount_le_4,1,wincount_le_1,30,maxwin_le_30,18,complexity_le_18,phase3bp:5967ece5fc535f46a4ca4062,0.11281309,1,read_only_research_candidate,phase3bs_cem_dominant_ucb_feedback: cem seed interaction m1_first30_range x range_vol_30 signed_state,0.10512109
phase3bs_00126,7763d51e26ee2914060b71aa,"CSRank(Mul(Sign(ZScore(Div($m1_first30_amount,Add(Abs($amount),0.000001)))),ZScore(Std($ret_1m,15))))",cem_interaction::rx_opening_amount::rx_volatility_state::signed_state,phase3bs_cem_dominant_ucb_feedback,phase3bs_cem_dominant_ucb_feedback,amount|m1_first30_amount|ret_1m,"['amount', 'm1_first30_amount', 'ret_1m']",15,"CSRank(Mul(Sign(ZScore(Div($F,Add(Abs($F),N)))),ZScore(Std($F,N))))",CSRank>Mul>Sign>ZScore>Div>Add>Abs>ZScore>Std,Abs:1|Add:1|CSRank:1|Div:1|Mul:1|Sign:1|Std:1|ZScore:2,CSRank,7,depth_le_8,9,opcount_le_9,3,fieldcount_le_4,1,wincount_le_1,15,maxwin_le_15,13,complexity_le_14,phase3bp:7763d51e26ee2914060b71aa,0.1105118,1,read_only_research_candidate,phase3bs_cem_dominant_ucb_feedback: cem seed interaction m1_first30_amount x ret_vol_15 signed_state,0.1048528
phase3bs_00127,08d276e0236832318f946e7f,"CSRank(Sub(ZScore(Div($m1_first15_amount,Add(Abs($amount),0.000001))),ZScore(Std($ret_1m,15))))",cem_interaction::rx_opening_amount::rx_volatility_state::spread,phase3bs_cem_dominant_ucb_feedback,phase3bs_cem_dominant_ucb_feedback,amount|m1_first15_amount|ret_1m,"['amount', 'm1_first15_amount', 'ret_1m']",15,"CSRank(Sub(ZScore(Div($F,Add(Abs($F),N))),ZScore(Std($F,N))))",CSRank>Sub>ZScore>Div>Add>Abs>ZScore>Std,Abs:1|Add:1|CSRank:1|Div:1|Std:1|Sub:1|ZScore:2,CSRank,6,depth_le_6,8,opcount_le_9,3,fieldcount_le_4,1,wincount_le_1,15,maxwin_le_15,12,complexity_le_14,phase3bp:08d276e0236832318f946e7f,0.10437229,1,read_only_research_candidate,phase3bs_cem_dominant_ucb_feedback: cem seed interaction m1_first15_amount x ret_vol_15 spread,0.10453829
phase3bs_00128,7abe1485c64da7dd8bc6aeb2,"CSRank(Mul(ZScore($m1_first30_vwap_return_vs_open),ZScore(Delta($amount,15))))",cem_interaction::rx_opening_divergence::rx_flow_amount_volume::product,phase3bs_cem_dominant_ucb_feedback,phase3bs_cem_dominant_ucb_feedback,amount|m1_first30_vwap_return_vs_open,"['amount', 'm1_first30_vwap_return_vs_open']",15,"CSRank(Mul(ZScore($F),ZScore(Delta($F,N))))",CSRank>Mul>ZScore>ZScore>Delta,CSRank:1|Delta:1|Mul:1|ZScore:2,CSRank,4,depth_le_4,5,opcount_le_6,2,fieldcount_le_2,1,wincount_le_1,15,maxwin_le_15,8,complexity_le_10,phase3bp:7abe1485c64da7dd8bc6aeb2,0.09623211,1,read_only_research_candidate,phase3bs_cem_dominant_ucb_feedback: cem seed interaction m1_first30_vwap_open x amount_delta_15 product,0.10428411
phase3bs_00129,e6a52c1dad7bb7df1cc65ac6,"CSRank(ZScore(Div($m1_first15_vol,Add(Abs($volume),0.000001))))",cem_atom::rx_opening_amount::rank,phase3bs_cem_dominant_ucb_feedback,phase3bs_cem_dominant_ucb_feedback,m1_first15_vol|volume,"['m1_first15_vol', 'volume']",0,"CSRank(ZScore(Div($F,Add(Abs($F),N))))",CSRank>ZScore>Div>Add>Abs,Abs:1|Add:1|CSRank:1|Div:1|ZScore:1,CSRank,5,depth_le_6,5,opcount_le_6,2,fieldcount_le_2,0,wincount_le_0,0,maxwin_le_0,7,complexity_le_10,phase3bp:e6a52c1dad7bb7df1cc65ac6,0.09506847,1,read_only_research_candidate,phase3bs_cem_dominant_ucb_feedback: cem seed atom m1_first15_vol,0.10363247
phase3bs_00130,2cc649a70d9bad180e1de3c8,"CSRank(Sub(ZScore(Div($m1_first30_amount,Add(Abs($amount),0.000001))),ZScore(Std(Div(Sub($high,$low),Add(Abs($open),0.000001)),15))))",cem_interaction::rx_opening_amount::rx_range_location::spread,phase3bs_cem_dominant_ucb_feedback,phase3bs_cem_dominant_ucb_feedback,amount|high|low|m1_first30_amount|open,"['amount', 'high', 'low', 'm1_first30_amount', 'open']",0,"CSRank(Sub(ZScore(Div($F,Add(Abs($F),N))),ZScore(Std(Div(Sub($F,$F),Add(Abs($F),N)),N))))",CSRank>Sub>ZScore>Div>Add>Abs>ZScore>Std>Div>Sub,Abs:2|Add:2|CSRank:1|Div:2|Std:1|Sub:2|ZScore:2,CSRank,7,depth_le_8,12,opcount_le_12,5,fieldcount_le_6,1,wincount_le_1,15,maxwin_le_15,18,complexity_le_18,phase3bp:2cc649a70d9bad180e1de3c8,0.09522298,1,read_only_research_candidate,phase3bs_cem_dominant_ucb_feedback: cem seed interaction m1_first30_amount x range_vol_15 spread,0.10356798
phase3bs_00131,527d4e0d1e1cbf75dbb29d34,"CSRank(Mul(Sign(ZScore(Div($m1_first5_amount,Add(Abs($amount),0.000001)))),ZScore(Std($ret_1m,15))))",cem_interaction::rx_opening_amount::rx_volatility_state::signed_state,phase3bs_cem_dominant_ucb_feedback,phase3bs_cem_dominant_ucb_feedback,amount|m1_first5_amount|ret_1m,"['amount', 'm1_first5_amount', 'ret_1m']",15,"CSRank(Mul(Sign(ZScore(Div($F,Add(Abs($F),N)))),ZScore(Std($F,N))))",CSRank>Mul>Sign>ZScore>Div>Add>Abs>ZScore>Std,Abs:1|Add:1|CSRank:1|Div:1|Mul:1|Sign:1|Std:1|ZScore:2,CSRank,7,depth_le_8,9,opcount_le_9,3,fieldcount_le_4,1,wincount_le_1,15,maxwin_le_15,13,complexity_le_14,phase3bp:527d4e0d1e1cbf75dbb29d34,0.10923549,1,read_only_research_candidate,phase3bs_cem_dominant_ucb_feedback: cem seed interaction m1_first5_amount x ret_vol_15 signed_state,0.10326549
phase3bs_00132,6966182f899b94bc79c70ebd,"CSRank(Mul(Sign(ZScore(Div($m1_first15_amount,Add(Abs($amount),0.000001)))),ZScore(Std(Div(Sub($high,$low),Add(Abs($open),0.000001)),30))))",cem_interaction::rx_opening_amount::rx_range_location::signed_state,phase3bs_cem_dominant_ucb_feedback,phase3bs_cem_dominant_ucb_feedback,amount|high|low|m1_first15_amount|open,"['amount', 'high', 'low', 'm1_first15_amount', 'open']",0,"CSRank(Mul(Sign(ZScore(Div($F,Add(Abs($F),N)))),ZScore(Std(Div(Sub($F,$F),Add(Abs($F),N)),N))))",CSRank>Mul>Sign>ZScore>Div>Add>Abs>ZScore>Std>Div,Abs:2|Add:2|CSRank:1|Div:2|Mul:1|Sign:1|Std:1|Sub:1|ZScore:2,CSRank,7,depth_le_8,13,opcount_gt_12,5,fieldcount_le_6,1,wincount_le_1,30,maxwin_le_30,19,complexity_gt_18,phase3bp:6966182f899b94bc79c70ebd,0.10638263,1,read_only_research_candidate,phase3bs_cem_dominant_ucb_feedback: cem seed interaction m1_first15_amount x range_vol_30 signed_state,0.10279863
phase3bs_00133,afd85a75f4c2adfe06e0a2e4,"CSRank(Sub(ZScore(Div($m1_first5_amount,Add(Abs($amount),0.000001))),ZScore(Std(Div(Sub($high,$low),Add(Abs($open),0.000001)),15))))",cem_interaction::rx_opening_amount::rx_range_location::spread,phase3bs_cem_dominant_ucb_feedback,phase3bs_cem_dominant_ucb_feedback,amount|high|low|m1_first5_amount|open,"['amount', 'high', 'low', 'm1_first5_amount', 'open']",0,"CSRank(Sub(ZScore(Div($F,Add(Abs($F),N))),ZScore(Std(Div(Sub($F,$F),Add(Abs($F),N)),N))))",CSRank>Sub>ZScore>Div>Add>Abs>ZScore>Std>Div>Sub,Abs:2|Add:2|CSRank:1|Div:2|Std:1|Sub:2|ZScore:2,CSRank,7,depth_le_8,12,opcount_le_12,5,fieldcount_le_6,1,wincount_le_1,15,maxwin_le_15,18,complexity_le_18,phase3bp:afd85a75f4c2adfe06e0a2e4,0.09445719,1,read_only_research_candidate,phase3bs_cem_dominant_ucb_feedback: cem seed interaction m1_first5_amount x range_vol_15 spread,0.10264319
phase3bs_00134,c36b6ccfcc69cfa4768b2cf6,"CSRank(Mul(Sign(ZScore($m1_first30_vwap_return_vs_open)),ZScore(Delta($amount,15))))",cem_interaction::rx_opening_divergence::rx_flow_amount_volume::signed_state,phase3bs_cem_dominant_ucb_feedback,phase3bs_cem_dominant_ucb_feedback,amount|m1_first30_vwap_return_vs_open,"['amount', 'm1_first30_vwap_return_vs_open']",15,"CSRank(Mul(Sign(ZScore($F)),ZScore(Delta($F,N))))",CSRank>Mul>Sign>ZScore>ZScore>Delta,CSRank:1|Delta:1|Mul:1|Sign:1|ZScore:2,CSRank,4,depth_le_4,6,opcount_le_6,2,fieldcount_le_2,1,wincount_le_1,15,maxwin_le_15,9,complexity_le_10,phase3bp:c36b6ccfcc69cfa4768b2cf6,0.09461758,1,read_only_research_candidate,phase3bs_cem_dominant_ucb_feedback: cem seed interaction m1_first30_vwap_open x amount_delta_15 signed_state,0.10263758
phase3bs_00135,4299b848e1f0a3f713cc5b4e,"CSRank(Mul(Sign(ZScore(Div($m1_first30_amount,Add(Abs($amount),0.000001)))),ZScore(Delta($volume,15))))",cem_interaction::rx_opening_amount::rx_flow_amount_volume::signed_state,phase3bs_cem_dominant_ucb_feedback,phase3bs_cem_dominant_ucb_feedback,amount|m1_first30_amount|volume,"['amount', 'm1_first30_amount', 'volume']",15,"CSRank(Mul(Sign(ZScore(Div($F,Add(Abs($F),N)))),ZScore(Delta($F,N))))",CSRank>Mul>Sign>ZScore>Div>Add>Abs>ZScore>Delta,Abs:1|Add:1|CSRank:1|Delta:1|Div:1|Mul:1|Sign:1|ZScore:2,CSRank,7,depth_le_8,9,opcount_le_9,3,fieldcount_le_4,1,wincount_le_1,15,maxwin_le_15,13,complexity_le_14,phase3bp:4299b848e1f0a3f713cc5b4e,0.10774531,1,read_only_research_candidate,phase3bs_cem_dominant_ucb_feedback: cem seed interaction m1_first30_amount x volume_delta_15 signed_state,0.10247331
phase3bs_00136,eeb186ddd0d1869dedd6aa0b,"CSRank(Mul(ZScore(Div($m1_first30_amount,Add(Abs($amount),0.000001))),ZScore(Std($ret_1m,15))))",cem_interaction::rx_opening_amount::rx_volatility_state::product,phase3bs_cem_dominant_ucb_feedback,phase3bs_cem_dominant_ucb_feedback,amount|m1_first30_amount|ret_1m,"['amount', 'm1_first30_amount', 'ret_1m']",15,"CSRank(Mul(ZScore(Div($F,Add(Abs($F),N))),ZScore(Std($F,N))))",CSRank>Mul>ZScore>Div>Add>Abs>ZScore>Std,Abs:1|Add:1|CSRank:1|Div:1|Mul:1|Std:1|ZScore:2,CSRank,6,depth_le_6,8,opcount_le_9,3,fieldcount_le_4,1,wincount_le_1,15,maxwin_le_15,12,complexity_le_14,phase3bp:eeb186ddd0d1869dedd6aa0b,0.10245167,1,read_only_research_candidate,phase3bs_cem_dominant_ucb_feedback: cem seed interaction m1_first30_amount x ret_vol_15 product,0.10246567
phase3bs_00137,ad4c8a51c55f841a4f3c8847,"CSRank(Sub(ZScore(Delta($intraday_ret_from_open,15)),ZScore(Std($ret_1m,8))))",rx_interaction::rx_intraday_return::rx_volatility_state::spread,phase3bs_cem_dominant_ucb_feedback,phase3bs_cem_dominant_ucb_feedback,intraday_ret_from_open|ret_1m,"['intraday_ret_from_open', 'ret_1m']",15,"CSRank(Sub(ZScore(Delta($F,N)),ZScore(Std($F,N))))",CSRank>Sub>ZScore>Delta>ZScore>Std,CSRank:1|Delta:1|Std:1|Sub:1|ZScore:2,CSRank,4,depth_le_4,6,opcount_le_6,2,fieldcount_le_2,2,wincount_le_2,15,maxwin_le_15,10,complexity_le_10,phase3bp:ad4c8a51c55f841a4f3c8847,0.19315801,1,read_only_research_candidate,phase3bs_cem_dominant_ucb_feedback: rx interaction intraday_delta_15 x ret_vol_8 spread,
phase3bs_00138,4b5827e17ae45150f5b49d6a,"CSRank(Sub(ZScore(Delta($intraday_ret_from_open,8)),ZScore(Std($ret_1m,15))))",rx_interaction::rx_intraday_return::rx_volatility_state::spread,phase3bs_cem_dominant_ucb_feedback,phase3bs_cem_dominant_ucb_feedback,intraday_ret_from_open|ret_1m,"['intraday_ret_from_open', 'ret_1m']",15,"CSRank(Sub(ZScore(Delta($F,N)),ZScore(Std($F,N))))",CSRank>Sub>ZScore>Delta>ZScore>Std,CSRank:1|Delta:1|Std:1|Sub:1|ZScore:2,CSRank,4,depth_le_4,6,opcount_le_6,2,fieldcount_le_2,2,wincount_le_2,15,maxwin_le_15,10,complexity_le_10,phase3bp:4b5827e17ae45150f5b49d6a,0.19315801,1,read_only_research_candidate,phase3bs_cem_dominant_ucb_feedback: rx interaction intraday_delta_8 x ret_vol_15 spread,
phase3bs_00139,dc2dbacce1f11249667cad85,"CSRank(Sub(ZScore(Delta($intraday_ret_from_open,10)),ZScore(Std($ret_1m,15))))",rx_interaction::rx_intraday_return::rx_volatility_state::spread,phase3bs_cem_dominant_ucb_feedback,phase3bs_cem_dominant_ucb_feedback,intraday_ret_from_open|ret_1m,"['intraday_ret_from_open', 'ret_1m']",15,"CSRank(Sub(ZScore(Delta($F,N)),ZScore(Std($F,N))))",CSRank>Sub>ZScore>Delta>ZScore>Std,CSRank:1|Delta:1|Std:1|Sub:1|ZScore:2,CSRank,4,depth_le_4,6,opcount_le_6,2,fieldcount_le_2,2,wincount_le_2,15,maxwin_le_15,10,complexity_le_10,phase3bp:dc2dbacce1f11249667cad85,0.19293817,1,read_only_research_candidate,phase3bs_cem_dominant_ucb_feedback: rx interaction intraday_delta_10 x ret_vol_15 spread,
phase3bs_00140,a12cfd52990da9e0460aa55a,"CSRank(Mul(ZScore(Delta($intraday_ret_from_open,30)),ZScore(Std($ret_1m,15))))",rx_interaction::rx_intraday_return::rx_volatility_state::product,phase3bs_cem_dominant_ucb_feedback,phase3bs_cem_dominant_ucb_feedback,intraday_ret_from_open|ret_1m,"['intraday_ret_from_open', 'ret_1m']",30,"CSRank(Mul(ZScore(Delta($F,N)),ZScore(Std($F,N))))",CSRank>Mul>ZScore>Delta>ZScore>Std,CSRank:1|Delta:1|Mul:1|Std:1|ZScore:2,CSRank,4,depth_le_4,6,opcount_le_6,2,fieldcount_le_2,2,wincount_le_2,30,maxwin_le_30,10,complexity_le_10,phase3bp:a12cfd52990da9e0460aa55a,0.18454962,1,read_only_research_candidate,phase3bs_cem_dominant_ucb_feedback: rx interaction intraday_delta_30 x ret_vol_15 product,
phase3bs_00141,d56617dd79a2827c4d21dd85,"CSRank(Sub(ZScore(Delta($intraday_ret_from_open,15)),ZScore(Delta($volume,10))))",rx_interaction::rx_intraday_return::rx_flow_amount_volume::spread,phase3bs_cem_dominant_ucb_feedback,phase3bs_cem_dominant_ucb_feedback,intraday_ret_from_open|volume,"['intraday_ret_from_open', 'volume']",15,"CSRank(Sub(ZScore(Delta($F,N)),ZScore(Delta($F,N))))",CSRank>Sub>ZScore>Delta>ZScore>Delta,CSRank:1|Delta:2|Sub:1|ZScore:2,CSRank,4,depth_le_4,6,opcount_le_6,2,fieldcount_le_2,2,wincount_le_2,15,maxwin_le_15,10,complexity_le_10,phase3bp:d56617dd79a2827c4d21dd85,0.16710245,1,read_only_research_candidate,phase3bs_cem_dominant_ucb_feedback: rx interaction intraday_delta_15 x volume_delta_10 spread,
phase3bs_00142,b1f1262e826b2ec5a1cfbc1e,"CSRank(Sub(ZScore(Delta($intraday_ret_from_open,10)),ZScore(Delta($volume,15))))",rx_interaction::rx_intraday_return::rx_flow_amount_volume::spread,phase3bs_cem_dominant_ucb_feedback,phase3bs_cem_dominant_ucb_feedback,intraday_ret_from_open|volume,"['intraday_ret_from_open', 'volume']",15,"CSRank(Sub(ZScore(Delta($F,N)),ZScore(Delta($F,N))))",CSRank>Sub>ZScore>Delta>ZScore>Delta,CSRank:1|Delta:2|Sub:1|ZScore:2,CSRank,4,depth_le_4,6,opcount_le_6,2,fieldcount_le_2,2,wincount_le_2,15,maxwin_le_15,10,complexity_le_10,phase3bp:b1f1262e826b2ec5a1cfbc1e,0.16710245,1,read_only_research_candidate,phase3bs_cem_dominant_ucb_feedback: rx interaction intraday_delta_10 x volume_delta_15 spread,
phase3bs_00143,f459f9a3aeff892849ca066c,"CSRank(Sub(ZScore(Delta($intraday_ret_from_open,15)),ZScore(Delta($volume,3))))",rx_interaction::rx_intraday_return::rx_flow_amount_volume::spread,phase3bs_cem_dominant_ucb_feedback,phase3bs_cem_dominant_ucb_feedback,intraday_ret_from_open|volume,"['intraday_ret_from_open', 'volume']",15,"CSRank(Sub(ZScore(Delta($F,N)),ZScore(Delta($F,N))))",CSRank>Sub>ZScore>Delta>ZScore>Delta,CSRank:1|Delta:2|Sub:1|ZScore:2,CSRank,4,depth_le_4,6,opcount_le_6,2,fieldcount_le_2,2,wincount_le_2,15,maxwin_le_15,10,complexity_le_10,phase3bp:f459f9a3aeff892849ca066c,0.16682297,1,read_only_research_candidate,phase3bs_cem_dominant_ucb_feedback: rx interaction intraday_delta_15 x volume_delta_3 spread,
phase3bs_00144,b4ad3f31407b9d0e77b23268,"CSRank(Mul(ZScore(Delta($intraday_ret_from_open,15)),ZScore(Delta($volume,30))))",rx_interaction::rx_intraday_return::rx_flow_amount_volume::product,phase3bs_cem_dominant_ucb_feedback,phase3bs_cem_dominant_ucb_feedback,intraday_ret_from_open|volume,"['intraday_ret_from_open', 'volume']",30,"CSRank(Mul(ZScore(Delta($F,N)),ZScore(Delta($F,N))))",CSRank>Mul>ZScore>Delta>ZScore>Delta,CSRank:1|Delta:2|Mul:1|ZScore:2,CSRank,4,depth_le_4,6,opcount_le_6,2,fieldcount_le_2,2,wincount_le_2,30,maxwin_le_30,10,complexity_le_10,phase3bp:b4ad3f31407b9d0e77b23268,0.15229531,1,read_only_research_candidate,phase3bs_cem_dominant_ucb_feedback: rx interaction intraday_delta_15 x volume_delta_30 product,
phase3bs_00145,28d62572ba26339b3e08e9df,"CSRank(Sub(ZScore(Delta($ret_1m,15)),ZScore(Std(Div(Sub($high,$low),Add(Abs($open),0.000001)),8))))",rx_interaction::rx_intraday_return::rx_range_location::spread,phase3bs_cem_dominant_ucb_feedback,phase3bs_cem_dominant_ucb_feedback,high|low|open|ret_1m,"['high', 'low', 'open', 'ret_1m']",15,"CSRank(Sub(ZScore(Delta($F,N)),ZScore(Std(Div(Sub($F,$F),Add(Abs($F),N)),N))))",CSRank>Sub>ZScore>Delta>ZScore>Std>Div>Sub>Add>Abs,Abs:1|Add:1|CSRank:1|Delta:1|Div:1|Std:1|Sub:2|ZScore:2,CSRank,7,depth_le_8,10,opcount_le_12,4,fieldcount_le_4,2,wincount_le_2,15,maxwin_le_15,16,complexity_le_18,phase3bp:28d62572ba26339b3e08e9df,0.14256751,1,read_only_research_candidate,phase3bs_cem_dominant_ucb_feedback: rx interaction ret_delta_15 x range_vol_8 spread,
phase3bs_00146,37e52529fe4c8481b2a9729b,"CSRank(Sub(ZScore(Delta($ret_1m,10)),ZScore(Std(Div(Sub($high,$low),Add(Abs($open),0.000001)),15))))",rx_interaction::rx_intraday_return::rx_range_location::spread,phase3bs_cem_dominant_ucb_feedback,phase3bs_cem_dominant_ucb_feedback,high|low|open|ret_1m,"['high', 'low', 'open', 'ret_1m']",10,"CSRank(Sub(ZScore(Delta($F,N)),ZScore(Std(Div(Sub($F,$F),Add(Abs($F),N)),N))))",CSRank>Sub>ZScore>Delta>ZScore>Std>Div>Sub>Add>Abs,Abs:1|Add:1|CSRank:1|Delta:1|Div:1|Std:1|Sub:2|ZScore:2,CSRank,7,depth_le_8,10,opcount_le_12,4,fieldcount_le_4,2,wincount_le_2,15,maxwin_le_15,16,complexity_le_18,phase3bp:37e52529fe4c8481b2a9729b,0.14234767,1,read_only_research_candidate,phase3bs_cem_dominant_ucb_feedback: rx interaction ret_delta_10 x range_vol_15 spread,
phase3bs_00147,37eb946ff5bc986ec82a98b6,"CSRank(Sub(ZScore(Delta($ret_1m,15)),ZScore(Std(Div(Sub($high,$low),Add(Abs($open),0.000001)),10))))",rx_interaction::rx_intraday_return::rx_range_location::spread,phase3bs_cem_dominant_ucb_feedback,phase3bs_cem_dominant_ucb_feedback,high|low|open|ret_1m,"['high', 'low', 'open', 'ret_1m']",15,"CSRank(Sub(ZScore(Delta($F,N)),ZScore(Std(Div(Sub($F,$F),Add(Abs($F),N)),N))))",CSRank>Sub>ZScore>Delta>ZScore>Std>Div>Sub>Add>Abs,Abs:1|Add:1|CSRank:1|Delta:1|Div:1|Std:1|Sub:2|ZScore:2,CSRank,7,depth_le_8,10,opcount_le_12,4,fieldcount_le_4,2,wincount_le_2,15,maxwin_le_15,16,complexity_le_18,phase3bp:37eb946ff5bc986ec82a98b6,0.14234767,1,read_only_research_candidate,phase3bs_cem_dominant_ucb_feedback: rx interaction ret_delta_15 x range_vol_10 spread,
phase3bs_00148,c1166d6e88979821dabaa438,"CSRank(Mul(ZScore(Delta($intraday_ret_from_open,30)),ZScore(Delta($amount,15))))",rx_interaction::rx_intraday_return::rx_flow_amount_volume::product,phase3bs_cem_dominant_ucb_feedback,phase3bs_cem_dominant_ucb_feedback,amount|intraday_ret_from_open,"['amount', 'intraday_ret_from_open']",30,"CSRank(Mul(ZScore(Delta($F,N)),ZScore(Delta($F,N))))",CSRank>Mul>ZScore>Delta>ZScore>Delta,CSRank:1|Delta:2|Mul:1|ZScore:2,CSRank,4,depth_le_4,6,opcount_le_6,2,fieldcount_le_2,2,wincount_le_2,30,maxwin_le_30,10,complexity_le_10,phase3bp:c1166d6e88979821dabaa438,0.14123509,1,read_only_research_candidate,phase3bs_cem_dominant_ucb_feedback: rx interaction intraday_delta_30 x amount_delta_15 product,
phase3bs_00149,542a77909dd7019d40412eca,"CSRank(Mul(ZScore(Delta($intraday_ret_from_open,15)),ZScore(Delta($amount,30))))",rx_interaction::rx_intraday_return::rx_flow_amount_volume::product,phase3bs_cem_dominant_ucb_feedback,phase3bs_cem_dominant_ucb_feedback,amount|intraday_ret_from_open,"['amount', 'intraday_ret_from_open']",30,"CSRank(Mul(ZScore(Delta($F,N)),ZScore(Delta($F,N))))",CSRank>Mul>ZScore>Delta>ZScore>Delta,CSRank:1|Delta:2|Mul:1|ZScore:2,CSRank,4,depth_le_4,6,opcount_le_6,2,fieldcount_le_2,2,wincount_le_2,30,maxwin_le_30,10,complexity_le_10,phase3bp:542a77909dd7019d40412eca,0.14123509,1,read_only_research_candidate,phase3bs_cem_dominant_ucb_feedback: rx interaction intraday_delta_15 x amount_delta_30 product,
phase3bs_00150,cd04fc3331a47eaad0ffb3cb,"CSRank(Mul(ZScore(Delta($ret_1m,15)),ZScore(Std(Div(Sub($high,$low),Add(Abs($open),0.000001)),30))))",rx_interaction::rx_intraday_return::rx_range_location::product,phase3bs_cem_dominant_ucb_feedback,phase3bs_cem_dominant_ucb_feedback,high|low|open|ret_1m,"['high', 'low', 'open', 'ret_1m']",15,"CSRank(Mul(ZScore(Delta($F,N)),ZScore(Std(Div(Sub($F,$F),Add(Abs($F),N)),N))))",CSRank>Mul>ZScore>Delta>ZScore>Std>Div>Sub>Add>Abs,Abs:1|Add:1|CSRank:1|Delta:1|Div:1|Mul:1|Std:1|Sub:1|ZScore:2,CSRank,7,depth_le_8,10,opcount_le_12,4,fieldcount_le_4,2,wincount_le_2,30,maxwin_le_30,16,complexity_le_18,phase3bp:cd04fc3331a47eaad0ffb3cb,0.13970358,1,read_only_research_candidate,phase3bs_cem_dominant_ucb_feedback: rx interaction ret_delta_15 x range_vol_30 product,
phase3bs_00151,4aa77cf2399dec7f1b1f6d4e,"CSRank(Mul(ZScore(Sub(Div(Sub($close,$low),Add(Abs(Sub($high,$low)),0.000001)),Mean(Div(Sub($close,$low),Add(Abs(Sub($high,$low)),0.000001)),15))),ZScore(Std(Div(Sub($high,$low),Add(Abs($open),0.000001)),10))))",rx_interaction::rx_range_location::rx_range_location::product,phase3bs_cem_dominant_ucb_feedback,phase3bs_cem_dominant_ucb_feedback,close|high|low|open,"['close', 'high', 'low', 'open']",0,"CSRank(Mul(ZScore(Sub(Div(Sub($F,$F),Add(Abs(Sub($F,$F)),N)),Mean(Div(Sub($F,$F),Add(Abs(Sub($F,$F)),N)),N))),ZScore(Std(Div(Sub($F,$F),Add(Abs($F),N)),N))))",CSRank>Mul>ZScore>Sub>Div>Sub>Add>Abs>Sub>Mean,Abs:3|Add:3|CSRank:1|Div:3|Mean:1|Mul:1|Std:1|Sub:6|ZScore:2,CSRank,9,depth_gt_8,21,opcount_gt_12,4,fieldcount_le_4,2,wincount_le_2,15,maxwin_le_15,27,complexity_gt_18,phase3bp:4aa77cf2399dec7f1b1f6d4e,0.1395287,1,read_only_research_candidate,phase3bs_cem_dominant_ucb_feedback: rx interaction bar_loc_shift_15 x range_vol_10 product,
phase3bs_00152,338e698331cbdf590fddf4f2,"CSRank(Mul(ZScore(Sub(Div(Sub($close,$low),Add(Abs(Sub($high,$low)),0.000001)),Mean(Div(Sub($close,$low),Add(Abs(Sub($high,$low)),0.000001)),10))),ZScore(Std(Div(Sub($high,$low),Add(Abs($open),0.000001)),15))))",rx_interaction::rx_range_location::rx_range_location::product,phase3bs_cem_dominant_ucb_feedback,phase3bs_cem_dominant_ucb_feedback,close|high|low|open,"['close', 'high', 'low', 'open']",0,"CSRank(Mul(ZScore(Sub(Div(Sub($F,$F),Add(Abs(Sub($F,$F)),N)),Mean(Div(Sub($F,$F),Add(Abs(Sub($F,$F)),N)),N))),ZScore(Std(Div(Sub($F,$F),Add(Abs($F),N)),N))))",CSRank>Mul>ZScore>Sub>Div>Sub>Add>Abs>Sub>Mean,Abs:3|Add:3|CSRank:1|Div:3|Mean:1|Mul:1|Std:1|Sub:6|ZScore:2,CSRank,9,depth_gt_8,21,opcount_gt_12,4,fieldcount_le_4,2,wincount_le_2,15,maxwin_le_15,27,complexity_gt_18,phase3bp:338e698331cbdf590fddf4f2,0.1395287,1,read_only_research_candidate,phase3bs_cem_dominant_ucb_feedback: rx interaction bar_loc_shift_10 x range_vol_15 product,
phase3bs_00153,798acd0a4a4ae11f767cf267,"CSRank(Mul(ZScore(Sub(Div(Sub($close,$low),Add(Abs(Sub($high,$low)),0.000001)),Mean(Div(Sub($close,$low),Add(Abs(Sub($high,$low)),0.000001)),3))),ZScore(Std(Div(Sub($high,$low),Add(Abs($open),0.000001)),15))))",rx_interaction::rx_range_location::rx_range_location::product,phase3bs_cem_dominant_ucb_feedback,phase3bs_cem_dominant_ucb_feedback,close|high|low|open,"['close', 'high', 'low', 'open']",0,"CSRank(Mul(ZScore(Sub(Div(Sub($F,$F),Add(Abs(Sub($F,$F)),N)),Mean(Div(Sub($F,$F),Add(Abs(Sub($F,$F)),N)),N))),ZScore(Std(Div(Sub($F,$F),Add(Abs($F),N)),N))))",CSRank>Mul>ZScore>Sub>Div>Sub>Add>Abs>Sub>Mean,Abs:3|Add:3|CSRank:1|Div:3|Mean:1|Mul:1|Std:1|Sub:6|ZScore:2,CSRank,9,depth_gt_8,21,opcount_gt_12,4,fieldcount_le_4,2,wincount_le_2,15,maxwin_le_15,27,complexity_gt_18,phase3bp:798acd0a4a4ae11f767cf267,0.13924922,1,read_only_research_candidate,phase3bs_cem_dominant_ucb_feedback: rx interaction bar_loc_shift_3 x range_vol_15 product,
phase3bs_00154,019df0e6295f91b8f00d0894,"CSRank(Sub(ZScore(Delta($intraday_ret_from_open,2)),ZScore(Div($m1_first30_vol,Add(Abs($volume),0.000001)))))",rx_interaction::rx_intraday_return::rx_opening_amount::spread,phase3bs_cem_dominant_ucb_feedback,phase3bs_cem_dominant_ucb_feedback,intraday_ret_from_open|m1_first30_vol|volume,"['intraday_ret_from_open', 'm1_first30_vol', 'volume']",2,"CSRank(Sub(ZScore(Delta($F,N)),ZScore(Div($F,Add(Abs($F),N)))))",CSRank>Sub>ZScore>Delta>ZScore>Div>Add>Abs,Abs:1|Add:1|CSRank:1|Delta:1|Div:1|Sub:1|ZScore:2,CSRank,6,depth_le_6,8,opcount_le_9,3,fieldcount_le_4,1,wincount_le_1,2,maxwin_le_5,12,complexity_le_14,phase3bp:019df0e6295f91b8f00d0894,0.13499965,1,read_only_research_candidate,phase3bs_cem_dominant_ucb_feedback: rx interaction intraday_delta_2 x m1_first30_vol spread,
phase3bs_00155,0dd6a61a15c10be1879fd17c,"CSRank(Sub(ZScore(Delta($intraday_ret_from_open,5)),ZScore(Div($m1_first30_vol,Add(Abs($volume),0.000001)))))",rx_interaction::rx_intraday_return::rx_opening_amount::spread,phase3bs_cem_dominant_ucb_feedback,phase3bs_cem_dominant_ucb_feedback,intraday_ret_from_open|m1_first30_vol|volume,"['intraday_ret_from_open', 'm1_first30_vol', 'volume']",5,"CSRank(Sub(ZScore(Delta($F,N)),ZScore(Div($F,Add(Abs($F),N)))))",CSRank>Sub>ZScore>Delta>ZScore>Div>Add>Abs,Abs:1|Add:1|CSRank:1|Delta:1|Div:1|Sub:1|ZScore:2,CSRank,6,depth_le_6,8,opcount_le_9,3,fieldcount_le_4,1,wincount_le_1,5,maxwin_le_5,12,complexity_le_14,phase3bp:0dd6a61a15c10be1879fd17c,0.13492893,1,read_only_research_candidate,phase3bs_cem_dominant_ucb_feedback: rx interaction intraday_delta_5 x m1_first30_vol spread,
phase3bs_00156,f18eafb1e290e8a76fd2a94a,"CSRank(Mul(ZScore(Delta($intraday_ret_from_open,3)),ZScore(Div($m1_first30_vol,Add(Abs($volume),0.000001)))))",rx_interaction::rx_intraday_return::rx_opening_amount::product,phase3bs_cem_dominant_ucb_feedback,phase3bs_cem_dominant_ucb_feedback,intraday_ret_from_open|m1_first30_vol|volume,"['intraday_ret_from_open', 'm1_first30_vol', 'volume']",3,"CSRank(Mul(ZScore(Delta($F,N)),ZScore(Div($F,Add(Abs($F),N)))))",CSRank>Mul>ZScore>Delta>ZScore>Div>Add>Abs,Abs:1|Add:1|CSRank:1|Delta:1|Div:1|Mul:1|ZScore:2,CSRank,6,depth_le_6,8,opcount_le_9,3,fieldcount_le_4,1,wincount_le_1,3,maxwin_le_5,12,complexity_le_14,phase3bp:f18eafb1e290e8a76fd2a94a,0.13455563,1,read_only_research_candidate,phase3bs_cem_dominant_ucb_feedback: rx interaction intraday_delta_3 x m1_first30_vol product,
phase3bs_00157,536217ed91abe8f3437f9e30,"CSRank(Sub(ZScore(Delta($intraday_ret_from_open,20)),ZScore(Div($m1_first30_vol,Add(Abs($volume),0.000001)))))",rx_interaction::rx_intraday_return::rx_opening_amount::spread,phase3bs_cem_dominant_ucb_feedback,phase3bs_cem_dominant_ucb_feedback,intraday_ret_from_open|m1_first30_vol|volume,"['intraday_ret_from_open', 'm1_first30_vol', 'volume']",20,"CSRank(Sub(ZScore(Delta($F,N)),ZScore(Div($F,Add(Abs($F),N)))))",CSRank>Sub>ZScore>Delta>ZScore>Div>Add>Abs,Abs:1|Add:1|CSRank:1|Delta:1|Div:1|Sub:1|ZScore:2,CSRank,6,depth_le_6,8,opcount_le_9,3,fieldcount_le_4,1,wincount_le_1,20,maxwin_le_30,12,complexity_le_14,phase3bp:536217ed91abe8f3437f9e30,0.13452575,1,read_only_research_candidate,phase3bs_cem_dominant_ucb_feedback: rx interaction intraday_delta_20 x m1_first30_vol spread,
phase3bs_00158,4a9b243df3fd29a6ec68b961,"CSRank(Mul(ZScore(Sub(Div(Sub($close,$low),Add(Abs(Sub($high,$low)),0.000001)),Mean(Div(Sub($close,$low),Add(Abs(Sub($high,$low)),0.000001)),15))),ZScore(Div(Mean($volume,3),Add(Abs(Mean($volume,8)),0.000001)))))",rx_interaction::rx_range_location::rx_flow_amount_volume::product,phase3bs_cem_dominant_ucb_feedback,phase3bs_cem_dominant_ucb_feedback,close|high|low|volume,"['close', 'high', 'low', 'volume']",8,"CSRank(Mul(ZScore(Sub(Div(Sub($F,$F),Add(Abs(Sub($F,$F)),N)),Mean(Div(Sub($F,$F),Add(Abs(Sub($F,$F)),N)),N))),ZScore(Div(Mean($F,N),Add(Abs(Mean($F,N)),N)))))",CSRank>Mul>ZScore>Sub>Div>Sub>Add>Abs>Sub>Mean,Abs:3|Add:3|CSRank:1|Div:3|Mean:3|Mul:1|Sub:5|ZScore:2,CSRank,9,depth_gt_8,21,opcount_gt_12,4,fieldcount_le_4,3,wincount_le_4,15,maxwin_le_15,28,complexity_gt_18,phase3bp:4a9b243df3fd29a6ec68b961,0.13094408,1,read_only_research_candidate,phase3bs_cem_dominant_ucb_feedback: rx interaction bar_loc_shift_15 x volume_curve_3_8 product,
phase3bs_00159,a0cd48552afb2c70a824dba4,"CSRank(Mul(ZScore(Sub(Div(Sub($close,$low),Add(Abs(Sub($high,$low)),0.000001)),Mean(Div(Sub($close,$low),Add(Abs(Sub($high,$low)),0.000001)),8))),ZScore(Div(Mean($volume,5),Add(Abs(Mean($volume,15)),0.000001)))))",rx_interaction::rx_range_location::rx_flow_amount_volume::product,phase3bs_cem_dominant_ucb_feedback,phase3bs_cem_dominant_ucb_feedback,close|high|low|volume,"['close', 'high', 'low', 'volume']",15,"CSRank(Mul(ZScore(Sub(Div(Sub($F,$F),Add(Abs(Sub($F,$F)),N)),Mean(Div(Sub($F,$F),Add(Abs(Sub($F,$F)),N)),N))),ZScore(Div(Mean($F,N),Add(Abs(Mean($F,N)),N)))))",CSRank>Mul>ZScore>Sub>Div>Sub>Add>Abs>Sub>Mean,Abs:3|Add:3|CSRank:1|Div:3|Mean:3|Mul:1|Sub:5|ZScore:2,CSRank,9,depth_gt_8,21,opcount_gt_12,4,fieldcount_le_4,3,wincount_le_4,15,maxwin_le_15,28,complexity_gt_18,phase3bp:a0cd48552afb2c70a824dba4,0.13090997,1,read_only_research_candidate,phase3bs_cem_dominant_ucb_feedback: rx interaction bar_loc_shift_8 x volume_curve_5_15 product,
phase3bs_00160,ce366a0e00e37453f567bc33,"CSRank(Mul(ZScore(Sub(Div(Sub($close,$low),Add(Abs(Sub($high,$low)),0.000001)),Mean(Div(Sub($close,$low),Add(Abs(Sub($high,$low)),0.000001)),20))),ZScore(Div(Mean($volume,5),Add(Abs(Mean($volume,15)),0.000001)))))",rx_interaction::rx_range_location::rx_flow_amount_volume::product,phase3bs_cem_dominant_ucb_feedback,phase3bs_cem_dominant_ucb_feedback,close|high|low|volume,"['close', 'high', 'low', 'volume']",15,"CSRank(Mul(ZScore(Sub(Div(Sub($F,$F),Add(Abs(Sub($F,$F)),N)),Mean(Div(Sub($F,$F),Add(Abs(Sub($F,$F)),N)),N))),ZScore(Div(Mean($F,N),Add(Abs(Mean($F,N)),N)))))",CSRank>Mul>ZScore>Sub>Div>Sub>Add>Abs>Sub>Mean,Abs:3|Add:3|CSRank:1|Div:3|Mean:3|Mul:1|Sub:5|ZScore:2,CSRank,9,depth_gt_8,21,opcount_gt_12,4,fieldcount_le_4,3,wincount_le_4,20,maxwin_le_30,28,complexity_gt_18,phase3bp:ce366a0e00e37453f567bc33,0.13079214,1,read_only_research_candidate,phase3bs_cem_dominant_ucb_feedback: rx interaction bar_loc_shift_20 x volume_curve_5_15 product,
