variant,cost_tier,split,n,mean_hour,annualized_mean,std_hour,sharpe_proxy,sortino_proxy,hit_rate,additive_total,additive_max_dd,compounded_total,compounded_max_dd,min_hour,q01,q05,median,q95,mean_turnover,mean_gross_exposure
direct_core4_unscaled_recomputed,stress_10bp,train_2024,8736,5.090360818106564e-05,0.44591560766613497,0.012222315623106371,0.38980474906446944,0.5794643044972285,0.5019459706959707,0.44469392106978944,-3.0769544158228586,-0.186880183674362,-0.9567064462978981,-0.08480547076044462,-0.03152274404942505,-0.019514426302691235,5.2239833935510476e-05,0.0190186134448386,0.3854548229548229,1.9005265567765568
direct_core4_unscaled_recomputed,stress_10bp,validation_2025H1,4296,0.0004935164709680273,4.323204285679919,0.011752656518738186,3.930227237214846,4.868920602558059,0.5425977653631285,2.1201467592786454,-2.5990456078509205,5.164865730792352,-0.9373653794375489,-0.17459211670422553,-0.029232111167957528,-0.017368602425199834,0.0009431197465404608,0.017419011498150037,0.3844467721911855,1.9934823091247673
direct_core4_unscaled_recomputed,stress_10bp,recent_oos_2025H2_2026Apr,7248,0.00025473219592505713,2.2314540363035005,0.00877801139813533,2.716062454522313,4.22105135545816,0.5031732891832229,1.846298956064814,-2.7864889431256197,3.8010078104337914,-0.9425880761360198,-0.04738716781707997,-0.023095092679994537,-0.01291276983775022,4.0822229341867366e-05,0.013435281759828756,0.39195870125091975,1.9602649006622517
direct_core4_unscaled_recomputed,stress_10bp,fresh_forward_2026May,392,-0.0012461978333197304,-10.916693019880839,0.010692124137982394,-10.908751596999048,-22.14472596113882,0.3596938775510204,-0.4885095506613343,-0.7745147468324991,-0.40001317305473183,-0.5413927787877042,-0.02902889335556863,-0.02163545512953105,-0.014640763171852849,-0.0021745955739539318,0.01217067703639461,0.3815901360544217,1.9846938775510203
