cluster_id,full_validation_10bp_ann,full_recent_10bp_ann,best_component_recent_10bp_ann,component_margin_recent,best_placebo_recent_10bp_ann,placebo_margin_recent,sign_flip_recent_10bp_ann,decision
crypto_a4_1h_001,3.5044117383898765,1.710991182341028,3.707656832579067,-1.996665650238039,-1.553362489912588,3.264353672253616,-7.590295957561778,HOLD_COMPONENT_PLACEBO_GATE
crypto_a4_1h_002,5.452966588722209,3.787036644093501,6.7791659440529255,-2.9921292999594247,-0.9258472881812145,4.712883932274716,-13.397579424998579,HOLD_COMPONENT_PLACEBO_GATE
crypto_a4_1h_003,4.112283436995446,1.5515204878303241,0.5141463985923664,1.0373740892379577,0.023892611051749887,1.5276278767785743,-5.701843919563215,PASS_COMPONENT_PLACEBO_GATE
crypto_a4_1h_004,4.223155378612145,1.8762678309491492,6.7791659440529255,-4.9028981131037765,-1.780568015185617,3.656835846134766,-10.349732247560626,HOLD_COMPONENT_PLACEBO_GATE
