table_id,path,field_name,field_family,field_role,selector_allowed,route,system_destination,availability,pit_rule,recommended_transforms
balance_sheet_report_em,cn_fundamental_akshare_batch_v1_20260531\aggregated_v1\balance_sheet_report_em\balance_sheet_report_em.parquet,source_em,other,feature_candidate,true_after_notice_date,announcement_pit_context,fundamental_pit_feature_panel,notice_date_plus_1_conservative,NOTICE_DATE governs availability; REPORT_DATE alone is not enough,lagged_level|rank_xsection
balance_sheet_report_em,cn_fundamental_akshare_batch_v1_20260531\aggregated_v1\balance_sheet_report_em\balance_sheet_report_em.parquet,source_code6,instrument_key,key,false_key_only,announcement_pit_context,fundamental_pit_feature_panel,notice_date_plus_1_conservative,NOTICE_DATE governs availability; REPORT_DATE alone is not enough,lagged_level|rank_xsection
balance_sheet_report_em,cn_fundamental_akshare_batch_v1_20260531\aggregated_v1\balance_sheet_report_em\balance_sheet_report_em.parquet,SECUCODE,instrument_key,key,false_key_only,announcement_pit_context,fundamental_pit_feature_panel,notice_date_plus_1_conservative,NOTICE_DATE governs availability; REPORT_DATE alone is not enough,lagged_level|rank_xsection
balance_sheet_report_em,cn_fundamental_akshare_batch_v1_20260531\aggregated_v1\balance_sheet_report_em\balance_sheet_report_em.parquet,SECURITY_CODE,instrument_key,key,false_key_only,announcement_pit_context,fundamental_pit_feature_panel,notice_date_plus_1_conservative,NOTICE_DATE governs availability; REPORT_DATE alone is not enough,lagged_level|rank_xsection
balance_sheet_report_em,cn_fundamental_akshare_batch_v1_20260531\aggregated_v1\balance_sheet_report_em\balance_sheet_report_em.parquet,SECURITY_NAME_ABBR,other,feature_candidate,true_after_notice_date,announcement_pit_context,fundamental_pit_feature_panel,notice_date_plus_1_conservative,NOTICE_DATE governs availability; REPORT_DATE alone is not enough,lagged_level|rank_xsection
balance_sheet_report_em,cn_fundamental_akshare_batch_v1_20260531\aggregated_v1\balance_sheet_report_em\balance_sheet_report_em.parquet,ORG_CODE,other,feature_candidate,true_after_notice_date,announcement_pit_context,fundamental_pit_feature_panel,notice_date_plus_1_conservative,NOTICE_DATE governs availability; REPORT_DATE alone is not enough,lagged_level|rank_xsection
balance_sheet_report_em,cn_fundamental_akshare_batch_v1_20260531\aggregated_v1\balance_sheet_report_em\balance_sheet_report_em.parquet,ORG_TYPE,fundamental,feature_candidate,true_after_notice_date,announcement_pit_context,fundamental_pit_feature_panel,notice_date_plus_1_conservative,NOTICE_DATE governs availability; REPORT_DATE alone is not enough,notice_lagged_latest|quarter_delta|ttm_proxy|rank_xsection|winsorize
balance_sheet_report_em,cn_fundamental_akshare_batch_v1_20260531\aggregated_v1\balance_sheet_report_em\balance_sheet_report_em.parquet,REPORT_DATE,date_key,key,false_key_only,announcement_pit_context,fundamental_pit_feature_panel,notice_date_plus_1_conservative,NOTICE_DATE governs availability; REPORT_DATE alone is not enough,lagged_level|rank_xsection
balance_sheet_report_em,cn_fundamental_akshare_batch_v1_20260531\aggregated_v1\balance_sheet_report_em\balance_sheet_report_em.parquet,REPORT_TYPE,fundamental,feature_candidate,true_after_notice_date,announcement_pit_context,fundamental_pit_feature_panel,notice_date_plus_1_conservative,NOTICE_DATE governs availability; REPORT_DATE alone is not enough,notice_lagged_latest|quarter_delta|ttm_proxy|rank_xsection|winsorize
balance_sheet_report_em,cn_fundamental_akshare_batch_v1_20260531\aggregated_v1\balance_sheet_report_em\balance_sheet_report_em.parquet,REPORT_DATE_NAME,date_key,key,false_key_only,announcement_pit_context,fundamental_pit_feature_panel,notice_date_plus_1_conservative,NOTICE_DATE governs availability; REPORT_DATE alone is not enough,lagged_level|rank_xsection
balance_sheet_report_em,cn_fundamental_akshare_batch_v1_20260531\aggregated_v1\balance_sheet_report_em\balance_sheet_report_em.parquet,SECURITY_TYPE_CODE,fundamental,feature_candidate,true_after_notice_date,announcement_pit_context,fundamental_pit_feature_panel,notice_date_plus_1_conservative,NOTICE_DATE governs availability; REPORT_DATE alone is not enough,notice_lagged_latest|quarter_delta|ttm_proxy|rank_xsection|winsorize
balance_sheet_report_em,cn_fundamental_akshare_batch_v1_20260531\aggregated_v1\balance_sheet_report_em\balance_sheet_report_em.parquet,NOTICE_DATE,date_key,key,false_key_only,announcement_pit_context,fundamental_pit_feature_panel,notice_date_plus_1_conservative,NOTICE_DATE governs availability; REPORT_DATE alone is not enough,lagged_level|rank_xsection
balance_sheet_report_em,cn_fundamental_akshare_batch_v1_20260531\aggregated_v1\balance_sheet_report_em\balance_sheet_report_em.parquet,UPDATE_DATE,date_key,key,false_key_only,announcement_pit_context,fundamental_pit_feature_panel,notice_date_plus_1_conservative,NOTICE_DATE governs availability; REPORT_DATE alone is not enough,lagged_level|rank_xsection
balance_sheet_report_em,cn_fundamental_akshare_batch_v1_20260531\aggregated_v1\balance_sheet_report_em\balance_sheet_report_em.parquet,CURRENCY,other,feature_candidate,true_after_notice_date,announcement_pit_context,fundamental_pit_feature_panel,notice_date_plus_1_conservative,NOTICE_DATE governs availability; REPORT_DATE alone is not enough,lagged_level|rank_xsection
balance_sheet_report_em,cn_fundamental_akshare_batch_v1_20260531\aggregated_v1\balance_sheet_report_em\balance_sheet_report_em.parquet,ACCEPT_DEPOSIT_INTERBANK,other,feature_candidate,true_after_notice_date,announcement_pit_context,fundamental_pit_feature_panel,notice_date_plus_1_conservative,NOTICE_DATE governs availability; REPORT_DATE alone is not enough,lagged_level|rank_xsection
balance_sheet_report_em,cn_fundamental_akshare_batch_v1_20260531\aggregated_v1\balance_sheet_report_em\balance_sheet_report_em.parquet,ACCOUNTS_PAYABLE,other,feature_candidate,true_after_notice_date,announcement_pit_context,fundamental_pit_feature_panel,notice_date_plus_1_conservative,NOTICE_DATE governs availability; REPORT_DATE alone is not enough,lagged_level|rank_xsection
balance_sheet_report_em,cn_fundamental_akshare_batch_v1_20260531\aggregated_v1\balance_sheet_report_em\balance_sheet_report_em.parquet,ACCOUNTS_RECE,other,feature_candidate,true_after_notice_date,announcement_pit_context,fundamental_pit_feature_panel,notice_date_plus_1_conservative,NOTICE_DATE governs availability; REPORT_DATE alone is not enough,lagged_level|rank_xsection
balance_sheet_report_em,cn_fundamental_akshare_batch_v1_20260531\aggregated_v1\balance_sheet_report_em\balance_sheet_report_em.parquet,ACCRUED_EXPENSE,fundamental,feature_candidate,true_after_notice_date,announcement_pit_context,fundamental_pit_feature_panel,notice_date_plus_1_conservative,NOTICE_DATE governs availability; REPORT_DATE alone is not enough,notice_lagged_latest|quarter_delta|ttm_proxy|rank_xsection|winsorize
balance_sheet_report_em,cn_fundamental_akshare_batch_v1_20260531\aggregated_v1\balance_sheet_report_em\balance_sheet_report_em.parquet,ADVANCE_RECEIVABLES,other,feature_candidate,true_after_notice_date,announcement_pit_context,fundamental_pit_feature_panel,notice_date_plus_1_conservative,NOTICE_DATE governs availability; REPORT_DATE alone is not enough,lagged_level|rank_xsection
balance_sheet_report_em,cn_fundamental_akshare_batch_v1_20260531\aggregated_v1\balance_sheet_report_em\balance_sheet_report_em.parquet,AGENT_TRADE_SECURITY,other,feature_candidate,true_after_notice_date,announcement_pit_context,fundamental_pit_feature_panel,notice_date_plus_1_conservative,NOTICE_DATE governs availability; REPORT_DATE alone is not enough,lagged_level|rank_xsection
balance_sheet_report_em,cn_fundamental_akshare_batch_v1_20260531\aggregated_v1\balance_sheet_report_em\balance_sheet_report_em.parquet,AGENT_UNDERWRITE_SECURITY,other,feature_candidate,true_after_notice_date,announcement_pit_context,fundamental_pit_feature_panel,notice_date_plus_1_conservative,NOTICE_DATE governs availability; REPORT_DATE alone is not enough,lagged_level|rank_xsection
balance_sheet_report_em,cn_fundamental_akshare_batch_v1_20260531\aggregated_v1\balance_sheet_report_em\balance_sheet_report_em.parquet,AMORTIZE_COST_FINASSET,fundamental,feature_candidate,true_after_notice_date,announcement_pit_context,fundamental_pit_feature_panel,notice_date_plus_1_conservative,NOTICE_DATE governs availability; REPORT_DATE alone is not enough,notice_lagged_latest|quarter_delta|ttm_proxy|rank_xsection|winsorize
balance_sheet_report_em,cn_fundamental_akshare_batch_v1_20260531\aggregated_v1\balance_sheet_report_em\balance_sheet_report_em.parquet,AMORTIZE_COST_FINLIAB,fundamental,feature_candidate,true_after_notice_date,announcement_pit_context,fundamental_pit_feature_panel,notice_date_plus_1_conservative,NOTICE_DATE governs availability; REPORT_DATE alone is not enough,notice_lagged_latest|quarter_delta|ttm_proxy|rank_xsection|winsorize
balance_sheet_report_em,cn_fundamental_akshare_batch_v1_20260531\aggregated_v1\balance_sheet_report_em\balance_sheet_report_em.parquet,AMORTIZE_COST_NCFINASSET,fundamental,feature_candidate,true_after_notice_date,announcement_pit_context,fundamental_pit_feature_panel,notice_date_plus_1_conservative,NOTICE_DATE governs availability; REPORT_DATE alone is not enough,notice_lagged_latest|quarter_delta|ttm_proxy|rank_xsection|winsorize
balance_sheet_report_em,cn_fundamental_akshare_batch_v1_20260531\aggregated_v1\balance_sheet_report_em\balance_sheet_report_em.parquet,AMORTIZE_COST_NCFINLIAB,fundamental,feature_candidate,true_after_notice_date,announcement_pit_context,fundamental_pit_feature_panel,notice_date_plus_1_conservative,NOTICE_DATE governs availability; REPORT_DATE alone is not enough,notice_lagged_latest|quarter_delta|ttm_proxy|rank_xsection|winsorize
balance_sheet_report_em,cn_fundamental_akshare_batch_v1_20260531\aggregated_v1\balance_sheet_report_em\balance_sheet_report_em.parquet,APPOINT_FVTPL_FINASSET,fundamental,feature_candidate,true_after_notice_date,announcement_pit_context,fundamental_pit_feature_panel,notice_date_plus_1_conservative,NOTICE_DATE governs availability; REPORT_DATE alone is not enough,notice_lagged_latest|quarter_delta|ttm_proxy|rank_xsection|winsorize
balance_sheet_report_em,cn_fundamental_akshare_batch_v1_20260531\aggregated_v1\balance_sheet_report_em\balance_sheet_report_em.parquet,APPOINT_FVTPL_FINLIAB,fundamental,feature_candidate,true_after_notice_date,announcement_pit_context,fundamental_pit_feature_panel,notice_date_plus_1_conservative,NOTICE_DATE governs availability; REPORT_DATE alone is not enough,notice_lagged_latest|quarter_delta|ttm_proxy|rank_xsection|winsorize
balance_sheet_report_em,cn_fundamental_akshare_batch_v1_20260531\aggregated_v1\balance_sheet_report_em\balance_sheet_report_em.parquet,ASSET_BALANCE,fundamental,feature_candidate,true_after_notice_date,announcement_pit_context,fundamental_pit_feature_panel,notice_date_plus_1_conservative,NOTICE_DATE governs availability; REPORT_DATE alone is not enough,notice_lagged_latest|quarter_delta|ttm_proxy|rank_xsection|winsorize
balance_sheet_report_em,cn_fundamental_akshare_batch_v1_20260531\aggregated_v1\balance_sheet_report_em\balance_sheet_report_em.parquet,ASSET_OTHER,fundamental,feature_candidate,true_after_notice_date,announcement_pit_context,fundamental_pit_feature_panel,notice_date_plus_1_conservative,NOTICE_DATE governs availability; REPORT_DATE alone is not enough,notice_lagged_latest|quarter_delta|ttm_proxy|rank_xsection|winsorize
balance_sheet_report_em,cn_fundamental_akshare_batch_v1_20260531\aggregated_v1\balance_sheet_report_em\balance_sheet_report_em.parquet,ASSIGN_CASH_DIVIDEND,fundamental,feature_candidate,true_after_notice_date,announcement_pit_context,fundamental_pit_feature_panel,notice_date_plus_1_conservative,NOTICE_DATE governs availability; REPORT_DATE alone is not enough,notice_lagged_latest|quarter_delta|ttm_proxy|rank_xsection|winsorize
balance_sheet_report_em,cn_fundamental_akshare_batch_v1_20260531\aggregated_v1\balance_sheet_report_em\balance_sheet_report_em.parquet,AVAILABLE_SALE_FINASSET,fundamental,feature_candidate,true_after_notice_date,announcement_pit_context,fundamental_pit_feature_panel,notice_date_plus_1_conservative,NOTICE_DATE governs availability; REPORT_DATE alone is not enough,notice_lagged_latest|quarter_delta|ttm_proxy|rank_xsection|winsorize
balance_sheet_report_em,cn_fundamental_akshare_batch_v1_20260531\aggregated_v1\balance_sheet_report_em\balance_sheet_report_em.parquet,BOND_PAYABLE,other,feature_candidate,true_after_notice_date,announcement_pit_context,fundamental_pit_feature_panel,notice_date_plus_1_conservative,NOTICE_DATE governs availability; REPORT_DATE alone is not enough,lagged_level|rank_xsection
balance_sheet_report_em,cn_fundamental_akshare_batch_v1_20260531\aggregated_v1\balance_sheet_report_em\balance_sheet_report_em.parquet,BORROW_FUND,other,feature_candidate,true_after_notice_date,announcement_pit_context,fundamental_pit_feature_panel,notice_date_plus_1_conservative,NOTICE_DATE governs availability; REPORT_DATE alone is not enough,lagged_level|rank_xsection
balance_sheet_report_em,cn_fundamental_akshare_batch_v1_20260531\aggregated_v1\balance_sheet_report_em\balance_sheet_report_em.parquet,BUY_RESALE_FINASSET,fundamental,feature_candidate,true_after_notice_date,announcement_pit_context,fundamental_pit_feature_panel,notice_date_plus_1_conservative,NOTICE_DATE governs availability; REPORT_DATE alone is not enough,notice_lagged_latest|quarter_delta|ttm_proxy|rank_xsection|winsorize
balance_sheet_report_em,cn_fundamental_akshare_batch_v1_20260531\aggregated_v1\balance_sheet_report_em\balance_sheet_report_em.parquet,CAPITAL_RESERVE,other,feature_candidate,true_after_notice_date,announcement_pit_context,fundamental_pit_feature_panel,notice_date_plus_1_conservative,NOTICE_DATE governs availability; REPORT_DATE alone is not enough,lagged_level|rank_xsection
balance_sheet_report_em,cn_fundamental_akshare_batch_v1_20260531\aggregated_v1\balance_sheet_report_em\balance_sheet_report_em.parquet,CIP,other,feature_candidate,true_after_notice_date,announcement_pit_context,fundamental_pit_feature_panel,notice_date_plus_1_conservative,NOTICE_DATE governs availability; REPORT_DATE alone is not enough,lagged_level|rank_xsection
balance_sheet_report_em,cn_fundamental_akshare_batch_v1_20260531\aggregated_v1\balance_sheet_report_em\balance_sheet_report_em.parquet,CONSUMPTIVE_BIOLOGICAL_ASSET,fundamental,feature_candidate,true_after_notice_date,announcement_pit_context,fundamental_pit_feature_panel,notice_date_plus_1_conservative,NOTICE_DATE governs availability; REPORT_DATE alone is not enough,notice_lagged_latest|quarter_delta|ttm_proxy|rank_xsection|winsorize
balance_sheet_report_em,cn_fundamental_akshare_batch_v1_20260531\aggregated_v1\balance_sheet_report_em\balance_sheet_report_em.parquet,CONTRACT_ASSET,fundamental,feature_candidate,true_after_notice_date,announcement_pit_context,fundamental_pit_feature_panel,notice_date_plus_1_conservative,NOTICE_DATE governs availability; REPORT_DATE alone is not enough,notice_lagged_latest|quarter_delta|ttm_proxy|rank_xsection|winsorize
balance_sheet_report_em,cn_fundamental_akshare_batch_v1_20260531\aggregated_v1\balance_sheet_report_em\balance_sheet_report_em.parquet,CONTRACT_LIAB,fundamental,feature_candidate,true_after_notice_date,announcement_pit_context,fundamental_pit_feature_panel,notice_date_plus_1_conservative,NOTICE_DATE governs availability; REPORT_DATE alone is not enough,notice_lagged_latest|quarter_delta|ttm_proxy|rank_xsection|winsorize
balance_sheet_report_em,cn_fundamental_akshare_batch_v1_20260531\aggregated_v1\balance_sheet_report_em\balance_sheet_report_em.parquet,CONVERT_DIFF,other,feature_candidate,true_after_notice_date,announcement_pit_context,fundamental_pit_feature_panel,notice_date_plus_1_conservative,NOTICE_DATE governs availability; REPORT_DATE alone is not enough,lagged_level|rank_xsection
balance_sheet_report_em,cn_fundamental_akshare_batch_v1_20260531\aggregated_v1\balance_sheet_report_em\balance_sheet_report_em.parquet,CREDITOR_INVEST,other,feature_candidate,true_after_notice_date,announcement_pit_context,fundamental_pit_feature_panel,notice_date_plus_1_conservative,NOTICE_DATE governs availability; REPORT_DATE alone is not enough,lagged_level|rank_xsection
balance_sheet_report_em,cn_fundamental_akshare_batch_v1_20260531\aggregated_v1\balance_sheet_report_em\balance_sheet_report_em.parquet,CURRENT_ASSET_BALANCE,fundamental,feature_candidate,true_after_notice_date,announcement_pit_context,fundamental_pit_feature_panel,notice_date_plus_1_conservative,NOTICE_DATE governs availability; REPORT_DATE alone is not enough,notice_lagged_latest|quarter_delta|ttm_proxy|rank_xsection|winsorize
balance_sheet_report_em,cn_fundamental_akshare_batch_v1_20260531\aggregated_v1\balance_sheet_report_em\balance_sheet_report_em.parquet,CURRENT_ASSET_OTHER,fundamental,feature_candidate,true_after_notice_date,announcement_pit_context,fundamental_pit_feature_panel,notice_date_plus_1_conservative,NOTICE_DATE governs availability; REPORT_DATE alone is not enough,notice_lagged_latest|quarter_delta|ttm_proxy|rank_xsection|winsorize
balance_sheet_report_em,cn_fundamental_akshare_batch_v1_20260531\aggregated_v1\balance_sheet_report_em\balance_sheet_report_em.parquet,CURRENT_LIAB_BALANCE,fundamental,feature_candidate,true_after_notice_date,announcement_pit_context,fundamental_pit_feature_panel,notice_date_plus_1_conservative,NOTICE_DATE governs availability; REPORT_DATE alone is not enough,notice_lagged_latest|quarter_delta|ttm_proxy|rank_xsection|winsorize
balance_sheet_report_em,cn_fundamental_akshare_batch_v1_20260531\aggregated_v1\balance_sheet_report_em\balance_sheet_report_em.parquet,CURRENT_LIAB_OTHER,fundamental,feature_candidate,true_after_notice_date,announcement_pit_context,fundamental_pit_feature_panel,notice_date_plus_1_conservative,NOTICE_DATE governs availability; REPORT_DATE alone is not enough,notice_lagged_latest|quarter_delta|ttm_proxy|rank_xsection|winsorize
balance_sheet_report_em,cn_fundamental_akshare_batch_v1_20260531\aggregated_v1\balance_sheet_report_em\balance_sheet_report_em.parquet,DEFER_INCOME,fundamental,feature_candidate,true_after_notice_date,announcement_pit_context,fundamental_pit_feature_panel,notice_date_plus_1_conservative,NOTICE_DATE governs availability; REPORT_DATE alone is not enough,notice_lagged_latest|quarter_delta|ttm_proxy|rank_xsection|winsorize
balance_sheet_report_em,cn_fundamental_akshare_batch_v1_20260531\aggregated_v1\balance_sheet_report_em\balance_sheet_report_em.parquet,DEFER_INCOME_1YEAR,fundamental,feature_candidate,true_after_notice_date,announcement_pit_context,fundamental_pit_feature_panel,notice_date_plus_1_conservative,NOTICE_DATE governs availability; REPORT_DATE alone is not enough,notice_lagged_latest|quarter_delta|ttm_proxy|rank_xsection|winsorize
balance_sheet_report_em,cn_fundamental_akshare_batch_v1_20260531\aggregated_v1\balance_sheet_report_em\balance_sheet_report_em.parquet,DEFER_TAX_ASSET,fundamental,feature_candidate,true_after_notice_date,announcement_pit_context,fundamental_pit_feature_panel,notice_date_plus_1_conservative,NOTICE_DATE governs availability; REPORT_DATE alone is not enough,notice_lagged_latest|quarter_delta|ttm_proxy|rank_xsection|winsorize
balance_sheet_report_em,cn_fundamental_akshare_batch_v1_20260531\aggregated_v1\balance_sheet_report_em\balance_sheet_report_em.parquet,DEFER_TAX_LIAB,fundamental,feature_candidate,true_after_notice_date,announcement_pit_context,fundamental_pit_feature_panel,notice_date_plus_1_conservative,NOTICE_DATE governs availability; REPORT_DATE alone is not enough,notice_lagged_latest|quarter_delta|ttm_proxy|rank_xsection|winsorize
balance_sheet_report_em,cn_fundamental_akshare_batch_v1_20260531\aggregated_v1\balance_sheet_report_em\balance_sheet_report_em.parquet,DERIVE_FINASSET,fundamental,feature_candidate,true_after_notice_date,announcement_pit_context,fundamental_pit_feature_panel,notice_date_plus_1_conservative,NOTICE_DATE governs availability; REPORT_DATE alone is not enough,notice_lagged_latest|quarter_delta|ttm_proxy|rank_xsection|winsorize
balance_sheet_report_em,cn_fundamental_akshare_batch_v1_20260531\aggregated_v1\balance_sheet_report_em\balance_sheet_report_em.parquet,DERIVE_FINLIAB,fundamental,feature_candidate,true_after_notice_date,announcement_pit_context,fundamental_pit_feature_panel,notice_date_plus_1_conservative,NOTICE_DATE governs availability; REPORT_DATE alone is not enough,notice_lagged_latest|quarter_delta|ttm_proxy|rank_xsection|winsorize
balance_sheet_report_em,cn_fundamental_akshare_batch_v1_20260531\aggregated_v1\balance_sheet_report_em\balance_sheet_report_em.parquet,DEVELOP_EXPENSE,fundamental,feature_candidate,true_after_notice_date,announcement_pit_context,fundamental_pit_feature_panel,notice_date_plus_1_conservative,NOTICE_DATE governs availability; REPORT_DATE alone is not enough,notice_lagged_latest|quarter_delta|ttm_proxy|rank_xsection|winsorize
balance_sheet_report_em,cn_fundamental_akshare_batch_v1_20260531\aggregated_v1\balance_sheet_report_em\balance_sheet_report_em.parquet,DIV_HOLDSALE_ASSET,fundamental,feature_candidate,true_after_notice_date,announcement_pit_context,fundamental_pit_feature_panel,notice_date_plus_1_conservative,NOTICE_DATE governs availability; REPORT_DATE alone is not enough,notice_lagged_latest|quarter_delta|ttm_proxy|rank_xsection|winsorize
balance_sheet_report_em,cn_fundamental_akshare_batch_v1_20260531\aggregated_v1\balance_sheet_report_em\balance_sheet_report_em.parquet,DIV_HOLDSALE_LIAB,fundamental,feature_candidate,true_after_notice_date,announcement_pit_context,fundamental_pit_feature_panel,notice_date_plus_1_conservative,NOTICE_DATE governs availability; REPORT_DATE alone is not enough,notice_lagged_latest|quarter_delta|ttm_proxy|rank_xsection|winsorize
balance_sheet_report_em,cn_fundamental_akshare_batch_v1_20260531\aggregated_v1\balance_sheet_report_em\balance_sheet_report_em.parquet,DIVIDEND_PAYABLE,other,feature_candidate,true_after_notice_date,announcement_pit_context,fundamental_pit_feature_panel,notice_date_plus_1_conservative,NOTICE_DATE governs availability; REPORT_DATE alone is not enough,lagged_level|rank_xsection
balance_sheet_report_em,cn_fundamental_akshare_batch_v1_20260531\aggregated_v1\balance_sheet_report_em\balance_sheet_report_em.parquet,DIVIDEND_RECE,other,feature_candidate,true_after_notice_date,announcement_pit_context,fundamental_pit_feature_panel,notice_date_plus_1_conservative,NOTICE_DATE governs availability; REPORT_DATE alone is not enough,lagged_level|rank_xsection
balance_sheet_report_em,cn_fundamental_akshare_batch_v1_20260531\aggregated_v1\balance_sheet_report_em\balance_sheet_report_em.parquet,EQUITY_BALANCE,other,feature_candidate,true_after_notice_date,announcement_pit_context,fundamental_pit_feature_panel,notice_date_plus_1_conservative,NOTICE_DATE governs availability; REPORT_DATE alone is not enough,lagged_level|rank_xsection
balance_sheet_report_em,cn_fundamental_akshare_batch_v1_20260531\aggregated_v1\balance_sheet_report_em\balance_sheet_report_em.parquet,EQUITY_OTHER,other,feature_candidate,true_after_notice_date,announcement_pit_context,fundamental_pit_feature_panel,notice_date_plus_1_conservative,NOTICE_DATE governs availability; REPORT_DATE alone is not enough,lagged_level|rank_xsection
balance_sheet_report_em,cn_fundamental_akshare_batch_v1_20260531\aggregated_v1\balance_sheet_report_em\balance_sheet_report_em.parquet,EXPORT_REFUND_RECE,other,feature_candidate,true_after_notice_date,announcement_pit_context,fundamental_pit_feature_panel,notice_date_plus_1_conservative,NOTICE_DATE governs availability; REPORT_DATE alone is not enough,lagged_level|rank_xsection
balance_sheet_report_em,cn_fundamental_akshare_batch_v1_20260531\aggregated_v1\balance_sheet_report_em\balance_sheet_report_em.parquet,FEE_COMMISSION_PAYABLE,other,feature_candidate,true_after_notice_date,announcement_pit_context,fundamental_pit_feature_panel,notice_date_plus_1_conservative,NOTICE_DATE governs availability; REPORT_DATE alone is not enough,lagged_level|rank_xsection
balance_sheet_report_em,cn_fundamental_akshare_batch_v1_20260531\aggregated_v1\balance_sheet_report_em\balance_sheet_report_em.parquet,FIN_FUND,other,feature_candidate,true_after_notice_date,announcement_pit_context,fundamental_pit_feature_panel,notice_date_plus_1_conservative,NOTICE_DATE governs availability; REPORT_DATE alone is not enough,lagged_level|rank_xsection
balance_sheet_report_em,cn_fundamental_akshare_batch_v1_20260531\aggregated_v1\balance_sheet_report_em\balance_sheet_report_em.parquet,FINANCE_RECE,other,feature_candidate,true_after_notice_date,announcement_pit_context,fundamental_pit_feature_panel,notice_date_plus_1_conservative,NOTICE_DATE governs availability; REPORT_DATE alone is not enough,lagged_level|rank_xsection
balance_sheet_report_em,cn_fundamental_akshare_batch_v1_20260531\aggregated_v1\balance_sheet_report_em\balance_sheet_report_em.parquet,FIXED_ASSET,fundamental,feature_candidate,true_after_notice_date,announcement_pit_context,fundamental_pit_feature_panel,notice_date_plus_1_conservative,NOTICE_DATE governs availability; REPORT_DATE alone is not enough,notice_lagged_latest|quarter_delta|ttm_proxy|rank_xsection|winsorize
balance_sheet_report_em,cn_fundamental_akshare_batch_v1_20260531\aggregated_v1\balance_sheet_report_em\balance_sheet_report_em.parquet,FIXED_ASSET_DISPOSAL,fundamental,feature_candidate,true_after_notice_date,announcement_pit_context,fundamental_pit_feature_panel,notice_date_plus_1_conservative,NOTICE_DATE governs availability; REPORT_DATE alone is not enough,notice_lagged_latest|quarter_delta|ttm_proxy|rank_xsection|winsorize
balance_sheet_report_em,cn_fundamental_akshare_batch_v1_20260531\aggregated_v1\balance_sheet_report_em\balance_sheet_report_em.parquet,FVTOCI_FINASSET,fundamental,feature_candidate,true_after_notice_date,announcement_pit_context,fundamental_pit_feature_panel,notice_date_plus_1_conservative,NOTICE_DATE governs availability; REPORT_DATE alone is not enough,notice_lagged_latest|quarter_delta|ttm_proxy|rank_xsection|winsorize
balance_sheet_report_em,cn_fundamental_akshare_batch_v1_20260531\aggregated_v1\balance_sheet_report_em\balance_sheet_report_em.parquet,FVTOCI_NCFINASSET,fundamental,feature_candidate,true_after_notice_date,announcement_pit_context,fundamental_pit_feature_panel,notice_date_plus_1_conservative,NOTICE_DATE governs availability; REPORT_DATE alone is not enough,notice_lagged_latest|quarter_delta|ttm_proxy|rank_xsection|winsorize
balance_sheet_report_em,cn_fundamental_akshare_batch_v1_20260531\aggregated_v1\balance_sheet_report_em\balance_sheet_report_em.parquet,FVTPL_FINASSET,fundamental,feature_candidate,true_after_notice_date,announcement_pit_context,fundamental_pit_feature_panel,notice_date_plus_1_conservative,NOTICE_DATE governs availability; REPORT_DATE alone is not enough,notice_lagged_latest|quarter_delta|ttm_proxy|rank_xsection|winsorize
balance_sheet_report_em,cn_fundamental_akshare_batch_v1_20260531\aggregated_v1\balance_sheet_report_em\balance_sheet_report_em.parquet,FVTPL_FINLIAB,fundamental,feature_candidate,true_after_notice_date,announcement_pit_context,fundamental_pit_feature_panel,notice_date_plus_1_conservative,NOTICE_DATE governs availability; REPORT_DATE alone is not enough,notice_lagged_latest|quarter_delta|ttm_proxy|rank_xsection|winsorize
balance_sheet_report_em,cn_fundamental_akshare_batch_v1_20260531\aggregated_v1\balance_sheet_report_em\balance_sheet_report_em.parquet,GENERAL_RISK_RESERVE,other,feature_candidate,true_after_notice_date,announcement_pit_context,fundamental_pit_feature_panel,notice_date_plus_1_conservative,NOTICE_DATE governs availability; REPORT_DATE alone is not enough,lagged_level|rank_xsection
balance_sheet_report_em,cn_fundamental_akshare_batch_v1_20260531\aggregated_v1\balance_sheet_report_em\balance_sheet_report_em.parquet,GOODWILL,fundamental,feature_candidate,true_after_notice_date,announcement_pit_context,fundamental_pit_feature_panel,notice_date_plus_1_conservative,NOTICE_DATE governs availability; REPORT_DATE alone is not enough,notice_lagged_latest|quarter_delta|ttm_proxy|rank_xsection|winsorize
balance_sheet_report_em,cn_fundamental_akshare_batch_v1_20260531\aggregated_v1\balance_sheet_report_em\balance_sheet_report_em.parquet,HOLD_MATURITY_INVEST,other,feature_candidate,true_after_notice_date,announcement_pit_context,fundamental_pit_feature_panel,notice_date_plus_1_conservative,NOTICE_DATE governs availability; REPORT_DATE alone is not enough,lagged_level|rank_xsection
balance_sheet_report_em,cn_fundamental_akshare_batch_v1_20260531\aggregated_v1\balance_sheet_report_em\balance_sheet_report_em.parquet,HOLDSALE_ASSET,fundamental,feature_candidate,true_after_notice_date,announcement_pit_context,fundamental_pit_feature_panel,notice_date_plus_1_conservative,NOTICE_DATE governs availability; REPORT_DATE alone is not enough,notice_lagged_latest|quarter_delta|ttm_proxy|rank_xsection|winsorize
balance_sheet_report_em,cn_fundamental_akshare_batch_v1_20260531\aggregated_v1\balance_sheet_report_em\balance_sheet_report_em.parquet,HOLDSALE_LIAB,fundamental,feature_candidate,true_after_notice_date,announcement_pit_context,fundamental_pit_feature_panel,notice_date_plus_1_conservative,NOTICE_DATE governs availability; REPORT_DATE alone is not enough,notice_lagged_latest|quarter_delta|ttm_proxy|rank_xsection|winsorize
balance_sheet_report_em,cn_fundamental_akshare_batch_v1_20260531\aggregated_v1\balance_sheet_report_em\balance_sheet_report_em.parquet,INSURANCE_CONTRACT_RESERVE,other,feature_candidate,true_after_notice_date,announcement_pit_context,fundamental_pit_feature_panel,notice_date_plus_1_conservative,NOTICE_DATE governs availability; REPORT_DATE alone is not enough,lagged_level|rank_xsection
balance_sheet_report_em,cn_fundamental_akshare_batch_v1_20260531\aggregated_v1\balance_sheet_report_em\balance_sheet_report_em.parquet,INTANGIBLE_ASSET,fundamental,feature_candidate,true_after_notice_date,announcement_pit_context,fundamental_pit_feature_panel,notice_date_plus_1_conservative,NOTICE_DATE governs availability; REPORT_DATE alone is not enough,notice_lagged_latest|quarter_delta|ttm_proxy|rank_xsection|winsorize
balance_sheet_report_em,cn_fundamental_akshare_batch_v1_20260531\aggregated_v1\balance_sheet_report_em\balance_sheet_report_em.parquet,INTEREST_PAYABLE,other,feature_candidate,true_after_notice_date,announcement_pit_context,fundamental_pit_feature_panel,notice_date_plus_1_conservative,NOTICE_DATE governs availability; REPORT_DATE alone is not enough,lagged_level|rank_xsection
balance_sheet_report_em,cn_fundamental_akshare_batch_v1_20260531\aggregated_v1\balance_sheet_report_em\balance_sheet_report_em.parquet,INTEREST_RECE,other,feature_candidate,true_after_notice_date,announcement_pit_context,fundamental_pit_feature_panel,notice_date_plus_1_conservative,NOTICE_DATE governs availability; REPORT_DATE alone is not enough,lagged_level|rank_xsection
balance_sheet_report_em,cn_fundamental_akshare_batch_v1_20260531\aggregated_v1\balance_sheet_report_em\balance_sheet_report_em.parquet,INTERNAL_PAYABLE,other,feature_candidate,true_after_notice_date,announcement_pit_context,fundamental_pit_feature_panel,notice_date_plus_1_conservative,NOTICE_DATE governs availability; REPORT_DATE alone is not enough,lagged_level|rank_xsection
balance_sheet_report_em,cn_fundamental_akshare_batch_v1_20260531\aggregated_v1\balance_sheet_report_em\balance_sheet_report_em.parquet,INTERNAL_RECE,other,feature_candidate,true_after_notice_date,announcement_pit_context,fundamental_pit_feature_panel,notice_date_plus_1_conservative,NOTICE_DATE governs availability; REPORT_DATE alone is not enough,lagged_level|rank_xsection
balance_sheet_report_em,cn_fundamental_akshare_batch_v1_20260531\aggregated_v1\balance_sheet_report_em\balance_sheet_report_em.parquet,INVENTORY,fundamental,feature_candidate,true_after_notice_date,announcement_pit_context,fundamental_pit_feature_panel,notice_date_plus_1_conservative,NOTICE_DATE governs availability; REPORT_DATE alone is not enough,notice_lagged_latest|quarter_delta|ttm_proxy|rank_xsection|winsorize
balance_sheet_report_em,cn_fundamental_akshare_batch_v1_20260531\aggregated_v1\balance_sheet_report_em\balance_sheet_report_em.parquet,INVEST_REALESTATE,other,feature_candidate,true_after_notice_date,announcement_pit_context,fundamental_pit_feature_panel,notice_date_plus_1_conservative,NOTICE_DATE governs availability; REPORT_DATE alone is not enough,lagged_level|rank_xsection
balance_sheet_report_em,cn_fundamental_akshare_batch_v1_20260531\aggregated_v1\balance_sheet_report_em\balance_sheet_report_em.parquet,LEASE_LIAB,fundamental,feature_candidate,true_after_notice_date,announcement_pit_context,fundamental_pit_feature_panel,notice_date_plus_1_conservative,NOTICE_DATE governs availability; REPORT_DATE alone is not enough,notice_lagged_latest|quarter_delta|ttm_proxy|rank_xsection|winsorize
balance_sheet_report_em,cn_fundamental_akshare_batch_v1_20260531\aggregated_v1\balance_sheet_report_em\balance_sheet_report_em.parquet,LEND_FUND,other,feature_candidate,true_after_notice_date,announcement_pit_context,fundamental_pit_feature_panel,notice_date_plus_1_conservative,NOTICE_DATE governs availability; REPORT_DATE alone is not enough,lagged_level|rank_xsection
balance_sheet_report_em,cn_fundamental_akshare_batch_v1_20260531\aggregated_v1\balance_sheet_report_em\balance_sheet_report_em.parquet,LIAB_BALANCE,fundamental,feature_candidate,true_after_notice_date,announcement_pit_context,fundamental_pit_feature_panel,notice_date_plus_1_conservative,NOTICE_DATE governs availability; REPORT_DATE alone is not enough,notice_lagged_latest|quarter_delta|ttm_proxy|rank_xsection|winsorize
balance_sheet_report_em,cn_fundamental_akshare_batch_v1_20260531\aggregated_v1\balance_sheet_report_em\balance_sheet_report_em.parquet,LIAB_EQUITY_BALANCE,fundamental,feature_candidate,true_after_notice_date,announcement_pit_context,fundamental_pit_feature_panel,notice_date_plus_1_conservative,NOTICE_DATE governs availability; REPORT_DATE alone is not enough,notice_lagged_latest|quarter_delta|ttm_proxy|rank_xsection|winsorize
balance_sheet_report_em,cn_fundamental_akshare_batch_v1_20260531\aggregated_v1\balance_sheet_report_em\balance_sheet_report_em.parquet,LIAB_EQUITY_OTHER,fundamental,feature_candidate,true_after_notice_date,announcement_pit_context,fundamental_pit_feature_panel,notice_date_plus_1_conservative,NOTICE_DATE governs availability; REPORT_DATE alone is not enough,notice_lagged_latest|quarter_delta|ttm_proxy|rank_xsection|winsorize
balance_sheet_report_em,cn_fundamental_akshare_batch_v1_20260531\aggregated_v1\balance_sheet_report_em\balance_sheet_report_em.parquet,LIAB_OTHER,fundamental,feature_candidate,true_after_notice_date,announcement_pit_context,fundamental_pit_feature_panel,notice_date_plus_1_conservative,NOTICE_DATE governs availability; REPORT_DATE alone is not enough,notice_lagged_latest|quarter_delta|ttm_proxy|rank_xsection|winsorize
balance_sheet_report_em,cn_fundamental_akshare_batch_v1_20260531\aggregated_v1\balance_sheet_report_em\balance_sheet_report_em.parquet,LOAN_ADVANCE,other,feature_candidate,true_after_notice_date,announcement_pit_context,fundamental_pit_feature_panel,notice_date_plus_1_conservative,NOTICE_DATE governs availability; REPORT_DATE alone is not enough,lagged_level|rank_xsection
balance_sheet_report_em,cn_fundamental_akshare_batch_v1_20260531\aggregated_v1\balance_sheet_report_em\balance_sheet_report_em.parquet,LOAN_PBC,fundamental,feature_candidate,true_after_notice_date,announcement_pit_context,fundamental_pit_feature_panel,notice_date_plus_1_conservative,NOTICE_DATE governs availability; REPORT_DATE alone is not enough,notice_lagged_latest|quarter_delta|ttm_proxy|rank_xsection|winsorize
balance_sheet_report_em,cn_fundamental_akshare_batch_v1_20260531\aggregated_v1\balance_sheet_report_em\balance_sheet_report_em.parquet,LONG_EQUITY_INVEST,other,feature_candidate,true_after_notice_date,announcement_pit_context,fundamental_pit_feature_panel,notice_date_plus_1_conservative,NOTICE_DATE governs availability; REPORT_DATE alone is not enough,lagged_level|rank_xsection
balance_sheet_report_em,cn_fundamental_akshare_batch_v1_20260531\aggregated_v1\balance_sheet_report_em\balance_sheet_report_em.parquet,LONG_LOAN,other,feature_candidate,true_after_notice_date,announcement_pit_context,fundamental_pit_feature_panel,notice_date_plus_1_conservative,NOTICE_DATE governs availability; REPORT_DATE alone is not enough,lagged_level|rank_xsection
balance_sheet_report_em,cn_fundamental_akshare_batch_v1_20260531\aggregated_v1\balance_sheet_report_em\balance_sheet_report_em.parquet,LONG_PAYABLE,other,feature_candidate,true_after_notice_date,announcement_pit_context,fundamental_pit_feature_panel,notice_date_plus_1_conservative,NOTICE_DATE governs availability; REPORT_DATE alone is not enough,lagged_level|rank_xsection
balance_sheet_report_em,cn_fundamental_akshare_batch_v1_20260531\aggregated_v1\balance_sheet_report_em\balance_sheet_report_em.parquet,LONG_PREPAID_EXPENSE,fundamental,feature_candidate,true_after_notice_date,announcement_pit_context,fundamental_pit_feature_panel,notice_date_plus_1_conservative,NOTICE_DATE governs availability; REPORT_DATE alone is not enough,notice_lagged_latest|quarter_delta|ttm_proxy|rank_xsection|winsorize
balance_sheet_report_em,cn_fundamental_akshare_batch_v1_20260531\aggregated_v1\balance_sheet_report_em\balance_sheet_report_em.parquet,LONG_RECE,other,feature_candidate,true_after_notice_date,announcement_pit_context,fundamental_pit_feature_panel,notice_date_plus_1_conservative,NOTICE_DATE governs availability; REPORT_DATE alone is not enough,lagged_level|rank_xsection
balance_sheet_report_em,cn_fundamental_akshare_batch_v1_20260531\aggregated_v1\balance_sheet_report_em\balance_sheet_report_em.parquet,LONG_STAFFSALARY_PAYABLE,other,feature_candidate,true_after_notice_date,announcement_pit_context,fundamental_pit_feature_panel,notice_date_plus_1_conservative,NOTICE_DATE governs availability; REPORT_DATE alone is not enough,lagged_level|rank_xsection
balance_sheet_report_em,cn_fundamental_akshare_batch_v1_20260531\aggregated_v1\balance_sheet_report_em\balance_sheet_report_em.parquet,MINORITY_EQUITY,other,feature_candidate,true_after_notice_date,announcement_pit_context,fundamental_pit_feature_panel,notice_date_plus_1_conservative,NOTICE_DATE governs availability; REPORT_DATE alone is not enough,lagged_level|rank_xsection
balance_sheet_report_em,cn_fundamental_akshare_batch_v1_20260531\aggregated_v1\balance_sheet_report_em\balance_sheet_report_em.parquet,MONETARYFUNDS,disclosure_event,feature_candidate,true_after_notice_date,announcement_pit_context,fundamental_pit_feature_panel,notice_date_plus_1_conservative,NOTICE_DATE governs availability; REPORT_DATE alone is not enough,event_flag|event_age|net_buy_sell_ratio|matched_control_required
balance_sheet_report_em,cn_fundamental_akshare_batch_v1_20260531\aggregated_v1\balance_sheet_report_em\balance_sheet_report_em.parquet,NONCURRENT_ASSET_1YEAR,fundamental,feature_candidate,true_after_notice_date,announcement_pit_context,fundamental_pit_feature_panel,notice_date_plus_1_conservative,NOTICE_DATE governs availability; REPORT_DATE alone is not enough,notice_lagged_latest|quarter_delta|ttm_proxy|rank_xsection|winsorize
balance_sheet_report_em,cn_fundamental_akshare_batch_v1_20260531\aggregated_v1\balance_sheet_report_em\balance_sheet_report_em.parquet,NONCURRENT_ASSET_BALANCE,fundamental,feature_candidate,true_after_notice_date,announcement_pit_context,fundamental_pit_feature_panel,notice_date_plus_1_conservative,NOTICE_DATE governs availability; REPORT_DATE alone is not enough,notice_lagged_latest|quarter_delta|ttm_proxy|rank_xsection|winsorize
balance_sheet_report_em,cn_fundamental_akshare_batch_v1_20260531\aggregated_v1\balance_sheet_report_em\balance_sheet_report_em.parquet,NONCURRENT_ASSET_OTHER,fundamental,feature_candidate,true_after_notice_date,announcement_pit_context,fundamental_pit_feature_panel,notice_date_plus_1_conservative,NOTICE_DATE governs availability; REPORT_DATE alone is not enough,notice_lagged_latest|quarter_delta|ttm_proxy|rank_xsection|winsorize
balance_sheet_report_em,cn_fundamental_akshare_batch_v1_20260531\aggregated_v1\balance_sheet_report_em\balance_sheet_report_em.parquet,NONCURRENT_LIAB_1YEAR,fundamental,feature_candidate,true_after_notice_date,announcement_pit_context,fundamental_pit_feature_panel,notice_date_plus_1_conservative,NOTICE_DATE governs availability; REPORT_DATE alone is not enough,notice_lagged_latest|quarter_delta|ttm_proxy|rank_xsection|winsorize
balance_sheet_report_em,cn_fundamental_akshare_batch_v1_20260531\aggregated_v1\balance_sheet_report_em\balance_sheet_report_em.parquet,NONCURRENT_LIAB_BALANCE,fundamental,feature_candidate,true_after_notice_date,announcement_pit_context,fundamental_pit_feature_panel,notice_date_plus_1_conservative,NOTICE_DATE governs availability; REPORT_DATE alone is not enough,notice_lagged_latest|quarter_delta|ttm_proxy|rank_xsection|winsorize
balance_sheet_report_em,cn_fundamental_akshare_batch_v1_20260531\aggregated_v1\balance_sheet_report_em\balance_sheet_report_em.parquet,NONCURRENT_LIAB_OTHER,fundamental,feature_candidate,true_after_notice_date,announcement_pit_context,fundamental_pit_feature_panel,notice_date_plus_1_conservative,NOTICE_DATE governs availability; REPORT_DATE alone is not enough,notice_lagged_latest|quarter_delta|ttm_proxy|rank_xsection|winsorize
balance_sheet_report_em,cn_fundamental_akshare_batch_v1_20260531\aggregated_v1\balance_sheet_report_em\balance_sheet_report_em.parquet,NOTE_ACCOUNTS_PAYABLE,other,feature_candidate,true_after_notice_date,announcement_pit_context,fundamental_pit_feature_panel,notice_date_plus_1_conservative,NOTICE_DATE governs availability; REPORT_DATE alone is not enough,lagged_level|rank_xsection
balance_sheet_report_em,cn_fundamental_akshare_batch_v1_20260531\aggregated_v1\balance_sheet_report_em\balance_sheet_report_em.parquet,NOTE_ACCOUNTS_RECE,other,feature_candidate,true_after_notice_date,announcement_pit_context,fundamental_pit_feature_panel,notice_date_plus_1_conservative,NOTICE_DATE governs availability; REPORT_DATE alone is not enough,lagged_level|rank_xsection
balance_sheet_report_em,cn_fundamental_akshare_batch_v1_20260531\aggregated_v1\balance_sheet_report_em\balance_sheet_report_em.parquet,NOTE_PAYABLE,other,feature_candidate,true_after_notice_date,announcement_pit_context,fundamental_pit_feature_panel,notice_date_plus_1_conservative,NOTICE_DATE governs availability; REPORT_DATE alone is not enough,lagged_level|rank_xsection
balance_sheet_report_em,cn_fundamental_akshare_batch_v1_20260531\aggregated_v1\balance_sheet_report_em\balance_sheet_report_em.parquet,NOTE_RECE,other,feature_candidate,true_after_notice_date,announcement_pit_context,fundamental_pit_feature_panel,notice_date_plus_1_conservative,NOTICE_DATE governs availability; REPORT_DATE alone is not enough,lagged_level|rank_xsection
balance_sheet_report_em,cn_fundamental_akshare_batch_v1_20260531\aggregated_v1\balance_sheet_report_em\balance_sheet_report_em.parquet,OIL_GAS_ASSET,fundamental,feature_candidate,true_after_notice_date,announcement_pit_context,fundamental_pit_feature_panel,notice_date_plus_1_conservative,NOTICE_DATE governs availability; REPORT_DATE alone is not enough,notice_lagged_latest|quarter_delta|ttm_proxy|rank_xsection|winsorize
balance_sheet_report_em,cn_fundamental_akshare_batch_v1_20260531\aggregated_v1\balance_sheet_report_em\balance_sheet_report_em.parquet,OTHER_COMPRE_INCOME,fundamental,feature_candidate,true_after_notice_date,announcement_pit_context,fundamental_pit_feature_panel,notice_date_plus_1_conservative,NOTICE_DATE governs availability; REPORT_DATE alone is not enough,notice_lagged_latest|quarter_delta|ttm_proxy|rank_xsection|winsorize
balance_sheet_report_em,cn_fundamental_akshare_batch_v1_20260531\aggregated_v1\balance_sheet_report_em\balance_sheet_report_em.parquet,OTHER_CREDITOR_INVEST,other,feature_candidate,true_after_notice_date,announcement_pit_context,fundamental_pit_feature_panel,notice_date_plus_1_conservative,NOTICE_DATE governs availability; REPORT_DATE alone is not enough,lagged_level|rank_xsection
balance_sheet_report_em,cn_fundamental_akshare_batch_v1_20260531\aggregated_v1\balance_sheet_report_em\balance_sheet_report_em.parquet,OTHER_CURRENT_ASSET,fundamental,feature_candidate,true_after_notice_date,announcement_pit_context,fundamental_pit_feature_panel,notice_date_plus_1_conservative,NOTICE_DATE governs availability; REPORT_DATE alone is not enough,notice_lagged_latest|quarter_delta|ttm_proxy|rank_xsection|winsorize
balance_sheet_report_em,cn_fundamental_akshare_batch_v1_20260531\aggregated_v1\balance_sheet_report_em\balance_sheet_report_em.parquet,OTHER_CURRENT_LIAB,fundamental,feature_candidate,true_after_notice_date,announcement_pit_context,fundamental_pit_feature_panel,notice_date_plus_1_conservative,NOTICE_DATE governs availability; REPORT_DATE alone is not enough,notice_lagged_latest|quarter_delta|ttm_proxy|rank_xsection|winsorize
balance_sheet_report_em,cn_fundamental_akshare_batch_v1_20260531\aggregated_v1\balance_sheet_report_em\balance_sheet_report_em.parquet,OTHER_EQUITY_INVEST,other,feature_candidate,true_after_notice_date,announcement_pit_context,fundamental_pit_feature_panel,notice_date_plus_1_conservative,NOTICE_DATE governs availability; REPORT_DATE alone is not enough,lagged_level|rank_xsection
balance_sheet_report_em,cn_fundamental_akshare_batch_v1_20260531\aggregated_v1\balance_sheet_report_em\balance_sheet_report_em.parquet,OTHER_EQUITY_OTHER,other,feature_candidate,true_after_notice_date,announcement_pit_context,fundamental_pit_feature_panel,notice_date_plus_1_conservative,NOTICE_DATE governs availability; REPORT_DATE alone is not enough,lagged_level|rank_xsection
balance_sheet_report_em,cn_fundamental_akshare_batch_v1_20260531\aggregated_v1\balance_sheet_report_em\balance_sheet_report_em.parquet,OTHER_EQUITY_TOOL,other,feature_candidate,true_after_notice_date,announcement_pit_context,fundamental_pit_feature_panel,notice_date_plus_1_conservative,NOTICE_DATE governs availability; REPORT_DATE alone is not enough,lagged_level|rank_xsection
balance_sheet_report_em,cn_fundamental_akshare_batch_v1_20260531\aggregated_v1\balance_sheet_report_em\balance_sheet_report_em.parquet,OTHER_NONCURRENT_ASSET,fundamental,feature_candidate,true_after_notice_date,announcement_pit_context,fundamental_pit_feature_panel,notice_date_plus_1_conservative,NOTICE_DATE governs availability; REPORT_DATE alone is not enough,notice_lagged_latest|quarter_delta|ttm_proxy|rank_xsection|winsorize
balance_sheet_report_em,cn_fundamental_akshare_batch_v1_20260531\aggregated_v1\balance_sheet_report_em\balance_sheet_report_em.parquet,OTHER_NONCURRENT_FINASSET,fundamental,feature_candidate,true_after_notice_date,announcement_pit_context,fundamental_pit_feature_panel,notice_date_plus_1_conservative,NOTICE_DATE governs availability; REPORT_DATE alone is not enough,notice_lagged_latest|quarter_delta|ttm_proxy|rank_xsection|winsorize
balance_sheet_report_em,cn_fundamental_akshare_batch_v1_20260531\aggregated_v1\balance_sheet_report_em\balance_sheet_report_em.parquet,OTHER_NONCURRENT_LIAB,fundamental,feature_candidate,true_after_notice_date,announcement_pit_context,fundamental_pit_feature_panel,notice_date_plus_1_conservative,NOTICE_DATE governs availability; REPORT_DATE alone is not enough,notice_lagged_latest|quarter_delta|ttm_proxy|rank_xsection|winsorize
balance_sheet_report_em,cn_fundamental_akshare_batch_v1_20260531\aggregated_v1\balance_sheet_report_em\balance_sheet_report_em.parquet,OTHER_PAYABLE,other,feature_candidate,true_after_notice_date,announcement_pit_context,fundamental_pit_feature_panel,notice_date_plus_1_conservative,NOTICE_DATE governs availability; REPORT_DATE alone is not enough,lagged_level|rank_xsection
balance_sheet_report_em,cn_fundamental_akshare_batch_v1_20260531\aggregated_v1\balance_sheet_report_em\balance_sheet_report_em.parquet,OTHER_RECE,other,feature_candidate,true_after_notice_date,announcement_pit_context,fundamental_pit_feature_panel,notice_date_plus_1_conservative,NOTICE_DATE governs availability; REPORT_DATE alone is not enough,lagged_level|rank_xsection
balance_sheet_report_em,cn_fundamental_akshare_batch_v1_20260531\aggregated_v1\balance_sheet_report_em\balance_sheet_report_em.parquet,PARENT_EQUITY_BALANCE,other,feature_candidate,true_after_notice_date,announcement_pit_context,fundamental_pit_feature_panel,notice_date_plus_1_conservative,NOTICE_DATE governs availability; REPORT_DATE alone is not enough,lagged_level|rank_xsection
balance_sheet_report_em,cn_fundamental_akshare_batch_v1_20260531\aggregated_v1\balance_sheet_report_em\balance_sheet_report_em.parquet,PARENT_EQUITY_OTHER,other,feature_candidate,true_after_notice_date,announcement_pit_context,fundamental_pit_feature_panel,notice_date_plus_1_conservative,NOTICE_DATE governs availability; REPORT_DATE alone is not enough,lagged_level|rank_xsection
balance_sheet_report_em,cn_fundamental_akshare_batch_v1_20260531\aggregated_v1\balance_sheet_report_em\balance_sheet_report_em.parquet,PERPETUAL_BOND,fundamental,feature_candidate,true_after_notice_date,announcement_pit_context,fundamental_pit_feature_panel,notice_date_plus_1_conservative,NOTICE_DATE governs availability; REPORT_DATE alone is not enough,notice_lagged_latest|quarter_delta|ttm_proxy|rank_xsection|winsorize
balance_sheet_report_em,cn_fundamental_akshare_batch_v1_20260531\aggregated_v1\balance_sheet_report_em\balance_sheet_report_em.parquet,PERPETUAL_BOND_PAYBALE,fundamental,feature_candidate,true_after_notice_date,announcement_pit_context,fundamental_pit_feature_panel,notice_date_plus_1_conservative,NOTICE_DATE governs availability; REPORT_DATE alone is not enough,notice_lagged_latest|quarter_delta|ttm_proxy|rank_xsection|winsorize
balance_sheet_report_em,cn_fundamental_akshare_batch_v1_20260531\aggregated_v1\balance_sheet_report_em\balance_sheet_report_em.parquet,PREDICT_CURRENT_LIAB,fundamental,feature_candidate,true_after_notice_date,announcement_pit_context,fundamental_pit_feature_panel,notice_date_plus_1_conservative,NOTICE_DATE governs availability; REPORT_DATE alone is not enough,notice_lagged_latest|quarter_delta|ttm_proxy|rank_xsection|winsorize
balance_sheet_report_em,cn_fundamental_akshare_batch_v1_20260531\aggregated_v1\balance_sheet_report_em\balance_sheet_report_em.parquet,PREDICT_LIAB,fundamental,feature_candidate,true_after_notice_date,announcement_pit_context,fundamental_pit_feature_panel,notice_date_plus_1_conservative,NOTICE_DATE governs availability; REPORT_DATE alone is not enough,notice_lagged_latest|quarter_delta|ttm_proxy|rank_xsection|winsorize
balance_sheet_report_em,cn_fundamental_akshare_batch_v1_20260531\aggregated_v1\balance_sheet_report_em\balance_sheet_report_em.parquet,PREFERRED_SHARES,capacity_size,feature_candidate,true_after_notice_date,announcement_pit_context,fundamental_pit_feature_panel,notice_date_plus_1_conservative,NOTICE_DATE governs availability; REPORT_DATE alone is not enough,lagged_level|rank_xsection|bucket|small_capacity_guard|liquidity_capacity_interaction
balance_sheet_report_em,cn_fundamental_akshare_batch_v1_20260531\aggregated_v1\balance_sheet_report_em\balance_sheet_report_em.parquet,PREFERRED_SHARES_PAYBALE,capacity_size,feature_candidate,true_after_notice_date,announcement_pit_context,fundamental_pit_feature_panel,notice_date_plus_1_conservative,NOTICE_DATE governs availability; REPORT_DATE alone is not enough,lagged_level|rank_xsection|bucket|small_capacity_guard|liquidity_capacity_interaction
balance_sheet_report_em,cn_fundamental_akshare_batch_v1_20260531\aggregated_v1\balance_sheet_report_em\balance_sheet_report_em.parquet,PREMIUM_RECE,other,feature_candidate,true_after_notice_date,announcement_pit_context,fundamental_pit_feature_panel,notice_date_plus_1_conservative,NOTICE_DATE governs availability; REPORT_DATE alone is not enough,lagged_level|rank_xsection
balance_sheet_report_em,cn_fundamental_akshare_batch_v1_20260531\aggregated_v1\balance_sheet_report_em\balance_sheet_report_em.parquet,PREPAYMENT,other,feature_candidate,true_after_notice_date,announcement_pit_context,fundamental_pit_feature_panel,notice_date_plus_1_conservative,NOTICE_DATE governs availability; REPORT_DATE alone is not enough,lagged_level|rank_xsection
balance_sheet_report_em,cn_fundamental_akshare_batch_v1_20260531\aggregated_v1\balance_sheet_report_em\balance_sheet_report_em.parquet,PRODUCTIVE_BIOLOGY_ASSET,fundamental,feature_candidate,true_after_notice_date,announcement_pit_context,fundamental_pit_feature_panel,notice_date_plus_1_conservative,NOTICE_DATE governs availability; REPORT_DATE alone is not enough,notice_lagged_latest|quarter_delta|ttm_proxy|rank_xsection|winsorize
balance_sheet_report_em,cn_fundamental_akshare_batch_v1_20260531\aggregated_v1\balance_sheet_report_em\balance_sheet_report_em.parquet,PROJECT_MATERIAL,other,feature_candidate,true_after_notice_date,announcement_pit_context,fundamental_pit_feature_panel,notice_date_plus_1_conservative,NOTICE_DATE governs availability; REPORT_DATE alone is not enough,lagged_level|rank_xsection
balance_sheet_report_em,cn_fundamental_akshare_batch_v1_20260531\aggregated_v1\balance_sheet_report_em\balance_sheet_report_em.parquet,RC_RESERVE_RECE,other,feature_candidate,true_after_notice_date,announcement_pit_context,fundamental_pit_feature_panel,notice_date_plus_1_conservative,NOTICE_DATE governs availability; REPORT_DATE alone is not enough,lagged_level|rank_xsection
balance_sheet_report_em,cn_fundamental_akshare_batch_v1_20260531\aggregated_v1\balance_sheet_report_em\balance_sheet_report_em.parquet,REINSURE_PAYABLE,other,feature_candidate,true_after_notice_date,announcement_pit_context,fundamental_pit_feature_panel,notice_date_plus_1_conservative,NOTICE_DATE governs availability; REPORT_DATE alone is not enough,lagged_level|rank_xsection
balance_sheet_report_em,cn_fundamental_akshare_batch_v1_20260531\aggregated_v1\balance_sheet_report_em\balance_sheet_report_em.parquet,REINSURE_RECE,other,feature_candidate,true_after_notice_date,announcement_pit_context,fundamental_pit_feature_panel,notice_date_plus_1_conservative,NOTICE_DATE governs availability; REPORT_DATE alone is not enough,lagged_level|rank_xsection
balance_sheet_report_em,cn_fundamental_akshare_batch_v1_20260531\aggregated_v1\balance_sheet_report_em\balance_sheet_report_em.parquet,SELL_REPO_FINASSET,fundamental,feature_candidate,true_after_notice_date,announcement_pit_context,fundamental_pit_feature_panel,notice_date_plus_1_conservative,NOTICE_DATE governs availability; REPORT_DATE alone is not enough,notice_lagged_latest|quarter_delta|ttm_proxy|rank_xsection|winsorize
balance_sheet_report_em,cn_fundamental_akshare_batch_v1_20260531\aggregated_v1\balance_sheet_report_em\balance_sheet_report_em.parquet,SETTLE_EXCESS_RESERVE,other,feature_candidate,true_after_notice_date,announcement_pit_context,fundamental_pit_feature_panel,notice_date_plus_1_conservative,NOTICE_DATE governs availability; REPORT_DATE alone is not enough,lagged_level|rank_xsection
balance_sheet_report_em,cn_fundamental_akshare_batch_v1_20260531\aggregated_v1\balance_sheet_report_em\balance_sheet_report_em.parquet,SHARE_CAPITAL,capacity_size,feature_candidate,true_after_notice_date,announcement_pit_context,fundamental_pit_feature_panel,notice_date_plus_1_conservative,NOTICE_DATE governs availability; REPORT_DATE alone is not enough,lagged_level|rank_xsection|bucket|small_capacity_guard|liquidity_capacity_interaction
balance_sheet_report_em,cn_fundamental_akshare_batch_v1_20260531\aggregated_v1\balance_sheet_report_em\balance_sheet_report_em.parquet,SHORT_BOND_PAYABLE,other,feature_candidate,true_after_notice_date,announcement_pit_context,fundamental_pit_feature_panel,notice_date_plus_1_conservative,NOTICE_DATE governs availability; REPORT_DATE alone is not enough,lagged_level|rank_xsection
balance_sheet_report_em,cn_fundamental_akshare_batch_v1_20260531\aggregated_v1\balance_sheet_report_em\balance_sheet_report_em.parquet,SHORT_FIN_PAYABLE,other,feature_candidate,true_after_notice_date,announcement_pit_context,fundamental_pit_feature_panel,notice_date_plus_1_conservative,NOTICE_DATE governs availability; REPORT_DATE alone is not enough,lagged_level|rank_xsection
balance_sheet_report_em,cn_fundamental_akshare_batch_v1_20260531\aggregated_v1\balance_sheet_report_em\balance_sheet_report_em.parquet,SHORT_LOAN,other,feature_candidate,true_after_notice_date,announcement_pit_context,fundamental_pit_feature_panel,notice_date_plus_1_conservative,NOTICE_DATE governs availability; REPORT_DATE alone is not enough,lagged_level|rank_xsection
balance_sheet_report_em,cn_fundamental_akshare_batch_v1_20260531\aggregated_v1\balance_sheet_report_em\balance_sheet_report_em.parquet,SPECIAL_PAYABLE,fundamental,feature_candidate,true_after_notice_date,announcement_pit_context,fundamental_pit_feature_panel,notice_date_plus_1_conservative,NOTICE_DATE governs availability; REPORT_DATE alone is not enough,notice_lagged_latest|quarter_delta|ttm_proxy|rank_xsection|winsorize
balance_sheet_report_em,cn_fundamental_akshare_batch_v1_20260531\aggregated_v1\balance_sheet_report_em\balance_sheet_report_em.parquet,SPECIAL_RESERVE,fundamental,feature_candidate,true_after_notice_date,announcement_pit_context,fundamental_pit_feature_panel,notice_date_plus_1_conservative,NOTICE_DATE governs availability; REPORT_DATE alone is not enough,notice_lagged_latest|quarter_delta|ttm_proxy|rank_xsection|winsorize
balance_sheet_report_em,cn_fundamental_akshare_batch_v1_20260531\aggregated_v1\balance_sheet_report_em\balance_sheet_report_em.parquet,STAFF_SALARY_PAYABLE,other,feature_candidate,true_after_notice_date,announcement_pit_context,fundamental_pit_feature_panel,notice_date_plus_1_conservative,NOTICE_DATE governs availability; REPORT_DATE alone is not enough,lagged_level|rank_xsection
balance_sheet_report_em,cn_fundamental_akshare_batch_v1_20260531\aggregated_v1\balance_sheet_report_em\balance_sheet_report_em.parquet,SUBSIDY_RECE,other,feature_candidate,true_after_notice_date,announcement_pit_context,fundamental_pit_feature_panel,notice_date_plus_1_conservative,NOTICE_DATE governs availability; REPORT_DATE alone is not enough,lagged_level|rank_xsection
balance_sheet_report_em,cn_fundamental_akshare_batch_v1_20260531\aggregated_v1\balance_sheet_report_em\balance_sheet_report_em.parquet,SURPLUS_RESERVE,other,feature_candidate,true_after_notice_date,announcement_pit_context,fundamental_pit_feature_panel,notice_date_plus_1_conservative,NOTICE_DATE governs availability; REPORT_DATE alone is not enough,lagged_level|rank_xsection
balance_sheet_report_em,cn_fundamental_akshare_batch_v1_20260531\aggregated_v1\balance_sheet_report_em\balance_sheet_report_em.parquet,TAX_PAYABLE,other,feature_candidate,true_after_notice_date,announcement_pit_context,fundamental_pit_feature_panel,notice_date_plus_1_conservative,NOTICE_DATE governs availability; REPORT_DATE alone is not enough,lagged_level|rank_xsection
balance_sheet_report_em,cn_fundamental_akshare_batch_v1_20260531\aggregated_v1\balance_sheet_report_em\balance_sheet_report_em.parquet,TOTAL_ASSETS,fundamental,feature_candidate,true_after_notice_date,announcement_pit_context,fundamental_pit_feature_panel,notice_date_plus_1_conservative,NOTICE_DATE governs availability; REPORT_DATE alone is not enough,notice_lagged_latest|quarter_delta|ttm_proxy|rank_xsection|winsorize
balance_sheet_report_em,cn_fundamental_akshare_batch_v1_20260531\aggregated_v1\balance_sheet_report_em\balance_sheet_report_em.parquet,TOTAL_CURRENT_ASSETS,fundamental,feature_candidate,true_after_notice_date,announcement_pit_context,fundamental_pit_feature_panel,notice_date_plus_1_conservative,NOTICE_DATE governs availability; REPORT_DATE alone is not enough,notice_lagged_latest|quarter_delta|ttm_proxy|rank_xsection|winsorize
balance_sheet_report_em,cn_fundamental_akshare_batch_v1_20260531\aggregated_v1\balance_sheet_report_em\balance_sheet_report_em.parquet,TOTAL_CURRENT_LIAB,fundamental,feature_candidate,true_after_notice_date,announcement_pit_context,fundamental_pit_feature_panel,notice_date_plus_1_conservative,NOTICE_DATE governs availability; REPORT_DATE alone is not enough,notice_lagged_latest|quarter_delta|ttm_proxy|rank_xsection|winsorize
balance_sheet_report_em,cn_fundamental_akshare_batch_v1_20260531\aggregated_v1\balance_sheet_report_em\balance_sheet_report_em.parquet,TOTAL_EQUITY,other,feature_candidate,true_after_notice_date,announcement_pit_context,fundamental_pit_feature_panel,notice_date_plus_1_conservative,NOTICE_DATE governs availability; REPORT_DATE alone is not enough,lagged_level|rank_xsection
balance_sheet_report_em,cn_fundamental_akshare_batch_v1_20260531\aggregated_v1\balance_sheet_report_em\balance_sheet_report_em.parquet,TOTAL_LIAB_EQUITY,fundamental,feature_candidate,true_after_notice_date,announcement_pit_context,fundamental_pit_feature_panel,notice_date_plus_1_conservative,NOTICE_DATE governs availability; REPORT_DATE alone is not enough,notice_lagged_latest|quarter_delta|ttm_proxy|rank_xsection|winsorize
balance_sheet_report_em,cn_fundamental_akshare_batch_v1_20260531\aggregated_v1\balance_sheet_report_em\balance_sheet_report_em.parquet,TOTAL_LIABILITIES,fundamental,feature_candidate,true_after_notice_date,announcement_pit_context,fundamental_pit_feature_panel,notice_date_plus_1_conservative,NOTICE_DATE governs availability; REPORT_DATE alone is not enough,notice_lagged_latest|quarter_delta|ttm_proxy|rank_xsection|winsorize
balance_sheet_report_em,cn_fundamental_akshare_batch_v1_20260531\aggregated_v1\balance_sheet_report_em\balance_sheet_report_em.parquet,TOTAL_NONCURRENT_ASSETS,fundamental,feature_candidate,true_after_notice_date,announcement_pit_context,fundamental_pit_feature_panel,notice_date_plus_1_conservative,NOTICE_DATE governs availability; REPORT_DATE alone is not enough,notice_lagged_latest|quarter_delta|ttm_proxy|rank_xsection|winsorize
balance_sheet_report_em,cn_fundamental_akshare_batch_v1_20260531\aggregated_v1\balance_sheet_report_em\balance_sheet_report_em.parquet,TOTAL_NONCURRENT_LIAB,fundamental,feature_candidate,true_after_notice_date,announcement_pit_context,fundamental_pit_feature_panel,notice_date_plus_1_conservative,NOTICE_DATE governs availability; REPORT_DATE alone is not enough,notice_lagged_latest|quarter_delta|ttm_proxy|rank_xsection|winsorize
balance_sheet_report_em,cn_fundamental_akshare_batch_v1_20260531\aggregated_v1\balance_sheet_report_em\balance_sheet_report_em.parquet,TOTAL_OTHER_PAYABLE,other,feature_candidate,true_after_notice_date,announcement_pit_context,fundamental_pit_feature_panel,notice_date_plus_1_conservative,NOTICE_DATE governs availability; REPORT_DATE alone is not enough,lagged_level|rank_xsection
balance_sheet_report_em,cn_fundamental_akshare_batch_v1_20260531\aggregated_v1\balance_sheet_report_em\balance_sheet_report_em.parquet,TOTAL_OTHER_RECE,other,feature_candidate,true_after_notice_date,announcement_pit_context,fundamental_pit_feature_panel,notice_date_plus_1_conservative,NOTICE_DATE governs availability; REPORT_DATE alone is not enough,lagged_level|rank_xsection
balance_sheet_report_em,cn_fundamental_akshare_batch_v1_20260531\aggregated_v1\balance_sheet_report_em\balance_sheet_report_em.parquet,TOTAL_PARENT_EQUITY,other,feature_candidate,true_after_notice_date,announcement_pit_context,fundamental_pit_feature_panel,notice_date_plus_1_conservative,NOTICE_DATE governs availability; REPORT_DATE alone is not enough,lagged_level|rank_xsection
balance_sheet_report_em,cn_fundamental_akshare_batch_v1_20260531\aggregated_v1\balance_sheet_report_em\balance_sheet_report_em.parquet,TRADE_FINASSET,fundamental,feature_candidate,true_after_notice_date,announcement_pit_context,fundamental_pit_feature_panel,notice_date_plus_1_conservative,NOTICE_DATE governs availability; REPORT_DATE alone is not enough,notice_lagged_latest|quarter_delta|ttm_proxy|rank_xsection|winsorize
balance_sheet_report_em,cn_fundamental_akshare_batch_v1_20260531\aggregated_v1\balance_sheet_report_em\balance_sheet_report_em.parquet,TRADE_FINASSET_NOTFVTPL,fundamental,feature_candidate,true_after_notice_date,announcement_pit_context,fundamental_pit_feature_panel,notice_date_plus_1_conservative,NOTICE_DATE governs availability; REPORT_DATE alone is not enough,notice_lagged_latest|quarter_delta|ttm_proxy|rank_xsection|winsorize
balance_sheet_report_em,cn_fundamental_akshare_batch_v1_20260531\aggregated_v1\balance_sheet_report_em\balance_sheet_report_em.parquet,TRADE_FINLIAB,fundamental,feature_candidate,true_after_notice_date,announcement_pit_context,fundamental_pit_feature_panel,notice_date_plus_1_conservative,NOTICE_DATE governs availability; REPORT_DATE alone is not enough,notice_lagged_latest|quarter_delta|ttm_proxy|rank_xsection|winsorize
balance_sheet_report_em,cn_fundamental_akshare_batch_v1_20260531\aggregated_v1\balance_sheet_report_em\balance_sheet_report_em.parquet,TRADE_FINLIAB_NOTFVTPL,fundamental,feature_candidate,true_after_notice_date,announcement_pit_context,fundamental_pit_feature_panel,notice_date_plus_1_conservative,NOTICE_DATE governs availability; REPORT_DATE alone is not enough,notice_lagged_latest|quarter_delta|ttm_proxy|rank_xsection|winsorize
balance_sheet_report_em,cn_fundamental_akshare_batch_v1_20260531\aggregated_v1\balance_sheet_report_em\balance_sheet_report_em.parquet,TREASURY_SHARES,capacity_size,feature_candidate,true_after_notice_date,announcement_pit_context,fundamental_pit_feature_panel,notice_date_plus_1_conservative,NOTICE_DATE governs availability; REPORT_DATE alone is not enough,lagged_level|rank_xsection|bucket|small_capacity_guard|liquidity_capacity_interaction
balance_sheet_report_em,cn_fundamental_akshare_batch_v1_20260531\aggregated_v1\balance_sheet_report_em\balance_sheet_report_em.parquet,UNASSIGN_RPOFIT,other,feature_candidate,true_after_notice_date,announcement_pit_context,fundamental_pit_feature_panel,notice_date_plus_1_conservative,NOTICE_DATE governs availability; REPORT_DATE alone is not enough,lagged_level|rank_xsection
balance_sheet_report_em,cn_fundamental_akshare_batch_v1_20260531\aggregated_v1\balance_sheet_report_em\balance_sheet_report_em.parquet,UNCONFIRM_INVEST_LOSS,other,feature_candidate,true_after_notice_date,announcement_pit_context,fundamental_pit_feature_panel,notice_date_plus_1_conservative,NOTICE_DATE governs availability; REPORT_DATE alone is not enough,lagged_level|rank_xsection
balance_sheet_report_em,cn_fundamental_akshare_batch_v1_20260531\aggregated_v1\balance_sheet_report_em\balance_sheet_report_em.parquet,USERIGHT_ASSET,fundamental,feature_candidate,true_after_notice_date,announcement_pit_context,fundamental_pit_feature_panel,notice_date_plus_1_conservative,NOTICE_DATE governs availability; REPORT_DATE alone is not enough,notice_lagged_latest|quarter_delta|ttm_proxy|rank_xsection|winsorize
balance_sheet_report_em,cn_fundamental_akshare_batch_v1_20260531\aggregated_v1\balance_sheet_report_em\balance_sheet_report_em.parquet,ACCEPT_DEPOSIT_INTERBANK_YOY,other,feature_candidate,true_after_notice_date,announcement_pit_context,fundamental_pit_feature_panel,notice_date_plus_1_conservative,NOTICE_DATE governs availability; REPORT_DATE alone is not enough,lagged_level|rank_xsection
balance_sheet_report_em,cn_fundamental_akshare_batch_v1_20260531\aggregated_v1\balance_sheet_report_em\balance_sheet_report_em.parquet,ACCOUNTS_PAYABLE_YOY,other,feature_candidate,true_after_notice_date,announcement_pit_context,fundamental_pit_feature_panel,notice_date_plus_1_conservative,NOTICE_DATE governs availability; REPORT_DATE alone is not enough,lagged_level|rank_xsection
balance_sheet_report_em,cn_fundamental_akshare_batch_v1_20260531\aggregated_v1\balance_sheet_report_em\balance_sheet_report_em.parquet,ACCOUNTS_RECE_YOY,other,feature_candidate,true_after_notice_date,announcement_pit_context,fundamental_pit_feature_panel,notice_date_plus_1_conservative,NOTICE_DATE governs availability; REPORT_DATE alone is not enough,lagged_level|rank_xsection
balance_sheet_report_em,cn_fundamental_akshare_batch_v1_20260531\aggregated_v1\balance_sheet_report_em\balance_sheet_report_em.parquet,ACCRUED_EXPENSE_YOY,fundamental,feature_candidate,true_after_notice_date,announcement_pit_context,fundamental_pit_feature_panel,notice_date_plus_1_conservative,NOTICE_DATE governs availability; REPORT_DATE alone is not enough,notice_lagged_latest|quarter_delta|ttm_proxy|rank_xsection|winsorize
balance_sheet_report_em,cn_fundamental_akshare_batch_v1_20260531\aggregated_v1\balance_sheet_report_em\balance_sheet_report_em.parquet,ADVANCE_RECEIVABLES_YOY,other,feature_candidate,true_after_notice_date,announcement_pit_context,fundamental_pit_feature_panel,notice_date_plus_1_conservative,NOTICE_DATE governs availability; REPORT_DATE alone is not enough,lagged_level|rank_xsection
balance_sheet_report_em,cn_fundamental_akshare_batch_v1_20260531\aggregated_v1\balance_sheet_report_em\balance_sheet_report_em.parquet,AGENT_TRADE_SECURITY_YOY,other,feature_candidate,true_after_notice_date,announcement_pit_context,fundamental_pit_feature_panel,notice_date_plus_1_conservative,NOTICE_DATE governs availability; REPORT_DATE alone is not enough,lagged_level|rank_xsection
balance_sheet_report_em,cn_fundamental_akshare_batch_v1_20260531\aggregated_v1\balance_sheet_report_em\balance_sheet_report_em.parquet,AGENT_UNDERWRITE_SECURITY_YOY,other,feature_candidate,true_after_notice_date,announcement_pit_context,fundamental_pit_feature_panel,notice_date_plus_1_conservative,NOTICE_DATE governs availability; REPORT_DATE alone is not enough,lagged_level|rank_xsection
balance_sheet_report_em,cn_fundamental_akshare_batch_v1_20260531\aggregated_v1\balance_sheet_report_em\balance_sheet_report_em.parquet,AMORTIZE_COST_FINASSET_YOY,fundamental,feature_candidate,true_after_notice_date,announcement_pit_context,fundamental_pit_feature_panel,notice_date_plus_1_conservative,NOTICE_DATE governs availability; REPORT_DATE alone is not enough,notice_lagged_latest|quarter_delta|ttm_proxy|rank_xsection|winsorize
balance_sheet_report_em,cn_fundamental_akshare_batch_v1_20260531\aggregated_v1\balance_sheet_report_em\balance_sheet_report_em.parquet,AMORTIZE_COST_FINLIAB_YOY,fundamental,feature_candidate,true_after_notice_date,announcement_pit_context,fundamental_pit_feature_panel,notice_date_plus_1_conservative,NOTICE_DATE governs availability; REPORT_DATE alone is not enough,notice_lagged_latest|quarter_delta|ttm_proxy|rank_xsection|winsorize
balance_sheet_report_em,cn_fundamental_akshare_batch_v1_20260531\aggregated_v1\balance_sheet_report_em\balance_sheet_report_em.parquet,AMORTIZE_COST_NCFINASSET_YOY,fundamental,feature_candidate,true_after_notice_date,announcement_pit_context,fundamental_pit_feature_panel,notice_date_plus_1_conservative,NOTICE_DATE governs availability; REPORT_DATE alone is not enough,notice_lagged_latest|quarter_delta|ttm_proxy|rank_xsection|winsorize
balance_sheet_report_em,cn_fundamental_akshare_batch_v1_20260531\aggregated_v1\balance_sheet_report_em\balance_sheet_report_em.parquet,AMORTIZE_COST_NCFINLIAB_YOY,fundamental,feature_candidate,true_after_notice_date,announcement_pit_context,fundamental_pit_feature_panel,notice_date_plus_1_conservative,NOTICE_DATE governs availability; REPORT_DATE alone is not enough,notice_lagged_latest|quarter_delta|ttm_proxy|rank_xsection|winsorize
balance_sheet_report_em,cn_fundamental_akshare_batch_v1_20260531\aggregated_v1\balance_sheet_report_em\balance_sheet_report_em.parquet,APPOINT_FVTPL_FINASSET_YOY,fundamental,feature_candidate,true_after_notice_date,announcement_pit_context,fundamental_pit_feature_panel,notice_date_plus_1_conservative,NOTICE_DATE governs availability; REPORT_DATE alone is not enough,notice_lagged_latest|quarter_delta|ttm_proxy|rank_xsection|winsorize
balance_sheet_report_em,cn_fundamental_akshare_batch_v1_20260531\aggregated_v1\balance_sheet_report_em\balance_sheet_report_em.parquet,APPOINT_FVTPL_FINLIAB_YOY,fundamental,feature_candidate,true_after_notice_date,announcement_pit_context,fundamental_pit_feature_panel,notice_date_plus_1_conservative,NOTICE_DATE governs availability; REPORT_DATE alone is not enough,notice_lagged_latest|quarter_delta|ttm_proxy|rank_xsection|winsorize
balance_sheet_report_em,cn_fundamental_akshare_batch_v1_20260531\aggregated_v1\balance_sheet_report_em\balance_sheet_report_em.parquet,ASSET_BALANCE_YOY,fundamental,feature_candidate,true_after_notice_date,announcement_pit_context,fundamental_pit_feature_panel,notice_date_plus_1_conservative,NOTICE_DATE governs availability; REPORT_DATE alone is not enough,notice_lagged_latest|quarter_delta|ttm_proxy|rank_xsection|winsorize
balance_sheet_report_em,cn_fundamental_akshare_batch_v1_20260531\aggregated_v1\balance_sheet_report_em\balance_sheet_report_em.parquet,ASSET_OTHER_YOY,fundamental,feature_candidate,true_after_notice_date,announcement_pit_context,fundamental_pit_feature_panel,notice_date_plus_1_conservative,NOTICE_DATE governs availability; REPORT_DATE alone is not enough,notice_lagged_latest|quarter_delta|ttm_proxy|rank_xsection|winsorize
balance_sheet_report_em,cn_fundamental_akshare_batch_v1_20260531\aggregated_v1\balance_sheet_report_em\balance_sheet_report_em.parquet,ASSIGN_CASH_DIVIDEND_YOY,fundamental,feature_candidate,true_after_notice_date,announcement_pit_context,fundamental_pit_feature_panel,notice_date_plus_1_conservative,NOTICE_DATE governs availability; REPORT_DATE alone is not enough,notice_lagged_latest|quarter_delta|ttm_proxy|rank_xsection|winsorize
balance_sheet_report_em,cn_fundamental_akshare_batch_v1_20260531\aggregated_v1\balance_sheet_report_em\balance_sheet_report_em.parquet,AVAILABLE_SALE_FINASSET_YOY,fundamental,feature_candidate,true_after_notice_date,announcement_pit_context,fundamental_pit_feature_panel,notice_date_plus_1_conservative,NOTICE_DATE governs availability; REPORT_DATE alone is not enough,notice_lagged_latest|quarter_delta|ttm_proxy|rank_xsection|winsorize
balance_sheet_report_em,cn_fundamental_akshare_batch_v1_20260531\aggregated_v1\balance_sheet_report_em\balance_sheet_report_em.parquet,BOND_PAYABLE_YOY,other,feature_candidate,true_after_notice_date,announcement_pit_context,fundamental_pit_feature_panel,notice_date_plus_1_conservative,NOTICE_DATE governs availability; REPORT_DATE alone is not enough,lagged_level|rank_xsection
balance_sheet_report_em,cn_fundamental_akshare_batch_v1_20260531\aggregated_v1\balance_sheet_report_em\balance_sheet_report_em.parquet,BORROW_FUND_YOY,other,feature_candidate,true_after_notice_date,announcement_pit_context,fundamental_pit_feature_panel,notice_date_plus_1_conservative,NOTICE_DATE governs availability; REPORT_DATE alone is not enough,lagged_level|rank_xsection
balance_sheet_report_em,cn_fundamental_akshare_batch_v1_20260531\aggregated_v1\balance_sheet_report_em\balance_sheet_report_em.parquet,BUY_RESALE_FINASSET_YOY,fundamental,feature_candidate,true_after_notice_date,announcement_pit_context,fundamental_pit_feature_panel,notice_date_plus_1_conservative,NOTICE_DATE governs availability; REPORT_DATE alone is not enough,notice_lagged_latest|quarter_delta|ttm_proxy|rank_xsection|winsorize
balance_sheet_report_em,cn_fundamental_akshare_batch_v1_20260531\aggregated_v1\balance_sheet_report_em\balance_sheet_report_em.parquet,CAPITAL_RESERVE_YOY,other,feature_candidate,true_after_notice_date,announcement_pit_context,fundamental_pit_feature_panel,notice_date_plus_1_conservative,NOTICE_DATE governs availability; REPORT_DATE alone is not enough,lagged_level|rank_xsection
balance_sheet_report_em,cn_fundamental_akshare_batch_v1_20260531\aggregated_v1\balance_sheet_report_em\balance_sheet_report_em.parquet,CIP_YOY,other,feature_candidate,true_after_notice_date,announcement_pit_context,fundamental_pit_feature_panel,notice_date_plus_1_conservative,NOTICE_DATE governs availability; REPORT_DATE alone is not enough,lagged_level|rank_xsection
balance_sheet_report_em,cn_fundamental_akshare_batch_v1_20260531\aggregated_v1\balance_sheet_report_em\balance_sheet_report_em.parquet,CONSUMPTIVE_BIOLOGICAL_ASSET_YOY,fundamental,feature_candidate,true_after_notice_date,announcement_pit_context,fundamental_pit_feature_panel,notice_date_plus_1_conservative,NOTICE_DATE governs availability; REPORT_DATE alone is not enough,notice_lagged_latest|quarter_delta|ttm_proxy|rank_xsection|winsorize
balance_sheet_report_em,cn_fundamental_akshare_batch_v1_20260531\aggregated_v1\balance_sheet_report_em\balance_sheet_report_em.parquet,CONTRACT_ASSET_YOY,fundamental,feature_candidate,true_after_notice_date,announcement_pit_context,fundamental_pit_feature_panel,notice_date_plus_1_conservative,NOTICE_DATE governs availability; REPORT_DATE alone is not enough,notice_lagged_latest|quarter_delta|ttm_proxy|rank_xsection|winsorize
balance_sheet_report_em,cn_fundamental_akshare_batch_v1_20260531\aggregated_v1\balance_sheet_report_em\balance_sheet_report_em.parquet,CONTRACT_LIAB_YOY,fundamental,feature_candidate,true_after_notice_date,announcement_pit_context,fundamental_pit_feature_panel,notice_date_plus_1_conservative,NOTICE_DATE governs availability; REPORT_DATE alone is not enough,notice_lagged_latest|quarter_delta|ttm_proxy|rank_xsection|winsorize
balance_sheet_report_em,cn_fundamental_akshare_batch_v1_20260531\aggregated_v1\balance_sheet_report_em\balance_sheet_report_em.parquet,CONVERT_DIFF_YOY,other,feature_candidate,true_after_notice_date,announcement_pit_context,fundamental_pit_feature_panel,notice_date_plus_1_conservative,NOTICE_DATE governs availability; REPORT_DATE alone is not enough,lagged_level|rank_xsection
balance_sheet_report_em,cn_fundamental_akshare_batch_v1_20260531\aggregated_v1\balance_sheet_report_em\balance_sheet_report_em.parquet,CREDITOR_INVEST_YOY,other,feature_candidate,true_after_notice_date,announcement_pit_context,fundamental_pit_feature_panel,notice_date_plus_1_conservative,NOTICE_DATE governs availability; REPORT_DATE alone is not enough,lagged_level|rank_xsection
balance_sheet_report_em,cn_fundamental_akshare_batch_v1_20260531\aggregated_v1\balance_sheet_report_em\balance_sheet_report_em.parquet,CURRENT_ASSET_BALANCE_YOY,fundamental,feature_candidate,true_after_notice_date,announcement_pit_context,fundamental_pit_feature_panel,notice_date_plus_1_conservative,NOTICE_DATE governs availability; REPORT_DATE alone is not enough,notice_lagged_latest|quarter_delta|ttm_proxy|rank_xsection|winsorize
balance_sheet_report_em,cn_fundamental_akshare_batch_v1_20260531\aggregated_v1\balance_sheet_report_em\balance_sheet_report_em.parquet,CURRENT_ASSET_OTHER_YOY,fundamental,feature_candidate,true_after_notice_date,announcement_pit_context,fundamental_pit_feature_panel,notice_date_plus_1_conservative,NOTICE_DATE governs availability; REPORT_DATE alone is not enough,notice_lagged_latest|quarter_delta|ttm_proxy|rank_xsection|winsorize
balance_sheet_report_em,cn_fundamental_akshare_batch_v1_20260531\aggregated_v1\balance_sheet_report_em\balance_sheet_report_em.parquet,CURRENT_LIAB_BALANCE_YOY,fundamental,feature_candidate,true_after_notice_date,announcement_pit_context,fundamental_pit_feature_panel,notice_date_plus_1_conservative,NOTICE_DATE governs availability; REPORT_DATE alone is not enough,notice_lagged_latest|quarter_delta|ttm_proxy|rank_xsection|winsorize
balance_sheet_report_em,cn_fundamental_akshare_batch_v1_20260531\aggregated_v1\balance_sheet_report_em\balance_sheet_report_em.parquet,CURRENT_LIAB_OTHER_YOY,fundamental,feature_candidate,true_after_notice_date,announcement_pit_context,fundamental_pit_feature_panel,notice_date_plus_1_conservative,NOTICE_DATE governs availability; REPORT_DATE alone is not enough,notice_lagged_latest|quarter_delta|ttm_proxy|rank_xsection|winsorize
balance_sheet_report_em,cn_fundamental_akshare_batch_v1_20260531\aggregated_v1\balance_sheet_report_em\balance_sheet_report_em.parquet,DEFER_INCOME_1YEAR_YOY,fundamental,feature_candidate,true_after_notice_date,announcement_pit_context,fundamental_pit_feature_panel,notice_date_plus_1_conservative,NOTICE_DATE governs availability; REPORT_DATE alone is not enough,notice_lagged_latest|quarter_delta|ttm_proxy|rank_xsection|winsorize
balance_sheet_report_em,cn_fundamental_akshare_batch_v1_20260531\aggregated_v1\balance_sheet_report_em\balance_sheet_report_em.parquet,DEFER_INCOME_YOY,fundamental,feature_candidate,true_after_notice_date,announcement_pit_context,fundamental_pit_feature_panel,notice_date_plus_1_conservative,NOTICE_DATE governs availability; REPORT_DATE alone is not enough,notice_lagged_latest|quarter_delta|ttm_proxy|rank_xsection|winsorize
balance_sheet_report_em,cn_fundamental_akshare_batch_v1_20260531\aggregated_v1\balance_sheet_report_em\balance_sheet_report_em.parquet,DEFER_TAX_ASSET_YOY,fundamental,feature_candidate,true_after_notice_date,announcement_pit_context,fundamental_pit_feature_panel,notice_date_plus_1_conservative,NOTICE_DATE governs availability; REPORT_DATE alone is not enough,notice_lagged_latest|quarter_delta|ttm_proxy|rank_xsection|winsorize
balance_sheet_report_em,cn_fundamental_akshare_batch_v1_20260531\aggregated_v1\balance_sheet_report_em\balance_sheet_report_em.parquet,DEFER_TAX_LIAB_YOY,fundamental,feature_candidate,true_after_notice_date,announcement_pit_context,fundamental_pit_feature_panel,notice_date_plus_1_conservative,NOTICE_DATE governs availability; REPORT_DATE alone is not enough,notice_lagged_latest|quarter_delta|ttm_proxy|rank_xsection|winsorize
balance_sheet_report_em,cn_fundamental_akshare_batch_v1_20260531\aggregated_v1\balance_sheet_report_em\balance_sheet_report_em.parquet,DERIVE_FINASSET_YOY,fundamental,feature_candidate,true_after_notice_date,announcement_pit_context,fundamental_pit_feature_panel,notice_date_plus_1_conservative,NOTICE_DATE governs availability; REPORT_DATE alone is not enough,notice_lagged_latest|quarter_delta|ttm_proxy|rank_xsection|winsorize
balance_sheet_report_em,cn_fundamental_akshare_batch_v1_20260531\aggregated_v1\balance_sheet_report_em\balance_sheet_report_em.parquet,DERIVE_FINLIAB_YOY,fundamental,feature_candidate,true_after_notice_date,announcement_pit_context,fundamental_pit_feature_panel,notice_date_plus_1_conservative,NOTICE_DATE governs availability; REPORT_DATE alone is not enough,notice_lagged_latest|quarter_delta|ttm_proxy|rank_xsection|winsorize
balance_sheet_report_em,cn_fundamental_akshare_batch_v1_20260531\aggregated_v1\balance_sheet_report_em\balance_sheet_report_em.parquet,DEVELOP_EXPENSE_YOY,fundamental,feature_candidate,true_after_notice_date,announcement_pit_context,fundamental_pit_feature_panel,notice_date_plus_1_conservative,NOTICE_DATE governs availability; REPORT_DATE alone is not enough,notice_lagged_latest|quarter_delta|ttm_proxy|rank_xsection|winsorize
balance_sheet_report_em,cn_fundamental_akshare_batch_v1_20260531\aggregated_v1\balance_sheet_report_em\balance_sheet_report_em.parquet,DIV_HOLDSALE_ASSET_YOY,fundamental,feature_candidate,true_after_notice_date,announcement_pit_context,fundamental_pit_feature_panel,notice_date_plus_1_conservative,NOTICE_DATE governs availability; REPORT_DATE alone is not enough,notice_lagged_latest|quarter_delta|ttm_proxy|rank_xsection|winsorize
balance_sheet_report_em,cn_fundamental_akshare_batch_v1_20260531\aggregated_v1\balance_sheet_report_em\balance_sheet_report_em.parquet,DIV_HOLDSALE_LIAB_YOY,fundamental,feature_candidate,true_after_notice_date,announcement_pit_context,fundamental_pit_feature_panel,notice_date_plus_1_conservative,NOTICE_DATE governs availability; REPORT_DATE alone is not enough,notice_lagged_latest|quarter_delta|ttm_proxy|rank_xsection|winsorize
balance_sheet_report_em,cn_fundamental_akshare_batch_v1_20260531\aggregated_v1\balance_sheet_report_em\balance_sheet_report_em.parquet,DIVIDEND_PAYABLE_YOY,other,feature_candidate,true_after_notice_date,announcement_pit_context,fundamental_pit_feature_panel,notice_date_plus_1_conservative,NOTICE_DATE governs availability; REPORT_DATE alone is not enough,lagged_level|rank_xsection
balance_sheet_report_em,cn_fundamental_akshare_batch_v1_20260531\aggregated_v1\balance_sheet_report_em\balance_sheet_report_em.parquet,DIVIDEND_RECE_YOY,other,feature_candidate,true_after_notice_date,announcement_pit_context,fundamental_pit_feature_panel,notice_date_plus_1_conservative,NOTICE_DATE governs availability; REPORT_DATE alone is not enough,lagged_level|rank_xsection
balance_sheet_report_em,cn_fundamental_akshare_batch_v1_20260531\aggregated_v1\balance_sheet_report_em\balance_sheet_report_em.parquet,EQUITY_BALANCE_YOY,other,feature_candidate,true_after_notice_date,announcement_pit_context,fundamental_pit_feature_panel,notice_date_plus_1_conservative,NOTICE_DATE governs availability; REPORT_DATE alone is not enough,lagged_level|rank_xsection
balance_sheet_report_em,cn_fundamental_akshare_batch_v1_20260531\aggregated_v1\balance_sheet_report_em\balance_sheet_report_em.parquet,EQUITY_OTHER_YOY,other,feature_candidate,true_after_notice_date,announcement_pit_context,fundamental_pit_feature_panel,notice_date_plus_1_conservative,NOTICE_DATE governs availability; REPORT_DATE alone is not enough,lagged_level|rank_xsection
balance_sheet_report_em,cn_fundamental_akshare_batch_v1_20260531\aggregated_v1\balance_sheet_report_em\balance_sheet_report_em.parquet,EXPORT_REFUND_RECE_YOY,other,feature_candidate,true_after_notice_date,announcement_pit_context,fundamental_pit_feature_panel,notice_date_plus_1_conservative,NOTICE_DATE governs availability; REPORT_DATE alone is not enough,lagged_level|rank_xsection
balance_sheet_report_em,cn_fundamental_akshare_batch_v1_20260531\aggregated_v1\balance_sheet_report_em\balance_sheet_report_em.parquet,FEE_COMMISSION_PAYABLE_YOY,other,feature_candidate,true_after_notice_date,announcement_pit_context,fundamental_pit_feature_panel,notice_date_plus_1_conservative,NOTICE_DATE governs availability; REPORT_DATE alone is not enough,lagged_level|rank_xsection
balance_sheet_report_em,cn_fundamental_akshare_batch_v1_20260531\aggregated_v1\balance_sheet_report_em\balance_sheet_report_em.parquet,FIN_FUND_YOY,other,feature_candidate,true_after_notice_date,announcement_pit_context,fundamental_pit_feature_panel,notice_date_plus_1_conservative,NOTICE_DATE governs availability; REPORT_DATE alone is not enough,lagged_level|rank_xsection
balance_sheet_report_em,cn_fundamental_akshare_batch_v1_20260531\aggregated_v1\balance_sheet_report_em\balance_sheet_report_em.parquet,FINANCE_RECE_YOY,other,feature_candidate,true_after_notice_date,announcement_pit_context,fundamental_pit_feature_panel,notice_date_plus_1_conservative,NOTICE_DATE governs availability; REPORT_DATE alone is not enough,lagged_level|rank_xsection
balance_sheet_report_em,cn_fundamental_akshare_batch_v1_20260531\aggregated_v1\balance_sheet_report_em\balance_sheet_report_em.parquet,FIXED_ASSET_DISPOSAL_YOY,fundamental,feature_candidate,true_after_notice_date,announcement_pit_context,fundamental_pit_feature_panel,notice_date_plus_1_conservative,NOTICE_DATE governs availability; REPORT_DATE alone is not enough,notice_lagged_latest|quarter_delta|ttm_proxy|rank_xsection|winsorize
balance_sheet_report_em,cn_fundamental_akshare_batch_v1_20260531\aggregated_v1\balance_sheet_report_em\balance_sheet_report_em.parquet,FIXED_ASSET_YOY,fundamental,feature_candidate,true_after_notice_date,announcement_pit_context,fundamental_pit_feature_panel,notice_date_plus_1_conservative,NOTICE_DATE governs availability; REPORT_DATE alone is not enough,notice_lagged_latest|quarter_delta|ttm_proxy|rank_xsection|winsorize
balance_sheet_report_em,cn_fundamental_akshare_batch_v1_20260531\aggregated_v1\balance_sheet_report_em\balance_sheet_report_em.parquet,FVTOCI_FINASSET_YOY,fundamental,feature_candidate,true_after_notice_date,announcement_pit_context,fundamental_pit_feature_panel,notice_date_plus_1_conservative,NOTICE_DATE governs availability; REPORT_DATE alone is not enough,notice_lagged_latest|quarter_delta|ttm_proxy|rank_xsection|winsorize
balance_sheet_report_em,cn_fundamental_akshare_batch_v1_20260531\aggregated_v1\balance_sheet_report_em\balance_sheet_report_em.parquet,FVTOCI_NCFINASSET_YOY,fundamental,feature_candidate,true_after_notice_date,announcement_pit_context,fundamental_pit_feature_panel,notice_date_plus_1_conservative,NOTICE_DATE governs availability; REPORT_DATE alone is not enough,notice_lagged_latest|quarter_delta|ttm_proxy|rank_xsection|winsorize
balance_sheet_report_em,cn_fundamental_akshare_batch_v1_20260531\aggregated_v1\balance_sheet_report_em\balance_sheet_report_em.parquet,FVTPL_FINASSET_YOY,fundamental,feature_candidate,true_after_notice_date,announcement_pit_context,fundamental_pit_feature_panel,notice_date_plus_1_conservative,NOTICE_DATE governs availability; REPORT_DATE alone is not enough,notice_lagged_latest|quarter_delta|ttm_proxy|rank_xsection|winsorize
balance_sheet_report_em,cn_fundamental_akshare_batch_v1_20260531\aggregated_v1\balance_sheet_report_em\balance_sheet_report_em.parquet,FVTPL_FINLIAB_YOY,fundamental,feature_candidate,true_after_notice_date,announcement_pit_context,fundamental_pit_feature_panel,notice_date_plus_1_conservative,NOTICE_DATE governs availability; REPORT_DATE alone is not enough,notice_lagged_latest|quarter_delta|ttm_proxy|rank_xsection|winsorize
balance_sheet_report_em,cn_fundamental_akshare_batch_v1_20260531\aggregated_v1\balance_sheet_report_em\balance_sheet_report_em.parquet,GENERAL_RISK_RESERVE_YOY,other,feature_candidate,true_after_notice_date,announcement_pit_context,fundamental_pit_feature_panel,notice_date_plus_1_conservative,NOTICE_DATE governs availability; REPORT_DATE alone is not enough,lagged_level|rank_xsection
balance_sheet_report_em,cn_fundamental_akshare_batch_v1_20260531\aggregated_v1\balance_sheet_report_em\balance_sheet_report_em.parquet,GOODWILL_YOY,fundamental,feature_candidate,true_after_notice_date,announcement_pit_context,fundamental_pit_feature_panel,notice_date_plus_1_conservative,NOTICE_DATE governs availability; REPORT_DATE alone is not enough,notice_lagged_latest|quarter_delta|ttm_proxy|rank_xsection|winsorize
balance_sheet_report_em,cn_fundamental_akshare_batch_v1_20260531\aggregated_v1\balance_sheet_report_em\balance_sheet_report_em.parquet,HOLD_MATURITY_INVEST_YOY,other,feature_candidate,true_after_notice_date,announcement_pit_context,fundamental_pit_feature_panel,notice_date_plus_1_conservative,NOTICE_DATE governs availability; REPORT_DATE alone is not enough,lagged_level|rank_xsection
balance_sheet_report_em,cn_fundamental_akshare_batch_v1_20260531\aggregated_v1\balance_sheet_report_em\balance_sheet_report_em.parquet,HOLDSALE_ASSET_YOY,fundamental,feature_candidate,true_after_notice_date,announcement_pit_context,fundamental_pit_feature_panel,notice_date_plus_1_conservative,NOTICE_DATE governs availability; REPORT_DATE alone is not enough,notice_lagged_latest|quarter_delta|ttm_proxy|rank_xsection|winsorize
balance_sheet_report_em,cn_fundamental_akshare_batch_v1_20260531\aggregated_v1\balance_sheet_report_em\balance_sheet_report_em.parquet,HOLDSALE_LIAB_YOY,fundamental,feature_candidate,true_after_notice_date,announcement_pit_context,fundamental_pit_feature_panel,notice_date_plus_1_conservative,NOTICE_DATE governs availability; REPORT_DATE alone is not enough,notice_lagged_latest|quarter_delta|ttm_proxy|rank_xsection|winsorize
balance_sheet_report_em,cn_fundamental_akshare_batch_v1_20260531\aggregated_v1\balance_sheet_report_em\balance_sheet_report_em.parquet,INSURANCE_CONTRACT_RESERVE_YOY,other,feature_candidate,true_after_notice_date,announcement_pit_context,fundamental_pit_feature_panel,notice_date_plus_1_conservative,NOTICE_DATE governs availability; REPORT_DATE alone is not enough,lagged_level|rank_xsection
balance_sheet_report_em,cn_fundamental_akshare_batch_v1_20260531\aggregated_v1\balance_sheet_report_em\balance_sheet_report_em.parquet,INTANGIBLE_ASSET_YOY,fundamental,feature_candidate,true_after_notice_date,announcement_pit_context,fundamental_pit_feature_panel,notice_date_plus_1_conservative,NOTICE_DATE governs availability; REPORT_DATE alone is not enough,notice_lagged_latest|quarter_delta|ttm_proxy|rank_xsection|winsorize
balance_sheet_report_em,cn_fundamental_akshare_batch_v1_20260531\aggregated_v1\balance_sheet_report_em\balance_sheet_report_em.parquet,INTEREST_PAYABLE_YOY,other,feature_candidate,true_after_notice_date,announcement_pit_context,fundamental_pit_feature_panel,notice_date_plus_1_conservative,NOTICE_DATE governs availability; REPORT_DATE alone is not enough,lagged_level|rank_xsection
balance_sheet_report_em,cn_fundamental_akshare_batch_v1_20260531\aggregated_v1\balance_sheet_report_em\balance_sheet_report_em.parquet,INTEREST_RECE_YOY,other,feature_candidate,true_after_notice_date,announcement_pit_context,fundamental_pit_feature_panel,notice_date_plus_1_conservative,NOTICE_DATE governs availability; REPORT_DATE alone is not enough,lagged_level|rank_xsection
balance_sheet_report_em,cn_fundamental_akshare_batch_v1_20260531\aggregated_v1\balance_sheet_report_em\balance_sheet_report_em.parquet,INTERNAL_PAYABLE_YOY,other,feature_candidate,true_after_notice_date,announcement_pit_context,fundamental_pit_feature_panel,notice_date_plus_1_conservative,NOTICE_DATE governs availability; REPORT_DATE alone is not enough,lagged_level|rank_xsection
balance_sheet_report_em,cn_fundamental_akshare_batch_v1_20260531\aggregated_v1\balance_sheet_report_em\balance_sheet_report_em.parquet,INTERNAL_RECE_YOY,other,feature_candidate,true_after_notice_date,announcement_pit_context,fundamental_pit_feature_panel,notice_date_plus_1_conservative,NOTICE_DATE governs availability; REPORT_DATE alone is not enough,lagged_level|rank_xsection
balance_sheet_report_em,cn_fundamental_akshare_batch_v1_20260531\aggregated_v1\balance_sheet_report_em\balance_sheet_report_em.parquet,INVENTORY_YOY,fundamental,feature_candidate,true_after_notice_date,announcement_pit_context,fundamental_pit_feature_panel,notice_date_plus_1_conservative,NOTICE_DATE governs availability; REPORT_DATE alone is not enough,notice_lagged_latest|quarter_delta|ttm_proxy|rank_xsection|winsorize
balance_sheet_report_em,cn_fundamental_akshare_batch_v1_20260531\aggregated_v1\balance_sheet_report_em\balance_sheet_report_em.parquet,INVEST_REALESTATE_YOY,other,feature_candidate,true_after_notice_date,announcement_pit_context,fundamental_pit_feature_panel,notice_date_plus_1_conservative,NOTICE_DATE governs availability; REPORT_DATE alone is not enough,lagged_level|rank_xsection
balance_sheet_report_em,cn_fundamental_akshare_batch_v1_20260531\aggregated_v1\balance_sheet_report_em\balance_sheet_report_em.parquet,LEASE_LIAB_YOY,fundamental,feature_candidate,true_after_notice_date,announcement_pit_context,fundamental_pit_feature_panel,notice_date_plus_1_conservative,NOTICE_DATE governs availability; REPORT_DATE alone is not enough,notice_lagged_latest|quarter_delta|ttm_proxy|rank_xsection|winsorize
balance_sheet_report_em,cn_fundamental_akshare_batch_v1_20260531\aggregated_v1\balance_sheet_report_em\balance_sheet_report_em.parquet,LEND_FUND_YOY,other,feature_candidate,true_after_notice_date,announcement_pit_context,fundamental_pit_feature_panel,notice_date_plus_1_conservative,NOTICE_DATE governs availability; REPORT_DATE alone is not enough,lagged_level|rank_xsection
balance_sheet_report_em,cn_fundamental_akshare_batch_v1_20260531\aggregated_v1\balance_sheet_report_em\balance_sheet_report_em.parquet,LIAB_BALANCE_YOY,fundamental,feature_candidate,true_after_notice_date,announcement_pit_context,fundamental_pit_feature_panel,notice_date_plus_1_conservative,NOTICE_DATE governs availability; REPORT_DATE alone is not enough,notice_lagged_latest|quarter_delta|ttm_proxy|rank_xsection|winsorize
balance_sheet_report_em,cn_fundamental_akshare_batch_v1_20260531\aggregated_v1\balance_sheet_report_em\balance_sheet_report_em.parquet,LIAB_EQUITY_BALANCE_YOY,fundamental,feature_candidate,true_after_notice_date,announcement_pit_context,fundamental_pit_feature_panel,notice_date_plus_1_conservative,NOTICE_DATE governs availability; REPORT_DATE alone is not enough,notice_lagged_latest|quarter_delta|ttm_proxy|rank_xsection|winsorize
balance_sheet_report_em,cn_fundamental_akshare_batch_v1_20260531\aggregated_v1\balance_sheet_report_em\balance_sheet_report_em.parquet,LIAB_EQUITY_OTHER_YOY,fundamental,feature_candidate,true_after_notice_date,announcement_pit_context,fundamental_pit_feature_panel,notice_date_plus_1_conservative,NOTICE_DATE governs availability; REPORT_DATE alone is not enough,notice_lagged_latest|quarter_delta|ttm_proxy|rank_xsection|winsorize
balance_sheet_report_em,cn_fundamental_akshare_batch_v1_20260531\aggregated_v1\balance_sheet_report_em\balance_sheet_report_em.parquet,LIAB_OTHER_YOY,fundamental,feature_candidate,true_after_notice_date,announcement_pit_context,fundamental_pit_feature_panel,notice_date_plus_1_conservative,NOTICE_DATE governs availability; REPORT_DATE alone is not enough,notice_lagged_latest|quarter_delta|ttm_proxy|rank_xsection|winsorize
balance_sheet_report_em,cn_fundamental_akshare_batch_v1_20260531\aggregated_v1\balance_sheet_report_em\balance_sheet_report_em.parquet,LOAN_ADVANCE_YOY,other,feature_candidate,true_after_notice_date,announcement_pit_context,fundamental_pit_feature_panel,notice_date_plus_1_conservative,NOTICE_DATE governs availability; REPORT_DATE alone is not enough,lagged_level|rank_xsection
balance_sheet_report_em,cn_fundamental_akshare_batch_v1_20260531\aggregated_v1\balance_sheet_report_em\balance_sheet_report_em.parquet,LOAN_PBC_YOY,fundamental,feature_candidate,true_after_notice_date,announcement_pit_context,fundamental_pit_feature_panel,notice_date_plus_1_conservative,NOTICE_DATE governs availability; REPORT_DATE alone is not enough,notice_lagged_latest|quarter_delta|ttm_proxy|rank_xsection|winsorize
balance_sheet_report_em,cn_fundamental_akshare_batch_v1_20260531\aggregated_v1\balance_sheet_report_em\balance_sheet_report_em.parquet,LONG_EQUITY_INVEST_YOY,other,feature_candidate,true_after_notice_date,announcement_pit_context,fundamental_pit_feature_panel,notice_date_plus_1_conservative,NOTICE_DATE governs availability; REPORT_DATE alone is not enough,lagged_level|rank_xsection
balance_sheet_report_em,cn_fundamental_akshare_batch_v1_20260531\aggregated_v1\balance_sheet_report_em\balance_sheet_report_em.parquet,LONG_LOAN_YOY,other,feature_candidate,true_after_notice_date,announcement_pit_context,fundamental_pit_feature_panel,notice_date_plus_1_conservative,NOTICE_DATE governs availability; REPORT_DATE alone is not enough,lagged_level|rank_xsection
balance_sheet_report_em,cn_fundamental_akshare_batch_v1_20260531\aggregated_v1\balance_sheet_report_em\balance_sheet_report_em.parquet,LONG_PAYABLE_YOY,other,feature_candidate,true_after_notice_date,announcement_pit_context,fundamental_pit_feature_panel,notice_date_plus_1_conservative,NOTICE_DATE governs availability; REPORT_DATE alone is not enough,lagged_level|rank_xsection
balance_sheet_report_em,cn_fundamental_akshare_batch_v1_20260531\aggregated_v1\balance_sheet_report_em\balance_sheet_report_em.parquet,LONG_PREPAID_EXPENSE_YOY,fundamental,feature_candidate,true_after_notice_date,announcement_pit_context,fundamental_pit_feature_panel,notice_date_plus_1_conservative,NOTICE_DATE governs availability; REPORT_DATE alone is not enough,notice_lagged_latest|quarter_delta|ttm_proxy|rank_xsection|winsorize
balance_sheet_report_em,cn_fundamental_akshare_batch_v1_20260531\aggregated_v1\balance_sheet_report_em\balance_sheet_report_em.parquet,LONG_RECE_YOY,other,feature_candidate,true_after_notice_date,announcement_pit_context,fundamental_pit_feature_panel,notice_date_plus_1_conservative,NOTICE_DATE governs availability; REPORT_DATE alone is not enough,lagged_level|rank_xsection
balance_sheet_report_em,cn_fundamental_akshare_batch_v1_20260531\aggregated_v1\balance_sheet_report_em\balance_sheet_report_em.parquet,LONG_STAFFSALARY_PAYABLE_YOY,other,feature_candidate,true_after_notice_date,announcement_pit_context,fundamental_pit_feature_panel,notice_date_plus_1_conservative,NOTICE_DATE governs availability; REPORT_DATE alone is not enough,lagged_level|rank_xsection
balance_sheet_report_em,cn_fundamental_akshare_batch_v1_20260531\aggregated_v1\balance_sheet_report_em\balance_sheet_report_em.parquet,MINORITY_EQUITY_YOY,other,feature_candidate,true_after_notice_date,announcement_pit_context,fundamental_pit_feature_panel,notice_date_plus_1_conservative,NOTICE_DATE governs availability; REPORT_DATE alone is not enough,lagged_level|rank_xsection
balance_sheet_report_em,cn_fundamental_akshare_batch_v1_20260531\aggregated_v1\balance_sheet_report_em\balance_sheet_report_em.parquet,MONETARYFUNDS_YOY,disclosure_event,feature_candidate,true_after_notice_date,announcement_pit_context,fundamental_pit_feature_panel,notice_date_plus_1_conservative,NOTICE_DATE governs availability; REPORT_DATE alone is not enough,event_flag|event_age|net_buy_sell_ratio|matched_control_required
balance_sheet_report_em,cn_fundamental_akshare_batch_v1_20260531\aggregated_v1\balance_sheet_report_em\balance_sheet_report_em.parquet,NONCURRENT_ASSET_1YEAR_YOY,fundamental,feature_candidate,true_after_notice_date,announcement_pit_context,fundamental_pit_feature_panel,notice_date_plus_1_conservative,NOTICE_DATE governs availability; REPORT_DATE alone is not enough,notice_lagged_latest|quarter_delta|ttm_proxy|rank_xsection|winsorize
balance_sheet_report_em,cn_fundamental_akshare_batch_v1_20260531\aggregated_v1\balance_sheet_report_em\balance_sheet_report_em.parquet,NONCURRENT_ASSET_BALANCE_YOY,fundamental,feature_candidate,true_after_notice_date,announcement_pit_context,fundamental_pit_feature_panel,notice_date_plus_1_conservative,NOTICE_DATE governs availability; REPORT_DATE alone is not enough,notice_lagged_latest|quarter_delta|ttm_proxy|rank_xsection|winsorize
balance_sheet_report_em,cn_fundamental_akshare_batch_v1_20260531\aggregated_v1\balance_sheet_report_em\balance_sheet_report_em.parquet,NONCURRENT_ASSET_OTHER_YOY,fundamental,feature_candidate,true_after_notice_date,announcement_pit_context,fundamental_pit_feature_panel,notice_date_plus_1_conservative,NOTICE_DATE governs availability; REPORT_DATE alone is not enough,notice_lagged_latest|quarter_delta|ttm_proxy|rank_xsection|winsorize
balance_sheet_report_em,cn_fundamental_akshare_batch_v1_20260531\aggregated_v1\balance_sheet_report_em\balance_sheet_report_em.parquet,NONCURRENT_LIAB_1YEAR_YOY,fundamental,feature_candidate,true_after_notice_date,announcement_pit_context,fundamental_pit_feature_panel,notice_date_plus_1_conservative,NOTICE_DATE governs availability; REPORT_DATE alone is not enough,notice_lagged_latest|quarter_delta|ttm_proxy|rank_xsection|winsorize
balance_sheet_report_em,cn_fundamental_akshare_batch_v1_20260531\aggregated_v1\balance_sheet_report_em\balance_sheet_report_em.parquet,NONCURRENT_LIAB_BALANCE_YOY,fundamental,feature_candidate,true_after_notice_date,announcement_pit_context,fundamental_pit_feature_panel,notice_date_plus_1_conservative,NOTICE_DATE governs availability; REPORT_DATE alone is not enough,notice_lagged_latest|quarter_delta|ttm_proxy|rank_xsection|winsorize
balance_sheet_report_em,cn_fundamental_akshare_batch_v1_20260531\aggregated_v1\balance_sheet_report_em\balance_sheet_report_em.parquet,NONCURRENT_LIAB_OTHER_YOY,fundamental,feature_candidate,true_after_notice_date,announcement_pit_context,fundamental_pit_feature_panel,notice_date_plus_1_conservative,NOTICE_DATE governs availability; REPORT_DATE alone is not enough,notice_lagged_latest|quarter_delta|ttm_proxy|rank_xsection|winsorize
balance_sheet_report_em,cn_fundamental_akshare_batch_v1_20260531\aggregated_v1\balance_sheet_report_em\balance_sheet_report_em.parquet,NOTE_ACCOUNTS_PAYABLE_YOY,other,feature_candidate,true_after_notice_date,announcement_pit_context,fundamental_pit_feature_panel,notice_date_plus_1_conservative,NOTICE_DATE governs availability; REPORT_DATE alone is not enough,lagged_level|rank_xsection
balance_sheet_report_em,cn_fundamental_akshare_batch_v1_20260531\aggregated_v1\balance_sheet_report_em\balance_sheet_report_em.parquet,NOTE_ACCOUNTS_RECE_YOY,other,feature_candidate,true_after_notice_date,announcement_pit_context,fundamental_pit_feature_panel,notice_date_plus_1_conservative,NOTICE_DATE governs availability; REPORT_DATE alone is not enough,lagged_level|rank_xsection
balance_sheet_report_em,cn_fundamental_akshare_batch_v1_20260531\aggregated_v1\balance_sheet_report_em\balance_sheet_report_em.parquet,NOTE_PAYABLE_YOY,other,feature_candidate,true_after_notice_date,announcement_pit_context,fundamental_pit_feature_panel,notice_date_plus_1_conservative,NOTICE_DATE governs availability; REPORT_DATE alone is not enough,lagged_level|rank_xsection
balance_sheet_report_em,cn_fundamental_akshare_batch_v1_20260531\aggregated_v1\balance_sheet_report_em\balance_sheet_report_em.parquet,NOTE_RECE_YOY,other,feature_candidate,true_after_notice_date,announcement_pit_context,fundamental_pit_feature_panel,notice_date_plus_1_conservative,NOTICE_DATE governs availability; REPORT_DATE alone is not enough,lagged_level|rank_xsection
balance_sheet_report_em,cn_fundamental_akshare_batch_v1_20260531\aggregated_v1\balance_sheet_report_em\balance_sheet_report_em.parquet,OIL_GAS_ASSET_YOY,fundamental,feature_candidate,true_after_notice_date,announcement_pit_context,fundamental_pit_feature_panel,notice_date_plus_1_conservative,NOTICE_DATE governs availability; REPORT_DATE alone is not enough,notice_lagged_latest|quarter_delta|ttm_proxy|rank_xsection|winsorize
balance_sheet_report_em,cn_fundamental_akshare_batch_v1_20260531\aggregated_v1\balance_sheet_report_em\balance_sheet_report_em.parquet,OTHER_COMPRE_INCOME_YOY,fundamental,feature_candidate,true_after_notice_date,announcement_pit_context,fundamental_pit_feature_panel,notice_date_plus_1_conservative,NOTICE_DATE governs availability; REPORT_DATE alone is not enough,notice_lagged_latest|quarter_delta|ttm_proxy|rank_xsection|winsorize
balance_sheet_report_em,cn_fundamental_akshare_batch_v1_20260531\aggregated_v1\balance_sheet_report_em\balance_sheet_report_em.parquet,OTHER_CREDITOR_INVEST_YOY,other,feature_candidate,true_after_notice_date,announcement_pit_context,fundamental_pit_feature_panel,notice_date_plus_1_conservative,NOTICE_DATE governs availability; REPORT_DATE alone is not enough,lagged_level|rank_xsection
balance_sheet_report_em,cn_fundamental_akshare_batch_v1_20260531\aggregated_v1\balance_sheet_report_em\balance_sheet_report_em.parquet,OTHER_CURRENT_ASSET_YOY,fundamental,feature_candidate,true_after_notice_date,announcement_pit_context,fundamental_pit_feature_panel,notice_date_plus_1_conservative,NOTICE_DATE governs availability; REPORT_DATE alone is not enough,notice_lagged_latest|quarter_delta|ttm_proxy|rank_xsection|winsorize
balance_sheet_report_em,cn_fundamental_akshare_batch_v1_20260531\aggregated_v1\balance_sheet_report_em\balance_sheet_report_em.parquet,OTHER_CURRENT_LIAB_YOY,fundamental,feature_candidate,true_after_notice_date,announcement_pit_context,fundamental_pit_feature_panel,notice_date_plus_1_conservative,NOTICE_DATE governs availability; REPORT_DATE alone is not enough,notice_lagged_latest|quarter_delta|ttm_proxy|rank_xsection|winsorize
balance_sheet_report_em,cn_fundamental_akshare_batch_v1_20260531\aggregated_v1\balance_sheet_report_em\balance_sheet_report_em.parquet,OTHER_EQUITY_INVEST_YOY,other,feature_candidate,true_after_notice_date,announcement_pit_context,fundamental_pit_feature_panel,notice_date_plus_1_conservative,NOTICE_DATE governs availability; REPORT_DATE alone is not enough,lagged_level|rank_xsection
balance_sheet_report_em,cn_fundamental_akshare_batch_v1_20260531\aggregated_v1\balance_sheet_report_em\balance_sheet_report_em.parquet,OTHER_EQUITY_OTHER_YOY,other,feature_candidate,true_after_notice_date,announcement_pit_context,fundamental_pit_feature_panel,notice_date_plus_1_conservative,NOTICE_DATE governs availability; REPORT_DATE alone is not enough,lagged_level|rank_xsection
balance_sheet_report_em,cn_fundamental_akshare_batch_v1_20260531\aggregated_v1\balance_sheet_report_em\balance_sheet_report_em.parquet,OTHER_EQUITY_TOOL_YOY,other,feature_candidate,true_after_notice_date,announcement_pit_context,fundamental_pit_feature_panel,notice_date_plus_1_conservative,NOTICE_DATE governs availability; REPORT_DATE alone is not enough,lagged_level|rank_xsection
balance_sheet_report_em,cn_fundamental_akshare_batch_v1_20260531\aggregated_v1\balance_sheet_report_em\balance_sheet_report_em.parquet,OTHER_NONCURRENT_ASSET_YOY,fundamental,feature_candidate,true_after_notice_date,announcement_pit_context,fundamental_pit_feature_panel,notice_date_plus_1_conservative,NOTICE_DATE governs availability; REPORT_DATE alone is not enough,notice_lagged_latest|quarter_delta|ttm_proxy|rank_xsection|winsorize
balance_sheet_report_em,cn_fundamental_akshare_batch_v1_20260531\aggregated_v1\balance_sheet_report_em\balance_sheet_report_em.parquet,OTHER_NONCURRENT_FINASSET_YOY,fundamental,feature_candidate,true_after_notice_date,announcement_pit_context,fundamental_pit_feature_panel,notice_date_plus_1_conservative,NOTICE_DATE governs availability; REPORT_DATE alone is not enough,notice_lagged_latest|quarter_delta|ttm_proxy|rank_xsection|winsorize
balance_sheet_report_em,cn_fundamental_akshare_batch_v1_20260531\aggregated_v1\balance_sheet_report_em\balance_sheet_report_em.parquet,OTHER_NONCURRENT_LIAB_YOY,fundamental,feature_candidate,true_after_notice_date,announcement_pit_context,fundamental_pit_feature_panel,notice_date_plus_1_conservative,NOTICE_DATE governs availability; REPORT_DATE alone is not enough,notice_lagged_latest|quarter_delta|ttm_proxy|rank_xsection|winsorize
balance_sheet_report_em,cn_fundamental_akshare_batch_v1_20260531\aggregated_v1\balance_sheet_report_em\balance_sheet_report_em.parquet,OTHER_PAYABLE_YOY,other,feature_candidate,true_after_notice_date,announcement_pit_context,fundamental_pit_feature_panel,notice_date_plus_1_conservative,NOTICE_DATE governs availability; REPORT_DATE alone is not enough,lagged_level|rank_xsection
balance_sheet_report_em,cn_fundamental_akshare_batch_v1_20260531\aggregated_v1\balance_sheet_report_em\balance_sheet_report_em.parquet,OTHER_RECE_YOY,other,feature_candidate,true_after_notice_date,announcement_pit_context,fundamental_pit_feature_panel,notice_date_plus_1_conservative,NOTICE_DATE governs availability; REPORT_DATE alone is not enough,lagged_level|rank_xsection
balance_sheet_report_em,cn_fundamental_akshare_batch_v1_20260531\aggregated_v1\balance_sheet_report_em\balance_sheet_report_em.parquet,PARENT_EQUITY_BALANCE_YOY,other,feature_candidate,true_after_notice_date,announcement_pit_context,fundamental_pit_feature_panel,notice_date_plus_1_conservative,NOTICE_DATE governs availability; REPORT_DATE alone is not enough,lagged_level|rank_xsection
balance_sheet_report_em,cn_fundamental_akshare_batch_v1_20260531\aggregated_v1\balance_sheet_report_em\balance_sheet_report_em.parquet,PARENT_EQUITY_OTHER_YOY,other,feature_candidate,true_after_notice_date,announcement_pit_context,fundamental_pit_feature_panel,notice_date_plus_1_conservative,NOTICE_DATE governs availability; REPORT_DATE alone is not enough,lagged_level|rank_xsection
balance_sheet_report_em,cn_fundamental_akshare_batch_v1_20260531\aggregated_v1\balance_sheet_report_em\balance_sheet_report_em.parquet,PERPETUAL_BOND_PAYBALE_YOY,fundamental,feature_candidate,true_after_notice_date,announcement_pit_context,fundamental_pit_feature_panel,notice_date_plus_1_conservative,NOTICE_DATE governs availability; REPORT_DATE alone is not enough,notice_lagged_latest|quarter_delta|ttm_proxy|rank_xsection|winsorize
balance_sheet_report_em,cn_fundamental_akshare_batch_v1_20260531\aggregated_v1\balance_sheet_report_em\balance_sheet_report_em.parquet,PERPETUAL_BOND_YOY,fundamental,feature_candidate,true_after_notice_date,announcement_pit_context,fundamental_pit_feature_panel,notice_date_plus_1_conservative,NOTICE_DATE governs availability; REPORT_DATE alone is not enough,notice_lagged_latest|quarter_delta|ttm_proxy|rank_xsection|winsorize
balance_sheet_report_em,cn_fundamental_akshare_batch_v1_20260531\aggregated_v1\balance_sheet_report_em\balance_sheet_report_em.parquet,PREDICT_CURRENT_LIAB_YOY,fundamental,feature_candidate,true_after_notice_date,announcement_pit_context,fundamental_pit_feature_panel,notice_date_plus_1_conservative,NOTICE_DATE governs availability; REPORT_DATE alone is not enough,notice_lagged_latest|quarter_delta|ttm_proxy|rank_xsection|winsorize
balance_sheet_report_em,cn_fundamental_akshare_batch_v1_20260531\aggregated_v1\balance_sheet_report_em\balance_sheet_report_em.parquet,PREDICT_LIAB_YOY,fundamental,feature_candidate,true_after_notice_date,announcement_pit_context,fundamental_pit_feature_panel,notice_date_plus_1_conservative,NOTICE_DATE governs availability; REPORT_DATE alone is not enough,notice_lagged_latest|quarter_delta|ttm_proxy|rank_xsection|winsorize
balance_sheet_report_em,cn_fundamental_akshare_batch_v1_20260531\aggregated_v1\balance_sheet_report_em\balance_sheet_report_em.parquet,PREFERRED_SHARES_PAYBALE_YOY,capacity_size,feature_candidate,true_after_notice_date,announcement_pit_context,fundamental_pit_feature_panel,notice_date_plus_1_conservative,NOTICE_DATE governs availability; REPORT_DATE alone is not enough,lagged_level|rank_xsection|bucket|small_capacity_guard|liquidity_capacity_interaction
balance_sheet_report_em,cn_fundamental_akshare_batch_v1_20260531\aggregated_v1\balance_sheet_report_em\balance_sheet_report_em.parquet,PREFERRED_SHARES_YOY,capacity_size,feature_candidate,true_after_notice_date,announcement_pit_context,fundamental_pit_feature_panel,notice_date_plus_1_conservative,NOTICE_DATE governs availability; REPORT_DATE alone is not enough,lagged_level|rank_xsection|bucket|small_capacity_guard|liquidity_capacity_interaction
balance_sheet_report_em,cn_fundamental_akshare_batch_v1_20260531\aggregated_v1\balance_sheet_report_em\balance_sheet_report_em.parquet,PREMIUM_RECE_YOY,other,feature_candidate,true_after_notice_date,announcement_pit_context,fundamental_pit_feature_panel,notice_date_plus_1_conservative,NOTICE_DATE governs availability; REPORT_DATE alone is not enough,lagged_level|rank_xsection
balance_sheet_report_em,cn_fundamental_akshare_batch_v1_20260531\aggregated_v1\balance_sheet_report_em\balance_sheet_report_em.parquet,PREPAYMENT_YOY,other,feature_candidate,true_after_notice_date,announcement_pit_context,fundamental_pit_feature_panel,notice_date_plus_1_conservative,NOTICE_DATE governs availability; REPORT_DATE alone is not enough,lagged_level|rank_xsection
balance_sheet_report_em,cn_fundamental_akshare_batch_v1_20260531\aggregated_v1\balance_sheet_report_em\balance_sheet_report_em.parquet,PRODUCTIVE_BIOLOGY_ASSET_YOY,fundamental,feature_candidate,true_after_notice_date,announcement_pit_context,fundamental_pit_feature_panel,notice_date_plus_1_conservative,NOTICE_DATE governs availability; REPORT_DATE alone is not enough,notice_lagged_latest|quarter_delta|ttm_proxy|rank_xsection|winsorize
balance_sheet_report_em,cn_fundamental_akshare_batch_v1_20260531\aggregated_v1\balance_sheet_report_em\balance_sheet_report_em.parquet,PROJECT_MATERIAL_YOY,other,feature_candidate,true_after_notice_date,announcement_pit_context,fundamental_pit_feature_panel,notice_date_plus_1_conservative,NOTICE_DATE governs availability; REPORT_DATE alone is not enough,lagged_level|rank_xsection
balance_sheet_report_em,cn_fundamental_akshare_batch_v1_20260531\aggregated_v1\balance_sheet_report_em\balance_sheet_report_em.parquet,RC_RESERVE_RECE_YOY,other,feature_candidate,true_after_notice_date,announcement_pit_context,fundamental_pit_feature_panel,notice_date_plus_1_conservative,NOTICE_DATE governs availability; REPORT_DATE alone is not enough,lagged_level|rank_xsection
balance_sheet_report_em,cn_fundamental_akshare_batch_v1_20260531\aggregated_v1\balance_sheet_report_em\balance_sheet_report_em.parquet,REINSURE_PAYABLE_YOY,other,feature_candidate,true_after_notice_date,announcement_pit_context,fundamental_pit_feature_panel,notice_date_plus_1_conservative,NOTICE_DATE governs availability; REPORT_DATE alone is not enough,lagged_level|rank_xsection
balance_sheet_report_em,cn_fundamental_akshare_batch_v1_20260531\aggregated_v1\balance_sheet_report_em\balance_sheet_report_em.parquet,REINSURE_RECE_YOY,other,feature_candidate,true_after_notice_date,announcement_pit_context,fundamental_pit_feature_panel,notice_date_plus_1_conservative,NOTICE_DATE governs availability; REPORT_DATE alone is not enough,lagged_level|rank_xsection
balance_sheet_report_em,cn_fundamental_akshare_batch_v1_20260531\aggregated_v1\balance_sheet_report_em\balance_sheet_report_em.parquet,SELL_REPO_FINASSET_YOY,fundamental,feature_candidate,true_after_notice_date,announcement_pit_context,fundamental_pit_feature_panel,notice_date_plus_1_conservative,NOTICE_DATE governs availability; REPORT_DATE alone is not enough,notice_lagged_latest|quarter_delta|ttm_proxy|rank_xsection|winsorize
balance_sheet_report_em,cn_fundamental_akshare_batch_v1_20260531\aggregated_v1\balance_sheet_report_em\balance_sheet_report_em.parquet,SETTLE_EXCESS_RESERVE_YOY,other,feature_candidate,true_after_notice_date,announcement_pit_context,fundamental_pit_feature_panel,notice_date_plus_1_conservative,NOTICE_DATE governs availability; REPORT_DATE alone is not enough,lagged_level|rank_xsection
balance_sheet_report_em,cn_fundamental_akshare_batch_v1_20260531\aggregated_v1\balance_sheet_report_em\balance_sheet_report_em.parquet,SHARE_CAPITAL_YOY,capacity_size,feature_candidate,true_after_notice_date,announcement_pit_context,fundamental_pit_feature_panel,notice_date_plus_1_conservative,NOTICE_DATE governs availability; REPORT_DATE alone is not enough,lagged_level|rank_xsection|bucket|small_capacity_guard|liquidity_capacity_interaction
balance_sheet_report_em,cn_fundamental_akshare_batch_v1_20260531\aggregated_v1\balance_sheet_report_em\balance_sheet_report_em.parquet,SHORT_BOND_PAYABLE_YOY,other,feature_candidate,true_after_notice_date,announcement_pit_context,fundamental_pit_feature_panel,notice_date_plus_1_conservative,NOTICE_DATE governs availability; REPORT_DATE alone is not enough,lagged_level|rank_xsection
balance_sheet_report_em,cn_fundamental_akshare_batch_v1_20260531\aggregated_v1\balance_sheet_report_em\balance_sheet_report_em.parquet,SHORT_FIN_PAYABLE_YOY,other,feature_candidate,true_after_notice_date,announcement_pit_context,fundamental_pit_feature_panel,notice_date_plus_1_conservative,NOTICE_DATE governs availability; REPORT_DATE alone is not enough,lagged_level|rank_xsection
balance_sheet_report_em,cn_fundamental_akshare_batch_v1_20260531\aggregated_v1\balance_sheet_report_em\balance_sheet_report_em.parquet,SHORT_LOAN_YOY,other,feature_candidate,true_after_notice_date,announcement_pit_context,fundamental_pit_feature_panel,notice_date_plus_1_conservative,NOTICE_DATE governs availability; REPORT_DATE alone is not enough,lagged_level|rank_xsection
balance_sheet_report_em,cn_fundamental_akshare_batch_v1_20260531\aggregated_v1\balance_sheet_report_em\balance_sheet_report_em.parquet,SPECIAL_PAYABLE_YOY,fundamental,feature_candidate,true_after_notice_date,announcement_pit_context,fundamental_pit_feature_panel,notice_date_plus_1_conservative,NOTICE_DATE governs availability; REPORT_DATE alone is not enough,notice_lagged_latest|quarter_delta|ttm_proxy|rank_xsection|winsorize
balance_sheet_report_em,cn_fundamental_akshare_batch_v1_20260531\aggregated_v1\balance_sheet_report_em\balance_sheet_report_em.parquet,SPECIAL_RESERVE_YOY,fundamental,feature_candidate,true_after_notice_date,announcement_pit_context,fundamental_pit_feature_panel,notice_date_plus_1_conservative,NOTICE_DATE governs availability; REPORT_DATE alone is not enough,notice_lagged_latest|quarter_delta|ttm_proxy|rank_xsection|winsorize
balance_sheet_report_em,cn_fundamental_akshare_batch_v1_20260531\aggregated_v1\balance_sheet_report_em\balance_sheet_report_em.parquet,STAFF_SALARY_PAYABLE_YOY,other,feature_candidate,true_after_notice_date,announcement_pit_context,fundamental_pit_feature_panel,notice_date_plus_1_conservative,NOTICE_DATE governs availability; REPORT_DATE alone is not enough,lagged_level|rank_xsection
balance_sheet_report_em,cn_fundamental_akshare_batch_v1_20260531\aggregated_v1\balance_sheet_report_em\balance_sheet_report_em.parquet,SUBSIDY_RECE_YOY,other,feature_candidate,true_after_notice_date,announcement_pit_context,fundamental_pit_feature_panel,notice_date_plus_1_conservative,NOTICE_DATE governs availability; REPORT_DATE alone is not enough,lagged_level|rank_xsection
balance_sheet_report_em,cn_fundamental_akshare_batch_v1_20260531\aggregated_v1\balance_sheet_report_em\balance_sheet_report_em.parquet,SURPLUS_RESERVE_YOY,other,feature_candidate,true_after_notice_date,announcement_pit_context,fundamental_pit_feature_panel,notice_date_plus_1_conservative,NOTICE_DATE governs availability; REPORT_DATE alone is not enough,lagged_level|rank_xsection
balance_sheet_report_em,cn_fundamental_akshare_batch_v1_20260531\aggregated_v1\balance_sheet_report_em\balance_sheet_report_em.parquet,TAX_PAYABLE_YOY,other,feature_candidate,true_after_notice_date,announcement_pit_context,fundamental_pit_feature_panel,notice_date_plus_1_conservative,NOTICE_DATE governs availability; REPORT_DATE alone is not enough,lagged_level|rank_xsection
balance_sheet_report_em,cn_fundamental_akshare_batch_v1_20260531\aggregated_v1\balance_sheet_report_em\balance_sheet_report_em.parquet,TOTAL_ASSETS_YOY,fundamental,feature_candidate,true_after_notice_date,announcement_pit_context,fundamental_pit_feature_panel,notice_date_plus_1_conservative,NOTICE_DATE governs availability; REPORT_DATE alone is not enough,notice_lagged_latest|quarter_delta|ttm_proxy|rank_xsection|winsorize
balance_sheet_report_em,cn_fundamental_akshare_batch_v1_20260531\aggregated_v1\balance_sheet_report_em\balance_sheet_report_em.parquet,TOTAL_CURRENT_ASSETS_YOY,fundamental,feature_candidate,true_after_notice_date,announcement_pit_context,fundamental_pit_feature_panel,notice_date_plus_1_conservative,NOTICE_DATE governs availability; REPORT_DATE alone is not enough,notice_lagged_latest|quarter_delta|ttm_proxy|rank_xsection|winsorize
balance_sheet_report_em,cn_fundamental_akshare_batch_v1_20260531\aggregated_v1\balance_sheet_report_em\balance_sheet_report_em.parquet,TOTAL_CURRENT_LIAB_YOY,fundamental,feature_candidate,true_after_notice_date,announcement_pit_context,fundamental_pit_feature_panel,notice_date_plus_1_conservative,NOTICE_DATE governs availability; REPORT_DATE alone is not enough,notice_lagged_latest|quarter_delta|ttm_proxy|rank_xsection|winsorize
balance_sheet_report_em,cn_fundamental_akshare_batch_v1_20260531\aggregated_v1\balance_sheet_report_em\balance_sheet_report_em.parquet,TOTAL_EQUITY_YOY,other,feature_candidate,true_after_notice_date,announcement_pit_context,fundamental_pit_feature_panel,notice_date_plus_1_conservative,NOTICE_DATE governs availability; REPORT_DATE alone is not enough,lagged_level|rank_xsection
balance_sheet_report_em,cn_fundamental_akshare_batch_v1_20260531\aggregated_v1\balance_sheet_report_em\balance_sheet_report_em.parquet,TOTAL_LIAB_EQUITY_YOY,fundamental,feature_candidate,true_after_notice_date,announcement_pit_context,fundamental_pit_feature_panel,notice_date_plus_1_conservative,NOTICE_DATE governs availability; REPORT_DATE alone is not enough,notice_lagged_latest|quarter_delta|ttm_proxy|rank_xsection|winsorize
balance_sheet_report_em,cn_fundamental_akshare_batch_v1_20260531\aggregated_v1\balance_sheet_report_em\balance_sheet_report_em.parquet,TOTAL_LIABILITIES_YOY,fundamental,feature_candidate,true_after_notice_date,announcement_pit_context,fundamental_pit_feature_panel,notice_date_plus_1_conservative,NOTICE_DATE governs availability; REPORT_DATE alone is not enough,notice_lagged_latest|quarter_delta|ttm_proxy|rank_xsection|winsorize
balance_sheet_report_em,cn_fundamental_akshare_batch_v1_20260531\aggregated_v1\balance_sheet_report_em\balance_sheet_report_em.parquet,TOTAL_NONCURRENT_ASSETS_YOY,fundamental,feature_candidate,true_after_notice_date,announcement_pit_context,fundamental_pit_feature_panel,notice_date_plus_1_conservative,NOTICE_DATE governs availability; REPORT_DATE alone is not enough,notice_lagged_latest|quarter_delta|ttm_proxy|rank_xsection|winsorize
balance_sheet_report_em,cn_fundamental_akshare_batch_v1_20260531\aggregated_v1\balance_sheet_report_em\balance_sheet_report_em.parquet,TOTAL_NONCURRENT_LIAB_YOY,fundamental,feature_candidate,true_after_notice_date,announcement_pit_context,fundamental_pit_feature_panel,notice_date_plus_1_conservative,NOTICE_DATE governs availability; REPORT_DATE alone is not enough,notice_lagged_latest|quarter_delta|ttm_proxy|rank_xsection|winsorize
balance_sheet_report_em,cn_fundamental_akshare_batch_v1_20260531\aggregated_v1\balance_sheet_report_em\balance_sheet_report_em.parquet,TOTAL_OTHER_PAYABLE_YOY,other,feature_candidate,true_after_notice_date,announcement_pit_context,fundamental_pit_feature_panel,notice_date_plus_1_conservative,NOTICE_DATE governs availability; REPORT_DATE alone is not enough,lagged_level|rank_xsection
balance_sheet_report_em,cn_fundamental_akshare_batch_v1_20260531\aggregated_v1\balance_sheet_report_em\balance_sheet_report_em.parquet,TOTAL_OTHER_RECE_YOY,other,feature_candidate,true_after_notice_date,announcement_pit_context,fundamental_pit_feature_panel,notice_date_plus_1_conservative,NOTICE_DATE governs availability; REPORT_DATE alone is not enough,lagged_level|rank_xsection
balance_sheet_report_em,cn_fundamental_akshare_batch_v1_20260531\aggregated_v1\balance_sheet_report_em\balance_sheet_report_em.parquet,TOTAL_PARENT_EQUITY_YOY,other,feature_candidate,true_after_notice_date,announcement_pit_context,fundamental_pit_feature_panel,notice_date_plus_1_conservative,NOTICE_DATE governs availability; REPORT_DATE alone is not enough,lagged_level|rank_xsection
balance_sheet_report_em,cn_fundamental_akshare_batch_v1_20260531\aggregated_v1\balance_sheet_report_em\balance_sheet_report_em.parquet,TRADE_FINASSET_NOTFVTPL_YOY,fundamental,feature_candidate,true_after_notice_date,announcement_pit_context,fundamental_pit_feature_panel,notice_date_plus_1_conservative,NOTICE_DATE governs availability; REPORT_DATE alone is not enough,notice_lagged_latest|quarter_delta|ttm_proxy|rank_xsection|winsorize
balance_sheet_report_em,cn_fundamental_akshare_batch_v1_20260531\aggregated_v1\balance_sheet_report_em\balance_sheet_report_em.parquet,TRADE_FINASSET_YOY,fundamental,feature_candidate,true_after_notice_date,announcement_pit_context,fundamental_pit_feature_panel,notice_date_plus_1_conservative,NOTICE_DATE governs availability; REPORT_DATE alone is not enough,notice_lagged_latest|quarter_delta|ttm_proxy|rank_xsection|winsorize
balance_sheet_report_em,cn_fundamental_akshare_batch_v1_20260531\aggregated_v1\balance_sheet_report_em\balance_sheet_report_em.parquet,TRADE_FINLIAB_NOTFVTPL_YOY,fundamental,feature_candidate,true_after_notice_date,announcement_pit_context,fundamental_pit_feature_panel,notice_date_plus_1_conservative,NOTICE_DATE governs availability; REPORT_DATE alone is not enough,notice_lagged_latest|quarter_delta|ttm_proxy|rank_xsection|winsorize
balance_sheet_report_em,cn_fundamental_akshare_batch_v1_20260531\aggregated_v1\balance_sheet_report_em\balance_sheet_report_em.parquet,TRADE_FINLIAB_YOY,fundamental,feature_candidate,true_after_notice_date,announcement_pit_context,fundamental_pit_feature_panel,notice_date_plus_1_conservative,NOTICE_DATE governs availability; REPORT_DATE alone is not enough,notice_lagged_latest|quarter_delta|ttm_proxy|rank_xsection|winsorize
balance_sheet_report_em,cn_fundamental_akshare_batch_v1_20260531\aggregated_v1\balance_sheet_report_em\balance_sheet_report_em.parquet,TREASURY_SHARES_YOY,capacity_size,feature_candidate,true_after_notice_date,announcement_pit_context,fundamental_pit_feature_panel,notice_date_plus_1_conservative,NOTICE_DATE governs availability; REPORT_DATE alone is not enough,lagged_level|rank_xsection|bucket|small_capacity_guard|liquidity_capacity_interaction
balance_sheet_report_em,cn_fundamental_akshare_batch_v1_20260531\aggregated_v1\balance_sheet_report_em\balance_sheet_report_em.parquet,UNASSIGN_RPOFIT_YOY,other,feature_candidate,true_after_notice_date,announcement_pit_context,fundamental_pit_feature_panel,notice_date_plus_1_conservative,NOTICE_DATE governs availability; REPORT_DATE alone is not enough,lagged_level|rank_xsection
balance_sheet_report_em,cn_fundamental_akshare_batch_v1_20260531\aggregated_v1\balance_sheet_report_em\balance_sheet_report_em.parquet,UNCONFIRM_INVEST_LOSS_YOY,other,feature_candidate,true_after_notice_date,announcement_pit_context,fundamental_pit_feature_panel,notice_date_plus_1_conservative,NOTICE_DATE governs availability; REPORT_DATE alone is not enough,lagged_level|rank_xsection
balance_sheet_report_em,cn_fundamental_akshare_batch_v1_20260531\aggregated_v1\balance_sheet_report_em\balance_sheet_report_em.parquet,USERIGHT_ASSET_YOY,fundamental,feature_candidate,true_after_notice_date,announcement_pit_context,fundamental_pit_feature_panel,notice_date_plus_1_conservative,NOTICE_DATE governs availability; REPORT_DATE alone is not enough,notice_lagged_latest|quarter_delta|ttm_proxy|rank_xsection|winsorize
balance_sheet_report_em,cn_fundamental_akshare_batch_v1_20260531\aggregated_v1\balance_sheet_report_em\balance_sheet_report_em.parquet,OPINION_TYPE,fundamental,feature_candidate,true_after_notice_date,announcement_pit_context,fundamental_pit_feature_panel,notice_date_plus_1_conservative,NOTICE_DATE governs availability; REPORT_DATE alone is not enough,notice_lagged_latest|quarter_delta|ttm_proxy|rank_xsection|winsorize
balance_sheet_report_em,cn_fundamental_akshare_batch_v1_20260531\aggregated_v1\balance_sheet_report_em\balance_sheet_report_em.parquet,OSOPINION_TYPE,fundamental,feature_candidate,true_after_notice_date,announcement_pit_context,fundamental_pit_feature_panel,notice_date_plus_1_conservative,NOTICE_DATE governs availability; REPORT_DATE alone is not enough,notice_lagged_latest|quarter_delta|ttm_proxy|rank_xsection|winsorize
balance_sheet_report_em,cn_fundamental_akshare_batch_v1_20260531\aggregated_v1\balance_sheet_report_em\balance_sheet_report_em.parquet,LISTING_STATE,other,feature_candidate,true_after_notice_date,announcement_pit_context,fundamental_pit_feature_panel,notice_date_plus_1_conservative,NOTICE_DATE governs availability; REPORT_DATE alone is not enough,lagged_level|rank_xsection
balance_sheet_report_em,cn_fundamental_akshare_batch_v1_20260531\aggregated_v1\balance_sheet_report_em\balance_sheet_report_em.parquet,_source_file,other,feature_candidate,true_after_notice_date,announcement_pit_context,fundamental_pit_feature_panel,notice_date_plus_1_conservative,NOTICE_DATE governs availability; REPORT_DATE alone is not enough,lagged_level|rank_xsection
balance_sheet_report_em,cn_fundamental_akshare_batch_v1_20260531\aggregated_v1\balance_sheet_report_em\balance_sheet_report_em.parquet,ACCEPT_DEPOSIT,other,feature_candidate,true_after_notice_date,announcement_pit_context,fundamental_pit_feature_panel,notice_date_plus_1_conservative,NOTICE_DATE governs availability; REPORT_DATE alone is not enough,lagged_level|rank_xsection
balance_sheet_report_em,cn_fundamental_akshare_batch_v1_20260531\aggregated_v1\balance_sheet_report_em\balance_sheet_report_em.parquet,ADVANCE_PREMIUM,other,feature_candidate,true_after_notice_date,announcement_pit_context,fundamental_pit_feature_panel,notice_date_plus_1_conservative,NOTICE_DATE governs availability; REPORT_DATE alone is not enough,lagged_level|rank_xsection
balance_sheet_report_em,cn_fundamental_akshare_batch_v1_20260531\aggregated_v1\balance_sheet_report_em\balance_sheet_report_em.parquet,ADVANCE_RECE,other,feature_candidate,true_after_notice_date,announcement_pit_context,fundamental_pit_feature_panel,notice_date_plus_1_conservative,NOTICE_DATE governs availability; REPORT_DATE alone is not enough,lagged_level|rank_xsection
balance_sheet_report_em,cn_fundamental_akshare_batch_v1_20260531\aggregated_v1\balance_sheet_report_em\balance_sheet_report_em.parquet,COMPENSATE_PAYABLE,fundamental,feature_candidate,true_after_notice_date,announcement_pit_context,fundamental_pit_feature_panel,notice_date_plus_1_conservative,NOTICE_DATE governs availability; REPORT_DATE alone is not enough,notice_lagged_latest|quarter_delta|ttm_proxy|rank_xsection|winsorize
balance_sheet_report_em,cn_fundamental_akshare_batch_v1_20260531\aggregated_v1\balance_sheet_report_em\balance_sheet_report_em.parquet,CREDITOR_PLAN_INVEST,other,feature_candidate,true_after_notice_date,announcement_pit_context,fundamental_pit_feature_panel,notice_date_plus_1_conservative,NOTICE_DATE governs availability; REPORT_DATE alone is not enough,lagged_level|rank_xsection
balance_sheet_report_em,cn_fundamental_akshare_batch_v1_20260531\aggregated_v1\balance_sheet_report_em\balance_sheet_report_em.parquet,HD_RESERVE,other,feature_candidate,true_after_notice_date,announcement_pit_context,fundamental_pit_feature_panel,notice_date_plus_1_conservative,NOTICE_DATE governs availability; REPORT_DATE alone is not enough,lagged_level|rank_xsection
balance_sheet_report_em,cn_fundamental_akshare_batch_v1_20260531\aggregated_v1\balance_sheet_report_em\balance_sheet_report_em.parquet,IND_ACC_ASSET,fundamental,feature_candidate,true_after_notice_date,announcement_pit_context,fundamental_pit_feature_panel,notice_date_plus_1_conservative,NOTICE_DATE governs availability; REPORT_DATE alone is not enough,notice_lagged_latest|quarter_delta|ttm_proxy|rank_xsection|winsorize
balance_sheet_report_em,cn_fundamental_akshare_batch_v1_20260531\aggregated_v1\balance_sheet_report_em\balance_sheet_report_em.parquet,IND_ACC_LIAB,fundamental,feature_candidate,true_after_notice_date,announcement_pit_context,fundamental_pit_feature_panel,notice_date_plus_1_conservative,NOTICE_DATE governs availability; REPORT_DATE alone is not enough,notice_lagged_latest|quarter_delta|ttm_proxy|rank_xsection|winsorize
balance_sheet_report_em,cn_fundamental_akshare_batch_v1_20260531\aggregated_v1\balance_sheet_report_em\balance_sheet_report_em.parquet,INSURED_DEPOSIT_INVEST,other,feature_candidate,true_after_notice_date,announcement_pit_context,fundamental_pit_feature_panel,notice_date_plus_1_conservative,NOTICE_DATE governs availability; REPORT_DATE alone is not enough,lagged_level|rank_xsection
balance_sheet_report_em,cn_fundamental_akshare_batch_v1_20260531\aggregated_v1\balance_sheet_report_em\balance_sheet_report_em.parquet,INSURED_PLEDGE_LOAN,other,feature_candidate,true_after_notice_date,announcement_pit_context,fundamental_pit_feature_panel,notice_date_plus_1_conservative,NOTICE_DATE governs availability; REPORT_DATE alone is not enough,lagged_level|rank_xsection
balance_sheet_report_em,cn_fundamental_akshare_batch_v1_20260531\aggregated_v1\balance_sheet_report_em\balance_sheet_report_em.parquet,INVEST_RECE,other,feature_candidate,true_after_notice_date,announcement_pit_context,fundamental_pit_feature_panel,notice_date_plus_1_conservative,NOTICE_DATE governs availability; REPORT_DATE alone is not enough,lagged_level|rank_xsection
balance_sheet_report_em,cn_fundamental_akshare_batch_v1_20260531\aggregated_v1\balance_sheet_report_em\balance_sheet_report_em.parquet,IOFI_DEPOSIT,other,feature_candidate,true_after_notice_date,announcement_pit_context,fundamental_pit_feature_panel,notice_date_plus_1_conservative,NOTICE_DATE governs availability; REPORT_DATE alone is not enough,lagged_level|rank_xsection
balance_sheet_report_em,cn_fundamental_akshare_batch_v1_20260531\aggregated_v1\balance_sheet_report_em\balance_sheet_report_em.parquet,LD_RESERVE,other,feature_candidate,true_after_notice_date,announcement_pit_context,fundamental_pit_feature_panel,notice_date_plus_1_conservative,NOTICE_DATE governs availability; REPORT_DATE alone is not enough,lagged_level|rank_xsection
balance_sheet_report_em,cn_fundamental_akshare_batch_v1_20260531\aggregated_v1\balance_sheet_report_em\balance_sheet_report_em.parquet,OTHER_ASSET,fundamental,feature_candidate,true_after_notice_date,announcement_pit_context,fundamental_pit_feature_panel,notice_date_plus_1_conservative,NOTICE_DATE governs availability; REPORT_DATE alone is not enough,notice_lagged_latest|quarter_delta|ttm_proxy|rank_xsection|winsorize
balance_sheet_report_em,cn_fundamental_akshare_batch_v1_20260531\aggregated_v1\balance_sheet_report_em\balance_sheet_report_em.parquet,OTHER_LIAB,fundamental,feature_candidate,true_after_notice_date,announcement_pit_context,fundamental_pit_feature_panel,notice_date_plus_1_conservative,NOTICE_DATE governs availability; REPORT_DATE alone is not enough,notice_lagged_latest|quarter_delta|ttm_proxy|rank_xsection|winsorize
balance_sheet_report_em,cn_fundamental_akshare_batch_v1_20260531\aggregated_v1\balance_sheet_report_em\balance_sheet_report_em.parquet,POLICY_BONUS_PAYABLE,other,feature_candidate,true_after_notice_date,announcement_pit_context,fundamental_pit_feature_panel,notice_date_plus_1_conservative,NOTICE_DATE governs availability; REPORT_DATE alone is not enough,lagged_level|rank_xsection
balance_sheet_report_em,cn_fundamental_akshare_batch_v1_20260531\aggregated_v1\balance_sheet_report_em\balance_sheet_report_em.parquet,REFUND_CAPITAL_DEPOSIT,other,feature_candidate,true_after_notice_date,announcement_pit_context,fundamental_pit_feature_panel,notice_date_plus_1_conservative,NOTICE_DATE governs availability; REPORT_DATE alone is not enough,lagged_level|rank_xsection
balance_sheet_report_em,cn_fundamental_akshare_batch_v1_20260531\aggregated_v1\balance_sheet_report_em\balance_sheet_report_em.parquet,REFUND_DEPOSIT_PAY,other,feature_candidate,true_after_notice_date,announcement_pit_context,fundamental_pit_feature_panel,notice_date_plus_1_conservative,NOTICE_DATE governs availability; REPORT_DATE alone is not enough,lagged_level|rank_xsection
balance_sheet_report_em,cn_fundamental_akshare_batch_v1_20260531\aggregated_v1\balance_sheet_report_em\balance_sheet_report_em.parquet,REFUND_DEPOSIT_RECE,other,feature_candidate,true_after_notice_date,announcement_pit_context,fundamental_pit_feature_panel,notice_date_plus_1_conservative,NOTICE_DATE governs availability; REPORT_DATE alone is not enough,lagged_level|rank_xsection
balance_sheet_report_em,cn_fundamental_akshare_batch_v1_20260531\aggregated_v1\balance_sheet_report_em\balance_sheet_report_em.parquet,RHD_RESERVE_RECE,other,feature_candidate,true_after_notice_date,announcement_pit_context,fundamental_pit_feature_panel,notice_date_plus_1_conservative,NOTICE_DATE governs availability; REPORT_DATE alone is not enough,lagged_level|rank_xsection
balance_sheet_report_em,cn_fundamental_akshare_batch_v1_20260531\aggregated_v1\balance_sheet_report_em\balance_sheet_report_em.parquet,RLD_RESERVE_RECE,other,feature_candidate,true_after_notice_date,announcement_pit_context,fundamental_pit_feature_panel,notice_date_plus_1_conservative,NOTICE_DATE governs availability; REPORT_DATE alone is not enough,lagged_level|rank_xsection
balance_sheet_report_em,cn_fundamental_akshare_batch_v1_20260531\aggregated_v1\balance_sheet_report_em\balance_sheet_report_em.parquet,RUC_RESERVE_RECE,other,feature_candidate,true_after_notice_date,announcement_pit_context,fundamental_pit_feature_panel,notice_date_plus_1_conservative,NOTICE_DATE governs availability; REPORT_DATE alone is not enough,lagged_level|rank_xsection
balance_sheet_report_em,cn_fundamental_akshare_batch_v1_20260531\aggregated_v1\balance_sheet_report_em\balance_sheet_report_em.parquet,RUD_RESERVE_RECE,other,feature_candidate,true_after_notice_date,announcement_pit_context,fundamental_pit_feature_panel,notice_date_plus_1_conservative,NOTICE_DATE governs availability; REPORT_DATE alone is not enough,lagged_level|rank_xsection
balance_sheet_report_em,cn_fundamental_akshare_batch_v1_20260531\aggregated_v1\balance_sheet_report_em\balance_sheet_report_em.parquet,SUBBOND_PAYABLE,other,feature_candidate,true_after_notice_date,announcement_pit_context,fundamental_pit_feature_panel,notice_date_plus_1_conservative,NOTICE_DATE governs availability; REPORT_DATE alone is not enough,lagged_level|rank_xsection
balance_sheet_report_em,cn_fundamental_akshare_batch_v1_20260531\aggregated_v1\balance_sheet_report_em\balance_sheet_report_em.parquet,TIME_DEPOSIT,other,feature_candidate,true_after_notice_date,announcement_pit_context,fundamental_pit_feature_panel,notice_date_plus_1_conservative,NOTICE_DATE governs availability; REPORT_DATE alone is not enough,lagged_level|rank_xsection
balance_sheet_report_em,cn_fundamental_akshare_batch_v1_20260531\aggregated_v1\balance_sheet_report_em\balance_sheet_report_em.parquet,UC_RESERVE,other,feature_candidate,true_after_notice_date,announcement_pit_context,fundamental_pit_feature_panel,notice_date_plus_1_conservative,NOTICE_DATE governs availability; REPORT_DATE alone is not enough,lagged_level|rank_xsection
balance_sheet_report_em,cn_fundamental_akshare_batch_v1_20260531\aggregated_v1\balance_sheet_report_em\balance_sheet_report_em.parquet,UD_RESERVE,other,feature_candidate,true_after_notice_date,announcement_pit_context,fundamental_pit_feature_panel,notice_date_plus_1_conservative,NOTICE_DATE governs availability; REPORT_DATE alone is not enough,lagged_level|rank_xsection
balance_sheet_report_em,cn_fundamental_akshare_batch_v1_20260531\aggregated_v1\balance_sheet_report_em\balance_sheet_report_em.parquet,ACCEPT_DEPOSIT_YOY,other,feature_candidate,true_after_notice_date,announcement_pit_context,fundamental_pit_feature_panel,notice_date_plus_1_conservative,NOTICE_DATE governs availability; REPORT_DATE alone is not enough,lagged_level|rank_xsection
balance_sheet_report_em,cn_fundamental_akshare_batch_v1_20260531\aggregated_v1\balance_sheet_report_em\balance_sheet_report_em.parquet,ADVANCE_PREMIUM_YOY,other,feature_candidate,true_after_notice_date,announcement_pit_context,fundamental_pit_feature_panel,notice_date_plus_1_conservative,NOTICE_DATE governs availability; REPORT_DATE alone is not enough,lagged_level|rank_xsection
balance_sheet_report_em,cn_fundamental_akshare_batch_v1_20260531\aggregated_v1\balance_sheet_report_em\balance_sheet_report_em.parquet,ADVANCE_RECE_YOY,other,feature_candidate,true_after_notice_date,announcement_pit_context,fundamental_pit_feature_panel,notice_date_plus_1_conservative,NOTICE_DATE governs availability; REPORT_DATE alone is not enough,lagged_level|rank_xsection
balance_sheet_report_em,cn_fundamental_akshare_batch_v1_20260531\aggregated_v1\balance_sheet_report_em\balance_sheet_report_em.parquet,COMPENSATE_PAYABLE_YOY,fundamental,feature_candidate,true_after_notice_date,announcement_pit_context,fundamental_pit_feature_panel,notice_date_plus_1_conservative,NOTICE_DATE governs availability; REPORT_DATE alone is not enough,notice_lagged_latest|quarter_delta|ttm_proxy|rank_xsection|winsorize
balance_sheet_report_em,cn_fundamental_akshare_batch_v1_20260531\aggregated_v1\balance_sheet_report_em\balance_sheet_report_em.parquet,CREDITOR_PLAN_INVEST_YOY,other,feature_candidate,true_after_notice_date,announcement_pit_context,fundamental_pit_feature_panel,notice_date_plus_1_conservative,NOTICE_DATE governs availability; REPORT_DATE alone is not enough,lagged_level|rank_xsection
balance_sheet_report_em,cn_fundamental_akshare_batch_v1_20260531\aggregated_v1\balance_sheet_report_em\balance_sheet_report_em.parquet,HD_RESERVE_YOY,other,feature_candidate,true_after_notice_date,announcement_pit_context,fundamental_pit_feature_panel,notice_date_plus_1_conservative,NOTICE_DATE governs availability; REPORT_DATE alone is not enough,lagged_level|rank_xsection
balance_sheet_report_em,cn_fundamental_akshare_batch_v1_20260531\aggregated_v1\balance_sheet_report_em\balance_sheet_report_em.parquet,IND_ACC_ASSET_YOY,fundamental,feature_candidate,true_after_notice_date,announcement_pit_context,fundamental_pit_feature_panel,notice_date_plus_1_conservative,NOTICE_DATE governs availability; REPORT_DATE alone is not enough,notice_lagged_latest|quarter_delta|ttm_proxy|rank_xsection|winsorize
balance_sheet_report_em,cn_fundamental_akshare_batch_v1_20260531\aggregated_v1\balance_sheet_report_em\balance_sheet_report_em.parquet,IND_ACC_LIAB_YOY,fundamental,feature_candidate,true_after_notice_date,announcement_pit_context,fundamental_pit_feature_panel,notice_date_plus_1_conservative,NOTICE_DATE governs availability; REPORT_DATE alone is not enough,notice_lagged_latest|quarter_delta|ttm_proxy|rank_xsection|winsorize
balance_sheet_report_em,cn_fundamental_akshare_batch_v1_20260531\aggregated_v1\balance_sheet_report_em\balance_sheet_report_em.parquet,INSURED_DEPOSIT_INVEST_YOY,other,feature_candidate,true_after_notice_date,announcement_pit_context,fundamental_pit_feature_panel,notice_date_plus_1_conservative,NOTICE_DATE governs availability; REPORT_DATE alone is not enough,lagged_level|rank_xsection
balance_sheet_report_em,cn_fundamental_akshare_batch_v1_20260531\aggregated_v1\balance_sheet_report_em\balance_sheet_report_em.parquet,INSURED_PLEDGE_LOAN_YOY,other,feature_candidate,true_after_notice_date,announcement_pit_context,fundamental_pit_feature_panel,notice_date_plus_1_conservative,NOTICE_DATE governs availability; REPORT_DATE alone is not enough,lagged_level|rank_xsection
balance_sheet_report_em,cn_fundamental_akshare_batch_v1_20260531\aggregated_v1\balance_sheet_report_em\balance_sheet_report_em.parquet,INVEST_RECE_YOY,other,feature_candidate,true_after_notice_date,announcement_pit_context,fundamental_pit_feature_panel,notice_date_plus_1_conservative,NOTICE_DATE governs availability; REPORT_DATE alone is not enough,lagged_level|rank_xsection
balance_sheet_report_em,cn_fundamental_akshare_batch_v1_20260531\aggregated_v1\balance_sheet_report_em\balance_sheet_report_em.parquet,IOFI_DEPOSIT_YOY,other,feature_candidate,true_after_notice_date,announcement_pit_context,fundamental_pit_feature_panel,notice_date_plus_1_conservative,NOTICE_DATE governs availability; REPORT_DATE alone is not enough,lagged_level|rank_xsection
balance_sheet_report_em,cn_fundamental_akshare_batch_v1_20260531\aggregated_v1\balance_sheet_report_em\balance_sheet_report_em.parquet,LD_RESERVE_YOY,other,feature_candidate,true_after_notice_date,announcement_pit_context,fundamental_pit_feature_panel,notice_date_plus_1_conservative,NOTICE_DATE governs availability; REPORT_DATE alone is not enough,lagged_level|rank_xsection
balance_sheet_report_em,cn_fundamental_akshare_batch_v1_20260531\aggregated_v1\balance_sheet_report_em\balance_sheet_report_em.parquet,OTHER_ASSET_YOY,fundamental,feature_candidate,true_after_notice_date,announcement_pit_context,fundamental_pit_feature_panel,notice_date_plus_1_conservative,NOTICE_DATE governs availability; REPORT_DATE alone is not enough,notice_lagged_latest|quarter_delta|ttm_proxy|rank_xsection|winsorize
balance_sheet_report_em,cn_fundamental_akshare_batch_v1_20260531\aggregated_v1\balance_sheet_report_em\balance_sheet_report_em.parquet,OTHER_LIAB_YOY,fundamental,feature_candidate,true_after_notice_date,announcement_pit_context,fundamental_pit_feature_panel,notice_date_plus_1_conservative,NOTICE_DATE governs availability; REPORT_DATE alone is not enough,notice_lagged_latest|quarter_delta|ttm_proxy|rank_xsection|winsorize
balance_sheet_report_em,cn_fundamental_akshare_batch_v1_20260531\aggregated_v1\balance_sheet_report_em\balance_sheet_report_em.parquet,POLICY_BONUS_PAYABLE_YOY,other,feature_candidate,true_after_notice_date,announcement_pit_context,fundamental_pit_feature_panel,notice_date_plus_1_conservative,NOTICE_DATE governs availability; REPORT_DATE alone is not enough,lagged_level|rank_xsection
balance_sheet_report_em,cn_fundamental_akshare_batch_v1_20260531\aggregated_v1\balance_sheet_report_em\balance_sheet_report_em.parquet,REFUND_CAPITAL_DEPOSIT_YOY,other,feature_candidate,true_after_notice_date,announcement_pit_context,fundamental_pit_feature_panel,notice_date_plus_1_conservative,NOTICE_DATE governs availability; REPORT_DATE alone is not enough,lagged_level|rank_xsection
balance_sheet_report_em,cn_fundamental_akshare_batch_v1_20260531\aggregated_v1\balance_sheet_report_em\balance_sheet_report_em.parquet,REFUND_DEPOSIT_PAY_YOY,other,feature_candidate,true_after_notice_date,announcement_pit_context,fundamental_pit_feature_panel,notice_date_plus_1_conservative,NOTICE_DATE governs availability; REPORT_DATE alone is not enough,lagged_level|rank_xsection
balance_sheet_report_em,cn_fundamental_akshare_batch_v1_20260531\aggregated_v1\balance_sheet_report_em\balance_sheet_report_em.parquet,REFUND_DEPOSIT_RECE_YOY,other,feature_candidate,true_after_notice_date,announcement_pit_context,fundamental_pit_feature_panel,notice_date_plus_1_conservative,NOTICE_DATE governs availability; REPORT_DATE alone is not enough,lagged_level|rank_xsection
balance_sheet_report_em,cn_fundamental_akshare_batch_v1_20260531\aggregated_v1\balance_sheet_report_em\balance_sheet_report_em.parquet,RHD_RESERVE_RECE_YOY,other,feature_candidate,true_after_notice_date,announcement_pit_context,fundamental_pit_feature_panel,notice_date_plus_1_conservative,NOTICE_DATE governs availability; REPORT_DATE alone is not enough,lagged_level|rank_xsection
balance_sheet_report_em,cn_fundamental_akshare_batch_v1_20260531\aggregated_v1\balance_sheet_report_em\balance_sheet_report_em.parquet,RLD_RESERVE_RECE_YOY,other,feature_candidate,true_after_notice_date,announcement_pit_context,fundamental_pit_feature_panel,notice_date_plus_1_conservative,NOTICE_DATE governs availability; REPORT_DATE alone is not enough,lagged_level|rank_xsection
balance_sheet_report_em,cn_fundamental_akshare_batch_v1_20260531\aggregated_v1\balance_sheet_report_em\balance_sheet_report_em.parquet,RUC_RESERVE_RECE_YOY,other,feature_candidate,true_after_notice_date,announcement_pit_context,fundamental_pit_feature_panel,notice_date_plus_1_conservative,NOTICE_DATE governs availability; REPORT_DATE alone is not enough,lagged_level|rank_xsection
balance_sheet_report_em,cn_fundamental_akshare_batch_v1_20260531\aggregated_v1\balance_sheet_report_em\balance_sheet_report_em.parquet,RUD_RESERVE_RECE_YOY,other,feature_candidate,true_after_notice_date,announcement_pit_context,fundamental_pit_feature_panel,notice_date_plus_1_conservative,NOTICE_DATE governs availability; REPORT_DATE alone is not enough,lagged_level|rank_xsection
balance_sheet_report_em,cn_fundamental_akshare_batch_v1_20260531\aggregated_v1\balance_sheet_report_em\balance_sheet_report_em.parquet,SUBBOND_PAYABLE_YOY,other,feature_candidate,true_after_notice_date,announcement_pit_context,fundamental_pit_feature_panel,notice_date_plus_1_conservative,NOTICE_DATE governs availability; REPORT_DATE alone is not enough,lagged_level|rank_xsection
balance_sheet_report_em,cn_fundamental_akshare_batch_v1_20260531\aggregated_v1\balance_sheet_report_em\balance_sheet_report_em.parquet,SUBROGATION_RECE,other,feature_candidate,true_after_notice_date,announcement_pit_context,fundamental_pit_feature_panel,notice_date_plus_1_conservative,NOTICE_DATE governs availability; REPORT_DATE alone is not enough,lagged_level|rank_xsection
balance_sheet_report_em,cn_fundamental_akshare_batch_v1_20260531\aggregated_v1\balance_sheet_report_em\balance_sheet_report_em.parquet,SUBROGATION_RECE_YOY,other,feature_candidate,true_after_notice_date,announcement_pit_context,fundamental_pit_feature_panel,notice_date_plus_1_conservative,NOTICE_DATE governs availability; REPORT_DATE alone is not enough,lagged_level|rank_xsection
balance_sheet_report_em,cn_fundamental_akshare_batch_v1_20260531\aggregated_v1\balance_sheet_report_em\balance_sheet_report_em.parquet,TIME_DEPOSIT_YOY,other,feature_candidate,true_after_notice_date,announcement_pit_context,fundamental_pit_feature_panel,notice_date_plus_1_conservative,NOTICE_DATE governs availability; REPORT_DATE alone is not enough,lagged_level|rank_xsection
balance_sheet_report_em,cn_fundamental_akshare_batch_v1_20260531\aggregated_v1\balance_sheet_report_em\balance_sheet_report_em.parquet,UC_RESERVE_YOY,other,feature_candidate,true_after_notice_date,announcement_pit_context,fundamental_pit_feature_panel,notice_date_plus_1_conservative,NOTICE_DATE governs availability; REPORT_DATE alone is not enough,lagged_level|rank_xsection
balance_sheet_report_em,cn_fundamental_akshare_batch_v1_20260531\aggregated_v1\balance_sheet_report_em\balance_sheet_report_em.parquet,UD_RESERVE_YOY,other,feature_candidate,true_after_notice_date,announcement_pit_context,fundamental_pit_feature_panel,notice_date_plus_1_conservative,NOTICE_DATE governs availability; REPORT_DATE alone is not enough,lagged_level|rank_xsection
balance_sheet_report_em,cn_fundamental_akshare_batch_v1_20260531\aggregated_v1\balance_sheet_report_em\balance_sheet_report_em.parquet,OSOOPINION_TYPE,fundamental,feature_candidate,true_after_notice_date,announcement_pit_context,fundamental_pit_feature_panel,notice_date_plus_1_conservative,NOTICE_DATE governs availability; REPORT_DATE alone is not enough,notice_lagged_latest|quarter_delta|ttm_proxy|rank_xsection|winsorize
balance_sheet_report_em,cn_fundamental_akshare_batch_v1_20260531\aggregated_v1\balance_sheet_report_em\balance_sheet_report_em.parquet,CUSTOMER_DEPOSIT,other,feature_candidate,true_after_notice_date,announcement_pit_context,fundamental_pit_feature_panel,notice_date_plus_1_conservative,NOTICE_DATE governs availability; REPORT_DATE alone is not enough,lagged_level|rank_xsection
balance_sheet_report_em,cn_fundamental_akshare_batch_v1_20260531\aggregated_v1\balance_sheet_report_em\balance_sheet_report_em.parquet,CUSTOMER_CREDIT_DEPOSIT,other,feature_candidate,true_after_notice_date,announcement_pit_context,fundamental_pit_feature_panel,notice_date_plus_1_conservative,NOTICE_DATE governs availability; REPORT_DATE alone is not enough,lagged_level|rank_xsection
balance_sheet_report_em,cn_fundamental_akshare_batch_v1_20260531\aggregated_v1\balance_sheet_report_em\balance_sheet_report_em.parquet,CUSTOMER_EXCESS_RESERVE,other,feature_candidate,true_after_notice_date,announcement_pit_context,fundamental_pit_feature_panel,notice_date_plus_1_conservative,NOTICE_DATE governs availability; REPORT_DATE alone is not enough,lagged_level|rank_xsection
balance_sheet_report_em,cn_fundamental_akshare_batch_v1_20260531\aggregated_v1\balance_sheet_report_em\balance_sheet_report_em.parquet,CREDIT_EXCESS_RESERVE,other,feature_candidate,true_after_notice_date,announcement_pit_context,fundamental_pit_feature_panel,notice_date_plus_1_conservative,NOTICE_DATE governs availability; REPORT_DATE alone is not enough,lagged_level|rank_xsection
balance_sheet_report_em,cn_fundamental_akshare_batch_v1_20260531\aggregated_v1\balance_sheet_report_em\balance_sheet_report_em.parquet,FIN_SECURITY,other,feature_candidate,true_after_notice_date,announcement_pit_context,fundamental_pit_feature_panel,notice_date_plus_1_conservative,NOTICE_DATE governs availability; REPORT_DATE alone is not enough,lagged_level|rank_xsection
balance_sheet_report_em,cn_fundamental_akshare_batch_v1_20260531\aggregated_v1\balance_sheet_report_em\balance_sheet_report_em.parquet,RECEIVABLES,other,feature_candidate,true_after_notice_date,announcement_pit_context,fundamental_pit_feature_panel,notice_date_plus_1_conservative,NOTICE_DATE governs availability; REPORT_DATE alone is not enough,lagged_level|rank_xsection
balance_sheet_report_em,cn_fundamental_akshare_batch_v1_20260531\aggregated_v1\balance_sheet_report_em\balance_sheet_report_em.parquet,TRADE_SEAT_FEE,disclosure_event,feature_candidate,true_after_notice_date,announcement_pit_context,fundamental_pit_feature_panel,notice_date_plus_1_conservative,NOTICE_DATE governs availability; REPORT_DATE alone is not enough,event_flag|event_age|net_buy_sell_ratio|matched_control_required
balance_sheet_report_em,cn_fundamental_akshare_batch_v1_20260531\aggregated_v1\balance_sheet_report_em\balance_sheet_report_em.parquet,PLEDGE_LOAN,other,feature_candidate,true_after_notice_date,announcement_pit_context,fundamental_pit_feature_panel,notice_date_plus_1_conservative,NOTICE_DATE governs availability; REPORT_DATE alone is not enough,lagged_level|rank_xsection
balance_sheet_report_em,cn_fundamental_akshare_batch_v1_20260531\aggregated_v1\balance_sheet_report_em\balance_sheet_report_em.parquet,CREDIT_AGENT_SECURITY,other,feature_candidate,true_after_notice_date,announcement_pit_context,fundamental_pit_feature_panel,notice_date_plus_1_conservative,NOTICE_DATE governs availability; REPORT_DATE alone is not enough,lagged_level|rank_xsection
balance_sheet_report_em,cn_fundamental_akshare_batch_v1_20260531\aggregated_v1\balance_sheet_report_em\balance_sheet_report_em.parquet,TRADE_RISK_RESERVE,other,feature_candidate,true_after_notice_date,announcement_pit_context,fundamental_pit_feature_panel,notice_date_plus_1_conservative,NOTICE_DATE governs availability; REPORT_DATE alone is not enough,lagged_level|rank_xsection
balance_sheet_report_em,cn_fundamental_akshare_batch_v1_20260531\aggregated_v1\balance_sheet_report_em\balance_sheet_report_em.parquet,AGENT_BUSINESS_ASSET,fundamental,feature_candidate,true_after_notice_date,announcement_pit_context,fundamental_pit_feature_panel,notice_date_plus_1_conservative,NOTICE_DATE governs availability; REPORT_DATE alone is not enough,notice_lagged_latest|quarter_delta|ttm_proxy|rank_xsection|winsorize
balance_sheet_report_em,cn_fundamental_akshare_batch_v1_20260531\aggregated_v1\balance_sheet_report_em\balance_sheet_report_em.parquet,AGENT_BUSINESS_LIAB,fundamental,feature_candidate,true_after_notice_date,announcement_pit_context,fundamental_pit_feature_panel,notice_date_plus_1_conservative,NOTICE_DATE governs availability; REPORT_DATE alone is not enough,notice_lagged_latest|quarter_delta|ttm_proxy|rank_xsection|winsorize
balance_sheet_report_em,cn_fundamental_akshare_batch_v1_20260531\aggregated_v1\balance_sheet_report_em\balance_sheet_report_em.parquet,CUSTOMER_DEPOSIT_YOY,other,feature_candidate,true_after_notice_date,announcement_pit_context,fundamental_pit_feature_panel,notice_date_plus_1_conservative,NOTICE_DATE governs availability; REPORT_DATE alone is not enough,lagged_level|rank_xsection
balance_sheet_report_em,cn_fundamental_akshare_batch_v1_20260531\aggregated_v1\balance_sheet_report_em\balance_sheet_report_em.parquet,CUSTOMER_CREDIT_DEPOSIT_YOY,other,feature_candidate,true_after_notice_date,announcement_pit_context,fundamental_pit_feature_panel,notice_date_plus_1_conservative,NOTICE_DATE governs availability; REPORT_DATE alone is not enough,lagged_level|rank_xsection
balance_sheet_report_em,cn_fundamental_akshare_batch_v1_20260531\aggregated_v1\balance_sheet_report_em\balance_sheet_report_em.parquet,CUSTOMER_EXCESS_RESERVE_YOY,other,feature_candidate,true_after_notice_date,announcement_pit_context,fundamental_pit_feature_panel,notice_date_plus_1_conservative,NOTICE_DATE governs availability; REPORT_DATE alone is not enough,lagged_level|rank_xsection
balance_sheet_report_em,cn_fundamental_akshare_batch_v1_20260531\aggregated_v1\balance_sheet_report_em\balance_sheet_report_em.parquet,CREDIT_EXCESS_RESERVE_YOY,other,feature_candidate,true_after_notice_date,announcement_pit_context,fundamental_pit_feature_panel,notice_date_plus_1_conservative,NOTICE_DATE governs availability; REPORT_DATE alone is not enough,lagged_level|rank_xsection
balance_sheet_report_em,cn_fundamental_akshare_batch_v1_20260531\aggregated_v1\balance_sheet_report_em\balance_sheet_report_em.parquet,FIN_SECURITY_YOY,other,feature_candidate,true_after_notice_date,announcement_pit_context,fundamental_pit_feature_panel,notice_date_plus_1_conservative,NOTICE_DATE governs availability; REPORT_DATE alone is not enough,lagged_level|rank_xsection
balance_sheet_report_em,cn_fundamental_akshare_batch_v1_20260531\aggregated_v1\balance_sheet_report_em\balance_sheet_report_em.parquet,RECEIVABLES_YOY,other,feature_candidate,true_after_notice_date,announcement_pit_context,fundamental_pit_feature_panel,notice_date_plus_1_conservative,NOTICE_DATE governs availability; REPORT_DATE alone is not enough,lagged_level|rank_xsection
balance_sheet_report_em,cn_fundamental_akshare_batch_v1_20260531\aggregated_v1\balance_sheet_report_em\balance_sheet_report_em.parquet,TRADE_SEAT_FEE_YOY,disclosure_event,feature_candidate,true_after_notice_date,announcement_pit_context,fundamental_pit_feature_panel,notice_date_plus_1_conservative,NOTICE_DATE governs availability; REPORT_DATE alone is not enough,event_flag|event_age|net_buy_sell_ratio|matched_control_required
balance_sheet_report_em,cn_fundamental_akshare_batch_v1_20260531\aggregated_v1\balance_sheet_report_em\balance_sheet_report_em.parquet,PLEDGE_LOAN_YOY,other,feature_candidate,true_after_notice_date,announcement_pit_context,fundamental_pit_feature_panel,notice_date_plus_1_conservative,NOTICE_DATE governs availability; REPORT_DATE alone is not enough,lagged_level|rank_xsection
balance_sheet_report_em,cn_fundamental_akshare_batch_v1_20260531\aggregated_v1\balance_sheet_report_em\balance_sheet_report_em.parquet,CREDIT_AGENT_SECURITY_YOY,other,feature_candidate,true_after_notice_date,announcement_pit_context,fundamental_pit_feature_panel,notice_date_plus_1_conservative,NOTICE_DATE governs availability; REPORT_DATE alone is not enough,lagged_level|rank_xsection
balance_sheet_report_em,cn_fundamental_akshare_batch_v1_20260531\aggregated_v1\balance_sheet_report_em\balance_sheet_report_em.parquet,TRADE_RISK_RESERVE_YOY,other,feature_candidate,true_after_notice_date,announcement_pit_context,fundamental_pit_feature_panel,notice_date_plus_1_conservative,NOTICE_DATE governs availability; REPORT_DATE alone is not enough,lagged_level|rank_xsection
balance_sheet_report_em,cn_fundamental_akshare_batch_v1_20260531\aggregated_v1\balance_sheet_report_em\balance_sheet_report_em.parquet,AGENT_BUSINESS_ASSET_YOY,fundamental,feature_candidate,true_after_notice_date,announcement_pit_context,fundamental_pit_feature_panel,notice_date_plus_1_conservative,NOTICE_DATE governs availability; REPORT_DATE alone is not enough,notice_lagged_latest|quarter_delta|ttm_proxy|rank_xsection|winsorize
balance_sheet_report_em,cn_fundamental_akshare_batch_v1_20260531\aggregated_v1\balance_sheet_report_em\balance_sheet_report_em.parquet,AGENT_BUSINESS_LIAB_YOY,fundamental,feature_candidate,true_after_notice_date,announcement_pit_context,fundamental_pit_feature_panel,notice_date_plus_1_conservative,NOTICE_DATE governs availability; REPORT_DATE alone is not enough,notice_lagged_latest|quarter_delta|ttm_proxy|rank_xsection|winsorize
balance_sheet_report_em,cn_fundamental_akshare_batch_v1_20260531\aggregated_v1\balance_sheet_report_em\balance_sheet_report_em.parquet,CASH_DEPOSIT_PBC,fundamental,feature_candidate,true_after_notice_date,announcement_pit_context,fundamental_pit_feature_panel,notice_date_plus_1_conservative,NOTICE_DATE governs availability; REPORT_DATE alone is not enough,notice_lagged_latest|quarter_delta|ttm_proxy|rank_xsection|winsorize
balance_sheet_report_em,cn_fundamental_akshare_batch_v1_20260531\aggregated_v1\balance_sheet_report_em\balance_sheet_report_em.parquet,DEPOSIT_INTERBANK,other,feature_candidate,true_after_notice_date,announcement_pit_context,fundamental_pit_feature_panel,notice_date_plus_1_conservative,NOTICE_DATE governs availability; REPORT_DATE alone is not enough,lagged_level|rank_xsection
balance_sheet_report_em,cn_fundamental_akshare_batch_v1_20260531\aggregated_v1\balance_sheet_report_em\balance_sheet_report_em.parquet,PRECIOUS_METAL,other,feature_candidate,true_after_notice_date,announcement_pit_context,fundamental_pit_feature_panel,notice_date_plus_1_conservative,NOTICE_DATE governs availability; REPORT_DATE alone is not enough,lagged_level|rank_xsection
balance_sheet_report_em,cn_fundamental_akshare_batch_v1_20260531\aggregated_v1\balance_sheet_report_em\balance_sheet_report_em.parquet,INVEST_SUBSIDIARY,other,feature_candidate,true_after_notice_date,announcement_pit_context,fundamental_pit_feature_panel,notice_date_plus_1_conservative,NOTICE_DATE governs availability; REPORT_DATE alone is not enough,lagged_level|rank_xsection
balance_sheet_report_em,cn_fundamental_akshare_batch_v1_20260531\aggregated_v1\balance_sheet_report_em\balance_sheet_report_em.parquet,INVEST_JOINT,other,feature_candidate,true_after_notice_date,announcement_pit_context,fundamental_pit_feature_panel,notice_date_plus_1_conservative,NOTICE_DATE governs availability; REPORT_DATE alone is not enough,lagged_level|rank_xsection
balance_sheet_report_em,cn_fundamental_akshare_batch_v1_20260531\aggregated_v1\balance_sheet_report_em\balance_sheet_report_em.parquet,PEND_MORTGAGE_ASSET,fundamental,feature_candidate,true_after_notice_date,announcement_pit_context,fundamental_pit_feature_panel,notice_date_plus_1_conservative,NOTICE_DATE governs availability; REPORT_DATE alone is not enough,notice_lagged_latest|quarter_delta|ttm_proxy|rank_xsection|winsorize
balance_sheet_report_em,cn_fundamental_akshare_batch_v1_20260531\aggregated_v1\balance_sheet_report_em\balance_sheet_report_em.parquet,MORTGAGE_ASSET_IMPAIRMENT,fundamental,feature_candidate,true_after_notice_date,announcement_pit_context,fundamental_pit_feature_panel,notice_date_plus_1_conservative,NOTICE_DATE governs availability; REPORT_DATE alone is not enough,notice_lagged_latest|quarter_delta|ttm_proxy|rank_xsection|winsorize
balance_sheet_report_em,cn_fundamental_akshare_batch_v1_20260531\aggregated_v1\balance_sheet_report_em\balance_sheet_report_em.parquet,NET_PENDMORTGAGE_ASSET,fundamental,feature_candidate,true_after_notice_date,announcement_pit_context,fundamental_pit_feature_panel,notice_date_plus_1_conservative,NOTICE_DATE governs availability; REPORT_DATE alone is not enough,notice_lagged_latest|quarter_delta|ttm_proxy|rank_xsection|winsorize
balance_sheet_report_em,cn_fundamental_akshare_batch_v1_20260531\aggregated_v1\balance_sheet_report_em\balance_sheet_report_em.parquet,OUTWARD_REMIT,other,feature_candidate,true_after_notice_date,announcement_pit_context,fundamental_pit_feature_panel,notice_date_plus_1_conservative,NOTICE_DATE governs availability; REPORT_DATE alone is not enough,lagged_level|rank_xsection
balance_sheet_report_em,cn_fundamental_akshare_batch_v1_20260531\aggregated_v1\balance_sheet_report_em\balance_sheet_report_em.parquet,CD_NOTE_PAYABLE,other,feature_candidate,true_after_notice_date,announcement_pit_context,fundamental_pit_feature_panel,notice_date_plus_1_conservative,NOTICE_DATE governs availability; REPORT_DATE alone is not enough,lagged_level|rank_xsection
balance_sheet_report_em,cn_fundamental_akshare_batch_v1_20260531\aggregated_v1\balance_sheet_report_em\balance_sheet_report_em.parquet,DEPOSIT_CERTIFICATE,other,feature_candidate,true_after_notice_date,announcement_pit_context,fundamental_pit_feature_panel,notice_date_plus_1_conservative,NOTICE_DATE governs availability; REPORT_DATE alone is not enough,lagged_level|rank_xsection
balance_sheet_report_em,cn_fundamental_akshare_batch_v1_20260531\aggregated_v1\balance_sheet_report_em\balance_sheet_report_em.parquet,INVEST_REVALUE_RESERVE,other,feature_candidate,true_after_notice_date,announcement_pit_context,fundamental_pit_feature_panel,notice_date_plus_1_conservative,NOTICE_DATE governs availability; REPORT_DATE alone is not enough,lagged_level|rank_xsection
balance_sheet_report_em,cn_fundamental_akshare_batch_v1_20260531\aggregated_v1\balance_sheet_report_em\balance_sheet_report_em.parquet,HEDGE_RESERVE,other,feature_candidate,true_after_notice_date,announcement_pit_context,fundamental_pit_feature_panel,notice_date_plus_1_conservative,NOTICE_DATE governs availability; REPORT_DATE alone is not enough,lagged_level|rank_xsection
balance_sheet_report_em,cn_fundamental_akshare_batch_v1_20260531\aggregated_v1\balance_sheet_report_em\balance_sheet_report_em.parquet,ADVICE_ASSIGN_DIVIDEND,other,feature_candidate,true_after_notice_date,announcement_pit_context,fundamental_pit_feature_panel,notice_date_plus_1_conservative,NOTICE_DATE governs availability; REPORT_DATE alone is not enough,lagged_level|rank_xsection
balance_sheet_report_em,cn_fundamental_akshare_batch_v1_20260531\aggregated_v1\balance_sheet_report_em\balance_sheet_report_em.parquet,CASH_DEPOSIT_PBC_YOY,fundamental,feature_candidate,true_after_notice_date,announcement_pit_context,fundamental_pit_feature_panel,notice_date_plus_1_conservative,NOTICE_DATE governs availability; REPORT_DATE alone is not enough,notice_lagged_latest|quarter_delta|ttm_proxy|rank_xsection|winsorize
balance_sheet_report_em,cn_fundamental_akshare_batch_v1_20260531\aggregated_v1\balance_sheet_report_em\balance_sheet_report_em.parquet,DEPOSIT_INTERBANK_YOY,other,feature_candidate,true_after_notice_date,announcement_pit_context,fundamental_pit_feature_panel,notice_date_plus_1_conservative,NOTICE_DATE governs availability; REPORT_DATE alone is not enough,lagged_level|rank_xsection
balance_sheet_report_em,cn_fundamental_akshare_batch_v1_20260531\aggregated_v1\balance_sheet_report_em\balance_sheet_report_em.parquet,PRECIOUS_METAL_YOY,other,feature_candidate,true_after_notice_date,announcement_pit_context,fundamental_pit_feature_panel,notice_date_plus_1_conservative,NOTICE_DATE governs availability; REPORT_DATE alone is not enough,lagged_level|rank_xsection
balance_sheet_report_em,cn_fundamental_akshare_batch_v1_20260531\aggregated_v1\balance_sheet_report_em\balance_sheet_report_em.parquet,INVEST_SUBSIDIARY_YOY,other,feature_candidate,true_after_notice_date,announcement_pit_context,fundamental_pit_feature_panel,notice_date_plus_1_conservative,NOTICE_DATE governs availability; REPORT_DATE alone is not enough,lagged_level|rank_xsection
balance_sheet_report_em,cn_fundamental_akshare_batch_v1_20260531\aggregated_v1\balance_sheet_report_em\balance_sheet_report_em.parquet,INVEST_JOINT_YOY,other,feature_candidate,true_after_notice_date,announcement_pit_context,fundamental_pit_feature_panel,notice_date_plus_1_conservative,NOTICE_DATE governs availability; REPORT_DATE alone is not enough,lagged_level|rank_xsection
balance_sheet_report_em,cn_fundamental_akshare_batch_v1_20260531\aggregated_v1\balance_sheet_report_em\balance_sheet_report_em.parquet,PEND_MORTGAGE_ASSET_YOY,fundamental,feature_candidate,true_after_notice_date,announcement_pit_context,fundamental_pit_feature_panel,notice_date_plus_1_conservative,NOTICE_DATE governs availability; REPORT_DATE alone is not enough,notice_lagged_latest|quarter_delta|ttm_proxy|rank_xsection|winsorize
balance_sheet_report_em,cn_fundamental_akshare_batch_v1_20260531\aggregated_v1\balance_sheet_report_em\balance_sheet_report_em.parquet,MORTGAGE_ASSET_IMPAIRMENT_YOY,fundamental,feature_candidate,true_after_notice_date,announcement_pit_context,fundamental_pit_feature_panel,notice_date_plus_1_conservative,NOTICE_DATE governs availability; REPORT_DATE alone is not enough,notice_lagged_latest|quarter_delta|ttm_proxy|rank_xsection|winsorize
balance_sheet_report_em,cn_fundamental_akshare_batch_v1_20260531\aggregated_v1\balance_sheet_report_em\balance_sheet_report_em.parquet,NET_PENDMORTGAGE_ASSET_YOY,fundamental,feature_candidate,true_after_notice_date,announcement_pit_context,fundamental_pit_feature_panel,notice_date_plus_1_conservative,NOTICE_DATE governs availability; REPORT_DATE alone is not enough,notice_lagged_latest|quarter_delta|ttm_proxy|rank_xsection|winsorize
balance_sheet_report_em,cn_fundamental_akshare_batch_v1_20260531\aggregated_v1\balance_sheet_report_em\balance_sheet_report_em.parquet,OUTWARD_REMIT_YOY,other,feature_candidate,true_after_notice_date,announcement_pit_context,fundamental_pit_feature_panel,notice_date_plus_1_conservative,NOTICE_DATE governs availability; REPORT_DATE alone is not enough,lagged_level|rank_xsection
balance_sheet_report_em,cn_fundamental_akshare_batch_v1_20260531\aggregated_v1\balance_sheet_report_em\balance_sheet_report_em.parquet,CD_NOTE_PAYABLE_YOY,other,feature_candidate,true_after_notice_date,announcement_pit_context,fundamental_pit_feature_panel,notice_date_plus_1_conservative,NOTICE_DATE governs availability; REPORT_DATE alone is not enough,lagged_level|rank_xsection
balance_sheet_report_em,cn_fundamental_akshare_batch_v1_20260531\aggregated_v1\balance_sheet_report_em\balance_sheet_report_em.parquet,DEPOSIT_CERTIFICATE_YOY,other,feature_candidate,true_after_notice_date,announcement_pit_context,fundamental_pit_feature_panel,notice_date_plus_1_conservative,NOTICE_DATE governs availability; REPORT_DATE alone is not enough,lagged_level|rank_xsection
balance_sheet_report_em,cn_fundamental_akshare_batch_v1_20260531\aggregated_v1\balance_sheet_report_em\balance_sheet_report_em.parquet,INVEST_REVALUE_RESERVE_YOY,other,feature_candidate,true_after_notice_date,announcement_pit_context,fundamental_pit_feature_panel,notice_date_plus_1_conservative,NOTICE_DATE governs availability; REPORT_DATE alone is not enough,lagged_level|rank_xsection
balance_sheet_report_em,cn_fundamental_akshare_batch_v1_20260531\aggregated_v1\balance_sheet_report_em\balance_sheet_report_em.parquet,HEDGE_RESERVE_YOY,other,feature_candidate,true_after_notice_date,announcement_pit_context,fundamental_pit_feature_panel,notice_date_plus_1_conservative,NOTICE_DATE governs availability; REPORT_DATE alone is not enough,lagged_level|rank_xsection
balance_sheet_report_em,cn_fundamental_akshare_batch_v1_20260531\aggregated_v1\balance_sheet_report_em\balance_sheet_report_em.parquet,ADVICE_ASSIGN_DIVIDEND_YOY,other,feature_candidate,true_after_notice_date,announcement_pit_context,fundamental_pit_feature_panel,notice_date_plus_1_conservative,NOTICE_DATE governs availability; REPORT_DATE alone is not enough,lagged_level|rank_xsection
cash_flow_sheet_report_em,cn_fundamental_akshare_batch_v1_20260531\aggregated_v1\cash_flow_sheet_report_em\cash_flow_sheet_report_em.parquet,source_em,other,feature_candidate,true_after_notice_date,announcement_pit_context,fundamental_pit_feature_panel,notice_date_plus_1_conservative,NOTICE_DATE governs availability; REPORT_DATE alone is not enough,lagged_level|rank_xsection
cash_flow_sheet_report_em,cn_fundamental_akshare_batch_v1_20260531\aggregated_v1\cash_flow_sheet_report_em\cash_flow_sheet_report_em.parquet,source_code6,instrument_key,key,false_key_only,announcement_pit_context,fundamental_pit_feature_panel,notice_date_plus_1_conservative,NOTICE_DATE governs availability; REPORT_DATE alone is not enough,lagged_level|rank_xsection
cash_flow_sheet_report_em,cn_fundamental_akshare_batch_v1_20260531\aggregated_v1\cash_flow_sheet_report_em\cash_flow_sheet_report_em.parquet,SECUCODE,instrument_key,key,false_key_only,announcement_pit_context,fundamental_pit_feature_panel,notice_date_plus_1_conservative,NOTICE_DATE governs availability; REPORT_DATE alone is not enough,lagged_level|rank_xsection
cash_flow_sheet_report_em,cn_fundamental_akshare_batch_v1_20260531\aggregated_v1\cash_flow_sheet_report_em\cash_flow_sheet_report_em.parquet,SECURITY_CODE,instrument_key,key,false_key_only,announcement_pit_context,fundamental_pit_feature_panel,notice_date_plus_1_conservative,NOTICE_DATE governs availability; REPORT_DATE alone is not enough,lagged_level|rank_xsection
cash_flow_sheet_report_em,cn_fundamental_akshare_batch_v1_20260531\aggregated_v1\cash_flow_sheet_report_em\cash_flow_sheet_report_em.parquet,SECURITY_NAME_ABBR,other,feature_candidate,true_after_notice_date,announcement_pit_context,fundamental_pit_feature_panel,notice_date_plus_1_conservative,NOTICE_DATE governs availability; REPORT_DATE alone is not enough,lagged_level|rank_xsection
cash_flow_sheet_report_em,cn_fundamental_akshare_batch_v1_20260531\aggregated_v1\cash_flow_sheet_report_em\cash_flow_sheet_report_em.parquet,ORG_CODE,other,feature_candidate,true_after_notice_date,announcement_pit_context,fundamental_pit_feature_panel,notice_date_plus_1_conservative,NOTICE_DATE governs availability; REPORT_DATE alone is not enough,lagged_level|rank_xsection
cash_flow_sheet_report_em,cn_fundamental_akshare_batch_v1_20260531\aggregated_v1\cash_flow_sheet_report_em\cash_flow_sheet_report_em.parquet,ORG_TYPE,fundamental,feature_candidate,true_after_notice_date,announcement_pit_context,fundamental_pit_feature_panel,notice_date_plus_1_conservative,NOTICE_DATE governs availability; REPORT_DATE alone is not enough,notice_lagged_latest|quarter_delta|ttm_proxy|rank_xsection|winsorize
cash_flow_sheet_report_em,cn_fundamental_akshare_batch_v1_20260531\aggregated_v1\cash_flow_sheet_report_em\cash_flow_sheet_report_em.parquet,REPORT_DATE,date_key,key,false_key_only,announcement_pit_context,fundamental_pit_feature_panel,notice_date_plus_1_conservative,NOTICE_DATE governs availability; REPORT_DATE alone is not enough,lagged_level|rank_xsection
cash_flow_sheet_report_em,cn_fundamental_akshare_batch_v1_20260531\aggregated_v1\cash_flow_sheet_report_em\cash_flow_sheet_report_em.parquet,REPORT_TYPE,fundamental,feature_candidate,true_after_notice_date,announcement_pit_context,fundamental_pit_feature_panel,notice_date_plus_1_conservative,NOTICE_DATE governs availability; REPORT_DATE alone is not enough,notice_lagged_latest|quarter_delta|ttm_proxy|rank_xsection|winsorize
cash_flow_sheet_report_em,cn_fundamental_akshare_batch_v1_20260531\aggregated_v1\cash_flow_sheet_report_em\cash_flow_sheet_report_em.parquet,REPORT_DATE_NAME,date_key,key,false_key_only,announcement_pit_context,fundamental_pit_feature_panel,notice_date_plus_1_conservative,NOTICE_DATE governs availability; REPORT_DATE alone is not enough,lagged_level|rank_xsection
cash_flow_sheet_report_em,cn_fundamental_akshare_batch_v1_20260531\aggregated_v1\cash_flow_sheet_report_em\cash_flow_sheet_report_em.parquet,SECURITY_TYPE_CODE,fundamental,feature_candidate,true_after_notice_date,announcement_pit_context,fundamental_pit_feature_panel,notice_date_plus_1_conservative,NOTICE_DATE governs availability; REPORT_DATE alone is not enough,notice_lagged_latest|quarter_delta|ttm_proxy|rank_xsection|winsorize
cash_flow_sheet_report_em,cn_fundamental_akshare_batch_v1_20260531\aggregated_v1\cash_flow_sheet_report_em\cash_flow_sheet_report_em.parquet,NOTICE_DATE,date_key,key,false_key_only,announcement_pit_context,fundamental_pit_feature_panel,notice_date_plus_1_conservative,NOTICE_DATE governs availability; REPORT_DATE alone is not enough,lagged_level|rank_xsection
cash_flow_sheet_report_em,cn_fundamental_akshare_batch_v1_20260531\aggregated_v1\cash_flow_sheet_report_em\cash_flow_sheet_report_em.parquet,UPDATE_DATE,date_key,key,false_key_only,announcement_pit_context,fundamental_pit_feature_panel,notice_date_plus_1_conservative,NOTICE_DATE governs availability; REPORT_DATE alone is not enough,lagged_level|rank_xsection
cash_flow_sheet_report_em,cn_fundamental_akshare_batch_v1_20260531\aggregated_v1\cash_flow_sheet_report_em\cash_flow_sheet_report_em.parquet,CURRENCY,other,feature_candidate,true_after_notice_date,announcement_pit_context,fundamental_pit_feature_panel,notice_date_plus_1_conservative,NOTICE_DATE governs availability; REPORT_DATE alone is not enough,lagged_level|rank_xsection
cash_flow_sheet_report_em,cn_fundamental_akshare_batch_v1_20260531\aggregated_v1\cash_flow_sheet_report_em\cash_flow_sheet_report_em.parquet,SALES_SERVICES,other,feature_candidate,true_after_notice_date,announcement_pit_context,fundamental_pit_feature_panel,notice_date_plus_1_conservative,NOTICE_DATE governs availability; REPORT_DATE alone is not enough,lagged_level|rank_xsection
cash_flow_sheet_report_em,cn_fundamental_akshare_batch_v1_20260531\aggregated_v1\cash_flow_sheet_report_em\cash_flow_sheet_report_em.parquet,DEPOSIT_INTERBANK_ADD,other,feature_candidate,true_after_notice_date,announcement_pit_context,fundamental_pit_feature_panel,notice_date_plus_1_conservative,NOTICE_DATE governs availability; REPORT_DATE alone is not enough,lagged_level|rank_xsection
cash_flow_sheet_report_em,cn_fundamental_akshare_batch_v1_20260531\aggregated_v1\cash_flow_sheet_report_em\cash_flow_sheet_report_em.parquet,LOAN_PBC_ADD,fundamental,feature_candidate,true_after_notice_date,announcement_pit_context,fundamental_pit_feature_panel,notice_date_plus_1_conservative,NOTICE_DATE governs availability; REPORT_DATE alone is not enough,notice_lagged_latest|quarter_delta|ttm_proxy|rank_xsection|winsorize
cash_flow_sheet_report_em,cn_fundamental_akshare_batch_v1_20260531\aggregated_v1\cash_flow_sheet_report_em\cash_flow_sheet_report_em.parquet,OFI_BF_ADD,other,feature_candidate,true_after_notice_date,announcement_pit_context,fundamental_pit_feature_panel,notice_date_plus_1_conservative,NOTICE_DATE governs availability; REPORT_DATE alone is not enough,lagged_level|rank_xsection
cash_flow_sheet_report_em,cn_fundamental_akshare_batch_v1_20260531\aggregated_v1\cash_flow_sheet_report_em\cash_flow_sheet_report_em.parquet,RECEIVE_ORIGIC_PREMIUM,other,feature_candidate,true_after_notice_date,announcement_pit_context,fundamental_pit_feature_panel,notice_date_plus_1_conservative,NOTICE_DATE governs availability; REPORT_DATE alone is not enough,lagged_level|rank_xsection
cash_flow_sheet_report_em,cn_fundamental_akshare_batch_v1_20260531\aggregated_v1\cash_flow_sheet_report_em\cash_flow_sheet_report_em.parquet,RECEIVE_REINSURE_NET,disclosure_event,feature_candidate,true_after_notice_date,announcement_pit_context,fundamental_pit_feature_panel,notice_date_plus_1_conservative,NOTICE_DATE governs availability; REPORT_DATE alone is not enough,event_flag|event_age|net_buy_sell_ratio|matched_control_required
cash_flow_sheet_report_em,cn_fundamental_akshare_batch_v1_20260531\aggregated_v1\cash_flow_sheet_report_em\cash_flow_sheet_report_em.parquet,INSURED_INVEST_ADD,other,feature_candidate,true_after_notice_date,announcement_pit_context,fundamental_pit_feature_panel,notice_date_plus_1_conservative,NOTICE_DATE governs availability; REPORT_DATE alone is not enough,lagged_level|rank_xsection
cash_flow_sheet_report_em,cn_fundamental_akshare_batch_v1_20260531\aggregated_v1\cash_flow_sheet_report_em\cash_flow_sheet_report_em.parquet,DISPOSAL_TFA_ADD,other,feature_candidate,true_after_notice_date,announcement_pit_context,fundamental_pit_feature_panel,notice_date_plus_1_conservative,NOTICE_DATE governs availability; REPORT_DATE alone is not enough,lagged_level|rank_xsection
cash_flow_sheet_report_em,cn_fundamental_akshare_batch_v1_20260531\aggregated_v1\cash_flow_sheet_report_em\cash_flow_sheet_report_em.parquet,RECEIVE_INTEREST_COMMISSION,other,feature_candidate,true_after_notice_date,announcement_pit_context,fundamental_pit_feature_panel,notice_date_plus_1_conservative,NOTICE_DATE governs availability; REPORT_DATE alone is not enough,lagged_level|rank_xsection
cash_flow_sheet_report_em,cn_fundamental_akshare_batch_v1_20260531\aggregated_v1\cash_flow_sheet_report_em\cash_flow_sheet_report_em.parquet,BORROW_FUND_ADD,other,feature_candidate,true_after_notice_date,announcement_pit_context,fundamental_pit_feature_panel,notice_date_plus_1_conservative,NOTICE_DATE governs availability; REPORT_DATE alone is not enough,lagged_level|rank_xsection
cash_flow_sheet_report_em,cn_fundamental_akshare_batch_v1_20260531\aggregated_v1\cash_flow_sheet_report_em\cash_flow_sheet_report_em.parquet,LOAN_ADVANCE_REDUCE,other,feature_candidate,true_after_notice_date,announcement_pit_context,fundamental_pit_feature_panel,notice_date_plus_1_conservative,NOTICE_DATE governs availability; REPORT_DATE alone is not enough,lagged_level|rank_xsection
cash_flow_sheet_report_em,cn_fundamental_akshare_batch_v1_20260531\aggregated_v1\cash_flow_sheet_report_em\cash_flow_sheet_report_em.parquet,REPO_BUSINESS_ADD,other,feature_candidate,true_after_notice_date,announcement_pit_context,fundamental_pit_feature_panel,notice_date_plus_1_conservative,NOTICE_DATE governs availability; REPORT_DATE alone is not enough,lagged_level|rank_xsection
cash_flow_sheet_report_em,cn_fundamental_akshare_batch_v1_20260531\aggregated_v1\cash_flow_sheet_report_em\cash_flow_sheet_report_em.parquet,RECEIVE_TAX_REFUND,other,feature_candidate,true_after_notice_date,announcement_pit_context,fundamental_pit_feature_panel,notice_date_plus_1_conservative,NOTICE_DATE governs availability; REPORT_DATE alone is not enough,lagged_level|rank_xsection
cash_flow_sheet_report_em,cn_fundamental_akshare_batch_v1_20260531\aggregated_v1\cash_flow_sheet_report_em\cash_flow_sheet_report_em.parquet,RECEIVE_OTHER_OPERATE,fundamental,feature_candidate,true_after_notice_date,announcement_pit_context,fundamental_pit_feature_panel,notice_date_plus_1_conservative,NOTICE_DATE governs availability; REPORT_DATE alone is not enough,notice_lagged_latest|quarter_delta|ttm_proxy|rank_xsection|winsorize
cash_flow_sheet_report_em,cn_fundamental_akshare_batch_v1_20260531\aggregated_v1\cash_flow_sheet_report_em\cash_flow_sheet_report_em.parquet,OPERATE_INFLOW_OTHER,fundamental,feature_candidate,true_after_notice_date,announcement_pit_context,fundamental_pit_feature_panel,notice_date_plus_1_conservative,NOTICE_DATE governs availability; REPORT_DATE alone is not enough,notice_lagged_latest|quarter_delta|ttm_proxy|rank_xsection|winsorize
cash_flow_sheet_report_em,cn_fundamental_akshare_batch_v1_20260531\aggregated_v1\cash_flow_sheet_report_em\cash_flow_sheet_report_em.parquet,OPERATE_INFLOW_BALANCE,fundamental,feature_candidate,true_after_notice_date,announcement_pit_context,fundamental_pit_feature_panel,notice_date_plus_1_conservative,NOTICE_DATE governs availability; REPORT_DATE alone is not enough,notice_lagged_latest|quarter_delta|ttm_proxy|rank_xsection|winsorize
cash_flow_sheet_report_em,cn_fundamental_akshare_batch_v1_20260531\aggregated_v1\cash_flow_sheet_report_em\cash_flow_sheet_report_em.parquet,TOTAL_OPERATE_INFLOW,fundamental,feature_candidate,true_after_notice_date,announcement_pit_context,fundamental_pit_feature_panel,notice_date_plus_1_conservative,NOTICE_DATE governs availability; REPORT_DATE alone is not enough,notice_lagged_latest|quarter_delta|ttm_proxy|rank_xsection|winsorize
cash_flow_sheet_report_em,cn_fundamental_akshare_batch_v1_20260531\aggregated_v1\cash_flow_sheet_report_em\cash_flow_sheet_report_em.parquet,BUY_SERVICES,disclosure_event,feature_candidate,true_after_notice_date,announcement_pit_context,fundamental_pit_feature_panel,notice_date_plus_1_conservative,NOTICE_DATE governs availability; REPORT_DATE alone is not enough,event_flag|event_age|net_buy_sell_ratio|matched_control_required
cash_flow_sheet_report_em,cn_fundamental_akshare_batch_v1_20260531\aggregated_v1\cash_flow_sheet_report_em\cash_flow_sheet_report_em.parquet,LOAN_ADVANCE_ADD,other,feature_candidate,true_after_notice_date,announcement_pit_context,fundamental_pit_feature_panel,notice_date_plus_1_conservative,NOTICE_DATE governs availability; REPORT_DATE alone is not enough,lagged_level|rank_xsection
cash_flow_sheet_report_em,cn_fundamental_akshare_batch_v1_20260531\aggregated_v1\cash_flow_sheet_report_em\cash_flow_sheet_report_em.parquet,PBC_INTERBANK_ADD,fundamental,feature_candidate,true_after_notice_date,announcement_pit_context,fundamental_pit_feature_panel,notice_date_plus_1_conservative,NOTICE_DATE governs availability; REPORT_DATE alone is not enough,notice_lagged_latest|quarter_delta|ttm_proxy|rank_xsection|winsorize
cash_flow_sheet_report_em,cn_fundamental_akshare_batch_v1_20260531\aggregated_v1\cash_flow_sheet_report_em\cash_flow_sheet_report_em.parquet,PAY_ORIGIC_COMPENSATE,fundamental,feature_candidate,true_after_notice_date,announcement_pit_context,fundamental_pit_feature_panel,notice_date_plus_1_conservative,NOTICE_DATE governs availability; REPORT_DATE alone is not enough,notice_lagged_latest|quarter_delta|ttm_proxy|rank_xsection|winsorize
cash_flow_sheet_report_em,cn_fundamental_akshare_batch_v1_20260531\aggregated_v1\cash_flow_sheet_report_em\cash_flow_sheet_report_em.parquet,PAY_INTEREST_COMMISSION,other,feature_candidate,true_after_notice_date,announcement_pit_context,fundamental_pit_feature_panel,notice_date_plus_1_conservative,NOTICE_DATE governs availability; REPORT_DATE alone is not enough,lagged_level|rank_xsection
cash_flow_sheet_report_em,cn_fundamental_akshare_batch_v1_20260531\aggregated_v1\cash_flow_sheet_report_em\cash_flow_sheet_report_em.parquet,PAY_POLICY_BONUS,other,feature_candidate,true_after_notice_date,announcement_pit_context,fundamental_pit_feature_panel,notice_date_plus_1_conservative,NOTICE_DATE governs availability; REPORT_DATE alone is not enough,lagged_level|rank_xsection
cash_flow_sheet_report_em,cn_fundamental_akshare_batch_v1_20260531\aggregated_v1\cash_flow_sheet_report_em\cash_flow_sheet_report_em.parquet,PAY_STAFF_CASH,fundamental,feature_candidate,true_after_notice_date,announcement_pit_context,fundamental_pit_feature_panel,notice_date_plus_1_conservative,NOTICE_DATE governs availability; REPORT_DATE alone is not enough,notice_lagged_latest|quarter_delta|ttm_proxy|rank_xsection|winsorize
cash_flow_sheet_report_em,cn_fundamental_akshare_batch_v1_20260531\aggregated_v1\cash_flow_sheet_report_em\cash_flow_sheet_report_em.parquet,PAY_ALL_TAX,other,feature_candidate,true_after_notice_date,announcement_pit_context,fundamental_pit_feature_panel,notice_date_plus_1_conservative,NOTICE_DATE governs availability; REPORT_DATE alone is not enough,lagged_level|rank_xsection
cash_flow_sheet_report_em,cn_fundamental_akshare_batch_v1_20260531\aggregated_v1\cash_flow_sheet_report_em\cash_flow_sheet_report_em.parquet,PAY_OTHER_OPERATE,fundamental,feature_candidate,true_after_notice_date,announcement_pit_context,fundamental_pit_feature_panel,notice_date_plus_1_conservative,NOTICE_DATE governs availability; REPORT_DATE alone is not enough,notice_lagged_latest|quarter_delta|ttm_proxy|rank_xsection|winsorize
cash_flow_sheet_report_em,cn_fundamental_akshare_batch_v1_20260531\aggregated_v1\cash_flow_sheet_report_em\cash_flow_sheet_report_em.parquet,OPERATE_OUTFLOW_OTHER,fundamental,feature_candidate,true_after_notice_date,announcement_pit_context,fundamental_pit_feature_panel,notice_date_plus_1_conservative,NOTICE_DATE governs availability; REPORT_DATE alone is not enough,notice_lagged_latest|quarter_delta|ttm_proxy|rank_xsection|winsorize
cash_flow_sheet_report_em,cn_fundamental_akshare_batch_v1_20260531\aggregated_v1\cash_flow_sheet_report_em\cash_flow_sheet_report_em.parquet,OPERATE_OUTFLOW_BALANCE,fundamental,feature_candidate,true_after_notice_date,announcement_pit_context,fundamental_pit_feature_panel,notice_date_plus_1_conservative,NOTICE_DATE governs availability; REPORT_DATE alone is not enough,notice_lagged_latest|quarter_delta|ttm_proxy|rank_xsection|winsorize
cash_flow_sheet_report_em,cn_fundamental_akshare_batch_v1_20260531\aggregated_v1\cash_flow_sheet_report_em\cash_flow_sheet_report_em.parquet,TOTAL_OPERATE_OUTFLOW,fundamental,feature_candidate,true_after_notice_date,announcement_pit_context,fundamental_pit_feature_panel,notice_date_plus_1_conservative,NOTICE_DATE governs availability; REPORT_DATE alone is not enough,notice_lagged_latest|quarter_delta|ttm_proxy|rank_xsection|winsorize
cash_flow_sheet_report_em,cn_fundamental_akshare_batch_v1_20260531\aggregated_v1\cash_flow_sheet_report_em\cash_flow_sheet_report_em.parquet,OPERATE_NETCASH_OTHER,fundamental,feature_candidate,true_after_notice_date,announcement_pit_context,fundamental_pit_feature_panel,notice_date_plus_1_conservative,NOTICE_DATE governs availability; REPORT_DATE alone is not enough,notice_lagged_latest|quarter_delta|ttm_proxy|rank_xsection|winsorize
cash_flow_sheet_report_em,cn_fundamental_akshare_batch_v1_20260531\aggregated_v1\cash_flow_sheet_report_em\cash_flow_sheet_report_em.parquet,OPERATE_NETCASH_BALANCE,fundamental,feature_candidate,true_after_notice_date,announcement_pit_context,fundamental_pit_feature_panel,notice_date_plus_1_conservative,NOTICE_DATE governs availability; REPORT_DATE alone is not enough,notice_lagged_latest|quarter_delta|ttm_proxy|rank_xsection|winsorize
cash_flow_sheet_report_em,cn_fundamental_akshare_batch_v1_20260531\aggregated_v1\cash_flow_sheet_report_em\cash_flow_sheet_report_em.parquet,NETCASH_OPERATE,fundamental,feature_candidate,true_after_notice_date,announcement_pit_context,fundamental_pit_feature_panel,notice_date_plus_1_conservative,NOTICE_DATE governs availability; REPORT_DATE alone is not enough,notice_lagged_latest|quarter_delta|ttm_proxy|rank_xsection|winsorize
cash_flow_sheet_report_em,cn_fundamental_akshare_batch_v1_20260531\aggregated_v1\cash_flow_sheet_report_em\cash_flow_sheet_report_em.parquet,WITHDRAW_INVEST,other,feature_candidate,true_after_notice_date,announcement_pit_context,fundamental_pit_feature_panel,notice_date_plus_1_conservative,NOTICE_DATE governs availability; REPORT_DATE alone is not enough,lagged_level|rank_xsection
cash_flow_sheet_report_em,cn_fundamental_akshare_batch_v1_20260531\aggregated_v1\cash_flow_sheet_report_em\cash_flow_sheet_report_em.parquet,RECEIVE_INVEST_INCOME,fundamental,feature_candidate,true_after_notice_date,announcement_pit_context,fundamental_pit_feature_panel,notice_date_plus_1_conservative,NOTICE_DATE governs availability; REPORT_DATE alone is not enough,notice_lagged_latest|quarter_delta|ttm_proxy|rank_xsection|winsorize
cash_flow_sheet_report_em,cn_fundamental_akshare_batch_v1_20260531\aggregated_v1\cash_flow_sheet_report_em\cash_flow_sheet_report_em.parquet,DISPOSAL_LONG_ASSET,fundamental,feature_candidate,true_after_notice_date,announcement_pit_context,fundamental_pit_feature_panel,notice_date_plus_1_conservative,NOTICE_DATE governs availability; REPORT_DATE alone is not enough,notice_lagged_latest|quarter_delta|ttm_proxy|rank_xsection|winsorize
cash_flow_sheet_report_em,cn_fundamental_akshare_batch_v1_20260531\aggregated_v1\cash_flow_sheet_report_em\cash_flow_sheet_report_em.parquet,DISPOSAL_SUBSIDIARY_OTHER,other,feature_candidate,true_after_notice_date,announcement_pit_context,fundamental_pit_feature_panel,notice_date_plus_1_conservative,NOTICE_DATE governs availability; REPORT_DATE alone is not enough,lagged_level|rank_xsection
cash_flow_sheet_report_em,cn_fundamental_akshare_batch_v1_20260531\aggregated_v1\cash_flow_sheet_report_em\cash_flow_sheet_report_em.parquet,REDUCE_PLEDGE_TIMEDEPOSITS,other,feature_candidate,true_after_notice_date,announcement_pit_context,fundamental_pit_feature_panel,notice_date_plus_1_conservative,NOTICE_DATE governs availability; REPORT_DATE alone is not enough,lagged_level|rank_xsection
cash_flow_sheet_report_em,cn_fundamental_akshare_batch_v1_20260531\aggregated_v1\cash_flow_sheet_report_em\cash_flow_sheet_report_em.parquet,RECEIVE_OTHER_INVEST,other,feature_candidate,true_after_notice_date,announcement_pit_context,fundamental_pit_feature_panel,notice_date_plus_1_conservative,NOTICE_DATE governs availability; REPORT_DATE alone is not enough,lagged_level|rank_xsection
cash_flow_sheet_report_em,cn_fundamental_akshare_batch_v1_20260531\aggregated_v1\cash_flow_sheet_report_em\cash_flow_sheet_report_em.parquet,INVEST_INFLOW_OTHER,price_state,feature_candidate,true_after_notice_date,announcement_pit_context,fundamental_pit_feature_panel,notice_date_plus_1_conservative,NOTICE_DATE governs availability; REPORT_DATE alone is not enough,lagged_momentum|mean_reversion|volatility|do_not_use_same_day_close_intraday
cash_flow_sheet_report_em,cn_fundamental_akshare_batch_v1_20260531\aggregated_v1\cash_flow_sheet_report_em\cash_flow_sheet_report_em.parquet,INVEST_INFLOW_BALANCE,price_state,feature_candidate,true_after_notice_date,announcement_pit_context,fundamental_pit_feature_panel,notice_date_plus_1_conservative,NOTICE_DATE governs availability; REPORT_DATE alone is not enough,lagged_momentum|mean_reversion|volatility|do_not_use_same_day_close_intraday
cash_flow_sheet_report_em,cn_fundamental_akshare_batch_v1_20260531\aggregated_v1\cash_flow_sheet_report_em\cash_flow_sheet_report_em.parquet,TOTAL_INVEST_INFLOW,price_state,feature_candidate,true_after_notice_date,announcement_pit_context,fundamental_pit_feature_panel,notice_date_plus_1_conservative,NOTICE_DATE governs availability; REPORT_DATE alone is not enough,lagged_momentum|mean_reversion|volatility|do_not_use_same_day_close_intraday
cash_flow_sheet_report_em,cn_fundamental_akshare_batch_v1_20260531\aggregated_v1\cash_flow_sheet_report_em\cash_flow_sheet_report_em.parquet,CONSTRUCT_LONG_ASSET,fundamental,feature_candidate,true_after_notice_date,announcement_pit_context,fundamental_pit_feature_panel,notice_date_plus_1_conservative,NOTICE_DATE governs availability; REPORT_DATE alone is not enough,notice_lagged_latest|quarter_delta|ttm_proxy|rank_xsection|winsorize
cash_flow_sheet_report_em,cn_fundamental_akshare_batch_v1_20260531\aggregated_v1\cash_flow_sheet_report_em\cash_flow_sheet_report_em.parquet,INVEST_PAY_CASH,fundamental,feature_candidate,true_after_notice_date,announcement_pit_context,fundamental_pit_feature_panel,notice_date_plus_1_conservative,NOTICE_DATE governs availability; REPORT_DATE alone is not enough,notice_lagged_latest|quarter_delta|ttm_proxy|rank_xsection|winsorize
cash_flow_sheet_report_em,cn_fundamental_akshare_batch_v1_20260531\aggregated_v1\cash_flow_sheet_report_em\cash_flow_sheet_report_em.parquet,PLEDGE_LOAN_ADD,other,feature_candidate,true_after_notice_date,announcement_pit_context,fundamental_pit_feature_panel,notice_date_plus_1_conservative,NOTICE_DATE governs availability; REPORT_DATE alone is not enough,lagged_level|rank_xsection
cash_flow_sheet_report_em,cn_fundamental_akshare_batch_v1_20260531\aggregated_v1\cash_flow_sheet_report_em\cash_flow_sheet_report_em.parquet,OBTAIN_SUBSIDIARY_OTHER,other,feature_candidate,true_after_notice_date,announcement_pit_context,fundamental_pit_feature_panel,notice_date_plus_1_conservative,NOTICE_DATE governs availability; REPORT_DATE alone is not enough,lagged_level|rank_xsection
cash_flow_sheet_report_em,cn_fundamental_akshare_batch_v1_20260531\aggregated_v1\cash_flow_sheet_report_em\cash_flow_sheet_report_em.parquet,ADD_PLEDGE_TIMEDEPOSITS,other,feature_candidate,true_after_notice_date,announcement_pit_context,fundamental_pit_feature_panel,notice_date_plus_1_conservative,NOTICE_DATE governs availability; REPORT_DATE alone is not enough,lagged_level|rank_xsection
cash_flow_sheet_report_em,cn_fundamental_akshare_batch_v1_20260531\aggregated_v1\cash_flow_sheet_report_em\cash_flow_sheet_report_em.parquet,PAY_OTHER_INVEST,other,feature_candidate,true_after_notice_date,announcement_pit_context,fundamental_pit_feature_panel,notice_date_plus_1_conservative,NOTICE_DATE governs availability; REPORT_DATE alone is not enough,lagged_level|rank_xsection
cash_flow_sheet_report_em,cn_fundamental_akshare_batch_v1_20260531\aggregated_v1\cash_flow_sheet_report_em\cash_flow_sheet_report_em.parquet,INVEST_OUTFLOW_OTHER,price_state,feature_candidate,true_after_notice_date,announcement_pit_context,fundamental_pit_feature_panel,notice_date_plus_1_conservative,NOTICE_DATE governs availability; REPORT_DATE alone is not enough,lagged_momentum|mean_reversion|volatility|do_not_use_same_day_close_intraday
cash_flow_sheet_report_em,cn_fundamental_akshare_batch_v1_20260531\aggregated_v1\cash_flow_sheet_report_em\cash_flow_sheet_report_em.parquet,INVEST_OUTFLOW_BALANCE,price_state,feature_candidate,true_after_notice_date,announcement_pit_context,fundamental_pit_feature_panel,notice_date_plus_1_conservative,NOTICE_DATE governs availability; REPORT_DATE alone is not enough,lagged_momentum|mean_reversion|volatility|do_not_use_same_day_close_intraday
cash_flow_sheet_report_em,cn_fundamental_akshare_batch_v1_20260531\aggregated_v1\cash_flow_sheet_report_em\cash_flow_sheet_report_em.parquet,TOTAL_INVEST_OUTFLOW,price_state,feature_candidate,true_after_notice_date,announcement_pit_context,fundamental_pit_feature_panel,notice_date_plus_1_conservative,NOTICE_DATE governs availability; REPORT_DATE alone is not enough,lagged_momentum|mean_reversion|volatility|do_not_use_same_day_close_intraday
cash_flow_sheet_report_em,cn_fundamental_akshare_batch_v1_20260531\aggregated_v1\cash_flow_sheet_report_em\cash_flow_sheet_report_em.parquet,INVEST_NETCASH_OTHER,fundamental,feature_candidate,true_after_notice_date,announcement_pit_context,fundamental_pit_feature_panel,notice_date_plus_1_conservative,NOTICE_DATE governs availability; REPORT_DATE alone is not enough,notice_lagged_latest|quarter_delta|ttm_proxy|rank_xsection|winsorize
cash_flow_sheet_report_em,cn_fundamental_akshare_batch_v1_20260531\aggregated_v1\cash_flow_sheet_report_em\cash_flow_sheet_report_em.parquet,INVEST_NETCASH_BALANCE,fundamental,feature_candidate,true_after_notice_date,announcement_pit_context,fundamental_pit_feature_panel,notice_date_plus_1_conservative,NOTICE_DATE governs availability; REPORT_DATE alone is not enough,notice_lagged_latest|quarter_delta|ttm_proxy|rank_xsection|winsorize
cash_flow_sheet_report_em,cn_fundamental_akshare_batch_v1_20260531\aggregated_v1\cash_flow_sheet_report_em\cash_flow_sheet_report_em.parquet,NETCASH_INVEST,fundamental,feature_candidate,true_after_notice_date,announcement_pit_context,fundamental_pit_feature_panel,notice_date_plus_1_conservative,NOTICE_DATE governs availability; REPORT_DATE alone is not enough,notice_lagged_latest|quarter_delta|ttm_proxy|rank_xsection|winsorize
cash_flow_sheet_report_em,cn_fundamental_akshare_batch_v1_20260531\aggregated_v1\cash_flow_sheet_report_em\cash_flow_sheet_report_em.parquet,ACCEPT_INVEST_CASH,fundamental,feature_candidate,true_after_notice_date,announcement_pit_context,fundamental_pit_feature_panel,notice_date_plus_1_conservative,NOTICE_DATE governs availability; REPORT_DATE alone is not enough,notice_lagged_latest|quarter_delta|ttm_proxy|rank_xsection|winsorize
cash_flow_sheet_report_em,cn_fundamental_akshare_batch_v1_20260531\aggregated_v1\cash_flow_sheet_report_em\cash_flow_sheet_report_em.parquet,SUBSIDIARY_ACCEPT_INVEST,other,feature_candidate,true_after_notice_date,announcement_pit_context,fundamental_pit_feature_panel,notice_date_plus_1_conservative,NOTICE_DATE governs availability; REPORT_DATE alone is not enough,lagged_level|rank_xsection
cash_flow_sheet_report_em,cn_fundamental_akshare_batch_v1_20260531\aggregated_v1\cash_flow_sheet_report_em\cash_flow_sheet_report_em.parquet,RECEIVE_LOAN_CASH,fundamental,feature_candidate,true_after_notice_date,announcement_pit_context,fundamental_pit_feature_panel,notice_date_plus_1_conservative,NOTICE_DATE governs availability; REPORT_DATE alone is not enough,notice_lagged_latest|quarter_delta|ttm_proxy|rank_xsection|winsorize
cash_flow_sheet_report_em,cn_fundamental_akshare_batch_v1_20260531\aggregated_v1\cash_flow_sheet_report_em\cash_flow_sheet_report_em.parquet,ISSUE_BOND,other,feature_candidate,true_after_notice_date,announcement_pit_context,fundamental_pit_feature_panel,notice_date_plus_1_conservative,NOTICE_DATE governs availability; REPORT_DATE alone is not enough,lagged_level|rank_xsection
cash_flow_sheet_report_em,cn_fundamental_akshare_batch_v1_20260531\aggregated_v1\cash_flow_sheet_report_em\cash_flow_sheet_report_em.parquet,RECEIVE_OTHER_FINANCE,other,feature_candidate,true_after_notice_date,announcement_pit_context,fundamental_pit_feature_panel,notice_date_plus_1_conservative,NOTICE_DATE governs availability; REPORT_DATE alone is not enough,lagged_level|rank_xsection
cash_flow_sheet_report_em,cn_fundamental_akshare_batch_v1_20260531\aggregated_v1\cash_flow_sheet_report_em\cash_flow_sheet_report_em.parquet,FINANCE_INFLOW_OTHER,price_state,feature_candidate,true_after_notice_date,announcement_pit_context,fundamental_pit_feature_panel,notice_date_plus_1_conservative,NOTICE_DATE governs availability; REPORT_DATE alone is not enough,lagged_momentum|mean_reversion|volatility|do_not_use_same_day_close_intraday
cash_flow_sheet_report_em,cn_fundamental_akshare_batch_v1_20260531\aggregated_v1\cash_flow_sheet_report_em\cash_flow_sheet_report_em.parquet,FINANCE_INFLOW_BALANCE,price_state,feature_candidate,true_after_notice_date,announcement_pit_context,fundamental_pit_feature_panel,notice_date_plus_1_conservative,NOTICE_DATE governs availability; REPORT_DATE alone is not enough,lagged_momentum|mean_reversion|volatility|do_not_use_same_day_close_intraday
cash_flow_sheet_report_em,cn_fundamental_akshare_batch_v1_20260531\aggregated_v1\cash_flow_sheet_report_em\cash_flow_sheet_report_em.parquet,TOTAL_FINANCE_INFLOW,price_state,feature_candidate,true_after_notice_date,announcement_pit_context,fundamental_pit_feature_panel,notice_date_plus_1_conservative,NOTICE_DATE governs availability; REPORT_DATE alone is not enough,lagged_momentum|mean_reversion|volatility|do_not_use_same_day_close_intraday
cash_flow_sheet_report_em,cn_fundamental_akshare_batch_v1_20260531\aggregated_v1\cash_flow_sheet_report_em\cash_flow_sheet_report_em.parquet,PAY_DEBT_CASH,fundamental,feature_candidate,true_after_notice_date,announcement_pit_context,fundamental_pit_feature_panel,notice_date_plus_1_conservative,NOTICE_DATE governs availability; REPORT_DATE alone is not enough,notice_lagged_latest|quarter_delta|ttm_proxy|rank_xsection|winsorize
cash_flow_sheet_report_em,cn_fundamental_akshare_batch_v1_20260531\aggregated_v1\cash_flow_sheet_report_em\cash_flow_sheet_report_em.parquet,ASSIGN_DIVIDEND_PORFIT,other,feature_candidate,true_after_notice_date,announcement_pit_context,fundamental_pit_feature_panel,notice_date_plus_1_conservative,NOTICE_DATE governs availability; REPORT_DATE alone is not enough,lagged_level|rank_xsection
cash_flow_sheet_report_em,cn_fundamental_akshare_batch_v1_20260531\aggregated_v1\cash_flow_sheet_report_em\cash_flow_sheet_report_em.parquet,SUBSIDIARY_PAY_DIVIDEND,other,feature_candidate,true_after_notice_date,announcement_pit_context,fundamental_pit_feature_panel,notice_date_plus_1_conservative,NOTICE_DATE governs availability; REPORT_DATE alone is not enough,lagged_level|rank_xsection
cash_flow_sheet_report_em,cn_fundamental_akshare_batch_v1_20260531\aggregated_v1\cash_flow_sheet_report_em\cash_flow_sheet_report_em.parquet,BUY_SUBSIDIARY_EQUITY,disclosure_event,feature_candidate,true_after_notice_date,announcement_pit_context,fundamental_pit_feature_panel,notice_date_plus_1_conservative,NOTICE_DATE governs availability; REPORT_DATE alone is not enough,event_flag|event_age|net_buy_sell_ratio|matched_control_required
cash_flow_sheet_report_em,cn_fundamental_akshare_batch_v1_20260531\aggregated_v1\cash_flow_sheet_report_em\cash_flow_sheet_report_em.parquet,PAY_OTHER_FINANCE,other,feature_candidate,true_after_notice_date,announcement_pit_context,fundamental_pit_feature_panel,notice_date_plus_1_conservative,NOTICE_DATE governs availability; REPORT_DATE alone is not enough,lagged_level|rank_xsection
cash_flow_sheet_report_em,cn_fundamental_akshare_batch_v1_20260531\aggregated_v1\cash_flow_sheet_report_em\cash_flow_sheet_report_em.parquet,SUBSIDIARY_REDUCE_CASH,fundamental,feature_candidate,true_after_notice_date,announcement_pit_context,fundamental_pit_feature_panel,notice_date_plus_1_conservative,NOTICE_DATE governs availability; REPORT_DATE alone is not enough,notice_lagged_latest|quarter_delta|ttm_proxy|rank_xsection|winsorize
cash_flow_sheet_report_em,cn_fundamental_akshare_batch_v1_20260531\aggregated_v1\cash_flow_sheet_report_em\cash_flow_sheet_report_em.parquet,FINANCE_OUTFLOW_OTHER,price_state,feature_candidate,true_after_notice_date,announcement_pit_context,fundamental_pit_feature_panel,notice_date_plus_1_conservative,NOTICE_DATE governs availability; REPORT_DATE alone is not enough,lagged_momentum|mean_reversion|volatility|do_not_use_same_day_close_intraday
cash_flow_sheet_report_em,cn_fundamental_akshare_batch_v1_20260531\aggregated_v1\cash_flow_sheet_report_em\cash_flow_sheet_report_em.parquet,FINANCE_OUTFLOW_BALANCE,price_state,feature_candidate,true_after_notice_date,announcement_pit_context,fundamental_pit_feature_panel,notice_date_plus_1_conservative,NOTICE_DATE governs availability; REPORT_DATE alone is not enough,lagged_momentum|mean_reversion|volatility|do_not_use_same_day_close_intraday
cash_flow_sheet_report_em,cn_fundamental_akshare_batch_v1_20260531\aggregated_v1\cash_flow_sheet_report_em\cash_flow_sheet_report_em.parquet,TOTAL_FINANCE_OUTFLOW,price_state,feature_candidate,true_after_notice_date,announcement_pit_context,fundamental_pit_feature_panel,notice_date_plus_1_conservative,NOTICE_DATE governs availability; REPORT_DATE alone is not enough,lagged_momentum|mean_reversion|volatility|do_not_use_same_day_close_intraday
cash_flow_sheet_report_em,cn_fundamental_akshare_batch_v1_20260531\aggregated_v1\cash_flow_sheet_report_em\cash_flow_sheet_report_em.parquet,FINANCE_NETCASH_OTHER,fundamental,feature_candidate,true_after_notice_date,announcement_pit_context,fundamental_pit_feature_panel,notice_date_plus_1_conservative,NOTICE_DATE governs availability; REPORT_DATE alone is not enough,notice_lagged_latest|quarter_delta|ttm_proxy|rank_xsection|winsorize
cash_flow_sheet_report_em,cn_fundamental_akshare_batch_v1_20260531\aggregated_v1\cash_flow_sheet_report_em\cash_flow_sheet_report_em.parquet,FINANCE_NETCASH_BALANCE,fundamental,feature_candidate,true_after_notice_date,announcement_pit_context,fundamental_pit_feature_panel,notice_date_plus_1_conservative,NOTICE_DATE governs availability; REPORT_DATE alone is not enough,notice_lagged_latest|quarter_delta|ttm_proxy|rank_xsection|winsorize
cash_flow_sheet_report_em,cn_fundamental_akshare_batch_v1_20260531\aggregated_v1\cash_flow_sheet_report_em\cash_flow_sheet_report_em.parquet,NETCASH_FINANCE,fundamental,feature_candidate,true_after_notice_date,announcement_pit_context,fundamental_pit_feature_panel,notice_date_plus_1_conservative,NOTICE_DATE governs availability; REPORT_DATE alone is not enough,notice_lagged_latest|quarter_delta|ttm_proxy|rank_xsection|winsorize
cash_flow_sheet_report_em,cn_fundamental_akshare_batch_v1_20260531\aggregated_v1\cash_flow_sheet_report_em\cash_flow_sheet_report_em.parquet,RATE_CHANGE_EFFECT,price_state,feature_candidate,true_after_notice_date,announcement_pit_context,fundamental_pit_feature_panel,notice_date_plus_1_conservative,NOTICE_DATE governs availability; REPORT_DATE alone is not enough,lagged_momentum|mean_reversion|volatility|do_not_use_same_day_close_intraday
cash_flow_sheet_report_em,cn_fundamental_akshare_batch_v1_20260531\aggregated_v1\cash_flow_sheet_report_em\cash_flow_sheet_report_em.parquet,CCE_ADD_OTHER,other,feature_candidate,true_after_notice_date,announcement_pit_context,fundamental_pit_feature_panel,notice_date_plus_1_conservative,NOTICE_DATE governs availability; REPORT_DATE alone is not enough,lagged_level|rank_xsection
cash_flow_sheet_report_em,cn_fundamental_akshare_batch_v1_20260531\aggregated_v1\cash_flow_sheet_report_em\cash_flow_sheet_report_em.parquet,CCE_ADD_BALANCE,other,feature_candidate,true_after_notice_date,announcement_pit_context,fundamental_pit_feature_panel,notice_date_plus_1_conservative,NOTICE_DATE governs availability; REPORT_DATE alone is not enough,lagged_level|rank_xsection
cash_flow_sheet_report_em,cn_fundamental_akshare_batch_v1_20260531\aggregated_v1\cash_flow_sheet_report_em\cash_flow_sheet_report_em.parquet,CCE_ADD,other,feature_candidate,true_after_notice_date,announcement_pit_context,fundamental_pit_feature_panel,notice_date_plus_1_conservative,NOTICE_DATE governs availability; REPORT_DATE alone is not enough,lagged_level|rank_xsection
cash_flow_sheet_report_em,cn_fundamental_akshare_batch_v1_20260531\aggregated_v1\cash_flow_sheet_report_em\cash_flow_sheet_report_em.parquet,BEGIN_CCE,other,feature_candidate,true_after_notice_date,announcement_pit_context,fundamental_pit_feature_panel,notice_date_plus_1_conservative,NOTICE_DATE governs availability; REPORT_DATE alone is not enough,lagged_level|rank_xsection
cash_flow_sheet_report_em,cn_fundamental_akshare_batch_v1_20260531\aggregated_v1\cash_flow_sheet_report_em\cash_flow_sheet_report_em.parquet,END_CCE_OTHER,other,feature_candidate,true_after_notice_date,announcement_pit_context,fundamental_pit_feature_panel,notice_date_plus_1_conservative,NOTICE_DATE governs availability; REPORT_DATE alone is not enough,lagged_level|rank_xsection
cash_flow_sheet_report_em,cn_fundamental_akshare_batch_v1_20260531\aggregated_v1\cash_flow_sheet_report_em\cash_flow_sheet_report_em.parquet,END_CCE_BALANCE,other,feature_candidate,true_after_notice_date,announcement_pit_context,fundamental_pit_feature_panel,notice_date_plus_1_conservative,NOTICE_DATE governs availability; REPORT_DATE alone is not enough,lagged_level|rank_xsection
cash_flow_sheet_report_em,cn_fundamental_akshare_batch_v1_20260531\aggregated_v1\cash_flow_sheet_report_em\cash_flow_sheet_report_em.parquet,END_CCE,other,feature_candidate,true_after_notice_date,announcement_pit_context,fundamental_pit_feature_panel,notice_date_plus_1_conservative,NOTICE_DATE governs availability; REPORT_DATE alone is not enough,lagged_level|rank_xsection
cash_flow_sheet_report_em,cn_fundamental_akshare_batch_v1_20260531\aggregated_v1\cash_flow_sheet_report_em\cash_flow_sheet_report_em.parquet,NETPROFIT,fundamental,feature_candidate,true_after_notice_date,announcement_pit_context,fundamental_pit_feature_panel,notice_date_plus_1_conservative,NOTICE_DATE governs availability; REPORT_DATE alone is not enough,notice_lagged_latest|quarter_delta|ttm_proxy|rank_xsection|winsorize
cash_flow_sheet_report_em,cn_fundamental_akshare_batch_v1_20260531\aggregated_v1\cash_flow_sheet_report_em\cash_flow_sheet_report_em.parquet,ASSET_IMPAIRMENT,fundamental,feature_candidate,true_after_notice_date,announcement_pit_context,fundamental_pit_feature_panel,notice_date_plus_1_conservative,NOTICE_DATE governs availability; REPORT_DATE alone is not enough,notice_lagged_latest|quarter_delta|ttm_proxy|rank_xsection|winsorize
cash_flow_sheet_report_em,cn_fundamental_akshare_batch_v1_20260531\aggregated_v1\cash_flow_sheet_report_em\cash_flow_sheet_report_em.parquet,FA_IR_DEPR,other,feature_candidate,true_after_notice_date,announcement_pit_context,fundamental_pit_feature_panel,notice_date_plus_1_conservative,NOTICE_DATE governs availability; REPORT_DATE alone is not enough,lagged_level|rank_xsection
cash_flow_sheet_report_em,cn_fundamental_akshare_batch_v1_20260531\aggregated_v1\cash_flow_sheet_report_em\cash_flow_sheet_report_em.parquet,OILGAS_BIOLOGY_DEPR,other,feature_candidate,true_after_notice_date,announcement_pit_context,fundamental_pit_feature_panel,notice_date_plus_1_conservative,NOTICE_DATE governs availability; REPORT_DATE alone is not enough,lagged_level|rank_xsection
cash_flow_sheet_report_em,cn_fundamental_akshare_batch_v1_20260531\aggregated_v1\cash_flow_sheet_report_em\cash_flow_sheet_report_em.parquet,IR_DEPR,other,feature_candidate,true_after_notice_date,announcement_pit_context,fundamental_pit_feature_panel,notice_date_plus_1_conservative,NOTICE_DATE governs availability; REPORT_DATE alone is not enough,lagged_level|rank_xsection
cash_flow_sheet_report_em,cn_fundamental_akshare_batch_v1_20260531\aggregated_v1\cash_flow_sheet_report_em\cash_flow_sheet_report_em.parquet,IA_AMORTIZE,other,feature_candidate,true_after_notice_date,announcement_pit_context,fundamental_pit_feature_panel,notice_date_plus_1_conservative,NOTICE_DATE governs availability; REPORT_DATE alone is not enough,lagged_level|rank_xsection
cash_flow_sheet_report_em,cn_fundamental_akshare_batch_v1_20260531\aggregated_v1\cash_flow_sheet_report_em\cash_flow_sheet_report_em.parquet,LPE_AMORTIZE,fundamental,feature_candidate,true_after_notice_date,announcement_pit_context,fundamental_pit_feature_panel,notice_date_plus_1_conservative,NOTICE_DATE governs availability; REPORT_DATE alone is not enough,notice_lagged_latest|quarter_delta|ttm_proxy|rank_xsection|winsorize
cash_flow_sheet_report_em,cn_fundamental_akshare_batch_v1_20260531\aggregated_v1\cash_flow_sheet_report_em\cash_flow_sheet_report_em.parquet,DEFER_INCOME_AMORTIZE,fundamental,feature_candidate,true_after_notice_date,announcement_pit_context,fundamental_pit_feature_panel,notice_date_plus_1_conservative,NOTICE_DATE governs availability; REPORT_DATE alone is not enough,notice_lagged_latest|quarter_delta|ttm_proxy|rank_xsection|winsorize
cash_flow_sheet_report_em,cn_fundamental_akshare_batch_v1_20260531\aggregated_v1\cash_flow_sheet_report_em\cash_flow_sheet_report_em.parquet,PREPAID_EXPENSE_REDUCE,fundamental,feature_candidate,true_after_notice_date,announcement_pit_context,fundamental_pit_feature_panel,notice_date_plus_1_conservative,NOTICE_DATE governs availability; REPORT_DATE alone is not enough,notice_lagged_latest|quarter_delta|ttm_proxy|rank_xsection|winsorize
cash_flow_sheet_report_em,cn_fundamental_akshare_batch_v1_20260531\aggregated_v1\cash_flow_sheet_report_em\cash_flow_sheet_report_em.parquet,ACCRUED_EXPENSE_ADD,fundamental,feature_candidate,true_after_notice_date,announcement_pit_context,fundamental_pit_feature_panel,notice_date_plus_1_conservative,NOTICE_DATE governs availability; REPORT_DATE alone is not enough,notice_lagged_latest|quarter_delta|ttm_proxy|rank_xsection|winsorize
cash_flow_sheet_report_em,cn_fundamental_akshare_batch_v1_20260531\aggregated_v1\cash_flow_sheet_report_em\cash_flow_sheet_report_em.parquet,DISPOSAL_LONGASSET_LOSS,fundamental,feature_candidate,true_after_notice_date,announcement_pit_context,fundamental_pit_feature_panel,notice_date_plus_1_conservative,NOTICE_DATE governs availability; REPORT_DATE alone is not enough,notice_lagged_latest|quarter_delta|ttm_proxy|rank_xsection|winsorize
cash_flow_sheet_report_em,cn_fundamental_akshare_batch_v1_20260531\aggregated_v1\cash_flow_sheet_report_em\cash_flow_sheet_report_em.parquet,FA_SCRAP_LOSS,other,feature_candidate,true_after_notice_date,announcement_pit_context,fundamental_pit_feature_panel,notice_date_plus_1_conservative,NOTICE_DATE governs availability; REPORT_DATE alone is not enough,lagged_level|rank_xsection
cash_flow_sheet_report_em,cn_fundamental_akshare_batch_v1_20260531\aggregated_v1\cash_flow_sheet_report_em\cash_flow_sheet_report_em.parquet,FAIRVALUE_CHANGE_LOSS,price_state,feature_candidate,true_after_notice_date,announcement_pit_context,fundamental_pit_feature_panel,notice_date_plus_1_conservative,NOTICE_DATE governs availability; REPORT_DATE alone is not enough,lagged_momentum|mean_reversion|volatility|do_not_use_same_day_close_intraday
cash_flow_sheet_report_em,cn_fundamental_akshare_batch_v1_20260531\aggregated_v1\cash_flow_sheet_report_em\cash_flow_sheet_report_em.parquet,FINANCE_EXPENSE,fundamental,feature_candidate,true_after_notice_date,announcement_pit_context,fundamental_pit_feature_panel,notice_date_plus_1_conservative,NOTICE_DATE governs availability; REPORT_DATE alone is not enough,notice_lagged_latest|quarter_delta|ttm_proxy|rank_xsection|winsorize
cash_flow_sheet_report_em,cn_fundamental_akshare_batch_v1_20260531\aggregated_v1\cash_flow_sheet_report_em\cash_flow_sheet_report_em.parquet,INVEST_LOSS,other,feature_candidate,true_after_notice_date,announcement_pit_context,fundamental_pit_feature_panel,notice_date_plus_1_conservative,NOTICE_DATE governs availability; REPORT_DATE alone is not enough,lagged_level|rank_xsection
cash_flow_sheet_report_em,cn_fundamental_akshare_batch_v1_20260531\aggregated_v1\cash_flow_sheet_report_em\cash_flow_sheet_report_em.parquet,DEFER_TAX,other,feature_candidate,true_after_notice_date,announcement_pit_context,fundamental_pit_feature_panel,notice_date_plus_1_conservative,NOTICE_DATE governs availability; REPORT_DATE alone is not enough,lagged_level|rank_xsection
cash_flow_sheet_report_em,cn_fundamental_akshare_batch_v1_20260531\aggregated_v1\cash_flow_sheet_report_em\cash_flow_sheet_report_em.parquet,DT_ASSET_REDUCE,limit_event,feature_candidate,true_after_notice_date,announcement_pit_context,fundamental_pit_feature_panel,notice_date_plus_1_conservative,NOTICE_DATE governs availability; REPORT_DATE alone is not enough,lagged_level|rank_xsection
cash_flow_sheet_report_em,cn_fundamental_akshare_batch_v1_20260531\aggregated_v1\cash_flow_sheet_report_em\cash_flow_sheet_report_em.parquet,DT_LIAB_ADD,limit_event,feature_candidate,true_after_notice_date,announcement_pit_context,fundamental_pit_feature_panel,notice_date_plus_1_conservative,NOTICE_DATE governs availability; REPORT_DATE alone is not enough,lagged_level|rank_xsection
cash_flow_sheet_report_em,cn_fundamental_akshare_batch_v1_20260531\aggregated_v1\cash_flow_sheet_report_em\cash_flow_sheet_report_em.parquet,PREDICT_LIAB_ADD,fundamental,feature_candidate,true_after_notice_date,announcement_pit_context,fundamental_pit_feature_panel,notice_date_plus_1_conservative,NOTICE_DATE governs availability; REPORT_DATE alone is not enough,notice_lagged_latest|quarter_delta|ttm_proxy|rank_xsection|winsorize
cash_flow_sheet_report_em,cn_fundamental_akshare_batch_v1_20260531\aggregated_v1\cash_flow_sheet_report_em\cash_flow_sheet_report_em.parquet,INVENTORY_REDUCE,fundamental,feature_candidate,true_after_notice_date,announcement_pit_context,fundamental_pit_feature_panel,notice_date_plus_1_conservative,NOTICE_DATE governs availability; REPORT_DATE alone is not enough,notice_lagged_latest|quarter_delta|ttm_proxy|rank_xsection|winsorize
cash_flow_sheet_report_em,cn_fundamental_akshare_batch_v1_20260531\aggregated_v1\cash_flow_sheet_report_em\cash_flow_sheet_report_em.parquet,OPERATE_RECE_REDUCE,fundamental,feature_candidate,true_after_notice_date,announcement_pit_context,fundamental_pit_feature_panel,notice_date_plus_1_conservative,NOTICE_DATE governs availability; REPORT_DATE alone is not enough,notice_lagged_latest|quarter_delta|ttm_proxy|rank_xsection|winsorize
cash_flow_sheet_report_em,cn_fundamental_akshare_batch_v1_20260531\aggregated_v1\cash_flow_sheet_report_em\cash_flow_sheet_report_em.parquet,OPERATE_PAYABLE_ADD,fundamental,feature_candidate,true_after_notice_date,announcement_pit_context,fundamental_pit_feature_panel,notice_date_plus_1_conservative,NOTICE_DATE governs availability; REPORT_DATE alone is not enough,notice_lagged_latest|quarter_delta|ttm_proxy|rank_xsection|winsorize
cash_flow_sheet_report_em,cn_fundamental_akshare_batch_v1_20260531\aggregated_v1\cash_flow_sheet_report_em\cash_flow_sheet_report_em.parquet,OTHER,other,feature_candidate,true_after_notice_date,announcement_pit_context,fundamental_pit_feature_panel,notice_date_plus_1_conservative,NOTICE_DATE governs availability; REPORT_DATE alone is not enough,lagged_level|rank_xsection
cash_flow_sheet_report_em,cn_fundamental_akshare_batch_v1_20260531\aggregated_v1\cash_flow_sheet_report_em\cash_flow_sheet_report_em.parquet,OPERATE_NETCASH_OTHERNOTE,fundamental,feature_candidate,true_after_notice_date,announcement_pit_context,fundamental_pit_feature_panel,notice_date_plus_1_conservative,NOTICE_DATE governs availability; REPORT_DATE alone is not enough,notice_lagged_latest|quarter_delta|ttm_proxy|rank_xsection|winsorize
cash_flow_sheet_report_em,cn_fundamental_akshare_batch_v1_20260531\aggregated_v1\cash_flow_sheet_report_em\cash_flow_sheet_report_em.parquet,OPERATE_NETCASH_BALANCENOTE,fundamental,feature_candidate,true_after_notice_date,announcement_pit_context,fundamental_pit_feature_panel,notice_date_plus_1_conservative,NOTICE_DATE governs availability; REPORT_DATE alone is not enough,notice_lagged_latest|quarter_delta|ttm_proxy|rank_xsection|winsorize
cash_flow_sheet_report_em,cn_fundamental_akshare_batch_v1_20260531\aggregated_v1\cash_flow_sheet_report_em\cash_flow_sheet_report_em.parquet,NETCASH_OPERATENOTE,fundamental,feature_candidate,true_after_notice_date,announcement_pit_context,fundamental_pit_feature_panel,notice_date_plus_1_conservative,NOTICE_DATE governs availability; REPORT_DATE alone is not enough,notice_lagged_latest|quarter_delta|ttm_proxy|rank_xsection|winsorize
cash_flow_sheet_report_em,cn_fundamental_akshare_batch_v1_20260531\aggregated_v1\cash_flow_sheet_report_em\cash_flow_sheet_report_em.parquet,DEBT_TRANSFER_CAPITAL,fundamental,feature_candidate,true_after_notice_date,announcement_pit_context,fundamental_pit_feature_panel,notice_date_plus_1_conservative,NOTICE_DATE governs availability; REPORT_DATE alone is not enough,notice_lagged_latest|quarter_delta|ttm_proxy|rank_xsection|winsorize
cash_flow_sheet_report_em,cn_fundamental_akshare_batch_v1_20260531\aggregated_v1\cash_flow_sheet_report_em\cash_flow_sheet_report_em.parquet,CONVERT_BOND_1YEAR,other,feature_candidate,true_after_notice_date,announcement_pit_context,fundamental_pit_feature_panel,notice_date_plus_1_conservative,NOTICE_DATE governs availability; REPORT_DATE alone is not enough,lagged_level|rank_xsection
cash_flow_sheet_report_em,cn_fundamental_akshare_batch_v1_20260531\aggregated_v1\cash_flow_sheet_report_em\cash_flow_sheet_report_em.parquet,FINLEASE_OBTAIN_FA,other,feature_candidate,true_after_notice_date,announcement_pit_context,fundamental_pit_feature_panel,notice_date_plus_1_conservative,NOTICE_DATE governs availability; REPORT_DATE alone is not enough,lagged_level|rank_xsection
cash_flow_sheet_report_em,cn_fundamental_akshare_batch_v1_20260531\aggregated_v1\cash_flow_sheet_report_em\cash_flow_sheet_report_em.parquet,UNINVOLVE_INVESTFIN_OTHER,other,feature_candidate,true_after_notice_date,announcement_pit_context,fundamental_pit_feature_panel,notice_date_plus_1_conservative,NOTICE_DATE governs availability; REPORT_DATE alone is not enough,lagged_level|rank_xsection
cash_flow_sheet_report_em,cn_fundamental_akshare_batch_v1_20260531\aggregated_v1\cash_flow_sheet_report_em\cash_flow_sheet_report_em.parquet,END_CASH,fundamental,feature_candidate,true_after_notice_date,announcement_pit_context,fundamental_pit_feature_panel,notice_date_plus_1_conservative,NOTICE_DATE governs availability; REPORT_DATE alone is not enough,notice_lagged_latest|quarter_delta|ttm_proxy|rank_xsection|winsorize
cash_flow_sheet_report_em,cn_fundamental_akshare_batch_v1_20260531\aggregated_v1\cash_flow_sheet_report_em\cash_flow_sheet_report_em.parquet,BEGIN_CASH,fundamental,feature_candidate,true_after_notice_date,announcement_pit_context,fundamental_pit_feature_panel,notice_date_plus_1_conservative,NOTICE_DATE governs availability; REPORT_DATE alone is not enough,notice_lagged_latest|quarter_delta|ttm_proxy|rank_xsection|winsorize
cash_flow_sheet_report_em,cn_fundamental_akshare_batch_v1_20260531\aggregated_v1\cash_flow_sheet_report_em\cash_flow_sheet_report_em.parquet,END_CASH_EQUIVALENTS,fundamental,feature_candidate,true_after_notice_date,announcement_pit_context,fundamental_pit_feature_panel,notice_date_plus_1_conservative,NOTICE_DATE governs availability; REPORT_DATE alone is not enough,notice_lagged_latest|quarter_delta|ttm_proxy|rank_xsection|winsorize
cash_flow_sheet_report_em,cn_fundamental_akshare_batch_v1_20260531\aggregated_v1\cash_flow_sheet_report_em\cash_flow_sheet_report_em.parquet,BEGIN_CASH_EQUIVALENTS,fundamental,feature_candidate,true_after_notice_date,announcement_pit_context,fundamental_pit_feature_panel,notice_date_plus_1_conservative,NOTICE_DATE governs availability; REPORT_DATE alone is not enough,notice_lagged_latest|quarter_delta|ttm_proxy|rank_xsection|winsorize
cash_flow_sheet_report_em,cn_fundamental_akshare_batch_v1_20260531\aggregated_v1\cash_flow_sheet_report_em\cash_flow_sheet_report_em.parquet,CCE_ADD_OTHERNOTE,other,feature_candidate,true_after_notice_date,announcement_pit_context,fundamental_pit_feature_panel,notice_date_plus_1_conservative,NOTICE_DATE governs availability; REPORT_DATE alone is not enough,lagged_level|rank_xsection
cash_flow_sheet_report_em,cn_fundamental_akshare_batch_v1_20260531\aggregated_v1\cash_flow_sheet_report_em\cash_flow_sheet_report_em.parquet,CCE_ADD_BALANCENOTE,other,feature_candidate,true_after_notice_date,announcement_pit_context,fundamental_pit_feature_panel,notice_date_plus_1_conservative,NOTICE_DATE governs availability; REPORT_DATE alone is not enough,lagged_level|rank_xsection
cash_flow_sheet_report_em,cn_fundamental_akshare_batch_v1_20260531\aggregated_v1\cash_flow_sheet_report_em\cash_flow_sheet_report_em.parquet,CCE_ADDNOTE,other,feature_candidate,true_after_notice_date,announcement_pit_context,fundamental_pit_feature_panel,notice_date_plus_1_conservative,NOTICE_DATE governs availability; REPORT_DATE alone is not enough,lagged_level|rank_xsection
cash_flow_sheet_report_em,cn_fundamental_akshare_batch_v1_20260531\aggregated_v1\cash_flow_sheet_report_em\cash_flow_sheet_report_em.parquet,SALES_SERVICES_YOY,other,feature_candidate,true_after_notice_date,announcement_pit_context,fundamental_pit_feature_panel,notice_date_plus_1_conservative,NOTICE_DATE governs availability; REPORT_DATE alone is not enough,lagged_level|rank_xsection
cash_flow_sheet_report_em,cn_fundamental_akshare_batch_v1_20260531\aggregated_v1\cash_flow_sheet_report_em\cash_flow_sheet_report_em.parquet,DEPOSIT_INTERBANK_ADD_YOY,other,feature_candidate,true_after_notice_date,announcement_pit_context,fundamental_pit_feature_panel,notice_date_plus_1_conservative,NOTICE_DATE governs availability; REPORT_DATE alone is not enough,lagged_level|rank_xsection
cash_flow_sheet_report_em,cn_fundamental_akshare_batch_v1_20260531\aggregated_v1\cash_flow_sheet_report_em\cash_flow_sheet_report_em.parquet,LOAN_PBC_ADD_YOY,fundamental,feature_candidate,true_after_notice_date,announcement_pit_context,fundamental_pit_feature_panel,notice_date_plus_1_conservative,NOTICE_DATE governs availability; REPORT_DATE alone is not enough,notice_lagged_latest|quarter_delta|ttm_proxy|rank_xsection|winsorize
cash_flow_sheet_report_em,cn_fundamental_akshare_batch_v1_20260531\aggregated_v1\cash_flow_sheet_report_em\cash_flow_sheet_report_em.parquet,OFI_BF_ADD_YOY,other,feature_candidate,true_after_notice_date,announcement_pit_context,fundamental_pit_feature_panel,notice_date_plus_1_conservative,NOTICE_DATE governs availability; REPORT_DATE alone is not enough,lagged_level|rank_xsection
cash_flow_sheet_report_em,cn_fundamental_akshare_batch_v1_20260531\aggregated_v1\cash_flow_sheet_report_em\cash_flow_sheet_report_em.parquet,RECEIVE_ORIGIC_PREMIUM_YOY,other,feature_candidate,true_after_notice_date,announcement_pit_context,fundamental_pit_feature_panel,notice_date_plus_1_conservative,NOTICE_DATE governs availability; REPORT_DATE alone is not enough,lagged_level|rank_xsection
cash_flow_sheet_report_em,cn_fundamental_akshare_batch_v1_20260531\aggregated_v1\cash_flow_sheet_report_em\cash_flow_sheet_report_em.parquet,RECEIVE_REINSURE_NET_YOY,disclosure_event,feature_candidate,true_after_notice_date,announcement_pit_context,fundamental_pit_feature_panel,notice_date_plus_1_conservative,NOTICE_DATE governs availability; REPORT_DATE alone is not enough,event_flag|event_age|net_buy_sell_ratio|matched_control_required
cash_flow_sheet_report_em,cn_fundamental_akshare_batch_v1_20260531\aggregated_v1\cash_flow_sheet_report_em\cash_flow_sheet_report_em.parquet,INSURED_INVEST_ADD_YOY,other,feature_candidate,true_after_notice_date,announcement_pit_context,fundamental_pit_feature_panel,notice_date_plus_1_conservative,NOTICE_DATE governs availability; REPORT_DATE alone is not enough,lagged_level|rank_xsection
cash_flow_sheet_report_em,cn_fundamental_akshare_batch_v1_20260531\aggregated_v1\cash_flow_sheet_report_em\cash_flow_sheet_report_em.parquet,DISPOSAL_TFA_ADD_YOY,other,feature_candidate,true_after_notice_date,announcement_pit_context,fundamental_pit_feature_panel,notice_date_plus_1_conservative,NOTICE_DATE governs availability; REPORT_DATE alone is not enough,lagged_level|rank_xsection
cash_flow_sheet_report_em,cn_fundamental_akshare_batch_v1_20260531\aggregated_v1\cash_flow_sheet_report_em\cash_flow_sheet_report_em.parquet,RECEIVE_INTEREST_COMMISSION_YOY,other,feature_candidate,true_after_notice_date,announcement_pit_context,fundamental_pit_feature_panel,notice_date_plus_1_conservative,NOTICE_DATE governs availability; REPORT_DATE alone is not enough,lagged_level|rank_xsection
cash_flow_sheet_report_em,cn_fundamental_akshare_batch_v1_20260531\aggregated_v1\cash_flow_sheet_report_em\cash_flow_sheet_report_em.parquet,BORROW_FUND_ADD_YOY,other,feature_candidate,true_after_notice_date,announcement_pit_context,fundamental_pit_feature_panel,notice_date_plus_1_conservative,NOTICE_DATE governs availability; REPORT_DATE alone is not enough,lagged_level|rank_xsection
cash_flow_sheet_report_em,cn_fundamental_akshare_batch_v1_20260531\aggregated_v1\cash_flow_sheet_report_em\cash_flow_sheet_report_em.parquet,LOAN_ADVANCE_REDUCE_YOY,other,feature_candidate,true_after_notice_date,announcement_pit_context,fundamental_pit_feature_panel,notice_date_plus_1_conservative,NOTICE_DATE governs availability; REPORT_DATE alone is not enough,lagged_level|rank_xsection
cash_flow_sheet_report_em,cn_fundamental_akshare_batch_v1_20260531\aggregated_v1\cash_flow_sheet_report_em\cash_flow_sheet_report_em.parquet,REPO_BUSINESS_ADD_YOY,other,feature_candidate,true_after_notice_date,announcement_pit_context,fundamental_pit_feature_panel,notice_date_plus_1_conservative,NOTICE_DATE governs availability; REPORT_DATE alone is not enough,lagged_level|rank_xsection
cash_flow_sheet_report_em,cn_fundamental_akshare_batch_v1_20260531\aggregated_v1\cash_flow_sheet_report_em\cash_flow_sheet_report_em.parquet,RECEIVE_TAX_REFUND_YOY,other,feature_candidate,true_after_notice_date,announcement_pit_context,fundamental_pit_feature_panel,notice_date_plus_1_conservative,NOTICE_DATE governs availability; REPORT_DATE alone is not enough,lagged_level|rank_xsection
cash_flow_sheet_report_em,cn_fundamental_akshare_batch_v1_20260531\aggregated_v1\cash_flow_sheet_report_em\cash_flow_sheet_report_em.parquet,RECEIVE_OTHER_OPERATE_YOY,fundamental,feature_candidate,true_after_notice_date,announcement_pit_context,fundamental_pit_feature_panel,notice_date_plus_1_conservative,NOTICE_DATE governs availability; REPORT_DATE alone is not enough,notice_lagged_latest|quarter_delta|ttm_proxy|rank_xsection|winsorize
cash_flow_sheet_report_em,cn_fundamental_akshare_batch_v1_20260531\aggregated_v1\cash_flow_sheet_report_em\cash_flow_sheet_report_em.parquet,OPERATE_INFLOW_OTHER_YOY,fundamental,feature_candidate,true_after_notice_date,announcement_pit_context,fundamental_pit_feature_panel,notice_date_plus_1_conservative,NOTICE_DATE governs availability; REPORT_DATE alone is not enough,notice_lagged_latest|quarter_delta|ttm_proxy|rank_xsection|winsorize
cash_flow_sheet_report_em,cn_fundamental_akshare_batch_v1_20260531\aggregated_v1\cash_flow_sheet_report_em\cash_flow_sheet_report_em.parquet,OPERATE_INFLOW_BALANCE_YOY,fundamental,feature_candidate,true_after_notice_date,announcement_pit_context,fundamental_pit_feature_panel,notice_date_plus_1_conservative,NOTICE_DATE governs availability; REPORT_DATE alone is not enough,notice_lagged_latest|quarter_delta|ttm_proxy|rank_xsection|winsorize
cash_flow_sheet_report_em,cn_fundamental_akshare_batch_v1_20260531\aggregated_v1\cash_flow_sheet_report_em\cash_flow_sheet_report_em.parquet,TOTAL_OPERATE_INFLOW_YOY,fundamental,feature_candidate,true_after_notice_date,announcement_pit_context,fundamental_pit_feature_panel,notice_date_plus_1_conservative,NOTICE_DATE governs availability; REPORT_DATE alone is not enough,notice_lagged_latest|quarter_delta|ttm_proxy|rank_xsection|winsorize
cash_flow_sheet_report_em,cn_fundamental_akshare_batch_v1_20260531\aggregated_v1\cash_flow_sheet_report_em\cash_flow_sheet_report_em.parquet,BUY_SERVICES_YOY,disclosure_event,feature_candidate,true_after_notice_date,announcement_pit_context,fundamental_pit_feature_panel,notice_date_plus_1_conservative,NOTICE_DATE governs availability; REPORT_DATE alone is not enough,event_flag|event_age|net_buy_sell_ratio|matched_control_required
cash_flow_sheet_report_em,cn_fundamental_akshare_batch_v1_20260531\aggregated_v1\cash_flow_sheet_report_em\cash_flow_sheet_report_em.parquet,LOAN_ADVANCE_ADD_YOY,other,feature_candidate,true_after_notice_date,announcement_pit_context,fundamental_pit_feature_panel,notice_date_plus_1_conservative,NOTICE_DATE governs availability; REPORT_DATE alone is not enough,lagged_level|rank_xsection
cash_flow_sheet_report_em,cn_fundamental_akshare_batch_v1_20260531\aggregated_v1\cash_flow_sheet_report_em\cash_flow_sheet_report_em.parquet,PBC_INTERBANK_ADD_YOY,fundamental,feature_candidate,true_after_notice_date,announcement_pit_context,fundamental_pit_feature_panel,notice_date_plus_1_conservative,NOTICE_DATE governs availability; REPORT_DATE alone is not enough,notice_lagged_latest|quarter_delta|ttm_proxy|rank_xsection|winsorize
cash_flow_sheet_report_em,cn_fundamental_akshare_batch_v1_20260531\aggregated_v1\cash_flow_sheet_report_em\cash_flow_sheet_report_em.parquet,PAY_ORIGIC_COMPENSATE_YOY,fundamental,feature_candidate,true_after_notice_date,announcement_pit_context,fundamental_pit_feature_panel,notice_date_plus_1_conservative,NOTICE_DATE governs availability; REPORT_DATE alone is not enough,notice_lagged_latest|quarter_delta|ttm_proxy|rank_xsection|winsorize
cash_flow_sheet_report_em,cn_fundamental_akshare_batch_v1_20260531\aggregated_v1\cash_flow_sheet_report_em\cash_flow_sheet_report_em.parquet,PAY_INTEREST_COMMISSION_YOY,other,feature_candidate,true_after_notice_date,announcement_pit_context,fundamental_pit_feature_panel,notice_date_plus_1_conservative,NOTICE_DATE governs availability; REPORT_DATE alone is not enough,lagged_level|rank_xsection
cash_flow_sheet_report_em,cn_fundamental_akshare_batch_v1_20260531\aggregated_v1\cash_flow_sheet_report_em\cash_flow_sheet_report_em.parquet,PAY_POLICY_BONUS_YOY,other,feature_candidate,true_after_notice_date,announcement_pit_context,fundamental_pit_feature_panel,notice_date_plus_1_conservative,NOTICE_DATE governs availability; REPORT_DATE alone is not enough,lagged_level|rank_xsection
cash_flow_sheet_report_em,cn_fundamental_akshare_batch_v1_20260531\aggregated_v1\cash_flow_sheet_report_em\cash_flow_sheet_report_em.parquet,PAY_STAFF_CASH_YOY,fundamental,feature_candidate,true_after_notice_date,announcement_pit_context,fundamental_pit_feature_panel,notice_date_plus_1_conservative,NOTICE_DATE governs availability; REPORT_DATE alone is not enough,notice_lagged_latest|quarter_delta|ttm_proxy|rank_xsection|winsorize
cash_flow_sheet_report_em,cn_fundamental_akshare_batch_v1_20260531\aggregated_v1\cash_flow_sheet_report_em\cash_flow_sheet_report_em.parquet,PAY_ALL_TAX_YOY,other,feature_candidate,true_after_notice_date,announcement_pit_context,fundamental_pit_feature_panel,notice_date_plus_1_conservative,NOTICE_DATE governs availability; REPORT_DATE alone is not enough,lagged_level|rank_xsection
cash_flow_sheet_report_em,cn_fundamental_akshare_batch_v1_20260531\aggregated_v1\cash_flow_sheet_report_em\cash_flow_sheet_report_em.parquet,PAY_OTHER_OPERATE_YOY,fundamental,feature_candidate,true_after_notice_date,announcement_pit_context,fundamental_pit_feature_panel,notice_date_plus_1_conservative,NOTICE_DATE governs availability; REPORT_DATE alone is not enough,notice_lagged_latest|quarter_delta|ttm_proxy|rank_xsection|winsorize
cash_flow_sheet_report_em,cn_fundamental_akshare_batch_v1_20260531\aggregated_v1\cash_flow_sheet_report_em\cash_flow_sheet_report_em.parquet,OPERATE_OUTFLOW_OTHER_YOY,fundamental,feature_candidate,true_after_notice_date,announcement_pit_context,fundamental_pit_feature_panel,notice_date_plus_1_conservative,NOTICE_DATE governs availability; REPORT_DATE alone is not enough,notice_lagged_latest|quarter_delta|ttm_proxy|rank_xsection|winsorize
cash_flow_sheet_report_em,cn_fundamental_akshare_batch_v1_20260531\aggregated_v1\cash_flow_sheet_report_em\cash_flow_sheet_report_em.parquet,OPERATE_OUTFLOW_BALANCE_YOY,fundamental,feature_candidate,true_after_notice_date,announcement_pit_context,fundamental_pit_feature_panel,notice_date_plus_1_conservative,NOTICE_DATE governs availability; REPORT_DATE alone is not enough,notice_lagged_latest|quarter_delta|ttm_proxy|rank_xsection|winsorize
cash_flow_sheet_report_em,cn_fundamental_akshare_batch_v1_20260531\aggregated_v1\cash_flow_sheet_report_em\cash_flow_sheet_report_em.parquet,TOTAL_OPERATE_OUTFLOW_YOY,fundamental,feature_candidate,true_after_notice_date,announcement_pit_context,fundamental_pit_feature_panel,notice_date_plus_1_conservative,NOTICE_DATE governs availability; REPORT_DATE alone is not enough,notice_lagged_latest|quarter_delta|ttm_proxy|rank_xsection|winsorize
cash_flow_sheet_report_em,cn_fundamental_akshare_batch_v1_20260531\aggregated_v1\cash_flow_sheet_report_em\cash_flow_sheet_report_em.parquet,OPERATE_NETCASH_OTHER_YOY,fundamental,feature_candidate,true_after_notice_date,announcement_pit_context,fundamental_pit_feature_panel,notice_date_plus_1_conservative,NOTICE_DATE governs availability; REPORT_DATE alone is not enough,notice_lagged_latest|quarter_delta|ttm_proxy|rank_xsection|winsorize
cash_flow_sheet_report_em,cn_fundamental_akshare_batch_v1_20260531\aggregated_v1\cash_flow_sheet_report_em\cash_flow_sheet_report_em.parquet,OPERATE_NETCASH_BALANCE_YOY,fundamental,feature_candidate,true_after_notice_date,announcement_pit_context,fundamental_pit_feature_panel,notice_date_plus_1_conservative,NOTICE_DATE governs availability; REPORT_DATE alone is not enough,notice_lagged_latest|quarter_delta|ttm_proxy|rank_xsection|winsorize
cash_flow_sheet_report_em,cn_fundamental_akshare_batch_v1_20260531\aggregated_v1\cash_flow_sheet_report_em\cash_flow_sheet_report_em.parquet,NETCASH_OPERATE_YOY,fundamental,feature_candidate,true_after_notice_date,announcement_pit_context,fundamental_pit_feature_panel,notice_date_plus_1_conservative,NOTICE_DATE governs availability; REPORT_DATE alone is not enough,notice_lagged_latest|quarter_delta|ttm_proxy|rank_xsection|winsorize
cash_flow_sheet_report_em,cn_fundamental_akshare_batch_v1_20260531\aggregated_v1\cash_flow_sheet_report_em\cash_flow_sheet_report_em.parquet,WITHDRAW_INVEST_YOY,other,feature_candidate,true_after_notice_date,announcement_pit_context,fundamental_pit_feature_panel,notice_date_plus_1_conservative,NOTICE_DATE governs availability; REPORT_DATE alone is not enough,lagged_level|rank_xsection
cash_flow_sheet_report_em,cn_fundamental_akshare_batch_v1_20260531\aggregated_v1\cash_flow_sheet_report_em\cash_flow_sheet_report_em.parquet,RECEIVE_INVEST_INCOME_YOY,fundamental,feature_candidate,true_after_notice_date,announcement_pit_context,fundamental_pit_feature_panel,notice_date_plus_1_conservative,NOTICE_DATE governs availability; REPORT_DATE alone is not enough,notice_lagged_latest|quarter_delta|ttm_proxy|rank_xsection|winsorize
cash_flow_sheet_report_em,cn_fundamental_akshare_batch_v1_20260531\aggregated_v1\cash_flow_sheet_report_em\cash_flow_sheet_report_em.parquet,DISPOSAL_LONG_ASSET_YOY,fundamental,feature_candidate,true_after_notice_date,announcement_pit_context,fundamental_pit_feature_panel,notice_date_plus_1_conservative,NOTICE_DATE governs availability; REPORT_DATE alone is not enough,notice_lagged_latest|quarter_delta|ttm_proxy|rank_xsection|winsorize
cash_flow_sheet_report_em,cn_fundamental_akshare_batch_v1_20260531\aggregated_v1\cash_flow_sheet_report_em\cash_flow_sheet_report_em.parquet,DISPOSAL_SUBSIDIARY_OTHER_YOY,other,feature_candidate,true_after_notice_date,announcement_pit_context,fundamental_pit_feature_panel,notice_date_plus_1_conservative,NOTICE_DATE governs availability; REPORT_DATE alone is not enough,lagged_level|rank_xsection
cash_flow_sheet_report_em,cn_fundamental_akshare_batch_v1_20260531\aggregated_v1\cash_flow_sheet_report_em\cash_flow_sheet_report_em.parquet,REDUCE_PLEDGE_TIMEDEPOSITS_YOY,other,feature_candidate,true_after_notice_date,announcement_pit_context,fundamental_pit_feature_panel,notice_date_plus_1_conservative,NOTICE_DATE governs availability; REPORT_DATE alone is not enough,lagged_level|rank_xsection
cash_flow_sheet_report_em,cn_fundamental_akshare_batch_v1_20260531\aggregated_v1\cash_flow_sheet_report_em\cash_flow_sheet_report_em.parquet,RECEIVE_OTHER_INVEST_YOY,other,feature_candidate,true_after_notice_date,announcement_pit_context,fundamental_pit_feature_panel,notice_date_plus_1_conservative,NOTICE_DATE governs availability; REPORT_DATE alone is not enough,lagged_level|rank_xsection
cash_flow_sheet_report_em,cn_fundamental_akshare_batch_v1_20260531\aggregated_v1\cash_flow_sheet_report_em\cash_flow_sheet_report_em.parquet,INVEST_INFLOW_OTHER_YOY,price_state,feature_candidate,true_after_notice_date,announcement_pit_context,fundamental_pit_feature_panel,notice_date_plus_1_conservative,NOTICE_DATE governs availability; REPORT_DATE alone is not enough,lagged_momentum|mean_reversion|volatility|do_not_use_same_day_close_intraday
cash_flow_sheet_report_em,cn_fundamental_akshare_batch_v1_20260531\aggregated_v1\cash_flow_sheet_report_em\cash_flow_sheet_report_em.parquet,INVEST_INFLOW_BALANCE_YOY,price_state,feature_candidate,true_after_notice_date,announcement_pit_context,fundamental_pit_feature_panel,notice_date_plus_1_conservative,NOTICE_DATE governs availability; REPORT_DATE alone is not enough,lagged_momentum|mean_reversion|volatility|do_not_use_same_day_close_intraday
cash_flow_sheet_report_em,cn_fundamental_akshare_batch_v1_20260531\aggregated_v1\cash_flow_sheet_report_em\cash_flow_sheet_report_em.parquet,TOTAL_INVEST_INFLOW_YOY,price_state,feature_candidate,true_after_notice_date,announcement_pit_context,fundamental_pit_feature_panel,notice_date_plus_1_conservative,NOTICE_DATE governs availability; REPORT_DATE alone is not enough,lagged_momentum|mean_reversion|volatility|do_not_use_same_day_close_intraday
cash_flow_sheet_report_em,cn_fundamental_akshare_batch_v1_20260531\aggregated_v1\cash_flow_sheet_report_em\cash_flow_sheet_report_em.parquet,CONSTRUCT_LONG_ASSET_YOY,fundamental,feature_candidate,true_after_notice_date,announcement_pit_context,fundamental_pit_feature_panel,notice_date_plus_1_conservative,NOTICE_DATE governs availability; REPORT_DATE alone is not enough,notice_lagged_latest|quarter_delta|ttm_proxy|rank_xsection|winsorize
cash_flow_sheet_report_em,cn_fundamental_akshare_batch_v1_20260531\aggregated_v1\cash_flow_sheet_report_em\cash_flow_sheet_report_em.parquet,INVEST_PAY_CASH_YOY,fundamental,feature_candidate,true_after_notice_date,announcement_pit_context,fundamental_pit_feature_panel,notice_date_plus_1_conservative,NOTICE_DATE governs availability; REPORT_DATE alone is not enough,notice_lagged_latest|quarter_delta|ttm_proxy|rank_xsection|winsorize
cash_flow_sheet_report_em,cn_fundamental_akshare_batch_v1_20260531\aggregated_v1\cash_flow_sheet_report_em\cash_flow_sheet_report_em.parquet,PLEDGE_LOAN_ADD_YOY,other,feature_candidate,true_after_notice_date,announcement_pit_context,fundamental_pit_feature_panel,notice_date_plus_1_conservative,NOTICE_DATE governs availability; REPORT_DATE alone is not enough,lagged_level|rank_xsection
cash_flow_sheet_report_em,cn_fundamental_akshare_batch_v1_20260531\aggregated_v1\cash_flow_sheet_report_em\cash_flow_sheet_report_em.parquet,OBTAIN_SUBSIDIARY_OTHER_YOY,other,feature_candidate,true_after_notice_date,announcement_pit_context,fundamental_pit_feature_panel,notice_date_plus_1_conservative,NOTICE_DATE governs availability; REPORT_DATE alone is not enough,lagged_level|rank_xsection
cash_flow_sheet_report_em,cn_fundamental_akshare_batch_v1_20260531\aggregated_v1\cash_flow_sheet_report_em\cash_flow_sheet_report_em.parquet,ADD_PLEDGE_TIMEDEPOSITS_YOY,other,feature_candidate,true_after_notice_date,announcement_pit_context,fundamental_pit_feature_panel,notice_date_plus_1_conservative,NOTICE_DATE governs availability; REPORT_DATE alone is not enough,lagged_level|rank_xsection
cash_flow_sheet_report_em,cn_fundamental_akshare_batch_v1_20260531\aggregated_v1\cash_flow_sheet_report_em\cash_flow_sheet_report_em.parquet,PAY_OTHER_INVEST_YOY,other,feature_candidate,true_after_notice_date,announcement_pit_context,fundamental_pit_feature_panel,notice_date_plus_1_conservative,NOTICE_DATE governs availability; REPORT_DATE alone is not enough,lagged_level|rank_xsection
cash_flow_sheet_report_em,cn_fundamental_akshare_batch_v1_20260531\aggregated_v1\cash_flow_sheet_report_em\cash_flow_sheet_report_em.parquet,INVEST_OUTFLOW_OTHER_YOY,price_state,feature_candidate,true_after_notice_date,announcement_pit_context,fundamental_pit_feature_panel,notice_date_plus_1_conservative,NOTICE_DATE governs availability; REPORT_DATE alone is not enough,lagged_momentum|mean_reversion|volatility|do_not_use_same_day_close_intraday
cash_flow_sheet_report_em,cn_fundamental_akshare_batch_v1_20260531\aggregated_v1\cash_flow_sheet_report_em\cash_flow_sheet_report_em.parquet,INVEST_OUTFLOW_BALANCE_YOY,price_state,feature_candidate,true_after_notice_date,announcement_pit_context,fundamental_pit_feature_panel,notice_date_plus_1_conservative,NOTICE_DATE governs availability; REPORT_DATE alone is not enough,lagged_momentum|mean_reversion|volatility|do_not_use_same_day_close_intraday
cash_flow_sheet_report_em,cn_fundamental_akshare_batch_v1_20260531\aggregated_v1\cash_flow_sheet_report_em\cash_flow_sheet_report_em.parquet,TOTAL_INVEST_OUTFLOW_YOY,price_state,feature_candidate,true_after_notice_date,announcement_pit_context,fundamental_pit_feature_panel,notice_date_plus_1_conservative,NOTICE_DATE governs availability; REPORT_DATE alone is not enough,lagged_momentum|mean_reversion|volatility|do_not_use_same_day_close_intraday
cash_flow_sheet_report_em,cn_fundamental_akshare_batch_v1_20260531\aggregated_v1\cash_flow_sheet_report_em\cash_flow_sheet_report_em.parquet,INVEST_NETCASH_OTHER_YOY,fundamental,feature_candidate,true_after_notice_date,announcement_pit_context,fundamental_pit_feature_panel,notice_date_plus_1_conservative,NOTICE_DATE governs availability; REPORT_DATE alone is not enough,notice_lagged_latest|quarter_delta|ttm_proxy|rank_xsection|winsorize
cash_flow_sheet_report_em,cn_fundamental_akshare_batch_v1_20260531\aggregated_v1\cash_flow_sheet_report_em\cash_flow_sheet_report_em.parquet,INVEST_NETCASH_BALANCE_YOY,fundamental,feature_candidate,true_after_notice_date,announcement_pit_context,fundamental_pit_feature_panel,notice_date_plus_1_conservative,NOTICE_DATE governs availability; REPORT_DATE alone is not enough,notice_lagged_latest|quarter_delta|ttm_proxy|rank_xsection|winsorize
cash_flow_sheet_report_em,cn_fundamental_akshare_batch_v1_20260531\aggregated_v1\cash_flow_sheet_report_em\cash_flow_sheet_report_em.parquet,NETCASH_INVEST_YOY,fundamental,feature_candidate,true_after_notice_date,announcement_pit_context,fundamental_pit_feature_panel,notice_date_plus_1_conservative,NOTICE_DATE governs availability; REPORT_DATE alone is not enough,notice_lagged_latest|quarter_delta|ttm_proxy|rank_xsection|winsorize
cash_flow_sheet_report_em,cn_fundamental_akshare_batch_v1_20260531\aggregated_v1\cash_flow_sheet_report_em\cash_flow_sheet_report_em.parquet,ACCEPT_INVEST_CASH_YOY,fundamental,feature_candidate,true_after_notice_date,announcement_pit_context,fundamental_pit_feature_panel,notice_date_plus_1_conservative,NOTICE_DATE governs availability; REPORT_DATE alone is not enough,notice_lagged_latest|quarter_delta|ttm_proxy|rank_xsection|winsorize
cash_flow_sheet_report_em,cn_fundamental_akshare_batch_v1_20260531\aggregated_v1\cash_flow_sheet_report_em\cash_flow_sheet_report_em.parquet,SUBSIDIARY_ACCEPT_INVEST_YOY,other,feature_candidate,true_after_notice_date,announcement_pit_context,fundamental_pit_feature_panel,notice_date_plus_1_conservative,NOTICE_DATE governs availability; REPORT_DATE alone is not enough,lagged_level|rank_xsection
cash_flow_sheet_report_em,cn_fundamental_akshare_batch_v1_20260531\aggregated_v1\cash_flow_sheet_report_em\cash_flow_sheet_report_em.parquet,RECEIVE_LOAN_CASH_YOY,fundamental,feature_candidate,true_after_notice_date,announcement_pit_context,fundamental_pit_feature_panel,notice_date_plus_1_conservative,NOTICE_DATE governs availability; REPORT_DATE alone is not enough,notice_lagged_latest|quarter_delta|ttm_proxy|rank_xsection|winsorize
cash_flow_sheet_report_em,cn_fundamental_akshare_batch_v1_20260531\aggregated_v1\cash_flow_sheet_report_em\cash_flow_sheet_report_em.parquet,ISSUE_BOND_YOY,other,feature_candidate,true_after_notice_date,announcement_pit_context,fundamental_pit_feature_panel,notice_date_plus_1_conservative,NOTICE_DATE governs availability; REPORT_DATE alone is not enough,lagged_level|rank_xsection
cash_flow_sheet_report_em,cn_fundamental_akshare_batch_v1_20260531\aggregated_v1\cash_flow_sheet_report_em\cash_flow_sheet_report_em.parquet,RECEIVE_OTHER_FINANCE_YOY,other,feature_candidate,true_after_notice_date,announcement_pit_context,fundamental_pit_feature_panel,notice_date_plus_1_conservative,NOTICE_DATE governs availability; REPORT_DATE alone is not enough,lagged_level|rank_xsection
cash_flow_sheet_report_em,cn_fundamental_akshare_batch_v1_20260531\aggregated_v1\cash_flow_sheet_report_em\cash_flow_sheet_report_em.parquet,FINANCE_INFLOW_OTHER_YOY,price_state,feature_candidate,true_after_notice_date,announcement_pit_context,fundamental_pit_feature_panel,notice_date_plus_1_conservative,NOTICE_DATE governs availability; REPORT_DATE alone is not enough,lagged_momentum|mean_reversion|volatility|do_not_use_same_day_close_intraday
cash_flow_sheet_report_em,cn_fundamental_akshare_batch_v1_20260531\aggregated_v1\cash_flow_sheet_report_em\cash_flow_sheet_report_em.parquet,FINANCE_INFLOW_BALANCE_YOY,price_state,feature_candidate,true_after_notice_date,announcement_pit_context,fundamental_pit_feature_panel,notice_date_plus_1_conservative,NOTICE_DATE governs availability; REPORT_DATE alone is not enough,lagged_momentum|mean_reversion|volatility|do_not_use_same_day_close_intraday
cash_flow_sheet_report_em,cn_fundamental_akshare_batch_v1_20260531\aggregated_v1\cash_flow_sheet_report_em\cash_flow_sheet_report_em.parquet,TOTAL_FINANCE_INFLOW_YOY,price_state,feature_candidate,true_after_notice_date,announcement_pit_context,fundamental_pit_feature_panel,notice_date_plus_1_conservative,NOTICE_DATE governs availability; REPORT_DATE alone is not enough,lagged_momentum|mean_reversion|volatility|do_not_use_same_day_close_intraday
cash_flow_sheet_report_em,cn_fundamental_akshare_batch_v1_20260531\aggregated_v1\cash_flow_sheet_report_em\cash_flow_sheet_report_em.parquet,PAY_DEBT_CASH_YOY,fundamental,feature_candidate,true_after_notice_date,announcement_pit_context,fundamental_pit_feature_panel,notice_date_plus_1_conservative,NOTICE_DATE governs availability; REPORT_DATE alone is not enough,notice_lagged_latest|quarter_delta|ttm_proxy|rank_xsection|winsorize
cash_flow_sheet_report_em,cn_fundamental_akshare_batch_v1_20260531\aggregated_v1\cash_flow_sheet_report_em\cash_flow_sheet_report_em.parquet,ASSIGN_DIVIDEND_PORFIT_YOY,other,feature_candidate,true_after_notice_date,announcement_pit_context,fundamental_pit_feature_panel,notice_date_plus_1_conservative,NOTICE_DATE governs availability; REPORT_DATE alone is not enough,lagged_level|rank_xsection
cash_flow_sheet_report_em,cn_fundamental_akshare_batch_v1_20260531\aggregated_v1\cash_flow_sheet_report_em\cash_flow_sheet_report_em.parquet,SUBSIDIARY_PAY_DIVIDEND_YOY,other,feature_candidate,true_after_notice_date,announcement_pit_context,fundamental_pit_feature_panel,notice_date_plus_1_conservative,NOTICE_DATE governs availability; REPORT_DATE alone is not enough,lagged_level|rank_xsection
cash_flow_sheet_report_em,cn_fundamental_akshare_batch_v1_20260531\aggregated_v1\cash_flow_sheet_report_em\cash_flow_sheet_report_em.parquet,BUY_SUBSIDIARY_EQUITY_YOY,disclosure_event,feature_candidate,true_after_notice_date,announcement_pit_context,fundamental_pit_feature_panel,notice_date_plus_1_conservative,NOTICE_DATE governs availability; REPORT_DATE alone is not enough,event_flag|event_age|net_buy_sell_ratio|matched_control_required
cash_flow_sheet_report_em,cn_fundamental_akshare_batch_v1_20260531\aggregated_v1\cash_flow_sheet_report_em\cash_flow_sheet_report_em.parquet,PAY_OTHER_FINANCE_YOY,other,feature_candidate,true_after_notice_date,announcement_pit_context,fundamental_pit_feature_panel,notice_date_plus_1_conservative,NOTICE_DATE governs availability; REPORT_DATE alone is not enough,lagged_level|rank_xsection
cash_flow_sheet_report_em,cn_fundamental_akshare_batch_v1_20260531\aggregated_v1\cash_flow_sheet_report_em\cash_flow_sheet_report_em.parquet,SUBSIDIARY_REDUCE_CASH_YOY,fundamental,feature_candidate,true_after_notice_date,announcement_pit_context,fundamental_pit_feature_panel,notice_date_plus_1_conservative,NOTICE_DATE governs availability; REPORT_DATE alone is not enough,notice_lagged_latest|quarter_delta|ttm_proxy|rank_xsection|winsorize
cash_flow_sheet_report_em,cn_fundamental_akshare_batch_v1_20260531\aggregated_v1\cash_flow_sheet_report_em\cash_flow_sheet_report_em.parquet,FINANCE_OUTFLOW_OTHER_YOY,price_state,feature_candidate,true_after_notice_date,announcement_pit_context,fundamental_pit_feature_panel,notice_date_plus_1_conservative,NOTICE_DATE governs availability; REPORT_DATE alone is not enough,lagged_momentum|mean_reversion|volatility|do_not_use_same_day_close_intraday
cash_flow_sheet_report_em,cn_fundamental_akshare_batch_v1_20260531\aggregated_v1\cash_flow_sheet_report_em\cash_flow_sheet_report_em.parquet,FINANCE_OUTFLOW_BALANCE_YOY,price_state,feature_candidate,true_after_notice_date,announcement_pit_context,fundamental_pit_feature_panel,notice_date_plus_1_conservative,NOTICE_DATE governs availability; REPORT_DATE alone is not enough,lagged_momentum|mean_reversion|volatility|do_not_use_same_day_close_intraday
cash_flow_sheet_report_em,cn_fundamental_akshare_batch_v1_20260531\aggregated_v1\cash_flow_sheet_report_em\cash_flow_sheet_report_em.parquet,TOTAL_FINANCE_OUTFLOW_YOY,price_state,feature_candidate,true_after_notice_date,announcement_pit_context,fundamental_pit_feature_panel,notice_date_plus_1_conservative,NOTICE_DATE governs availability; REPORT_DATE alone is not enough,lagged_momentum|mean_reversion|volatility|do_not_use_same_day_close_intraday
cash_flow_sheet_report_em,cn_fundamental_akshare_batch_v1_20260531\aggregated_v1\cash_flow_sheet_report_em\cash_flow_sheet_report_em.parquet,FINANCE_NETCASH_OTHER_YOY,fundamental,feature_candidate,true_after_notice_date,announcement_pit_context,fundamental_pit_feature_panel,notice_date_plus_1_conservative,NOTICE_DATE governs availability; REPORT_DATE alone is not enough,notice_lagged_latest|quarter_delta|ttm_proxy|rank_xsection|winsorize
cash_flow_sheet_report_em,cn_fundamental_akshare_batch_v1_20260531\aggregated_v1\cash_flow_sheet_report_em\cash_flow_sheet_report_em.parquet,FINANCE_NETCASH_BALANCE_YOY,fundamental,feature_candidate,true_after_notice_date,announcement_pit_context,fundamental_pit_feature_panel,notice_date_plus_1_conservative,NOTICE_DATE governs availability; REPORT_DATE alone is not enough,notice_lagged_latest|quarter_delta|ttm_proxy|rank_xsection|winsorize
cash_flow_sheet_report_em,cn_fundamental_akshare_batch_v1_20260531\aggregated_v1\cash_flow_sheet_report_em\cash_flow_sheet_report_em.parquet,NETCASH_FINANCE_YOY,fundamental,feature_candidate,true_after_notice_date,announcement_pit_context,fundamental_pit_feature_panel,notice_date_plus_1_conservative,NOTICE_DATE governs availability; REPORT_DATE alone is not enough,notice_lagged_latest|quarter_delta|ttm_proxy|rank_xsection|winsorize
cash_flow_sheet_report_em,cn_fundamental_akshare_batch_v1_20260531\aggregated_v1\cash_flow_sheet_report_em\cash_flow_sheet_report_em.parquet,RATE_CHANGE_EFFECT_YOY,price_state,feature_candidate,true_after_notice_date,announcement_pit_context,fundamental_pit_feature_panel,notice_date_plus_1_conservative,NOTICE_DATE governs availability; REPORT_DATE alone is not enough,lagged_momentum|mean_reversion|volatility|do_not_use_same_day_close_intraday
cash_flow_sheet_report_em,cn_fundamental_akshare_batch_v1_20260531\aggregated_v1\cash_flow_sheet_report_em\cash_flow_sheet_report_em.parquet,CCE_ADD_OTHER_YOY,other,feature_candidate,true_after_notice_date,announcement_pit_context,fundamental_pit_feature_panel,notice_date_plus_1_conservative,NOTICE_DATE governs availability; REPORT_DATE alone is not enough,lagged_level|rank_xsection
cash_flow_sheet_report_em,cn_fundamental_akshare_batch_v1_20260531\aggregated_v1\cash_flow_sheet_report_em\cash_flow_sheet_report_em.parquet,CCE_ADD_BALANCE_YOY,other,feature_candidate,true_after_notice_date,announcement_pit_context,fundamental_pit_feature_panel,notice_date_plus_1_conservative,NOTICE_DATE governs availability; REPORT_DATE alone is not enough,lagged_level|rank_xsection
cash_flow_sheet_report_em,cn_fundamental_akshare_batch_v1_20260531\aggregated_v1\cash_flow_sheet_report_em\cash_flow_sheet_report_em.parquet,CCE_ADD_YOY,other,feature_candidate,true_after_notice_date,announcement_pit_context,fundamental_pit_feature_panel,notice_date_plus_1_conservative,NOTICE_DATE governs availability; REPORT_DATE alone is not enough,lagged_level|rank_xsection
cash_flow_sheet_report_em,cn_fundamental_akshare_batch_v1_20260531\aggregated_v1\cash_flow_sheet_report_em\cash_flow_sheet_report_em.parquet,BEGIN_CCE_YOY,other,feature_candidate,true_after_notice_date,announcement_pit_context,fundamental_pit_feature_panel,notice_date_plus_1_conservative,NOTICE_DATE governs availability; REPORT_DATE alone is not enough,lagged_level|rank_xsection
cash_flow_sheet_report_em,cn_fundamental_akshare_batch_v1_20260531\aggregated_v1\cash_flow_sheet_report_em\cash_flow_sheet_report_em.parquet,END_CCE_OTHER_YOY,other,feature_candidate,true_after_notice_date,announcement_pit_context,fundamental_pit_feature_panel,notice_date_plus_1_conservative,NOTICE_DATE governs availability; REPORT_DATE alone is not enough,lagged_level|rank_xsection
cash_flow_sheet_report_em,cn_fundamental_akshare_batch_v1_20260531\aggregated_v1\cash_flow_sheet_report_em\cash_flow_sheet_report_em.parquet,END_CCE_BALANCE_YOY,other,feature_candidate,true_after_notice_date,announcement_pit_context,fundamental_pit_feature_panel,notice_date_plus_1_conservative,NOTICE_DATE governs availability; REPORT_DATE alone is not enough,lagged_level|rank_xsection
cash_flow_sheet_report_em,cn_fundamental_akshare_batch_v1_20260531\aggregated_v1\cash_flow_sheet_report_em\cash_flow_sheet_report_em.parquet,END_CCE_YOY,other,feature_candidate,true_after_notice_date,announcement_pit_context,fundamental_pit_feature_panel,notice_date_plus_1_conservative,NOTICE_DATE governs availability; REPORT_DATE alone is not enough,lagged_level|rank_xsection
cash_flow_sheet_report_em,cn_fundamental_akshare_batch_v1_20260531\aggregated_v1\cash_flow_sheet_report_em\cash_flow_sheet_report_em.parquet,NETPROFIT_YOY,fundamental,feature_candidate,true_after_notice_date,announcement_pit_context,fundamental_pit_feature_panel,notice_date_plus_1_conservative,NOTICE_DATE governs availability; REPORT_DATE alone is not enough,notice_lagged_latest|quarter_delta|ttm_proxy|rank_xsection|winsorize
cash_flow_sheet_report_em,cn_fundamental_akshare_batch_v1_20260531\aggregated_v1\cash_flow_sheet_report_em\cash_flow_sheet_report_em.parquet,ASSET_IMPAIRMENT_YOY,fundamental,feature_candidate,true_after_notice_date,announcement_pit_context,fundamental_pit_feature_panel,notice_date_plus_1_conservative,NOTICE_DATE governs availability; REPORT_DATE alone is not enough,notice_lagged_latest|quarter_delta|ttm_proxy|rank_xsection|winsorize
cash_flow_sheet_report_em,cn_fundamental_akshare_batch_v1_20260531\aggregated_v1\cash_flow_sheet_report_em\cash_flow_sheet_report_em.parquet,FA_IR_DEPR_YOY,other,feature_candidate,true_after_notice_date,announcement_pit_context,fundamental_pit_feature_panel,notice_date_plus_1_conservative,NOTICE_DATE governs availability; REPORT_DATE alone is not enough,lagged_level|rank_xsection
cash_flow_sheet_report_em,cn_fundamental_akshare_batch_v1_20260531\aggregated_v1\cash_flow_sheet_report_em\cash_flow_sheet_report_em.parquet,OILGAS_BIOLOGY_DEPR_YOY,other,feature_candidate,true_after_notice_date,announcement_pit_context,fundamental_pit_feature_panel,notice_date_plus_1_conservative,NOTICE_DATE governs availability; REPORT_DATE alone is not enough,lagged_level|rank_xsection
cash_flow_sheet_report_em,cn_fundamental_akshare_batch_v1_20260531\aggregated_v1\cash_flow_sheet_report_em\cash_flow_sheet_report_em.parquet,IR_DEPR_YOY,other,feature_candidate,true_after_notice_date,announcement_pit_context,fundamental_pit_feature_panel,notice_date_plus_1_conservative,NOTICE_DATE governs availability; REPORT_DATE alone is not enough,lagged_level|rank_xsection
cash_flow_sheet_report_em,cn_fundamental_akshare_batch_v1_20260531\aggregated_v1\cash_flow_sheet_report_em\cash_flow_sheet_report_em.parquet,IA_AMORTIZE_YOY,other,feature_candidate,true_after_notice_date,announcement_pit_context,fundamental_pit_feature_panel,notice_date_plus_1_conservative,NOTICE_DATE governs availability; REPORT_DATE alone is not enough,lagged_level|rank_xsection
cash_flow_sheet_report_em,cn_fundamental_akshare_batch_v1_20260531\aggregated_v1\cash_flow_sheet_report_em\cash_flow_sheet_report_em.parquet,LPE_AMORTIZE_YOY,fundamental,feature_candidate,true_after_notice_date,announcement_pit_context,fundamental_pit_feature_panel,notice_date_plus_1_conservative,NOTICE_DATE governs availability; REPORT_DATE alone is not enough,notice_lagged_latest|quarter_delta|ttm_proxy|rank_xsection|winsorize
cash_flow_sheet_report_em,cn_fundamental_akshare_batch_v1_20260531\aggregated_v1\cash_flow_sheet_report_em\cash_flow_sheet_report_em.parquet,DEFER_INCOME_AMORTIZE_YOY,fundamental,feature_candidate,true_after_notice_date,announcement_pit_context,fundamental_pit_feature_panel,notice_date_plus_1_conservative,NOTICE_DATE governs availability; REPORT_DATE alone is not enough,notice_lagged_latest|quarter_delta|ttm_proxy|rank_xsection|winsorize
cash_flow_sheet_report_em,cn_fundamental_akshare_batch_v1_20260531\aggregated_v1\cash_flow_sheet_report_em\cash_flow_sheet_report_em.parquet,PREPAID_EXPENSE_REDUCE_YOY,fundamental,feature_candidate,true_after_notice_date,announcement_pit_context,fundamental_pit_feature_panel,notice_date_plus_1_conservative,NOTICE_DATE governs availability; REPORT_DATE alone is not enough,notice_lagged_latest|quarter_delta|ttm_proxy|rank_xsection|winsorize
cash_flow_sheet_report_em,cn_fundamental_akshare_batch_v1_20260531\aggregated_v1\cash_flow_sheet_report_em\cash_flow_sheet_report_em.parquet,ACCRUED_EXPENSE_ADD_YOY,fundamental,feature_candidate,true_after_notice_date,announcement_pit_context,fundamental_pit_feature_panel,notice_date_plus_1_conservative,NOTICE_DATE governs availability; REPORT_DATE alone is not enough,notice_lagged_latest|quarter_delta|ttm_proxy|rank_xsection|winsorize
cash_flow_sheet_report_em,cn_fundamental_akshare_batch_v1_20260531\aggregated_v1\cash_flow_sheet_report_em\cash_flow_sheet_report_em.parquet,DISPOSAL_LONGASSET_LOSS_YOY,fundamental,feature_candidate,true_after_notice_date,announcement_pit_context,fundamental_pit_feature_panel,notice_date_plus_1_conservative,NOTICE_DATE governs availability; REPORT_DATE alone is not enough,notice_lagged_latest|quarter_delta|ttm_proxy|rank_xsection|winsorize
cash_flow_sheet_report_em,cn_fundamental_akshare_batch_v1_20260531\aggregated_v1\cash_flow_sheet_report_em\cash_flow_sheet_report_em.parquet,FA_SCRAP_LOSS_YOY,other,feature_candidate,true_after_notice_date,announcement_pit_context,fundamental_pit_feature_panel,notice_date_plus_1_conservative,NOTICE_DATE governs availability; REPORT_DATE alone is not enough,lagged_level|rank_xsection
cash_flow_sheet_report_em,cn_fundamental_akshare_batch_v1_20260531\aggregated_v1\cash_flow_sheet_report_em\cash_flow_sheet_report_em.parquet,FAIRVALUE_CHANGE_LOSS_YOY,price_state,feature_candidate,true_after_notice_date,announcement_pit_context,fundamental_pit_feature_panel,notice_date_plus_1_conservative,NOTICE_DATE governs availability; REPORT_DATE alone is not enough,lagged_momentum|mean_reversion|volatility|do_not_use_same_day_close_intraday
cash_flow_sheet_report_em,cn_fundamental_akshare_batch_v1_20260531\aggregated_v1\cash_flow_sheet_report_em\cash_flow_sheet_report_em.parquet,FINANCE_EXPENSE_YOY,fundamental,feature_candidate,true_after_notice_date,announcement_pit_context,fundamental_pit_feature_panel,notice_date_plus_1_conservative,NOTICE_DATE governs availability; REPORT_DATE alone is not enough,notice_lagged_latest|quarter_delta|ttm_proxy|rank_xsection|winsorize
cash_flow_sheet_report_em,cn_fundamental_akshare_batch_v1_20260531\aggregated_v1\cash_flow_sheet_report_em\cash_flow_sheet_report_em.parquet,INVEST_LOSS_YOY,other,feature_candidate,true_after_notice_date,announcement_pit_context,fundamental_pit_feature_panel,notice_date_plus_1_conservative,NOTICE_DATE governs availability; REPORT_DATE alone is not enough,lagged_level|rank_xsection
cash_flow_sheet_report_em,cn_fundamental_akshare_batch_v1_20260531\aggregated_v1\cash_flow_sheet_report_em\cash_flow_sheet_report_em.parquet,DEFER_TAX_YOY,other,feature_candidate,true_after_notice_date,announcement_pit_context,fundamental_pit_feature_panel,notice_date_plus_1_conservative,NOTICE_DATE governs availability; REPORT_DATE alone is not enough,lagged_level|rank_xsection
cash_flow_sheet_report_em,cn_fundamental_akshare_batch_v1_20260531\aggregated_v1\cash_flow_sheet_report_em\cash_flow_sheet_report_em.parquet,DT_ASSET_REDUCE_YOY,limit_event,feature_candidate,true_after_notice_date,announcement_pit_context,fundamental_pit_feature_panel,notice_date_plus_1_conservative,NOTICE_DATE governs availability; REPORT_DATE alone is not enough,lagged_level|rank_xsection
cash_flow_sheet_report_em,cn_fundamental_akshare_batch_v1_20260531\aggregated_v1\cash_flow_sheet_report_em\cash_flow_sheet_report_em.parquet,DT_LIAB_ADD_YOY,limit_event,feature_candidate,true_after_notice_date,announcement_pit_context,fundamental_pit_feature_panel,notice_date_plus_1_conservative,NOTICE_DATE governs availability; REPORT_DATE alone is not enough,lagged_level|rank_xsection
cash_flow_sheet_report_em,cn_fundamental_akshare_batch_v1_20260531\aggregated_v1\cash_flow_sheet_report_em\cash_flow_sheet_report_em.parquet,PREDICT_LIAB_ADD_YOY,fundamental,feature_candidate,true_after_notice_date,announcement_pit_context,fundamental_pit_feature_panel,notice_date_plus_1_conservative,NOTICE_DATE governs availability; REPORT_DATE alone is not enough,notice_lagged_latest|quarter_delta|ttm_proxy|rank_xsection|winsorize
cash_flow_sheet_report_em,cn_fundamental_akshare_batch_v1_20260531\aggregated_v1\cash_flow_sheet_report_em\cash_flow_sheet_report_em.parquet,INVENTORY_REDUCE_YOY,fundamental,feature_candidate,true_after_notice_date,announcement_pit_context,fundamental_pit_feature_panel,notice_date_plus_1_conservative,NOTICE_DATE governs availability; REPORT_DATE alone is not enough,notice_lagged_latest|quarter_delta|ttm_proxy|rank_xsection|winsorize
cash_flow_sheet_report_em,cn_fundamental_akshare_batch_v1_20260531\aggregated_v1\cash_flow_sheet_report_em\cash_flow_sheet_report_em.parquet,OPERATE_RECE_REDUCE_YOY,fundamental,feature_candidate,true_after_notice_date,announcement_pit_context,fundamental_pit_feature_panel,notice_date_plus_1_conservative,NOTICE_DATE governs availability; REPORT_DATE alone is not enough,notice_lagged_latest|quarter_delta|ttm_proxy|rank_xsection|winsorize
cash_flow_sheet_report_em,cn_fundamental_akshare_batch_v1_20260531\aggregated_v1\cash_flow_sheet_report_em\cash_flow_sheet_report_em.parquet,OPERATE_PAYABLE_ADD_YOY,fundamental,feature_candidate,true_after_notice_date,announcement_pit_context,fundamental_pit_feature_panel,notice_date_plus_1_conservative,NOTICE_DATE governs availability; REPORT_DATE alone is not enough,notice_lagged_latest|quarter_delta|ttm_proxy|rank_xsection|winsorize
cash_flow_sheet_report_em,cn_fundamental_akshare_batch_v1_20260531\aggregated_v1\cash_flow_sheet_report_em\cash_flow_sheet_report_em.parquet,OTHER_YOY,other,feature_candidate,true_after_notice_date,announcement_pit_context,fundamental_pit_feature_panel,notice_date_plus_1_conservative,NOTICE_DATE governs availability; REPORT_DATE alone is not enough,lagged_level|rank_xsection
cash_flow_sheet_report_em,cn_fundamental_akshare_batch_v1_20260531\aggregated_v1\cash_flow_sheet_report_em\cash_flow_sheet_report_em.parquet,OPERATE_NETCASH_OTHERNOTE_YOY,fundamental,feature_candidate,true_after_notice_date,announcement_pit_context,fundamental_pit_feature_panel,notice_date_plus_1_conservative,NOTICE_DATE governs availability; REPORT_DATE alone is not enough,notice_lagged_latest|quarter_delta|ttm_proxy|rank_xsection|winsorize
cash_flow_sheet_report_em,cn_fundamental_akshare_batch_v1_20260531\aggregated_v1\cash_flow_sheet_report_em\cash_flow_sheet_report_em.parquet,OPERATE_NETCASH_BALANCENOTE_YOY,fundamental,feature_candidate,true_after_notice_date,announcement_pit_context,fundamental_pit_feature_panel,notice_date_plus_1_conservative,NOTICE_DATE governs availability; REPORT_DATE alone is not enough,notice_lagged_latest|quarter_delta|ttm_proxy|rank_xsection|winsorize
cash_flow_sheet_report_em,cn_fundamental_akshare_batch_v1_20260531\aggregated_v1\cash_flow_sheet_report_em\cash_flow_sheet_report_em.parquet,NETCASH_OPERATENOTE_YOY,fundamental,feature_candidate,true_after_notice_date,announcement_pit_context,fundamental_pit_feature_panel,notice_date_plus_1_conservative,NOTICE_DATE governs availability; REPORT_DATE alone is not enough,notice_lagged_latest|quarter_delta|ttm_proxy|rank_xsection|winsorize
cash_flow_sheet_report_em,cn_fundamental_akshare_batch_v1_20260531\aggregated_v1\cash_flow_sheet_report_em\cash_flow_sheet_report_em.parquet,DEBT_TRANSFER_CAPITAL_YOY,fundamental,feature_candidate,true_after_notice_date,announcement_pit_context,fundamental_pit_feature_panel,notice_date_plus_1_conservative,NOTICE_DATE governs availability; REPORT_DATE alone is not enough,notice_lagged_latest|quarter_delta|ttm_proxy|rank_xsection|winsorize
cash_flow_sheet_report_em,cn_fundamental_akshare_batch_v1_20260531\aggregated_v1\cash_flow_sheet_report_em\cash_flow_sheet_report_em.parquet,CONVERT_BOND_1YEAR_YOY,other,feature_candidate,true_after_notice_date,announcement_pit_context,fundamental_pit_feature_panel,notice_date_plus_1_conservative,NOTICE_DATE governs availability; REPORT_DATE alone is not enough,lagged_level|rank_xsection
cash_flow_sheet_report_em,cn_fundamental_akshare_batch_v1_20260531\aggregated_v1\cash_flow_sheet_report_em\cash_flow_sheet_report_em.parquet,FINLEASE_OBTAIN_FA_YOY,other,feature_candidate,true_after_notice_date,announcement_pit_context,fundamental_pit_feature_panel,notice_date_plus_1_conservative,NOTICE_DATE governs availability; REPORT_DATE alone is not enough,lagged_level|rank_xsection
cash_flow_sheet_report_em,cn_fundamental_akshare_batch_v1_20260531\aggregated_v1\cash_flow_sheet_report_em\cash_flow_sheet_report_em.parquet,UNINVOLVE_INVESTFIN_OTHER_YOY,other,feature_candidate,true_after_notice_date,announcement_pit_context,fundamental_pit_feature_panel,notice_date_plus_1_conservative,NOTICE_DATE governs availability; REPORT_DATE alone is not enough,lagged_level|rank_xsection
cash_flow_sheet_report_em,cn_fundamental_akshare_batch_v1_20260531\aggregated_v1\cash_flow_sheet_report_em\cash_flow_sheet_report_em.parquet,END_CASH_YOY,fundamental,feature_candidate,true_after_notice_date,announcement_pit_context,fundamental_pit_feature_panel,notice_date_plus_1_conservative,NOTICE_DATE governs availability; REPORT_DATE alone is not enough,notice_lagged_latest|quarter_delta|ttm_proxy|rank_xsection|winsorize
cash_flow_sheet_report_em,cn_fundamental_akshare_batch_v1_20260531\aggregated_v1\cash_flow_sheet_report_em\cash_flow_sheet_report_em.parquet,BEGIN_CASH_YOY,fundamental,feature_candidate,true_after_notice_date,announcement_pit_context,fundamental_pit_feature_panel,notice_date_plus_1_conservative,NOTICE_DATE governs availability; REPORT_DATE alone is not enough,notice_lagged_latest|quarter_delta|ttm_proxy|rank_xsection|winsorize
cash_flow_sheet_report_em,cn_fundamental_akshare_batch_v1_20260531\aggregated_v1\cash_flow_sheet_report_em\cash_flow_sheet_report_em.parquet,END_CASH_EQUIVALENTS_YOY,fundamental,feature_candidate,true_after_notice_date,announcement_pit_context,fundamental_pit_feature_panel,notice_date_plus_1_conservative,NOTICE_DATE governs availability; REPORT_DATE alone is not enough,notice_lagged_latest|quarter_delta|ttm_proxy|rank_xsection|winsorize
cash_flow_sheet_report_em,cn_fundamental_akshare_batch_v1_20260531\aggregated_v1\cash_flow_sheet_report_em\cash_flow_sheet_report_em.parquet,BEGIN_CASH_EQUIVALENTS_YOY,fundamental,feature_candidate,true_after_notice_date,announcement_pit_context,fundamental_pit_feature_panel,notice_date_plus_1_conservative,NOTICE_DATE governs availability; REPORT_DATE alone is not enough,notice_lagged_latest|quarter_delta|ttm_proxy|rank_xsection|winsorize
cash_flow_sheet_report_em,cn_fundamental_akshare_batch_v1_20260531\aggregated_v1\cash_flow_sheet_report_em\cash_flow_sheet_report_em.parquet,CCE_ADD_OTHERNOTE_YOY,other,feature_candidate,true_after_notice_date,announcement_pit_context,fundamental_pit_feature_panel,notice_date_plus_1_conservative,NOTICE_DATE governs availability; REPORT_DATE alone is not enough,lagged_level|rank_xsection
cash_flow_sheet_report_em,cn_fundamental_akshare_batch_v1_20260531\aggregated_v1\cash_flow_sheet_report_em\cash_flow_sheet_report_em.parquet,CCE_ADD_BALANCENOTE_YOY,other,feature_candidate,true_after_notice_date,announcement_pit_context,fundamental_pit_feature_panel,notice_date_plus_1_conservative,NOTICE_DATE governs availability; REPORT_DATE alone is not enough,lagged_level|rank_xsection
cash_flow_sheet_report_em,cn_fundamental_akshare_batch_v1_20260531\aggregated_v1\cash_flow_sheet_report_em\cash_flow_sheet_report_em.parquet,CCE_ADDNOTE_YOY,other,feature_candidate,true_after_notice_date,announcement_pit_context,fundamental_pit_feature_panel,notice_date_plus_1_conservative,NOTICE_DATE governs availability; REPORT_DATE alone is not enough,lagged_level|rank_xsection
cash_flow_sheet_report_em,cn_fundamental_akshare_batch_v1_20260531\aggregated_v1\cash_flow_sheet_report_em\cash_flow_sheet_report_em.parquet,OPINION_TYPE,fundamental,feature_candidate,true_after_notice_date,announcement_pit_context,fundamental_pit_feature_panel,notice_date_plus_1_conservative,NOTICE_DATE governs availability; REPORT_DATE alone is not enough,notice_lagged_latest|quarter_delta|ttm_proxy|rank_xsection|winsorize
cash_flow_sheet_report_em,cn_fundamental_akshare_batch_v1_20260531\aggregated_v1\cash_flow_sheet_report_em\cash_flow_sheet_report_em.parquet,OSOPINION_TYPE,fundamental,feature_candidate,true_after_notice_date,announcement_pit_context,fundamental_pit_feature_panel,notice_date_plus_1_conservative,NOTICE_DATE governs availability; REPORT_DATE alone is not enough,notice_lagged_latest|quarter_delta|ttm_proxy|rank_xsection|winsorize
cash_flow_sheet_report_em,cn_fundamental_akshare_batch_v1_20260531\aggregated_v1\cash_flow_sheet_report_em\cash_flow_sheet_report_em.parquet,MINORITY_INTEREST,other,feature_candidate,true_after_notice_date,announcement_pit_context,fundamental_pit_feature_panel,notice_date_plus_1_conservative,NOTICE_DATE governs availability; REPORT_DATE alone is not enough,lagged_level|rank_xsection
cash_flow_sheet_report_em,cn_fundamental_akshare_batch_v1_20260531\aggregated_v1\cash_flow_sheet_report_em\cash_flow_sheet_report_em.parquet,MINORITY_INTEREST_YOY,other,feature_candidate,true_after_notice_date,announcement_pit_context,fundamental_pit_feature_panel,notice_date_plus_1_conservative,NOTICE_DATE governs availability; REPORT_DATE alone is not enough,lagged_level|rank_xsection
cash_flow_sheet_report_em,cn_fundamental_akshare_batch_v1_20260531\aggregated_v1\cash_flow_sheet_report_em\cash_flow_sheet_report_em.parquet,USERIGHT_ASSET_AMORTIZE,fundamental,feature_candidate,true_after_notice_date,announcement_pit_context,fundamental_pit_feature_panel,notice_date_plus_1_conservative,NOTICE_DATE governs availability; REPORT_DATE alone is not enough,notice_lagged_latest|quarter_delta|ttm_proxy|rank_xsection|winsorize
cash_flow_sheet_report_em,cn_fundamental_akshare_batch_v1_20260531\aggregated_v1\cash_flow_sheet_report_em\cash_flow_sheet_report_em.parquet,USERIGHT_ASSET_AMORTIZE_YOY,fundamental,feature_candidate,true_after_notice_date,announcement_pit_context,fundamental_pit_feature_panel,notice_date_plus_1_conservative,NOTICE_DATE governs availability; REPORT_DATE alone is not enough,notice_lagged_latest|quarter_delta|ttm_proxy|rank_xsection|winsorize
cash_flow_sheet_report_em,cn_fundamental_akshare_batch_v1_20260531\aggregated_v1\cash_flow_sheet_report_em\cash_flow_sheet_report_em.parquet,_source_file,other,feature_candidate,true_after_notice_date,announcement_pit_context,fundamental_pit_feature_panel,notice_date_plus_1_conservative,NOTICE_DATE governs availability; REPORT_DATE alone is not enough,lagged_level|rank_xsection
cash_flow_sheet_report_em,cn_fundamental_akshare_batch_v1_20260531\aggregated_v1\cash_flow_sheet_report_em\cash_flow_sheet_report_em.parquet,RECEIVE_TRADE_FINASSET,fundamental,feature_candidate,true_after_notice_date,announcement_pit_context,fundamental_pit_feature_panel,notice_date_plus_1_conservative,NOTICE_DATE governs availability; REPORT_DATE alone is not enough,notice_lagged_latest|quarter_delta|ttm_proxy|rank_xsection|winsorize
cash_flow_sheet_report_em,cn_fundamental_akshare_batch_v1_20260531\aggregated_v1\cash_flow_sheet_report_em\cash_flow_sheet_report_em.parquet,BANKSECURITY_LEND_ADD,other,feature_candidate,true_after_notice_date,announcement_pit_context,fundamental_pit_feature_panel,notice_date_plus_1_conservative,NOTICE_DATE governs availability; REPORT_DATE alone is not enough,lagged_level|rank_xsection
cash_flow_sheet_report_em,cn_fundamental_akshare_batch_v1_20260531\aggregated_v1\cash_flow_sheet_report_em\cash_flow_sheet_report_em.parquet,PBC_INTERBANK_REDUCE,fundamental,feature_candidate,true_after_notice_date,announcement_pit_context,fundamental_pit_feature_panel,notice_date_plus_1_conservative,NOTICE_DATE governs availability; REPORT_DATE alone is not enough,notice_lagged_latest|quarter_delta|ttm_proxy|rank_xsection|winsorize
cash_flow_sheet_report_em,cn_fundamental_akshare_batch_v1_20260531\aggregated_v1\cash_flow_sheet_report_em\cash_flow_sheet_report_em.parquet,BANKSECURITY_REPO_ADD,other,feature_candidate,true_after_notice_date,announcement_pit_context,fundamental_pit_feature_panel,notice_date_plus_1_conservative,NOTICE_DATE governs availability; REPORT_DATE alone is not enough,lagged_level|rank_xsection
cash_flow_sheet_report_em,cn_fundamental_akshare_batch_v1_20260531\aggregated_v1\cash_flow_sheet_report_em\cash_flow_sheet_report_em.parquet,BANKSECURITY_RESALE_REDUCE,other,feature_candidate,true_after_notice_date,announcement_pit_context,fundamental_pit_feature_panel,notice_date_plus_1_conservative,NOTICE_DATE governs availability; REPORT_DATE alone is not enough,lagged_level|rank_xsection
cash_flow_sheet_report_em,cn_fundamental_akshare_batch_v1_20260531\aggregated_v1\cash_flow_sheet_report_em\cash_flow_sheet_report_em.parquet,PAY_REINSURE,other,feature_candidate,true_after_notice_date,announcement_pit_context,fundamental_pit_feature_panel,notice_date_plus_1_conservative,NOTICE_DATE governs availability; REPORT_DATE alone is not enough,lagged_level|rank_xsection
cash_flow_sheet_report_em,cn_fundamental_akshare_batch_v1_20260531\aggregated_v1\cash_flow_sheet_report_em\cash_flow_sheet_report_em.parquet,BANKSECURITY_LEND_REDUCE,other,feature_candidate,true_after_notice_date,announcement_pit_context,fundamental_pit_feature_panel,notice_date_plus_1_conservative,NOTICE_DATE governs availability; REPORT_DATE alone is not enough,lagged_level|rank_xsection
cash_flow_sheet_report_em,cn_fundamental_akshare_batch_v1_20260531\aggregated_v1\cash_flow_sheet_report_em\cash_flow_sheet_report_em.parquet,BANKSECURITY_RESALE_ADD,other,feature_candidate,true_after_notice_date,announcement_pit_context,fundamental_pit_feature_panel,notice_date_plus_1_conservative,NOTICE_DATE governs availability; REPORT_DATE alone is not enough,lagged_level|rank_xsection
cash_flow_sheet_report_em,cn_fundamental_akshare_batch_v1_20260531\aggregated_v1\cash_flow_sheet_report_em\cash_flow_sheet_report_em.parquet,BANKSECURITY_REPO_REDUCE,other,feature_candidate,true_after_notice_date,announcement_pit_context,fundamental_pit_feature_panel,notice_date_plus_1_conservative,NOTICE_DATE governs availability; REPORT_DATE alone is not enough,lagged_level|rank_xsection
cash_flow_sheet_report_em,cn_fundamental_akshare_batch_v1_20260531\aggregated_v1\cash_flow_sheet_report_em\cash_flow_sheet_report_em.parquet,INSURED_INVEST_REDUCE,other,feature_candidate,true_after_notice_date,announcement_pit_context,fundamental_pit_feature_panel,notice_date_plus_1_conservative,NOTICE_DATE governs availability; REPORT_DATE alone is not enough,lagged_level|rank_xsection
cash_flow_sheet_report_em,cn_fundamental_akshare_batch_v1_20260531\aggregated_v1\cash_flow_sheet_report_em\cash_flow_sheet_report_em.parquet,PAY_TRADE_FINASSET,fundamental,feature_candidate,true_after_notice_date,announcement_pit_context,fundamental_pit_feature_panel,notice_date_plus_1_conservative,NOTICE_DATE governs availability; REPORT_DATE alone is not enough,notice_lagged_latest|quarter_delta|ttm_proxy|rank_xsection|winsorize
cash_flow_sheet_report_em,cn_fundamental_akshare_batch_v1_20260531\aggregated_v1\cash_flow_sheet_report_em\cash_flow_sheet_report_em.parquet,RECEIVE_BUY_RESALE,disclosure_event,feature_candidate,true_after_notice_date,announcement_pit_context,fundamental_pit_feature_panel,notice_date_plus_1_conservative,NOTICE_DATE governs availability; REPORT_DATE alone is not enough,event_flag|event_age|net_buy_sell_ratio|matched_control_required
cash_flow_sheet_report_em,cn_fundamental_akshare_batch_v1_20260531\aggregated_v1\cash_flow_sheet_report_em\cash_flow_sheet_report_em.parquet,INSURED_PLA,other,feature_candidate,true_after_notice_date,announcement_pit_context,fundamental_pit_feature_panel,notice_date_plus_1_conservative,NOTICE_DATE governs availability; REPORT_DATE alone is not enough,lagged_level|rank_xsection
cash_flow_sheet_report_em,cn_fundamental_akshare_batch_v1_20260531\aggregated_v1\cash_flow_sheet_report_em\cash_flow_sheet_report_em.parquet,PURCHASE_SUBSIDIARY_OTHER,other,feature_candidate,true_after_notice_date,announcement_pit_context,fundamental_pit_feature_panel,notice_date_plus_1_conservative,NOTICE_DATE governs availability; REPORT_DATE alone is not enough,lagged_level|rank_xsection
cash_flow_sheet_report_em,cn_fundamental_akshare_batch_v1_20260531\aggregated_v1\cash_flow_sheet_report_em\cash_flow_sheet_report_em.parquet,DISPOSAL_SUBSIDIARY_OUTFLOW,price_state,feature_candidate,true_after_notice_date,announcement_pit_context,fundamental_pit_feature_panel,notice_date_plus_1_conservative,NOTICE_DATE governs availability; REPORT_DATE alone is not enough,lagged_momentum|mean_reversion|volatility|do_not_use_same_day_close_intraday
cash_flow_sheet_report_em,cn_fundamental_akshare_batch_v1_20260531\aggregated_v1\cash_flow_sheet_report_em\cash_flow_sheet_report_em.parquet,PAY_BUY_RESALE,disclosure_event,feature_candidate,true_after_notice_date,announcement_pit_context,fundamental_pit_feature_panel,notice_date_plus_1_conservative,NOTICE_DATE governs availability; REPORT_DATE alone is not enough,event_flag|event_age|net_buy_sell_ratio|matched_control_required
cash_flow_sheet_report_em,cn_fundamental_akshare_batch_v1_20260531\aggregated_v1\cash_flow_sheet_report_em\cash_flow_sheet_report_em.parquet,RECEIVE_SELL_REPO,disclosure_event,feature_candidate,true_after_notice_date,announcement_pit_context,fundamental_pit_feature_panel,notice_date_plus_1_conservative,NOTICE_DATE governs availability; REPORT_DATE alone is not enough,event_flag|event_age|net_buy_sell_ratio|matched_control_required
cash_flow_sheet_report_em,cn_fundamental_akshare_batch_v1_20260531\aggregated_v1\cash_flow_sheet_report_em\cash_flow_sheet_report_em.parquet,PAY_SELL_REPO,disclosure_event,feature_candidate,true_after_notice_date,announcement_pit_context,fundamental_pit_feature_panel,notice_date_plus_1_conservative,NOTICE_DATE governs availability; REPORT_DATE alone is not enough,event_flag|event_age|net_buy_sell_ratio|matched_control_required
cash_flow_sheet_report_em,cn_fundamental_akshare_batch_v1_20260531\aggregated_v1\cash_flow_sheet_report_em\cash_flow_sheet_report_em.parquet,PROVISION_PREDICT_LIAB,fundamental,feature_candidate,true_after_notice_date,announcement_pit_context,fundamental_pit_feature_panel,notice_date_plus_1_conservative,NOTICE_DATE governs availability; REPORT_DATE alone is not enough,notice_lagged_latest|quarter_delta|ttm_proxy|rank_xsection|winsorize
cash_flow_sheet_report_em,cn_fundamental_akshare_batch_v1_20260531\aggregated_v1\cash_flow_sheet_report_em\cash_flow_sheet_report_em.parquet,EXTRACT_INSURANCE_RESERVE,other,feature_candidate,true_after_notice_date,announcement_pit_context,fundamental_pit_feature_panel,notice_date_plus_1_conservative,NOTICE_DATE governs availability; REPORT_DATE alone is not enough,lagged_level|rank_xsection
cash_flow_sheet_report_em,cn_fundamental_akshare_batch_v1_20260531\aggregated_v1\cash_flow_sheet_report_em\cash_flow_sheet_report_em.parquet,EXTRACT_UNEXPIRE_RESERVE,other,feature_candidate,true_after_notice_date,announcement_pit_context,fundamental_pit_feature_panel,notice_date_plus_1_conservative,NOTICE_DATE governs availability; REPORT_DATE alone is not enough,lagged_level|rank_xsection
cash_flow_sheet_report_em,cn_fundamental_akshare_batch_v1_20260531\aggregated_v1\cash_flow_sheet_report_em\cash_flow_sheet_report_em.parquet,FIXED_ASSET_DEPR,fundamental,feature_candidate,true_after_notice_date,announcement_pit_context,fundamental_pit_feature_panel,notice_date_plus_1_conservative,NOTICE_DATE governs availability; REPORT_DATE alone is not enough,notice_lagged_latest|quarter_delta|ttm_proxy|rank_xsection|winsorize
cash_flow_sheet_report_em,cn_fundamental_akshare_batch_v1_20260531\aggregated_v1\cash_flow_sheet_report_em\cash_flow_sheet_report_em.parquet,IA_LPE_AMORTIZE,fundamental,feature_candidate,true_after_notice_date,announcement_pit_context,fundamental_pit_feature_panel,notice_date_plus_1_conservative,NOTICE_DATE governs availability; REPORT_DATE alone is not enough,notice_lagged_latest|quarter_delta|ttm_proxy|rank_xsection|winsorize
cash_flow_sheet_report_em,cn_fundamental_akshare_batch_v1_20260531\aggregated_v1\cash_flow_sheet_report_em\cash_flow_sheet_report_em.parquet,LONGASSET_AMORTIZE,fundamental,feature_candidate,true_after_notice_date,announcement_pit_context,fundamental_pit_feature_panel,notice_date_plus_1_conservative,NOTICE_DATE governs availability; REPORT_DATE alone is not enough,notice_lagged_latest|quarter_delta|ttm_proxy|rank_xsection|winsorize
cash_flow_sheet_report_em,cn_fundamental_akshare_batch_v1_20260531\aggregated_v1\cash_flow_sheet_report_em\cash_flow_sheet_report_em.parquet,EXCHANGE_LOSS,price_state,feature_candidate,true_after_notice_date,announcement_pit_context,fundamental_pit_feature_panel,notice_date_plus_1_conservative,NOTICE_DATE governs availability; REPORT_DATE alone is not enough,lagged_momentum|mean_reversion|volatility|do_not_use_same_day_close_intraday
cash_flow_sheet_report_em,cn_fundamental_akshare_batch_v1_20260531\aggregated_v1\cash_flow_sheet_report_em\cash_flow_sheet_report_em.parquet,TRADE_FINASSET_REDUCE,fundamental,feature_candidate,true_after_notice_date,announcement_pit_context,fundamental_pit_feature_panel,notice_date_plus_1_conservative,NOTICE_DATE governs availability; REPORT_DATE alone is not enough,notice_lagged_latest|quarter_delta|ttm_proxy|rank_xsection|winsorize
cash_flow_sheet_report_em,cn_fundamental_akshare_batch_v1_20260531\aggregated_v1\cash_flow_sheet_report_em\cash_flow_sheet_report_em.parquet,FB_OPERATE_NETCASH_OTHER,fundamental,feature_candidate,true_after_notice_date,announcement_pit_context,fundamental_pit_feature_panel,notice_date_plus_1_conservative,NOTICE_DATE governs availability; REPORT_DATE alone is not enough,notice_lagged_latest|quarter_delta|ttm_proxy|rank_xsection|winsorize
cash_flow_sheet_report_em,cn_fundamental_akshare_batch_v1_20260531\aggregated_v1\cash_flow_sheet_report_em\cash_flow_sheet_report_em.parquet,FB_OPERATE_NETCASH_BALANCE,fundamental,feature_candidate,true_after_notice_date,announcement_pit_context,fundamental_pit_feature_panel,notice_date_plus_1_conservative,NOTICE_DATE governs availability; REPORT_DATE alone is not enough,notice_lagged_latest|quarter_delta|ttm_proxy|rank_xsection|winsorize
cash_flow_sheet_report_em,cn_fundamental_akshare_batch_v1_20260531\aggregated_v1\cash_flow_sheet_report_em\cash_flow_sheet_report_em.parquet,FB_NETCASH_OPERATE,fundamental,feature_candidate,true_after_notice_date,announcement_pit_context,fundamental_pit_feature_panel,notice_date_plus_1_conservative,NOTICE_DATE governs availability; REPORT_DATE alone is not enough,notice_lagged_latest|quarter_delta|ttm_proxy|rank_xsection|winsorize
cash_flow_sheet_report_em,cn_fundamental_akshare_batch_v1_20260531\aggregated_v1\cash_flow_sheet_report_em\cash_flow_sheet_report_em.parquet,FB_CCE_ADD_OTHER,other,feature_candidate,true_after_notice_date,announcement_pit_context,fundamental_pit_feature_panel,notice_date_plus_1_conservative,NOTICE_DATE governs availability; REPORT_DATE alone is not enough,lagged_level|rank_xsection
cash_flow_sheet_report_em,cn_fundamental_akshare_batch_v1_20260531\aggregated_v1\cash_flow_sheet_report_em\cash_flow_sheet_report_em.parquet,FB_CCE_ADD_BALANCE,other,feature_candidate,true_after_notice_date,announcement_pit_context,fundamental_pit_feature_panel,notice_date_plus_1_conservative,NOTICE_DATE governs availability; REPORT_DATE alone is not enough,lagged_level|rank_xsection
cash_flow_sheet_report_em,cn_fundamental_akshare_batch_v1_20260531\aggregated_v1\cash_flow_sheet_report_em\cash_flow_sheet_report_em.parquet,FB_CCE_ADD,other,feature_candidate,true_after_notice_date,announcement_pit_context,fundamental_pit_feature_panel,notice_date_plus_1_conservative,NOTICE_DATE governs availability; REPORT_DATE alone is not enough,lagged_level|rank_xsection
cash_flow_sheet_report_em,cn_fundamental_akshare_batch_v1_20260531\aggregated_v1\cash_flow_sheet_report_em\cash_flow_sheet_report_em.parquet,CREDIT_IMPAIRMENT_INCOME,fundamental,feature_candidate,true_after_notice_date,announcement_pit_context,fundamental_pit_feature_panel,notice_date_plus_1_conservative,NOTICE_DATE governs availability; REPORT_DATE alone is not enough,notice_lagged_latest|quarter_delta|ttm_proxy|rank_xsection|winsorize
cash_flow_sheet_report_em,cn_fundamental_akshare_batch_v1_20260531\aggregated_v1\cash_flow_sheet_report_em\cash_flow_sheet_report_em.parquet,RECEIVE_TRADE_FINASSET_YOY,fundamental,feature_candidate,true_after_notice_date,announcement_pit_context,fundamental_pit_feature_panel,notice_date_plus_1_conservative,NOTICE_DATE governs availability; REPORT_DATE alone is not enough,notice_lagged_latest|quarter_delta|ttm_proxy|rank_xsection|winsorize
cash_flow_sheet_report_em,cn_fundamental_akshare_batch_v1_20260531\aggregated_v1\cash_flow_sheet_report_em\cash_flow_sheet_report_em.parquet,BANKSECURITY_LEND_ADD_YOY,other,feature_candidate,true_after_notice_date,announcement_pit_context,fundamental_pit_feature_panel,notice_date_plus_1_conservative,NOTICE_DATE governs availability; REPORT_DATE alone is not enough,lagged_level|rank_xsection
cash_flow_sheet_report_em,cn_fundamental_akshare_batch_v1_20260531\aggregated_v1\cash_flow_sheet_report_em\cash_flow_sheet_report_em.parquet,PBC_INTERBANK_REDUCE_YOY,fundamental,feature_candidate,true_after_notice_date,announcement_pit_context,fundamental_pit_feature_panel,notice_date_plus_1_conservative,NOTICE_DATE governs availability; REPORT_DATE alone is not enough,notice_lagged_latest|quarter_delta|ttm_proxy|rank_xsection|winsorize
cash_flow_sheet_report_em,cn_fundamental_akshare_batch_v1_20260531\aggregated_v1\cash_flow_sheet_report_em\cash_flow_sheet_report_em.parquet,BANKSECURITY_REPO_ADD_YOY,other,feature_candidate,true_after_notice_date,announcement_pit_context,fundamental_pit_feature_panel,notice_date_plus_1_conservative,NOTICE_DATE governs availability; REPORT_DATE alone is not enough,lagged_level|rank_xsection
cash_flow_sheet_report_em,cn_fundamental_akshare_batch_v1_20260531\aggregated_v1\cash_flow_sheet_report_em\cash_flow_sheet_report_em.parquet,BANKSECURITY_RESALE_REDUCE_YOY,other,feature_candidate,true_after_notice_date,announcement_pit_context,fundamental_pit_feature_panel,notice_date_plus_1_conservative,NOTICE_DATE governs availability; REPORT_DATE alone is not enough,lagged_level|rank_xsection
cash_flow_sheet_report_em,cn_fundamental_akshare_batch_v1_20260531\aggregated_v1\cash_flow_sheet_report_em\cash_flow_sheet_report_em.parquet,PAY_REINSURE_YOY,other,feature_candidate,true_after_notice_date,announcement_pit_context,fundamental_pit_feature_panel,notice_date_plus_1_conservative,NOTICE_DATE governs availability; REPORT_DATE alone is not enough,lagged_level|rank_xsection
cash_flow_sheet_report_em,cn_fundamental_akshare_batch_v1_20260531\aggregated_v1\cash_flow_sheet_report_em\cash_flow_sheet_report_em.parquet,BANKSECURITY_LEND_REDUCE_YOY,other,feature_candidate,true_after_notice_date,announcement_pit_context,fundamental_pit_feature_panel,notice_date_plus_1_conservative,NOTICE_DATE governs availability; REPORT_DATE alone is not enough,lagged_level|rank_xsection
cash_flow_sheet_report_em,cn_fundamental_akshare_batch_v1_20260531\aggregated_v1\cash_flow_sheet_report_em\cash_flow_sheet_report_em.parquet,BANKSECURITY_RESALE_ADD_YOY,other,feature_candidate,true_after_notice_date,announcement_pit_context,fundamental_pit_feature_panel,notice_date_plus_1_conservative,NOTICE_DATE governs availability; REPORT_DATE alone is not enough,lagged_level|rank_xsection
cash_flow_sheet_report_em,cn_fundamental_akshare_batch_v1_20260531\aggregated_v1\cash_flow_sheet_report_em\cash_flow_sheet_report_em.parquet,BANKSECURITY_REPO_REDUCE_YOY,other,feature_candidate,true_after_notice_date,announcement_pit_context,fundamental_pit_feature_panel,notice_date_plus_1_conservative,NOTICE_DATE governs availability; REPORT_DATE alone is not enough,lagged_level|rank_xsection
cash_flow_sheet_report_em,cn_fundamental_akshare_batch_v1_20260531\aggregated_v1\cash_flow_sheet_report_em\cash_flow_sheet_report_em.parquet,INSURED_INVEST_REDUCE_YOY,other,feature_candidate,true_after_notice_date,announcement_pit_context,fundamental_pit_feature_panel,notice_date_plus_1_conservative,NOTICE_DATE governs availability; REPORT_DATE alone is not enough,lagged_level|rank_xsection
cash_flow_sheet_report_em,cn_fundamental_akshare_batch_v1_20260531\aggregated_v1\cash_flow_sheet_report_em\cash_flow_sheet_report_em.parquet,PAY_TRADE_FINASSET_YOY,fundamental,feature_candidate,true_after_notice_date,announcement_pit_context,fundamental_pit_feature_panel,notice_date_plus_1_conservative,NOTICE_DATE governs availability; REPORT_DATE alone is not enough,notice_lagged_latest|quarter_delta|ttm_proxy|rank_xsection|winsorize
cash_flow_sheet_report_em,cn_fundamental_akshare_batch_v1_20260531\aggregated_v1\cash_flow_sheet_report_em\cash_flow_sheet_report_em.parquet,RECEIVE_BUY_RESALE_YOY,disclosure_event,feature_candidate,true_after_notice_date,announcement_pit_context,fundamental_pit_feature_panel,notice_date_plus_1_conservative,NOTICE_DATE governs availability; REPORT_DATE alone is not enough,event_flag|event_age|net_buy_sell_ratio|matched_control_required
cash_flow_sheet_report_em,cn_fundamental_akshare_batch_v1_20260531\aggregated_v1\cash_flow_sheet_report_em\cash_flow_sheet_report_em.parquet,INSURED_PLA_YOY,other,feature_candidate,true_after_notice_date,announcement_pit_context,fundamental_pit_feature_panel,notice_date_plus_1_conservative,NOTICE_DATE governs availability; REPORT_DATE alone is not enough,lagged_level|rank_xsection
cash_flow_sheet_report_em,cn_fundamental_akshare_batch_v1_20260531\aggregated_v1\cash_flow_sheet_report_em\cash_flow_sheet_report_em.parquet,PURCHASE_SUBSIDIARY_OTHER_YOY,other,feature_candidate,true_after_notice_date,announcement_pit_context,fundamental_pit_feature_panel,notice_date_plus_1_conservative,NOTICE_DATE governs availability; REPORT_DATE alone is not enough,lagged_level|rank_xsection
cash_flow_sheet_report_em,cn_fundamental_akshare_batch_v1_20260531\aggregated_v1\cash_flow_sheet_report_em\cash_flow_sheet_report_em.parquet,DISPOSAL_SUBSIDIARY_OUTFLOW_YOY,price_state,feature_candidate,true_after_notice_date,announcement_pit_context,fundamental_pit_feature_panel,notice_date_plus_1_conservative,NOTICE_DATE governs availability; REPORT_DATE alone is not enough,lagged_momentum|mean_reversion|volatility|do_not_use_same_day_close_intraday
cash_flow_sheet_report_em,cn_fundamental_akshare_batch_v1_20260531\aggregated_v1\cash_flow_sheet_report_em\cash_flow_sheet_report_em.parquet,PAY_BUY_RESALE_YOY,disclosure_event,feature_candidate,true_after_notice_date,announcement_pit_context,fundamental_pit_feature_panel,notice_date_plus_1_conservative,NOTICE_DATE governs availability; REPORT_DATE alone is not enough,event_flag|event_age|net_buy_sell_ratio|matched_control_required
cash_flow_sheet_report_em,cn_fundamental_akshare_batch_v1_20260531\aggregated_v1\cash_flow_sheet_report_em\cash_flow_sheet_report_em.parquet,RECEIVE_SELL_REPO_YOY,disclosure_event,feature_candidate,true_after_notice_date,announcement_pit_context,fundamental_pit_feature_panel,notice_date_plus_1_conservative,NOTICE_DATE governs availability; REPORT_DATE alone is not enough,event_flag|event_age|net_buy_sell_ratio|matched_control_required
cash_flow_sheet_report_em,cn_fundamental_akshare_batch_v1_20260531\aggregated_v1\cash_flow_sheet_report_em\cash_flow_sheet_report_em.parquet,PAY_SELL_REPO_YOY,disclosure_event,feature_candidate,true_after_notice_date,announcement_pit_context,fundamental_pit_feature_panel,notice_date_plus_1_conservative,NOTICE_DATE governs availability; REPORT_DATE alone is not enough,event_flag|event_age|net_buy_sell_ratio|matched_control_required
cash_flow_sheet_report_em,cn_fundamental_akshare_batch_v1_20260531\aggregated_v1\cash_flow_sheet_report_em\cash_flow_sheet_report_em.parquet,PROVISION_PREDICT_LIAB_YOY,fundamental,feature_candidate,true_after_notice_date,announcement_pit_context,fundamental_pit_feature_panel,notice_date_plus_1_conservative,NOTICE_DATE governs availability; REPORT_DATE alone is not enough,notice_lagged_latest|quarter_delta|ttm_proxy|rank_xsection|winsorize
cash_flow_sheet_report_em,cn_fundamental_akshare_batch_v1_20260531\aggregated_v1\cash_flow_sheet_report_em\cash_flow_sheet_report_em.parquet,EXTRACT_INSURANCE_RESERVE_YOY,other,feature_candidate,true_after_notice_date,announcement_pit_context,fundamental_pit_feature_panel,notice_date_plus_1_conservative,NOTICE_DATE governs availability; REPORT_DATE alone is not enough,lagged_level|rank_xsection
cash_flow_sheet_report_em,cn_fundamental_akshare_batch_v1_20260531\aggregated_v1\cash_flow_sheet_report_em\cash_flow_sheet_report_em.parquet,EXTRACT_UNEXPIRE_RESERVE_YOY,other,feature_candidate,true_after_notice_date,announcement_pit_context,fundamental_pit_feature_panel,notice_date_plus_1_conservative,NOTICE_DATE governs availability; REPORT_DATE alone is not enough,lagged_level|rank_xsection
cash_flow_sheet_report_em,cn_fundamental_akshare_batch_v1_20260531\aggregated_v1\cash_flow_sheet_report_em\cash_flow_sheet_report_em.parquet,FIXED_ASSET_DEPR_YOY,fundamental,feature_candidate,true_after_notice_date,announcement_pit_context,fundamental_pit_feature_panel,notice_date_plus_1_conservative,NOTICE_DATE governs availability; REPORT_DATE alone is not enough,notice_lagged_latest|quarter_delta|ttm_proxy|rank_xsection|winsorize
cash_flow_sheet_report_em,cn_fundamental_akshare_batch_v1_20260531\aggregated_v1\cash_flow_sheet_report_em\cash_flow_sheet_report_em.parquet,IA_LPE_AMORTIZE_YOY,fundamental,feature_candidate,true_after_notice_date,announcement_pit_context,fundamental_pit_feature_panel,notice_date_plus_1_conservative,NOTICE_DATE governs availability; REPORT_DATE alone is not enough,notice_lagged_latest|quarter_delta|ttm_proxy|rank_xsection|winsorize
cash_flow_sheet_report_em,cn_fundamental_akshare_batch_v1_20260531\aggregated_v1\cash_flow_sheet_report_em\cash_flow_sheet_report_em.parquet,LONGASSET_AMORTIZE_YOY,fundamental,feature_candidate,true_after_notice_date,announcement_pit_context,fundamental_pit_feature_panel,notice_date_plus_1_conservative,NOTICE_DATE governs availability; REPORT_DATE alone is not enough,notice_lagged_latest|quarter_delta|ttm_proxy|rank_xsection|winsorize
cash_flow_sheet_report_em,cn_fundamental_akshare_batch_v1_20260531\aggregated_v1\cash_flow_sheet_report_em\cash_flow_sheet_report_em.parquet,EXCHANGE_LOSS_YOY,price_state,feature_candidate,true_after_notice_date,announcement_pit_context,fundamental_pit_feature_panel,notice_date_plus_1_conservative,NOTICE_DATE governs availability; REPORT_DATE alone is not enough,lagged_momentum|mean_reversion|volatility|do_not_use_same_day_close_intraday
cash_flow_sheet_report_em,cn_fundamental_akshare_batch_v1_20260531\aggregated_v1\cash_flow_sheet_report_em\cash_flow_sheet_report_em.parquet,TRADE_FINASSET_REDUCE_YOY,fundamental,feature_candidate,true_after_notice_date,announcement_pit_context,fundamental_pit_feature_panel,notice_date_plus_1_conservative,NOTICE_DATE governs availability; REPORT_DATE alone is not enough,notice_lagged_latest|quarter_delta|ttm_proxy|rank_xsection|winsorize
cash_flow_sheet_report_em,cn_fundamental_akshare_batch_v1_20260531\aggregated_v1\cash_flow_sheet_report_em\cash_flow_sheet_report_em.parquet,FB_OPERATE_NETCASH_OTHER_YOY,fundamental,feature_candidate,true_after_notice_date,announcement_pit_context,fundamental_pit_feature_panel,notice_date_plus_1_conservative,NOTICE_DATE governs availability; REPORT_DATE alone is not enough,notice_lagged_latest|quarter_delta|ttm_proxy|rank_xsection|winsorize
cash_flow_sheet_report_em,cn_fundamental_akshare_batch_v1_20260531\aggregated_v1\cash_flow_sheet_report_em\cash_flow_sheet_report_em.parquet,FB_OPERATE_NETCASH_BALANCE_YOY,fundamental,feature_candidate,true_after_notice_date,announcement_pit_context,fundamental_pit_feature_panel,notice_date_plus_1_conservative,NOTICE_DATE governs availability; REPORT_DATE alone is not enough,notice_lagged_latest|quarter_delta|ttm_proxy|rank_xsection|winsorize
cash_flow_sheet_report_em,cn_fundamental_akshare_batch_v1_20260531\aggregated_v1\cash_flow_sheet_report_em\cash_flow_sheet_report_em.parquet,FB_NETCASH_OPERATE_YOY,fundamental,feature_candidate,true_after_notice_date,announcement_pit_context,fundamental_pit_feature_panel,notice_date_plus_1_conservative,NOTICE_DATE governs availability; REPORT_DATE alone is not enough,notice_lagged_latest|quarter_delta|ttm_proxy|rank_xsection|winsorize
cash_flow_sheet_report_em,cn_fundamental_akshare_batch_v1_20260531\aggregated_v1\cash_flow_sheet_report_em\cash_flow_sheet_report_em.parquet,FB_CCE_ADD_OTHER_YOY,other,feature_candidate,true_after_notice_date,announcement_pit_context,fundamental_pit_feature_panel,notice_date_plus_1_conservative,NOTICE_DATE governs availability; REPORT_DATE alone is not enough,lagged_level|rank_xsection
cash_flow_sheet_report_em,cn_fundamental_akshare_batch_v1_20260531\aggregated_v1\cash_flow_sheet_report_em\cash_flow_sheet_report_em.parquet,FB_CCE_ADD_BALANCE_YOY,other,feature_candidate,true_after_notice_date,announcement_pit_context,fundamental_pit_feature_panel,notice_date_plus_1_conservative,NOTICE_DATE governs availability; REPORT_DATE alone is not enough,lagged_level|rank_xsection
cash_flow_sheet_report_em,cn_fundamental_akshare_batch_v1_20260531\aggregated_v1\cash_flow_sheet_report_em\cash_flow_sheet_report_em.parquet,FB_CCE_ADD_YOY,other,feature_candidate,true_after_notice_date,announcement_pit_context,fundamental_pit_feature_panel,notice_date_plus_1_conservative,NOTICE_DATE governs availability; REPORT_DATE alone is not enough,lagged_level|rank_xsection
cash_flow_sheet_report_em,cn_fundamental_akshare_batch_v1_20260531\aggregated_v1\cash_flow_sheet_report_em\cash_flow_sheet_report_em.parquet,CREDIT_IMPAIRMENT_INCOME_YOY,fundamental,feature_candidate,true_after_notice_date,announcement_pit_context,fundamental_pit_feature_panel,notice_date_plus_1_conservative,NOTICE_DATE governs availability; REPORT_DATE alone is not enough,notice_lagged_latest|quarter_delta|ttm_proxy|rank_xsection|winsorize
cash_flow_sheet_report_em,cn_fundamental_akshare_batch_v1_20260531\aggregated_v1\cash_flow_sheet_report_em\cash_flow_sheet_report_em.parquet,OTHERFINTOOL_ADD,other,feature_candidate,true_after_notice_date,announcement_pit_context,fundamental_pit_feature_panel,notice_date_plus_1_conservative,NOTICE_DATE governs availability; REPORT_DATE alone is not enough,lagged_level|rank_xsection
cash_flow_sheet_report_em,cn_fundamental_akshare_batch_v1_20260531\aggregated_v1\cash_flow_sheet_report_em\cash_flow_sheet_report_em.parquet,UNDERWRITE_SECURITY,other,feature_candidate,true_after_notice_date,announcement_pit_context,fundamental_pit_feature_panel,notice_date_plus_1_conservative,NOTICE_DATE governs availability; REPORT_DATE alone is not enough,lagged_level|rank_xsection
cash_flow_sheet_report_em,cn_fundamental_akshare_batch_v1_20260531\aggregated_v1\cash_flow_sheet_report_em\cash_flow_sheet_report_em.parquet,RECEIVE_AGENT_TRADE,other,feature_candidate,true_after_notice_date,announcement_pit_context,fundamental_pit_feature_panel,notice_date_plus_1_conservative,NOTICE_DATE governs availability; REPORT_DATE alone is not enough,lagged_level|rank_xsection
cash_flow_sheet_report_em,cn_fundamental_akshare_batch_v1_20260531\aggregated_v1\cash_flow_sheet_report_em\cash_flow_sheet_report_em.parquet,RECEIVE_AGENT_UNDERWRITE,other,feature_candidate,true_after_notice_date,announcement_pit_context,fundamental_pit_feature_panel,notice_date_plus_1_conservative,NOTICE_DATE governs availability; REPORT_DATE alone is not enough,lagged_level|rank_xsection
cash_flow_sheet_report_em,cn_fundamental_akshare_batch_v1_20260531\aggregated_v1\cash_flow_sheet_report_em\cash_flow_sheet_report_em.parquet,TRADE_SETTLE_ADD,other,feature_candidate,true_after_notice_date,announcement_pit_context,fundamental_pit_feature_panel,notice_date_plus_1_conservative,NOTICE_DATE governs availability; REPORT_DATE alone is not enough,lagged_level|rank_xsection
cash_flow_sheet_report_em,cn_fundamental_akshare_batch_v1_20260531\aggregated_v1\cash_flow_sheet_report_em\cash_flow_sheet_report_em.parquet,DIRECT_INVEST_ADD,other,feature_candidate,true_after_notice_date,announcement_pit_context,fundamental_pit_feature_panel,notice_date_plus_1_conservative,NOTICE_DATE governs availability; REPORT_DATE alone is not enough,lagged_level|rank_xsection
cash_flow_sheet_report_em,cn_fundamental_akshare_batch_v1_20260531\aggregated_v1\cash_flow_sheet_report_em\cash_flow_sheet_report_em.parquet,DISPOSAL_TFA_REDUCE,other,feature_candidate,true_after_notice_date,announcement_pit_context,fundamental_pit_feature_panel,notice_date_plus_1_conservative,NOTICE_DATE governs availability; REPORT_DATE alone is not enough,lagged_level|rank_xsection
cash_flow_sheet_report_em,cn_fundamental_akshare_batch_v1_20260531\aggregated_v1\cash_flow_sheet_report_em\cash_flow_sheet_report_em.parquet,OTHERFINTOOL_REDUCE,other,feature_candidate,true_after_notice_date,announcement_pit_context,fundamental_pit_feature_panel,notice_date_plus_1_conservative,NOTICE_DATE governs availability; REPORT_DATE alone is not enough,lagged_level|rank_xsection
cash_flow_sheet_report_em,cn_fundamental_akshare_batch_v1_20260531\aggregated_v1\cash_flow_sheet_report_em\cash_flow_sheet_report_em.parquet,BORROW_FUND_REDUCE,other,feature_candidate,true_after_notice_date,announcement_pit_context,fundamental_pit_feature_panel,notice_date_plus_1_conservative,NOTICE_DATE governs availability; REPORT_DATE alone is not enough,lagged_level|rank_xsection
cash_flow_sheet_report_em,cn_fundamental_akshare_batch_v1_20260531\aggregated_v1\cash_flow_sheet_report_em\cash_flow_sheet_report_em.parquet,TRADE_SETTLE_REDUCE,other,feature_candidate,true_after_notice_date,announcement_pit_context,fundamental_pit_feature_panel,notice_date_plus_1_conservative,NOTICE_DATE governs availability; REPORT_DATE alone is not enough,lagged_level|rank_xsection
cash_flow_sheet_report_em,cn_fundamental_akshare_batch_v1_20260531\aggregated_v1\cash_flow_sheet_report_em\cash_flow_sheet_report_em.parquet,DIRECT_INVEST_REDUCE,other,feature_candidate,true_after_notice_date,announcement_pit_context,fundamental_pit_feature_panel,notice_date_plus_1_conservative,NOTICE_DATE governs availability; REPORT_DATE alone is not enough,lagged_level|rank_xsection
cash_flow_sheet_report_em,cn_fundamental_akshare_batch_v1_20260531\aggregated_v1\cash_flow_sheet_report_em\cash_flow_sheet_report_em.parquet,LEND_FUND_ADD,other,feature_candidate,true_after_notice_date,announcement_pit_context,fundamental_pit_feature_panel,notice_date_plus_1_conservative,NOTICE_DATE governs availability; REPORT_DATE alone is not enough,lagged_level|rank_xsection
cash_flow_sheet_report_em,cn_fundamental_akshare_batch_v1_20260531\aggregated_v1\cash_flow_sheet_report_em\cash_flow_sheet_report_em.parquet,REPO_BUSINESS_REDUCE,other,feature_candidate,true_after_notice_date,announcement_pit_context,fundamental_pit_feature_panel,notice_date_plus_1_conservative,NOTICE_DATE governs availability; REPORT_DATE alone is not enough,lagged_level|rank_xsection
cash_flow_sheet_report_em,cn_fundamental_akshare_batch_v1_20260531\aggregated_v1\cash_flow_sheet_report_em\cash_flow_sheet_report_em.parquet,PAY_AGENT_TRADE,other,feature_candidate,true_after_notice_date,announcement_pit_context,fundamental_pit_feature_panel,notice_date_plus_1_conservative,NOTICE_DATE governs availability; REPORT_DATE alone is not enough,lagged_level|rank_xsection
cash_flow_sheet_report_em,cn_fundamental_akshare_batch_v1_20260531\aggregated_v1\cash_flow_sheet_report_em\cash_flow_sheet_report_em.parquet,DISPOSAL_AFA_ADD,other,feature_candidate,true_after_notice_date,announcement_pit_context,fundamental_pit_feature_panel,notice_date_plus_1_conservative,NOTICE_DATE governs availability; REPORT_DATE alone is not enough,lagged_level|rank_xsection
cash_flow_sheet_report_em,cn_fundamental_akshare_batch_v1_20260531\aggregated_v1\cash_flow_sheet_report_em\cash_flow_sheet_report_em.parquet,DISPOSAL_AFA_REDUCE,other,feature_candidate,true_after_notice_date,announcement_pit_context,fundamental_pit_feature_panel,notice_date_plus_1_conservative,NOTICE_DATE governs availability; REPORT_DATE alone is not enough,lagged_level|rank_xsection
cash_flow_sheet_report_em,cn_fundamental_akshare_batch_v1_20260531\aggregated_v1\cash_flow_sheet_report_em\cash_flow_sheet_report_em.parquet,AFA_REDUCE,other,feature_candidate,true_after_notice_date,announcement_pit_context,fundamental_pit_feature_panel,notice_date_plus_1_conservative,NOTICE_DATE governs availability; REPORT_DATE alone is not enough,lagged_level|rank_xsection
cash_flow_sheet_report_em,cn_fundamental_akshare_batch_v1_20260531\aggregated_v1\cash_flow_sheet_report_em\cash_flow_sheet_report_em.parquet,FBOPERATE_NETCASH_OTHER,fundamental,feature_candidate,true_after_notice_date,announcement_pit_context,fundamental_pit_feature_panel,notice_date_plus_1_conservative,NOTICE_DATE governs availability; REPORT_DATE alone is not enough,notice_lagged_latest|quarter_delta|ttm_proxy|rank_xsection|winsorize
cash_flow_sheet_report_em,cn_fundamental_akshare_batch_v1_20260531\aggregated_v1\cash_flow_sheet_report_em\cash_flow_sheet_report_em.parquet,FBOPERATE_NETCASH_BALANCE,fundamental,feature_candidate,true_after_notice_date,announcement_pit_context,fundamental_pit_feature_panel,notice_date_plus_1_conservative,NOTICE_DATE governs availability; REPORT_DATE alone is not enough,notice_lagged_latest|quarter_delta|ttm_proxy|rank_xsection|winsorize
cash_flow_sheet_report_em,cn_fundamental_akshare_batch_v1_20260531\aggregated_v1\cash_flow_sheet_report_em\cash_flow_sheet_report_em.parquet,FBNETCASH_OPERATE,fundamental,feature_candidate,true_after_notice_date,announcement_pit_context,fundamental_pit_feature_panel,notice_date_plus_1_conservative,NOTICE_DATE governs availability; REPORT_DATE alone is not enough,notice_lagged_latest|quarter_delta|ttm_proxy|rank_xsection|winsorize
cash_flow_sheet_report_em,cn_fundamental_akshare_batch_v1_20260531\aggregated_v1\cash_flow_sheet_report_em\cash_flow_sheet_report_em.parquet,FBCCE_ADD_OTHER,other,feature_candidate,true_after_notice_date,announcement_pit_context,fundamental_pit_feature_panel,notice_date_plus_1_conservative,NOTICE_DATE governs availability; REPORT_DATE alone is not enough,lagged_level|rank_xsection
cash_flow_sheet_report_em,cn_fundamental_akshare_batch_v1_20260531\aggregated_v1\cash_flow_sheet_report_em\cash_flow_sheet_report_em.parquet,FBCCE_ADD_BALANCE,other,feature_candidate,true_after_notice_date,announcement_pit_context,fundamental_pit_feature_panel,notice_date_plus_1_conservative,NOTICE_DATE governs availability; REPORT_DATE alone is not enough,lagged_level|rank_xsection
cash_flow_sheet_report_em,cn_fundamental_akshare_batch_v1_20260531\aggregated_v1\cash_flow_sheet_report_em\cash_flow_sheet_report_em.parquet,FBCCE_ADD,other,feature_candidate,true_after_notice_date,announcement_pit_context,fundamental_pit_feature_panel,notice_date_plus_1_conservative,NOTICE_DATE governs availability; REPORT_DATE alone is not enough,lagged_level|rank_xsection
cash_flow_sheet_report_em,cn_fundamental_akshare_batch_v1_20260531\aggregated_v1\cash_flow_sheet_report_em\cash_flow_sheet_report_em.parquet,OTHERFINTOOL_ADD_YOY,other,feature_candidate,true_after_notice_date,announcement_pit_context,fundamental_pit_feature_panel,notice_date_plus_1_conservative,NOTICE_DATE governs availability; REPORT_DATE alone is not enough,lagged_level|rank_xsection
cash_flow_sheet_report_em,cn_fundamental_akshare_batch_v1_20260531\aggregated_v1\cash_flow_sheet_report_em\cash_flow_sheet_report_em.parquet,UNDERWRITE_SECURITY_YOY,other,feature_candidate,true_after_notice_date,announcement_pit_context,fundamental_pit_feature_panel,notice_date_plus_1_conservative,NOTICE_DATE governs availability; REPORT_DATE alone is not enough,lagged_level|rank_xsection
cash_flow_sheet_report_em,cn_fundamental_akshare_batch_v1_20260531\aggregated_v1\cash_flow_sheet_report_em\cash_flow_sheet_report_em.parquet,RECEIVE_AGENT_TRADE_YOY,other,feature_candidate,true_after_notice_date,announcement_pit_context,fundamental_pit_feature_panel,notice_date_plus_1_conservative,NOTICE_DATE governs availability; REPORT_DATE alone is not enough,lagged_level|rank_xsection
cash_flow_sheet_report_em,cn_fundamental_akshare_batch_v1_20260531\aggregated_v1\cash_flow_sheet_report_em\cash_flow_sheet_report_em.parquet,RECEIVE_AGENT_UNDERWRITE_YOY,other,feature_candidate,true_after_notice_date,announcement_pit_context,fundamental_pit_feature_panel,notice_date_plus_1_conservative,NOTICE_DATE governs availability; REPORT_DATE alone is not enough,lagged_level|rank_xsection
cash_flow_sheet_report_em,cn_fundamental_akshare_batch_v1_20260531\aggregated_v1\cash_flow_sheet_report_em\cash_flow_sheet_report_em.parquet,TRADE_SETTLE_ADD_YOY,other,feature_candidate,true_after_notice_date,announcement_pit_context,fundamental_pit_feature_panel,notice_date_plus_1_conservative,NOTICE_DATE governs availability; REPORT_DATE alone is not enough,lagged_level|rank_xsection
cash_flow_sheet_report_em,cn_fundamental_akshare_batch_v1_20260531\aggregated_v1\cash_flow_sheet_report_em\cash_flow_sheet_report_em.parquet,DIRECT_INVEST_ADD_YOY,other,feature_candidate,true_after_notice_date,announcement_pit_context,fundamental_pit_feature_panel,notice_date_plus_1_conservative,NOTICE_DATE governs availability; REPORT_DATE alone is not enough,lagged_level|rank_xsection
cash_flow_sheet_report_em,cn_fundamental_akshare_batch_v1_20260531\aggregated_v1\cash_flow_sheet_report_em\cash_flow_sheet_report_em.parquet,DISPOSAL_TFA_REDUCE_YOY,other,feature_candidate,true_after_notice_date,announcement_pit_context,fundamental_pit_feature_panel,notice_date_plus_1_conservative,NOTICE_DATE governs availability; REPORT_DATE alone is not enough,lagged_level|rank_xsection
cash_flow_sheet_report_em,cn_fundamental_akshare_batch_v1_20260531\aggregated_v1\cash_flow_sheet_report_em\cash_flow_sheet_report_em.parquet,OTHERFINTOOL_REDUCE_YOY,other,feature_candidate,true_after_notice_date,announcement_pit_context,fundamental_pit_feature_panel,notice_date_plus_1_conservative,NOTICE_DATE governs availability; REPORT_DATE alone is not enough,lagged_level|rank_xsection
cash_flow_sheet_report_em,cn_fundamental_akshare_batch_v1_20260531\aggregated_v1\cash_flow_sheet_report_em\cash_flow_sheet_report_em.parquet,BORROW_FUND_REDUCE_YOY,other,feature_candidate,true_after_notice_date,announcement_pit_context,fundamental_pit_feature_panel,notice_date_plus_1_conservative,NOTICE_DATE governs availability; REPORT_DATE alone is not enough,lagged_level|rank_xsection
cash_flow_sheet_report_em,cn_fundamental_akshare_batch_v1_20260531\aggregated_v1\cash_flow_sheet_report_em\cash_flow_sheet_report_em.parquet,TRADE_SETTLE_REDUCE_YOY,other,feature_candidate,true_after_notice_date,announcement_pit_context,fundamental_pit_feature_panel,notice_date_plus_1_conservative,NOTICE_DATE governs availability; REPORT_DATE alone is not enough,lagged_level|rank_xsection
cash_flow_sheet_report_em,cn_fundamental_akshare_batch_v1_20260531\aggregated_v1\cash_flow_sheet_report_em\cash_flow_sheet_report_em.parquet,DIRECT_INVEST_REDUCE_YOY,other,feature_candidate,true_after_notice_date,announcement_pit_context,fundamental_pit_feature_panel,notice_date_plus_1_conservative,NOTICE_DATE governs availability; REPORT_DATE alone is not enough,lagged_level|rank_xsection
cash_flow_sheet_report_em,cn_fundamental_akshare_batch_v1_20260531\aggregated_v1\cash_flow_sheet_report_em\cash_flow_sheet_report_em.parquet,LEND_FUND_ADD_YOY,other,feature_candidate,true_after_notice_date,announcement_pit_context,fundamental_pit_feature_panel,notice_date_plus_1_conservative,NOTICE_DATE governs availability; REPORT_DATE alone is not enough,lagged_level|rank_xsection
cash_flow_sheet_report_em,cn_fundamental_akshare_batch_v1_20260531\aggregated_v1\cash_flow_sheet_report_em\cash_flow_sheet_report_em.parquet,REPO_BUSINESS_REDUCE_YOY,other,feature_candidate,true_after_notice_date,announcement_pit_context,fundamental_pit_feature_panel,notice_date_plus_1_conservative,NOTICE_DATE governs availability; REPORT_DATE alone is not enough,lagged_level|rank_xsection
cash_flow_sheet_report_em,cn_fundamental_akshare_batch_v1_20260531\aggregated_v1\cash_flow_sheet_report_em\cash_flow_sheet_report_em.parquet,PAY_AGENT_TRADE_YOY,other,feature_candidate,true_after_notice_date,announcement_pit_context,fundamental_pit_feature_panel,notice_date_plus_1_conservative,NOTICE_DATE governs availability; REPORT_DATE alone is not enough,lagged_level|rank_xsection
cash_flow_sheet_report_em,cn_fundamental_akshare_batch_v1_20260531\aggregated_v1\cash_flow_sheet_report_em\cash_flow_sheet_report_em.parquet,DISPOSAL_AFA_ADD_YOY,other,feature_candidate,true_after_notice_date,announcement_pit_context,fundamental_pit_feature_panel,notice_date_plus_1_conservative,NOTICE_DATE governs availability; REPORT_DATE alone is not enough,lagged_level|rank_xsection
cash_flow_sheet_report_em,cn_fundamental_akshare_batch_v1_20260531\aggregated_v1\cash_flow_sheet_report_em\cash_flow_sheet_report_em.parquet,DISPOSAL_AFA_REDUCE_YOY,other,feature_candidate,true_after_notice_date,announcement_pit_context,fundamental_pit_feature_panel,notice_date_plus_1_conservative,NOTICE_DATE governs availability; REPORT_DATE alone is not enough,lagged_level|rank_xsection
cash_flow_sheet_report_em,cn_fundamental_akshare_batch_v1_20260531\aggregated_v1\cash_flow_sheet_report_em\cash_flow_sheet_report_em.parquet,AFA_REDUCE_YOY,other,feature_candidate,true_after_notice_date,announcement_pit_context,fundamental_pit_feature_panel,notice_date_plus_1_conservative,NOTICE_DATE governs availability; REPORT_DATE alone is not enough,lagged_level|rank_xsection
cash_flow_sheet_report_em,cn_fundamental_akshare_batch_v1_20260531\aggregated_v1\cash_flow_sheet_report_em\cash_flow_sheet_report_em.parquet,FBOPERATE_NETCASH_OTHER_YOY,fundamental,feature_candidate,true_after_notice_date,announcement_pit_context,fundamental_pit_feature_panel,notice_date_plus_1_conservative,NOTICE_DATE governs availability; REPORT_DATE alone is not enough,notice_lagged_latest|quarter_delta|ttm_proxy|rank_xsection|winsorize
cash_flow_sheet_report_em,cn_fundamental_akshare_batch_v1_20260531\aggregated_v1\cash_flow_sheet_report_em\cash_flow_sheet_report_em.parquet,FBOPERATE_NETCASH_BALANCE_YOY,fundamental,feature_candidate,true_after_notice_date,announcement_pit_context,fundamental_pit_feature_panel,notice_date_plus_1_conservative,NOTICE_DATE governs availability; REPORT_DATE alone is not enough,notice_lagged_latest|quarter_delta|ttm_proxy|rank_xsection|winsorize
cash_flow_sheet_report_em,cn_fundamental_akshare_batch_v1_20260531\aggregated_v1\cash_flow_sheet_report_em\cash_flow_sheet_report_em.parquet,FBNETCASH_OPERATE_YOY,fundamental,feature_candidate,true_after_notice_date,announcement_pit_context,fundamental_pit_feature_panel,notice_date_plus_1_conservative,NOTICE_DATE governs availability; REPORT_DATE alone is not enough,notice_lagged_latest|quarter_delta|ttm_proxy|rank_xsection|winsorize
cash_flow_sheet_report_em,cn_fundamental_akshare_batch_v1_20260531\aggregated_v1\cash_flow_sheet_report_em\cash_flow_sheet_report_em.parquet,FBCCE_ADD_OTHER_YOY,other,feature_candidate,true_after_notice_date,announcement_pit_context,fundamental_pit_feature_panel,notice_date_plus_1_conservative,NOTICE_DATE governs availability; REPORT_DATE alone is not enough,lagged_level|rank_xsection
cash_flow_sheet_report_em,cn_fundamental_akshare_batch_v1_20260531\aggregated_v1\cash_flow_sheet_report_em\cash_flow_sheet_report_em.parquet,FBCCE_ADD_BALANCE_YOY,other,feature_candidate,true_after_notice_date,announcement_pit_context,fundamental_pit_feature_panel,notice_date_plus_1_conservative,NOTICE_DATE governs availability; REPORT_DATE alone is not enough,lagged_level|rank_xsection
cash_flow_sheet_report_em,cn_fundamental_akshare_batch_v1_20260531\aggregated_v1\cash_flow_sheet_report_em\cash_flow_sheet_report_em.parquet,FBCCE_ADD_YOY,other,feature_candidate,true_after_notice_date,announcement_pit_context,fundamental_pit_feature_panel,notice_date_plus_1_conservative,NOTICE_DATE governs availability; REPORT_DATE alone is not enough,lagged_level|rank_xsection
cash_flow_sheet_report_em,cn_fundamental_akshare_batch_v1_20260531\aggregated_v1\cash_flow_sheet_report_em\cash_flow_sheet_report_em.parquet,DEPOSIT_IOFI_OTHER,other,feature_candidate,true_after_notice_date,announcement_pit_context,fundamental_pit_feature_panel,notice_date_plus_1_conservative,NOTICE_DATE governs availability; REPORT_DATE alone is not enough,lagged_level|rank_xsection
cash_flow_sheet_report_em,cn_fundamental_akshare_batch_v1_20260531\aggregated_v1\cash_flow_sheet_report_em\cash_flow_sheet_report_em.parquet,CUSTOMER_DEPOSIT_ADD,other,feature_candidate,true_after_notice_date,announcement_pit_context,fundamental_pit_feature_panel,notice_date_plus_1_conservative,NOTICE_DATE governs availability; REPORT_DATE alone is not enough,lagged_level|rank_xsection
cash_flow_sheet_report_em,cn_fundamental_akshare_batch_v1_20260531\aggregated_v1\cash_flow_sheet_report_em\cash_flow_sheet_report_em.parquet,IOFI_ADD,other,feature_candidate,true_after_notice_date,announcement_pit_context,fundamental_pit_feature_panel,notice_date_plus_1_conservative,NOTICE_DATE governs availability; REPORT_DATE alone is not enough,lagged_level|rank_xsection
cash_flow_sheet_report_em,cn_fundamental_akshare_batch_v1_20260531\aggregated_v1\cash_flow_sheet_report_em\cash_flow_sheet_report_em.parquet,PBC_IOFI_REDUCE,fundamental,feature_candidate,true_after_notice_date,announcement_pit_context,fundamental_pit_feature_panel,notice_date_plus_1_conservative,NOTICE_DATE governs availability; REPORT_DATE alone is not enough,notice_lagged_latest|quarter_delta|ttm_proxy|rank_xsection|winsorize
cash_flow_sheet_report_em,cn_fundamental_akshare_batch_v1_20260531\aggregated_v1\cash_flow_sheet_report_em\cash_flow_sheet_report_em.parquet,DEPOSIT_PBC_REDUCE,fundamental,feature_candidate,true_after_notice_date,announcement_pit_context,fundamental_pit_feature_panel,notice_date_plus_1_conservative,NOTICE_DATE governs availability; REPORT_DATE alone is not enough,notice_lagged_latest|quarter_delta|ttm_proxy|rank_xsection|winsorize
cash_flow_sheet_report_em,cn_fundamental_akshare_batch_v1_20260531\aggregated_v1\cash_flow_sheet_report_em\cash_flow_sheet_report_em.parquet,DEPOSIT_IOFI_REDUCE,other,feature_candidate,true_after_notice_date,announcement_pit_context,fundamental_pit_feature_panel,notice_date_plus_1_conservative,NOTICE_DATE governs availability; REPORT_DATE alone is not enough,lagged_level|rank_xsection
cash_flow_sheet_report_em,cn_fundamental_akshare_batch_v1_20260531\aggregated_v1\cash_flow_sheet_report_em\cash_flow_sheet_report_em.parquet,BORROW_REPO_ADD,other,feature_candidate,true_after_notice_date,announcement_pit_context,fundamental_pit_feature_panel,notice_date_plus_1_conservative,NOTICE_DATE governs availability; REPORT_DATE alone is not enough,lagged_level|rank_xsection
cash_flow_sheet_report_em,cn_fundamental_akshare_batch_v1_20260531\aggregated_v1\cash_flow_sheet_report_em\cash_flow_sheet_report_em.parquet,SELL_REPO_ADD,disclosure_event,feature_candidate,true_after_notice_date,announcement_pit_context,fundamental_pit_feature_panel,notice_date_plus_1_conservative,NOTICE_DATE governs availability; REPORT_DATE alone is not enough,event_flag|event_age|net_buy_sell_ratio|matched_control_required
cash_flow_sheet_report_em,cn_fundamental_akshare_batch_v1_20260531\aggregated_v1\cash_flow_sheet_report_em\cash_flow_sheet_report_em.parquet,LEND_RESALE_REDUCE,other,feature_candidate,true_after_notice_date,announcement_pit_context,fundamental_pit_feature_panel,notice_date_plus_1_conservative,NOTICE_DATE governs availability; REPORT_DATE alone is not enough,lagged_level|rank_xsection
cash_flow_sheet_report_em,cn_fundamental_akshare_batch_v1_20260531\aggregated_v1\cash_flow_sheet_report_em\cash_flow_sheet_report_em.parquet,LEND_FUND_REDUCE,other,feature_candidate,true_after_notice_date,announcement_pit_context,fundamental_pit_feature_panel,notice_date_plus_1_conservative,NOTICE_DATE governs availability; REPORT_DATE alone is not enough,lagged_level|rank_xsection
cash_flow_sheet_report_em,cn_fundamental_akshare_batch_v1_20260531\aggregated_v1\cash_flow_sheet_report_em\cash_flow_sheet_report_em.parquet,BUY_RESALE_REDUCE,disclosure_event,feature_candidate,true_after_notice_date,announcement_pit_context,fundamental_pit_feature_panel,notice_date_plus_1_conservative,NOTICE_DATE governs availability; REPORT_DATE alone is not enough,event_flag|event_age|net_buy_sell_ratio|matched_control_required
cash_flow_sheet_report_em,cn_fundamental_akshare_batch_v1_20260531\aggregated_v1\cash_flow_sheet_report_em\cash_flow_sheet_report_em.parquet,NET_CD,disclosure_event,feature_candidate,true_after_notice_date,announcement_pit_context,fundamental_pit_feature_panel,notice_date_plus_1_conservative,NOTICE_DATE governs availability; REPORT_DATE alone is not enough,event_flag|event_age|net_buy_sell_ratio|matched_control_required
cash_flow_sheet_report_em,cn_fundamental_akshare_batch_v1_20260531\aggregated_v1\cash_flow_sheet_report_em\cash_flow_sheet_report_em.parquet,TRADE_FINLIAB_ADD,fundamental,feature_candidate,true_after_notice_date,announcement_pit_context,fundamental_pit_feature_panel,notice_date_plus_1_conservative,NOTICE_DATE governs availability; REPORT_DATE alone is not enough,notice_lagged_latest|quarter_delta|ttm_proxy|rank_xsection|winsorize
cash_flow_sheet_report_em,cn_fundamental_akshare_batch_v1_20260531\aggregated_v1\cash_flow_sheet_report_em\cash_flow_sheet_report_em.parquet,RECEIVE_INTEREST,other,feature_candidate,true_after_notice_date,announcement_pit_context,fundamental_pit_feature_panel,notice_date_plus_1_conservative,NOTICE_DATE governs availability; REPORT_DATE alone is not enough,lagged_level|rank_xsection
cash_flow_sheet_report_em,cn_fundamental_akshare_batch_v1_20260531\aggregated_v1\cash_flow_sheet_report_em\cash_flow_sheet_report_em.parquet,RECEIVE_COMMISSION,other,feature_candidate,true_after_notice_date,announcement_pit_context,fundamental_pit_feature_panel,notice_date_plus_1_conservative,NOTICE_DATE governs availability; REPORT_DATE alone is not enough,lagged_level|rank_xsection
cash_flow_sheet_report_em,cn_fundamental_akshare_batch_v1_20260531\aggregated_v1\cash_flow_sheet_report_em\cash_flow_sheet_report_em.parquet,DISPOSAL_MORTGAGE_ASSET,fundamental,feature_candidate,true_after_notice_date,announcement_pit_context,fundamental_pit_feature_panel,notice_date_plus_1_conservative,NOTICE_DATE governs availability; REPORT_DATE alone is not enough,notice_lagged_latest|quarter_delta|ttm_proxy|rank_xsection|winsorize
cash_flow_sheet_report_em,cn_fundamental_akshare_batch_v1_20260531\aggregated_v1\cash_flow_sheet_report_em\cash_flow_sheet_report_em.parquet,WITHDRAW_WRITEOFF_LOAN,other,feature_candidate,true_after_notice_date,announcement_pit_context,fundamental_pit_feature_panel,notice_date_plus_1_conservative,NOTICE_DATE governs availability; REPORT_DATE alone is not enough,lagged_level|rank_xsection
cash_flow_sheet_report_em,cn_fundamental_akshare_batch_v1_20260531\aggregated_v1\cash_flow_sheet_report_em\cash_flow_sheet_report_em.parquet,LOAN_PBC_REDUCE,fundamental,feature_candidate,true_after_notice_date,announcement_pit_context,fundamental_pit_feature_panel,notice_date_plus_1_conservative,NOTICE_DATE governs availability; REPORT_DATE alone is not enough,notice_lagged_latest|quarter_delta|ttm_proxy|rank_xsection|winsorize
cash_flow_sheet_report_em,cn_fundamental_akshare_batch_v1_20260531\aggregated_v1\cash_flow_sheet_report_em\cash_flow_sheet_report_em.parquet,PBC_IOFI_ADD,fundamental,feature_candidate,true_after_notice_date,announcement_pit_context,fundamental_pit_feature_panel,notice_date_plus_1_conservative,NOTICE_DATE governs availability; REPORT_DATE alone is not enough,notice_lagged_latest|quarter_delta|ttm_proxy|rank_xsection|winsorize
cash_flow_sheet_report_em,cn_fundamental_akshare_batch_v1_20260531\aggregated_v1\cash_flow_sheet_report_em\cash_flow_sheet_report_em.parquet,DEPOSIT_PBC_ADD,fundamental,feature_candidate,true_after_notice_date,announcement_pit_context,fundamental_pit_feature_panel,notice_date_plus_1_conservative,NOTICE_DATE governs availability; REPORT_DATE alone is not enough,notice_lagged_latest|quarter_delta|ttm_proxy|rank_xsection|winsorize
cash_flow_sheet_report_em,cn_fundamental_akshare_batch_v1_20260531\aggregated_v1\cash_flow_sheet_report_em\cash_flow_sheet_report_em.parquet,DEPOSIT_IOFI_ADD,other,feature_candidate,true_after_notice_date,announcement_pit_context,fundamental_pit_feature_panel,notice_date_plus_1_conservative,NOTICE_DATE governs availability; REPORT_DATE alone is not enough,lagged_level|rank_xsection
cash_flow_sheet_report_em,cn_fundamental_akshare_batch_v1_20260531\aggregated_v1\cash_flow_sheet_report_em\cash_flow_sheet_report_em.parquet,INTERBANK_OTHER_REDUCE,other,feature_candidate,true_after_notice_date,announcement_pit_context,fundamental_pit_feature_panel,notice_date_plus_1_conservative,NOTICE_DATE governs availability; REPORT_DATE alone is not enough,lagged_level|rank_xsection
cash_flow_sheet_report_em,cn_fundamental_akshare_batch_v1_20260531\aggregated_v1\cash_flow_sheet_report_em\cash_flow_sheet_report_em.parquet,ISSUED_CD_REDUCE,other,feature_candidate,true_after_notice_date,announcement_pit_context,fundamental_pit_feature_panel,notice_date_plus_1_conservative,NOTICE_DATE governs availability; REPORT_DATE alone is not enough,lagged_level|rank_xsection
cash_flow_sheet_report_em,cn_fundamental_akshare_batch_v1_20260531\aggregated_v1\cash_flow_sheet_report_em\cash_flow_sheet_report_em.parquet,LEND_RESALE_ADD,other,feature_candidate,true_after_notice_date,announcement_pit_context,fundamental_pit_feature_panel,notice_date_plus_1_conservative,NOTICE_DATE governs availability; REPORT_DATE alone is not enough,lagged_level|rank_xsection
cash_flow_sheet_report_em,cn_fundamental_akshare_batch_v1_20260531\aggregated_v1\cash_flow_sheet_report_em\cash_flow_sheet_report_em.parquet,BUY_RESALE_ADD,disclosure_event,feature_candidate,true_after_notice_date,announcement_pit_context,fundamental_pit_feature_panel,notice_date_plus_1_conservative,NOTICE_DATE governs availability; REPORT_DATE alone is not enough,event_flag|event_age|net_buy_sell_ratio|matched_control_required
cash_flow_sheet_report_em,cn_fundamental_akshare_batch_v1_20260531\aggregated_v1\cash_flow_sheet_report_em\cash_flow_sheet_report_em.parquet,BORROW_REPO_REDUCE,other,feature_candidate,true_after_notice_date,announcement_pit_context,fundamental_pit_feature_panel,notice_date_plus_1_conservative,NOTICE_DATE governs availability; REPORT_DATE alone is not enough,lagged_level|rank_xsection
cash_flow_sheet_report_em,cn_fundamental_akshare_batch_v1_20260531\aggregated_v1\cash_flow_sheet_report_em\cash_flow_sheet_report_em.parquet,SELL_REPO_REDUCE,disclosure_event,feature_candidate,true_after_notice_date,announcement_pit_context,fundamental_pit_feature_panel,notice_date_plus_1_conservative,NOTICE_DATE governs availability; REPORT_DATE alone is not enough,event_flag|event_age|net_buy_sell_ratio|matched_control_required
cash_flow_sheet_report_em,cn_fundamental_akshare_batch_v1_20260531\aggregated_v1\cash_flow_sheet_report_em\cash_flow_sheet_report_em.parquet,TRADE_FINASSET_ADD,fundamental,feature_candidate,true_after_notice_date,announcement_pit_context,fundamental_pit_feature_panel,notice_date_plus_1_conservative,NOTICE_DATE governs availability; REPORT_DATE alone is not enough,notice_lagged_latest|quarter_delta|ttm_proxy|rank_xsection|winsorize
cash_flow_sheet_report_em,cn_fundamental_akshare_batch_v1_20260531\aggregated_v1\cash_flow_sheet_report_em\cash_flow_sheet_report_em.parquet,TRADE_FINLIAB_REDUCE,fundamental,feature_candidate,true_after_notice_date,announcement_pit_context,fundamental_pit_feature_panel,notice_date_plus_1_conservative,NOTICE_DATE governs availability; REPORT_DATE alone is not enough,notice_lagged_latest|quarter_delta|ttm_proxy|rank_xsection|winsorize
cash_flow_sheet_report_em,cn_fundamental_akshare_batch_v1_20260531\aggregated_v1\cash_flow_sheet_report_em\cash_flow_sheet_report_em.parquet,PAY_INTEREST,other,feature_candidate,true_after_notice_date,announcement_pit_context,fundamental_pit_feature_panel,notice_date_plus_1_conservative,NOTICE_DATE governs availability; REPORT_DATE alone is not enough,lagged_level|rank_xsection
cash_flow_sheet_report_em,cn_fundamental_akshare_batch_v1_20260531\aggregated_v1\cash_flow_sheet_report_em\cash_flow_sheet_report_em.parquet,PAY_COMMISSION,other,feature_candidate,true_after_notice_date,announcement_pit_context,fundamental_pit_feature_panel,notice_date_plus_1_conservative,NOTICE_DATE governs availability; REPORT_DATE alone is not enough,lagged_level|rank_xsection
cash_flow_sheet_report_em,cn_fundamental_akshare_batch_v1_20260531\aggregated_v1\cash_flow_sheet_report_em\cash_flow_sheet_report_em.parquet,BUY_FIN_LEASE,disclosure_event,feature_candidate,true_after_notice_date,announcement_pit_context,fundamental_pit_feature_panel,notice_date_plus_1_conservative,NOTICE_DATE governs availability; REPORT_DATE alone is not enough,event_flag|event_age|net_buy_sell_ratio|matched_control_required
cash_flow_sheet_report_em,cn_fundamental_akshare_batch_v1_20260531\aggregated_v1\cash_flow_sheet_report_em\cash_flow_sheet_report_em.parquet,ACCOUNTS_RECE_ADD,other,feature_candidate,true_after_notice_date,announcement_pit_context,fundamental_pit_feature_panel,notice_date_plus_1_conservative,NOTICE_DATE governs availability; REPORT_DATE alone is not enough,lagged_level|rank_xsection
cash_flow_sheet_report_em,cn_fundamental_akshare_batch_v1_20260531\aggregated_v1\cash_flow_sheet_report_em\cash_flow_sheet_report_em.parquet,RECEIVE_DIVIDEND_PROFIT,fundamental,feature_candidate,true_after_notice_date,announcement_pit_context,fundamental_pit_feature_panel,notice_date_plus_1_conservative,NOTICE_DATE governs availability; REPORT_DATE alone is not enough,notice_lagged_latest|quarter_delta|ttm_proxy|rank_xsection|winsorize
cash_flow_sheet_report_em,cn_fundamental_akshare_batch_v1_20260531\aggregated_v1\cash_flow_sheet_report_em\cash_flow_sheet_report_em.parquet,DISPOSAL_SUBSIDIARY_JOINT,other,feature_candidate,true_after_notice_date,announcement_pit_context,fundamental_pit_feature_panel,notice_date_plus_1_conservative,NOTICE_DATE governs availability; REPORT_DATE alone is not enough,lagged_level|rank_xsection
cash_flow_sheet_report_em,cn_fundamental_akshare_batch_v1_20260531\aggregated_v1\cash_flow_sheet_report_em\cash_flow_sheet_report_em.parquet,ISSUE_SUBBOND,other,feature_candidate,true_after_notice_date,announcement_pit_context,fundamental_pit_feature_panel,notice_date_plus_1_conservative,NOTICE_DATE governs availability; REPORT_DATE alone is not enough,lagged_level|rank_xsection
cash_flow_sheet_report_em,cn_fundamental_akshare_batch_v1_20260531\aggregated_v1\cash_flow_sheet_report_em\cash_flow_sheet_report_em.parquet,ISSUE_OTHER_BOND,other,feature_candidate,true_after_notice_date,announcement_pit_context,fundamental_pit_feature_panel,notice_date_plus_1_conservative,NOTICE_DATE governs availability; REPORT_DATE alone is not enough,lagged_level|rank_xsection
cash_flow_sheet_report_em,cn_fundamental_akshare_batch_v1_20260531\aggregated_v1\cash_flow_sheet_report_em\cash_flow_sheet_report_em.parquet,ISSUE_CD,other,feature_candidate,true_after_notice_date,announcement_pit_context,fundamental_pit_feature_panel,notice_date_plus_1_conservative,NOTICE_DATE governs availability; REPORT_DATE alone is not enough,lagged_level|rank_xsection
cash_flow_sheet_report_em,cn_fundamental_akshare_batch_v1_20260531\aggregated_v1\cash_flow_sheet_report_em\cash_flow_sheet_report_em.parquet,RECEIVE_ADD_EQUITY,other,feature_candidate,true_after_notice_date,announcement_pit_context,fundamental_pit_feature_panel,notice_date_plus_1_conservative,NOTICE_DATE governs availability; REPORT_DATE alone is not enough,lagged_level|rank_xsection
cash_flow_sheet_report_em,cn_fundamental_akshare_batch_v1_20260531\aggregated_v1\cash_flow_sheet_report_em\cash_flow_sheet_report_em.parquet,PAY_BOND_INTEREST,other,feature_candidate,true_after_notice_date,announcement_pit_context,fundamental_pit_feature_panel,notice_date_plus_1_conservative,NOTICE_DATE governs availability; REPORT_DATE alone is not enough,lagged_level|rank_xsection
cash_flow_sheet_report_em,cn_fundamental_akshare_batch_v1_20260531\aggregated_v1\cash_flow_sheet_report_em\cash_flow_sheet_report_em.parquet,ISSUE_SHARES_EXPENSE,capacity_size,feature_candidate,true_after_notice_date,announcement_pit_context,fundamental_pit_feature_panel,notice_date_plus_1_conservative,NOTICE_DATE governs availability; REPORT_DATE alone is not enough,lagged_level|rank_xsection|bucket|small_capacity_guard|liquidity_capacity_interaction
cash_flow_sheet_report_em,cn_fundamental_akshare_batch_v1_20260531\aggregated_v1\cash_flow_sheet_report_em\cash_flow_sheet_report_em.parquet,PROVISION_INVEST_IMPAIRMENT,other,feature_candidate,true_after_notice_date,announcement_pit_context,fundamental_pit_feature_panel,notice_date_plus_1_conservative,NOTICE_DATE governs availability; REPORT_DATE alone is not enough,lagged_level|rank_xsection
cash_flow_sheet_report_em,cn_fundamental_akshare_batch_v1_20260531\aggregated_v1\cash_flow_sheet_report_em\cash_flow_sheet_report_em.parquet,TRANSFER_INVEST_IMPAIRMENT,other,feature_candidate,true_after_notice_date,announcement_pit_context,fundamental_pit_feature_panel,notice_date_plus_1_conservative,NOTICE_DATE governs availability; REPORT_DATE alone is not enough,lagged_level|rank_xsection
cash_flow_sheet_report_em,cn_fundamental_akshare_batch_v1_20260531\aggregated_v1\cash_flow_sheet_report_em\cash_flow_sheet_report_em.parquet,PROVISION_LOAN_IMPAIRMENT,other,feature_candidate,true_after_notice_date,announcement_pit_context,fundamental_pit_feature_panel,notice_date_plus_1_conservative,NOTICE_DATE governs availability; REPORT_DATE alone is not enough,lagged_level|rank_xsection
cash_flow_sheet_report_em,cn_fundamental_akshare_batch_v1_20260531\aggregated_v1\cash_flow_sheet_report_em\cash_flow_sheet_report_em.parquet,OTHER_ASSET_IMPAIRMENT,fundamental,feature_candidate,true_after_notice_date,announcement_pit_context,fundamental_pit_feature_panel,notice_date_plus_1_conservative,NOTICE_DATE governs availability; REPORT_DATE alone is not enough,notice_lagged_latest|quarter_delta|ttm_proxy|rank_xsection|winsorize
cash_flow_sheet_report_em,cn_fundamental_akshare_batch_v1_20260531\aggregated_v1\cash_flow_sheet_report_em\cash_flow_sheet_report_em.parquet,RECEIVE_WRITEOFF,other,feature_candidate,true_after_notice_date,announcement_pit_context,fundamental_pit_feature_panel,notice_date_plus_1_conservative,NOTICE_DATE governs availability; REPORT_DATE alone is not enough,lagged_level|rank_xsection
cash_flow_sheet_report_em,cn_fundamental_akshare_batch_v1_20260531\aggregated_v1\cash_flow_sheet_report_em\cash_flow_sheet_report_em.parquet,BOND_INTEREST_EXPENSE,fundamental,feature_candidate,true_after_notice_date,announcement_pit_context,fundamental_pit_feature_panel,notice_date_plus_1_conservative,NOTICE_DATE governs availability; REPORT_DATE alone is not enough,notice_lagged_latest|quarter_delta|ttm_proxy|rank_xsection|winsorize
cash_flow_sheet_report_em,cn_fundamental_akshare_batch_v1_20260531\aggregated_v1\cash_flow_sheet_report_em\cash_flow_sheet_report_em.parquet,LOAN_REDUCE,other,feature_candidate,true_after_notice_date,announcement_pit_context,fundamental_pit_feature_panel,notice_date_plus_1_conservative,NOTICE_DATE governs availability; REPORT_DATE alone is not enough,lagged_level|rank_xsection
cash_flow_sheet_report_em,cn_fundamental_akshare_batch_v1_20260531\aggregated_v1\cash_flow_sheet_report_em\cash_flow_sheet_report_em.parquet,DEPOSIT_ADD,other,feature_candidate,true_after_notice_date,announcement_pit_context,fundamental_pit_feature_panel,notice_date_plus_1_conservative,NOTICE_DATE governs availability; REPORT_DATE alone is not enough,lagged_level|rank_xsection
cash_flow_sheet_report_em,cn_fundamental_akshare_batch_v1_20260531\aggregated_v1\cash_flow_sheet_report_em\cash_flow_sheet_report_em.parquet,LEND_ADD,other,feature_candidate,true_after_notice_date,announcement_pit_context,fundamental_pit_feature_panel,notice_date_plus_1_conservative,NOTICE_DATE governs availability; REPORT_DATE alone is not enough,lagged_level|rank_xsection
cash_flow_sheet_report_em,cn_fundamental_akshare_batch_v1_20260531\aggregated_v1\cash_flow_sheet_report_em\cash_flow_sheet_report_em.parquet,FINASSET_REDUCE,fundamental,feature_candidate,true_after_notice_date,announcement_pit_context,fundamental_pit_feature_panel,notice_date_plus_1_conservative,NOTICE_DATE governs availability; REPORT_DATE alone is not enough,notice_lagged_latest|quarter_delta|ttm_proxy|rank_xsection|winsorize
cash_flow_sheet_report_em,cn_fundamental_akshare_batch_v1_20260531\aggregated_v1\cash_flow_sheet_report_em\cash_flow_sheet_report_em.parquet,FINLIAB_ADD,fundamental,feature_candidate,true_after_notice_date,announcement_pit_context,fundamental_pit_feature_panel,notice_date_plus_1_conservative,NOTICE_DATE governs availability; REPORT_DATE alone is not enough,notice_lagged_latest|quarter_delta|ttm_proxy|rank_xsection|winsorize
cash_flow_sheet_report_em,cn_fundamental_akshare_batch_v1_20260531\aggregated_v1\cash_flow_sheet_report_em\cash_flow_sheet_report_em.parquet,DEPOSIT_IOFI_OTHER_YOY,other,feature_candidate,true_after_notice_date,announcement_pit_context,fundamental_pit_feature_panel,notice_date_plus_1_conservative,NOTICE_DATE governs availability; REPORT_DATE alone is not enough,lagged_level|rank_xsection
cash_flow_sheet_report_em,cn_fundamental_akshare_batch_v1_20260531\aggregated_v1\cash_flow_sheet_report_em\cash_flow_sheet_report_em.parquet,CUSTOMER_DEPOSIT_ADD_YOY,other,feature_candidate,true_after_notice_date,announcement_pit_context,fundamental_pit_feature_panel,notice_date_plus_1_conservative,NOTICE_DATE governs availability; REPORT_DATE alone is not enough,lagged_level|rank_xsection
cash_flow_sheet_report_em,cn_fundamental_akshare_batch_v1_20260531\aggregated_v1\cash_flow_sheet_report_em\cash_flow_sheet_report_em.parquet,IOFI_ADD_YOY,other,feature_candidate,true_after_notice_date,announcement_pit_context,fundamental_pit_feature_panel,notice_date_plus_1_conservative,NOTICE_DATE governs availability; REPORT_DATE alone is not enough,lagged_level|rank_xsection
cash_flow_sheet_report_em,cn_fundamental_akshare_batch_v1_20260531\aggregated_v1\cash_flow_sheet_report_em\cash_flow_sheet_report_em.parquet,PBC_IOFI_REDUCE_YOY,fundamental,feature_candidate,true_after_notice_date,announcement_pit_context,fundamental_pit_feature_panel,notice_date_plus_1_conservative,NOTICE_DATE governs availability; REPORT_DATE alone is not enough,notice_lagged_latest|quarter_delta|ttm_proxy|rank_xsection|winsorize
cash_flow_sheet_report_em,cn_fundamental_akshare_batch_v1_20260531\aggregated_v1\cash_flow_sheet_report_em\cash_flow_sheet_report_em.parquet,DEPOSIT_PBC_REDUCE_YOY,fundamental,feature_candidate,true_after_notice_date,announcement_pit_context,fundamental_pit_feature_panel,notice_date_plus_1_conservative,NOTICE_DATE governs availability; REPORT_DATE alone is not enough,notice_lagged_latest|quarter_delta|ttm_proxy|rank_xsection|winsorize
cash_flow_sheet_report_em,cn_fundamental_akshare_batch_v1_20260531\aggregated_v1\cash_flow_sheet_report_em\cash_flow_sheet_report_em.parquet,DEPOSIT_IOFI_REDUCE_YOY,other,feature_candidate,true_after_notice_date,announcement_pit_context,fundamental_pit_feature_panel,notice_date_plus_1_conservative,NOTICE_DATE governs availability; REPORT_DATE alone is not enough,lagged_level|rank_xsection
cash_flow_sheet_report_em,cn_fundamental_akshare_batch_v1_20260531\aggregated_v1\cash_flow_sheet_report_em\cash_flow_sheet_report_em.parquet,BORROW_REPO_ADD_YOY,other,feature_candidate,true_after_notice_date,announcement_pit_context,fundamental_pit_feature_panel,notice_date_plus_1_conservative,NOTICE_DATE governs availability; REPORT_DATE alone is not enough,lagged_level|rank_xsection
cash_flow_sheet_report_em,cn_fundamental_akshare_batch_v1_20260531\aggregated_v1\cash_flow_sheet_report_em\cash_flow_sheet_report_em.parquet,SELL_REPO_ADD_YOY,disclosure_event,feature_candidate,true_after_notice_date,announcement_pit_context,fundamental_pit_feature_panel,notice_date_plus_1_conservative,NOTICE_DATE governs availability; REPORT_DATE alone is not enough,event_flag|event_age|net_buy_sell_ratio|matched_control_required
cash_flow_sheet_report_em,cn_fundamental_akshare_batch_v1_20260531\aggregated_v1\cash_flow_sheet_report_em\cash_flow_sheet_report_em.parquet,LEND_RESALE_REDUCE_YOY,other,feature_candidate,true_after_notice_date,announcement_pit_context,fundamental_pit_feature_panel,notice_date_plus_1_conservative,NOTICE_DATE governs availability; REPORT_DATE alone is not enough,lagged_level|rank_xsection
cash_flow_sheet_report_em,cn_fundamental_akshare_batch_v1_20260531\aggregated_v1\cash_flow_sheet_report_em\cash_flow_sheet_report_em.parquet,LEND_FUND_REDUCE_YOY,other,feature_candidate,true_after_notice_date,announcement_pit_context,fundamental_pit_feature_panel,notice_date_plus_1_conservative,NOTICE_DATE governs availability; REPORT_DATE alone is not enough,lagged_level|rank_xsection
cash_flow_sheet_report_em,cn_fundamental_akshare_batch_v1_20260531\aggregated_v1\cash_flow_sheet_report_em\cash_flow_sheet_report_em.parquet,BUY_RESALE_REDUCE_YOY,disclosure_event,feature_candidate,true_after_notice_date,announcement_pit_context,fundamental_pit_feature_panel,notice_date_plus_1_conservative,NOTICE_DATE governs availability; REPORT_DATE alone is not enough,event_flag|event_age|net_buy_sell_ratio|matched_control_required
cash_flow_sheet_report_em,cn_fundamental_akshare_batch_v1_20260531\aggregated_v1\cash_flow_sheet_report_em\cash_flow_sheet_report_em.parquet,NET_CD_YOY,disclosure_event,feature_candidate,true_after_notice_date,announcement_pit_context,fundamental_pit_feature_panel,notice_date_plus_1_conservative,NOTICE_DATE governs availability; REPORT_DATE alone is not enough,event_flag|event_age|net_buy_sell_ratio|matched_control_required
cash_flow_sheet_report_em,cn_fundamental_akshare_batch_v1_20260531\aggregated_v1\cash_flow_sheet_report_em\cash_flow_sheet_report_em.parquet,TRADE_FINLIAB_ADD_YOY,fundamental,feature_candidate,true_after_notice_date,announcement_pit_context,fundamental_pit_feature_panel,notice_date_plus_1_conservative,NOTICE_DATE governs availability; REPORT_DATE alone is not enough,notice_lagged_latest|quarter_delta|ttm_proxy|rank_xsection|winsorize
cash_flow_sheet_report_em,cn_fundamental_akshare_batch_v1_20260531\aggregated_v1\cash_flow_sheet_report_em\cash_flow_sheet_report_em.parquet,RECEIVE_INTEREST_YOY,other,feature_candidate,true_after_notice_date,announcement_pit_context,fundamental_pit_feature_panel,notice_date_plus_1_conservative,NOTICE_DATE governs availability; REPORT_DATE alone is not enough,lagged_level|rank_xsection
cash_flow_sheet_report_em,cn_fundamental_akshare_batch_v1_20260531\aggregated_v1\cash_flow_sheet_report_em\cash_flow_sheet_report_em.parquet,RECEIVE_COMMISSION_YOY,other,feature_candidate,true_after_notice_date,announcement_pit_context,fundamental_pit_feature_panel,notice_date_plus_1_conservative,NOTICE_DATE governs availability; REPORT_DATE alone is not enough,lagged_level|rank_xsection
cash_flow_sheet_report_em,cn_fundamental_akshare_batch_v1_20260531\aggregated_v1\cash_flow_sheet_report_em\cash_flow_sheet_report_em.parquet,DISPOSAL_MORTGAGE_ASSET_YOY,fundamental,feature_candidate,true_after_notice_date,announcement_pit_context,fundamental_pit_feature_panel,notice_date_plus_1_conservative,NOTICE_DATE governs availability; REPORT_DATE alone is not enough,notice_lagged_latest|quarter_delta|ttm_proxy|rank_xsection|winsorize
cash_flow_sheet_report_em,cn_fundamental_akshare_batch_v1_20260531\aggregated_v1\cash_flow_sheet_report_em\cash_flow_sheet_report_em.parquet,WITHDRAW_WRITEOFF_LOAN_YOY,other,feature_candidate,true_after_notice_date,announcement_pit_context,fundamental_pit_feature_panel,notice_date_plus_1_conservative,NOTICE_DATE governs availability; REPORT_DATE alone is not enough,lagged_level|rank_xsection
cash_flow_sheet_report_em,cn_fundamental_akshare_batch_v1_20260531\aggregated_v1\cash_flow_sheet_report_em\cash_flow_sheet_report_em.parquet,LOAN_PBC_REDUCE_YOY,fundamental,feature_candidate,true_after_notice_date,announcement_pit_context,fundamental_pit_feature_panel,notice_date_plus_1_conservative,NOTICE_DATE governs availability; REPORT_DATE alone is not enough,notice_lagged_latest|quarter_delta|ttm_proxy|rank_xsection|winsorize
cash_flow_sheet_report_em,cn_fundamental_akshare_batch_v1_20260531\aggregated_v1\cash_flow_sheet_report_em\cash_flow_sheet_report_em.parquet,PBC_IOFI_ADD_YOY,fundamental,feature_candidate,true_after_notice_date,announcement_pit_context,fundamental_pit_feature_panel,notice_date_plus_1_conservative,NOTICE_DATE governs availability; REPORT_DATE alone is not enough,notice_lagged_latest|quarter_delta|ttm_proxy|rank_xsection|winsorize
cash_flow_sheet_report_em,cn_fundamental_akshare_batch_v1_20260531\aggregated_v1\cash_flow_sheet_report_em\cash_flow_sheet_report_em.parquet,DEPOSIT_PBC_ADD_YOY,fundamental,feature_candidate,true_after_notice_date,announcement_pit_context,fundamental_pit_feature_panel,notice_date_plus_1_conservative,NOTICE_DATE governs availability; REPORT_DATE alone is not enough,notice_lagged_latest|quarter_delta|ttm_proxy|rank_xsection|winsorize
cash_flow_sheet_report_em,cn_fundamental_akshare_batch_v1_20260531\aggregated_v1\cash_flow_sheet_report_em\cash_flow_sheet_report_em.parquet,DEPOSIT_IOFI_ADD_YOY,other,feature_candidate,true_after_notice_date,announcement_pit_context,fundamental_pit_feature_panel,notice_date_plus_1_conservative,NOTICE_DATE governs availability; REPORT_DATE alone is not enough,lagged_level|rank_xsection
cash_flow_sheet_report_em,cn_fundamental_akshare_batch_v1_20260531\aggregated_v1\cash_flow_sheet_report_em\cash_flow_sheet_report_em.parquet,INTERBANK_OTHER_REDUCE_YOY,other,feature_candidate,true_after_notice_date,announcement_pit_context,fundamental_pit_feature_panel,notice_date_plus_1_conservative,NOTICE_DATE governs availability; REPORT_DATE alone is not enough,lagged_level|rank_xsection
cash_flow_sheet_report_em,cn_fundamental_akshare_batch_v1_20260531\aggregated_v1\cash_flow_sheet_report_em\cash_flow_sheet_report_em.parquet,ISSUED_CD_REDUCE_YOY,other,feature_candidate,true_after_notice_date,announcement_pit_context,fundamental_pit_feature_panel,notice_date_plus_1_conservative,NOTICE_DATE governs availability; REPORT_DATE alone is not enough,lagged_level|rank_xsection
cash_flow_sheet_report_em,cn_fundamental_akshare_batch_v1_20260531\aggregated_v1\cash_flow_sheet_report_em\cash_flow_sheet_report_em.parquet,LEND_RESALE_ADD_YOY,other,feature_candidate,true_after_notice_date,announcement_pit_context,fundamental_pit_feature_panel,notice_date_plus_1_conservative,NOTICE_DATE governs availability; REPORT_DATE alone is not enough,lagged_level|rank_xsection
cash_flow_sheet_report_em,cn_fundamental_akshare_batch_v1_20260531\aggregated_v1\cash_flow_sheet_report_em\cash_flow_sheet_report_em.parquet,BUY_RESALE_ADD_YOY,disclosure_event,feature_candidate,true_after_notice_date,announcement_pit_context,fundamental_pit_feature_panel,notice_date_plus_1_conservative,NOTICE_DATE governs availability; REPORT_DATE alone is not enough,event_flag|event_age|net_buy_sell_ratio|matched_control_required
cash_flow_sheet_report_em,cn_fundamental_akshare_batch_v1_20260531\aggregated_v1\cash_flow_sheet_report_em\cash_flow_sheet_report_em.parquet,BORROW_REPO_REDUCE_YOY,other,feature_candidate,true_after_notice_date,announcement_pit_context,fundamental_pit_feature_panel,notice_date_plus_1_conservative,NOTICE_DATE governs availability; REPORT_DATE alone is not enough,lagged_level|rank_xsection
cash_flow_sheet_report_em,cn_fundamental_akshare_batch_v1_20260531\aggregated_v1\cash_flow_sheet_report_em\cash_flow_sheet_report_em.parquet,SELL_REPO_REDUCE_YOY,disclosure_event,feature_candidate,true_after_notice_date,announcement_pit_context,fundamental_pit_feature_panel,notice_date_plus_1_conservative,NOTICE_DATE governs availability; REPORT_DATE alone is not enough,event_flag|event_age|net_buy_sell_ratio|matched_control_required
cash_flow_sheet_report_em,cn_fundamental_akshare_batch_v1_20260531\aggregated_v1\cash_flow_sheet_report_em\cash_flow_sheet_report_em.parquet,TRADE_FINASSET_ADD_YOY,fundamental,feature_candidate,true_after_notice_date,announcement_pit_context,fundamental_pit_feature_panel,notice_date_plus_1_conservative,NOTICE_DATE governs availability; REPORT_DATE alone is not enough,notice_lagged_latest|quarter_delta|ttm_proxy|rank_xsection|winsorize
cash_flow_sheet_report_em,cn_fundamental_akshare_batch_v1_20260531\aggregated_v1\cash_flow_sheet_report_em\cash_flow_sheet_report_em.parquet,TRADE_FINLIAB_REDUCE_YOY,fundamental,feature_candidate,true_after_notice_date,announcement_pit_context,fundamental_pit_feature_panel,notice_date_plus_1_conservative,NOTICE_DATE governs availability; REPORT_DATE alone is not enough,notice_lagged_latest|quarter_delta|ttm_proxy|rank_xsection|winsorize
cash_flow_sheet_report_em,cn_fundamental_akshare_batch_v1_20260531\aggregated_v1\cash_flow_sheet_report_em\cash_flow_sheet_report_em.parquet,PAY_INTEREST_YOY,other,feature_candidate,true_after_notice_date,announcement_pit_context,fundamental_pit_feature_panel,notice_date_plus_1_conservative,NOTICE_DATE governs availability; REPORT_DATE alone is not enough,lagged_level|rank_xsection
cash_flow_sheet_report_em,cn_fundamental_akshare_batch_v1_20260531\aggregated_v1\cash_flow_sheet_report_em\cash_flow_sheet_report_em.parquet,PAY_COMMISSION_YOY,other,feature_candidate,true_after_notice_date,announcement_pit_context,fundamental_pit_feature_panel,notice_date_plus_1_conservative,NOTICE_DATE governs availability; REPORT_DATE alone is not enough,lagged_level|rank_xsection
cash_flow_sheet_report_em,cn_fundamental_akshare_batch_v1_20260531\aggregated_v1\cash_flow_sheet_report_em\cash_flow_sheet_report_em.parquet,BUY_FIN_LEASE_YOY,disclosure_event,feature_candidate,true_after_notice_date,announcement_pit_context,fundamental_pit_feature_panel,notice_date_plus_1_conservative,NOTICE_DATE governs availability; REPORT_DATE alone is not enough,event_flag|event_age|net_buy_sell_ratio|matched_control_required
cash_flow_sheet_report_em,cn_fundamental_akshare_batch_v1_20260531\aggregated_v1\cash_flow_sheet_report_em\cash_flow_sheet_report_em.parquet,ACCOUNTS_RECE_ADD_YOY,other,feature_candidate,true_after_notice_date,announcement_pit_context,fundamental_pit_feature_panel,notice_date_plus_1_conservative,NOTICE_DATE governs availability; REPORT_DATE alone is not enough,lagged_level|rank_xsection
cash_flow_sheet_report_em,cn_fundamental_akshare_batch_v1_20260531\aggregated_v1\cash_flow_sheet_report_em\cash_flow_sheet_report_em.parquet,RECEIVE_DIVIDEND_PROFIT_YOY,fundamental,feature_candidate,true_after_notice_date,announcement_pit_context,fundamental_pit_feature_panel,notice_date_plus_1_conservative,NOTICE_DATE governs availability; REPORT_DATE alone is not enough,notice_lagged_latest|quarter_delta|ttm_proxy|rank_xsection|winsorize
cash_flow_sheet_report_em,cn_fundamental_akshare_batch_v1_20260531\aggregated_v1\cash_flow_sheet_report_em\cash_flow_sheet_report_em.parquet,DISPOSAL_SUBSIDIARY_JOINT_YOY,other,feature_candidate,true_after_notice_date,announcement_pit_context,fundamental_pit_feature_panel,notice_date_plus_1_conservative,NOTICE_DATE governs availability; REPORT_DATE alone is not enough,lagged_level|rank_xsection
cash_flow_sheet_report_em,cn_fundamental_akshare_batch_v1_20260531\aggregated_v1\cash_flow_sheet_report_em\cash_flow_sheet_report_em.parquet,ISSUE_SUBBOND_YOY,other,feature_candidate,true_after_notice_date,announcement_pit_context,fundamental_pit_feature_panel,notice_date_plus_1_conservative,NOTICE_DATE governs availability; REPORT_DATE alone is not enough,lagged_level|rank_xsection
cash_flow_sheet_report_em,cn_fundamental_akshare_batch_v1_20260531\aggregated_v1\cash_flow_sheet_report_em\cash_flow_sheet_report_em.parquet,ISSUE_OTHER_BOND_YOY,other,feature_candidate,true_after_notice_date,announcement_pit_context,fundamental_pit_feature_panel,notice_date_plus_1_conservative,NOTICE_DATE governs availability; REPORT_DATE alone is not enough,lagged_level|rank_xsection
cash_flow_sheet_report_em,cn_fundamental_akshare_batch_v1_20260531\aggregated_v1\cash_flow_sheet_report_em\cash_flow_sheet_report_em.parquet,ISSUE_CD_YOY,other,feature_candidate,true_after_notice_date,announcement_pit_context,fundamental_pit_feature_panel,notice_date_plus_1_conservative,NOTICE_DATE governs availability; REPORT_DATE alone is not enough,lagged_level|rank_xsection
cash_flow_sheet_report_em,cn_fundamental_akshare_batch_v1_20260531\aggregated_v1\cash_flow_sheet_report_em\cash_flow_sheet_report_em.parquet,RECEIVE_ADD_EQUITY_YOY,other,feature_candidate,true_after_notice_date,announcement_pit_context,fundamental_pit_feature_panel,notice_date_plus_1_conservative,NOTICE_DATE governs availability; REPORT_DATE alone is not enough,lagged_level|rank_xsection
cash_flow_sheet_report_em,cn_fundamental_akshare_batch_v1_20260531\aggregated_v1\cash_flow_sheet_report_em\cash_flow_sheet_report_em.parquet,PAY_BOND_INTEREST_YOY,other,feature_candidate,true_after_notice_date,announcement_pit_context,fundamental_pit_feature_panel,notice_date_plus_1_conservative,NOTICE_DATE governs availability; REPORT_DATE alone is not enough,lagged_level|rank_xsection
cash_flow_sheet_report_em,cn_fundamental_akshare_batch_v1_20260531\aggregated_v1\cash_flow_sheet_report_em\cash_flow_sheet_report_em.parquet,ISSUE_SHARES_EXPENSE_YOY,capacity_size,feature_candidate,true_after_notice_date,announcement_pit_context,fundamental_pit_feature_panel,notice_date_plus_1_conservative,NOTICE_DATE governs availability; REPORT_DATE alone is not enough,lagged_level|rank_xsection|bucket|small_capacity_guard|liquidity_capacity_interaction
cash_flow_sheet_report_em,cn_fundamental_akshare_batch_v1_20260531\aggregated_v1\cash_flow_sheet_report_em\cash_flow_sheet_report_em.parquet,PROVISION_INVEST_IMPAIRMENT_YOY,other,feature_candidate,true_after_notice_date,announcement_pit_context,fundamental_pit_feature_panel,notice_date_plus_1_conservative,NOTICE_DATE governs availability; REPORT_DATE alone is not enough,lagged_level|rank_xsection
cash_flow_sheet_report_em,cn_fundamental_akshare_batch_v1_20260531\aggregated_v1\cash_flow_sheet_report_em\cash_flow_sheet_report_em.parquet,TRANSFER_INVEST_IMPAIRMENT_YOY,other,feature_candidate,true_after_notice_date,announcement_pit_context,fundamental_pit_feature_panel,notice_date_plus_1_conservative,NOTICE_DATE governs availability; REPORT_DATE alone is not enough,lagged_level|rank_xsection
cash_flow_sheet_report_em,cn_fundamental_akshare_batch_v1_20260531\aggregated_v1\cash_flow_sheet_report_em\cash_flow_sheet_report_em.parquet,PROVISION_LOAN_IMPAIRMENT_YOY,other,feature_candidate,true_after_notice_date,announcement_pit_context,fundamental_pit_feature_panel,notice_date_plus_1_conservative,NOTICE_DATE governs availability; REPORT_DATE alone is not enough,lagged_level|rank_xsection
cash_flow_sheet_report_em,cn_fundamental_akshare_batch_v1_20260531\aggregated_v1\cash_flow_sheet_report_em\cash_flow_sheet_report_em.parquet,OTHER_ASSET_IMPAIRMENT_YOY,fundamental,feature_candidate,true_after_notice_date,announcement_pit_context,fundamental_pit_feature_panel,notice_date_plus_1_conservative,NOTICE_DATE governs availability; REPORT_DATE alone is not enough,notice_lagged_latest|quarter_delta|ttm_proxy|rank_xsection|winsorize
cash_flow_sheet_report_em,cn_fundamental_akshare_batch_v1_20260531\aggregated_v1\cash_flow_sheet_report_em\cash_flow_sheet_report_em.parquet,RECEIVE_WRITEOFF_YOY,other,feature_candidate,true_after_notice_date,announcement_pit_context,fundamental_pit_feature_panel,notice_date_plus_1_conservative,NOTICE_DATE governs availability; REPORT_DATE alone is not enough,lagged_level|rank_xsection
cash_flow_sheet_report_em,cn_fundamental_akshare_batch_v1_20260531\aggregated_v1\cash_flow_sheet_report_em\cash_flow_sheet_report_em.parquet,BOND_INTEREST_EXPENSE_YOY,fundamental,feature_candidate,true_after_notice_date,announcement_pit_context,fundamental_pit_feature_panel,notice_date_plus_1_conservative,NOTICE_DATE governs availability; REPORT_DATE alone is not enough,notice_lagged_latest|quarter_delta|ttm_proxy|rank_xsection|winsorize
cash_flow_sheet_report_em,cn_fundamental_akshare_batch_v1_20260531\aggregated_v1\cash_flow_sheet_report_em\cash_flow_sheet_report_em.parquet,LOAN_REDUCE_YOY,other,feature_candidate,true_after_notice_date,announcement_pit_context,fundamental_pit_feature_panel,notice_date_plus_1_conservative,NOTICE_DATE governs availability; REPORT_DATE alone is not enough,lagged_level|rank_xsection
cash_flow_sheet_report_em,cn_fundamental_akshare_batch_v1_20260531\aggregated_v1\cash_flow_sheet_report_em\cash_flow_sheet_report_em.parquet,DEPOSIT_ADD_YOY,other,feature_candidate,true_after_notice_date,announcement_pit_context,fundamental_pit_feature_panel,notice_date_plus_1_conservative,NOTICE_DATE governs availability; REPORT_DATE alone is not enough,lagged_level|rank_xsection
cash_flow_sheet_report_em,cn_fundamental_akshare_batch_v1_20260531\aggregated_v1\cash_flow_sheet_report_em\cash_flow_sheet_report_em.parquet,LEND_ADD_YOY,other,feature_candidate,true_after_notice_date,announcement_pit_context,fundamental_pit_feature_panel,notice_date_plus_1_conservative,NOTICE_DATE governs availability; REPORT_DATE alone is not enough,lagged_level|rank_xsection
cash_flow_sheet_report_em,cn_fundamental_akshare_batch_v1_20260531\aggregated_v1\cash_flow_sheet_report_em\cash_flow_sheet_report_em.parquet,FINASSET_REDUCE_YOY,fundamental,feature_candidate,true_after_notice_date,announcement_pit_context,fundamental_pit_feature_panel,notice_date_plus_1_conservative,NOTICE_DATE governs availability; REPORT_DATE alone is not enough,notice_lagged_latest|quarter_delta|ttm_proxy|rank_xsection|winsorize
cash_flow_sheet_report_em,cn_fundamental_akshare_batch_v1_20260531\aggregated_v1\cash_flow_sheet_report_em\cash_flow_sheet_report_em.parquet,FINLIAB_ADD_YOY,fundamental,feature_candidate,true_after_notice_date,announcement_pit_context,fundamental_pit_feature_panel,notice_date_plus_1_conservative,NOTICE_DATE governs availability; REPORT_DATE alone is not enough,notice_lagged_latest|quarter_delta|ttm_proxy|rank_xsection|winsorize
circulate_stock_holder_sina,cn_fundamental_akshare_batch_v1_20260531\aggregated_v1\circulate_stock_holder_sina\circulate_stock_holder_sina.parquet,source_em,other,feature_candidate,true_after_notice_date,announcement_pit_context,fundamental_pit_feature_panel,notice_date_plus_1_conservative,NOTICE_DATE governs availability; REPORT_DATE alone is not enough,lagged_level|rank_xsection
circulate_stock_holder_sina,cn_fundamental_akshare_batch_v1_20260531\aggregated_v1\circulate_stock_holder_sina\circulate_stock_holder_sina.parquet,source_code6,instrument_key,key,false_key_only,announcement_pit_context,fundamental_pit_feature_panel,notice_date_plus_1_conservative,NOTICE_DATE governs availability; REPORT_DATE alone is not enough,lagged_level|rank_xsection
circulate_stock_holder_sina,cn_fundamental_akshare_batch_v1_20260531\aggregated_v1\circulate_stock_holder_sina\circulate_stock_holder_sina.parquet,截止日期,other,feature_candidate,true_after_notice_date,announcement_pit_context,fundamental_pit_feature_panel,notice_date_plus_1_conservative,NOTICE_DATE governs availability; REPORT_DATE alone is not enough,lagged_level|rank_xsection
circulate_stock_holder_sina,cn_fundamental_akshare_batch_v1_20260531\aggregated_v1\circulate_stock_holder_sina\circulate_stock_holder_sina.parquet,公告日期,other,feature_candidate,true_after_notice_date,announcement_pit_context,fundamental_pit_feature_panel,notice_date_plus_1_conservative,NOTICE_DATE governs availability; REPORT_DATE alone is not enough,lagged_level|rank_xsection
circulate_stock_holder_sina,cn_fundamental_akshare_batch_v1_20260531\aggregated_v1\circulate_stock_holder_sina\circulate_stock_holder_sina.parquet,编号,other,feature_candidate,true_after_notice_date,announcement_pit_context,fundamental_pit_feature_panel,notice_date_plus_1_conservative,NOTICE_DATE governs availability; REPORT_DATE alone is not enough,lagged_level|rank_xsection
circulate_stock_holder_sina,cn_fundamental_akshare_batch_v1_20260531\aggregated_v1\circulate_stock_holder_sina\circulate_stock_holder_sina.parquet,股东名称,other,feature_candidate,true_after_notice_date,announcement_pit_context,fundamental_pit_feature_panel,notice_date_plus_1_conservative,NOTICE_DATE governs availability; REPORT_DATE alone is not enough,lagged_level|rank_xsection
circulate_stock_holder_sina,cn_fundamental_akshare_batch_v1_20260531\aggregated_v1\circulate_stock_holder_sina\circulate_stock_holder_sina.parquet,持股数量,other,feature_candidate,true_after_notice_date,announcement_pit_context,fundamental_pit_feature_panel,notice_date_plus_1_conservative,NOTICE_DATE governs availability; REPORT_DATE alone is not enough,lagged_level|rank_xsection
circulate_stock_holder_sina,cn_fundamental_akshare_batch_v1_20260531\aggregated_v1\circulate_stock_holder_sina\circulate_stock_holder_sina.parquet,占流通股比例,other,feature_candidate,true_after_notice_date,announcement_pit_context,fundamental_pit_feature_panel,notice_date_plus_1_conservative,NOTICE_DATE governs availability; REPORT_DATE alone is not enough,lagged_level|rank_xsection
circulate_stock_holder_sina,cn_fundamental_akshare_batch_v1_20260531\aggregated_v1\circulate_stock_holder_sina\circulate_stock_holder_sina.parquet,股本性质,other,feature_candidate,true_after_notice_date,announcement_pit_context,fundamental_pit_feature_panel,notice_date_plus_1_conservative,NOTICE_DATE governs availability; REPORT_DATE alone is not enough,lagged_level|rank_xsection
circulate_stock_holder_sina,cn_fundamental_akshare_batch_v1_20260531\aggregated_v1\circulate_stock_holder_sina\circulate_stock_holder_sina.parquet,_source_file,other,feature_candidate,true_after_notice_date,announcement_pit_context,fundamental_pit_feature_panel,notice_date_plus_1_conservative,NOTICE_DATE governs availability; REPORT_DATE alone is not enough,lagged_level|rank_xsection
dividend_cninfo,cn_fundamental_akshare_batch_v1_20260531\aggregated_v1\dividend_cninfo\dividend_cninfo.parquet,source_em,other,feature_candidate,true_after_pit_contract,announcement_pit_context,pit_feature_panel,announcement_date_plus_1_conservative,corporate action dates need notice/ex-date separation,lagged_level|rank_xsection
dividend_cninfo,cn_fundamental_akshare_batch_v1_20260531\aggregated_v1\dividend_cninfo\dividend_cninfo.parquet,source_code6,instrument_key,key,false_key_only,announcement_pit_context,pit_feature_panel,announcement_date_plus_1_conservative,corporate action dates need notice/ex-date separation,lagged_level|rank_xsection
dividend_cninfo,cn_fundamental_akshare_batch_v1_20260531\aggregated_v1\dividend_cninfo\dividend_cninfo.parquet,实施方案公告日期,other,feature_candidate,true_after_pit_contract,announcement_pit_context,pit_feature_panel,announcement_date_plus_1_conservative,corporate action dates need notice/ex-date separation,lagged_level|rank_xsection
dividend_cninfo,cn_fundamental_akshare_batch_v1_20260531\aggregated_v1\dividend_cninfo\dividend_cninfo.parquet,送股比例,other,feature_candidate,true_after_pit_contract,announcement_pit_context,pit_feature_panel,announcement_date_plus_1_conservative,corporate action dates need notice/ex-date separation,lagged_level|rank_xsection
dividend_cninfo,cn_fundamental_akshare_batch_v1_20260531\aggregated_v1\dividend_cninfo\dividend_cninfo.parquet,转增比例,other,feature_candidate,true_after_pit_contract,announcement_pit_context,pit_feature_panel,announcement_date_plus_1_conservative,corporate action dates need notice/ex-date separation,lagged_level|rank_xsection
dividend_cninfo,cn_fundamental_akshare_batch_v1_20260531\aggregated_v1\dividend_cninfo\dividend_cninfo.parquet,派息比例,other,feature_candidate,true_after_pit_contract,announcement_pit_context,pit_feature_panel,announcement_date_plus_1_conservative,corporate action dates need notice/ex-date separation,lagged_level|rank_xsection
dividend_cninfo,cn_fundamental_akshare_batch_v1_20260531\aggregated_v1\dividend_cninfo\dividend_cninfo.parquet,股权登记日,other,feature_candidate,true_after_pit_contract,announcement_pit_context,pit_feature_panel,announcement_date_plus_1_conservative,corporate action dates need notice/ex-date separation,lagged_level|rank_xsection
dividend_cninfo,cn_fundamental_akshare_batch_v1_20260531\aggregated_v1\dividend_cninfo\dividend_cninfo.parquet,除权日,other,feature_candidate,true_after_pit_contract,announcement_pit_context,pit_feature_panel,announcement_date_plus_1_conservative,corporate action dates need notice/ex-date separation,lagged_level|rank_xsection
dividend_cninfo,cn_fundamental_akshare_batch_v1_20260531\aggregated_v1\dividend_cninfo\dividend_cninfo.parquet,派息日,other,feature_candidate,true_after_pit_contract,announcement_pit_context,pit_feature_panel,announcement_date_plus_1_conservative,corporate action dates need notice/ex-date separation,lagged_level|rank_xsection
dividend_cninfo,cn_fundamental_akshare_batch_v1_20260531\aggregated_v1\dividend_cninfo\dividend_cninfo.parquet,股份到账日,other,feature_candidate,true_after_pit_contract,announcement_pit_context,pit_feature_panel,announcement_date_plus_1_conservative,corporate action dates need notice/ex-date separation,lagged_level|rank_xsection
dividend_cninfo,cn_fundamental_akshare_batch_v1_20260531\aggregated_v1\dividend_cninfo\dividend_cninfo.parquet,实施方案分红说明,other,feature_candidate,true_after_pit_contract,announcement_pit_context,pit_feature_panel,announcement_date_plus_1_conservative,corporate action dates need notice/ex-date separation,lagged_level|rank_xsection
dividend_cninfo,cn_fundamental_akshare_batch_v1_20260531\aggregated_v1\dividend_cninfo\dividend_cninfo.parquet,分红类型,other,feature_candidate,true_after_pit_contract,announcement_pit_context,pit_feature_panel,announcement_date_plus_1_conservative,corporate action dates need notice/ex-date separation,lagged_level|rank_xsection
dividend_cninfo,cn_fundamental_akshare_batch_v1_20260531\aggregated_v1\dividend_cninfo\dividend_cninfo.parquet,报告时间,other,feature_candidate,true_after_pit_contract,announcement_pit_context,pit_feature_panel,announcement_date_plus_1_conservative,corporate action dates need notice/ex-date separation,lagged_level|rank_xsection
dividend_cninfo,cn_fundamental_akshare_batch_v1_20260531\aggregated_v1\dividend_cninfo\dividend_cninfo.parquet,_source_file,other,feature_candidate,true_after_pit_contract,announcement_pit_context,pit_feature_panel,announcement_date_plus_1_conservative,corporate action dates need notice/ex-date separation,lagged_level|rank_xsection
financial_analysis_indicator_sina,cn_fundamental_akshare_batch_v1_20260531\aggregated_v1\financial_analysis_indicator_sina\financial_analysis_indicator_sina.parquet,source_em,other,feature_candidate,true_after_notice_date,announcement_pit_context,fundamental_pit_feature_panel,notice_date_plus_1_conservative,NOTICE_DATE governs availability; REPORT_DATE alone is not enough,lagged_level|rank_xsection
financial_analysis_indicator_sina,cn_fundamental_akshare_batch_v1_20260531\aggregated_v1\financial_analysis_indicator_sina\financial_analysis_indicator_sina.parquet,source_code6,instrument_key,key,false_key_only,announcement_pit_context,fundamental_pit_feature_panel,notice_date_plus_1_conservative,NOTICE_DATE governs availability; REPORT_DATE alone is not enough,lagged_level|rank_xsection
financial_analysis_indicator_sina,cn_fundamental_akshare_batch_v1_20260531\aggregated_v1\financial_analysis_indicator_sina\financial_analysis_indicator_sina.parquet,日期,other,feature_candidate,true_after_notice_date,announcement_pit_context,fundamental_pit_feature_panel,notice_date_plus_1_conservative,NOTICE_DATE governs availability; REPORT_DATE alone is not enough,lagged_level|rank_xsection
financial_analysis_indicator_sina,cn_fundamental_akshare_batch_v1_20260531\aggregated_v1\financial_analysis_indicator_sina\financial_analysis_indicator_sina.parquet,摊薄每股收益(元),other,feature_candidate,true_after_notice_date,announcement_pit_context,fundamental_pit_feature_panel,notice_date_plus_1_conservative,NOTICE_DATE governs availability; REPORT_DATE alone is not enough,lagged_level|rank_xsection
financial_analysis_indicator_sina,cn_fundamental_akshare_batch_v1_20260531\aggregated_v1\financial_analysis_indicator_sina\financial_analysis_indicator_sina.parquet,加权每股收益(元),other,feature_candidate,true_after_notice_date,announcement_pit_context,fundamental_pit_feature_panel,notice_date_plus_1_conservative,NOTICE_DATE governs availability; REPORT_DATE alone is not enough,lagged_level|rank_xsection
financial_analysis_indicator_sina,cn_fundamental_akshare_batch_v1_20260531\aggregated_v1\financial_analysis_indicator_sina\financial_analysis_indicator_sina.parquet,每股收益_调整后(元),other,feature_candidate,true_after_notice_date,announcement_pit_context,fundamental_pit_feature_panel,notice_date_plus_1_conservative,NOTICE_DATE governs availability; REPORT_DATE alone is not enough,lagged_level|rank_xsection
financial_analysis_indicator_sina,cn_fundamental_akshare_batch_v1_20260531\aggregated_v1\financial_analysis_indicator_sina\financial_analysis_indicator_sina.parquet,扣除非经常性损益后的每股收益(元),other,feature_candidate,true_after_notice_date,announcement_pit_context,fundamental_pit_feature_panel,notice_date_plus_1_conservative,NOTICE_DATE governs availability; REPORT_DATE alone is not enough,lagged_level|rank_xsection
financial_analysis_indicator_sina,cn_fundamental_akshare_batch_v1_20260531\aggregated_v1\financial_analysis_indicator_sina\financial_analysis_indicator_sina.parquet,每股净资产_调整前(元),other,feature_candidate,true_after_notice_date,announcement_pit_context,fundamental_pit_feature_panel,notice_date_plus_1_conservative,NOTICE_DATE governs availability; REPORT_DATE alone is not enough,lagged_level|rank_xsection
financial_analysis_indicator_sina,cn_fundamental_akshare_batch_v1_20260531\aggregated_v1\financial_analysis_indicator_sina\financial_analysis_indicator_sina.parquet,每股净资产_调整后(元),other,feature_candidate,true_after_notice_date,announcement_pit_context,fundamental_pit_feature_panel,notice_date_plus_1_conservative,NOTICE_DATE governs availability; REPORT_DATE alone is not enough,lagged_level|rank_xsection
financial_analysis_indicator_sina,cn_fundamental_akshare_batch_v1_20260531\aggregated_v1\financial_analysis_indicator_sina\financial_analysis_indicator_sina.parquet,每股经营性现金流(元),other,feature_candidate,true_after_notice_date,announcement_pit_context,fundamental_pit_feature_panel,notice_date_plus_1_conservative,NOTICE_DATE governs availability; REPORT_DATE alone is not enough,lagged_level|rank_xsection
financial_analysis_indicator_sina,cn_fundamental_akshare_batch_v1_20260531\aggregated_v1\financial_analysis_indicator_sina\financial_analysis_indicator_sina.parquet,每股资本公积金(元),other,feature_candidate,true_after_notice_date,announcement_pit_context,fundamental_pit_feature_panel,notice_date_plus_1_conservative,NOTICE_DATE governs availability; REPORT_DATE alone is not enough,lagged_level|rank_xsection
financial_analysis_indicator_sina,cn_fundamental_akshare_batch_v1_20260531\aggregated_v1\financial_analysis_indicator_sina\financial_analysis_indicator_sina.parquet,每股未分配利润(元),other,feature_candidate,true_after_notice_date,announcement_pit_context,fundamental_pit_feature_panel,notice_date_plus_1_conservative,NOTICE_DATE governs availability; REPORT_DATE alone is not enough,lagged_level|rank_xsection
financial_analysis_indicator_sina,cn_fundamental_akshare_batch_v1_20260531\aggregated_v1\financial_analysis_indicator_sina\financial_analysis_indicator_sina.parquet,调整后的每股净资产(元),other,feature_candidate,true_after_notice_date,announcement_pit_context,fundamental_pit_feature_panel,notice_date_plus_1_conservative,NOTICE_DATE governs availability; REPORT_DATE alone is not enough,lagged_level|rank_xsection
financial_analysis_indicator_sina,cn_fundamental_akshare_batch_v1_20260531\aggregated_v1\financial_analysis_indicator_sina\financial_analysis_indicator_sina.parquet,总资产利润率(%),other,feature_candidate,true_after_notice_date,announcement_pit_context,fundamental_pit_feature_panel,notice_date_plus_1_conservative,NOTICE_DATE governs availability; REPORT_DATE alone is not enough,lagged_level|rank_xsection
financial_analysis_indicator_sina,cn_fundamental_akshare_batch_v1_20260531\aggregated_v1\financial_analysis_indicator_sina\financial_analysis_indicator_sina.parquet,主营业务利润率(%),other,feature_candidate,true_after_notice_date,announcement_pit_context,fundamental_pit_feature_panel,notice_date_plus_1_conservative,NOTICE_DATE governs availability; REPORT_DATE alone is not enough,lagged_level|rank_xsection
financial_analysis_indicator_sina,cn_fundamental_akshare_batch_v1_20260531\aggregated_v1\financial_analysis_indicator_sina\financial_analysis_indicator_sina.parquet,总资产净利润率(%),other,feature_candidate,true_after_notice_date,announcement_pit_context,fundamental_pit_feature_panel,notice_date_plus_1_conservative,NOTICE_DATE governs availability; REPORT_DATE alone is not enough,lagged_level|rank_xsection
financial_analysis_indicator_sina,cn_fundamental_akshare_batch_v1_20260531\aggregated_v1\financial_analysis_indicator_sina\financial_analysis_indicator_sina.parquet,成本费用利润率(%),other,feature_candidate,true_after_notice_date,announcement_pit_context,fundamental_pit_feature_panel,notice_date_plus_1_conservative,NOTICE_DATE governs availability; REPORT_DATE alone is not enough,lagged_level|rank_xsection
financial_analysis_indicator_sina,cn_fundamental_akshare_batch_v1_20260531\aggregated_v1\financial_analysis_indicator_sina\financial_analysis_indicator_sina.parquet,营业利润率(%),other,feature_candidate,true_after_notice_date,announcement_pit_context,fundamental_pit_feature_panel,notice_date_plus_1_conservative,NOTICE_DATE governs availability; REPORT_DATE alone is not enough,lagged_level|rank_xsection
financial_analysis_indicator_sina,cn_fundamental_akshare_batch_v1_20260531\aggregated_v1\financial_analysis_indicator_sina\financial_analysis_indicator_sina.parquet,主营业务成本率(%),other,feature_candidate,true_after_notice_date,announcement_pit_context,fundamental_pit_feature_panel,notice_date_plus_1_conservative,NOTICE_DATE governs availability; REPORT_DATE alone is not enough,lagged_level|rank_xsection
financial_analysis_indicator_sina,cn_fundamental_akshare_batch_v1_20260531\aggregated_v1\financial_analysis_indicator_sina\financial_analysis_indicator_sina.parquet,销售净利率(%),other,feature_candidate,true_after_notice_date,announcement_pit_context,fundamental_pit_feature_panel,notice_date_plus_1_conservative,NOTICE_DATE governs availability; REPORT_DATE alone is not enough,lagged_level|rank_xsection
financial_analysis_indicator_sina,cn_fundamental_akshare_batch_v1_20260531\aggregated_v1\financial_analysis_indicator_sina\financial_analysis_indicator_sina.parquet,股本报酬率(%),other,feature_candidate,true_after_notice_date,announcement_pit_context,fundamental_pit_feature_panel,notice_date_plus_1_conservative,NOTICE_DATE governs availability; REPORT_DATE alone is not enough,lagged_level|rank_xsection
financial_analysis_indicator_sina,cn_fundamental_akshare_batch_v1_20260531\aggregated_v1\financial_analysis_indicator_sina\financial_analysis_indicator_sina.parquet,净资产报酬率(%),other,feature_candidate,true_after_notice_date,announcement_pit_context,fundamental_pit_feature_panel,notice_date_plus_1_conservative,NOTICE_DATE governs availability; REPORT_DATE alone is not enough,lagged_level|rank_xsection
financial_analysis_indicator_sina,cn_fundamental_akshare_batch_v1_20260531\aggregated_v1\financial_analysis_indicator_sina\financial_analysis_indicator_sina.parquet,资产报酬率(%),other,feature_candidate,true_after_notice_date,announcement_pit_context,fundamental_pit_feature_panel,notice_date_plus_1_conservative,NOTICE_DATE governs availability; REPORT_DATE alone is not enough,lagged_level|rank_xsection
financial_analysis_indicator_sina,cn_fundamental_akshare_batch_v1_20260531\aggregated_v1\financial_analysis_indicator_sina\financial_analysis_indicator_sina.parquet,销售毛利率(%),other,feature_candidate,true_after_notice_date,announcement_pit_context,fundamental_pit_feature_panel,notice_date_plus_1_conservative,NOTICE_DATE governs availability; REPORT_DATE alone is not enough,lagged_level|rank_xsection
financial_analysis_indicator_sina,cn_fundamental_akshare_batch_v1_20260531\aggregated_v1\financial_analysis_indicator_sina\financial_analysis_indicator_sina.parquet,三项费用比重,other,feature_candidate,true_after_notice_date,announcement_pit_context,fundamental_pit_feature_panel,notice_date_plus_1_conservative,NOTICE_DATE governs availability; REPORT_DATE alone is not enough,lagged_level|rank_xsection
financial_analysis_indicator_sina,cn_fundamental_akshare_batch_v1_20260531\aggregated_v1\financial_analysis_indicator_sina\financial_analysis_indicator_sina.parquet,非主营比重,other,feature_candidate,true_after_notice_date,announcement_pit_context,fundamental_pit_feature_panel,notice_date_plus_1_conservative,NOTICE_DATE governs availability; REPORT_DATE alone is not enough,lagged_level|rank_xsection
financial_analysis_indicator_sina,cn_fundamental_akshare_batch_v1_20260531\aggregated_v1\financial_analysis_indicator_sina\financial_analysis_indicator_sina.parquet,主营利润比重,other,feature_candidate,true_after_notice_date,announcement_pit_context,fundamental_pit_feature_panel,notice_date_plus_1_conservative,NOTICE_DATE governs availability; REPORT_DATE alone is not enough,lagged_level|rank_xsection
financial_analysis_indicator_sina,cn_fundamental_akshare_batch_v1_20260531\aggregated_v1\financial_analysis_indicator_sina\financial_analysis_indicator_sina.parquet,股息发放率(%),other,feature_candidate,true_after_notice_date,announcement_pit_context,fundamental_pit_feature_panel,notice_date_plus_1_conservative,NOTICE_DATE governs availability; REPORT_DATE alone is not enough,lagged_level|rank_xsection
financial_analysis_indicator_sina,cn_fundamental_akshare_batch_v1_20260531\aggregated_v1\financial_analysis_indicator_sina\financial_analysis_indicator_sina.parquet,投资收益率(%),other,feature_candidate,true_after_notice_date,announcement_pit_context,fundamental_pit_feature_panel,notice_date_plus_1_conservative,NOTICE_DATE governs availability; REPORT_DATE alone is not enough,lagged_level|rank_xsection
financial_analysis_indicator_sina,cn_fundamental_akshare_batch_v1_20260531\aggregated_v1\financial_analysis_indicator_sina\financial_analysis_indicator_sina.parquet,主营业务利润(元),other,feature_candidate,true_after_notice_date,announcement_pit_context,fundamental_pit_feature_panel,notice_date_plus_1_conservative,NOTICE_DATE governs availability; REPORT_DATE alone is not enough,lagged_level|rank_xsection
financial_analysis_indicator_sina,cn_fundamental_akshare_batch_v1_20260531\aggregated_v1\financial_analysis_indicator_sina\financial_analysis_indicator_sina.parquet,净资产收益率(%),other,feature_candidate,true_after_notice_date,announcement_pit_context,fundamental_pit_feature_panel,notice_date_plus_1_conservative,NOTICE_DATE governs availability; REPORT_DATE alone is not enough,lagged_level|rank_xsection
financial_analysis_indicator_sina,cn_fundamental_akshare_batch_v1_20260531\aggregated_v1\financial_analysis_indicator_sina\financial_analysis_indicator_sina.parquet,加权净资产收益率(%),other,feature_candidate,true_after_notice_date,announcement_pit_context,fundamental_pit_feature_panel,notice_date_plus_1_conservative,NOTICE_DATE governs availability; REPORT_DATE alone is not enough,lagged_level|rank_xsection
financial_analysis_indicator_sina,cn_fundamental_akshare_batch_v1_20260531\aggregated_v1\financial_analysis_indicator_sina\financial_analysis_indicator_sina.parquet,扣除非经常性损益后的净利润(元),other,feature_candidate,true_after_notice_date,announcement_pit_context,fundamental_pit_feature_panel,notice_date_plus_1_conservative,NOTICE_DATE governs availability; REPORT_DATE alone is not enough,lagged_level|rank_xsection
financial_analysis_indicator_sina,cn_fundamental_akshare_batch_v1_20260531\aggregated_v1\financial_analysis_indicator_sina\financial_analysis_indicator_sina.parquet,主营业务收入增长率(%),other,feature_candidate,true_after_notice_date,announcement_pit_context,fundamental_pit_feature_panel,notice_date_plus_1_conservative,NOTICE_DATE governs availability; REPORT_DATE alone is not enough,lagged_level|rank_xsection
financial_analysis_indicator_sina,cn_fundamental_akshare_batch_v1_20260531\aggregated_v1\financial_analysis_indicator_sina\financial_analysis_indicator_sina.parquet,净利润增长率(%),other,feature_candidate,true_after_notice_date,announcement_pit_context,fundamental_pit_feature_panel,notice_date_plus_1_conservative,NOTICE_DATE governs availability; REPORT_DATE alone is not enough,lagged_level|rank_xsection
financial_analysis_indicator_sina,cn_fundamental_akshare_batch_v1_20260531\aggregated_v1\financial_analysis_indicator_sina\financial_analysis_indicator_sina.parquet,净资产增长率(%),other,feature_candidate,true_after_notice_date,announcement_pit_context,fundamental_pit_feature_panel,notice_date_plus_1_conservative,NOTICE_DATE governs availability; REPORT_DATE alone is not enough,lagged_level|rank_xsection
financial_analysis_indicator_sina,cn_fundamental_akshare_batch_v1_20260531\aggregated_v1\financial_analysis_indicator_sina\financial_analysis_indicator_sina.parquet,总资产增长率(%),other,feature_candidate,true_after_notice_date,announcement_pit_context,fundamental_pit_feature_panel,notice_date_plus_1_conservative,NOTICE_DATE governs availability; REPORT_DATE alone is not enough,lagged_level|rank_xsection
financial_analysis_indicator_sina,cn_fundamental_akshare_batch_v1_20260531\aggregated_v1\financial_analysis_indicator_sina\financial_analysis_indicator_sina.parquet,应收账款周转率(次),other,feature_candidate,true_after_notice_date,announcement_pit_context,fundamental_pit_feature_panel,notice_date_plus_1_conservative,NOTICE_DATE governs availability; REPORT_DATE alone is not enough,lagged_level|rank_xsection
financial_analysis_indicator_sina,cn_fundamental_akshare_batch_v1_20260531\aggregated_v1\financial_analysis_indicator_sina\financial_analysis_indicator_sina.parquet,应收账款周转天数(天),other,feature_candidate,true_after_notice_date,announcement_pit_context,fundamental_pit_feature_panel,notice_date_plus_1_conservative,NOTICE_DATE governs availability; REPORT_DATE alone is not enough,lagged_level|rank_xsection
financial_analysis_indicator_sina,cn_fundamental_akshare_batch_v1_20260531\aggregated_v1\financial_analysis_indicator_sina\financial_analysis_indicator_sina.parquet,存货周转天数(天),other,feature_candidate,true_after_notice_date,announcement_pit_context,fundamental_pit_feature_panel,notice_date_plus_1_conservative,NOTICE_DATE governs availability; REPORT_DATE alone is not enough,lagged_level|rank_xsection
financial_analysis_indicator_sina,cn_fundamental_akshare_batch_v1_20260531\aggregated_v1\financial_analysis_indicator_sina\financial_analysis_indicator_sina.parquet,存货周转率(次),other,feature_candidate,true_after_notice_date,announcement_pit_context,fundamental_pit_feature_panel,notice_date_plus_1_conservative,NOTICE_DATE governs availability; REPORT_DATE alone is not enough,lagged_level|rank_xsection
financial_analysis_indicator_sina,cn_fundamental_akshare_batch_v1_20260531\aggregated_v1\financial_analysis_indicator_sina\financial_analysis_indicator_sina.parquet,固定资产周转率(次),other,feature_candidate,true_after_notice_date,announcement_pit_context,fundamental_pit_feature_panel,notice_date_plus_1_conservative,NOTICE_DATE governs availability; REPORT_DATE alone is not enough,lagged_level|rank_xsection
financial_analysis_indicator_sina,cn_fundamental_akshare_batch_v1_20260531\aggregated_v1\financial_analysis_indicator_sina\financial_analysis_indicator_sina.parquet,总资产周转率(次),other,feature_candidate,true_after_notice_date,announcement_pit_context,fundamental_pit_feature_panel,notice_date_plus_1_conservative,NOTICE_DATE governs availability; REPORT_DATE alone is not enough,lagged_level|rank_xsection
financial_analysis_indicator_sina,cn_fundamental_akshare_batch_v1_20260531\aggregated_v1\financial_analysis_indicator_sina\financial_analysis_indicator_sina.parquet,总资产周转天数(天),other,feature_candidate,true_after_notice_date,announcement_pit_context,fundamental_pit_feature_panel,notice_date_plus_1_conservative,NOTICE_DATE governs availability; REPORT_DATE alone is not enough,lagged_level|rank_xsection
financial_analysis_indicator_sina,cn_fundamental_akshare_batch_v1_20260531\aggregated_v1\financial_analysis_indicator_sina\financial_analysis_indicator_sina.parquet,流动资产周转率(次),other,feature_candidate,true_after_notice_date,announcement_pit_context,fundamental_pit_feature_panel,notice_date_plus_1_conservative,NOTICE_DATE governs availability; REPORT_DATE alone is not enough,lagged_level|rank_xsection
financial_analysis_indicator_sina,cn_fundamental_akshare_batch_v1_20260531\aggregated_v1\financial_analysis_indicator_sina\financial_analysis_indicator_sina.parquet,流动资产周转天数(天),other,feature_candidate,true_after_notice_date,announcement_pit_context,fundamental_pit_feature_panel,notice_date_plus_1_conservative,NOTICE_DATE governs availability; REPORT_DATE alone is not enough,lagged_level|rank_xsection
financial_analysis_indicator_sina,cn_fundamental_akshare_batch_v1_20260531\aggregated_v1\financial_analysis_indicator_sina\financial_analysis_indicator_sina.parquet,股东权益周转率(次),other,feature_candidate,true_after_notice_date,announcement_pit_context,fundamental_pit_feature_panel,notice_date_plus_1_conservative,NOTICE_DATE governs availability; REPORT_DATE alone is not enough,lagged_level|rank_xsection
financial_analysis_indicator_sina,cn_fundamental_akshare_batch_v1_20260531\aggregated_v1\financial_analysis_indicator_sina\financial_analysis_indicator_sina.parquet,流动比率,other,feature_candidate,true_after_notice_date,announcement_pit_context,fundamental_pit_feature_panel,notice_date_plus_1_conservative,NOTICE_DATE governs availability; REPORT_DATE alone is not enough,lagged_level|rank_xsection
financial_analysis_indicator_sina,cn_fundamental_akshare_batch_v1_20260531\aggregated_v1\financial_analysis_indicator_sina\financial_analysis_indicator_sina.parquet,速动比率,other,feature_candidate,true_after_notice_date,announcement_pit_context,fundamental_pit_feature_panel,notice_date_plus_1_conservative,NOTICE_DATE governs availability; REPORT_DATE alone is not enough,lagged_level|rank_xsection
financial_analysis_indicator_sina,cn_fundamental_akshare_batch_v1_20260531\aggregated_v1\financial_analysis_indicator_sina\financial_analysis_indicator_sina.parquet,现金比率(%),other,feature_candidate,true_after_notice_date,announcement_pit_context,fundamental_pit_feature_panel,notice_date_plus_1_conservative,NOTICE_DATE governs availability; REPORT_DATE alone is not enough,lagged_level|rank_xsection
financial_analysis_indicator_sina,cn_fundamental_akshare_batch_v1_20260531\aggregated_v1\financial_analysis_indicator_sina\financial_analysis_indicator_sina.parquet,利息支付倍数,other,feature_candidate,true_after_notice_date,announcement_pit_context,fundamental_pit_feature_panel,notice_date_plus_1_conservative,NOTICE_DATE governs availability; REPORT_DATE alone is not enough,lagged_level|rank_xsection
financial_analysis_indicator_sina,cn_fundamental_akshare_batch_v1_20260531\aggregated_v1\financial_analysis_indicator_sina\financial_analysis_indicator_sina.parquet,长期债务与营运资金比率(%),other,feature_candidate,true_after_notice_date,announcement_pit_context,fundamental_pit_feature_panel,notice_date_plus_1_conservative,NOTICE_DATE governs availability; REPORT_DATE alone is not enough,lagged_level|rank_xsection
financial_analysis_indicator_sina,cn_fundamental_akshare_batch_v1_20260531\aggregated_v1\financial_analysis_indicator_sina\financial_analysis_indicator_sina.parquet,股东权益比率(%),other,feature_candidate,true_after_notice_date,announcement_pit_context,fundamental_pit_feature_panel,notice_date_plus_1_conservative,NOTICE_DATE governs availability; REPORT_DATE alone is not enough,lagged_level|rank_xsection
financial_analysis_indicator_sina,cn_fundamental_akshare_batch_v1_20260531\aggregated_v1\financial_analysis_indicator_sina\financial_analysis_indicator_sina.parquet,长期负债比率(%),other,feature_candidate,true_after_notice_date,announcement_pit_context,fundamental_pit_feature_panel,notice_date_plus_1_conservative,NOTICE_DATE governs availability; REPORT_DATE alone is not enough,lagged_level|rank_xsection
financial_analysis_indicator_sina,cn_fundamental_akshare_batch_v1_20260531\aggregated_v1\financial_analysis_indicator_sina\financial_analysis_indicator_sina.parquet,股东权益与固定资产比率(%),other,feature_candidate,true_after_notice_date,announcement_pit_context,fundamental_pit_feature_panel,notice_date_plus_1_conservative,NOTICE_DATE governs availability; REPORT_DATE alone is not enough,lagged_level|rank_xsection
financial_analysis_indicator_sina,cn_fundamental_akshare_batch_v1_20260531\aggregated_v1\financial_analysis_indicator_sina\financial_analysis_indicator_sina.parquet,负债与所有者权益比率(%),other,feature_candidate,true_after_notice_date,announcement_pit_context,fundamental_pit_feature_panel,notice_date_plus_1_conservative,NOTICE_DATE governs availability; REPORT_DATE alone is not enough,lagged_level|rank_xsection
financial_analysis_indicator_sina,cn_fundamental_akshare_batch_v1_20260531\aggregated_v1\financial_analysis_indicator_sina\financial_analysis_indicator_sina.parquet,长期资产与长期资金比率(%),other,feature_candidate,true_after_notice_date,announcement_pit_context,fundamental_pit_feature_panel,notice_date_plus_1_conservative,NOTICE_DATE governs availability; REPORT_DATE alone is not enough,lagged_level|rank_xsection
financial_analysis_indicator_sina,cn_fundamental_akshare_batch_v1_20260531\aggregated_v1\financial_analysis_indicator_sina\financial_analysis_indicator_sina.parquet,资本化比率(%),other,feature_candidate,true_after_notice_date,announcement_pit_context,fundamental_pit_feature_panel,notice_date_plus_1_conservative,NOTICE_DATE governs availability; REPORT_DATE alone is not enough,lagged_level|rank_xsection
financial_analysis_indicator_sina,cn_fundamental_akshare_batch_v1_20260531\aggregated_v1\financial_analysis_indicator_sina\financial_analysis_indicator_sina.parquet,固定资产净值率(%),other,feature_candidate,true_after_notice_date,announcement_pit_context,fundamental_pit_feature_panel,notice_date_plus_1_conservative,NOTICE_DATE governs availability; REPORT_DATE alone is not enough,lagged_level|rank_xsection
financial_analysis_indicator_sina,cn_fundamental_akshare_batch_v1_20260531\aggregated_v1\financial_analysis_indicator_sina\financial_analysis_indicator_sina.parquet,资本固定化比率(%),other,feature_candidate,true_after_notice_date,announcement_pit_context,fundamental_pit_feature_panel,notice_date_plus_1_conservative,NOTICE_DATE governs availability; REPORT_DATE alone is not enough,lagged_level|rank_xsection
financial_analysis_indicator_sina,cn_fundamental_akshare_batch_v1_20260531\aggregated_v1\financial_analysis_indicator_sina\financial_analysis_indicator_sina.parquet,产权比率(%),other,feature_candidate,true_after_notice_date,announcement_pit_context,fundamental_pit_feature_panel,notice_date_plus_1_conservative,NOTICE_DATE governs availability; REPORT_DATE alone is not enough,lagged_level|rank_xsection
financial_analysis_indicator_sina,cn_fundamental_akshare_batch_v1_20260531\aggregated_v1\financial_analysis_indicator_sina\financial_analysis_indicator_sina.parquet,清算价值比率(%),other,feature_candidate,true_after_notice_date,announcement_pit_context,fundamental_pit_feature_panel,notice_date_plus_1_conservative,NOTICE_DATE governs availability; REPORT_DATE alone is not enough,lagged_level|rank_xsection
financial_analysis_indicator_sina,cn_fundamental_akshare_batch_v1_20260531\aggregated_v1\financial_analysis_indicator_sina\financial_analysis_indicator_sina.parquet,固定资产比重(%),other,feature_candidate,true_after_notice_date,announcement_pit_context,fundamental_pit_feature_panel,notice_date_plus_1_conservative,NOTICE_DATE governs availability; REPORT_DATE alone is not enough,lagged_level|rank_xsection
financial_analysis_indicator_sina,cn_fundamental_akshare_batch_v1_20260531\aggregated_v1\financial_analysis_indicator_sina\financial_analysis_indicator_sina.parquet,资产负债率(%),other,feature_candidate,true_after_notice_date,announcement_pit_context,fundamental_pit_feature_panel,notice_date_plus_1_conservative,NOTICE_DATE governs availability; REPORT_DATE alone is not enough,lagged_level|rank_xsection
financial_analysis_indicator_sina,cn_fundamental_akshare_batch_v1_20260531\aggregated_v1\financial_analysis_indicator_sina\financial_analysis_indicator_sina.parquet,总资产(元),other,feature_candidate,true_after_notice_date,announcement_pit_context,fundamental_pit_feature_panel,notice_date_plus_1_conservative,NOTICE_DATE governs availability; REPORT_DATE alone is not enough,lagged_level|rank_xsection
financial_analysis_indicator_sina,cn_fundamental_akshare_batch_v1_20260531\aggregated_v1\financial_analysis_indicator_sina\financial_analysis_indicator_sina.parquet,经营现金净流量对销售收入比率(%),other,feature_candidate,true_after_notice_date,announcement_pit_context,fundamental_pit_feature_panel,notice_date_plus_1_conservative,NOTICE_DATE governs availability; REPORT_DATE alone is not enough,lagged_level|rank_xsection
financial_analysis_indicator_sina,cn_fundamental_akshare_batch_v1_20260531\aggregated_v1\financial_analysis_indicator_sina\financial_analysis_indicator_sina.parquet,资产的经营现金流量回报率(%),other,feature_candidate,true_after_notice_date,announcement_pit_context,fundamental_pit_feature_panel,notice_date_plus_1_conservative,NOTICE_DATE governs availability; REPORT_DATE alone is not enough,lagged_level|rank_xsection
financial_analysis_indicator_sina,cn_fundamental_akshare_batch_v1_20260531\aggregated_v1\financial_analysis_indicator_sina\financial_analysis_indicator_sina.parquet,经营现金净流量与净利润的比率(%),other,feature_candidate,true_after_notice_date,announcement_pit_context,fundamental_pit_feature_panel,notice_date_plus_1_conservative,NOTICE_DATE governs availability; REPORT_DATE alone is not enough,lagged_level|rank_xsection
financial_analysis_indicator_sina,cn_fundamental_akshare_batch_v1_20260531\aggregated_v1\financial_analysis_indicator_sina\financial_analysis_indicator_sina.parquet,经营现金净流量对负债比率(%),other,feature_candidate,true_after_notice_date,announcement_pit_context,fundamental_pit_feature_panel,notice_date_plus_1_conservative,NOTICE_DATE governs availability; REPORT_DATE alone is not enough,lagged_level|rank_xsection
financial_analysis_indicator_sina,cn_fundamental_akshare_batch_v1_20260531\aggregated_v1\financial_analysis_indicator_sina\financial_analysis_indicator_sina.parquet,现金流量比率(%),other,feature_candidate,true_after_notice_date,announcement_pit_context,fundamental_pit_feature_panel,notice_date_plus_1_conservative,NOTICE_DATE governs availability; REPORT_DATE alone is not enough,lagged_level|rank_xsection
financial_analysis_indicator_sina,cn_fundamental_akshare_batch_v1_20260531\aggregated_v1\financial_analysis_indicator_sina\financial_analysis_indicator_sina.parquet,短期股票投资(元),other,feature_candidate,true_after_notice_date,announcement_pit_context,fundamental_pit_feature_panel,notice_date_plus_1_conservative,NOTICE_DATE governs availability; REPORT_DATE alone is not enough,lagged_level|rank_xsection
financial_analysis_indicator_sina,cn_fundamental_akshare_batch_v1_20260531\aggregated_v1\financial_analysis_indicator_sina\financial_analysis_indicator_sina.parquet,短期债券投资(元),other,feature_candidate,true_after_notice_date,announcement_pit_context,fundamental_pit_feature_panel,notice_date_plus_1_conservative,NOTICE_DATE governs availability; REPORT_DATE alone is not enough,lagged_level|rank_xsection
financial_analysis_indicator_sina,cn_fundamental_akshare_batch_v1_20260531\aggregated_v1\financial_analysis_indicator_sina\financial_analysis_indicator_sina.parquet,短期其它经营性投资(元),other,feature_candidate,true_after_notice_date,announcement_pit_context,fundamental_pit_feature_panel,notice_date_plus_1_conservative,NOTICE_DATE governs availability; REPORT_DATE alone is not enough,lagged_level|rank_xsection
financial_analysis_indicator_sina,cn_fundamental_akshare_batch_v1_20260531\aggregated_v1\financial_analysis_indicator_sina\financial_analysis_indicator_sina.parquet,长期股票投资(元),other,feature_candidate,true_after_notice_date,announcement_pit_context,fundamental_pit_feature_panel,notice_date_plus_1_conservative,NOTICE_DATE governs availability; REPORT_DATE alone is not enough,lagged_level|rank_xsection
financial_analysis_indicator_sina,cn_fundamental_akshare_batch_v1_20260531\aggregated_v1\financial_analysis_indicator_sina\financial_analysis_indicator_sina.parquet,长期债券投资(元),other,feature_candidate,true_after_notice_date,announcement_pit_context,fundamental_pit_feature_panel,notice_date_plus_1_conservative,NOTICE_DATE governs availability; REPORT_DATE alone is not enough,lagged_level|rank_xsection
financial_analysis_indicator_sina,cn_fundamental_akshare_batch_v1_20260531\aggregated_v1\financial_analysis_indicator_sina\financial_analysis_indicator_sina.parquet,长期其它经营性投资(元),other,feature_candidate,true_after_notice_date,announcement_pit_context,fundamental_pit_feature_panel,notice_date_plus_1_conservative,NOTICE_DATE governs availability; REPORT_DATE alone is not enough,lagged_level|rank_xsection
financial_analysis_indicator_sina,cn_fundamental_akshare_batch_v1_20260531\aggregated_v1\financial_analysis_indicator_sina\financial_analysis_indicator_sina.parquet,1年以内应收帐款(元),other,feature_candidate,true_after_notice_date,announcement_pit_context,fundamental_pit_feature_panel,notice_date_plus_1_conservative,NOTICE_DATE governs availability; REPORT_DATE alone is not enough,lagged_level|rank_xsection
financial_analysis_indicator_sina,cn_fundamental_akshare_batch_v1_20260531\aggregated_v1\financial_analysis_indicator_sina\financial_analysis_indicator_sina.parquet,1-2年以内应收帐款(元),other,feature_candidate,true_after_notice_date,announcement_pit_context,fundamental_pit_feature_panel,notice_date_plus_1_conservative,NOTICE_DATE governs availability; REPORT_DATE alone is not enough,lagged_level|rank_xsection
financial_analysis_indicator_sina,cn_fundamental_akshare_batch_v1_20260531\aggregated_v1\financial_analysis_indicator_sina\financial_analysis_indicator_sina.parquet,2-3年以内应收帐款(元),other,feature_candidate,true_after_notice_date,announcement_pit_context,fundamental_pit_feature_panel,notice_date_plus_1_conservative,NOTICE_DATE governs availability; REPORT_DATE alone is not enough,lagged_level|rank_xsection
financial_analysis_indicator_sina,cn_fundamental_akshare_batch_v1_20260531\aggregated_v1\financial_analysis_indicator_sina\financial_analysis_indicator_sina.parquet,3年以内应收帐款(元),other,feature_candidate,true_after_notice_date,announcement_pit_context,fundamental_pit_feature_panel,notice_date_plus_1_conservative,NOTICE_DATE governs availability; REPORT_DATE alone is not enough,lagged_level|rank_xsection
financial_analysis_indicator_sina,cn_fundamental_akshare_batch_v1_20260531\aggregated_v1\financial_analysis_indicator_sina\financial_analysis_indicator_sina.parquet,1年以内预付货款(元),other,feature_candidate,true_after_notice_date,announcement_pit_context,fundamental_pit_feature_panel,notice_date_plus_1_conservative,NOTICE_DATE governs availability; REPORT_DATE alone is not enough,lagged_level|rank_xsection
financial_analysis_indicator_sina,cn_fundamental_akshare_batch_v1_20260531\aggregated_v1\financial_analysis_indicator_sina\financial_analysis_indicator_sina.parquet,1-2年以内预付货款(元),other,feature_candidate,true_after_notice_date,announcement_pit_context,fundamental_pit_feature_panel,notice_date_plus_1_conservative,NOTICE_DATE governs availability; REPORT_DATE alone is not enough,lagged_level|rank_xsection
financial_analysis_indicator_sina,cn_fundamental_akshare_batch_v1_20260531\aggregated_v1\financial_analysis_indicator_sina\financial_analysis_indicator_sina.parquet,2-3年以内预付货款(元),other,feature_candidate,true_after_notice_date,announcement_pit_context,fundamental_pit_feature_panel,notice_date_plus_1_conservative,NOTICE_DATE governs availability; REPORT_DATE alone is not enough,lagged_level|rank_xsection
financial_analysis_indicator_sina,cn_fundamental_akshare_batch_v1_20260531\aggregated_v1\financial_analysis_indicator_sina\financial_analysis_indicator_sina.parquet,3年以内预付货款(元),other,feature_candidate,true_after_notice_date,announcement_pit_context,fundamental_pit_feature_panel,notice_date_plus_1_conservative,NOTICE_DATE governs availability; REPORT_DATE alone is not enough,lagged_level|rank_xsection
financial_analysis_indicator_sina,cn_fundamental_akshare_batch_v1_20260531\aggregated_v1\financial_analysis_indicator_sina\financial_analysis_indicator_sina.parquet,1年以内其它应收款(元),other,feature_candidate,true_after_notice_date,announcement_pit_context,fundamental_pit_feature_panel,notice_date_plus_1_conservative,NOTICE_DATE governs availability; REPORT_DATE alone is not enough,lagged_level|rank_xsection
financial_analysis_indicator_sina,cn_fundamental_akshare_batch_v1_20260531\aggregated_v1\financial_analysis_indicator_sina\financial_analysis_indicator_sina.parquet,1-2年以内其它应收款(元),other,feature_candidate,true_after_notice_date,announcement_pit_context,fundamental_pit_feature_panel,notice_date_plus_1_conservative,NOTICE_DATE governs availability; REPORT_DATE alone is not enough,lagged_level|rank_xsection
financial_analysis_indicator_sina,cn_fundamental_akshare_batch_v1_20260531\aggregated_v1\financial_analysis_indicator_sina\financial_analysis_indicator_sina.parquet,2-3年以内其它应收款(元),other,feature_candidate,true_after_notice_date,announcement_pit_context,fundamental_pit_feature_panel,notice_date_plus_1_conservative,NOTICE_DATE governs availability; REPORT_DATE alone is not enough,lagged_level|rank_xsection
financial_analysis_indicator_sina,cn_fundamental_akshare_batch_v1_20260531\aggregated_v1\financial_analysis_indicator_sina\financial_analysis_indicator_sina.parquet,3年以内其它应收款(元),other,feature_candidate,true_after_notice_date,announcement_pit_context,fundamental_pit_feature_panel,notice_date_plus_1_conservative,NOTICE_DATE governs availability; REPORT_DATE alone is not enough,lagged_level|rank_xsection
financial_analysis_indicator_sina,cn_fundamental_akshare_batch_v1_20260531\aggregated_v1\financial_analysis_indicator_sina\financial_analysis_indicator_sina.parquet,_source_file,other,feature_candidate,true_after_notice_date,announcement_pit_context,fundamental_pit_feature_panel,notice_date_plus_1_conservative,NOTICE_DATE governs availability; REPORT_DATE alone is not enough,lagged_level|rank_xsection
main_stock_holder_sina,cn_fundamental_akshare_batch_v1_20260531\aggregated_v1\main_stock_holder_sina\main_stock_holder_sina.parquet,source_em,other,feature_candidate,true_after_notice_date,announcement_pit_context,fundamental_pit_feature_panel,notice_date_plus_1_conservative,NOTICE_DATE governs availability; REPORT_DATE alone is not enough,lagged_level|rank_xsection
main_stock_holder_sina,cn_fundamental_akshare_batch_v1_20260531\aggregated_v1\main_stock_holder_sina\main_stock_holder_sina.parquet,source_code6,instrument_key,key,false_key_only,announcement_pit_context,fundamental_pit_feature_panel,notice_date_plus_1_conservative,NOTICE_DATE governs availability; REPORT_DATE alone is not enough,lagged_level|rank_xsection
main_stock_holder_sina,cn_fundamental_akshare_batch_v1_20260531\aggregated_v1\main_stock_holder_sina\main_stock_holder_sina.parquet,编号,other,feature_candidate,true_after_notice_date,announcement_pit_context,fundamental_pit_feature_panel,notice_date_plus_1_conservative,NOTICE_DATE governs availability; REPORT_DATE alone is not enough,lagged_level|rank_xsection
main_stock_holder_sina,cn_fundamental_akshare_batch_v1_20260531\aggregated_v1\main_stock_holder_sina\main_stock_holder_sina.parquet,股东名称,other,feature_candidate,true_after_notice_date,announcement_pit_context,fundamental_pit_feature_panel,notice_date_plus_1_conservative,NOTICE_DATE governs availability; REPORT_DATE alone is not enough,lagged_level|rank_xsection
main_stock_holder_sina,cn_fundamental_akshare_batch_v1_20260531\aggregated_v1\main_stock_holder_sina\main_stock_holder_sina.parquet,持股数量,other,feature_candidate,true_after_notice_date,announcement_pit_context,fundamental_pit_feature_panel,notice_date_plus_1_conservative,NOTICE_DATE governs availability; REPORT_DATE alone is not enough,lagged_level|rank_xsection
main_stock_holder_sina,cn_fundamental_akshare_batch_v1_20260531\aggregated_v1\main_stock_holder_sina\main_stock_holder_sina.parquet,持股比例,other,feature_candidate,true_after_notice_date,announcement_pit_context,fundamental_pit_feature_panel,notice_date_plus_1_conservative,NOTICE_DATE governs availability; REPORT_DATE alone is not enough,lagged_level|rank_xsection
main_stock_holder_sina,cn_fundamental_akshare_batch_v1_20260531\aggregated_v1\main_stock_holder_sina\main_stock_holder_sina.parquet,股本性质,other,feature_candidate,true_after_notice_date,announcement_pit_context,fundamental_pit_feature_panel,notice_date_plus_1_conservative,NOTICE_DATE governs availability; REPORT_DATE alone is not enough,lagged_level|rank_xsection
main_stock_holder_sina,cn_fundamental_akshare_batch_v1_20260531\aggregated_v1\main_stock_holder_sina\main_stock_holder_sina.parquet,截至日期,other,feature_candidate,true_after_notice_date,announcement_pit_context,fundamental_pit_feature_panel,notice_date_plus_1_conservative,NOTICE_DATE governs availability; REPORT_DATE alone is not enough,lagged_level|rank_xsection
main_stock_holder_sina,cn_fundamental_akshare_batch_v1_20260531\aggregated_v1\main_stock_holder_sina\main_stock_holder_sina.parquet,公告日期,other,feature_candidate,true_after_notice_date,announcement_pit_context,fundamental_pit_feature_panel,notice_date_plus_1_conservative,NOTICE_DATE governs availability; REPORT_DATE alone is not enough,lagged_level|rank_xsection
main_stock_holder_sina,cn_fundamental_akshare_batch_v1_20260531\aggregated_v1\main_stock_holder_sina\main_stock_holder_sina.parquet,股东说明,other,feature_candidate,true_after_notice_date,announcement_pit_context,fundamental_pit_feature_panel,notice_date_plus_1_conservative,NOTICE_DATE governs availability; REPORT_DATE alone is not enough,lagged_level|rank_xsection
main_stock_holder_sina,cn_fundamental_akshare_batch_v1_20260531\aggregated_v1\main_stock_holder_sina\main_stock_holder_sina.parquet,股东总数,other,feature_candidate,true_after_notice_date,announcement_pit_context,fundamental_pit_feature_panel,notice_date_plus_1_conservative,NOTICE_DATE governs availability; REPORT_DATE alone is not enough,lagged_level|rank_xsection
main_stock_holder_sina,cn_fundamental_akshare_batch_v1_20260531\aggregated_v1\main_stock_holder_sina\main_stock_holder_sina.parquet,平均持股数,other,feature_candidate,true_after_notice_date,announcement_pit_context,fundamental_pit_feature_panel,notice_date_plus_1_conservative,NOTICE_DATE governs availability; REPORT_DATE alone is not enough,lagged_level|rank_xsection
main_stock_holder_sina,cn_fundamental_akshare_batch_v1_20260531\aggregated_v1\main_stock_holder_sina\main_stock_holder_sina.parquet,_source_file,other,feature_candidate,true_after_notice_date,announcement_pit_context,fundamental_pit_feature_panel,notice_date_plus_1_conservative,NOTICE_DATE governs availability; REPORT_DATE alone is not enough,lagged_level|rank_xsection
profit_sheet_report_em,cn_fundamental_akshare_batch_v1_20260531\aggregated_v1\profit_sheet_report_em\profit_sheet_report_em.parquet,source_em,other,feature_candidate,true_after_notice_date,announcement_pit_context,fundamental_pit_feature_panel,notice_date_plus_1_conservative,NOTICE_DATE governs availability; REPORT_DATE alone is not enough,lagged_level|rank_xsection
profit_sheet_report_em,cn_fundamental_akshare_batch_v1_20260531\aggregated_v1\profit_sheet_report_em\profit_sheet_report_em.parquet,source_code6,instrument_key,key,false_key_only,announcement_pit_context,fundamental_pit_feature_panel,notice_date_plus_1_conservative,NOTICE_DATE governs availability; REPORT_DATE alone is not enough,lagged_level|rank_xsection
profit_sheet_report_em,cn_fundamental_akshare_batch_v1_20260531\aggregated_v1\profit_sheet_report_em\profit_sheet_report_em.parquet,SECUCODE,instrument_key,key,false_key_only,announcement_pit_context,fundamental_pit_feature_panel,notice_date_plus_1_conservative,NOTICE_DATE governs availability; REPORT_DATE alone is not enough,lagged_level|rank_xsection
profit_sheet_report_em,cn_fundamental_akshare_batch_v1_20260531\aggregated_v1\profit_sheet_report_em\profit_sheet_report_em.parquet,SECURITY_CODE,instrument_key,key,false_key_only,announcement_pit_context,fundamental_pit_feature_panel,notice_date_plus_1_conservative,NOTICE_DATE governs availability; REPORT_DATE alone is not enough,lagged_level|rank_xsection
profit_sheet_report_em,cn_fundamental_akshare_batch_v1_20260531\aggregated_v1\profit_sheet_report_em\profit_sheet_report_em.parquet,SECURITY_NAME_ABBR,other,feature_candidate,true_after_notice_date,announcement_pit_context,fundamental_pit_feature_panel,notice_date_plus_1_conservative,NOTICE_DATE governs availability; REPORT_DATE alone is not enough,lagged_level|rank_xsection
profit_sheet_report_em,cn_fundamental_akshare_batch_v1_20260531\aggregated_v1\profit_sheet_report_em\profit_sheet_report_em.parquet,ORG_CODE,other,feature_candidate,true_after_notice_date,announcement_pit_context,fundamental_pit_feature_panel,notice_date_plus_1_conservative,NOTICE_DATE governs availability; REPORT_DATE alone is not enough,lagged_level|rank_xsection
profit_sheet_report_em,cn_fundamental_akshare_batch_v1_20260531\aggregated_v1\profit_sheet_report_em\profit_sheet_report_em.parquet,ORG_TYPE,fundamental,feature_candidate,true_after_notice_date,announcement_pit_context,fundamental_pit_feature_panel,notice_date_plus_1_conservative,NOTICE_DATE governs availability; REPORT_DATE alone is not enough,notice_lagged_latest|quarter_delta|ttm_proxy|rank_xsection|winsorize
profit_sheet_report_em,cn_fundamental_akshare_batch_v1_20260531\aggregated_v1\profit_sheet_report_em\profit_sheet_report_em.parquet,REPORT_DATE,date_key,key,false_key_only,announcement_pit_context,fundamental_pit_feature_panel,notice_date_plus_1_conservative,NOTICE_DATE governs availability; REPORT_DATE alone is not enough,lagged_level|rank_xsection
profit_sheet_report_em,cn_fundamental_akshare_batch_v1_20260531\aggregated_v1\profit_sheet_report_em\profit_sheet_report_em.parquet,REPORT_TYPE,fundamental,feature_candidate,true_after_notice_date,announcement_pit_context,fundamental_pit_feature_panel,notice_date_plus_1_conservative,NOTICE_DATE governs availability; REPORT_DATE alone is not enough,notice_lagged_latest|quarter_delta|ttm_proxy|rank_xsection|winsorize
profit_sheet_report_em,cn_fundamental_akshare_batch_v1_20260531\aggregated_v1\profit_sheet_report_em\profit_sheet_report_em.parquet,REPORT_DATE_NAME,date_key,key,false_key_only,announcement_pit_context,fundamental_pit_feature_panel,notice_date_plus_1_conservative,NOTICE_DATE governs availability; REPORT_DATE alone is not enough,lagged_level|rank_xsection
profit_sheet_report_em,cn_fundamental_akshare_batch_v1_20260531\aggregated_v1\profit_sheet_report_em\profit_sheet_report_em.parquet,SECURITY_TYPE_CODE,fundamental,feature_candidate,true_after_notice_date,announcement_pit_context,fundamental_pit_feature_panel,notice_date_plus_1_conservative,NOTICE_DATE governs availability; REPORT_DATE alone is not enough,notice_lagged_latest|quarter_delta|ttm_proxy|rank_xsection|winsorize
profit_sheet_report_em,cn_fundamental_akshare_batch_v1_20260531\aggregated_v1\profit_sheet_report_em\profit_sheet_report_em.parquet,NOTICE_DATE,date_key,key,false_key_only,announcement_pit_context,fundamental_pit_feature_panel,notice_date_plus_1_conservative,NOTICE_DATE governs availability; REPORT_DATE alone is not enough,lagged_level|rank_xsection
profit_sheet_report_em,cn_fundamental_akshare_batch_v1_20260531\aggregated_v1\profit_sheet_report_em\profit_sheet_report_em.parquet,UPDATE_DATE,date_key,key,false_key_only,announcement_pit_context,fundamental_pit_feature_panel,notice_date_plus_1_conservative,NOTICE_DATE governs availability; REPORT_DATE alone is not enough,lagged_level|rank_xsection
profit_sheet_report_em,cn_fundamental_akshare_batch_v1_20260531\aggregated_v1\profit_sheet_report_em\profit_sheet_report_em.parquet,CURRENCY,other,feature_candidate,true_after_notice_date,announcement_pit_context,fundamental_pit_feature_panel,notice_date_plus_1_conservative,NOTICE_DATE governs availability; REPORT_DATE alone is not enough,lagged_level|rank_xsection
profit_sheet_report_em,cn_fundamental_akshare_batch_v1_20260531\aggregated_v1\profit_sheet_report_em\profit_sheet_report_em.parquet,TOTAL_OPERATE_INCOME,fundamental,feature_candidate,true_after_notice_date,announcement_pit_context,fundamental_pit_feature_panel,notice_date_plus_1_conservative,NOTICE_DATE governs availability; REPORT_DATE alone is not enough,notice_lagged_latest|quarter_delta|ttm_proxy|rank_xsection|winsorize
profit_sheet_report_em,cn_fundamental_akshare_batch_v1_20260531\aggregated_v1\profit_sheet_report_em\profit_sheet_report_em.parquet,TOTAL_OPERATE_INCOME_YOY,fundamental,feature_candidate,true_after_notice_date,announcement_pit_context,fundamental_pit_feature_panel,notice_date_plus_1_conservative,NOTICE_DATE governs availability; REPORT_DATE alone is not enough,notice_lagged_latest|quarter_delta|ttm_proxy|rank_xsection|winsorize
profit_sheet_report_em,cn_fundamental_akshare_batch_v1_20260531\aggregated_v1\profit_sheet_report_em\profit_sheet_report_em.parquet,OPERATE_INCOME,fundamental,feature_candidate,true_after_notice_date,announcement_pit_context,fundamental_pit_feature_panel,notice_date_plus_1_conservative,NOTICE_DATE governs availability; REPORT_DATE alone is not enough,notice_lagged_latest|quarter_delta|ttm_proxy|rank_xsection|winsorize
profit_sheet_report_em,cn_fundamental_akshare_batch_v1_20260531\aggregated_v1\profit_sheet_report_em\profit_sheet_report_em.parquet,OPERATE_INCOME_YOY,fundamental,feature_candidate,true_after_notice_date,announcement_pit_context,fundamental_pit_feature_panel,notice_date_plus_1_conservative,NOTICE_DATE governs availability; REPORT_DATE alone is not enough,notice_lagged_latest|quarter_delta|ttm_proxy|rank_xsection|winsorize
profit_sheet_report_em,cn_fundamental_akshare_batch_v1_20260531\aggregated_v1\profit_sheet_report_em\profit_sheet_report_em.parquet,INTEREST_INCOME,fundamental,feature_candidate,true_after_notice_date,announcement_pit_context,fundamental_pit_feature_panel,notice_date_plus_1_conservative,NOTICE_DATE governs availability; REPORT_DATE alone is not enough,notice_lagged_latest|quarter_delta|ttm_proxy|rank_xsection|winsorize
profit_sheet_report_em,cn_fundamental_akshare_batch_v1_20260531\aggregated_v1\profit_sheet_report_em\profit_sheet_report_em.parquet,INTEREST_INCOME_YOY,fundamental,feature_candidate,true_after_notice_date,announcement_pit_context,fundamental_pit_feature_panel,notice_date_plus_1_conservative,NOTICE_DATE governs availability; REPORT_DATE alone is not enough,notice_lagged_latest|quarter_delta|ttm_proxy|rank_xsection|winsorize
profit_sheet_report_em,cn_fundamental_akshare_batch_v1_20260531\aggregated_v1\profit_sheet_report_em\profit_sheet_report_em.parquet,EARNED_PREMIUM,other,feature_candidate,true_after_notice_date,announcement_pit_context,fundamental_pit_feature_panel,notice_date_plus_1_conservative,NOTICE_DATE governs availability; REPORT_DATE alone is not enough,lagged_level|rank_xsection
profit_sheet_report_em,cn_fundamental_akshare_batch_v1_20260531\aggregated_v1\profit_sheet_report_em\profit_sheet_report_em.parquet,EARNED_PREMIUM_YOY,other,feature_candidate,true_after_notice_date,announcement_pit_context,fundamental_pit_feature_panel,notice_date_plus_1_conservative,NOTICE_DATE governs availability; REPORT_DATE alone is not enough,lagged_level|rank_xsection
profit_sheet_report_em,cn_fundamental_akshare_batch_v1_20260531\aggregated_v1\profit_sheet_report_em\profit_sheet_report_em.parquet,FEE_COMMISSION_INCOME,fundamental,feature_candidate,true_after_notice_date,announcement_pit_context,fundamental_pit_feature_panel,notice_date_plus_1_conservative,NOTICE_DATE governs availability; REPORT_DATE alone is not enough,notice_lagged_latest|quarter_delta|ttm_proxy|rank_xsection|winsorize
profit_sheet_report_em,cn_fundamental_akshare_batch_v1_20260531\aggregated_v1\profit_sheet_report_em\profit_sheet_report_em.parquet,FEE_COMMISSION_INCOME_YOY,fundamental,feature_candidate,true_after_notice_date,announcement_pit_context,fundamental_pit_feature_panel,notice_date_plus_1_conservative,NOTICE_DATE governs availability; REPORT_DATE alone is not enough,notice_lagged_latest|quarter_delta|ttm_proxy|rank_xsection|winsorize
profit_sheet_report_em,cn_fundamental_akshare_batch_v1_20260531\aggregated_v1\profit_sheet_report_em\profit_sheet_report_em.parquet,OTHER_BUSINESS_INCOME,fundamental,feature_candidate,true_after_notice_date,announcement_pit_context,fundamental_pit_feature_panel,notice_date_plus_1_conservative,NOTICE_DATE governs availability; REPORT_DATE alone is not enough,notice_lagged_latest|quarter_delta|ttm_proxy|rank_xsection|winsorize
profit_sheet_report_em,cn_fundamental_akshare_batch_v1_20260531\aggregated_v1\profit_sheet_report_em\profit_sheet_report_em.parquet,OTHER_BUSINESS_INCOME_YOY,fundamental,feature_candidate,true_after_notice_date,announcement_pit_context,fundamental_pit_feature_panel,notice_date_plus_1_conservative,NOTICE_DATE governs availability; REPORT_DATE alone is not enough,notice_lagged_latest|quarter_delta|ttm_proxy|rank_xsection|winsorize
profit_sheet_report_em,cn_fundamental_akshare_batch_v1_20260531\aggregated_v1\profit_sheet_report_em\profit_sheet_report_em.parquet,TOI_OTHER,other,feature_candidate,true_after_notice_date,announcement_pit_context,fundamental_pit_feature_panel,notice_date_plus_1_conservative,NOTICE_DATE governs availability; REPORT_DATE alone is not enough,lagged_level|rank_xsection
profit_sheet_report_em,cn_fundamental_akshare_batch_v1_20260531\aggregated_v1\profit_sheet_report_em\profit_sheet_report_em.parquet,TOI_OTHER_YOY,other,feature_candidate,true_after_notice_date,announcement_pit_context,fundamental_pit_feature_panel,notice_date_plus_1_conservative,NOTICE_DATE governs availability; REPORT_DATE alone is not enough,lagged_level|rank_xsection
profit_sheet_report_em,cn_fundamental_akshare_batch_v1_20260531\aggregated_v1\profit_sheet_report_em\profit_sheet_report_em.parquet,TOTAL_OPERATE_COST,fundamental,feature_candidate,true_after_notice_date,announcement_pit_context,fundamental_pit_feature_panel,notice_date_plus_1_conservative,NOTICE_DATE governs availability; REPORT_DATE alone is not enough,notice_lagged_latest|quarter_delta|ttm_proxy|rank_xsection|winsorize
profit_sheet_report_em,cn_fundamental_akshare_batch_v1_20260531\aggregated_v1\profit_sheet_report_em\profit_sheet_report_em.parquet,TOTAL_OPERATE_COST_YOY,fundamental,feature_candidate,true_after_notice_date,announcement_pit_context,fundamental_pit_feature_panel,notice_date_plus_1_conservative,NOTICE_DATE governs availability; REPORT_DATE alone is not enough,notice_lagged_latest|quarter_delta|ttm_proxy|rank_xsection|winsorize
profit_sheet_report_em,cn_fundamental_akshare_batch_v1_20260531\aggregated_v1\profit_sheet_report_em\profit_sheet_report_em.parquet,OPERATE_COST,fundamental,feature_candidate,true_after_notice_date,announcement_pit_context,fundamental_pit_feature_panel,notice_date_plus_1_conservative,NOTICE_DATE governs availability; REPORT_DATE alone is not enough,notice_lagged_latest|quarter_delta|ttm_proxy|rank_xsection|winsorize
profit_sheet_report_em,cn_fundamental_akshare_batch_v1_20260531\aggregated_v1\profit_sheet_report_em\profit_sheet_report_em.parquet,OPERATE_COST_YOY,fundamental,feature_candidate,true_after_notice_date,announcement_pit_context,fundamental_pit_feature_panel,notice_date_plus_1_conservative,NOTICE_DATE governs availability; REPORT_DATE alone is not enough,notice_lagged_latest|quarter_delta|ttm_proxy|rank_xsection|winsorize
profit_sheet_report_em,cn_fundamental_akshare_batch_v1_20260531\aggregated_v1\profit_sheet_report_em\profit_sheet_report_em.parquet,INTEREST_EXPENSE,fundamental,feature_candidate,true_after_notice_date,announcement_pit_context,fundamental_pit_feature_panel,notice_date_plus_1_conservative,NOTICE_DATE governs availability; REPORT_DATE alone is not enough,notice_lagged_latest|quarter_delta|ttm_proxy|rank_xsection|winsorize
profit_sheet_report_em,cn_fundamental_akshare_batch_v1_20260531\aggregated_v1\profit_sheet_report_em\profit_sheet_report_em.parquet,INTEREST_EXPENSE_YOY,fundamental,feature_candidate,true_after_notice_date,announcement_pit_context,fundamental_pit_feature_panel,notice_date_plus_1_conservative,NOTICE_DATE governs availability; REPORT_DATE alone is not enough,notice_lagged_latest|quarter_delta|ttm_proxy|rank_xsection|winsorize
profit_sheet_report_em,cn_fundamental_akshare_batch_v1_20260531\aggregated_v1\profit_sheet_report_em\profit_sheet_report_em.parquet,FEE_COMMISSION_EXPENSE,fundamental,feature_candidate,true_after_notice_date,announcement_pit_context,fundamental_pit_feature_panel,notice_date_plus_1_conservative,NOTICE_DATE governs availability; REPORT_DATE alone is not enough,notice_lagged_latest|quarter_delta|ttm_proxy|rank_xsection|winsorize
profit_sheet_report_em,cn_fundamental_akshare_batch_v1_20260531\aggregated_v1\profit_sheet_report_em\profit_sheet_report_em.parquet,FEE_COMMISSION_EXPENSE_YOY,fundamental,feature_candidate,true_after_notice_date,announcement_pit_context,fundamental_pit_feature_panel,notice_date_plus_1_conservative,NOTICE_DATE governs availability; REPORT_DATE alone is not enough,notice_lagged_latest|quarter_delta|ttm_proxy|rank_xsection|winsorize
profit_sheet_report_em,cn_fundamental_akshare_batch_v1_20260531\aggregated_v1\profit_sheet_report_em\profit_sheet_report_em.parquet,RESEARCH_EXPENSE,fundamental,feature_candidate,true_after_notice_date,announcement_pit_context,fundamental_pit_feature_panel,notice_date_plus_1_conservative,NOTICE_DATE governs availability; REPORT_DATE alone is not enough,notice_lagged_latest|quarter_delta|ttm_proxy|rank_xsection|winsorize
profit_sheet_report_em,cn_fundamental_akshare_batch_v1_20260531\aggregated_v1\profit_sheet_report_em\profit_sheet_report_em.parquet,RESEARCH_EXPENSE_YOY,fundamental,feature_candidate,true_after_notice_date,announcement_pit_context,fundamental_pit_feature_panel,notice_date_plus_1_conservative,NOTICE_DATE governs availability; REPORT_DATE alone is not enough,notice_lagged_latest|quarter_delta|ttm_proxy|rank_xsection|winsorize
profit_sheet_report_em,cn_fundamental_akshare_batch_v1_20260531\aggregated_v1\profit_sheet_report_em\profit_sheet_report_em.parquet,SURRENDER_VALUE,other,feature_candidate,true_after_notice_date,announcement_pit_context,fundamental_pit_feature_panel,notice_date_plus_1_conservative,NOTICE_DATE governs availability; REPORT_DATE alone is not enough,lagged_level|rank_xsection
profit_sheet_report_em,cn_fundamental_akshare_batch_v1_20260531\aggregated_v1\profit_sheet_report_em\profit_sheet_report_em.parquet,SURRENDER_VALUE_YOY,other,feature_candidate,true_after_notice_date,announcement_pit_context,fundamental_pit_feature_panel,notice_date_plus_1_conservative,NOTICE_DATE governs availability; REPORT_DATE alone is not enough,lagged_level|rank_xsection
profit_sheet_report_em,cn_fundamental_akshare_batch_v1_20260531\aggregated_v1\profit_sheet_report_em\profit_sheet_report_em.parquet,NET_COMPENSATE_EXPENSE,fundamental,feature_candidate,true_after_notice_date,announcement_pit_context,fundamental_pit_feature_panel,notice_date_plus_1_conservative,NOTICE_DATE governs availability; REPORT_DATE alone is not enough,notice_lagged_latest|quarter_delta|ttm_proxy|rank_xsection|winsorize
profit_sheet_report_em,cn_fundamental_akshare_batch_v1_20260531\aggregated_v1\profit_sheet_report_em\profit_sheet_report_em.parquet,NET_COMPENSATE_EXPENSE_YOY,fundamental,feature_candidate,true_after_notice_date,announcement_pit_context,fundamental_pit_feature_panel,notice_date_plus_1_conservative,NOTICE_DATE governs availability; REPORT_DATE alone is not enough,notice_lagged_latest|quarter_delta|ttm_proxy|rank_xsection|winsorize
profit_sheet_report_em,cn_fundamental_akshare_batch_v1_20260531\aggregated_v1\profit_sheet_report_em\profit_sheet_report_em.parquet,NET_CONTRACT_RESERVE,disclosure_event,feature_candidate,true_after_notice_date,announcement_pit_context,fundamental_pit_feature_panel,notice_date_plus_1_conservative,NOTICE_DATE governs availability; REPORT_DATE alone is not enough,event_flag|event_age|net_buy_sell_ratio|matched_control_required
profit_sheet_report_em,cn_fundamental_akshare_batch_v1_20260531\aggregated_v1\profit_sheet_report_em\profit_sheet_report_em.parquet,NET_CONTRACT_RESERVE_YOY,disclosure_event,feature_candidate,true_after_notice_date,announcement_pit_context,fundamental_pit_feature_panel,notice_date_plus_1_conservative,NOTICE_DATE governs availability; REPORT_DATE alone is not enough,event_flag|event_age|net_buy_sell_ratio|matched_control_required
profit_sheet_report_em,cn_fundamental_akshare_batch_v1_20260531\aggregated_v1\profit_sheet_report_em\profit_sheet_report_em.parquet,POLICY_BONUS_EXPENSE,fundamental,feature_candidate,true_after_notice_date,announcement_pit_context,fundamental_pit_feature_panel,notice_date_plus_1_conservative,NOTICE_DATE governs availability; REPORT_DATE alone is not enough,notice_lagged_latest|quarter_delta|ttm_proxy|rank_xsection|winsorize
profit_sheet_report_em,cn_fundamental_akshare_batch_v1_20260531\aggregated_v1\profit_sheet_report_em\profit_sheet_report_em.parquet,POLICY_BONUS_EXPENSE_YOY,fundamental,feature_candidate,true_after_notice_date,announcement_pit_context,fundamental_pit_feature_panel,notice_date_plus_1_conservative,NOTICE_DATE governs availability; REPORT_DATE alone is not enough,notice_lagged_latest|quarter_delta|ttm_proxy|rank_xsection|winsorize
profit_sheet_report_em,cn_fundamental_akshare_batch_v1_20260531\aggregated_v1\profit_sheet_report_em\profit_sheet_report_em.parquet,REINSURE_EXPENSE,fundamental,feature_candidate,true_after_notice_date,announcement_pit_context,fundamental_pit_feature_panel,notice_date_plus_1_conservative,NOTICE_DATE governs availability; REPORT_DATE alone is not enough,notice_lagged_latest|quarter_delta|ttm_proxy|rank_xsection|winsorize
profit_sheet_report_em,cn_fundamental_akshare_batch_v1_20260531\aggregated_v1\profit_sheet_report_em\profit_sheet_report_em.parquet,REINSURE_EXPENSE_YOY,fundamental,feature_candidate,true_after_notice_date,announcement_pit_context,fundamental_pit_feature_panel,notice_date_plus_1_conservative,NOTICE_DATE governs availability; REPORT_DATE alone is not enough,notice_lagged_latest|quarter_delta|ttm_proxy|rank_xsection|winsorize
profit_sheet_report_em,cn_fundamental_akshare_batch_v1_20260531\aggregated_v1\profit_sheet_report_em\profit_sheet_report_em.parquet,OTHER_BUSINESS_COST,other,feature_candidate,true_after_notice_date,announcement_pit_context,fundamental_pit_feature_panel,notice_date_plus_1_conservative,NOTICE_DATE governs availability; REPORT_DATE alone is not enough,lagged_level|rank_xsection
profit_sheet_report_em,cn_fundamental_akshare_batch_v1_20260531\aggregated_v1\profit_sheet_report_em\profit_sheet_report_em.parquet,OTHER_BUSINESS_COST_YOY,other,feature_candidate,true_after_notice_date,announcement_pit_context,fundamental_pit_feature_panel,notice_date_plus_1_conservative,NOTICE_DATE governs availability; REPORT_DATE alone is not enough,lagged_level|rank_xsection
profit_sheet_report_em,cn_fundamental_akshare_batch_v1_20260531\aggregated_v1\profit_sheet_report_em\profit_sheet_report_em.parquet,OPERATE_TAX_ADD,fundamental,feature_candidate,true_after_notice_date,announcement_pit_context,fundamental_pit_feature_panel,notice_date_plus_1_conservative,NOTICE_DATE governs availability; REPORT_DATE alone is not enough,notice_lagged_latest|quarter_delta|ttm_proxy|rank_xsection|winsorize
profit_sheet_report_em,cn_fundamental_akshare_batch_v1_20260531\aggregated_v1\profit_sheet_report_em\profit_sheet_report_em.parquet,OPERATE_TAX_ADD_YOY,fundamental,feature_candidate,true_after_notice_date,announcement_pit_context,fundamental_pit_feature_panel,notice_date_plus_1_conservative,NOTICE_DATE governs availability; REPORT_DATE alone is not enough,notice_lagged_latest|quarter_delta|ttm_proxy|rank_xsection|winsorize
profit_sheet_report_em,cn_fundamental_akshare_batch_v1_20260531\aggregated_v1\profit_sheet_report_em\profit_sheet_report_em.parquet,SALE_EXPENSE,fundamental,feature_candidate,true_after_notice_date,announcement_pit_context,fundamental_pit_feature_panel,notice_date_plus_1_conservative,NOTICE_DATE governs availability; REPORT_DATE alone is not enough,notice_lagged_latest|quarter_delta|ttm_proxy|rank_xsection|winsorize
profit_sheet_report_em,cn_fundamental_akshare_batch_v1_20260531\aggregated_v1\profit_sheet_report_em\profit_sheet_report_em.parquet,SALE_EXPENSE_YOY,fundamental,feature_candidate,true_after_notice_date,announcement_pit_context,fundamental_pit_feature_panel,notice_date_plus_1_conservative,NOTICE_DATE governs availability; REPORT_DATE alone is not enough,notice_lagged_latest|quarter_delta|ttm_proxy|rank_xsection|winsorize
profit_sheet_report_em,cn_fundamental_akshare_batch_v1_20260531\aggregated_v1\profit_sheet_report_em\profit_sheet_report_em.parquet,MANAGE_EXPENSE,fundamental,feature_candidate,true_after_notice_date,announcement_pit_context,fundamental_pit_feature_panel,notice_date_plus_1_conservative,NOTICE_DATE governs availability; REPORT_DATE alone is not enough,notice_lagged_latest|quarter_delta|ttm_proxy|rank_xsection|winsorize
profit_sheet_report_em,cn_fundamental_akshare_batch_v1_20260531\aggregated_v1\profit_sheet_report_em\profit_sheet_report_em.parquet,MANAGE_EXPENSE_YOY,fundamental,feature_candidate,true_after_notice_date,announcement_pit_context,fundamental_pit_feature_panel,notice_date_plus_1_conservative,NOTICE_DATE governs availability; REPORT_DATE alone is not enough,notice_lagged_latest|quarter_delta|ttm_proxy|rank_xsection|winsorize
profit_sheet_report_em,cn_fundamental_akshare_batch_v1_20260531\aggregated_v1\profit_sheet_report_em\profit_sheet_report_em.parquet,ME_RESEARCH_EXPENSE,fundamental,feature_candidate,true_after_notice_date,announcement_pit_context,fundamental_pit_feature_panel,notice_date_plus_1_conservative,NOTICE_DATE governs availability; REPORT_DATE alone is not enough,notice_lagged_latest|quarter_delta|ttm_proxy|rank_xsection|winsorize
profit_sheet_report_em,cn_fundamental_akshare_batch_v1_20260531\aggregated_v1\profit_sheet_report_em\profit_sheet_report_em.parquet,ME_RESEARCH_EXPENSE_YOY,fundamental,feature_candidate,true_after_notice_date,announcement_pit_context,fundamental_pit_feature_panel,notice_date_plus_1_conservative,NOTICE_DATE governs availability; REPORT_DATE alone is not enough,notice_lagged_latest|quarter_delta|ttm_proxy|rank_xsection|winsorize
profit_sheet_report_em,cn_fundamental_akshare_batch_v1_20260531\aggregated_v1\profit_sheet_report_em\profit_sheet_report_em.parquet,FINANCE_EXPENSE,fundamental,feature_candidate,true_after_notice_date,announcement_pit_context,fundamental_pit_feature_panel,notice_date_plus_1_conservative,NOTICE_DATE governs availability; REPORT_DATE alone is not enough,notice_lagged_latest|quarter_delta|ttm_proxy|rank_xsection|winsorize
profit_sheet_report_em,cn_fundamental_akshare_batch_v1_20260531\aggregated_v1\profit_sheet_report_em\profit_sheet_report_em.parquet,FINANCE_EXPENSE_YOY,fundamental,feature_candidate,true_after_notice_date,announcement_pit_context,fundamental_pit_feature_panel,notice_date_plus_1_conservative,NOTICE_DATE governs availability; REPORT_DATE alone is not enough,notice_lagged_latest|quarter_delta|ttm_proxy|rank_xsection|winsorize
profit_sheet_report_em,cn_fundamental_akshare_batch_v1_20260531\aggregated_v1\profit_sheet_report_em\profit_sheet_report_em.parquet,FE_INTEREST_EXPENSE,fundamental,feature_candidate,true_after_notice_date,announcement_pit_context,fundamental_pit_feature_panel,notice_date_plus_1_conservative,NOTICE_DATE governs availability; REPORT_DATE alone is not enough,notice_lagged_latest|quarter_delta|ttm_proxy|rank_xsection|winsorize
profit_sheet_report_em,cn_fundamental_akshare_batch_v1_20260531\aggregated_v1\profit_sheet_report_em\profit_sheet_report_em.parquet,FE_INTEREST_EXPENSE_YOY,fundamental,feature_candidate,true_after_notice_date,announcement_pit_context,fundamental_pit_feature_panel,notice_date_plus_1_conservative,NOTICE_DATE governs availability; REPORT_DATE alone is not enough,notice_lagged_latest|quarter_delta|ttm_proxy|rank_xsection|winsorize
profit_sheet_report_em,cn_fundamental_akshare_batch_v1_20260531\aggregated_v1\profit_sheet_report_em\profit_sheet_report_em.parquet,FE_INTEREST_INCOME,fundamental,feature_candidate,true_after_notice_date,announcement_pit_context,fundamental_pit_feature_panel,notice_date_plus_1_conservative,NOTICE_DATE governs availability; REPORT_DATE alone is not enough,notice_lagged_latest|quarter_delta|ttm_proxy|rank_xsection|winsorize
profit_sheet_report_em,cn_fundamental_akshare_batch_v1_20260531\aggregated_v1\profit_sheet_report_em\profit_sheet_report_em.parquet,FE_INTEREST_INCOME_YOY,fundamental,feature_candidate,true_after_notice_date,announcement_pit_context,fundamental_pit_feature_panel,notice_date_plus_1_conservative,NOTICE_DATE governs availability; REPORT_DATE alone is not enough,notice_lagged_latest|quarter_delta|ttm_proxy|rank_xsection|winsorize
profit_sheet_report_em,cn_fundamental_akshare_batch_v1_20260531\aggregated_v1\profit_sheet_report_em\profit_sheet_report_em.parquet,ASSET_IMPAIRMENT_LOSS,fundamental,feature_candidate,true_after_notice_date,announcement_pit_context,fundamental_pit_feature_panel,notice_date_plus_1_conservative,NOTICE_DATE governs availability; REPORT_DATE alone is not enough,notice_lagged_latest|quarter_delta|ttm_proxy|rank_xsection|winsorize
profit_sheet_report_em,cn_fundamental_akshare_batch_v1_20260531\aggregated_v1\profit_sheet_report_em\profit_sheet_report_em.parquet,ASSET_IMPAIRMENT_LOSS_YOY,fundamental,feature_candidate,true_after_notice_date,announcement_pit_context,fundamental_pit_feature_panel,notice_date_plus_1_conservative,NOTICE_DATE governs availability; REPORT_DATE alone is not enough,notice_lagged_latest|quarter_delta|ttm_proxy|rank_xsection|winsorize
profit_sheet_report_em,cn_fundamental_akshare_batch_v1_20260531\aggregated_v1\profit_sheet_report_em\profit_sheet_report_em.parquet,CREDIT_IMPAIRMENT_LOSS,other,feature_candidate,true_after_notice_date,announcement_pit_context,fundamental_pit_feature_panel,notice_date_plus_1_conservative,NOTICE_DATE governs availability; REPORT_DATE alone is not enough,lagged_level|rank_xsection
profit_sheet_report_em,cn_fundamental_akshare_batch_v1_20260531\aggregated_v1\profit_sheet_report_em\profit_sheet_report_em.parquet,CREDIT_IMPAIRMENT_LOSS_YOY,other,feature_candidate,true_after_notice_date,announcement_pit_context,fundamental_pit_feature_panel,notice_date_plus_1_conservative,NOTICE_DATE governs availability; REPORT_DATE alone is not enough,lagged_level|rank_xsection
profit_sheet_report_em,cn_fundamental_akshare_batch_v1_20260531\aggregated_v1\profit_sheet_report_em\profit_sheet_report_em.parquet,TOC_OTHER,other,feature_candidate,true_after_notice_date,announcement_pit_context,fundamental_pit_feature_panel,notice_date_plus_1_conservative,NOTICE_DATE governs availability; REPORT_DATE alone is not enough,lagged_level|rank_xsection
profit_sheet_report_em,cn_fundamental_akshare_batch_v1_20260531\aggregated_v1\profit_sheet_report_em\profit_sheet_report_em.parquet,TOC_OTHER_YOY,other,feature_candidate,true_after_notice_date,announcement_pit_context,fundamental_pit_feature_panel,notice_date_plus_1_conservative,NOTICE_DATE governs availability; REPORT_DATE alone is not enough,lagged_level|rank_xsection
profit_sheet_report_em,cn_fundamental_akshare_batch_v1_20260531\aggregated_v1\profit_sheet_report_em\profit_sheet_report_em.parquet,FAIRVALUE_CHANGE_INCOME,fundamental,feature_candidate,true_after_notice_date,announcement_pit_context,fundamental_pit_feature_panel,notice_date_plus_1_conservative,NOTICE_DATE governs availability; REPORT_DATE alone is not enough,notice_lagged_latest|quarter_delta|ttm_proxy|rank_xsection|winsorize
profit_sheet_report_em,cn_fundamental_akshare_batch_v1_20260531\aggregated_v1\profit_sheet_report_em\profit_sheet_report_em.parquet,FAIRVALUE_CHANGE_INCOME_YOY,fundamental,feature_candidate,true_after_notice_date,announcement_pit_context,fundamental_pit_feature_panel,notice_date_plus_1_conservative,NOTICE_DATE governs availability; REPORT_DATE alone is not enough,notice_lagged_latest|quarter_delta|ttm_proxy|rank_xsection|winsorize
profit_sheet_report_em,cn_fundamental_akshare_batch_v1_20260531\aggregated_v1\profit_sheet_report_em\profit_sheet_report_em.parquet,INVEST_INCOME,fundamental,feature_candidate,true_after_notice_date,announcement_pit_context,fundamental_pit_feature_panel,notice_date_plus_1_conservative,NOTICE_DATE governs availability; REPORT_DATE alone is not enough,notice_lagged_latest|quarter_delta|ttm_proxy|rank_xsection|winsorize
profit_sheet_report_em,cn_fundamental_akshare_batch_v1_20260531\aggregated_v1\profit_sheet_report_em\profit_sheet_report_em.parquet,INVEST_INCOME_YOY,fundamental,feature_candidate,true_after_notice_date,announcement_pit_context,fundamental_pit_feature_panel,notice_date_plus_1_conservative,NOTICE_DATE governs availability; REPORT_DATE alone is not enough,notice_lagged_latest|quarter_delta|ttm_proxy|rank_xsection|winsorize
profit_sheet_report_em,cn_fundamental_akshare_batch_v1_20260531\aggregated_v1\profit_sheet_report_em\profit_sheet_report_em.parquet,INVEST_JOINT_INCOME,fundamental,feature_candidate,true_after_notice_date,announcement_pit_context,fundamental_pit_feature_panel,notice_date_plus_1_conservative,NOTICE_DATE governs availability; REPORT_DATE alone is not enough,notice_lagged_latest|quarter_delta|ttm_proxy|rank_xsection|winsorize
profit_sheet_report_em,cn_fundamental_akshare_batch_v1_20260531\aggregated_v1\profit_sheet_report_em\profit_sheet_report_em.parquet,INVEST_JOINT_INCOME_YOY,fundamental,feature_candidate,true_after_notice_date,announcement_pit_context,fundamental_pit_feature_panel,notice_date_plus_1_conservative,NOTICE_DATE governs availability; REPORT_DATE alone is not enough,notice_lagged_latest|quarter_delta|ttm_proxy|rank_xsection|winsorize
profit_sheet_report_em,cn_fundamental_akshare_batch_v1_20260531\aggregated_v1\profit_sheet_report_em\profit_sheet_report_em.parquet,NET_EXPOSURE_INCOME,fundamental,feature_candidate,true_after_notice_date,announcement_pit_context,fundamental_pit_feature_panel,notice_date_plus_1_conservative,NOTICE_DATE governs availability; REPORT_DATE alone is not enough,notice_lagged_latest|quarter_delta|ttm_proxy|rank_xsection|winsorize
profit_sheet_report_em,cn_fundamental_akshare_batch_v1_20260531\aggregated_v1\profit_sheet_report_em\profit_sheet_report_em.parquet,NET_EXPOSURE_INCOME_YOY,fundamental,feature_candidate,true_after_notice_date,announcement_pit_context,fundamental_pit_feature_panel,notice_date_plus_1_conservative,NOTICE_DATE governs availability; REPORT_DATE alone is not enough,notice_lagged_latest|quarter_delta|ttm_proxy|rank_xsection|winsorize
profit_sheet_report_em,cn_fundamental_akshare_batch_v1_20260531\aggregated_v1\profit_sheet_report_em\profit_sheet_report_em.parquet,EXCHANGE_INCOME,fundamental,feature_candidate,true_after_notice_date,announcement_pit_context,fundamental_pit_feature_panel,notice_date_plus_1_conservative,NOTICE_DATE governs availability; REPORT_DATE alone is not enough,notice_lagged_latest|quarter_delta|ttm_proxy|rank_xsection|winsorize
profit_sheet_report_em,cn_fundamental_akshare_batch_v1_20260531\aggregated_v1\profit_sheet_report_em\profit_sheet_report_em.parquet,EXCHANGE_INCOME_YOY,fundamental,feature_candidate,true_after_notice_date,announcement_pit_context,fundamental_pit_feature_panel,notice_date_plus_1_conservative,NOTICE_DATE governs availability; REPORT_DATE alone is not enough,notice_lagged_latest|quarter_delta|ttm_proxy|rank_xsection|winsorize
profit_sheet_report_em,cn_fundamental_akshare_batch_v1_20260531\aggregated_v1\profit_sheet_report_em\profit_sheet_report_em.parquet,ASSET_DISPOSAL_INCOME,fundamental,feature_candidate,true_after_notice_date,announcement_pit_context,fundamental_pit_feature_panel,notice_date_plus_1_conservative,NOTICE_DATE governs availability; REPORT_DATE alone is not enough,notice_lagged_latest|quarter_delta|ttm_proxy|rank_xsection|winsorize
profit_sheet_report_em,cn_fundamental_akshare_batch_v1_20260531\aggregated_v1\profit_sheet_report_em\profit_sheet_report_em.parquet,ASSET_DISPOSAL_INCOME_YOY,fundamental,feature_candidate,true_after_notice_date,announcement_pit_context,fundamental_pit_feature_panel,notice_date_plus_1_conservative,NOTICE_DATE governs availability; REPORT_DATE alone is not enough,notice_lagged_latest|quarter_delta|ttm_proxy|rank_xsection|winsorize
profit_sheet_report_em,cn_fundamental_akshare_batch_v1_20260531\aggregated_v1\profit_sheet_report_em\profit_sheet_report_em.parquet,ASSET_IMPAIRMENT_INCOME,fundamental,feature_candidate,true_after_notice_date,announcement_pit_context,fundamental_pit_feature_panel,notice_date_plus_1_conservative,NOTICE_DATE governs availability; REPORT_DATE alone is not enough,notice_lagged_latest|quarter_delta|ttm_proxy|rank_xsection|winsorize
profit_sheet_report_em,cn_fundamental_akshare_batch_v1_20260531\aggregated_v1\profit_sheet_report_em\profit_sheet_report_em.parquet,ASSET_IMPAIRMENT_INCOME_YOY,fundamental,feature_candidate,true_after_notice_date,announcement_pit_context,fundamental_pit_feature_panel,notice_date_plus_1_conservative,NOTICE_DATE governs availability; REPORT_DATE alone is not enough,notice_lagged_latest|quarter_delta|ttm_proxy|rank_xsection|winsorize
profit_sheet_report_em,cn_fundamental_akshare_batch_v1_20260531\aggregated_v1\profit_sheet_report_em\profit_sheet_report_em.parquet,CREDIT_IMPAIRMENT_INCOME,fundamental,feature_candidate,true_after_notice_date,announcement_pit_context,fundamental_pit_feature_panel,notice_date_plus_1_conservative,NOTICE_DATE governs availability; REPORT_DATE alone is not enough,notice_lagged_latest|quarter_delta|ttm_proxy|rank_xsection|winsorize
profit_sheet_report_em,cn_fundamental_akshare_batch_v1_20260531\aggregated_v1\profit_sheet_report_em\profit_sheet_report_em.parquet,CREDIT_IMPAIRMENT_INCOME_YOY,fundamental,feature_candidate,true_after_notice_date,announcement_pit_context,fundamental_pit_feature_panel,notice_date_plus_1_conservative,NOTICE_DATE governs availability; REPORT_DATE alone is not enough,notice_lagged_latest|quarter_delta|ttm_proxy|rank_xsection|winsorize
profit_sheet_report_em,cn_fundamental_akshare_batch_v1_20260531\aggregated_v1\profit_sheet_report_em\profit_sheet_report_em.parquet,OTHER_INCOME,fundamental,feature_candidate,true_after_notice_date,announcement_pit_context,fundamental_pit_feature_panel,notice_date_plus_1_conservative,NOTICE_DATE governs availability; REPORT_DATE alone is not enough,notice_lagged_latest|quarter_delta|ttm_proxy|rank_xsection|winsorize
profit_sheet_report_em,cn_fundamental_akshare_batch_v1_20260531\aggregated_v1\profit_sheet_report_em\profit_sheet_report_em.parquet,OTHER_INCOME_YOY,fundamental,feature_candidate,true_after_notice_date,announcement_pit_context,fundamental_pit_feature_panel,notice_date_plus_1_conservative,NOTICE_DATE governs availability; REPORT_DATE alone is not enough,notice_lagged_latest|quarter_delta|ttm_proxy|rank_xsection|winsorize
profit_sheet_report_em,cn_fundamental_akshare_batch_v1_20260531\aggregated_v1\profit_sheet_report_em\profit_sheet_report_em.parquet,OPERATE_PROFIT_OTHER,fundamental,feature_candidate,true_after_notice_date,announcement_pit_context,fundamental_pit_feature_panel,notice_date_plus_1_conservative,NOTICE_DATE governs availability; REPORT_DATE alone is not enough,notice_lagged_latest|quarter_delta|ttm_proxy|rank_xsection|winsorize
profit_sheet_report_em,cn_fundamental_akshare_batch_v1_20260531\aggregated_v1\profit_sheet_report_em\profit_sheet_report_em.parquet,OPERATE_PROFIT_OTHER_YOY,fundamental,feature_candidate,true_after_notice_date,announcement_pit_context,fundamental_pit_feature_panel,notice_date_plus_1_conservative,NOTICE_DATE governs availability; REPORT_DATE alone is not enough,notice_lagged_latest|quarter_delta|ttm_proxy|rank_xsection|winsorize
profit_sheet_report_em,cn_fundamental_akshare_batch_v1_20260531\aggregated_v1\profit_sheet_report_em\profit_sheet_report_em.parquet,OPERATE_PROFIT_BALANCE,fundamental,feature_candidate,true_after_notice_date,announcement_pit_context,fundamental_pit_feature_panel,notice_date_plus_1_conservative,NOTICE_DATE governs availability; REPORT_DATE alone is not enough,notice_lagged_latest|quarter_delta|ttm_proxy|rank_xsection|winsorize
profit_sheet_report_em,cn_fundamental_akshare_batch_v1_20260531\aggregated_v1\profit_sheet_report_em\profit_sheet_report_em.parquet,OPERATE_PROFIT_BALANCE_YOY,fundamental,feature_candidate,true_after_notice_date,announcement_pit_context,fundamental_pit_feature_panel,notice_date_plus_1_conservative,NOTICE_DATE governs availability; REPORT_DATE alone is not enough,notice_lagged_latest|quarter_delta|ttm_proxy|rank_xsection|winsorize
profit_sheet_report_em,cn_fundamental_akshare_batch_v1_20260531\aggregated_v1\profit_sheet_report_em\profit_sheet_report_em.parquet,OPERATE_PROFIT,fundamental,feature_candidate,true_after_notice_date,announcement_pit_context,fundamental_pit_feature_panel,notice_date_plus_1_conservative,NOTICE_DATE governs availability; REPORT_DATE alone is not enough,notice_lagged_latest|quarter_delta|ttm_proxy|rank_xsection|winsorize
profit_sheet_report_em,cn_fundamental_akshare_batch_v1_20260531\aggregated_v1\profit_sheet_report_em\profit_sheet_report_em.parquet,OPERATE_PROFIT_YOY,fundamental,feature_candidate,true_after_notice_date,announcement_pit_context,fundamental_pit_feature_panel,notice_date_plus_1_conservative,NOTICE_DATE governs availability; REPORT_DATE alone is not enough,notice_lagged_latest|quarter_delta|ttm_proxy|rank_xsection|winsorize
profit_sheet_report_em,cn_fundamental_akshare_batch_v1_20260531\aggregated_v1\profit_sheet_report_em\profit_sheet_report_em.parquet,NONBUSINESS_INCOME,fundamental,feature_candidate,true_after_notice_date,announcement_pit_context,fundamental_pit_feature_panel,notice_date_plus_1_conservative,NOTICE_DATE governs availability; REPORT_DATE alone is not enough,notice_lagged_latest|quarter_delta|ttm_proxy|rank_xsection|winsorize
profit_sheet_report_em,cn_fundamental_akshare_batch_v1_20260531\aggregated_v1\profit_sheet_report_em\profit_sheet_report_em.parquet,NONBUSINESS_INCOME_YOY,fundamental,feature_candidate,true_after_notice_date,announcement_pit_context,fundamental_pit_feature_panel,notice_date_plus_1_conservative,NOTICE_DATE governs availability; REPORT_DATE alone is not enough,notice_lagged_latest|quarter_delta|ttm_proxy|rank_xsection|winsorize
profit_sheet_report_em,cn_fundamental_akshare_batch_v1_20260531\aggregated_v1\profit_sheet_report_em\profit_sheet_report_em.parquet,NONCURRENT_DISPOSAL_INCOME,fundamental,feature_candidate,true_after_notice_date,announcement_pit_context,fundamental_pit_feature_panel,notice_date_plus_1_conservative,NOTICE_DATE governs availability; REPORT_DATE alone is not enough,notice_lagged_latest|quarter_delta|ttm_proxy|rank_xsection|winsorize
profit_sheet_report_em,cn_fundamental_akshare_batch_v1_20260531\aggregated_v1\profit_sheet_report_em\profit_sheet_report_em.parquet,NONCURRENT_DISPOSAL_INCOME_YOY,fundamental,feature_candidate,true_after_notice_date,announcement_pit_context,fundamental_pit_feature_panel,notice_date_plus_1_conservative,NOTICE_DATE governs availability; REPORT_DATE alone is not enough,notice_lagged_latest|quarter_delta|ttm_proxy|rank_xsection|winsorize
profit_sheet_report_em,cn_fundamental_akshare_batch_v1_20260531\aggregated_v1\profit_sheet_report_em\profit_sheet_report_em.parquet,NONBUSINESS_EXPENSE,fundamental,feature_candidate,true_after_notice_date,announcement_pit_context,fundamental_pit_feature_panel,notice_date_plus_1_conservative,NOTICE_DATE governs availability; REPORT_DATE alone is not enough,notice_lagged_latest|quarter_delta|ttm_proxy|rank_xsection|winsorize
profit_sheet_report_em,cn_fundamental_akshare_batch_v1_20260531\aggregated_v1\profit_sheet_report_em\profit_sheet_report_em.parquet,NONBUSINESS_EXPENSE_YOY,fundamental,feature_candidate,true_after_notice_date,announcement_pit_context,fundamental_pit_feature_panel,notice_date_plus_1_conservative,NOTICE_DATE governs availability; REPORT_DATE alone is not enough,notice_lagged_latest|quarter_delta|ttm_proxy|rank_xsection|winsorize
profit_sheet_report_em,cn_fundamental_akshare_batch_v1_20260531\aggregated_v1\profit_sheet_report_em\profit_sheet_report_em.parquet,NONCURRENT_DISPOSAL_LOSS,other,feature_candidate,true_after_notice_date,announcement_pit_context,fundamental_pit_feature_panel,notice_date_plus_1_conservative,NOTICE_DATE governs availability; REPORT_DATE alone is not enough,lagged_level|rank_xsection
profit_sheet_report_em,cn_fundamental_akshare_batch_v1_20260531\aggregated_v1\profit_sheet_report_em\profit_sheet_report_em.parquet,NONCURRENT_DISPOSAL_LOSS_YOY,other,feature_candidate,true_after_notice_date,announcement_pit_context,fundamental_pit_feature_panel,notice_date_plus_1_conservative,NOTICE_DATE governs availability; REPORT_DATE alone is not enough,lagged_level|rank_xsection
profit_sheet_report_em,cn_fundamental_akshare_batch_v1_20260531\aggregated_v1\profit_sheet_report_em\profit_sheet_report_em.parquet,EFFECT_TP_OTHER,other,feature_candidate,true_after_notice_date,announcement_pit_context,fundamental_pit_feature_panel,notice_date_plus_1_conservative,NOTICE_DATE governs availability; REPORT_DATE alone is not enough,lagged_level|rank_xsection
profit_sheet_report_em,cn_fundamental_akshare_batch_v1_20260531\aggregated_v1\profit_sheet_report_em\profit_sheet_report_em.parquet,EFFECT_TP_OTHER_YOY,other,feature_candidate,true_after_notice_date,announcement_pit_context,fundamental_pit_feature_panel,notice_date_plus_1_conservative,NOTICE_DATE governs availability; REPORT_DATE alone is not enough,lagged_level|rank_xsection
profit_sheet_report_em,cn_fundamental_akshare_batch_v1_20260531\aggregated_v1\profit_sheet_report_em\profit_sheet_report_em.parquet,TOTAL_PROFIT_BALANCE,fundamental,feature_candidate,true_after_notice_date,announcement_pit_context,fundamental_pit_feature_panel,notice_date_plus_1_conservative,NOTICE_DATE governs availability; REPORT_DATE alone is not enough,notice_lagged_latest|quarter_delta|ttm_proxy|rank_xsection|winsorize
profit_sheet_report_em,cn_fundamental_akshare_batch_v1_20260531\aggregated_v1\profit_sheet_report_em\profit_sheet_report_em.parquet,TOTAL_PROFIT_BALANCE_YOY,fundamental,feature_candidate,true_after_notice_date,announcement_pit_context,fundamental_pit_feature_panel,notice_date_plus_1_conservative,NOTICE_DATE governs availability; REPORT_DATE alone is not enough,notice_lagged_latest|quarter_delta|ttm_proxy|rank_xsection|winsorize
profit_sheet_report_em,cn_fundamental_akshare_batch_v1_20260531\aggregated_v1\profit_sheet_report_em\profit_sheet_report_em.parquet,TOTAL_PROFIT,fundamental,feature_candidate,true_after_notice_date,announcement_pit_context,fundamental_pit_feature_panel,notice_date_plus_1_conservative,NOTICE_DATE governs availability; REPORT_DATE alone is not enough,notice_lagged_latest|quarter_delta|ttm_proxy|rank_xsection|winsorize
profit_sheet_report_em,cn_fundamental_akshare_batch_v1_20260531\aggregated_v1\profit_sheet_report_em\profit_sheet_report_em.parquet,TOTAL_PROFIT_YOY,fundamental,feature_candidate,true_after_notice_date,announcement_pit_context,fundamental_pit_feature_panel,notice_date_plus_1_conservative,NOTICE_DATE governs availability; REPORT_DATE alone is not enough,notice_lagged_latest|quarter_delta|ttm_proxy|rank_xsection|winsorize
profit_sheet_report_em,cn_fundamental_akshare_batch_v1_20260531\aggregated_v1\profit_sheet_report_em\profit_sheet_report_em.parquet,INCOME_TAX,fundamental,feature_candidate,true_after_notice_date,announcement_pit_context,fundamental_pit_feature_panel,notice_date_plus_1_conservative,NOTICE_DATE governs availability; REPORT_DATE alone is not enough,notice_lagged_latest|quarter_delta|ttm_proxy|rank_xsection|winsorize
profit_sheet_report_em,cn_fundamental_akshare_batch_v1_20260531\aggregated_v1\profit_sheet_report_em\profit_sheet_report_em.parquet,INCOME_TAX_YOY,fundamental,feature_candidate,true_after_notice_date,announcement_pit_context,fundamental_pit_feature_panel,notice_date_plus_1_conservative,NOTICE_DATE governs availability; REPORT_DATE alone is not enough,notice_lagged_latest|quarter_delta|ttm_proxy|rank_xsection|winsorize
profit_sheet_report_em,cn_fundamental_akshare_batch_v1_20260531\aggregated_v1\profit_sheet_report_em\profit_sheet_report_em.parquet,EFFECT_NETPROFIT_OTHER,fundamental,feature_candidate,true_after_notice_date,announcement_pit_context,fundamental_pit_feature_panel,notice_date_plus_1_conservative,NOTICE_DATE governs availability; REPORT_DATE alone is not enough,notice_lagged_latest|quarter_delta|ttm_proxy|rank_xsection|winsorize
profit_sheet_report_em,cn_fundamental_akshare_batch_v1_20260531\aggregated_v1\profit_sheet_report_em\profit_sheet_report_em.parquet,EFFECT_NETPROFIT_OTHER_YOY,fundamental,feature_candidate,true_after_notice_date,announcement_pit_context,fundamental_pit_feature_panel,notice_date_plus_1_conservative,NOTICE_DATE governs availability; REPORT_DATE alone is not enough,notice_lagged_latest|quarter_delta|ttm_proxy|rank_xsection|winsorize
profit_sheet_report_em,cn_fundamental_akshare_batch_v1_20260531\aggregated_v1\profit_sheet_report_em\profit_sheet_report_em.parquet,EFFECT_NETPROFIT_BALANCE,fundamental,feature_candidate,true_after_notice_date,announcement_pit_context,fundamental_pit_feature_panel,notice_date_plus_1_conservative,NOTICE_DATE governs availability; REPORT_DATE alone is not enough,notice_lagged_latest|quarter_delta|ttm_proxy|rank_xsection|winsorize
profit_sheet_report_em,cn_fundamental_akshare_batch_v1_20260531\aggregated_v1\profit_sheet_report_em\profit_sheet_report_em.parquet,EFFECT_NETPROFIT_BALANCE_YOY,fundamental,feature_candidate,true_after_notice_date,announcement_pit_context,fundamental_pit_feature_panel,notice_date_plus_1_conservative,NOTICE_DATE governs availability; REPORT_DATE alone is not enough,notice_lagged_latest|quarter_delta|ttm_proxy|rank_xsection|winsorize
profit_sheet_report_em,cn_fundamental_akshare_batch_v1_20260531\aggregated_v1\profit_sheet_report_em\profit_sheet_report_em.parquet,UNCONFIRM_INVEST_LOSS,other,feature_candidate,true_after_notice_date,announcement_pit_context,fundamental_pit_feature_panel,notice_date_plus_1_conservative,NOTICE_DATE governs availability; REPORT_DATE alone is not enough,lagged_level|rank_xsection
profit_sheet_report_em,cn_fundamental_akshare_batch_v1_20260531\aggregated_v1\profit_sheet_report_em\profit_sheet_report_em.parquet,UNCONFIRM_INVEST_LOSS_YOY,other,feature_candidate,true_after_notice_date,announcement_pit_context,fundamental_pit_feature_panel,notice_date_plus_1_conservative,NOTICE_DATE governs availability; REPORT_DATE alone is not enough,lagged_level|rank_xsection
profit_sheet_report_em,cn_fundamental_akshare_batch_v1_20260531\aggregated_v1\profit_sheet_report_em\profit_sheet_report_em.parquet,NETPROFIT,fundamental,feature_candidate,true_after_notice_date,announcement_pit_context,fundamental_pit_feature_panel,notice_date_plus_1_conservative,NOTICE_DATE governs availability; REPORT_DATE alone is not enough,notice_lagged_latest|quarter_delta|ttm_proxy|rank_xsection|winsorize
profit_sheet_report_em,cn_fundamental_akshare_batch_v1_20260531\aggregated_v1\profit_sheet_report_em\profit_sheet_report_em.parquet,NETPROFIT_YOY,fundamental,feature_candidate,true_after_notice_date,announcement_pit_context,fundamental_pit_feature_panel,notice_date_plus_1_conservative,NOTICE_DATE governs availability; REPORT_DATE alone is not enough,notice_lagged_latest|quarter_delta|ttm_proxy|rank_xsection|winsorize
profit_sheet_report_em,cn_fundamental_akshare_batch_v1_20260531\aggregated_v1\profit_sheet_report_em\profit_sheet_report_em.parquet,PRECOMBINE_PROFIT,fundamental,feature_candidate,true_after_notice_date,announcement_pit_context,fundamental_pit_feature_panel,notice_date_plus_1_conservative,NOTICE_DATE governs availability; REPORT_DATE alone is not enough,notice_lagged_latest|quarter_delta|ttm_proxy|rank_xsection|winsorize
profit_sheet_report_em,cn_fundamental_akshare_batch_v1_20260531\aggregated_v1\profit_sheet_report_em\profit_sheet_report_em.parquet,PRECOMBINE_PROFIT_YOY,fundamental,feature_candidate,true_after_notice_date,announcement_pit_context,fundamental_pit_feature_panel,notice_date_plus_1_conservative,NOTICE_DATE governs availability; REPORT_DATE alone is not enough,notice_lagged_latest|quarter_delta|ttm_proxy|rank_xsection|winsorize
profit_sheet_report_em,cn_fundamental_akshare_batch_v1_20260531\aggregated_v1\profit_sheet_report_em\profit_sheet_report_em.parquet,CONTINUED_NETPROFIT,fundamental,feature_candidate,true_after_notice_date,announcement_pit_context,fundamental_pit_feature_panel,notice_date_plus_1_conservative,NOTICE_DATE governs availability; REPORT_DATE alone is not enough,notice_lagged_latest|quarter_delta|ttm_proxy|rank_xsection|winsorize
profit_sheet_report_em,cn_fundamental_akshare_batch_v1_20260531\aggregated_v1\profit_sheet_report_em\profit_sheet_report_em.parquet,CONTINUED_NETPROFIT_YOY,fundamental,feature_candidate,true_after_notice_date,announcement_pit_context,fundamental_pit_feature_panel,notice_date_plus_1_conservative,NOTICE_DATE governs availability; REPORT_DATE alone is not enough,notice_lagged_latest|quarter_delta|ttm_proxy|rank_xsection|winsorize
profit_sheet_report_em,cn_fundamental_akshare_batch_v1_20260531\aggregated_v1\profit_sheet_report_em\profit_sheet_report_em.parquet,DISCONTINUED_NETPROFIT,fundamental,feature_candidate,true_after_notice_date,announcement_pit_context,fundamental_pit_feature_panel,notice_date_plus_1_conservative,NOTICE_DATE governs availability; REPORT_DATE alone is not enough,notice_lagged_latest|quarter_delta|ttm_proxy|rank_xsection|winsorize
profit_sheet_report_em,cn_fundamental_akshare_batch_v1_20260531\aggregated_v1\profit_sheet_report_em\profit_sheet_report_em.parquet,DISCONTINUED_NETPROFIT_YOY,fundamental,feature_candidate,true_after_notice_date,announcement_pit_context,fundamental_pit_feature_panel,notice_date_plus_1_conservative,NOTICE_DATE governs availability; REPORT_DATE alone is not enough,notice_lagged_latest|quarter_delta|ttm_proxy|rank_xsection|winsorize
profit_sheet_report_em,cn_fundamental_akshare_batch_v1_20260531\aggregated_v1\profit_sheet_report_em\profit_sheet_report_em.parquet,PARENT_NETPROFIT,fundamental,feature_candidate,true_after_notice_date,announcement_pit_context,fundamental_pit_feature_panel,notice_date_plus_1_conservative,NOTICE_DATE governs availability; REPORT_DATE alone is not enough,notice_lagged_latest|quarter_delta|ttm_proxy|rank_xsection|winsorize
profit_sheet_report_em,cn_fundamental_akshare_batch_v1_20260531\aggregated_v1\profit_sheet_report_em\profit_sheet_report_em.parquet,PARENT_NETPROFIT_YOY,fundamental,feature_candidate,true_after_notice_date,announcement_pit_context,fundamental_pit_feature_panel,notice_date_plus_1_conservative,NOTICE_DATE governs availability; REPORT_DATE alone is not enough,notice_lagged_latest|quarter_delta|ttm_proxy|rank_xsection|winsorize
profit_sheet_report_em,cn_fundamental_akshare_batch_v1_20260531\aggregated_v1\profit_sheet_report_em\profit_sheet_report_em.parquet,MINORITY_INTEREST,other,feature_candidate,true_after_notice_date,announcement_pit_context,fundamental_pit_feature_panel,notice_date_plus_1_conservative,NOTICE_DATE governs availability; REPORT_DATE alone is not enough,lagged_level|rank_xsection
profit_sheet_report_em,cn_fundamental_akshare_batch_v1_20260531\aggregated_v1\profit_sheet_report_em\profit_sheet_report_em.parquet,MINORITY_INTEREST_YOY,other,feature_candidate,true_after_notice_date,announcement_pit_context,fundamental_pit_feature_panel,notice_date_plus_1_conservative,NOTICE_DATE governs availability; REPORT_DATE alone is not enough,lagged_level|rank_xsection
profit_sheet_report_em,cn_fundamental_akshare_batch_v1_20260531\aggregated_v1\profit_sheet_report_em\profit_sheet_report_em.parquet,DEDUCT_PARENT_NETPROFIT,fundamental,feature_candidate,true_after_notice_date,announcement_pit_context,fundamental_pit_feature_panel,notice_date_plus_1_conservative,NOTICE_DATE governs availability; REPORT_DATE alone is not enough,notice_lagged_latest|quarter_delta|ttm_proxy|rank_xsection|winsorize
profit_sheet_report_em,cn_fundamental_akshare_batch_v1_20260531\aggregated_v1\profit_sheet_report_em\profit_sheet_report_em.parquet,DEDUCT_PARENT_NETPROFIT_YOY,fundamental,feature_candidate,true_after_notice_date,announcement_pit_context,fundamental_pit_feature_panel,notice_date_plus_1_conservative,NOTICE_DATE governs availability; REPORT_DATE alone is not enough,notice_lagged_latest|quarter_delta|ttm_proxy|rank_xsection|winsorize
profit_sheet_report_em,cn_fundamental_akshare_batch_v1_20260531\aggregated_v1\profit_sheet_report_em\profit_sheet_report_em.parquet,NETPROFIT_OTHER,fundamental,feature_candidate,true_after_notice_date,announcement_pit_context,fundamental_pit_feature_panel,notice_date_plus_1_conservative,NOTICE_DATE governs availability; REPORT_DATE alone is not enough,notice_lagged_latest|quarter_delta|ttm_proxy|rank_xsection|winsorize
profit_sheet_report_em,cn_fundamental_akshare_batch_v1_20260531\aggregated_v1\profit_sheet_report_em\profit_sheet_report_em.parquet,NETPROFIT_OTHER_YOY,fundamental,feature_candidate,true_after_notice_date,announcement_pit_context,fundamental_pit_feature_panel,notice_date_plus_1_conservative,NOTICE_DATE governs availability; REPORT_DATE alone is not enough,notice_lagged_latest|quarter_delta|ttm_proxy|rank_xsection|winsorize
profit_sheet_report_em,cn_fundamental_akshare_batch_v1_20260531\aggregated_v1\profit_sheet_report_em\profit_sheet_report_em.parquet,NETPROFIT_BALANCE,fundamental,feature_candidate,true_after_notice_date,announcement_pit_context,fundamental_pit_feature_panel,notice_date_plus_1_conservative,NOTICE_DATE governs availability; REPORT_DATE alone is not enough,notice_lagged_latest|quarter_delta|ttm_proxy|rank_xsection|winsorize
profit_sheet_report_em,cn_fundamental_akshare_batch_v1_20260531\aggregated_v1\profit_sheet_report_em\profit_sheet_report_em.parquet,NETPROFIT_BALANCE_YOY,fundamental,feature_candidate,true_after_notice_date,announcement_pit_context,fundamental_pit_feature_panel,notice_date_plus_1_conservative,NOTICE_DATE governs availability; REPORT_DATE alone is not enough,notice_lagged_latest|quarter_delta|ttm_proxy|rank_xsection|winsorize
profit_sheet_report_em,cn_fundamental_akshare_batch_v1_20260531\aggregated_v1\profit_sheet_report_em\profit_sheet_report_em.parquet,BASIC_EPS,fundamental,feature_candidate,true_after_notice_date,announcement_pit_context,fundamental_pit_feature_panel,notice_date_plus_1_conservative,NOTICE_DATE governs availability; REPORT_DATE alone is not enough,notice_lagged_latest|quarter_delta|ttm_proxy|rank_xsection|winsorize
profit_sheet_report_em,cn_fundamental_akshare_batch_v1_20260531\aggregated_v1\profit_sheet_report_em\profit_sheet_report_em.parquet,BASIC_EPS_YOY,fundamental,feature_candidate,true_after_notice_date,announcement_pit_context,fundamental_pit_feature_panel,notice_date_plus_1_conservative,NOTICE_DATE governs availability; REPORT_DATE alone is not enough,notice_lagged_latest|quarter_delta|ttm_proxy|rank_xsection|winsorize
profit_sheet_report_em,cn_fundamental_akshare_batch_v1_20260531\aggregated_v1\profit_sheet_report_em\profit_sheet_report_em.parquet,DILUTED_EPS,fundamental,feature_candidate,true_after_notice_date,announcement_pit_context,fundamental_pit_feature_panel,notice_date_plus_1_conservative,NOTICE_DATE governs availability; REPORT_DATE alone is not enough,notice_lagged_latest|quarter_delta|ttm_proxy|rank_xsection|winsorize
profit_sheet_report_em,cn_fundamental_akshare_batch_v1_20260531\aggregated_v1\profit_sheet_report_em\profit_sheet_report_em.parquet,DILUTED_EPS_YOY,fundamental,feature_candidate,true_after_notice_date,announcement_pit_context,fundamental_pit_feature_panel,notice_date_plus_1_conservative,NOTICE_DATE governs availability; REPORT_DATE alone is not enough,notice_lagged_latest|quarter_delta|ttm_proxy|rank_xsection|winsorize
profit_sheet_report_em,cn_fundamental_akshare_batch_v1_20260531\aggregated_v1\profit_sheet_report_em\profit_sheet_report_em.parquet,OTHER_COMPRE_INCOME,fundamental,feature_candidate,true_after_notice_date,announcement_pit_context,fundamental_pit_feature_panel,notice_date_plus_1_conservative,NOTICE_DATE governs availability; REPORT_DATE alone is not enough,notice_lagged_latest|quarter_delta|ttm_proxy|rank_xsection|winsorize
profit_sheet_report_em,cn_fundamental_akshare_batch_v1_20260531\aggregated_v1\profit_sheet_report_em\profit_sheet_report_em.parquet,OTHER_COMPRE_INCOME_YOY,fundamental,feature_candidate,true_after_notice_date,announcement_pit_context,fundamental_pit_feature_panel,notice_date_plus_1_conservative,NOTICE_DATE governs availability; REPORT_DATE alone is not enough,notice_lagged_latest|quarter_delta|ttm_proxy|rank_xsection|winsorize
profit_sheet_report_em,cn_fundamental_akshare_batch_v1_20260531\aggregated_v1\profit_sheet_report_em\profit_sheet_report_em.parquet,PARENT_OCI,other,feature_candidate,true_after_notice_date,announcement_pit_context,fundamental_pit_feature_panel,notice_date_plus_1_conservative,NOTICE_DATE governs availability; REPORT_DATE alone is not enough,lagged_level|rank_xsection
profit_sheet_report_em,cn_fundamental_akshare_batch_v1_20260531\aggregated_v1\profit_sheet_report_em\profit_sheet_report_em.parquet,PARENT_OCI_YOY,other,feature_candidate,true_after_notice_date,announcement_pit_context,fundamental_pit_feature_panel,notice_date_plus_1_conservative,NOTICE_DATE governs availability; REPORT_DATE alone is not enough,lagged_level|rank_xsection
profit_sheet_report_em,cn_fundamental_akshare_batch_v1_20260531\aggregated_v1\profit_sheet_report_em\profit_sheet_report_em.parquet,MINORITY_OCI,other,feature_candidate,true_after_notice_date,announcement_pit_context,fundamental_pit_feature_panel,notice_date_plus_1_conservative,NOTICE_DATE governs availability; REPORT_DATE alone is not enough,lagged_level|rank_xsection
profit_sheet_report_em,cn_fundamental_akshare_batch_v1_20260531\aggregated_v1\profit_sheet_report_em\profit_sheet_report_em.parquet,MINORITY_OCI_YOY,other,feature_candidate,true_after_notice_date,announcement_pit_context,fundamental_pit_feature_panel,notice_date_plus_1_conservative,NOTICE_DATE governs availability; REPORT_DATE alone is not enough,lagged_level|rank_xsection
profit_sheet_report_em,cn_fundamental_akshare_batch_v1_20260531\aggregated_v1\profit_sheet_report_em\profit_sheet_report_em.parquet,PARENT_OCI_OTHER,other,feature_candidate,true_after_notice_date,announcement_pit_context,fundamental_pit_feature_panel,notice_date_plus_1_conservative,NOTICE_DATE governs availability; REPORT_DATE alone is not enough,lagged_level|rank_xsection
profit_sheet_report_em,cn_fundamental_akshare_batch_v1_20260531\aggregated_v1\profit_sheet_report_em\profit_sheet_report_em.parquet,PARENT_OCI_OTHER_YOY,other,feature_candidate,true_after_notice_date,announcement_pit_context,fundamental_pit_feature_panel,notice_date_plus_1_conservative,NOTICE_DATE governs availability; REPORT_DATE alone is not enough,lagged_level|rank_xsection
profit_sheet_report_em,cn_fundamental_akshare_batch_v1_20260531\aggregated_v1\profit_sheet_report_em\profit_sheet_report_em.parquet,PARENT_OCI_BALANCE,other,feature_candidate,true_after_notice_date,announcement_pit_context,fundamental_pit_feature_panel,notice_date_plus_1_conservative,NOTICE_DATE governs availability; REPORT_DATE alone is not enough,lagged_level|rank_xsection
profit_sheet_report_em,cn_fundamental_akshare_batch_v1_20260531\aggregated_v1\profit_sheet_report_em\profit_sheet_report_em.parquet,PARENT_OCI_BALANCE_YOY,other,feature_candidate,true_after_notice_date,announcement_pit_context,fundamental_pit_feature_panel,notice_date_plus_1_conservative,NOTICE_DATE governs availability; REPORT_DATE alone is not enough,lagged_level|rank_xsection
profit_sheet_report_em,cn_fundamental_akshare_batch_v1_20260531\aggregated_v1\profit_sheet_report_em\profit_sheet_report_em.parquet,UNABLE_OCI,other,feature_candidate,true_after_notice_date,announcement_pit_context,fundamental_pit_feature_panel,notice_date_plus_1_conservative,NOTICE_DATE governs availability; REPORT_DATE alone is not enough,lagged_level|rank_xsection
profit_sheet_report_em,cn_fundamental_akshare_batch_v1_20260531\aggregated_v1\profit_sheet_report_em\profit_sheet_report_em.parquet,UNABLE_OCI_YOY,other,feature_candidate,true_after_notice_date,announcement_pit_context,fundamental_pit_feature_panel,notice_date_plus_1_conservative,NOTICE_DATE governs availability; REPORT_DATE alone is not enough,lagged_level|rank_xsection
profit_sheet_report_em,cn_fundamental_akshare_batch_v1_20260531\aggregated_v1\profit_sheet_report_em\profit_sheet_report_em.parquet,CREDITRISK_FAIRVALUE_CHANGE,price_state,feature_candidate,true_after_notice_date,announcement_pit_context,fundamental_pit_feature_panel,notice_date_plus_1_conservative,NOTICE_DATE governs availability; REPORT_DATE alone is not enough,lagged_momentum|mean_reversion|volatility|do_not_use_same_day_close_intraday
profit_sheet_report_em,cn_fundamental_akshare_batch_v1_20260531\aggregated_v1\profit_sheet_report_em\profit_sheet_report_em.parquet,CREDITRISK_FAIRVALUE_CHANGE_YOY,price_state,feature_candidate,true_after_notice_date,announcement_pit_context,fundamental_pit_feature_panel,notice_date_plus_1_conservative,NOTICE_DATE governs availability; REPORT_DATE alone is not enough,lagged_momentum|mean_reversion|volatility|do_not_use_same_day_close_intraday
profit_sheet_report_em,cn_fundamental_akshare_batch_v1_20260531\aggregated_v1\profit_sheet_report_em\profit_sheet_report_em.parquet,OTHERRIGHT_FAIRVALUE_CHANGE,price_state,feature_candidate,true_after_notice_date,announcement_pit_context,fundamental_pit_feature_panel,notice_date_plus_1_conservative,NOTICE_DATE governs availability; REPORT_DATE alone is not enough,lagged_momentum|mean_reversion|volatility|do_not_use_same_day_close_intraday
profit_sheet_report_em,cn_fundamental_akshare_batch_v1_20260531\aggregated_v1\profit_sheet_report_em\profit_sheet_report_em.parquet,OTHERRIGHT_FAIRVALUE_CHANGE_YOY,price_state,feature_candidate,true_after_notice_date,announcement_pit_context,fundamental_pit_feature_panel,notice_date_plus_1_conservative,NOTICE_DATE governs availability; REPORT_DATE alone is not enough,lagged_momentum|mean_reversion|volatility|do_not_use_same_day_close_intraday
profit_sheet_report_em,cn_fundamental_akshare_batch_v1_20260531\aggregated_v1\profit_sheet_report_em\profit_sheet_report_em.parquet,SETUP_PROFIT_CHANGE,fundamental,feature_candidate,true_after_notice_date,announcement_pit_context,fundamental_pit_feature_panel,notice_date_plus_1_conservative,NOTICE_DATE governs availability; REPORT_DATE alone is not enough,notice_lagged_latest|quarter_delta|ttm_proxy|rank_xsection|winsorize
profit_sheet_report_em,cn_fundamental_akshare_batch_v1_20260531\aggregated_v1\profit_sheet_report_em\profit_sheet_report_em.parquet,SETUP_PROFIT_CHANGE_YOY,fundamental,feature_candidate,true_after_notice_date,announcement_pit_context,fundamental_pit_feature_panel,notice_date_plus_1_conservative,NOTICE_DATE governs availability; REPORT_DATE alone is not enough,notice_lagged_latest|quarter_delta|ttm_proxy|rank_xsection|winsorize
profit_sheet_report_em,cn_fundamental_akshare_batch_v1_20260531\aggregated_v1\profit_sheet_report_em\profit_sheet_report_em.parquet,RIGHTLAW_UNABLE_OCI,other,feature_candidate,true_after_notice_date,announcement_pit_context,fundamental_pit_feature_panel,notice_date_plus_1_conservative,NOTICE_DATE governs availability; REPORT_DATE alone is not enough,lagged_level|rank_xsection
profit_sheet_report_em,cn_fundamental_akshare_batch_v1_20260531\aggregated_v1\profit_sheet_report_em\profit_sheet_report_em.parquet,RIGHTLAW_UNABLE_OCI_YOY,other,feature_candidate,true_after_notice_date,announcement_pit_context,fundamental_pit_feature_panel,notice_date_plus_1_conservative,NOTICE_DATE governs availability; REPORT_DATE alone is not enough,lagged_level|rank_xsection
profit_sheet_report_em,cn_fundamental_akshare_batch_v1_20260531\aggregated_v1\profit_sheet_report_em\profit_sheet_report_em.parquet,UNABLE_OCI_OTHER,other,feature_candidate,true_after_notice_date,announcement_pit_context,fundamental_pit_feature_panel,notice_date_plus_1_conservative,NOTICE_DATE governs availability; REPORT_DATE alone is not enough,lagged_level|rank_xsection
profit_sheet_report_em,cn_fundamental_akshare_batch_v1_20260531\aggregated_v1\profit_sheet_report_em\profit_sheet_report_em.parquet,UNABLE_OCI_OTHER_YOY,other,feature_candidate,true_after_notice_date,announcement_pit_context,fundamental_pit_feature_panel,notice_date_plus_1_conservative,NOTICE_DATE governs availability; REPORT_DATE alone is not enough,lagged_level|rank_xsection
profit_sheet_report_em,cn_fundamental_akshare_batch_v1_20260531\aggregated_v1\profit_sheet_report_em\profit_sheet_report_em.parquet,UNABLE_OCI_BALANCE,other,feature_candidate,true_after_notice_date,announcement_pit_context,fundamental_pit_feature_panel,notice_date_plus_1_conservative,NOTICE_DATE governs availability; REPORT_DATE alone is not enough,lagged_level|rank_xsection
profit_sheet_report_em,cn_fundamental_akshare_batch_v1_20260531\aggregated_v1\profit_sheet_report_em\profit_sheet_report_em.parquet,UNABLE_OCI_BALANCE_YOY,other,feature_candidate,true_after_notice_date,announcement_pit_context,fundamental_pit_feature_panel,notice_date_plus_1_conservative,NOTICE_DATE governs availability; REPORT_DATE alone is not enough,lagged_level|rank_xsection
profit_sheet_report_em,cn_fundamental_akshare_batch_v1_20260531\aggregated_v1\profit_sheet_report_em\profit_sheet_report_em.parquet,ABLE_OCI,other,feature_candidate,true_after_notice_date,announcement_pit_context,fundamental_pit_feature_panel,notice_date_plus_1_conservative,NOTICE_DATE governs availability; REPORT_DATE alone is not enough,lagged_level|rank_xsection
profit_sheet_report_em,cn_fundamental_akshare_batch_v1_20260531\aggregated_v1\profit_sheet_report_em\profit_sheet_report_em.parquet,ABLE_OCI_YOY,other,feature_candidate,true_after_notice_date,announcement_pit_context,fundamental_pit_feature_panel,notice_date_plus_1_conservative,NOTICE_DATE governs availability; REPORT_DATE alone is not enough,lagged_level|rank_xsection
profit_sheet_report_em,cn_fundamental_akshare_batch_v1_20260531\aggregated_v1\profit_sheet_report_em\profit_sheet_report_em.parquet,RIGHTLAW_ABLE_OCI,other,feature_candidate,true_after_notice_date,announcement_pit_context,fundamental_pit_feature_panel,notice_date_plus_1_conservative,NOTICE_DATE governs availability; REPORT_DATE alone is not enough,lagged_level|rank_xsection
profit_sheet_report_em,cn_fundamental_akshare_batch_v1_20260531\aggregated_v1\profit_sheet_report_em\profit_sheet_report_em.parquet,RIGHTLAW_ABLE_OCI_YOY,other,feature_candidate,true_after_notice_date,announcement_pit_context,fundamental_pit_feature_panel,notice_date_plus_1_conservative,NOTICE_DATE governs availability; REPORT_DATE alone is not enough,lagged_level|rank_xsection
profit_sheet_report_em,cn_fundamental_akshare_batch_v1_20260531\aggregated_v1\profit_sheet_report_em\profit_sheet_report_em.parquet,AFA_FAIRVALUE_CHANGE,price_state,feature_candidate,true_after_notice_date,announcement_pit_context,fundamental_pit_feature_panel,notice_date_plus_1_conservative,NOTICE_DATE governs availability; REPORT_DATE alone is not enough,lagged_momentum|mean_reversion|volatility|do_not_use_same_day_close_intraday
profit_sheet_report_em,cn_fundamental_akshare_batch_v1_20260531\aggregated_v1\profit_sheet_report_em\profit_sheet_report_em.parquet,AFA_FAIRVALUE_CHANGE_YOY,price_state,feature_candidate,true_after_notice_date,announcement_pit_context,fundamental_pit_feature_panel,notice_date_plus_1_conservative,NOTICE_DATE governs availability; REPORT_DATE alone is not enough,lagged_momentum|mean_reversion|volatility|do_not_use_same_day_close_intraday
profit_sheet_report_em,cn_fundamental_akshare_batch_v1_20260531\aggregated_v1\profit_sheet_report_em\profit_sheet_report_em.parquet,HMI_AFA,other,feature_candidate,true_after_notice_date,announcement_pit_context,fundamental_pit_feature_panel,notice_date_plus_1_conservative,NOTICE_DATE governs availability; REPORT_DATE alone is not enough,lagged_level|rank_xsection
profit_sheet_report_em,cn_fundamental_akshare_batch_v1_20260531\aggregated_v1\profit_sheet_report_em\profit_sheet_report_em.parquet,HMI_AFA_YOY,other,feature_candidate,true_after_notice_date,announcement_pit_context,fundamental_pit_feature_panel,notice_date_plus_1_conservative,NOTICE_DATE governs availability; REPORT_DATE alone is not enough,lagged_level|rank_xsection
profit_sheet_report_em,cn_fundamental_akshare_batch_v1_20260531\aggregated_v1\profit_sheet_report_em\profit_sheet_report_em.parquet,CASHFLOW_HEDGE_VALID,fundamental,feature_candidate,true_after_notice_date,announcement_pit_context,fundamental_pit_feature_panel,notice_date_plus_1_conservative,NOTICE_DATE governs availability; REPORT_DATE alone is not enough,notice_lagged_latest|quarter_delta|ttm_proxy|rank_xsection|winsorize
profit_sheet_report_em,cn_fundamental_akshare_batch_v1_20260531\aggregated_v1\profit_sheet_report_em\profit_sheet_report_em.parquet,CASHFLOW_HEDGE_VALID_YOY,fundamental,feature_candidate,true_after_notice_date,announcement_pit_context,fundamental_pit_feature_panel,notice_date_plus_1_conservative,NOTICE_DATE governs availability; REPORT_DATE alone is not enough,notice_lagged_latest|quarter_delta|ttm_proxy|rank_xsection|winsorize
profit_sheet_report_em,cn_fundamental_akshare_batch_v1_20260531\aggregated_v1\profit_sheet_report_em\profit_sheet_report_em.parquet,CREDITOR_FAIRVALUE_CHANGE,price_state,feature_candidate,true_after_notice_date,announcement_pit_context,fundamental_pit_feature_panel,notice_date_plus_1_conservative,NOTICE_DATE governs availability; REPORT_DATE alone is not enough,lagged_momentum|mean_reversion|volatility|do_not_use_same_day_close_intraday
profit_sheet_report_em,cn_fundamental_akshare_batch_v1_20260531\aggregated_v1\profit_sheet_report_em\profit_sheet_report_em.parquet,CREDITOR_FAIRVALUE_CHANGE_YOY,price_state,feature_candidate,true_after_notice_date,announcement_pit_context,fundamental_pit_feature_panel,notice_date_plus_1_conservative,NOTICE_DATE governs availability; REPORT_DATE alone is not enough,lagged_momentum|mean_reversion|volatility|do_not_use_same_day_close_intraday
profit_sheet_report_em,cn_fundamental_akshare_batch_v1_20260531\aggregated_v1\profit_sheet_report_em\profit_sheet_report_em.parquet,CREDITOR_IMPAIRMENT_RESERVE,other,feature_candidate,true_after_notice_date,announcement_pit_context,fundamental_pit_feature_panel,notice_date_plus_1_conservative,NOTICE_DATE governs availability; REPORT_DATE alone is not enough,lagged_level|rank_xsection
profit_sheet_report_em,cn_fundamental_akshare_batch_v1_20260531\aggregated_v1\profit_sheet_report_em\profit_sheet_report_em.parquet,CREDITOR_IMPAIRMENT_RESERVE_YOY,other,feature_candidate,true_after_notice_date,announcement_pit_context,fundamental_pit_feature_panel,notice_date_plus_1_conservative,NOTICE_DATE governs availability; REPORT_DATE alone is not enough,lagged_level|rank_xsection
profit_sheet_report_em,cn_fundamental_akshare_batch_v1_20260531\aggregated_v1\profit_sheet_report_em\profit_sheet_report_em.parquet,FINANCE_OCI_AMT,other,feature_candidate,true_after_notice_date,announcement_pit_context,fundamental_pit_feature_panel,notice_date_plus_1_conservative,NOTICE_DATE governs availability; REPORT_DATE alone is not enough,lagged_level|rank_xsection
profit_sheet_report_em,cn_fundamental_akshare_batch_v1_20260531\aggregated_v1\profit_sheet_report_em\profit_sheet_report_em.parquet,FINANCE_OCI_AMT_YOY,other,feature_candidate,true_after_notice_date,announcement_pit_context,fundamental_pit_feature_panel,notice_date_plus_1_conservative,NOTICE_DATE governs availability; REPORT_DATE alone is not enough,lagged_level|rank_xsection
profit_sheet_report_em,cn_fundamental_akshare_batch_v1_20260531\aggregated_v1\profit_sheet_report_em\profit_sheet_report_em.parquet,CONVERT_DIFF,other,feature_candidate,true_after_notice_date,announcement_pit_context,fundamental_pit_feature_panel,notice_date_plus_1_conservative,NOTICE_DATE governs availability; REPORT_DATE alone is not enough,lagged_level|rank_xsection
profit_sheet_report_em,cn_fundamental_akshare_batch_v1_20260531\aggregated_v1\profit_sheet_report_em\profit_sheet_report_em.parquet,CONVERT_DIFF_YOY,other,feature_candidate,true_after_notice_date,announcement_pit_context,fundamental_pit_feature_panel,notice_date_plus_1_conservative,NOTICE_DATE governs availability; REPORT_DATE alone is not enough,lagged_level|rank_xsection
profit_sheet_report_em,cn_fundamental_akshare_batch_v1_20260531\aggregated_v1\profit_sheet_report_em\profit_sheet_report_em.parquet,ABLE_OCI_OTHER,other,feature_candidate,true_after_notice_date,announcement_pit_context,fundamental_pit_feature_panel,notice_date_plus_1_conservative,NOTICE_DATE governs availability; REPORT_DATE alone is not enough,lagged_level|rank_xsection
profit_sheet_report_em,cn_fundamental_akshare_batch_v1_20260531\aggregated_v1\profit_sheet_report_em\profit_sheet_report_em.parquet,ABLE_OCI_OTHER_YOY,other,feature_candidate,true_after_notice_date,announcement_pit_context,fundamental_pit_feature_panel,notice_date_plus_1_conservative,NOTICE_DATE governs availability; REPORT_DATE alone is not enough,lagged_level|rank_xsection
profit_sheet_report_em,cn_fundamental_akshare_batch_v1_20260531\aggregated_v1\profit_sheet_report_em\profit_sheet_report_em.parquet,ABLE_OCI_BALANCE,other,feature_candidate,true_after_notice_date,announcement_pit_context,fundamental_pit_feature_panel,notice_date_plus_1_conservative,NOTICE_DATE governs availability; REPORT_DATE alone is not enough,lagged_level|rank_xsection
profit_sheet_report_em,cn_fundamental_akshare_batch_v1_20260531\aggregated_v1\profit_sheet_report_em\profit_sheet_report_em.parquet,ABLE_OCI_BALANCE_YOY,other,feature_candidate,true_after_notice_date,announcement_pit_context,fundamental_pit_feature_panel,notice_date_plus_1_conservative,NOTICE_DATE governs availability; REPORT_DATE alone is not enough,lagged_level|rank_xsection
profit_sheet_report_em,cn_fundamental_akshare_batch_v1_20260531\aggregated_v1\profit_sheet_report_em\profit_sheet_report_em.parquet,OCI_OTHER,other,feature_candidate,true_after_notice_date,announcement_pit_context,fundamental_pit_feature_panel,notice_date_plus_1_conservative,NOTICE_DATE governs availability; REPORT_DATE alone is not enough,lagged_level|rank_xsection
profit_sheet_report_em,cn_fundamental_akshare_batch_v1_20260531\aggregated_v1\profit_sheet_report_em\profit_sheet_report_em.parquet,OCI_OTHER_YOY,other,feature_candidate,true_after_notice_date,announcement_pit_context,fundamental_pit_feature_panel,notice_date_plus_1_conservative,NOTICE_DATE governs availability; REPORT_DATE alone is not enough,lagged_level|rank_xsection
profit_sheet_report_em,cn_fundamental_akshare_batch_v1_20260531\aggregated_v1\profit_sheet_report_em\profit_sheet_report_em.parquet,OCI_BALANCE,other,feature_candidate,true_after_notice_date,announcement_pit_context,fundamental_pit_feature_panel,notice_date_plus_1_conservative,NOTICE_DATE governs availability; REPORT_DATE alone is not enough,lagged_level|rank_xsection
profit_sheet_report_em,cn_fundamental_akshare_batch_v1_20260531\aggregated_v1\profit_sheet_report_em\profit_sheet_report_em.parquet,OCI_BALANCE_YOY,other,feature_candidate,true_after_notice_date,announcement_pit_context,fundamental_pit_feature_panel,notice_date_plus_1_conservative,NOTICE_DATE governs availability; REPORT_DATE alone is not enough,lagged_level|rank_xsection
profit_sheet_report_em,cn_fundamental_akshare_batch_v1_20260531\aggregated_v1\profit_sheet_report_em\profit_sheet_report_em.parquet,TOTAL_COMPRE_INCOME,fundamental,feature_candidate,true_after_notice_date,announcement_pit_context,fundamental_pit_feature_panel,notice_date_plus_1_conservative,NOTICE_DATE governs availability; REPORT_DATE alone is not enough,notice_lagged_latest|quarter_delta|ttm_proxy|rank_xsection|winsorize
profit_sheet_report_em,cn_fundamental_akshare_batch_v1_20260531\aggregated_v1\profit_sheet_report_em\profit_sheet_report_em.parquet,TOTAL_COMPRE_INCOME_YOY,fundamental,feature_candidate,true_after_notice_date,announcement_pit_context,fundamental_pit_feature_panel,notice_date_plus_1_conservative,NOTICE_DATE governs availability; REPORT_DATE alone is not enough,notice_lagged_latest|quarter_delta|ttm_proxy|rank_xsection|winsorize
profit_sheet_report_em,cn_fundamental_akshare_batch_v1_20260531\aggregated_v1\profit_sheet_report_em\profit_sheet_report_em.parquet,PARENT_TCI,other,feature_candidate,true_after_notice_date,announcement_pit_context,fundamental_pit_feature_panel,notice_date_plus_1_conservative,NOTICE_DATE governs availability; REPORT_DATE alone is not enough,lagged_level|rank_xsection
profit_sheet_report_em,cn_fundamental_akshare_batch_v1_20260531\aggregated_v1\profit_sheet_report_em\profit_sheet_report_em.parquet,PARENT_TCI_YOY,other,feature_candidate,true_after_notice_date,announcement_pit_context,fundamental_pit_feature_panel,notice_date_plus_1_conservative,NOTICE_DATE governs availability; REPORT_DATE alone is not enough,lagged_level|rank_xsection
profit_sheet_report_em,cn_fundamental_akshare_batch_v1_20260531\aggregated_v1\profit_sheet_report_em\profit_sheet_report_em.parquet,MINORITY_TCI,other,feature_candidate,true_after_notice_date,announcement_pit_context,fundamental_pit_feature_panel,notice_date_plus_1_conservative,NOTICE_DATE governs availability; REPORT_DATE alone is not enough,lagged_level|rank_xsection
profit_sheet_report_em,cn_fundamental_akshare_batch_v1_20260531\aggregated_v1\profit_sheet_report_em\profit_sheet_report_em.parquet,MINORITY_TCI_YOY,other,feature_candidate,true_after_notice_date,announcement_pit_context,fundamental_pit_feature_panel,notice_date_plus_1_conservative,NOTICE_DATE governs availability; REPORT_DATE alone is not enough,lagged_level|rank_xsection
profit_sheet_report_em,cn_fundamental_akshare_batch_v1_20260531\aggregated_v1\profit_sheet_report_em\profit_sheet_report_em.parquet,PRECOMBINE_TCI,other,feature_candidate,true_after_notice_date,announcement_pit_context,fundamental_pit_feature_panel,notice_date_plus_1_conservative,NOTICE_DATE governs availability; REPORT_DATE alone is not enough,lagged_level|rank_xsection
profit_sheet_report_em,cn_fundamental_akshare_batch_v1_20260531\aggregated_v1\profit_sheet_report_em\profit_sheet_report_em.parquet,PRECOMBINE_TCI_YOY,other,feature_candidate,true_after_notice_date,announcement_pit_context,fundamental_pit_feature_panel,notice_date_plus_1_conservative,NOTICE_DATE governs availability; REPORT_DATE alone is not enough,lagged_level|rank_xsection
profit_sheet_report_em,cn_fundamental_akshare_batch_v1_20260531\aggregated_v1\profit_sheet_report_em\profit_sheet_report_em.parquet,EFFECT_TCI_BALANCE,other,feature_candidate,true_after_notice_date,announcement_pit_context,fundamental_pit_feature_panel,notice_date_plus_1_conservative,NOTICE_DATE governs availability; REPORT_DATE alone is not enough,lagged_level|rank_xsection
profit_sheet_report_em,cn_fundamental_akshare_batch_v1_20260531\aggregated_v1\profit_sheet_report_em\profit_sheet_report_em.parquet,EFFECT_TCI_BALANCE_YOY,other,feature_candidate,true_after_notice_date,announcement_pit_context,fundamental_pit_feature_panel,notice_date_plus_1_conservative,NOTICE_DATE governs availability; REPORT_DATE alone is not enough,lagged_level|rank_xsection
profit_sheet_report_em,cn_fundamental_akshare_batch_v1_20260531\aggregated_v1\profit_sheet_report_em\profit_sheet_report_em.parquet,TCI_OTHER,other,feature_candidate,true_after_notice_date,announcement_pit_context,fundamental_pit_feature_panel,notice_date_plus_1_conservative,NOTICE_DATE governs availability; REPORT_DATE alone is not enough,lagged_level|rank_xsection
profit_sheet_report_em,cn_fundamental_akshare_batch_v1_20260531\aggregated_v1\profit_sheet_report_em\profit_sheet_report_em.parquet,TCI_OTHER_YOY,other,feature_candidate,true_after_notice_date,announcement_pit_context,fundamental_pit_feature_panel,notice_date_plus_1_conservative,NOTICE_DATE governs availability; REPORT_DATE alone is not enough,lagged_level|rank_xsection
profit_sheet_report_em,cn_fundamental_akshare_batch_v1_20260531\aggregated_v1\profit_sheet_report_em\profit_sheet_report_em.parquet,TCI_BALANCE,other,feature_candidate,true_after_notice_date,announcement_pit_context,fundamental_pit_feature_panel,notice_date_plus_1_conservative,NOTICE_DATE governs availability; REPORT_DATE alone is not enough,lagged_level|rank_xsection
profit_sheet_report_em,cn_fundamental_akshare_batch_v1_20260531\aggregated_v1\profit_sheet_report_em\profit_sheet_report_em.parquet,TCI_BALANCE_YOY,other,feature_candidate,true_after_notice_date,announcement_pit_context,fundamental_pit_feature_panel,notice_date_plus_1_conservative,NOTICE_DATE governs availability; REPORT_DATE alone is not enough,lagged_level|rank_xsection
profit_sheet_report_em,cn_fundamental_akshare_batch_v1_20260531\aggregated_v1\profit_sheet_report_em\profit_sheet_report_em.parquet,ACF_END_INCOME,fundamental,feature_candidate,true_after_notice_date,announcement_pit_context,fundamental_pit_feature_panel,notice_date_plus_1_conservative,NOTICE_DATE governs availability; REPORT_DATE alone is not enough,notice_lagged_latest|quarter_delta|ttm_proxy|rank_xsection|winsorize
profit_sheet_report_em,cn_fundamental_akshare_batch_v1_20260531\aggregated_v1\profit_sheet_report_em\profit_sheet_report_em.parquet,ACF_END_INCOME_YOY,fundamental,feature_candidate,true_after_notice_date,announcement_pit_context,fundamental_pit_feature_panel,notice_date_plus_1_conservative,NOTICE_DATE governs availability; REPORT_DATE alone is not enough,notice_lagged_latest|quarter_delta|ttm_proxy|rank_xsection|winsorize
profit_sheet_report_em,cn_fundamental_akshare_batch_v1_20260531\aggregated_v1\profit_sheet_report_em\profit_sheet_report_em.parquet,OPINION_TYPE,fundamental,feature_candidate,true_after_notice_date,announcement_pit_context,fundamental_pit_feature_panel,notice_date_plus_1_conservative,NOTICE_DATE governs availability; REPORT_DATE alone is not enough,notice_lagged_latest|quarter_delta|ttm_proxy|rank_xsection|winsorize
profit_sheet_report_em,cn_fundamental_akshare_batch_v1_20260531\aggregated_v1\profit_sheet_report_em\profit_sheet_report_em.parquet,_source_file,other,feature_candidate,true_after_notice_date,announcement_pit_context,fundamental_pit_feature_panel,notice_date_plus_1_conservative,NOTICE_DATE governs availability; REPORT_DATE alone is not enough,lagged_level|rank_xsection
profit_sheet_report_em,cn_fundamental_akshare_batch_v1_20260531\aggregated_v1\profit_sheet_report_em\profit_sheet_report_em.parquet,INSURANCE_INCOME,fundamental,feature_candidate,true_after_notice_date,announcement_pit_context,fundamental_pit_feature_panel,notice_date_plus_1_conservative,NOTICE_DATE governs availability; REPORT_DATE alone is not enough,notice_lagged_latest|quarter_delta|ttm_proxy|rank_xsection|winsorize
profit_sheet_report_em,cn_fundamental_akshare_batch_v1_20260531\aggregated_v1\profit_sheet_report_em\profit_sheet_report_em.parquet,REINSURE_INCOME,fundamental,feature_candidate,true_after_notice_date,announcement_pit_context,fundamental_pit_feature_panel,notice_date_plus_1_conservative,NOTICE_DATE governs availability; REPORT_DATE alone is not enough,notice_lagged_latest|quarter_delta|ttm_proxy|rank_xsection|winsorize
profit_sheet_report_em,cn_fundamental_akshare_batch_v1_20260531\aggregated_v1\profit_sheet_report_em\profit_sheet_report_em.parquet,REINSURE_PREMIUM,other,feature_candidate,true_after_notice_date,announcement_pit_context,fundamental_pit_feature_panel,notice_date_plus_1_conservative,NOTICE_DATE governs availability; REPORT_DATE alone is not enough,lagged_level|rank_xsection
profit_sheet_report_em,cn_fundamental_akshare_batch_v1_20260531\aggregated_v1\profit_sheet_report_em\profit_sheet_report_em.parquet,EXTRACT_UNEXPIRE_RESERVE,other,feature_candidate,true_after_notice_date,announcement_pit_context,fundamental_pit_feature_panel,notice_date_plus_1_conservative,NOTICE_DATE governs availability; REPORT_DATE alone is not enough,lagged_level|rank_xsection
profit_sheet_report_em,cn_fundamental_akshare_batch_v1_20260531\aggregated_v1\profit_sheet_report_em\profit_sheet_report_em.parquet,EARNED_PREMIUM_BALANCE,other,feature_candidate,true_after_notice_date,announcement_pit_context,fundamental_pit_feature_panel,notice_date_plus_1_conservative,NOTICE_DATE governs availability; REPORT_DATE alone is not enough,lagged_level|rank_xsection
profit_sheet_report_em,cn_fundamental_akshare_batch_v1_20260531\aggregated_v1\profit_sheet_report_em\profit_sheet_report_em.parquet,BANK_INTEREST_NI,other,feature_candidate,true_after_notice_date,announcement_pit_context,fundamental_pit_feature_panel,notice_date_plus_1_conservative,NOTICE_DATE governs availability; REPORT_DATE alone is not enough,lagged_level|rank_xsection
profit_sheet_report_em,cn_fundamental_akshare_batch_v1_20260531\aggregated_v1\profit_sheet_report_em\profit_sheet_report_em.parquet,BANK_INTEREST_INCOME,fundamental,feature_candidate,true_after_notice_date,announcement_pit_context,fundamental_pit_feature_panel,notice_date_plus_1_conservative,NOTICE_DATE governs availability; REPORT_DATE alone is not enough,notice_lagged_latest|quarter_delta|ttm_proxy|rank_xsection|winsorize
profit_sheet_report_em,cn_fundamental_akshare_batch_v1_20260531\aggregated_v1\profit_sheet_report_em\profit_sheet_report_em.parquet,BANK_INTEREST_EXPENSE,fundamental,feature_candidate,true_after_notice_date,announcement_pit_context,fundamental_pit_feature_panel,notice_date_plus_1_conservative,NOTICE_DATE governs availability; REPORT_DATE alone is not enough,notice_lagged_latest|quarter_delta|ttm_proxy|rank_xsection|winsorize
profit_sheet_report_em,cn_fundamental_akshare_batch_v1_20260531\aggregated_v1\profit_sheet_report_em\profit_sheet_report_em.parquet,UNINSURANCE_CNI,other,feature_candidate,true_after_notice_date,announcement_pit_context,fundamental_pit_feature_panel,notice_date_plus_1_conservative,NOTICE_DATE governs availability; REPORT_DATE alone is not enough,lagged_level|rank_xsection
profit_sheet_report_em,cn_fundamental_akshare_batch_v1_20260531\aggregated_v1\profit_sheet_report_em\profit_sheet_report_em.parquet,UNINSURANCE_CI,other,feature_candidate,true_after_notice_date,announcement_pit_context,fundamental_pit_feature_panel,notice_date_plus_1_conservative,NOTICE_DATE governs availability; REPORT_DATE alone is not enough,lagged_level|rank_xsection
profit_sheet_report_em,cn_fundamental_akshare_batch_v1_20260531\aggregated_v1\profit_sheet_report_em\profit_sheet_report_em.parquet,UNINSURANCE_CE,other,feature_candidate,true_after_notice_date,announcement_pit_context,fundamental_pit_feature_panel,notice_date_plus_1_conservative,NOTICE_DATE governs availability; REPORT_DATE alone is not enough,lagged_level|rank_xsection
profit_sheet_report_em,cn_fundamental_akshare_batch_v1_20260531\aggregated_v1\profit_sheet_report_em\profit_sheet_report_em.parquet,FAIRVALUE_CHANGE,price_state,feature_candidate,true_after_notice_date,announcement_pit_context,fundamental_pit_feature_panel,notice_date_plus_1_conservative,NOTICE_DATE governs availability; REPORT_DATE alone is not enough,lagged_momentum|mean_reversion|volatility|do_not_use_same_day_close_intraday
profit_sheet_report_em,cn_fundamental_akshare_batch_v1_20260531\aggregated_v1\profit_sheet_report_em\profit_sheet_report_em.parquet,OPERATE_INCOME_OTHER,fundamental,feature_candidate,true_after_notice_date,announcement_pit_context,fundamental_pit_feature_panel,notice_date_plus_1_conservative,NOTICE_DATE governs availability; REPORT_DATE alone is not enough,notice_lagged_latest|quarter_delta|ttm_proxy|rank_xsection|winsorize
profit_sheet_report_em,cn_fundamental_akshare_batch_v1_20260531\aggregated_v1\profit_sheet_report_em\profit_sheet_report_em.parquet,OPERATE_INCOME_BALANCE,fundamental,feature_candidate,true_after_notice_date,announcement_pit_context,fundamental_pit_feature_panel,notice_date_plus_1_conservative,NOTICE_DATE governs availability; REPORT_DATE alone is not enough,notice_lagged_latest|quarter_delta|ttm_proxy|rank_xsection|winsorize
profit_sheet_report_em,cn_fundamental_akshare_batch_v1_20260531\aggregated_v1\profit_sheet_report_em\profit_sheet_report_em.parquet,OPERATE_EXPENSE,fundamental,feature_candidate,true_after_notice_date,announcement_pit_context,fundamental_pit_feature_panel,notice_date_plus_1_conservative,NOTICE_DATE governs availability; REPORT_DATE alone is not enough,notice_lagged_latest|quarter_delta|ttm_proxy|rank_xsection|winsorize
profit_sheet_report_em,cn_fundamental_akshare_batch_v1_20260531\aggregated_v1\profit_sheet_report_em\profit_sheet_report_em.parquet,COMPENSATE_EXPENSE,fundamental,feature_candidate,true_after_notice_date,announcement_pit_context,fundamental_pit_feature_panel,notice_date_plus_1_conservative,NOTICE_DATE governs availability; REPORT_DATE alone is not enough,notice_lagged_latest|quarter_delta|ttm_proxy|rank_xsection|winsorize
profit_sheet_report_em,cn_fundamental_akshare_batch_v1_20260531\aggregated_v1\profit_sheet_report_em\profit_sheet_report_em.parquet,AMORTIZE_COMPENSATE_EXPENSE,fundamental,feature_candidate,true_after_notice_date,announcement_pit_context,fundamental_pit_feature_panel,notice_date_plus_1_conservative,NOTICE_DATE governs availability; REPORT_DATE alone is not enough,notice_lagged_latest|quarter_delta|ttm_proxy|rank_xsection|winsorize
profit_sheet_report_em,cn_fundamental_akshare_batch_v1_20260531\aggregated_v1\profit_sheet_report_em\profit_sheet_report_em.parquet,EXTRACT_INSURANCE_RESERVE,other,feature_candidate,true_after_notice_date,announcement_pit_context,fundamental_pit_feature_panel,notice_date_plus_1_conservative,NOTICE_DATE governs availability; REPORT_DATE alone is not enough,lagged_level|rank_xsection
profit_sheet_report_em,cn_fundamental_akshare_batch_v1_20260531\aggregated_v1\profit_sheet_report_em\profit_sheet_report_em.parquet,AMORTIZE_INSURANCE_RESERVE,other,feature_candidate,true_after_notice_date,announcement_pit_context,fundamental_pit_feature_panel,notice_date_plus_1_conservative,NOTICE_DATE governs availability; REPORT_DATE alone is not enough,lagged_level|rank_xsection
profit_sheet_report_em,cn_fundamental_akshare_batch_v1_20260531\aggregated_v1\profit_sheet_report_em\profit_sheet_report_em.parquet,BUSINESS_MANAGE_EXPENSE,fundamental,feature_candidate,true_after_notice_date,announcement_pit_context,fundamental_pit_feature_panel,notice_date_plus_1_conservative,NOTICE_DATE governs availability; REPORT_DATE alone is not enough,notice_lagged_latest|quarter_delta|ttm_proxy|rank_xsection|winsorize
profit_sheet_report_em,cn_fundamental_akshare_batch_v1_20260531\aggregated_v1\profit_sheet_report_em\profit_sheet_report_em.parquet,AMORTIZE_REINSURE_EXPENSE,fundamental,feature_candidate,true_after_notice_date,announcement_pit_context,fundamental_pit_feature_panel,notice_date_plus_1_conservative,NOTICE_DATE governs availability; REPORT_DATE alone is not enough,notice_lagged_latest|quarter_delta|ttm_proxy|rank_xsection|winsorize
profit_sheet_report_em,cn_fundamental_akshare_batch_v1_20260531\aggregated_v1\profit_sheet_report_em\profit_sheet_report_em.parquet,OPERATE_EXPENSE_OTHER,fundamental,feature_candidate,true_after_notice_date,announcement_pit_context,fundamental_pit_feature_panel,notice_date_plus_1_conservative,NOTICE_DATE governs availability; REPORT_DATE alone is not enough,notice_lagged_latest|quarter_delta|ttm_proxy|rank_xsection|winsorize
profit_sheet_report_em,cn_fundamental_akshare_batch_v1_20260531\aggregated_v1\profit_sheet_report_em\profit_sheet_report_em.parquet,OPERATE_EXPENSE_BALANCE,fundamental,feature_candidate,true_after_notice_date,announcement_pit_context,fundamental_pit_feature_panel,notice_date_plus_1_conservative,NOTICE_DATE governs availability; REPORT_DATE alone is not enough,notice_lagged_latest|quarter_delta|ttm_proxy|rank_xsection|winsorize
profit_sheet_report_em,cn_fundamental_akshare_batch_v1_20260531\aggregated_v1\profit_sheet_report_em\profit_sheet_report_em.parquet,INSURANCE_INCOME_YOY,fundamental,feature_candidate,true_after_notice_date,announcement_pit_context,fundamental_pit_feature_panel,notice_date_plus_1_conservative,NOTICE_DATE governs availability; REPORT_DATE alone is not enough,notice_lagged_latest|quarter_delta|ttm_proxy|rank_xsection|winsorize
profit_sheet_report_em,cn_fundamental_akshare_batch_v1_20260531\aggregated_v1\profit_sheet_report_em\profit_sheet_report_em.parquet,REINSURE_INCOME_YOY,fundamental,feature_candidate,true_after_notice_date,announcement_pit_context,fundamental_pit_feature_panel,notice_date_plus_1_conservative,NOTICE_DATE governs availability; REPORT_DATE alone is not enough,notice_lagged_latest|quarter_delta|ttm_proxy|rank_xsection|winsorize
profit_sheet_report_em,cn_fundamental_akshare_batch_v1_20260531\aggregated_v1\profit_sheet_report_em\profit_sheet_report_em.parquet,REINSURE_PREMIUM_YOY,other,feature_candidate,true_after_notice_date,announcement_pit_context,fundamental_pit_feature_panel,notice_date_plus_1_conservative,NOTICE_DATE governs availability; REPORT_DATE alone is not enough,lagged_level|rank_xsection
profit_sheet_report_em,cn_fundamental_akshare_batch_v1_20260531\aggregated_v1\profit_sheet_report_em\profit_sheet_report_em.parquet,EXTRACT_UNEXPIRE_RESERVE_YOY,other,feature_candidate,true_after_notice_date,announcement_pit_context,fundamental_pit_feature_panel,notice_date_plus_1_conservative,NOTICE_DATE governs availability; REPORT_DATE alone is not enough,lagged_level|rank_xsection
profit_sheet_report_em,cn_fundamental_akshare_batch_v1_20260531\aggregated_v1\profit_sheet_report_em\profit_sheet_report_em.parquet,EARNED_PREMIUM_BALANCE_YOY,other,feature_candidate,true_after_notice_date,announcement_pit_context,fundamental_pit_feature_panel,notice_date_plus_1_conservative,NOTICE_DATE governs availability; REPORT_DATE alone is not enough,lagged_level|rank_xsection
profit_sheet_report_em,cn_fundamental_akshare_batch_v1_20260531\aggregated_v1\profit_sheet_report_em\profit_sheet_report_em.parquet,BANK_INTEREST_NI_YOY,other,feature_candidate,true_after_notice_date,announcement_pit_context,fundamental_pit_feature_panel,notice_date_plus_1_conservative,NOTICE_DATE governs availability; REPORT_DATE alone is not enough,lagged_level|rank_xsection
profit_sheet_report_em,cn_fundamental_akshare_batch_v1_20260531\aggregated_v1\profit_sheet_report_em\profit_sheet_report_em.parquet,BANK_INTEREST_INCOME_YOY,fundamental,feature_candidate,true_after_notice_date,announcement_pit_context,fundamental_pit_feature_panel,notice_date_plus_1_conservative,NOTICE_DATE governs availability; REPORT_DATE alone is not enough,notice_lagged_latest|quarter_delta|ttm_proxy|rank_xsection|winsorize
profit_sheet_report_em,cn_fundamental_akshare_batch_v1_20260531\aggregated_v1\profit_sheet_report_em\profit_sheet_report_em.parquet,BANK_INTEREST_EXPENSE_YOY,fundamental,feature_candidate,true_after_notice_date,announcement_pit_context,fundamental_pit_feature_panel,notice_date_plus_1_conservative,NOTICE_DATE governs availability; REPORT_DATE alone is not enough,notice_lagged_latest|quarter_delta|ttm_proxy|rank_xsection|winsorize
profit_sheet_report_em,cn_fundamental_akshare_batch_v1_20260531\aggregated_v1\profit_sheet_report_em\profit_sheet_report_em.parquet,UNINSURANCE_CNI_YOY,other,feature_candidate,true_after_notice_date,announcement_pit_context,fundamental_pit_feature_panel,notice_date_plus_1_conservative,NOTICE_DATE governs availability; REPORT_DATE alone is not enough,lagged_level|rank_xsection
profit_sheet_report_em,cn_fundamental_akshare_batch_v1_20260531\aggregated_v1\profit_sheet_report_em\profit_sheet_report_em.parquet,UNINSURANCE_CI_YOY,other,feature_candidate,true_after_notice_date,announcement_pit_context,fundamental_pit_feature_panel,notice_date_plus_1_conservative,NOTICE_DATE governs availability; REPORT_DATE alone is not enough,lagged_level|rank_xsection
profit_sheet_report_em,cn_fundamental_akshare_batch_v1_20260531\aggregated_v1\profit_sheet_report_em\profit_sheet_report_em.parquet,UNINSURANCE_CE_YOY,other,feature_candidate,true_after_notice_date,announcement_pit_context,fundamental_pit_feature_panel,notice_date_plus_1_conservative,NOTICE_DATE governs availability; REPORT_DATE alone is not enough,lagged_level|rank_xsection
profit_sheet_report_em,cn_fundamental_akshare_batch_v1_20260531\aggregated_v1\profit_sheet_report_em\profit_sheet_report_em.parquet,FAIRVALUE_CHANGE_YOY,price_state,feature_candidate,true_after_notice_date,announcement_pit_context,fundamental_pit_feature_panel,notice_date_plus_1_conservative,NOTICE_DATE governs availability; REPORT_DATE alone is not enough,lagged_momentum|mean_reversion|volatility|do_not_use_same_day_close_intraday
profit_sheet_report_em,cn_fundamental_akshare_batch_v1_20260531\aggregated_v1\profit_sheet_report_em\profit_sheet_report_em.parquet,OPERATE_INCOME_OTHER_YOY,fundamental,feature_candidate,true_after_notice_date,announcement_pit_context,fundamental_pit_feature_panel,notice_date_plus_1_conservative,NOTICE_DATE governs availability; REPORT_DATE alone is not enough,notice_lagged_latest|quarter_delta|ttm_proxy|rank_xsection|winsorize
profit_sheet_report_em,cn_fundamental_akshare_batch_v1_20260531\aggregated_v1\profit_sheet_report_em\profit_sheet_report_em.parquet,OPERATE_INCOME_BALANCE_YOY,fundamental,feature_candidate,true_after_notice_date,announcement_pit_context,fundamental_pit_feature_panel,notice_date_plus_1_conservative,NOTICE_DATE governs availability; REPORT_DATE alone is not enough,notice_lagged_latest|quarter_delta|ttm_proxy|rank_xsection|winsorize
profit_sheet_report_em,cn_fundamental_akshare_batch_v1_20260531\aggregated_v1\profit_sheet_report_em\profit_sheet_report_em.parquet,OPERATE_EXPENSE_YOY,fundamental,feature_candidate,true_after_notice_date,announcement_pit_context,fundamental_pit_feature_panel,notice_date_plus_1_conservative,NOTICE_DATE governs availability; REPORT_DATE alone is not enough,notice_lagged_latest|quarter_delta|ttm_proxy|rank_xsection|winsorize
profit_sheet_report_em,cn_fundamental_akshare_batch_v1_20260531\aggregated_v1\profit_sheet_report_em\profit_sheet_report_em.parquet,COMPENSATE_EXPENSE_YOY,fundamental,feature_candidate,true_after_notice_date,announcement_pit_context,fundamental_pit_feature_panel,notice_date_plus_1_conservative,NOTICE_DATE governs availability; REPORT_DATE alone is not enough,notice_lagged_latest|quarter_delta|ttm_proxy|rank_xsection|winsorize
profit_sheet_report_em,cn_fundamental_akshare_batch_v1_20260531\aggregated_v1\profit_sheet_report_em\profit_sheet_report_em.parquet,AMORTIZE_COMPENSATE_EXPENSE_YOY,fundamental,feature_candidate,true_after_notice_date,announcement_pit_context,fundamental_pit_feature_panel,notice_date_plus_1_conservative,NOTICE_DATE governs availability; REPORT_DATE alone is not enough,notice_lagged_latest|quarter_delta|ttm_proxy|rank_xsection|winsorize
profit_sheet_report_em,cn_fundamental_akshare_batch_v1_20260531\aggregated_v1\profit_sheet_report_em\profit_sheet_report_em.parquet,EXTRACT_INSURANCE_RESERVE_YOY,other,feature_candidate,true_after_notice_date,announcement_pit_context,fundamental_pit_feature_panel,notice_date_plus_1_conservative,NOTICE_DATE governs availability; REPORT_DATE alone is not enough,lagged_level|rank_xsection
profit_sheet_report_em,cn_fundamental_akshare_batch_v1_20260531\aggregated_v1\profit_sheet_report_em\profit_sheet_report_em.parquet,AMORTIZE_INSURANCE_RESERVE_YOY,other,feature_candidate,true_after_notice_date,announcement_pit_context,fundamental_pit_feature_panel,notice_date_plus_1_conservative,NOTICE_DATE governs availability; REPORT_DATE alone is not enough,lagged_level|rank_xsection
profit_sheet_report_em,cn_fundamental_akshare_batch_v1_20260531\aggregated_v1\profit_sheet_report_em\profit_sheet_report_em.parquet,BUSINESS_MANAGE_EXPENSE_YOY,fundamental,feature_candidate,true_after_notice_date,announcement_pit_context,fundamental_pit_feature_panel,notice_date_plus_1_conservative,NOTICE_DATE governs availability; REPORT_DATE alone is not enough,notice_lagged_latest|quarter_delta|ttm_proxy|rank_xsection|winsorize
profit_sheet_report_em,cn_fundamental_akshare_batch_v1_20260531\aggregated_v1\profit_sheet_report_em\profit_sheet_report_em.parquet,AMORTIZE_REINSURE_EXPENSE_YOY,fundamental,feature_candidate,true_after_notice_date,announcement_pit_context,fundamental_pit_feature_panel,notice_date_plus_1_conservative,NOTICE_DATE governs availability; REPORT_DATE alone is not enough,notice_lagged_latest|quarter_delta|ttm_proxy|rank_xsection|winsorize
profit_sheet_report_em,cn_fundamental_akshare_batch_v1_20260531\aggregated_v1\profit_sheet_report_em\profit_sheet_report_em.parquet,OPERATE_EXPENSE_OTHER_YOY,fundamental,feature_candidate,true_after_notice_date,announcement_pit_context,fundamental_pit_feature_panel,notice_date_plus_1_conservative,NOTICE_DATE governs availability; REPORT_DATE alone is not enough,notice_lagged_latest|quarter_delta|ttm_proxy|rank_xsection|winsorize
profit_sheet_report_em,cn_fundamental_akshare_batch_v1_20260531\aggregated_v1\profit_sheet_report_em\profit_sheet_report_em.parquet,OPERATE_EXPENSE_BALANCE_YOY,fundamental,feature_candidate,true_after_notice_date,announcement_pit_context,fundamental_pit_feature_panel,notice_date_plus_1_conservative,NOTICE_DATE governs availability; REPORT_DATE alone is not enough,notice_lagged_latest|quarter_delta|ttm_proxy|rank_xsection|winsorize
profit_sheet_report_em,cn_fundamental_akshare_batch_v1_20260531\aggregated_v1\profit_sheet_report_em\profit_sheet_report_em.parquet,FEE_COMMISSION_NI,other,feature_candidate,true_after_notice_date,announcement_pit_context,fundamental_pit_feature_panel,notice_date_plus_1_conservative,NOTICE_DATE governs availability; REPORT_DATE alone is not enough,lagged_level|rank_xsection
profit_sheet_report_em,cn_fundamental_akshare_batch_v1_20260531\aggregated_v1\profit_sheet_report_em\profit_sheet_report_em.parquet,AGENT_SECURITY_NI,other,feature_candidate,true_after_notice_date,announcement_pit_context,fundamental_pit_feature_panel,notice_date_plus_1_conservative,NOTICE_DATE governs availability; REPORT_DATE alone is not enough,lagged_level|rank_xsection
profit_sheet_report_em,cn_fundamental_akshare_batch_v1_20260531\aggregated_v1\profit_sheet_report_em\profit_sheet_report_em.parquet,SECURITY_UNDERWRITE_NI,other,feature_candidate,true_after_notice_date,announcement_pit_context,fundamental_pit_feature_panel,notice_date_plus_1_conservative,NOTICE_DATE governs availability; REPORT_DATE alone is not enough,lagged_level|rank_xsection
profit_sheet_report_em,cn_fundamental_akshare_batch_v1_20260531\aggregated_v1\profit_sheet_report_em\profit_sheet_report_em.parquet,ASSET_MANAGE_NI,fundamental,feature_candidate,true_after_notice_date,announcement_pit_context,fundamental_pit_feature_panel,notice_date_plus_1_conservative,NOTICE_DATE governs availability; REPORT_DATE alone is not enough,notice_lagged_latest|quarter_delta|ttm_proxy|rank_xsection|winsorize
profit_sheet_report_em,cn_fundamental_akshare_batch_v1_20260531\aggregated_v1\profit_sheet_report_em\profit_sheet_report_em.parquet,FINANCE_ADVISER_NI,other,feature_candidate,true_after_notice_date,announcement_pit_context,fundamental_pit_feature_panel,notice_date_plus_1_conservative,NOTICE_DATE governs availability; REPORT_DATE alone is not enough,lagged_level|rank_xsection
profit_sheet_report_em,cn_fundamental_akshare_batch_v1_20260531\aggregated_v1\profit_sheet_report_em\profit_sheet_report_em.parquet,RECOMMEND_NI,other,feature_candidate,true_after_notice_date,announcement_pit_context,fundamental_pit_feature_panel,notice_date_plus_1_conservative,NOTICE_DATE governs availability; REPORT_DATE alone is not enough,lagged_level|rank_xsection
profit_sheet_report_em,cn_fundamental_akshare_batch_v1_20260531\aggregated_v1\profit_sheet_report_em\profit_sheet_report_em.parquet,FUND_MANAGE_NI,other,feature_candidate,true_after_notice_date,announcement_pit_context,fundamental_pit_feature_panel,notice_date_plus_1_conservative,NOTICE_DATE governs availability; REPORT_DATE alone is not enough,lagged_level|rank_xsection
profit_sheet_report_em,cn_fundamental_akshare_batch_v1_20260531\aggregated_v1\profit_sheet_report_em\profit_sheet_report_em.parquet,FUND_SALE_NI,other,feature_candidate,true_after_notice_date,announcement_pit_context,fundamental_pit_feature_panel,notice_date_plus_1_conservative,NOTICE_DATE governs availability; REPORT_DATE alone is not enough,lagged_level|rank_xsection
profit_sheet_report_em,cn_fundamental_akshare_batch_v1_20260531\aggregated_v1\profit_sheet_report_em\profit_sheet_report_em.parquet,BROKER_NI,other,feature_candidate,true_after_notice_date,announcement_pit_context,fundamental_pit_feature_panel,notice_date_plus_1_conservative,NOTICE_DATE governs availability; REPORT_DATE alone is not enough,lagged_level|rank_xsection
profit_sheet_report_em,cn_fundamental_akshare_batch_v1_20260531\aggregated_v1\profit_sheet_report_em\profit_sheet_report_em.parquet,COMMISSION_NI_OTHER,other,feature_candidate,true_after_notice_date,announcement_pit_context,fundamental_pit_feature_panel,notice_date_plus_1_conservative,NOTICE_DATE governs availability; REPORT_DATE alone is not enough,lagged_level|rank_xsection
profit_sheet_report_em,cn_fundamental_akshare_batch_v1_20260531\aggregated_v1\profit_sheet_report_em\profit_sheet_report_em.parquet,INTEREST_NI,other,feature_candidate,true_after_notice_date,announcement_pit_context,fundamental_pit_feature_panel,notice_date_plus_1_conservative,NOTICE_DATE governs availability; REPORT_DATE alone is not enough,lagged_level|rank_xsection
profit_sheet_report_em,cn_fundamental_akshare_batch_v1_20260531\aggregated_v1\profit_sheet_report_em\profit_sheet_report_em.parquet,ASSETMANAGE_FEE_NI,fundamental,feature_candidate,true_after_notice_date,announcement_pit_context,fundamental_pit_feature_panel,notice_date_plus_1_conservative,NOTICE_DATE governs availability; REPORT_DATE alone is not enough,notice_lagged_latest|quarter_delta|ttm_proxy|rank_xsection|winsorize
profit_sheet_report_em,cn_fundamental_akshare_batch_v1_20260531\aggregated_v1\profit_sheet_report_em\profit_sheet_report_em.parquet,BROKER_FEE_NI,other,feature_candidate,true_after_notice_date,announcement_pit_context,fundamental_pit_feature_panel,notice_date_plus_1_conservative,NOTICE_DATE governs availability; REPORT_DATE alone is not enough,lagged_level|rank_xsection
profit_sheet_report_em,cn_fundamental_akshare_batch_v1_20260531\aggregated_v1\profit_sheet_report_em\profit_sheet_report_em.parquet,INVESTBANK_FEE_NI,other,feature_candidate,true_after_notice_date,announcement_pit_context,fundamental_pit_feature_panel,notice_date_plus_1_conservative,NOTICE_DATE governs availability; REPORT_DATE alone is not enough,lagged_level|rank_xsection
profit_sheet_report_em,cn_fundamental_akshare_batch_v1_20260531\aggregated_v1\profit_sheet_report_em\profit_sheet_report_em.parquet,FEE_COMMISSION_NI_YOY,other,feature_candidate,true_after_notice_date,announcement_pit_context,fundamental_pit_feature_panel,notice_date_plus_1_conservative,NOTICE_DATE governs availability; REPORT_DATE alone is not enough,lagged_level|rank_xsection
profit_sheet_report_em,cn_fundamental_akshare_batch_v1_20260531\aggregated_v1\profit_sheet_report_em\profit_sheet_report_em.parquet,AGENT_SECURITY_NI_YOY,other,feature_candidate,true_after_notice_date,announcement_pit_context,fundamental_pit_feature_panel,notice_date_plus_1_conservative,NOTICE_DATE governs availability; REPORT_DATE alone is not enough,lagged_level|rank_xsection
profit_sheet_report_em,cn_fundamental_akshare_batch_v1_20260531\aggregated_v1\profit_sheet_report_em\profit_sheet_report_em.parquet,SECURITY_UNDERWRITE_NI_YOY,other,feature_candidate,true_after_notice_date,announcement_pit_context,fundamental_pit_feature_panel,notice_date_plus_1_conservative,NOTICE_DATE governs availability; REPORT_DATE alone is not enough,lagged_level|rank_xsection
profit_sheet_report_em,cn_fundamental_akshare_batch_v1_20260531\aggregated_v1\profit_sheet_report_em\profit_sheet_report_em.parquet,ASSET_MANAGE_NI_YOY,fundamental,feature_candidate,true_after_notice_date,announcement_pit_context,fundamental_pit_feature_panel,notice_date_plus_1_conservative,NOTICE_DATE governs availability; REPORT_DATE alone is not enough,notice_lagged_latest|quarter_delta|ttm_proxy|rank_xsection|winsorize
profit_sheet_report_em,cn_fundamental_akshare_batch_v1_20260531\aggregated_v1\profit_sheet_report_em\profit_sheet_report_em.parquet,FINANCE_ADVISER_NI_YOY,other,feature_candidate,true_after_notice_date,announcement_pit_context,fundamental_pit_feature_panel,notice_date_plus_1_conservative,NOTICE_DATE governs availability; REPORT_DATE alone is not enough,lagged_level|rank_xsection
profit_sheet_report_em,cn_fundamental_akshare_batch_v1_20260531\aggregated_v1\profit_sheet_report_em\profit_sheet_report_em.parquet,RECOMMEND_NI_YOY,other,feature_candidate,true_after_notice_date,announcement_pit_context,fundamental_pit_feature_panel,notice_date_plus_1_conservative,NOTICE_DATE governs availability; REPORT_DATE alone is not enough,lagged_level|rank_xsection
profit_sheet_report_em,cn_fundamental_akshare_batch_v1_20260531\aggregated_v1\profit_sheet_report_em\profit_sheet_report_em.parquet,FUND_MANAGE_NI_YOY,other,feature_candidate,true_after_notice_date,announcement_pit_context,fundamental_pit_feature_panel,notice_date_plus_1_conservative,NOTICE_DATE governs availability; REPORT_DATE alone is not enough,lagged_level|rank_xsection
profit_sheet_report_em,cn_fundamental_akshare_batch_v1_20260531\aggregated_v1\profit_sheet_report_em\profit_sheet_report_em.parquet,FUND_SALE_NI_YOY,other,feature_candidate,true_after_notice_date,announcement_pit_context,fundamental_pit_feature_panel,notice_date_plus_1_conservative,NOTICE_DATE governs availability; REPORT_DATE alone is not enough,lagged_level|rank_xsection
profit_sheet_report_em,cn_fundamental_akshare_batch_v1_20260531\aggregated_v1\profit_sheet_report_em\profit_sheet_report_em.parquet,BROKER_NI_YOY,other,feature_candidate,true_after_notice_date,announcement_pit_context,fundamental_pit_feature_panel,notice_date_plus_1_conservative,NOTICE_DATE governs availability; REPORT_DATE alone is not enough,lagged_level|rank_xsection
profit_sheet_report_em,cn_fundamental_akshare_batch_v1_20260531\aggregated_v1\profit_sheet_report_em\profit_sheet_report_em.parquet,COMMISSION_NI_OTHER_YOY,other,feature_candidate,true_after_notice_date,announcement_pit_context,fundamental_pit_feature_panel,notice_date_plus_1_conservative,NOTICE_DATE governs availability; REPORT_DATE alone is not enough,lagged_level|rank_xsection
profit_sheet_report_em,cn_fundamental_akshare_batch_v1_20260531\aggregated_v1\profit_sheet_report_em\profit_sheet_report_em.parquet,INTEREST_NI_YOY,other,feature_candidate,true_after_notice_date,announcement_pit_context,fundamental_pit_feature_panel,notice_date_plus_1_conservative,NOTICE_DATE governs availability; REPORT_DATE alone is not enough,lagged_level|rank_xsection
profit_sheet_report_em,cn_fundamental_akshare_batch_v1_20260531\aggregated_v1\profit_sheet_report_em\profit_sheet_report_em.parquet,ASSETMANAGE_FEE_NI_YOY,fundamental,feature_candidate,true_after_notice_date,announcement_pit_context,fundamental_pit_feature_panel,notice_date_plus_1_conservative,NOTICE_DATE governs availability; REPORT_DATE alone is not enough,notice_lagged_latest|quarter_delta|ttm_proxy|rank_xsection|winsorize
profit_sheet_report_em,cn_fundamental_akshare_batch_v1_20260531\aggregated_v1\profit_sheet_report_em\profit_sheet_report_em.parquet,BROKER_FEE_NI_YOY,other,feature_candidate,true_after_notice_date,announcement_pit_context,fundamental_pit_feature_panel,notice_date_plus_1_conservative,NOTICE_DATE governs availability; REPORT_DATE alone is not enough,lagged_level|rank_xsection
profit_sheet_report_em,cn_fundamental_akshare_batch_v1_20260531\aggregated_v1\profit_sheet_report_em\profit_sheet_report_em.parquet,INVESTBANK_FEE_NI_YOY,other,feature_candidate,true_after_notice_date,announcement_pit_context,fundamental_pit_feature_panel,notice_date_plus_1_conservative,NOTICE_DATE governs availability; REPORT_DATE alone is not enough,lagged_level|rank_xsection
profit_sheet_report_em,cn_fundamental_akshare_batch_v1_20260531\aggregated_v1\profit_sheet_report_em\profit_sheet_report_em.parquet,OSOPINION_TYPE,fundamental,feature_candidate,true_after_notice_date,announcement_pit_context,fundamental_pit_feature_panel,notice_date_plus_1_conservative,NOTICE_DATE governs availability; REPORT_DATE alone is not enough,notice_lagged_latest|quarter_delta|ttm_proxy|rank_xsection|winsorize
share_change_cninfo,cn_fundamental_akshare_batch_v1_20260531\aggregated_v1\share_change_cninfo\share_change_cninfo.parquet,source_em,other,feature_candidate,true_after_pit_contract,announcement_pit_context,pit_feature_panel,announcement_date_plus_1_conservative,corporate action dates need notice/ex-date separation,lagged_level|rank_xsection
share_change_cninfo,cn_fundamental_akshare_batch_v1_20260531\aggregated_v1\share_change_cninfo\share_change_cninfo.parquet,source_code6,instrument_key,key,false_key_only,announcement_pit_context,pit_feature_panel,announcement_date_plus_1_conservative,corporate action dates need notice/ex-date separation,lagged_level|rank_xsection
share_change_cninfo,cn_fundamental_akshare_batch_v1_20260531\aggregated_v1\share_change_cninfo\share_change_cninfo.parquet,证券简称,other,feature_candidate,true_after_pit_contract,announcement_pit_context,pit_feature_panel,announcement_date_plus_1_conservative,corporate action dates need notice/ex-date separation,lagged_level|rank_xsection
share_change_cninfo,cn_fundamental_akshare_batch_v1_20260531\aggregated_v1\share_change_cninfo\share_change_cninfo.parquet,机构名称,other,feature_candidate,true_after_pit_contract,announcement_pit_context,pit_feature_panel,announcement_date_plus_1_conservative,corporate action dates need notice/ex-date separation,lagged_level|rank_xsection
share_change_cninfo,cn_fundamental_akshare_batch_v1_20260531\aggregated_v1\share_change_cninfo\share_change_cninfo.parquet,境外法人持股,other,feature_candidate,true_after_pit_contract,announcement_pit_context,pit_feature_panel,announcement_date_plus_1_conservative,corporate action dates need notice/ex-date separation,lagged_level|rank_xsection
share_change_cninfo,cn_fundamental_akshare_batch_v1_20260531\aggregated_v1\share_change_cninfo\share_change_cninfo.parquet,证券投资基金持股,other,feature_candidate,true_after_pit_contract,announcement_pit_context,pit_feature_panel,announcement_date_plus_1_conservative,corporate action dates need notice/ex-date separation,lagged_level|rank_xsection
share_change_cninfo,cn_fundamental_akshare_batch_v1_20260531\aggregated_v1\share_change_cninfo\share_change_cninfo.parquet,国家持股-受限,other,feature_candidate,true_after_pit_contract,announcement_pit_context,pit_feature_panel,announcement_date_plus_1_conservative,corporate action dates need notice/ex-date separation,lagged_level|rank_xsection
share_change_cninfo,cn_fundamental_akshare_batch_v1_20260531\aggregated_v1\share_change_cninfo\share_change_cninfo.parquet,国有法人持股,other,feature_candidate,true_after_pit_contract,announcement_pit_context,pit_feature_panel,announcement_date_plus_1_conservative,corporate action dates need notice/ex-date separation,lagged_level|rank_xsection
share_change_cninfo,cn_fundamental_akshare_batch_v1_20260531\aggregated_v1\share_change_cninfo\share_change_cninfo.parquet,配售法人股,other,feature_candidate,true_after_pit_contract,announcement_pit_context,pit_feature_panel,announcement_date_plus_1_conservative,corporate action dates need notice/ex-date separation,lagged_level|rank_xsection
share_change_cninfo,cn_fundamental_akshare_batch_v1_20260531\aggregated_v1\share_change_cninfo\share_change_cninfo.parquet,发起人股份,other,feature_candidate,true_after_pit_contract,announcement_pit_context,pit_feature_panel,announcement_date_plus_1_conservative,corporate action dates need notice/ex-date separation,lagged_level|rank_xsection
share_change_cninfo,cn_fundamental_akshare_batch_v1_20260531\aggregated_v1\share_change_cninfo\share_change_cninfo.parquet,未流通股份,other,feature_candidate,true_after_pit_contract,announcement_pit_context,pit_feature_panel,announcement_date_plus_1_conservative,corporate action dates need notice/ex-date separation,lagged_level|rank_xsection
share_change_cninfo,cn_fundamental_akshare_batch_v1_20260531\aggregated_v1\share_change_cninfo\share_change_cninfo.parquet,其中：境外自然人持股,other,feature_candidate,true_after_pit_contract,announcement_pit_context,pit_feature_panel,announcement_date_plus_1_conservative,corporate action dates need notice/ex-date separation,lagged_level|rank_xsection
share_change_cninfo,cn_fundamental_akshare_batch_v1_20260531\aggregated_v1\share_change_cninfo\share_change_cninfo.parquet,其他流通受限股份,other,feature_candidate,true_after_pit_contract,announcement_pit_context,pit_feature_panel,announcement_date_plus_1_conservative,corporate action dates need notice/ex-date separation,lagged_level|rank_xsection
share_change_cninfo,cn_fundamental_akshare_batch_v1_20260531\aggregated_v1\share_change_cninfo\share_change_cninfo.parquet,其他流通股,other,feature_candidate,true_after_pit_contract,announcement_pit_context,pit_feature_panel,announcement_date_plus_1_conservative,corporate action dates need notice/ex-date separation,lagged_level|rank_xsection
share_change_cninfo,cn_fundamental_akshare_batch_v1_20260531\aggregated_v1\share_change_cninfo\share_change_cninfo.parquet,外资持股-受限,other,feature_candidate,true_after_pit_contract,announcement_pit_context,pit_feature_panel,announcement_date_plus_1_conservative,corporate action dates need notice/ex-date separation,lagged_level|rank_xsection
share_change_cninfo,cn_fundamental_akshare_batch_v1_20260531\aggregated_v1\share_change_cninfo\share_change_cninfo.parquet,内部职工股,other,feature_candidate,true_after_pit_contract,announcement_pit_context,pit_feature_panel,announcement_date_plus_1_conservative,corporate action dates need notice/ex-date separation,lagged_level|rank_xsection
share_change_cninfo,cn_fundamental_akshare_batch_v1_20260531\aggregated_v1\share_change_cninfo\share_change_cninfo.parquet,境外上市外资股-H股,other,feature_candidate,true_after_pit_contract,announcement_pit_context,pit_feature_panel,announcement_date_plus_1_conservative,corporate action dates need notice/ex-date separation,lagged_level|rank_xsection
share_change_cninfo,cn_fundamental_akshare_batch_v1_20260531\aggregated_v1\share_change_cninfo\share_change_cninfo.parquet,其中：境内法人持股,other,feature_candidate,true_after_pit_contract,announcement_pit_context,pit_feature_panel,announcement_date_plus_1_conservative,corporate action dates need notice/ex-date separation,lagged_level|rank_xsection
share_change_cninfo,cn_fundamental_akshare_batch_v1_20260531\aggregated_v1\share_change_cninfo\share_change_cninfo.parquet,自然人持股,other,feature_candidate,true_after_pit_contract,announcement_pit_context,pit_feature_panel,announcement_date_plus_1_conservative,corporate action dates need notice/ex-date separation,lagged_level|rank_xsection
share_change_cninfo,cn_fundamental_akshare_batch_v1_20260531\aggregated_v1\share_change_cninfo\share_change_cninfo.parquet,人民币普通股,other,feature_candidate,true_after_pit_contract,announcement_pit_context,pit_feature_panel,announcement_date_plus_1_conservative,corporate action dates need notice/ex-date separation,lagged_level|rank_xsection
share_change_cninfo,cn_fundamental_akshare_batch_v1_20260531\aggregated_v1\share_change_cninfo\share_change_cninfo.parquet,国有法人持股-受限,other,feature_candidate,true_after_pit_contract,announcement_pit_context,pit_feature_panel,announcement_date_plus_1_conservative,corporate action dates need notice/ex-date separation,lagged_level|rank_xsection
share_change_cninfo,cn_fundamental_akshare_batch_v1_20260531\aggregated_v1\share_change_cninfo\share_change_cninfo.parquet,一般法人持股,other,feature_candidate,true_after_pit_contract,announcement_pit_context,pit_feature_panel,announcement_date_plus_1_conservative,corporate action dates need notice/ex-date separation,lagged_level|rank_xsection
share_change_cninfo,cn_fundamental_akshare_batch_v1_20260531\aggregated_v1\share_change_cninfo\share_change_cninfo.parquet,控股股东、实际控制人,other,feature_candidate,true_after_pit_contract,announcement_pit_context,pit_feature_panel,announcement_date_plus_1_conservative,corporate action dates need notice/ex-date separation,lagged_level|rank_xsection
share_change_cninfo,cn_fundamental_akshare_batch_v1_20260531\aggregated_v1\share_change_cninfo\share_change_cninfo.parquet,其中：限售H股,other,feature_candidate,true_after_pit_contract,announcement_pit_context,pit_feature_panel,announcement_date_plus_1_conservative,corporate action dates need notice/ex-date separation,lagged_level|rank_xsection
share_change_cninfo,cn_fundamental_akshare_batch_v1_20260531\aggregated_v1\share_change_cninfo\share_change_cninfo.parquet,变动原因,other,feature_candidate,true_after_pit_contract,announcement_pit_context,pit_feature_panel,announcement_date_plus_1_conservative,corporate action dates need notice/ex-date separation,lagged_level|rank_xsection
share_change_cninfo,cn_fundamental_akshare_batch_v1_20260531\aggregated_v1\share_change_cninfo\share_change_cninfo.parquet,公告日期,other,feature_candidate,true_after_pit_contract,announcement_pit_context,pit_feature_panel,announcement_date_plus_1_conservative,corporate action dates need notice/ex-date separation,lagged_level|rank_xsection
share_change_cninfo,cn_fundamental_akshare_batch_v1_20260531\aggregated_v1\share_change_cninfo\share_change_cninfo.parquet,境内法人持股,other,feature_candidate,true_after_pit_contract,announcement_pit_context,pit_feature_panel,announcement_date_plus_1_conservative,corporate action dates need notice/ex-date separation,lagged_level|rank_xsection
share_change_cninfo,cn_fundamental_akshare_batch_v1_20260531\aggregated_v1\share_change_cninfo\share_change_cninfo.parquet,证券代码,other,feature_candidate,true_after_pit_contract,announcement_pit_context,pit_feature_panel,announcement_date_plus_1_conservative,corporate action dates need notice/ex-date separation,lagged_level|rank_xsection
share_change_cninfo,cn_fundamental_akshare_batch_v1_20260531\aggregated_v1\share_change_cninfo\share_change_cninfo.parquet,变动日期,other,feature_candidate,true_after_pit_contract,announcement_pit_context,pit_feature_panel,announcement_date_plus_1_conservative,corporate action dates need notice/ex-date separation,lagged_level|rank_xsection
share_change_cninfo,cn_fundamental_akshare_batch_v1_20260531\aggregated_v1\share_change_cninfo\share_change_cninfo.parquet,战略投资者持股,other,feature_candidate,true_after_pit_contract,announcement_pit_context,pit_feature_panel,announcement_date_plus_1_conservative,corporate action dates need notice/ex-date separation,lagged_level|rank_xsection
share_change_cninfo,cn_fundamental_akshare_batch_v1_20260531\aggregated_v1\share_change_cninfo\share_change_cninfo.parquet,国家持股,other,feature_candidate,true_after_pit_contract,announcement_pit_context,pit_feature_panel,announcement_date_plus_1_conservative,corporate action dates need notice/ex-date separation,lagged_level|rank_xsection
share_change_cninfo,cn_fundamental_akshare_batch_v1_20260531\aggregated_v1\share_change_cninfo\share_change_cninfo.parquet,其中：限售B股,other,feature_candidate,true_after_pit_contract,announcement_pit_context,pit_feature_panel,announcement_date_plus_1_conservative,corporate action dates need notice/ex-date separation,lagged_level|rank_xsection
share_change_cninfo,cn_fundamental_akshare_batch_v1_20260531\aggregated_v1\share_change_cninfo\share_change_cninfo.parquet,其他未流通股,other,feature_candidate,true_after_pit_contract,announcement_pit_context,pit_feature_panel,announcement_date_plus_1_conservative,corporate action dates need notice/ex-date separation,lagged_level|rank_xsection
share_change_cninfo,cn_fundamental_akshare_batch_v1_20260531\aggregated_v1\share_change_cninfo\share_change_cninfo.parquet,流通受限股份,other,feature_candidate,true_after_pit_contract,announcement_pit_context,pit_feature_panel,announcement_date_plus_1_conservative,corporate action dates need notice/ex-date separation,lagged_level|rank_xsection
share_change_cninfo,cn_fundamental_akshare_batch_v1_20260531\aggregated_v1\share_change_cninfo\share_change_cninfo.parquet,优先股,other,feature_candidate,true_after_pit_contract,announcement_pit_context,pit_feature_panel,announcement_date_plus_1_conservative,corporate action dates need notice/ex-date separation,lagged_level|rank_xsection
share_change_cninfo,cn_fundamental_akshare_batch_v1_20260531\aggregated_v1\share_change_cninfo\share_change_cninfo.parquet,高管股,other,feature_candidate,true_after_pit_contract,announcement_pit_context,pit_feature_panel,announcement_date_plus_1_conservative,corporate action dates need notice/ex-date separation,lagged_level|rank_xsection
share_change_cninfo,cn_fundamental_akshare_batch_v1_20260531\aggregated_v1\share_change_cninfo\share_change_cninfo.parquet,总股本,other,feature_candidate,true_after_pit_contract,announcement_pit_context,pit_feature_panel,announcement_date_plus_1_conservative,corporate action dates need notice/ex-date separation,lagged_level|rank_xsection
share_change_cninfo,cn_fundamental_akshare_batch_v1_20260531\aggregated_v1\share_change_cninfo\share_change_cninfo.parquet,其中：限售高管股,other,feature_candidate,true_after_pit_contract,announcement_pit_context,pit_feature_panel,announcement_date_plus_1_conservative,corporate action dates need notice/ex-date separation,lagged_level|rank_xsection
share_change_cninfo,cn_fundamental_akshare_batch_v1_20260531\aggregated_v1\share_change_cninfo\share_change_cninfo.parquet,转配股,other,feature_candidate,true_after_pit_contract,announcement_pit_context,pit_feature_panel,announcement_date_plus_1_conservative,corporate action dates need notice/ex-date separation,lagged_level|rank_xsection
share_change_cninfo,cn_fundamental_akshare_batch_v1_20260531\aggregated_v1\share_change_cninfo\share_change_cninfo.parquet,境内上市外资股-B股,other,feature_candidate,true_after_pit_contract,announcement_pit_context,pit_feature_panel,announcement_date_plus_1_conservative,corporate action dates need notice/ex-date separation,lagged_level|rank_xsection
share_change_cninfo,cn_fundamental_akshare_batch_v1_20260531\aggregated_v1\share_change_cninfo\share_change_cninfo.parquet,其中：境外法人持股,other,feature_candidate,true_after_pit_contract,announcement_pit_context,pit_feature_panel,announcement_date_plus_1_conservative,corporate action dates need notice/ex-date separation,lagged_level|rank_xsection
share_change_cninfo,cn_fundamental_akshare_batch_v1_20260531\aggregated_v1\share_change_cninfo\share_change_cninfo.parquet,募集法人股,other,feature_candidate,true_after_pit_contract,announcement_pit_context,pit_feature_panel,announcement_date_plus_1_conservative,corporate action dates need notice/ex-date separation,lagged_level|rank_xsection
share_change_cninfo,cn_fundamental_akshare_batch_v1_20260531\aggregated_v1\share_change_cninfo\share_change_cninfo.parquet,已流通股份,other,feature_candidate,true_after_pit_contract,announcement_pit_context,pit_feature_panel,announcement_date_plus_1_conservative,corporate action dates need notice/ex-date separation,lagged_level|rank_xsection
share_change_cninfo,cn_fundamental_akshare_batch_v1_20260531\aggregated_v1\share_change_cninfo\share_change_cninfo.parquet,其中：境内自然人持股,other,feature_candidate,true_after_pit_contract,announcement_pit_context,pit_feature_panel,announcement_date_plus_1_conservative,corporate action dates need notice/ex-date separation,lagged_level|rank_xsection
share_change_cninfo,cn_fundamental_akshare_batch_v1_20260531\aggregated_v1\share_change_cninfo\share_change_cninfo.parquet,其他内资持股-受限,other,feature_candidate,true_after_pit_contract,announcement_pit_context,pit_feature_panel,announcement_date_plus_1_conservative,corporate action dates need notice/ex-date separation,lagged_level|rank_xsection
share_change_cninfo,cn_fundamental_akshare_batch_v1_20260531\aggregated_v1\share_change_cninfo\share_change_cninfo.parquet,变动原因编码,other,feature_candidate,true_after_pit_contract,announcement_pit_context,pit_feature_panel,announcement_date_plus_1_conservative,corporate action dates need notice/ex-date separation,lagged_level|rank_xsection
share_change_cninfo,cn_fundamental_akshare_batch_v1_20260531\aggregated_v1\share_change_cninfo\share_change_cninfo.parquet,_source_file,other,feature_candidate,true_after_pit_contract,announcement_pit_context,pit_feature_panel,announcement_date_plus_1_conservative,corporate action dates need notice/ex-date separation,lagged_level|rank_xsection
zygc_em,cn_fundamental_akshare_batch_v1_20260531\aggregated_v1\zygc_em\zygc_em.parquet,source_em,other,feature_candidate,true_after_notice_date,announcement_pit_context,fundamental_pit_feature_panel,notice_date_plus_1_conservative,NOTICE_DATE governs availability; REPORT_DATE alone is not enough,lagged_level|rank_xsection
zygc_em,cn_fundamental_akshare_batch_v1_20260531\aggregated_v1\zygc_em\zygc_em.parquet,source_code6,instrument_key,key,false_key_only,announcement_pit_context,fundamental_pit_feature_panel,notice_date_plus_1_conservative,NOTICE_DATE governs availability; REPORT_DATE alone is not enough,lagged_level|rank_xsection
zygc_em,cn_fundamental_akshare_batch_v1_20260531\aggregated_v1\zygc_em\zygc_em.parquet,股票代码,other,feature_candidate,true_after_notice_date,announcement_pit_context,fundamental_pit_feature_panel,notice_date_plus_1_conservative,NOTICE_DATE governs availability; REPORT_DATE alone is not enough,lagged_level|rank_xsection
zygc_em,cn_fundamental_akshare_batch_v1_20260531\aggregated_v1\zygc_em\zygc_em.parquet,报告日期,other,feature_candidate,true_after_notice_date,announcement_pit_context,fundamental_pit_feature_panel,notice_date_plus_1_conservative,NOTICE_DATE governs availability; REPORT_DATE alone is not enough,lagged_level|rank_xsection
zygc_em,cn_fundamental_akshare_batch_v1_20260531\aggregated_v1\zygc_em\zygc_em.parquet,分类类型,other,feature_candidate,true_after_notice_date,announcement_pit_context,fundamental_pit_feature_panel,notice_date_plus_1_conservative,NOTICE_DATE governs availability; REPORT_DATE alone is not enough,lagged_level|rank_xsection
zygc_em,cn_fundamental_akshare_batch_v1_20260531\aggregated_v1\zygc_em\zygc_em.parquet,主营构成,other,feature_candidate,true_after_notice_date,announcement_pit_context,fundamental_pit_feature_panel,notice_date_plus_1_conservative,NOTICE_DATE governs availability; REPORT_DATE alone is not enough,lagged_level|rank_xsection
zygc_em,cn_fundamental_akshare_batch_v1_20260531\aggregated_v1\zygc_em\zygc_em.parquet,主营收入,other,feature_candidate,true_after_notice_date,announcement_pit_context,fundamental_pit_feature_panel,notice_date_plus_1_conservative,NOTICE_DATE governs availability; REPORT_DATE alone is not enough,lagged_level|rank_xsection
zygc_em,cn_fundamental_akshare_batch_v1_20260531\aggregated_v1\zygc_em\zygc_em.parquet,收入比例,other,feature_candidate,true_after_notice_date,announcement_pit_context,fundamental_pit_feature_panel,notice_date_plus_1_conservative,NOTICE_DATE governs availability; REPORT_DATE alone is not enough,lagged_level|rank_xsection
zygc_em,cn_fundamental_akshare_batch_v1_20260531\aggregated_v1\zygc_em\zygc_em.parquet,主营成本,other,feature_candidate,true_after_notice_date,announcement_pit_context,fundamental_pit_feature_panel,notice_date_plus_1_conservative,NOTICE_DATE governs availability; REPORT_DATE alone is not enough,lagged_level|rank_xsection
zygc_em,cn_fundamental_akshare_batch_v1_20260531\aggregated_v1\zygc_em\zygc_em.parquet,成本比例,other,feature_candidate,true_after_notice_date,announcement_pit_context,fundamental_pit_feature_panel,notice_date_plus_1_conservative,NOTICE_DATE governs availability; REPORT_DATE alone is not enough,lagged_level|rank_xsection
zygc_em,cn_fundamental_akshare_batch_v1_20260531\aggregated_v1\zygc_em\zygc_em.parquet,主营利润,other,feature_candidate,true_after_notice_date,announcement_pit_context,fundamental_pit_feature_panel,notice_date_plus_1_conservative,NOTICE_DATE governs availability; REPORT_DATE alone is not enough,lagged_level|rank_xsection
zygc_em,cn_fundamental_akshare_batch_v1_20260531\aggregated_v1\zygc_em\zygc_em.parquet,利润比例,other,feature_candidate,true_after_notice_date,announcement_pit_context,fundamental_pit_feature_panel,notice_date_plus_1_conservative,NOTICE_DATE governs availability; REPORT_DATE alone is not enough,lagged_level|rank_xsection
zygc_em,cn_fundamental_akshare_batch_v1_20260531\aggregated_v1\zygc_em\zygc_em.parquet,毛利率,other,feature_candidate,true_after_notice_date,announcement_pit_context,fundamental_pit_feature_panel,notice_date_plus_1_conservative,NOTICE_DATE governs availability; REPORT_DATE alone is not enough,lagged_level|rank_xsection
zygc_em,cn_fundamental_akshare_batch_v1_20260531\aggregated_v1\zygc_em\zygc_em.parquet,_source_file,other,feature_candidate,true_after_notice_date,announcement_pit_context,fundamental_pit_feature_panel,notice_date_plus_1_conservative,NOTICE_DATE governs availability; REPORT_DATE alone is not enough,lagged_level|rank_xsection
year=2024,cn_local_minute_daily_silver_v1_20260531\hfq_daily_2024_2025\year=2024\part.parquet,date,date_key,key,false_key_only,lagged_daily_context,minute_panel_ctx_and_daily_factor_pack,trade_date_plus_1_conservative,join on signal_date = prior trading day; same-day close/state fields forbidden for intraday decisions,lagged_level|rank_xsection
year=2024,cn_local_minute_daily_silver_v1_20260531\hfq_daily_2024_2025\year=2024\part.parquet,code,instrument_key,key,false_key_only,lagged_daily_context,minute_panel_ctx_and_daily_factor_pack,trade_date_plus_1_conservative,join on signal_date = prior trading day; same-day close/state fields forbidden for intraday decisions,lagged_level|rank_xsection
year=2024,cn_local_minute_daily_silver_v1_20260531\hfq_daily_2024_2025\year=2024\part.parquet,name,other,feature_candidate,true_lagged_only,lagged_daily_context,minute_panel_ctx_and_daily_factor_pack,trade_date_plus_1_conservative,join on signal_date = prior trading day; same-day close/state fields forbidden for intraday decisions,lagged_level|rank_xsection
year=2024,cn_local_minute_daily_silver_v1_20260531\hfq_daily_2024_2025\year=2024\part.parquet,industry,industry_theme,feature_candidate,true_lagged_only,lagged_daily_context,minute_panel_ctx_and_daily_factor_pack,trade_date_plus_1_conservative,join on signal_date = prior trading day; same-day close/state fields forbidden for intraday decisions,group_neutralizer|group_density|theme_strength_lagged
year=2024,cn_local_minute_daily_silver_v1_20260531\hfq_daily_2024_2025\year=2024\part.parquet,open_hfq,fundamental,feature_candidate,true_lagged_only,lagged_daily_context,minute_panel_ctx_and_daily_factor_pack,trade_date_plus_1_conservative,join on signal_date = prior trading day; same-day close/state fields forbidden for intraday decisions,notice_lagged_latest|quarter_delta|ttm_proxy|rank_xsection|winsorize
year=2024,cn_local_minute_daily_silver_v1_20260531\hfq_daily_2024_2025\year=2024\part.parquet,high_hfq,price_state,feature_candidate,true_lagged_only,lagged_daily_context,minute_panel_ctx_and_daily_factor_pack,trade_date_plus_1_conservative,join on signal_date = prior trading day; same-day close/state fields forbidden for intraday decisions,lagged_momentum|mean_reversion|volatility|do_not_use_same_day_close_intraday
year=2024,cn_local_minute_daily_silver_v1_20260531\hfq_daily_2024_2025\year=2024\part.parquet,low_hfq,price_state,feature_candidate,true_lagged_only,lagged_daily_context,minute_panel_ctx_and_daily_factor_pack,trade_date_plus_1_conservative,join on signal_date = prior trading day; same-day close/state fields forbidden for intraday decisions,lagged_momentum|mean_reversion|volatility|do_not_use_same_day_close_intraday
year=2024,cn_local_minute_daily_silver_v1_20260531\hfq_daily_2024_2025\year=2024\part.parquet,close_hfq,price_state,feature_candidate,true_lagged_only,lagged_daily_context,minute_panel_ctx_and_daily_factor_pack,trade_date_plus_1_conservative,join on signal_date = prior trading day; same-day close/state fields forbidden for intraday decisions,lagged_momentum|mean_reversion|volatility|do_not_use_same_day_close_intraday
year=2024,cn_local_minute_daily_silver_v1_20260531\hfq_daily_2024_2025\year=2024\part.parquet,pre_close_hfq,price_state,feature_candidate,true_lagged_only,lagged_daily_context,minute_panel_ctx_and_daily_factor_pack,trade_date_plus_1_conservative,join on signal_date = prior trading day; same-day close/state fields forbidden for intraday decisions,lagged_momentum|mean_reversion|volatility|do_not_use_same_day_close_intraday
year=2024,cn_local_minute_daily_silver_v1_20260531\hfq_daily_2024_2025\year=2024\part.parquet,volume_shares,flow_liquidity,feature_candidate,true_lagged_only,lagged_daily_context,minute_panel_ctx_and_daily_factor_pack,trade_date_plus_1_conservative,join on signal_date = prior trading day; same-day close/state fields forbidden for intraday decisions,lagged_level|delta_3_5_10|zscore_20|rank_xsection|ratio_to_float_mcap
year=2024,cn_local_minute_daily_silver_v1_20260531\hfq_daily_2024_2025\year=2024\part.parquet,amount_yuan,flow_liquidity,feature_candidate,true_lagged_only,lagged_daily_context,minute_panel_ctx_and_daily_factor_pack,trade_date_plus_1_conservative,join on signal_date = prior trading day; same-day close/state fields forbidden for intraday decisions,lagged_level|delta_3_5_10|zscore_20|rank_xsection|ratio_to_float_mcap
year=2024,cn_local_minute_daily_silver_v1_20260531\hfq_daily_2024_2025\year=2024\part.parquet,turnover_ratio,flow_liquidity,feature_candidate,true_lagged_only,lagged_daily_context,minute_panel_ctx_and_daily_factor_pack,trade_date_plus_1_conservative,join on signal_date = prior trading day; same-day close/state fields forbidden for intraday decisions,lagged_level|delta_3_5_10|zscore_20|rank_xsection|ratio_to_float_mcap
year=2024,cn_local_minute_daily_silver_v1_20260531\hfq_daily_2024_2025\year=2024\part.parquet,pct_chg,price_state,feature_candidate,true_lagged_only,lagged_daily_context,minute_panel_ctx_and_daily_factor_pack,trade_date_plus_1_conservative,join on signal_date = prior trading day; same-day close/state fields forbidden for intraday decisions,lagged_momentum|mean_reversion|volatility|do_not_use_same_day_close_intraday
year=2024,cn_local_minute_daily_silver_v1_20260531\hfq_daily_2024_2025\year=2024\part.parquet,amplitude_pct,other,feature_candidate,true_lagged_only,lagged_daily_context,minute_panel_ctx_and_daily_factor_pack,trade_date_plus_1_conservative,join on signal_date = prior trading day; same-day close/state fields forbidden for intraday decisions,lagged_level|rank_xsection
year=2024,cn_local_minute_daily_silver_v1_20260531\hfq_daily_2024_2025\year=2024\part.parquet,is_st,tradability_universe,filter_or_diagnostic,true_lagged_only,lagged_daily_context,minute_panel_ctx_and_daily_factor_pack,trade_date_plus_1_conservative,join on signal_date = prior trading day; same-day close/state fields forbidden for intraday decisions,lagged_level|rank_xsection
year=2024,cn_local_minute_daily_silver_v1_20260531\hfq_daily_2024_2025\year=2024\part.parquet,volume_ratio,flow_liquidity,feature_candidate,true_lagged_only,lagged_daily_context,minute_panel_ctx_and_daily_factor_pack,trade_date_plus_1_conservative,join on signal_date = prior trading day; same-day close/state fields forbidden for intraday decisions,lagged_level|delta_3_5_10|zscore_20|rank_xsection|ratio_to_float_mcap
year=2024,cn_local_minute_daily_silver_v1_20260531\hfq_daily_2024_2025\year=2024\part.parquet,return_3d_pct,price_state,feature_candidate,true_lagged_only,lagged_daily_context,minute_panel_ctx_and_daily_factor_pack,trade_date_plus_1_conservative,join on signal_date = prior trading day; same-day close/state fields forbidden for intraday decisions,lagged_momentum|mean_reversion|volatility|do_not_use_same_day_close_intraday
year=2024,cn_local_minute_daily_silver_v1_20260531\hfq_daily_2024_2025\year=2024\part.parquet,return_6d_pct,price_state,feature_candidate,true_lagged_only,lagged_daily_context,minute_panel_ctx_and_daily_factor_pack,trade_date_plus_1_conservative,join on signal_date = prior trading day; same-day close/state fields forbidden for intraday decisions,lagged_momentum|mean_reversion|volatility|do_not_use_same_day_close_intraday
year=2024,cn_local_minute_daily_silver_v1_20260531\hfq_daily_2024_2025\year=2024\part.parquet,return_10d_pct,price_state,feature_candidate,true_lagged_only,lagged_daily_context,minute_panel_ctx_and_daily_factor_pack,trade_date_plus_1_conservative,join on signal_date = prior trading day; same-day close/state fields forbidden for intraday decisions,lagged_momentum|mean_reversion|volatility|do_not_use_same_day_close_intraday
year=2024,cn_local_minute_daily_silver_v1_20260531\hfq_daily_2024_2025\year=2024\part.parquet,return_25d_pct,price_state,feature_candidate,true_lagged_only,lagged_daily_context,minute_panel_ctx_and_daily_factor_pack,trade_date_plus_1_conservative,join on signal_date = prior trading day; same-day close/state fields forbidden for intraday decisions,lagged_momentum|mean_reversion|volatility|do_not_use_same_day_close_intraday
year=2024,cn_local_minute_daily_silver_v1_20260531\hfq_daily_2024_2025\year=2024\part.parquet,is_limit_up,limit_event,feature_candidate,true_lagged_only,lagged_daily_context,minute_panel_ctx_and_daily_factor_pack,trade_date_plus_1_conservative,join on signal_date = prior trading day; same-day close/state fields forbidden for intraday decisions,lagged_level|rank_xsection
year=2024,cn_local_minute_daily_silver_v1_20260531\hfq_daily_2024_2025\year=2024\part.parquet,total_shares,capacity_size,feature_candidate,true_lagged_only,lagged_daily_context,minute_panel_ctx_and_daily_factor_pack,trade_date_plus_1_conservative,join on signal_date = prior trading day; same-day close/state fields forbidden for intraday decisions,lagged_level|rank_xsection|bucket|small_capacity_guard|liquidity_capacity_interaction
year=2024,cn_local_minute_daily_silver_v1_20260531\hfq_daily_2024_2025\year=2024\part.parquet,float_shares,capacity_size,feature_candidate,true_lagged_only,lagged_daily_context,minute_panel_ctx_and_daily_factor_pack,trade_date_plus_1_conservative,join on signal_date = prior trading day; same-day close/state fields forbidden for intraday decisions,lagged_level|rank_xsection|bucket|small_capacity_guard|liquidity_capacity_interaction
year=2024,cn_local_minute_daily_silver_v1_20260531\hfq_daily_2024_2025\year=2024\part.parquet,market_cap_yuan,capacity_size,feature_candidate,true_lagged_only,lagged_daily_context,minute_panel_ctx_and_daily_factor_pack,trade_date_plus_1_conservative,join on signal_date = prior trading day; same-day close/state fields forbidden for intraday decisions,lagged_level|rank_xsection|bucket|small_capacity_guard|liquidity_capacity_interaction
year=2024,cn_local_minute_daily_silver_v1_20260531\hfq_daily_2024_2025\year=2024\part.parquet,float_market_cap_yuan,capacity_size,feature_candidate,true_lagged_only,lagged_daily_context,minute_panel_ctx_and_daily_factor_pack,trade_date_plus_1_conservative,join on signal_date = prior trading day; same-day close/state fields forbidden for intraday decisions,lagged_level|rank_xsection|bucket|small_capacity_guard|liquidity_capacity_interaction
year=2024,cn_local_minute_daily_silver_v1_20260531\hfq_daily_2024_2025\year=2024\part.parquet,pe_ttm,fundamental,feature_candidate,true_lagged_only,lagged_daily_context,minute_panel_ctx_and_daily_factor_pack,trade_date_plus_1_conservative,join on signal_date = prior trading day; same-day close/state fields forbidden for intraday decisions,notice_lagged_latest|quarter_delta|ttm_proxy|rank_xsection|winsorize
year=2024,cn_local_minute_daily_silver_v1_20260531\hfq_daily_2024_2025\year=2024\part.parquet,pb,fundamental,feature_candidate,true_lagged_only,lagged_daily_context,minute_panel_ctx_and_daily_factor_pack,trade_date_plus_1_conservative,join on signal_date = prior trading day; same-day close/state fields forbidden for intraday decisions,notice_lagged_latest|quarter_delta|ttm_proxy|rank_xsection|winsorize
year=2024,cn_local_minute_daily_silver_v1_20260531\hfq_daily_2024_2025\year=2024\part.parquet,ps_ttm,fundamental,feature_candidate,true_lagged_only,lagged_daily_context,minute_panel_ctx_and_daily_factor_pack,trade_date_plus_1_conservative,join on signal_date = prior trading day; same-day close/state fields forbidden for intraday decisions,notice_lagged_latest|quarter_delta|ttm_proxy|rank_xsection|winsorize
year=2024,cn_local_minute_daily_silver_v1_20260531\hfq_daily_2024_2025\year=2024\part.parquet,ma5,price_state,feature_candidate,true_lagged_only,lagged_daily_context,minute_panel_ctx_and_daily_factor_pack,trade_date_plus_1_conservative,join on signal_date = prior trading day; same-day close/state fields forbidden for intraday decisions,lagged_momentum|mean_reversion|volatility|do_not_use_same_day_close_intraday
year=2024,cn_local_minute_daily_silver_v1_20260531\hfq_daily_2024_2025\year=2024\part.parquet,ma10,price_state,feature_candidate,true_lagged_only,lagged_daily_context,minute_panel_ctx_and_daily_factor_pack,trade_date_plus_1_conservative,join on signal_date = prior trading day; same-day close/state fields forbidden for intraday decisions,lagged_momentum|mean_reversion|volatility|do_not_use_same_day_close_intraday
year=2024,cn_local_minute_daily_silver_v1_20260531\hfq_daily_2024_2025\year=2024\part.parquet,ma20,price_state,feature_candidate,true_lagged_only,lagged_daily_context,minute_panel_ctx_and_daily_factor_pack,trade_date_plus_1_conservative,join on signal_date = prior trading day; same-day close/state fields forbidden for intraday decisions,lagged_momentum|mean_reversion|volatility|do_not_use_same_day_close_intraday
year=2024,cn_local_minute_daily_silver_v1_20260531\hfq_daily_2024_2025\year=2024\part.parquet,ma30,price_state,feature_candidate,true_lagged_only,lagged_daily_context,minute_panel_ctx_and_daily_factor_pack,trade_date_plus_1_conservative,join on signal_date = prior trading day; same-day close/state fields forbidden for intraday decisions,lagged_momentum|mean_reversion|volatility|do_not_use_same_day_close_intraday
year=2024,cn_local_minute_daily_silver_v1_20260531\hfq_daily_2024_2025\year=2024\part.parquet,ma60,price_state,feature_candidate,true_lagged_only,lagged_daily_context,minute_panel_ctx_and_daily_factor_pack,trade_date_plus_1_conservative,join on signal_date = prior trading day; same-day close/state fields forbidden for intraday decisions,lagged_momentum|mean_reversion|volatility|do_not_use_same_day_close_intraday
year=2024,cn_local_minute_daily_silver_v1_20260531\hfq_daily_2024_2025\year=2024\part.parquet,ma120,price_state,feature_candidate,true_lagged_only,lagged_daily_context,minute_panel_ctx_and_daily_factor_pack,trade_date_plus_1_conservative,join on signal_date = prior trading day; same-day close/state fields forbidden for intraday decisions,lagged_momentum|mean_reversion|volatility|do_not_use_same_day_close_intraday
year=2024,cn_local_minute_daily_silver_v1_20260531\hfq_daily_2024_2025\year=2024\part.parquet,ma250,price_state,feature_candidate,true_lagged_only,lagged_daily_context,minute_panel_ctx_and_daily_factor_pack,trade_date_plus_1_conservative,join on signal_date = prior trading day; same-day close/state fields forbidden for intraday decisions,lagged_momentum|mean_reversion|volatility|do_not_use_same_day_close_intraday
year=2024,cn_local_minute_daily_silver_v1_20260531\hfq_daily_2024_2025\year=2024\part.parquet,list_date,date_key,key,false_key_only,lagged_daily_context,minute_panel_ctx_and_daily_factor_pack,trade_date_plus_1_conservative,join on signal_date = prior trading day; same-day close/state fields forbidden for intraday decisions,lagged_level|rank_xsection
year=2024,cn_local_minute_daily_silver_v1_20260531\hfq_daily_2024_2025\year=2024\part.parquet,delist_date,date_key,key,false_key_only,lagged_daily_context,minute_panel_ctx_and_daily_factor_pack,trade_date_plus_1_conservative,join on signal_date = prior trading day; same-day close/state fields forbidden for intraday decisions,lagged_level|rank_xsection
year=2024,cn_local_minute_daily_silver_v1_20260531\hfq_daily_2024_2025\year=2024\part.parquet,is_marginable,tradability_universe,filter_or_diagnostic,true_lagged_only,lagged_daily_context,minute_panel_ctx_and_daily_factor_pack,trade_date_plus_1_conservative,join on signal_date = prior trading day; same-day close/state fields forbidden for intraday decisions,lagged_level|rank_xsection
year=2024,cn_local_minute_daily_silver_v1_20260531\hfq_daily_2024_2025\year=2024\part.parquet,_source_file,other,feature_candidate,true_lagged_only,lagged_daily_context,minute_panel_ctx_and_daily_factor_pack,trade_date_plus_1_conservative,join on signal_date = prior trading day; same-day close/state fields forbidden for intraday decisions,lagged_level|rank_xsection
year=2024,cn_local_minute_daily_silver_v1_20260531\hfq_daily_2024_2025\year=2024\part.parquet,_source_encoding,other,feature_candidate,true_lagged_only,lagged_daily_context,minute_panel_ctx_and_daily_factor_pack,trade_date_plus_1_conservative,join on signal_date = prior trading day; same-day close/state fields forbidden for intraday decisions,lagged_level|rank_xsection
year=2025,cn_local_minute_daily_silver_v1_20260531\hfq_daily_2024_2025\year=2025\part.parquet,date,date_key,key,false_key_only,lagged_daily_context,minute_panel_ctx_and_daily_factor_pack,trade_date_plus_1_conservative,join on signal_date = prior trading day; same-day close/state fields forbidden for intraday decisions,lagged_level|rank_xsection
year=2025,cn_local_minute_daily_silver_v1_20260531\hfq_daily_2024_2025\year=2025\part.parquet,code,instrument_key,key,false_key_only,lagged_daily_context,minute_panel_ctx_and_daily_factor_pack,trade_date_plus_1_conservative,join on signal_date = prior trading day; same-day close/state fields forbidden for intraday decisions,lagged_level|rank_xsection
year=2025,cn_local_minute_daily_silver_v1_20260531\hfq_daily_2024_2025\year=2025\part.parquet,name,other,feature_candidate,true_lagged_only,lagged_daily_context,minute_panel_ctx_and_daily_factor_pack,trade_date_plus_1_conservative,join on signal_date = prior trading day; same-day close/state fields forbidden for intraday decisions,lagged_level|rank_xsection
year=2025,cn_local_minute_daily_silver_v1_20260531\hfq_daily_2024_2025\year=2025\part.parquet,industry,industry_theme,feature_candidate,true_lagged_only,lagged_daily_context,minute_panel_ctx_and_daily_factor_pack,trade_date_plus_1_conservative,join on signal_date = prior trading day; same-day close/state fields forbidden for intraday decisions,group_neutralizer|group_density|theme_strength_lagged
year=2025,cn_local_minute_daily_silver_v1_20260531\hfq_daily_2024_2025\year=2025\part.parquet,open_hfq,fundamental,feature_candidate,true_lagged_only,lagged_daily_context,minute_panel_ctx_and_daily_factor_pack,trade_date_plus_1_conservative,join on signal_date = prior trading day; same-day close/state fields forbidden for intraday decisions,notice_lagged_latest|quarter_delta|ttm_proxy|rank_xsection|winsorize
year=2025,cn_local_minute_daily_silver_v1_20260531\hfq_daily_2024_2025\year=2025\part.parquet,high_hfq,price_state,feature_candidate,true_lagged_only,lagged_daily_context,minute_panel_ctx_and_daily_factor_pack,trade_date_plus_1_conservative,join on signal_date = prior trading day; same-day close/state fields forbidden for intraday decisions,lagged_momentum|mean_reversion|volatility|do_not_use_same_day_close_intraday
year=2025,cn_local_minute_daily_silver_v1_20260531\hfq_daily_2024_2025\year=2025\part.parquet,low_hfq,price_state,feature_candidate,true_lagged_only,lagged_daily_context,minute_panel_ctx_and_daily_factor_pack,trade_date_plus_1_conservative,join on signal_date = prior trading day; same-day close/state fields forbidden for intraday decisions,lagged_momentum|mean_reversion|volatility|do_not_use_same_day_close_intraday
year=2025,cn_local_minute_daily_silver_v1_20260531\hfq_daily_2024_2025\year=2025\part.parquet,close_hfq,price_state,feature_candidate,true_lagged_only,lagged_daily_context,minute_panel_ctx_and_daily_factor_pack,trade_date_plus_1_conservative,join on signal_date = prior trading day; same-day close/state fields forbidden for intraday decisions,lagged_momentum|mean_reversion|volatility|do_not_use_same_day_close_intraday
year=2025,cn_local_minute_daily_silver_v1_20260531\hfq_daily_2024_2025\year=2025\part.parquet,pre_close_hfq,price_state,feature_candidate,true_lagged_only,lagged_daily_context,minute_panel_ctx_and_daily_factor_pack,trade_date_plus_1_conservative,join on signal_date = prior trading day; same-day close/state fields forbidden for intraday decisions,lagged_momentum|mean_reversion|volatility|do_not_use_same_day_close_intraday
year=2025,cn_local_minute_daily_silver_v1_20260531\hfq_daily_2024_2025\year=2025\part.parquet,volume_shares,flow_liquidity,feature_candidate,true_lagged_only,lagged_daily_context,minute_panel_ctx_and_daily_factor_pack,trade_date_plus_1_conservative,join on signal_date = prior trading day; same-day close/state fields forbidden for intraday decisions,lagged_level|delta_3_5_10|zscore_20|rank_xsection|ratio_to_float_mcap
year=2025,cn_local_minute_daily_silver_v1_20260531\hfq_daily_2024_2025\year=2025\part.parquet,amount_yuan,flow_liquidity,feature_candidate,true_lagged_only,lagged_daily_context,minute_panel_ctx_and_daily_factor_pack,trade_date_plus_1_conservative,join on signal_date = prior trading day; same-day close/state fields forbidden for intraday decisions,lagged_level|delta_3_5_10|zscore_20|rank_xsection|ratio_to_float_mcap
year=2025,cn_local_minute_daily_silver_v1_20260531\hfq_daily_2024_2025\year=2025\part.parquet,turnover_ratio,flow_liquidity,feature_candidate,true_lagged_only,lagged_daily_context,minute_panel_ctx_and_daily_factor_pack,trade_date_plus_1_conservative,join on signal_date = prior trading day; same-day close/state fields forbidden for intraday decisions,lagged_level|delta_3_5_10|zscore_20|rank_xsection|ratio_to_float_mcap
year=2025,cn_local_minute_daily_silver_v1_20260531\hfq_daily_2024_2025\year=2025\part.parquet,pct_chg,price_state,feature_candidate,true_lagged_only,lagged_daily_context,minute_panel_ctx_and_daily_factor_pack,trade_date_plus_1_conservative,join on signal_date = prior trading day; same-day close/state fields forbidden for intraday decisions,lagged_momentum|mean_reversion|volatility|do_not_use_same_day_close_intraday
year=2025,cn_local_minute_daily_silver_v1_20260531\hfq_daily_2024_2025\year=2025\part.parquet,amplitude_pct,other,feature_candidate,true_lagged_only,lagged_daily_context,minute_panel_ctx_and_daily_factor_pack,trade_date_plus_1_conservative,join on signal_date = prior trading day; same-day close/state fields forbidden for intraday decisions,lagged_level|rank_xsection
year=2025,cn_local_minute_daily_silver_v1_20260531\hfq_daily_2024_2025\year=2025\part.parquet,is_st,tradability_universe,filter_or_diagnostic,true_lagged_only,lagged_daily_context,minute_panel_ctx_and_daily_factor_pack,trade_date_plus_1_conservative,join on signal_date = prior trading day; same-day close/state fields forbidden for intraday decisions,lagged_level|rank_xsection
year=2025,cn_local_minute_daily_silver_v1_20260531\hfq_daily_2024_2025\year=2025\part.parquet,volume_ratio,flow_liquidity,feature_candidate,true_lagged_only,lagged_daily_context,minute_panel_ctx_and_daily_factor_pack,trade_date_plus_1_conservative,join on signal_date = prior trading day; same-day close/state fields forbidden for intraday decisions,lagged_level|delta_3_5_10|zscore_20|rank_xsection|ratio_to_float_mcap
year=2025,cn_local_minute_daily_silver_v1_20260531\hfq_daily_2024_2025\year=2025\part.parquet,return_3d_pct,price_state,feature_candidate,true_lagged_only,lagged_daily_context,minute_panel_ctx_and_daily_factor_pack,trade_date_plus_1_conservative,join on signal_date = prior trading day; same-day close/state fields forbidden for intraday decisions,lagged_momentum|mean_reversion|volatility|do_not_use_same_day_close_intraday
year=2025,cn_local_minute_daily_silver_v1_20260531\hfq_daily_2024_2025\year=2025\part.parquet,return_6d_pct,price_state,feature_candidate,true_lagged_only,lagged_daily_context,minute_panel_ctx_and_daily_factor_pack,trade_date_plus_1_conservative,join on signal_date = prior trading day; same-day close/state fields forbidden for intraday decisions,lagged_momentum|mean_reversion|volatility|do_not_use_same_day_close_intraday
year=2025,cn_local_minute_daily_silver_v1_20260531\hfq_daily_2024_2025\year=2025\part.parquet,return_10d_pct,price_state,feature_candidate,true_lagged_only,lagged_daily_context,minute_panel_ctx_and_daily_factor_pack,trade_date_plus_1_conservative,join on signal_date = prior trading day; same-day close/state fields forbidden for intraday decisions,lagged_momentum|mean_reversion|volatility|do_not_use_same_day_close_intraday
year=2025,cn_local_minute_daily_silver_v1_20260531\hfq_daily_2024_2025\year=2025\part.parquet,return_25d_pct,price_state,feature_candidate,true_lagged_only,lagged_daily_context,minute_panel_ctx_and_daily_factor_pack,trade_date_plus_1_conservative,join on signal_date = prior trading day; same-day close/state fields forbidden for intraday decisions,lagged_momentum|mean_reversion|volatility|do_not_use_same_day_close_intraday
year=2025,cn_local_minute_daily_silver_v1_20260531\hfq_daily_2024_2025\year=2025\part.parquet,is_limit_up,limit_event,feature_candidate,true_lagged_only,lagged_daily_context,minute_panel_ctx_and_daily_factor_pack,trade_date_plus_1_conservative,join on signal_date = prior trading day; same-day close/state fields forbidden for intraday decisions,lagged_level|rank_xsection
year=2025,cn_local_minute_daily_silver_v1_20260531\hfq_daily_2024_2025\year=2025\part.parquet,total_shares,capacity_size,feature_candidate,true_lagged_only,lagged_daily_context,minute_panel_ctx_and_daily_factor_pack,trade_date_plus_1_conservative,join on signal_date = prior trading day; same-day close/state fields forbidden for intraday decisions,lagged_level|rank_xsection|bucket|small_capacity_guard|liquidity_capacity_interaction
year=2025,cn_local_minute_daily_silver_v1_20260531\hfq_daily_2024_2025\year=2025\part.parquet,float_shares,capacity_size,feature_candidate,true_lagged_only,lagged_daily_context,minute_panel_ctx_and_daily_factor_pack,trade_date_plus_1_conservative,join on signal_date = prior trading day; same-day close/state fields forbidden for intraday decisions,lagged_level|rank_xsection|bucket|small_capacity_guard|liquidity_capacity_interaction
year=2025,cn_local_minute_daily_silver_v1_20260531\hfq_daily_2024_2025\year=2025\part.parquet,market_cap_yuan,capacity_size,feature_candidate,true_lagged_only,lagged_daily_context,minute_panel_ctx_and_daily_factor_pack,trade_date_plus_1_conservative,join on signal_date = prior trading day; same-day close/state fields forbidden for intraday decisions,lagged_level|rank_xsection|bucket|small_capacity_guard|liquidity_capacity_interaction
year=2025,cn_local_minute_daily_silver_v1_20260531\hfq_daily_2024_2025\year=2025\part.parquet,float_market_cap_yuan,capacity_size,feature_candidate,true_lagged_only,lagged_daily_context,minute_panel_ctx_and_daily_factor_pack,trade_date_plus_1_conservative,join on signal_date = prior trading day; same-day close/state fields forbidden for intraday decisions,lagged_level|rank_xsection|bucket|small_capacity_guard|liquidity_capacity_interaction
year=2025,cn_local_minute_daily_silver_v1_20260531\hfq_daily_2024_2025\year=2025\part.parquet,pe_ttm,fundamental,feature_candidate,true_lagged_only,lagged_daily_context,minute_panel_ctx_and_daily_factor_pack,trade_date_plus_1_conservative,join on signal_date = prior trading day; same-day close/state fields forbidden for intraday decisions,notice_lagged_latest|quarter_delta|ttm_proxy|rank_xsection|winsorize
year=2025,cn_local_minute_daily_silver_v1_20260531\hfq_daily_2024_2025\year=2025\part.parquet,pb,fundamental,feature_candidate,true_lagged_only,lagged_daily_context,minute_panel_ctx_and_daily_factor_pack,trade_date_plus_1_conservative,join on signal_date = prior trading day; same-day close/state fields forbidden for intraday decisions,notice_lagged_latest|quarter_delta|ttm_proxy|rank_xsection|winsorize
year=2025,cn_local_minute_daily_silver_v1_20260531\hfq_daily_2024_2025\year=2025\part.parquet,ps_ttm,fundamental,feature_candidate,true_lagged_only,lagged_daily_context,minute_panel_ctx_and_daily_factor_pack,trade_date_plus_1_conservative,join on signal_date = prior trading day; same-day close/state fields forbidden for intraday decisions,notice_lagged_latest|quarter_delta|ttm_proxy|rank_xsection|winsorize
year=2025,cn_local_minute_daily_silver_v1_20260531\hfq_daily_2024_2025\year=2025\part.parquet,ma5,price_state,feature_candidate,true_lagged_only,lagged_daily_context,minute_panel_ctx_and_daily_factor_pack,trade_date_plus_1_conservative,join on signal_date = prior trading day; same-day close/state fields forbidden for intraday decisions,lagged_momentum|mean_reversion|volatility|do_not_use_same_day_close_intraday
year=2025,cn_local_minute_daily_silver_v1_20260531\hfq_daily_2024_2025\year=2025\part.parquet,ma10,price_state,feature_candidate,true_lagged_only,lagged_daily_context,minute_panel_ctx_and_daily_factor_pack,trade_date_plus_1_conservative,join on signal_date = prior trading day; same-day close/state fields forbidden for intraday decisions,lagged_momentum|mean_reversion|volatility|do_not_use_same_day_close_intraday
year=2025,cn_local_minute_daily_silver_v1_20260531\hfq_daily_2024_2025\year=2025\part.parquet,ma20,price_state,feature_candidate,true_lagged_only,lagged_daily_context,minute_panel_ctx_and_daily_factor_pack,trade_date_plus_1_conservative,join on signal_date = prior trading day; same-day close/state fields forbidden for intraday decisions,lagged_momentum|mean_reversion|volatility|do_not_use_same_day_close_intraday
year=2025,cn_local_minute_daily_silver_v1_20260531\hfq_daily_2024_2025\year=2025\part.parquet,ma30,price_state,feature_candidate,true_lagged_only,lagged_daily_context,minute_panel_ctx_and_daily_factor_pack,trade_date_plus_1_conservative,join on signal_date = prior trading day; same-day close/state fields forbidden for intraday decisions,lagged_momentum|mean_reversion|volatility|do_not_use_same_day_close_intraday
year=2025,cn_local_minute_daily_silver_v1_20260531\hfq_daily_2024_2025\year=2025\part.parquet,ma60,price_state,feature_candidate,true_lagged_only,lagged_daily_context,minute_panel_ctx_and_daily_factor_pack,trade_date_plus_1_conservative,join on signal_date = prior trading day; same-day close/state fields forbidden for intraday decisions,lagged_momentum|mean_reversion|volatility|do_not_use_same_day_close_intraday
year=2025,cn_local_minute_daily_silver_v1_20260531\hfq_daily_2024_2025\year=2025\part.parquet,ma120,price_state,feature_candidate,true_lagged_only,lagged_daily_context,minute_panel_ctx_and_daily_factor_pack,trade_date_plus_1_conservative,join on signal_date = prior trading day; same-day close/state fields forbidden for intraday decisions,lagged_momentum|mean_reversion|volatility|do_not_use_same_day_close_intraday
year=2025,cn_local_minute_daily_silver_v1_20260531\hfq_daily_2024_2025\year=2025\part.parquet,ma250,price_state,feature_candidate,true_lagged_only,lagged_daily_context,minute_panel_ctx_and_daily_factor_pack,trade_date_plus_1_conservative,join on signal_date = prior trading day; same-day close/state fields forbidden for intraday decisions,lagged_momentum|mean_reversion|volatility|do_not_use_same_day_close_intraday
year=2025,cn_local_minute_daily_silver_v1_20260531\hfq_daily_2024_2025\year=2025\part.parquet,list_date,date_key,key,false_key_only,lagged_daily_context,minute_panel_ctx_and_daily_factor_pack,trade_date_plus_1_conservative,join on signal_date = prior trading day; same-day close/state fields forbidden for intraday decisions,lagged_level|rank_xsection
year=2025,cn_local_minute_daily_silver_v1_20260531\hfq_daily_2024_2025\year=2025\part.parquet,delist_date,date_key,key,false_key_only,lagged_daily_context,minute_panel_ctx_and_daily_factor_pack,trade_date_plus_1_conservative,join on signal_date = prior trading day; same-day close/state fields forbidden for intraday decisions,lagged_level|rank_xsection
year=2025,cn_local_minute_daily_silver_v1_20260531\hfq_daily_2024_2025\year=2025\part.parquet,is_marginable,tradability_universe,filter_or_diagnostic,true_lagged_only,lagged_daily_context,minute_panel_ctx_and_daily_factor_pack,trade_date_plus_1_conservative,join on signal_date = prior trading day; same-day close/state fields forbidden for intraday decisions,lagged_level|rank_xsection
year=2025,cn_local_minute_daily_silver_v1_20260531\hfq_daily_2024_2025\year=2025\part.parquet,_source_file,other,feature_candidate,true_lagged_only,lagged_daily_context,minute_panel_ctx_and_daily_factor_pack,trade_date_plus_1_conservative,join on signal_date = prior trading day; same-day close/state fields forbidden for intraday decisions,lagged_level|rank_xsection
year=2025,cn_local_minute_daily_silver_v1_20260531\hfq_daily_2024_2025\year=2025\part.parquet,_source_encoding,other,feature_candidate,true_lagged_only,lagged_daily_context,minute_panel_ctx_and_daily_factor_pack,trade_date_plus_1_conservative,join on signal_date = prior trading day; same-day close/state fields forbidden for intraday decisions,lagged_level|rank_xsection
hfq_daily_2026,cn_local_minute_daily_silver_v1_20260531\hfq_daily_2026\hfq_daily_2026.parquet,date,date_key,key,false_key_only,lagged_daily_context,minute_panel_ctx_and_daily_factor_pack,trade_date_plus_1_conservative,join on signal_date = prior trading day; same-day close/state fields forbidden for intraday decisions,lagged_level|rank_xsection
hfq_daily_2026,cn_local_minute_daily_silver_v1_20260531\hfq_daily_2026\hfq_daily_2026.parquet,code,instrument_key,key,false_key_only,lagged_daily_context,minute_panel_ctx_and_daily_factor_pack,trade_date_plus_1_conservative,join on signal_date = prior trading day; same-day close/state fields forbidden for intraday decisions,lagged_level|rank_xsection
hfq_daily_2026,cn_local_minute_daily_silver_v1_20260531\hfq_daily_2026\hfq_daily_2026.parquet,name,other,feature_candidate,true_lagged_only,lagged_daily_context,minute_panel_ctx_and_daily_factor_pack,trade_date_plus_1_conservative,join on signal_date = prior trading day; same-day close/state fields forbidden for intraday decisions,lagged_level|rank_xsection
hfq_daily_2026,cn_local_minute_daily_silver_v1_20260531\hfq_daily_2026\hfq_daily_2026.parquet,industry,industry_theme,feature_candidate,true_lagged_only,lagged_daily_context,minute_panel_ctx_and_daily_factor_pack,trade_date_plus_1_conservative,join on signal_date = prior trading day; same-day close/state fields forbidden for intraday decisions,group_neutralizer|group_density|theme_strength_lagged
hfq_daily_2026,cn_local_minute_daily_silver_v1_20260531\hfq_daily_2026\hfq_daily_2026.parquet,open_hfq,fundamental,feature_candidate,true_lagged_only,lagged_daily_context,minute_panel_ctx_and_daily_factor_pack,trade_date_plus_1_conservative,join on signal_date = prior trading day; same-day close/state fields forbidden for intraday decisions,notice_lagged_latest|quarter_delta|ttm_proxy|rank_xsection|winsorize
hfq_daily_2026,cn_local_minute_daily_silver_v1_20260531\hfq_daily_2026\hfq_daily_2026.parquet,high_hfq,price_state,feature_candidate,true_lagged_only,lagged_daily_context,minute_panel_ctx_and_daily_factor_pack,trade_date_plus_1_conservative,join on signal_date = prior trading day; same-day close/state fields forbidden for intraday decisions,lagged_momentum|mean_reversion|volatility|do_not_use_same_day_close_intraday
hfq_daily_2026,cn_local_minute_daily_silver_v1_20260531\hfq_daily_2026\hfq_daily_2026.parquet,low_hfq,price_state,feature_candidate,true_lagged_only,lagged_daily_context,minute_panel_ctx_and_daily_factor_pack,trade_date_plus_1_conservative,join on signal_date = prior trading day; same-day close/state fields forbidden for intraday decisions,lagged_momentum|mean_reversion|volatility|do_not_use_same_day_close_intraday
hfq_daily_2026,cn_local_minute_daily_silver_v1_20260531\hfq_daily_2026\hfq_daily_2026.parquet,close_hfq,price_state,feature_candidate,true_lagged_only,lagged_daily_context,minute_panel_ctx_and_daily_factor_pack,trade_date_plus_1_conservative,join on signal_date = prior trading day; same-day close/state fields forbidden for intraday decisions,lagged_momentum|mean_reversion|volatility|do_not_use_same_day_close_intraday
hfq_daily_2026,cn_local_minute_daily_silver_v1_20260531\hfq_daily_2026\hfq_daily_2026.parquet,pre_close_hfq,price_state,feature_candidate,true_lagged_only,lagged_daily_context,minute_panel_ctx_and_daily_factor_pack,trade_date_plus_1_conservative,join on signal_date = prior trading day; same-day close/state fields forbidden for intraday decisions,lagged_momentum|mean_reversion|volatility|do_not_use_same_day_close_intraday
hfq_daily_2026,cn_local_minute_daily_silver_v1_20260531\hfq_daily_2026\hfq_daily_2026.parquet,volume_shares,flow_liquidity,feature_candidate,true_lagged_only,lagged_daily_context,minute_panel_ctx_and_daily_factor_pack,trade_date_plus_1_conservative,join on signal_date = prior trading day; same-day close/state fields forbidden for intraday decisions,lagged_level|delta_3_5_10|zscore_20|rank_xsection|ratio_to_float_mcap
hfq_daily_2026,cn_local_minute_daily_silver_v1_20260531\hfq_daily_2026\hfq_daily_2026.parquet,amount_yuan,flow_liquidity,feature_candidate,true_lagged_only,lagged_daily_context,minute_panel_ctx_and_daily_factor_pack,trade_date_plus_1_conservative,join on signal_date = prior trading day; same-day close/state fields forbidden for intraday decisions,lagged_level|delta_3_5_10|zscore_20|rank_xsection|ratio_to_float_mcap
hfq_daily_2026,cn_local_minute_daily_silver_v1_20260531\hfq_daily_2026\hfq_daily_2026.parquet,turnover_ratio,flow_liquidity,feature_candidate,true_lagged_only,lagged_daily_context,minute_panel_ctx_and_daily_factor_pack,trade_date_plus_1_conservative,join on signal_date = prior trading day; same-day close/state fields forbidden for intraday decisions,lagged_level|delta_3_5_10|zscore_20|rank_xsection|ratio_to_float_mcap
hfq_daily_2026,cn_local_minute_daily_silver_v1_20260531\hfq_daily_2026\hfq_daily_2026.parquet,pct_chg,price_state,feature_candidate,true_lagged_only,lagged_daily_context,minute_panel_ctx_and_daily_factor_pack,trade_date_plus_1_conservative,join on signal_date = prior trading day; same-day close/state fields forbidden for intraday decisions,lagged_momentum|mean_reversion|volatility|do_not_use_same_day_close_intraday
hfq_daily_2026,cn_local_minute_daily_silver_v1_20260531\hfq_daily_2026\hfq_daily_2026.parquet,amplitude_pct,other,feature_candidate,true_lagged_only,lagged_daily_context,minute_panel_ctx_and_daily_factor_pack,trade_date_plus_1_conservative,join on signal_date = prior trading day; same-day close/state fields forbidden for intraday decisions,lagged_level|rank_xsection
hfq_daily_2026,cn_local_minute_daily_silver_v1_20260531\hfq_daily_2026\hfq_daily_2026.parquet,is_st,tradability_universe,filter_or_diagnostic,true_lagged_only,lagged_daily_context,minute_panel_ctx_and_daily_factor_pack,trade_date_plus_1_conservative,join on signal_date = prior trading day; same-day close/state fields forbidden for intraday decisions,lagged_level|rank_xsection
hfq_daily_2026,cn_local_minute_daily_silver_v1_20260531\hfq_daily_2026\hfq_daily_2026.parquet,volume_ratio,flow_liquidity,feature_candidate,true_lagged_only,lagged_daily_context,minute_panel_ctx_and_daily_factor_pack,trade_date_plus_1_conservative,join on signal_date = prior trading day; same-day close/state fields forbidden for intraday decisions,lagged_level|delta_3_5_10|zscore_20|rank_xsection|ratio_to_float_mcap
hfq_daily_2026,cn_local_minute_daily_silver_v1_20260531\hfq_daily_2026\hfq_daily_2026.parquet,return_3d_pct,price_state,feature_candidate,true_lagged_only,lagged_daily_context,minute_panel_ctx_and_daily_factor_pack,trade_date_plus_1_conservative,join on signal_date = prior trading day; same-day close/state fields forbidden for intraday decisions,lagged_momentum|mean_reversion|volatility|do_not_use_same_day_close_intraday
hfq_daily_2026,cn_local_minute_daily_silver_v1_20260531\hfq_daily_2026\hfq_daily_2026.parquet,return_6d_pct,price_state,feature_candidate,true_lagged_only,lagged_daily_context,minute_panel_ctx_and_daily_factor_pack,trade_date_plus_1_conservative,join on signal_date = prior trading day; same-day close/state fields forbidden for intraday decisions,lagged_momentum|mean_reversion|volatility|do_not_use_same_day_close_intraday
hfq_daily_2026,cn_local_minute_daily_silver_v1_20260531\hfq_daily_2026\hfq_daily_2026.parquet,return_10d_pct,price_state,feature_candidate,true_lagged_only,lagged_daily_context,minute_panel_ctx_and_daily_factor_pack,trade_date_plus_1_conservative,join on signal_date = prior trading day; same-day close/state fields forbidden for intraday decisions,lagged_momentum|mean_reversion|volatility|do_not_use_same_day_close_intraday
hfq_daily_2026,cn_local_minute_daily_silver_v1_20260531\hfq_daily_2026\hfq_daily_2026.parquet,return_25d_pct,price_state,feature_candidate,true_lagged_only,lagged_daily_context,minute_panel_ctx_and_daily_factor_pack,trade_date_plus_1_conservative,join on signal_date = prior trading day; same-day close/state fields forbidden for intraday decisions,lagged_momentum|mean_reversion|volatility|do_not_use_same_day_close_intraday
hfq_daily_2026,cn_local_minute_daily_silver_v1_20260531\hfq_daily_2026\hfq_daily_2026.parquet,is_limit_up,limit_event,feature_candidate,true_lagged_only,lagged_daily_context,minute_panel_ctx_and_daily_factor_pack,trade_date_plus_1_conservative,join on signal_date = prior trading day; same-day close/state fields forbidden for intraday decisions,lagged_level|rank_xsection
hfq_daily_2026,cn_local_minute_daily_silver_v1_20260531\hfq_daily_2026\hfq_daily_2026.parquet,total_shares,capacity_size,feature_candidate,true_lagged_only,lagged_daily_context,minute_panel_ctx_and_daily_factor_pack,trade_date_plus_1_conservative,join on signal_date = prior trading day; same-day close/state fields forbidden for intraday decisions,lagged_level|rank_xsection|bucket|small_capacity_guard|liquidity_capacity_interaction
hfq_daily_2026,cn_local_minute_daily_silver_v1_20260531\hfq_daily_2026\hfq_daily_2026.parquet,float_shares,capacity_size,feature_candidate,true_lagged_only,lagged_daily_context,minute_panel_ctx_and_daily_factor_pack,trade_date_plus_1_conservative,join on signal_date = prior trading day; same-day close/state fields forbidden for intraday decisions,lagged_level|rank_xsection|bucket|small_capacity_guard|liquidity_capacity_interaction
hfq_daily_2026,cn_local_minute_daily_silver_v1_20260531\hfq_daily_2026\hfq_daily_2026.parquet,market_cap_yuan,capacity_size,feature_candidate,true_lagged_only,lagged_daily_context,minute_panel_ctx_and_daily_factor_pack,trade_date_plus_1_conservative,join on signal_date = prior trading day; same-day close/state fields forbidden for intraday decisions,lagged_level|rank_xsection|bucket|small_capacity_guard|liquidity_capacity_interaction
hfq_daily_2026,cn_local_minute_daily_silver_v1_20260531\hfq_daily_2026\hfq_daily_2026.parquet,float_market_cap_yuan,capacity_size,feature_candidate,true_lagged_only,lagged_daily_context,minute_panel_ctx_and_daily_factor_pack,trade_date_plus_1_conservative,join on signal_date = prior trading day; same-day close/state fields forbidden for intraday decisions,lagged_level|rank_xsection|bucket|small_capacity_guard|liquidity_capacity_interaction
hfq_daily_2026,cn_local_minute_daily_silver_v1_20260531\hfq_daily_2026\hfq_daily_2026.parquet,pe_ttm,fundamental,feature_candidate,true_lagged_only,lagged_daily_context,minute_panel_ctx_and_daily_factor_pack,trade_date_plus_1_conservative,join on signal_date = prior trading day; same-day close/state fields forbidden for intraday decisions,notice_lagged_latest|quarter_delta|ttm_proxy|rank_xsection|winsorize
hfq_daily_2026,cn_local_minute_daily_silver_v1_20260531\hfq_daily_2026\hfq_daily_2026.parquet,pb,fundamental,feature_candidate,true_lagged_only,lagged_daily_context,minute_panel_ctx_and_daily_factor_pack,trade_date_plus_1_conservative,join on signal_date = prior trading day; same-day close/state fields forbidden for intraday decisions,notice_lagged_latest|quarter_delta|ttm_proxy|rank_xsection|winsorize
hfq_daily_2026,cn_local_minute_daily_silver_v1_20260531\hfq_daily_2026\hfq_daily_2026.parquet,ps_ttm,fundamental,feature_candidate,true_lagged_only,lagged_daily_context,minute_panel_ctx_and_daily_factor_pack,trade_date_plus_1_conservative,join on signal_date = prior trading day; same-day close/state fields forbidden for intraday decisions,notice_lagged_latest|quarter_delta|ttm_proxy|rank_xsection|winsorize
hfq_daily_2026,cn_local_minute_daily_silver_v1_20260531\hfq_daily_2026\hfq_daily_2026.parquet,ma5,price_state,feature_candidate,true_lagged_only,lagged_daily_context,minute_panel_ctx_and_daily_factor_pack,trade_date_plus_1_conservative,join on signal_date = prior trading day; same-day close/state fields forbidden for intraday decisions,lagged_momentum|mean_reversion|volatility|do_not_use_same_day_close_intraday
hfq_daily_2026,cn_local_minute_daily_silver_v1_20260531\hfq_daily_2026\hfq_daily_2026.parquet,ma10,price_state,feature_candidate,true_lagged_only,lagged_daily_context,minute_panel_ctx_and_daily_factor_pack,trade_date_plus_1_conservative,join on signal_date = prior trading day; same-day close/state fields forbidden for intraday decisions,lagged_momentum|mean_reversion|volatility|do_not_use_same_day_close_intraday
hfq_daily_2026,cn_local_minute_daily_silver_v1_20260531\hfq_daily_2026\hfq_daily_2026.parquet,ma20,price_state,feature_candidate,true_lagged_only,lagged_daily_context,minute_panel_ctx_and_daily_factor_pack,trade_date_plus_1_conservative,join on signal_date = prior trading day; same-day close/state fields forbidden for intraday decisions,lagged_momentum|mean_reversion|volatility|do_not_use_same_day_close_intraday
hfq_daily_2026,cn_local_minute_daily_silver_v1_20260531\hfq_daily_2026\hfq_daily_2026.parquet,ma30,price_state,feature_candidate,true_lagged_only,lagged_daily_context,minute_panel_ctx_and_daily_factor_pack,trade_date_plus_1_conservative,join on signal_date = prior trading day; same-day close/state fields forbidden for intraday decisions,lagged_momentum|mean_reversion|volatility|do_not_use_same_day_close_intraday
hfq_daily_2026,cn_local_minute_daily_silver_v1_20260531\hfq_daily_2026\hfq_daily_2026.parquet,ma60,price_state,feature_candidate,true_lagged_only,lagged_daily_context,minute_panel_ctx_and_daily_factor_pack,trade_date_plus_1_conservative,join on signal_date = prior trading day; same-day close/state fields forbidden for intraday decisions,lagged_momentum|mean_reversion|volatility|do_not_use_same_day_close_intraday
hfq_daily_2026,cn_local_minute_daily_silver_v1_20260531\hfq_daily_2026\hfq_daily_2026.parquet,ma120,price_state,feature_candidate,true_lagged_only,lagged_daily_context,minute_panel_ctx_and_daily_factor_pack,trade_date_plus_1_conservative,join on signal_date = prior trading day; same-day close/state fields forbidden for intraday decisions,lagged_momentum|mean_reversion|volatility|do_not_use_same_day_close_intraday
hfq_daily_2026,cn_local_minute_daily_silver_v1_20260531\hfq_daily_2026\hfq_daily_2026.parquet,ma250,price_state,feature_candidate,true_lagged_only,lagged_daily_context,minute_panel_ctx_and_daily_factor_pack,trade_date_plus_1_conservative,join on signal_date = prior trading day; same-day close/state fields forbidden for intraday decisions,lagged_momentum|mean_reversion|volatility|do_not_use_same_day_close_intraday
hfq_daily_2026,cn_local_minute_daily_silver_v1_20260531\hfq_daily_2026\hfq_daily_2026.parquet,list_date,date_key,key,false_key_only,lagged_daily_context,minute_panel_ctx_and_daily_factor_pack,trade_date_plus_1_conservative,join on signal_date = prior trading day; same-day close/state fields forbidden for intraday decisions,lagged_level|rank_xsection
hfq_daily_2026,cn_local_minute_daily_silver_v1_20260531\hfq_daily_2026\hfq_daily_2026.parquet,delist_date,date_key,key,false_key_only,lagged_daily_context,minute_panel_ctx_and_daily_factor_pack,trade_date_plus_1_conservative,join on signal_date = prior trading day; same-day close/state fields forbidden for intraday decisions,lagged_level|rank_xsection
hfq_daily_2026,cn_local_minute_daily_silver_v1_20260531\hfq_daily_2026\hfq_daily_2026.parquet,is_marginable,tradability_universe,filter_or_diagnostic,true_lagged_only,lagged_daily_context,minute_panel_ctx_and_daily_factor_pack,trade_date_plus_1_conservative,join on signal_date = prior trading day; same-day close/state fields forbidden for intraday decisions,lagged_level|rank_xsection
hfq_daily_2026,cn_local_minute_daily_silver_v1_20260531\hfq_daily_2026\hfq_daily_2026.parquet,_source_file,other,feature_candidate,true_lagged_only,lagged_daily_context,minute_panel_ctx_and_daily_factor_pack,trade_date_plus_1_conservative,join on signal_date = prior trading day; same-day close/state fields forbidden for intraday decisions,lagged_level|rank_xsection
hfq_daily_2026,cn_local_minute_daily_silver_v1_20260531\hfq_daily_2026\hfq_daily_2026.parquet,_source_encoding,other,feature_candidate,true_lagged_only,lagged_daily_context,minute_panel_ctx_and_daily_factor_pack,trade_date_plus_1_conservative,join on signal_date = prior trading day; same-day close/state fields forbidden for intraday decisions,lagged_level|rank_xsection
rzrq_margin_xsection_daily,cn_public_rzrq_daily_silver_v1_20260530\rzrq_margin_xsection_daily.parquet,DATE,date_key,key,false_key_only,lagged_daily_context,daily_factor_pack_and_minute_ctx,vendor_daily_plus_1_conservative,same-day RZRQ forbidden; use prior available date,lagged_level|rank_xsection
rzrq_margin_xsection_daily,cn_public_rzrq_daily_silver_v1_20260530\rzrq_margin_xsection_daily.parquet,MARKET,price_state,feature_candidate,true_lagged_only,lagged_daily_context,daily_factor_pack_and_minute_ctx,vendor_daily_plus_1_conservative,same-day RZRQ forbidden; use prior available date,lagged_momentum|mean_reversion|volatility|do_not_use_same_day_close_intraday
rzrq_margin_xsection_daily,cn_public_rzrq_daily_silver_v1_20260530\rzrq_margin_xsection_daily.parquet,SCODE,instrument_key,key,false_key_only,lagged_daily_context,daily_factor_pack_and_minute_ctx,vendor_daily_plus_1_conservative,same-day RZRQ forbidden; use prior available date,lagged_level|rank_xsection
rzrq_margin_xsection_daily,cn_public_rzrq_daily_silver_v1_20260530\rzrq_margin_xsection_daily.parquet,SECNAME,other,feature_candidate,true_lagged_only,lagged_daily_context,daily_factor_pack_and_minute_ctx,vendor_daily_plus_1_conservative,same-day RZRQ forbidden; use prior available date,lagged_level|rank_xsection
rzrq_margin_xsection_daily,cn_public_rzrq_daily_silver_v1_20260530\rzrq_margin_xsection_daily.parquet,RZYE,flow_liquidity,feature_candidate,true_lagged_only,lagged_daily_context,daily_factor_pack_and_minute_ctx,vendor_daily_plus_1_conservative,same-day RZRQ forbidden; use prior available date,lagged_level|delta_3_5_10|zscore_20|rank_xsection|ratio_to_float_mcap
rzrq_margin_xsection_daily,cn_public_rzrq_daily_silver_v1_20260530\rzrq_margin_xsection_daily.parquet,RQYL,other,feature_candidate,true_lagged_only,lagged_daily_context,daily_factor_pack_and_minute_ctx,vendor_daily_plus_1_conservative,same-day RZRQ forbidden; use prior available date,lagged_level|rank_xsection
rzrq_margin_xsection_daily,cn_public_rzrq_daily_silver_v1_20260530\rzrq_margin_xsection_daily.parquet,RZRQYE,flow_liquidity,feature_candidate,true_lagged_only,lagged_daily_context,daily_factor_pack_and_minute_ctx,vendor_daily_plus_1_conservative,same-day RZRQ forbidden; use prior available date,lagged_level|delta_3_5_10|zscore_20|rank_xsection|ratio_to_float_mcap
rzrq_margin_xsection_daily,cn_public_rzrq_daily_silver_v1_20260530\rzrq_margin_xsection_daily.parquet,RQYE,flow_liquidity,feature_candidate,true_lagged_only,lagged_daily_context,daily_factor_pack_and_minute_ctx,vendor_daily_plus_1_conservative,same-day RZRQ forbidden; use prior available date,lagged_level|delta_3_5_10|zscore_20|rank_xsection|ratio_to_float_mcap
rzrq_margin_xsection_daily,cn_public_rzrq_daily_silver_v1_20260530\rzrq_margin_xsection_daily.parquet,RQMCL,flow_liquidity,feature_candidate,true_lagged_only,lagged_daily_context,daily_factor_pack_and_minute_ctx,vendor_daily_plus_1_conservative,same-day RZRQ forbidden; use prior available date,lagged_level|delta_3_5_10|zscore_20|rank_xsection|ratio_to_float_mcap
rzrq_margin_xsection_daily,cn_public_rzrq_daily_silver_v1_20260530\rzrq_margin_xsection_daily.parquet,RZRQYECZ,flow_liquidity,feature_candidate,true_lagged_only,lagged_daily_context,daily_factor_pack_and_minute_ctx,vendor_daily_plus_1_conservative,same-day RZRQ forbidden; use prior available date,lagged_level|delta_3_5_10|zscore_20|rank_xsection|ratio_to_float_mcap
rzrq_margin_xsection_daily,cn_public_rzrq_daily_silver_v1_20260530\rzrq_margin_xsection_daily.parquet,RZMRE,flow_liquidity,feature_candidate,true_lagged_only,lagged_daily_context,daily_factor_pack_and_minute_ctx,vendor_daily_plus_1_conservative,same-day RZRQ forbidden; use prior available date,lagged_level|delta_3_5_10|zscore_20|rank_xsection|ratio_to_float_mcap
rzrq_margin_xsection_daily,cn_public_rzrq_daily_silver_v1_20260530\rzrq_margin_xsection_daily.parquet,SZ,other,feature_candidate,true_lagged_only,lagged_daily_context,daily_factor_pack_and_minute_ctx,vendor_daily_plus_1_conservative,same-day RZRQ forbidden; use prior available date,lagged_level|rank_xsection
rzrq_margin_xsection_daily,cn_public_rzrq_daily_silver_v1_20260530\rzrq_margin_xsection_daily.parquet,RZYEZB,flow_liquidity,feature_candidate,true_lagged_only,lagged_daily_context,daily_factor_pack_and_minute_ctx,vendor_daily_plus_1_conservative,same-day RZRQ forbidden; use prior available date,lagged_level|delta_3_5_10|zscore_20|rank_xsection|ratio_to_float_mcap
rzrq_margin_xsection_daily,cn_public_rzrq_daily_silver_v1_20260530\rzrq_margin_xsection_daily.parquet,RZMRE3D,flow_liquidity,feature_candidate,true_lagged_only,lagged_daily_context,daily_factor_pack_and_minute_ctx,vendor_daily_plus_1_conservative,same-day RZRQ forbidden; use prior available date,lagged_level|delta_3_5_10|zscore_20|rank_xsection|ratio_to_float_mcap
rzrq_margin_xsection_daily,cn_public_rzrq_daily_silver_v1_20260530\rzrq_margin_xsection_daily.parquet,RZMRE5D,flow_liquidity,feature_candidate,true_lagged_only,lagged_daily_context,daily_factor_pack_and_minute_ctx,vendor_daily_plus_1_conservative,same-day RZRQ forbidden; use prior available date,lagged_level|delta_3_5_10|zscore_20|rank_xsection|ratio_to_float_mcap
rzrq_margin_xsection_daily,cn_public_rzrq_daily_silver_v1_20260530\rzrq_margin_xsection_daily.parquet,RZMRE10D,flow_liquidity,feature_candidate,true_lagged_only,lagged_daily_context,daily_factor_pack_and_minute_ctx,vendor_daily_plus_1_conservative,same-day RZRQ forbidden; use prior available date,lagged_level|delta_3_5_10|zscore_20|rank_xsection|ratio_to_float_mcap
rzrq_margin_xsection_daily,cn_public_rzrq_daily_silver_v1_20260530\rzrq_margin_xsection_daily.parquet,RZCHE,flow_liquidity,feature_candidate,true_lagged_only,lagged_daily_context,daily_factor_pack_and_minute_ctx,vendor_daily_plus_1_conservative,same-day RZRQ forbidden; use prior available date,lagged_level|delta_3_5_10|zscore_20|rank_xsection|ratio_to_float_mcap
rzrq_margin_xsection_daily,cn_public_rzrq_daily_silver_v1_20260530\rzrq_margin_xsection_daily.parquet,RZCHE3D,flow_liquidity,feature_candidate,true_lagged_only,lagged_daily_context,daily_factor_pack_and_minute_ctx,vendor_daily_plus_1_conservative,same-day RZRQ forbidden; use prior available date,lagged_level|delta_3_5_10|zscore_20|rank_xsection|ratio_to_float_mcap
rzrq_margin_xsection_daily,cn_public_rzrq_daily_silver_v1_20260530\rzrq_margin_xsection_daily.parquet,RZCHE5D,flow_liquidity,feature_candidate,true_lagged_only,lagged_daily_context,daily_factor_pack_and_minute_ctx,vendor_daily_plus_1_conservative,same-day RZRQ forbidden; use prior available date,lagged_level|delta_3_5_10|zscore_20|rank_xsection|ratio_to_float_mcap
rzrq_margin_xsection_daily,cn_public_rzrq_daily_silver_v1_20260530\rzrq_margin_xsection_daily.parquet,RZCHE10D,flow_liquidity,feature_candidate,true_lagged_only,lagged_daily_context,daily_factor_pack_and_minute_ctx,vendor_daily_plus_1_conservative,same-day RZRQ forbidden; use prior available date,lagged_level|delta_3_5_10|zscore_20|rank_xsection|ratio_to_float_mcap
rzrq_margin_xsection_daily,cn_public_rzrq_daily_silver_v1_20260530\rzrq_margin_xsection_daily.parquet,RZJME,flow_liquidity,feature_candidate,true_lagged_only,lagged_daily_context,daily_factor_pack_and_minute_ctx,vendor_daily_plus_1_conservative,same-day RZRQ forbidden; use prior available date,lagged_level|delta_3_5_10|zscore_20|rank_xsection|ratio_to_float_mcap
rzrq_margin_xsection_daily,cn_public_rzrq_daily_silver_v1_20260530\rzrq_margin_xsection_daily.parquet,RZJME3D,flow_liquidity,feature_candidate,true_lagged_only,lagged_daily_context,daily_factor_pack_and_minute_ctx,vendor_daily_plus_1_conservative,same-day RZRQ forbidden; use prior available date,lagged_level|delta_3_5_10|zscore_20|rank_xsection|ratio_to_float_mcap
rzrq_margin_xsection_daily,cn_public_rzrq_daily_silver_v1_20260530\rzrq_margin_xsection_daily.parquet,RZJME5D,flow_liquidity,feature_candidate,true_lagged_only,lagged_daily_context,daily_factor_pack_and_minute_ctx,vendor_daily_plus_1_conservative,same-day RZRQ forbidden; use prior available date,lagged_level|delta_3_5_10|zscore_20|rank_xsection|ratio_to_float_mcap
rzrq_margin_xsection_daily,cn_public_rzrq_daily_silver_v1_20260530\rzrq_margin_xsection_daily.parquet,RZJME10D,flow_liquidity,feature_candidate,true_lagged_only,lagged_daily_context,daily_factor_pack_and_minute_ctx,vendor_daily_plus_1_conservative,same-day RZRQ forbidden; use prior available date,lagged_level|delta_3_5_10|zscore_20|rank_xsection|ratio_to_float_mcap
rzrq_margin_xsection_daily,cn_public_rzrq_daily_silver_v1_20260530\rzrq_margin_xsection_daily.parquet,RQMCL3D,flow_liquidity,feature_candidate,true_lagged_only,lagged_daily_context,daily_factor_pack_and_minute_ctx,vendor_daily_plus_1_conservative,same-day RZRQ forbidden; use prior available date,lagged_level|delta_3_5_10|zscore_20|rank_xsection|ratio_to_float_mcap
rzrq_margin_xsection_daily,cn_public_rzrq_daily_silver_v1_20260530\rzrq_margin_xsection_daily.parquet,RQMCL5D,flow_liquidity,feature_candidate,true_lagged_only,lagged_daily_context,daily_factor_pack_and_minute_ctx,vendor_daily_plus_1_conservative,same-day RZRQ forbidden; use prior available date,lagged_level|delta_3_5_10|zscore_20|rank_xsection|ratio_to_float_mcap
rzrq_margin_xsection_daily,cn_public_rzrq_daily_silver_v1_20260530\rzrq_margin_xsection_daily.parquet,RQMCL10D,flow_liquidity,feature_candidate,true_lagged_only,lagged_daily_context,daily_factor_pack_and_minute_ctx,vendor_daily_plus_1_conservative,same-day RZRQ forbidden; use prior available date,lagged_level|delta_3_5_10|zscore_20|rank_xsection|ratio_to_float_mcap
rzrq_margin_xsection_daily,cn_public_rzrq_daily_silver_v1_20260530\rzrq_margin_xsection_daily.parquet,RQCHL,flow_liquidity,feature_candidate,true_lagged_only,lagged_daily_context,daily_factor_pack_and_minute_ctx,vendor_daily_plus_1_conservative,same-day RZRQ forbidden; use prior available date,lagged_level|delta_3_5_10|zscore_20|rank_xsection|ratio_to_float_mcap
rzrq_margin_xsection_daily,cn_public_rzrq_daily_silver_v1_20260530\rzrq_margin_xsection_daily.parquet,RQCHL3D,flow_liquidity,feature_candidate,true_lagged_only,lagged_daily_context,daily_factor_pack_and_minute_ctx,vendor_daily_plus_1_conservative,same-day RZRQ forbidden; use prior available date,lagged_level|delta_3_5_10|zscore_20|rank_xsection|ratio_to_float_mcap
rzrq_margin_xsection_daily,cn_public_rzrq_daily_silver_v1_20260530\rzrq_margin_xsection_daily.parquet,RQCHL5D,flow_liquidity,feature_candidate,true_lagged_only,lagged_daily_context,daily_factor_pack_and_minute_ctx,vendor_daily_plus_1_conservative,same-day RZRQ forbidden; use prior available date,lagged_level|delta_3_5_10|zscore_20|rank_xsection|ratio_to_float_mcap
rzrq_margin_xsection_daily,cn_public_rzrq_daily_silver_v1_20260530\rzrq_margin_xsection_daily.parquet,RQCHL10D,flow_liquidity,feature_candidate,true_lagged_only,lagged_daily_context,daily_factor_pack_and_minute_ctx,vendor_daily_plus_1_conservative,same-day RZRQ forbidden; use prior available date,lagged_level|delta_3_5_10|zscore_20|rank_xsection|ratio_to_float_mcap
rzrq_margin_xsection_daily,cn_public_rzrq_daily_silver_v1_20260530\rzrq_margin_xsection_daily.parquet,RQJMG,flow_liquidity,feature_candidate,true_lagged_only,lagged_daily_context,daily_factor_pack_and_minute_ctx,vendor_daily_plus_1_conservative,same-day RZRQ forbidden; use prior available date,lagged_level|delta_3_5_10|zscore_20|rank_xsection|ratio_to_float_mcap
rzrq_margin_xsection_daily,cn_public_rzrq_daily_silver_v1_20260530\rzrq_margin_xsection_daily.parquet,RQJMG3D,flow_liquidity,feature_candidate,true_lagged_only,lagged_daily_context,daily_factor_pack_and_minute_ctx,vendor_daily_plus_1_conservative,same-day RZRQ forbidden; use prior available date,lagged_level|delta_3_5_10|zscore_20|rank_xsection|ratio_to_float_mcap
rzrq_margin_xsection_daily,cn_public_rzrq_daily_silver_v1_20260530\rzrq_margin_xsection_daily.parquet,RQJMG5D,flow_liquidity,feature_candidate,true_lagged_only,lagged_daily_context,daily_factor_pack_and_minute_ctx,vendor_daily_plus_1_conservative,same-day RZRQ forbidden; use prior available date,lagged_level|delta_3_5_10|zscore_20|rank_xsection|ratio_to_float_mcap
rzrq_margin_xsection_daily,cn_public_rzrq_daily_silver_v1_20260530\rzrq_margin_xsection_daily.parquet,RQJMG10D,flow_liquidity,feature_candidate,true_lagged_only,lagged_daily_context,daily_factor_pack_and_minute_ctx,vendor_daily_plus_1_conservative,same-day RZRQ forbidden; use prior available date,lagged_level|delta_3_5_10|zscore_20|rank_xsection|ratio_to_float_mcap
rzrq_margin_xsection_daily,cn_public_rzrq_daily_silver_v1_20260530\rzrq_margin_xsection_daily.parquet,SPJ,other,feature_candidate,true_lagged_only,lagged_daily_context,daily_factor_pack_and_minute_ctx,vendor_daily_plus_1_conservative,same-day RZRQ forbidden; use prior available date,lagged_level|rank_xsection
rzrq_margin_xsection_daily,cn_public_rzrq_daily_silver_v1_20260530\rzrq_margin_xsection_daily.parquet,ZDF,other,feature_candidate,true_lagged_only,lagged_daily_context,daily_factor_pack_and_minute_ctx,vendor_daily_plus_1_conservative,same-day RZRQ forbidden; use prior available date,lagged_level|rank_xsection
rzrq_margin_xsection_daily,cn_public_rzrq_daily_silver_v1_20260530\rzrq_margin_xsection_daily.parquet,RCHANGE3DCP,price_state,feature_candidate,true_lagged_only,lagged_daily_context,daily_factor_pack_and_minute_ctx,vendor_daily_plus_1_conservative,same-day RZRQ forbidden; use prior available date,lagged_momentum|mean_reversion|volatility|do_not_use_same_day_close_intraday
rzrq_margin_xsection_daily,cn_public_rzrq_daily_silver_v1_20260530\rzrq_margin_xsection_daily.parquet,RCHANGE5DCP,price_state,feature_candidate,true_lagged_only,lagged_daily_context,daily_factor_pack_and_minute_ctx,vendor_daily_plus_1_conservative,same-day RZRQ forbidden; use prior available date,lagged_momentum|mean_reversion|volatility|do_not_use_same_day_close_intraday
rzrq_margin_xsection_daily,cn_public_rzrq_daily_silver_v1_20260530\rzrq_margin_xsection_daily.parquet,RCHANGE10DCP,price_state,feature_candidate,true_lagged_only,lagged_daily_context,daily_factor_pack_and_minute_ctx,vendor_daily_plus_1_conservative,same-day RZRQ forbidden; use prior available date,lagged_momentum|mean_reversion|volatility|do_not_use_same_day_close_intraday
rzrq_margin_xsection_daily,cn_public_rzrq_daily_silver_v1_20260530\rzrq_margin_xsection_daily.parquet,KCB,other,feature_candidate,true_lagged_only,lagged_daily_context,daily_factor_pack_and_minute_ctx,vendor_daily_plus_1_conservative,same-day RZRQ forbidden; use prior available date,lagged_level|rank_xsection
rzrq_margin_xsection_daily,cn_public_rzrq_daily_silver_v1_20260530\rzrq_margin_xsection_daily.parquet,TRADE_MARKET_CODE,other,feature_candidate,true_lagged_only,lagged_daily_context,daily_factor_pack_and_minute_ctx,vendor_daily_plus_1_conservative,same-day RZRQ forbidden; use prior available date,lagged_level|rank_xsection
rzrq_margin_xsection_daily,cn_public_rzrq_daily_silver_v1_20260530\rzrq_margin_xsection_daily.parquet,TRADE_MARKET,other,feature_candidate,true_lagged_only,lagged_daily_context,daily_factor_pack_and_minute_ctx,vendor_daily_plus_1_conservative,same-day RZRQ forbidden; use prior available date,lagged_level|rank_xsection
rzrq_margin_xsection_daily,cn_public_rzrq_daily_silver_v1_20260530\rzrq_margin_xsection_daily.parquet,FIN_BALANCE_GR,other,feature_candidate,true_lagged_only,lagged_daily_context,daily_factor_pack_and_minute_ctx,vendor_daily_plus_1_conservative,same-day RZRQ forbidden; use prior available date,lagged_level|rank_xsection
rzrq_margin_xsection_daily,cn_public_rzrq_daily_silver_v1_20260530\rzrq_margin_xsection_daily.parquet,SECUCODE,instrument_key,key,false_key_only,lagged_daily_context,daily_factor_pack_and_minute_ctx,vendor_daily_plus_1_conservative,same-day RZRQ forbidden; use prior available date,lagged_level|rank_xsection
rzrq_margin_xsection_daily,cn_public_rzrq_daily_silver_v1_20260530\rzrq_margin_xsection_daily.parquet,_source_date,date_key,key,false_key_only,lagged_daily_context,daily_factor_pack_and_minute_ctx,vendor_daily_plus_1_conservative,same-day RZRQ forbidden; use prior available date,lagged_level|rank_xsection
rzrq_margin_xsection_daily,cn_public_rzrq_daily_silver_v1_20260530\rzrq_margin_xsection_daily.parquet,_source_file,other,feature_candidate,true_lagged_only,lagged_daily_context,daily_factor_pack_and_minute_ctx,vendor_daily_plus_1_conservative,same-day RZRQ forbidden; use prior available date,lagged_level|rank_xsection
rzrq_margin_xsection_monthly,cn_public_rzrq_monthly_silver_v1_20260530\rzrq_margin_xsection_monthly.parquet,DATE,date_key,key,false_key_only,lagged_daily_context,daily_factor_pack_and_minute_ctx,vendor_daily_plus_1_conservative,same-day RZRQ forbidden; use prior available date,lagged_level|rank_xsection
rzrq_margin_xsection_monthly,cn_public_rzrq_monthly_silver_v1_20260530\rzrq_margin_xsection_monthly.parquet,MARKET,price_state,feature_candidate,true_lagged_only,lagged_daily_context,daily_factor_pack_and_minute_ctx,vendor_daily_plus_1_conservative,same-day RZRQ forbidden; use prior available date,lagged_momentum|mean_reversion|volatility|do_not_use_same_day_close_intraday
rzrq_margin_xsection_monthly,cn_public_rzrq_monthly_silver_v1_20260530\rzrq_margin_xsection_monthly.parquet,SCODE,instrument_key,key,false_key_only,lagged_daily_context,daily_factor_pack_and_minute_ctx,vendor_daily_plus_1_conservative,same-day RZRQ forbidden; use prior available date,lagged_level|rank_xsection
rzrq_margin_xsection_monthly,cn_public_rzrq_monthly_silver_v1_20260530\rzrq_margin_xsection_monthly.parquet,SECNAME,other,feature_candidate,true_lagged_only,lagged_daily_context,daily_factor_pack_and_minute_ctx,vendor_daily_plus_1_conservative,same-day RZRQ forbidden; use prior available date,lagged_level|rank_xsection
rzrq_margin_xsection_monthly,cn_public_rzrq_monthly_silver_v1_20260530\rzrq_margin_xsection_monthly.parquet,RZYE,flow_liquidity,feature_candidate,true_lagged_only,lagged_daily_context,daily_factor_pack_and_minute_ctx,vendor_daily_plus_1_conservative,same-day RZRQ forbidden; use prior available date,lagged_level|delta_3_5_10|zscore_20|rank_xsection|ratio_to_float_mcap
rzrq_margin_xsection_monthly,cn_public_rzrq_monthly_silver_v1_20260530\rzrq_margin_xsection_monthly.parquet,RQYL,other,feature_candidate,true_lagged_only,lagged_daily_context,daily_factor_pack_and_minute_ctx,vendor_daily_plus_1_conservative,same-day RZRQ forbidden; use prior available date,lagged_level|rank_xsection
rzrq_margin_xsection_monthly,cn_public_rzrq_monthly_silver_v1_20260530\rzrq_margin_xsection_monthly.parquet,RZRQYE,flow_liquidity,feature_candidate,true_lagged_only,lagged_daily_context,daily_factor_pack_and_minute_ctx,vendor_daily_plus_1_conservative,same-day RZRQ forbidden; use prior available date,lagged_level|delta_3_5_10|zscore_20|rank_xsection|ratio_to_float_mcap
rzrq_margin_xsection_monthly,cn_public_rzrq_monthly_silver_v1_20260530\rzrq_margin_xsection_monthly.parquet,RQYE,flow_liquidity,feature_candidate,true_lagged_only,lagged_daily_context,daily_factor_pack_and_minute_ctx,vendor_daily_plus_1_conservative,same-day RZRQ forbidden; use prior available date,lagged_level|delta_3_5_10|zscore_20|rank_xsection|ratio_to_float_mcap
rzrq_margin_xsection_monthly,cn_public_rzrq_monthly_silver_v1_20260530\rzrq_margin_xsection_monthly.parquet,RQMCL,flow_liquidity,feature_candidate,true_lagged_only,lagged_daily_context,daily_factor_pack_and_minute_ctx,vendor_daily_plus_1_conservative,same-day RZRQ forbidden; use prior available date,lagged_level|delta_3_5_10|zscore_20|rank_xsection|ratio_to_float_mcap
rzrq_margin_xsection_monthly,cn_public_rzrq_monthly_silver_v1_20260530\rzrq_margin_xsection_monthly.parquet,RZRQYECZ,flow_liquidity,feature_candidate,true_lagged_only,lagged_daily_context,daily_factor_pack_and_minute_ctx,vendor_daily_plus_1_conservative,same-day RZRQ forbidden; use prior available date,lagged_level|delta_3_5_10|zscore_20|rank_xsection|ratio_to_float_mcap
rzrq_margin_xsection_monthly,cn_public_rzrq_monthly_silver_v1_20260530\rzrq_margin_xsection_monthly.parquet,RZMRE,flow_liquidity,feature_candidate,true_lagged_only,lagged_daily_context,daily_factor_pack_and_minute_ctx,vendor_daily_plus_1_conservative,same-day RZRQ forbidden; use prior available date,lagged_level|delta_3_5_10|zscore_20|rank_xsection|ratio_to_float_mcap
rzrq_margin_xsection_monthly,cn_public_rzrq_monthly_silver_v1_20260530\rzrq_margin_xsection_monthly.parquet,SZ,other,feature_candidate,true_lagged_only,lagged_daily_context,daily_factor_pack_and_minute_ctx,vendor_daily_plus_1_conservative,same-day RZRQ forbidden; use prior available date,lagged_level|rank_xsection
rzrq_margin_xsection_monthly,cn_public_rzrq_monthly_silver_v1_20260530\rzrq_margin_xsection_monthly.parquet,RZYEZB,flow_liquidity,feature_candidate,true_lagged_only,lagged_daily_context,daily_factor_pack_and_minute_ctx,vendor_daily_plus_1_conservative,same-day RZRQ forbidden; use prior available date,lagged_level|delta_3_5_10|zscore_20|rank_xsection|ratio_to_float_mcap
rzrq_margin_xsection_monthly,cn_public_rzrq_monthly_silver_v1_20260530\rzrq_margin_xsection_monthly.parquet,RZMRE3D,flow_liquidity,feature_candidate,true_lagged_only,lagged_daily_context,daily_factor_pack_and_minute_ctx,vendor_daily_plus_1_conservative,same-day RZRQ forbidden; use prior available date,lagged_level|delta_3_5_10|zscore_20|rank_xsection|ratio_to_float_mcap
rzrq_margin_xsection_monthly,cn_public_rzrq_monthly_silver_v1_20260530\rzrq_margin_xsection_monthly.parquet,RZMRE5D,flow_liquidity,feature_candidate,true_lagged_only,lagged_daily_context,daily_factor_pack_and_minute_ctx,vendor_daily_plus_1_conservative,same-day RZRQ forbidden; use prior available date,lagged_level|delta_3_5_10|zscore_20|rank_xsection|ratio_to_float_mcap
rzrq_margin_xsection_monthly,cn_public_rzrq_monthly_silver_v1_20260530\rzrq_margin_xsection_monthly.parquet,RZMRE10D,flow_liquidity,feature_candidate,true_lagged_only,lagged_daily_context,daily_factor_pack_and_minute_ctx,vendor_daily_plus_1_conservative,same-day RZRQ forbidden; use prior available date,lagged_level|delta_3_5_10|zscore_20|rank_xsection|ratio_to_float_mcap
rzrq_margin_xsection_monthly,cn_public_rzrq_monthly_silver_v1_20260530\rzrq_margin_xsection_monthly.parquet,RZCHE,flow_liquidity,feature_candidate,true_lagged_only,lagged_daily_context,daily_factor_pack_and_minute_ctx,vendor_daily_plus_1_conservative,same-day RZRQ forbidden; use prior available date,lagged_level|delta_3_5_10|zscore_20|rank_xsection|ratio_to_float_mcap
rzrq_margin_xsection_monthly,cn_public_rzrq_monthly_silver_v1_20260530\rzrq_margin_xsection_monthly.parquet,RZCHE3D,flow_liquidity,feature_candidate,true_lagged_only,lagged_daily_context,daily_factor_pack_and_minute_ctx,vendor_daily_plus_1_conservative,same-day RZRQ forbidden; use prior available date,lagged_level|delta_3_5_10|zscore_20|rank_xsection|ratio_to_float_mcap
rzrq_margin_xsection_monthly,cn_public_rzrq_monthly_silver_v1_20260530\rzrq_margin_xsection_monthly.parquet,RZCHE5D,flow_liquidity,feature_candidate,true_lagged_only,lagged_daily_context,daily_factor_pack_and_minute_ctx,vendor_daily_plus_1_conservative,same-day RZRQ forbidden; use prior available date,lagged_level|delta_3_5_10|zscore_20|rank_xsection|ratio_to_float_mcap
rzrq_margin_xsection_monthly,cn_public_rzrq_monthly_silver_v1_20260530\rzrq_margin_xsection_monthly.parquet,RZCHE10D,flow_liquidity,feature_candidate,true_lagged_only,lagged_daily_context,daily_factor_pack_and_minute_ctx,vendor_daily_plus_1_conservative,same-day RZRQ forbidden; use prior available date,lagged_level|delta_3_5_10|zscore_20|rank_xsection|ratio_to_float_mcap
rzrq_margin_xsection_monthly,cn_public_rzrq_monthly_silver_v1_20260530\rzrq_margin_xsection_monthly.parquet,RZJME,flow_liquidity,feature_candidate,true_lagged_only,lagged_daily_context,daily_factor_pack_and_minute_ctx,vendor_daily_plus_1_conservative,same-day RZRQ forbidden; use prior available date,lagged_level|delta_3_5_10|zscore_20|rank_xsection|ratio_to_float_mcap
rzrq_margin_xsection_monthly,cn_public_rzrq_monthly_silver_v1_20260530\rzrq_margin_xsection_monthly.parquet,RZJME3D,flow_liquidity,feature_candidate,true_lagged_only,lagged_daily_context,daily_factor_pack_and_minute_ctx,vendor_daily_plus_1_conservative,same-day RZRQ forbidden; use prior available date,lagged_level|delta_3_5_10|zscore_20|rank_xsection|ratio_to_float_mcap
rzrq_margin_xsection_monthly,cn_public_rzrq_monthly_silver_v1_20260530\rzrq_margin_xsection_monthly.parquet,RZJME5D,flow_liquidity,feature_candidate,true_lagged_only,lagged_daily_context,daily_factor_pack_and_minute_ctx,vendor_daily_plus_1_conservative,same-day RZRQ forbidden; use prior available date,lagged_level|delta_3_5_10|zscore_20|rank_xsection|ratio_to_float_mcap
rzrq_margin_xsection_monthly,cn_public_rzrq_monthly_silver_v1_20260530\rzrq_margin_xsection_monthly.parquet,RZJME10D,flow_liquidity,feature_candidate,true_lagged_only,lagged_daily_context,daily_factor_pack_and_minute_ctx,vendor_daily_plus_1_conservative,same-day RZRQ forbidden; use prior available date,lagged_level|delta_3_5_10|zscore_20|rank_xsection|ratio_to_float_mcap
rzrq_margin_xsection_monthly,cn_public_rzrq_monthly_silver_v1_20260530\rzrq_margin_xsection_monthly.parquet,RQMCL3D,flow_liquidity,feature_candidate,true_lagged_only,lagged_daily_context,daily_factor_pack_and_minute_ctx,vendor_daily_plus_1_conservative,same-day RZRQ forbidden; use prior available date,lagged_level|delta_3_5_10|zscore_20|rank_xsection|ratio_to_float_mcap
rzrq_margin_xsection_monthly,cn_public_rzrq_monthly_silver_v1_20260530\rzrq_margin_xsection_monthly.parquet,RQMCL5D,flow_liquidity,feature_candidate,true_lagged_only,lagged_daily_context,daily_factor_pack_and_minute_ctx,vendor_daily_plus_1_conservative,same-day RZRQ forbidden; use prior available date,lagged_level|delta_3_5_10|zscore_20|rank_xsection|ratio_to_float_mcap
rzrq_margin_xsection_monthly,cn_public_rzrq_monthly_silver_v1_20260530\rzrq_margin_xsection_monthly.parquet,RQMCL10D,flow_liquidity,feature_candidate,true_lagged_only,lagged_daily_context,daily_factor_pack_and_minute_ctx,vendor_daily_plus_1_conservative,same-day RZRQ forbidden; use prior available date,lagged_level|delta_3_5_10|zscore_20|rank_xsection|ratio_to_float_mcap
rzrq_margin_xsection_monthly,cn_public_rzrq_monthly_silver_v1_20260530\rzrq_margin_xsection_monthly.parquet,RQCHL,flow_liquidity,feature_candidate,true_lagged_only,lagged_daily_context,daily_factor_pack_and_minute_ctx,vendor_daily_plus_1_conservative,same-day RZRQ forbidden; use prior available date,lagged_level|delta_3_5_10|zscore_20|rank_xsection|ratio_to_float_mcap
rzrq_margin_xsection_monthly,cn_public_rzrq_monthly_silver_v1_20260530\rzrq_margin_xsection_monthly.parquet,RQCHL3D,flow_liquidity,feature_candidate,true_lagged_only,lagged_daily_context,daily_factor_pack_and_minute_ctx,vendor_daily_plus_1_conservative,same-day RZRQ forbidden; use prior available date,lagged_level|delta_3_5_10|zscore_20|rank_xsection|ratio_to_float_mcap
rzrq_margin_xsection_monthly,cn_public_rzrq_monthly_silver_v1_20260530\rzrq_margin_xsection_monthly.parquet,RQCHL5D,flow_liquidity,feature_candidate,true_lagged_only,lagged_daily_context,daily_factor_pack_and_minute_ctx,vendor_daily_plus_1_conservative,same-day RZRQ forbidden; use prior available date,lagged_level|delta_3_5_10|zscore_20|rank_xsection|ratio_to_float_mcap
rzrq_margin_xsection_monthly,cn_public_rzrq_monthly_silver_v1_20260530\rzrq_margin_xsection_monthly.parquet,RQCHL10D,flow_liquidity,feature_candidate,true_lagged_only,lagged_daily_context,daily_factor_pack_and_minute_ctx,vendor_daily_plus_1_conservative,same-day RZRQ forbidden; use prior available date,lagged_level|delta_3_5_10|zscore_20|rank_xsection|ratio_to_float_mcap
rzrq_margin_xsection_monthly,cn_public_rzrq_monthly_silver_v1_20260530\rzrq_margin_xsection_monthly.parquet,RQJMG,flow_liquidity,feature_candidate,true_lagged_only,lagged_daily_context,daily_factor_pack_and_minute_ctx,vendor_daily_plus_1_conservative,same-day RZRQ forbidden; use prior available date,lagged_level|delta_3_5_10|zscore_20|rank_xsection|ratio_to_float_mcap
rzrq_margin_xsection_monthly,cn_public_rzrq_monthly_silver_v1_20260530\rzrq_margin_xsection_monthly.parquet,RQJMG3D,flow_liquidity,feature_candidate,true_lagged_only,lagged_daily_context,daily_factor_pack_and_minute_ctx,vendor_daily_plus_1_conservative,same-day RZRQ forbidden; use prior available date,lagged_level|delta_3_5_10|zscore_20|rank_xsection|ratio_to_float_mcap
rzrq_margin_xsection_monthly,cn_public_rzrq_monthly_silver_v1_20260530\rzrq_margin_xsection_monthly.parquet,RQJMG5D,flow_liquidity,feature_candidate,true_lagged_only,lagged_daily_context,daily_factor_pack_and_minute_ctx,vendor_daily_plus_1_conservative,same-day RZRQ forbidden; use prior available date,lagged_level|delta_3_5_10|zscore_20|rank_xsection|ratio_to_float_mcap
rzrq_margin_xsection_monthly,cn_public_rzrq_monthly_silver_v1_20260530\rzrq_margin_xsection_monthly.parquet,RQJMG10D,flow_liquidity,feature_candidate,true_lagged_only,lagged_daily_context,daily_factor_pack_and_minute_ctx,vendor_daily_plus_1_conservative,same-day RZRQ forbidden; use prior available date,lagged_level|delta_3_5_10|zscore_20|rank_xsection|ratio_to_float_mcap
rzrq_margin_xsection_monthly,cn_public_rzrq_monthly_silver_v1_20260530\rzrq_margin_xsection_monthly.parquet,SPJ,other,feature_candidate,true_lagged_only,lagged_daily_context,daily_factor_pack_and_minute_ctx,vendor_daily_plus_1_conservative,same-day RZRQ forbidden; use prior available date,lagged_level|rank_xsection
rzrq_margin_xsection_monthly,cn_public_rzrq_monthly_silver_v1_20260530\rzrq_margin_xsection_monthly.parquet,ZDF,other,feature_candidate,true_lagged_only,lagged_daily_context,daily_factor_pack_and_minute_ctx,vendor_daily_plus_1_conservative,same-day RZRQ forbidden; use prior available date,lagged_level|rank_xsection
rzrq_margin_xsection_monthly,cn_public_rzrq_monthly_silver_v1_20260530\rzrq_margin_xsection_monthly.parquet,RCHANGE3DCP,price_state,feature_candidate,true_lagged_only,lagged_daily_context,daily_factor_pack_and_minute_ctx,vendor_daily_plus_1_conservative,same-day RZRQ forbidden; use prior available date,lagged_momentum|mean_reversion|volatility|do_not_use_same_day_close_intraday
rzrq_margin_xsection_monthly,cn_public_rzrq_monthly_silver_v1_20260530\rzrq_margin_xsection_monthly.parquet,RCHANGE5DCP,price_state,feature_candidate,true_lagged_only,lagged_daily_context,daily_factor_pack_and_minute_ctx,vendor_daily_plus_1_conservative,same-day RZRQ forbidden; use prior available date,lagged_momentum|mean_reversion|volatility|do_not_use_same_day_close_intraday
rzrq_margin_xsection_monthly,cn_public_rzrq_monthly_silver_v1_20260530\rzrq_margin_xsection_monthly.parquet,RCHANGE10DCP,price_state,feature_candidate,true_lagged_only,lagged_daily_context,daily_factor_pack_and_minute_ctx,vendor_daily_plus_1_conservative,same-day RZRQ forbidden; use prior available date,lagged_momentum|mean_reversion|volatility|do_not_use_same_day_close_intraday
rzrq_margin_xsection_monthly,cn_public_rzrq_monthly_silver_v1_20260530\rzrq_margin_xsection_monthly.parquet,KCB,other,feature_candidate,true_lagged_only,lagged_daily_context,daily_factor_pack_and_minute_ctx,vendor_daily_plus_1_conservative,same-day RZRQ forbidden; use prior available date,lagged_level|rank_xsection
rzrq_margin_xsection_monthly,cn_public_rzrq_monthly_silver_v1_20260530\rzrq_margin_xsection_monthly.parquet,TRADE_MARKET_CODE,other,feature_candidate,true_lagged_only,lagged_daily_context,daily_factor_pack_and_minute_ctx,vendor_daily_plus_1_conservative,same-day RZRQ forbidden; use prior available date,lagged_level|rank_xsection
rzrq_margin_xsection_monthly,cn_public_rzrq_monthly_silver_v1_20260530\rzrq_margin_xsection_monthly.parquet,TRADE_MARKET,other,feature_candidate,true_lagged_only,lagged_daily_context,daily_factor_pack_and_minute_ctx,vendor_daily_plus_1_conservative,same-day RZRQ forbidden; use prior available date,lagged_level|rank_xsection
rzrq_margin_xsection_monthly,cn_public_rzrq_monthly_silver_v1_20260530\rzrq_margin_xsection_monthly.parquet,FIN_BALANCE_GR,other,feature_candidate,true_lagged_only,lagged_daily_context,daily_factor_pack_and_minute_ctx,vendor_daily_plus_1_conservative,same-day RZRQ forbidden; use prior available date,lagged_level|rank_xsection
rzrq_margin_xsection_monthly,cn_public_rzrq_monthly_silver_v1_20260530\rzrq_margin_xsection_monthly.parquet,SECUCODE,instrument_key,key,false_key_only,lagged_daily_context,daily_factor_pack_and_minute_ctx,vendor_daily_plus_1_conservative,same-day RZRQ forbidden; use prior available date,lagged_level|rank_xsection
rzrq_margin_xsection_monthly,cn_public_rzrq_monthly_silver_v1_20260530\rzrq_margin_xsection_monthly.parquet,_source_month,other,feature_candidate,true_lagged_only,lagged_daily_context,daily_factor_pack_and_minute_ctx,vendor_daily_plus_1_conservative,same-day RZRQ forbidden; use prior available date,lagged_level|rank_xsection
rzrq_margin_xsection_monthly,cn_public_rzrq_monthly_silver_v1_20260530\rzrq_margin_xsection_monthly.parquet,_source_file,other,feature_candidate,true_lagged_only,lagged_daily_context,daily_factor_pack_and_minute_ctx,vendor_daily_plus_1_conservative,same-day RZRQ forbidden; use prior available date,lagged_level|rank_xsection
billboard_buy,cn_public_xsection_no_kline_silver_v1_20260530\billboard_buy\billboard_buy.parquet,SECURITY_CODE,instrument_key,key,false_key_only,event_disclosure_context,daily_event_factor_pack_diagnostic_first,after_disclosure_or_next_trading_day_conservative,cannot be used intraday on trade date by default,lagged_level|rank_xsection
billboard_buy,cn_public_xsection_no_kline_silver_v1_20260530\billboard_buy\billboard_buy.parquet,SECUCODE,instrument_key,key,false_key_only,event_disclosure_context,daily_event_factor_pack_diagnostic_first,after_disclosure_or_next_trading_day_conservative,cannot be used intraday on trade date by default,lagged_level|rank_xsection
billboard_buy,cn_public_xsection_no_kline_silver_v1_20260530\billboard_buy\billboard_buy.parquet,TRADE_DATE,date_key,key,false_key_only,event_disclosure_context,daily_event_factor_pack_diagnostic_first,after_disclosure_or_next_trading_day_conservative,cannot be used intraday on trade date by default,lagged_level|rank_xsection
billboard_buy,cn_public_xsection_no_kline_silver_v1_20260530\billboard_buy\billboard_buy.parquet,OPERATEDEPT_CODE,fundamental,diagnostic_candidate,diagnostic_until_disclosure_timestamp_contract,event_disclosure_context,daily_event_factor_pack_diagnostic_first,after_disclosure_or_next_trading_day_conservative,cannot be used intraday on trade date by default,notice_lagged_latest|quarter_delta|ttm_proxy|rank_xsection|winsorize
billboard_buy,cn_public_xsection_no_kline_silver_v1_20260530\billboard_buy\billboard_buy.parquet,OPERATEDEPT_NAME,fundamental,diagnostic_candidate,diagnostic_until_disclosure_timestamp_contract,event_disclosure_context,daily_event_factor_pack_diagnostic_first,after_disclosure_or_next_trading_day_conservative,cannot be used intraday on trade date by default,notice_lagged_latest|quarter_delta|ttm_proxy|rank_xsection|winsorize
billboard_buy,cn_public_xsection_no_kline_silver_v1_20260530\billboard_buy\billboard_buy.parquet,EXPLANATION,other,diagnostic_candidate,diagnostic_until_disclosure_timestamp_contract,event_disclosure_context,daily_event_factor_pack_diagnostic_first,after_disclosure_or_next_trading_day_conservative,cannot be used intraday on trade date by default,lagged_level|rank_xsection
billboard_buy,cn_public_xsection_no_kline_silver_v1_20260530\billboard_buy\billboard_buy.parquet,CHANGE_RATE,price_state,diagnostic_candidate,diagnostic_until_disclosure_timestamp_contract,event_disclosure_context,daily_event_factor_pack_diagnostic_first,after_disclosure_or_next_trading_day_conservative,cannot be used intraday on trade date by default,lagged_momentum|mean_reversion|volatility|do_not_use_same_day_close_intraday
billboard_buy,cn_public_xsection_no_kline_silver_v1_20260530\billboard_buy\billboard_buy.parquet,CLOSE_PRICE,price_state,diagnostic_candidate,diagnostic_until_disclosure_timestamp_contract,event_disclosure_context,daily_event_factor_pack_diagnostic_first,after_disclosure_or_next_trading_day_conservative,cannot be used intraday on trade date by default,lagged_momentum|mean_reversion|volatility|do_not_use_same_day_close_intraday
billboard_buy,cn_public_xsection_no_kline_silver_v1_20260530\billboard_buy\billboard_buy.parquet,ACCUM_AMOUNT,flow_liquidity,diagnostic_candidate,diagnostic_until_disclosure_timestamp_contract,event_disclosure_context,daily_event_factor_pack_diagnostic_first,after_disclosure_or_next_trading_day_conservative,cannot be used intraday on trade date by default,lagged_level|delta_3_5_10|zscore_20|rank_xsection|ratio_to_float_mcap
billboard_buy,cn_public_xsection_no_kline_silver_v1_20260530\billboard_buy\billboard_buy.parquet,ACCUM_VOLUME,flow_liquidity,diagnostic_candidate,diagnostic_until_disclosure_timestamp_contract,event_disclosure_context,daily_event_factor_pack_diagnostic_first,after_disclosure_or_next_trading_day_conservative,cannot be used intraday on trade date by default,lagged_level|delta_3_5_10|zscore_20|rank_xsection|ratio_to_float_mcap
billboard_buy,cn_public_xsection_no_kline_silver_v1_20260530\billboard_buy\billboard_buy.parquet,BUY,disclosure_event,diagnostic_candidate,diagnostic_until_disclosure_timestamp_contract,event_disclosure_context,daily_event_factor_pack_diagnostic_first,after_disclosure_or_next_trading_day_conservative,cannot be used intraday on trade date by default,event_flag|event_age|net_buy_sell_ratio|matched_control_required
billboard_buy,cn_public_xsection_no_kline_silver_v1_20260530\billboard_buy\billboard_buy.parquet,SELL,disclosure_event,diagnostic_candidate,diagnostic_until_disclosure_timestamp_contract,event_disclosure_context,daily_event_factor_pack_diagnostic_first,after_disclosure_or_next_trading_day_conservative,cannot be used intraday on trade date by default,event_flag|event_age|net_buy_sell_ratio|matched_control_required
billboard_buy,cn_public_xsection_no_kline_silver_v1_20260530\billboard_buy\billboard_buy.parquet,NET,disclosure_event,diagnostic_candidate,diagnostic_until_disclosure_timestamp_contract,event_disclosure_context,daily_event_factor_pack_diagnostic_first,after_disclosure_or_next_trading_day_conservative,cannot be used intraday on trade date by default,event_flag|event_age|net_buy_sell_ratio|matched_control_required
billboard_buy,cn_public_xsection_no_kline_silver_v1_20260530\billboard_buy\billboard_buy.parquet,RISE_PROBABILITY_3DAY,other,diagnostic_candidate,diagnostic_until_disclosure_timestamp_contract,event_disclosure_context,daily_event_factor_pack_diagnostic_first,after_disclosure_or_next_trading_day_conservative,cannot be used intraday on trade date by default,lagged_level|rank_xsection
billboard_buy,cn_public_xsection_no_kline_silver_v1_20260530\billboard_buy\billboard_buy.parquet,TOTAL_BUYER_SALESTIMES_3DAY,disclosure_event,diagnostic_candidate,diagnostic_until_disclosure_timestamp_contract,event_disclosure_context,daily_event_factor_pack_diagnostic_first,after_disclosure_or_next_trading_day_conservative,cannot be used intraday on trade date by default,event_flag|event_age|net_buy_sell_ratio|matched_control_required
billboard_buy,cn_public_xsection_no_kline_silver_v1_20260530\billboard_buy\billboard_buy.parquet,CHANGE_TYPE,fundamental,diagnostic_candidate,diagnostic_until_disclosure_timestamp_contract,event_disclosure_context,daily_event_factor_pack_diagnostic_first,after_disclosure_or_next_trading_day_conservative,cannot be used intraday on trade date by default,notice_lagged_latest|quarter_delta|ttm_proxy|rank_xsection|winsorize
billboard_buy,cn_public_xsection_no_kline_silver_v1_20260530\billboard_buy\billboard_buy.parquet,OPERATEDEPT_CODE_OLD,fundamental,diagnostic_candidate,diagnostic_until_disclosure_timestamp_contract,event_disclosure_context,daily_event_factor_pack_diagnostic_first,after_disclosure_or_next_trading_day_conservative,cannot be used intraday on trade date by default,notice_lagged_latest|quarter_delta|ttm_proxy|rank_xsection|winsorize
billboard_buy,cn_public_xsection_no_kline_silver_v1_20260530\billboard_buy\billboard_buy.parquet,TOTAL_BUYRIO,disclosure_event,diagnostic_candidate,diagnostic_until_disclosure_timestamp_contract,event_disclosure_context,daily_event_factor_pack_diagnostic_first,after_disclosure_or_next_trading_day_conservative,cannot be used intraday on trade date by default,event_flag|event_age|net_buy_sell_ratio|matched_control_required
billboard_buy,cn_public_xsection_no_kline_silver_v1_20260530\billboard_buy\billboard_buy.parquet,TOTAL_SELLRIO,disclosure_event,diagnostic_candidate,diagnostic_until_disclosure_timestamp_contract,event_disclosure_context,daily_event_factor_pack_diagnostic_first,after_disclosure_or_next_trading_day_conservative,cannot be used intraday on trade date by default,event_flag|event_age|net_buy_sell_ratio|matched_control_required
billboard_buy,cn_public_xsection_no_kline_silver_v1_20260530\billboard_buy\billboard_buy.parquet,TRADE_ID,other,diagnostic_candidate,diagnostic_until_disclosure_timestamp_contract,event_disclosure_context,daily_event_factor_pack_diagnostic_first,after_disclosure_or_next_trading_day_conservative,cannot be used intraday on trade date by default,lagged_level|rank_xsection
billboard_buy,cn_public_xsection_no_kline_silver_v1_20260530\billboard_buy\billboard_buy.parquet,_source_file,other,diagnostic_candidate,diagnostic_until_disclosure_timestamp_contract,event_disclosure_context,daily_event_factor_pack_diagnostic_first,after_disclosure_or_next_trading_day_conservative,cannot be used intraday on trade date by default,lagged_level|rank_xsection
billboard_details,cn_public_xsection_no_kline_silver_v1_20260530\billboard_details\billboard_details.parquet,TRADE_DATE,date_key,key,false_key_only,event_disclosure_context,daily_event_factor_pack_diagnostic_first,after_disclosure_or_next_trading_day_conservative,cannot be used intraday on trade date by default,lagged_level|rank_xsection
billboard_details,cn_public_xsection_no_kline_silver_v1_20260530\billboard_details\billboard_details.parquet,DEAL_AMOUNT_RATIO,flow_liquidity,diagnostic_candidate,diagnostic_until_disclosure_timestamp_contract,event_disclosure_context,daily_event_factor_pack_diagnostic_first,after_disclosure_or_next_trading_day_conservative,cannot be used intraday on trade date by default,lagged_level|delta_3_5_10|zscore_20|rank_xsection|ratio_to_float_mcap
billboard_details,cn_public_xsection_no_kline_silver_v1_20260530\billboard_details\billboard_details.parquet,BILLBOARD_DEAL_AMT,disclosure_event,diagnostic_candidate,diagnostic_until_disclosure_timestamp_contract,event_disclosure_context,daily_event_factor_pack_diagnostic_first,after_disclosure_or_next_trading_day_conservative,cannot be used intraday on trade date by default,event_flag|event_age|net_buy_sell_ratio|matched_control_required
billboard_details,cn_public_xsection_no_kline_silver_v1_20260530\billboard_details\billboard_details.parquet,FREE_MARKET_CAP,capacity_size,diagnostic_candidate,diagnostic_until_disclosure_timestamp_contract,event_disclosure_context,daily_event_factor_pack_diagnostic_first,after_disclosure_or_next_trading_day_conservative,cannot be used intraday on trade date by default,lagged_level|rank_xsection|bucket|small_capacity_guard|liquidity_capacity_interaction
billboard_details,cn_public_xsection_no_kline_silver_v1_20260530\billboard_details\billboard_details.parquet,EXPLAIN,disclosure_event,diagnostic_candidate,diagnostic_until_disclosure_timestamp_contract,event_disclosure_context,daily_event_factor_pack_diagnostic_first,after_disclosure_or_next_trading_day_conservative,cannot be used intraday on trade date by default,event_flag|event_age|net_buy_sell_ratio|matched_control_required
billboard_details,cn_public_xsection_no_kline_silver_v1_20260530\billboard_details\billboard_details.parquet,SECUCODE,instrument_key,key,false_key_only,event_disclosure_context,daily_event_factor_pack_diagnostic_first,after_disclosure_or_next_trading_day_conservative,cannot be used intraday on trade date by default,lagged_level|rank_xsection
billboard_details,cn_public_xsection_no_kline_silver_v1_20260530\billboard_details\billboard_details.parquet,SECURITY_CODE,instrument_key,key,false_key_only,event_disclosure_context,daily_event_factor_pack_diagnostic_first,after_disclosure_or_next_trading_day_conservative,cannot be used intraday on trade date by default,lagged_level|rank_xsection
billboard_details,cn_public_xsection_no_kline_silver_v1_20260530\billboard_details\billboard_details.parquet,CLOSE_PRICE,price_state,diagnostic_candidate,diagnostic_until_disclosure_timestamp_contract,event_disclosure_context,daily_event_factor_pack_diagnostic_first,after_disclosure_or_next_trading_day_conservative,cannot be used intraday on trade date by default,lagged_momentum|mean_reversion|volatility|do_not_use_same_day_close_intraday
billboard_details,cn_public_xsection_no_kline_silver_v1_20260530\billboard_details\billboard_details.parquet,CHANGE_RATE,price_state,diagnostic_candidate,diagnostic_until_disclosure_timestamp_contract,event_disclosure_context,daily_event_factor_pack_diagnostic_first,after_disclosure_or_next_trading_day_conservative,cannot be used intraday on trade date by default,lagged_momentum|mean_reversion|volatility|do_not_use_same_day_close_intraday
billboard_details,cn_public_xsection_no_kline_silver_v1_20260530\billboard_details\billboard_details.parquet,TURNOVERRATE,flow_liquidity,diagnostic_candidate,diagnostic_until_disclosure_timestamp_contract,event_disclosure_context,daily_event_factor_pack_diagnostic_first,after_disclosure_or_next_trading_day_conservative,cannot be used intraday on trade date by default,lagged_level|delta_3_5_10|zscore_20|rank_xsection|ratio_to_float_mcap
billboard_details,cn_public_xsection_no_kline_silver_v1_20260530\billboard_details\billboard_details.parquet,D1_CLOSE_ADJCHRATE,price_state,diagnostic_candidate,diagnostic_until_disclosure_timestamp_contract,event_disclosure_context,daily_event_factor_pack_diagnostic_first,after_disclosure_or_next_trading_day_conservative,cannot be used intraday on trade date by default,lagged_momentum|mean_reversion|volatility|do_not_use_same_day_close_intraday
billboard_details,cn_public_xsection_no_kline_silver_v1_20260530\billboard_details\billboard_details.parquet,D2_CLOSE_ADJCHRATE,price_state,diagnostic_candidate,diagnostic_until_disclosure_timestamp_contract,event_disclosure_context,daily_event_factor_pack_diagnostic_first,after_disclosure_or_next_trading_day_conservative,cannot be used intraday on trade date by default,lagged_momentum|mean_reversion|volatility|do_not_use_same_day_close_intraday
billboard_details,cn_public_xsection_no_kline_silver_v1_20260530\billboard_details\billboard_details.parquet,D5_CLOSE_ADJCHRATE,price_state,diagnostic_candidate,diagnostic_until_disclosure_timestamp_contract,event_disclosure_context,daily_event_factor_pack_diagnostic_first,after_disclosure_or_next_trading_day_conservative,cannot be used intraday on trade date by default,lagged_momentum|mean_reversion|volatility|do_not_use_same_day_close_intraday
billboard_details,cn_public_xsection_no_kline_silver_v1_20260530\billboard_details\billboard_details.parquet,D10_CLOSE_ADJCHRATE,price_state,diagnostic_candidate,diagnostic_until_disclosure_timestamp_contract,event_disclosure_context,daily_event_factor_pack_diagnostic_first,after_disclosure_or_next_trading_day_conservative,cannot be used intraday on trade date by default,lagged_momentum|mean_reversion|volatility|do_not_use_same_day_close_intraday
billboard_details,cn_public_xsection_no_kline_silver_v1_20260530\billboard_details\billboard_details.parquet,SECURITY_NAME_ABBR,other,diagnostic_candidate,diagnostic_until_disclosure_timestamp_contract,event_disclosure_context,daily_event_factor_pack_diagnostic_first,after_disclosure_or_next_trading_day_conservative,cannot be used intraday on trade date by default,lagged_level|rank_xsection
billboard_details,cn_public_xsection_no_kline_silver_v1_20260530\billboard_details\billboard_details.parquet,EXPLANATION,other,diagnostic_candidate,diagnostic_until_disclosure_timestamp_contract,event_disclosure_context,daily_event_factor_pack_diagnostic_first,after_disclosure_or_next_trading_day_conservative,cannot be used intraday on trade date by default,lagged_level|rank_xsection
billboard_details,cn_public_xsection_no_kline_silver_v1_20260530\billboard_details\billboard_details.parquet,BILLBOARD_SELL_AMT,disclosure_event,diagnostic_candidate,diagnostic_until_disclosure_timestamp_contract,event_disclosure_context,daily_event_factor_pack_diagnostic_first,after_disclosure_or_next_trading_day_conservative,cannot be used intraday on trade date by default,event_flag|event_age|net_buy_sell_ratio|matched_control_required
billboard_details,cn_public_xsection_no_kline_silver_v1_20260530\billboard_details\billboard_details.parquet,BILLBOARD_BUY_AMT,disclosure_event,diagnostic_candidate,diagnostic_until_disclosure_timestamp_contract,event_disclosure_context,daily_event_factor_pack_diagnostic_first,after_disclosure_or_next_trading_day_conservative,cannot be used intraday on trade date by default,event_flag|event_age|net_buy_sell_ratio|matched_control_required
billboard_details,cn_public_xsection_no_kline_silver_v1_20260530\billboard_details\billboard_details.parquet,SECURITY_INNER_CODE,other,diagnostic_candidate,diagnostic_until_disclosure_timestamp_contract,event_disclosure_context,daily_event_factor_pack_diagnostic_first,after_disclosure_or_next_trading_day_conservative,cannot be used intraday on trade date by default,lagged_level|rank_xsection
billboard_details,cn_public_xsection_no_kline_silver_v1_20260530\billboard_details\billboard_details.parquet,BILLBOARD_NET_AMT,disclosure_event,diagnostic_candidate,diagnostic_until_disclosure_timestamp_contract,event_disclosure_context,daily_event_factor_pack_diagnostic_first,after_disclosure_or_next_trading_day_conservative,cannot be used intraday on trade date by default,event_flag|event_age|net_buy_sell_ratio|matched_control_required
billboard_details,cn_public_xsection_no_kline_silver_v1_20260530\billboard_details\billboard_details.parquet,DEAL_NET_RATIO,disclosure_event,diagnostic_candidate,diagnostic_until_disclosure_timestamp_contract,event_disclosure_context,daily_event_factor_pack_diagnostic_first,after_disclosure_or_next_trading_day_conservative,cannot be used intraday on trade date by default,event_flag|event_age|net_buy_sell_ratio|matched_control_required
billboard_details,cn_public_xsection_no_kline_silver_v1_20260530\billboard_details\billboard_details.parquet,ACCUM_AMOUNT,flow_liquidity,diagnostic_candidate,diagnostic_until_disclosure_timestamp_contract,event_disclosure_context,daily_event_factor_pack_diagnostic_first,after_disclosure_or_next_trading_day_conservative,cannot be used intraday on trade date by default,lagged_level|delta_3_5_10|zscore_20|rank_xsection|ratio_to_float_mcap
billboard_details,cn_public_xsection_no_kline_silver_v1_20260530\billboard_details\billboard_details.parquet,MARKET,price_state,diagnostic_candidate,diagnostic_until_disclosure_timestamp_contract,event_disclosure_context,daily_event_factor_pack_diagnostic_first,after_disclosure_or_next_trading_day_conservative,cannot be used intraday on trade date by default,lagged_momentum|mean_reversion|volatility|do_not_use_same_day_close_intraday
billboard_details,cn_public_xsection_no_kline_silver_v1_20260530\billboard_details\billboard_details.parquet,CHANGE_TYPE,fundamental,diagnostic_candidate,diagnostic_until_disclosure_timestamp_contract,event_disclosure_context,daily_event_factor_pack_diagnostic_first,after_disclosure_or_next_trading_day_conservative,cannot be used intraday on trade date by default,notice_lagged_latest|quarter_delta|ttm_proxy|rank_xsection|winsorize
billboard_details,cn_public_xsection_no_kline_silver_v1_20260530\billboard_details\billboard_details.parquet,TRADE_ID,other,diagnostic_candidate,diagnostic_until_disclosure_timestamp_contract,event_disclosure_context,daily_event_factor_pack_diagnostic_first,after_disclosure_or_next_trading_day_conservative,cannot be used intraday on trade date by default,lagged_level|rank_xsection
billboard_details,cn_public_xsection_no_kline_silver_v1_20260530\billboard_details\billboard_details.parquet,BUY_SEAT,disclosure_event,diagnostic_candidate,diagnostic_until_disclosure_timestamp_contract,event_disclosure_context,daily_event_factor_pack_diagnostic_first,after_disclosure_or_next_trading_day_conservative,cannot be used intraday on trade date by default,event_flag|event_age|net_buy_sell_ratio|matched_control_required
billboard_details,cn_public_xsection_no_kline_silver_v1_20260530\billboard_details\billboard_details.parquet,SELL_SEAT,disclosure_event,diagnostic_candidate,diagnostic_until_disclosure_timestamp_contract,event_disclosure_context,daily_event_factor_pack_diagnostic_first,after_disclosure_or_next_trading_day_conservative,cannot be used intraday on trade date by default,event_flag|event_age|net_buy_sell_ratio|matched_control_required
billboard_details,cn_public_xsection_no_kline_silver_v1_20260530\billboard_details\billboard_details.parquet,BUY_RATIO,disclosure_event,diagnostic_candidate,diagnostic_until_disclosure_timestamp_contract,event_disclosure_context,daily_event_factor_pack_diagnostic_first,after_disclosure_or_next_trading_day_conservative,cannot be used intraday on trade date by default,event_flag|event_age|net_buy_sell_ratio|matched_control_required
billboard_details,cn_public_xsection_no_kline_silver_v1_20260530\billboard_details\billboard_details.parquet,SELL_RATIO,disclosure_event,diagnostic_candidate,diagnostic_until_disclosure_timestamp_contract,event_disclosure_context,daily_event_factor_pack_diagnostic_first,after_disclosure_or_next_trading_day_conservative,cannot be used intraday on trade date by default,event_flag|event_age|net_buy_sell_ratio|matched_control_required
billboard_details,cn_public_xsection_no_kline_silver_v1_20260530\billboard_details\billboard_details.parquet,TRADE_MARKET,other,diagnostic_candidate,diagnostic_until_disclosure_timestamp_contract,event_disclosure_context,daily_event_factor_pack_diagnostic_first,after_disclosure_or_next_trading_day_conservative,cannot be used intraday on trade date by default,lagged_level|rank_xsection
billboard_details,cn_public_xsection_no_kline_silver_v1_20260530\billboard_details\billboard_details.parquet,D30_CLOSE_ADJCHRATE,price_state,diagnostic_candidate,diagnostic_until_disclosure_timestamp_contract,event_disclosure_context,daily_event_factor_pack_diagnostic_first,after_disclosure_or_next_trading_day_conservative,cannot be used intraday on trade date by default,lagged_momentum|mean_reversion|volatility|do_not_use_same_day_close_intraday
billboard_details,cn_public_xsection_no_kline_silver_v1_20260530\billboard_details\billboard_details.parquet,D20_CLOSE_ADJCHRATE,price_state,diagnostic_candidate,diagnostic_until_disclosure_timestamp_contract,event_disclosure_context,daily_event_factor_pack_diagnostic_first,after_disclosure_or_next_trading_day_conservative,cannot be used intraday on trade date by default,lagged_momentum|mean_reversion|volatility|do_not_use_same_day_close_intraday
billboard_details,cn_public_xsection_no_kline_silver_v1_20260530\billboard_details\billboard_details.parquet,TRADE_MARKET_CODE,other,diagnostic_candidate,diagnostic_until_disclosure_timestamp_contract,event_disclosure_context,daily_event_factor_pack_diagnostic_first,after_disclosure_or_next_trading_day_conservative,cannot be used intraday on trade date by default,lagged_level|rank_xsection
billboard_details,cn_public_xsection_no_kline_silver_v1_20260530\billboard_details\billboard_details.parquet,BUY_SEAT_NEW,disclosure_event,diagnostic_candidate,diagnostic_until_disclosure_timestamp_contract,event_disclosure_context,daily_event_factor_pack_diagnostic_first,after_disclosure_or_next_trading_day_conservative,cannot be used intraday on trade date by default,event_flag|event_age|net_buy_sell_ratio|matched_control_required
billboard_details,cn_public_xsection_no_kline_silver_v1_20260530\billboard_details\billboard_details.parquet,SELL_SEAT_NEW,disclosure_event,diagnostic_candidate,diagnostic_until_disclosure_timestamp_contract,event_disclosure_context,daily_event_factor_pack_diagnostic_first,after_disclosure_or_next_trading_day_conservative,cannot be used intraday on trade date by default,event_flag|event_age|net_buy_sell_ratio|matched_control_required
billboard_details,cn_public_xsection_no_kline_silver_v1_20260530\billboard_details\billboard_details.parquet,SECURITY_TYPE_CODE,fundamental,diagnostic_candidate,diagnostic_until_disclosure_timestamp_contract,event_disclosure_context,daily_event_factor_pack_diagnostic_first,after_disclosure_or_next_trading_day_conservative,cannot be used intraday on trade date by default,notice_lagged_latest|quarter_delta|ttm_proxy|rank_xsection|winsorize
billboard_details,cn_public_xsection_no_kline_silver_v1_20260530\billboard_details\billboard_details.parquet,SUM_BUY_AMT,disclosure_event,diagnostic_candidate,diagnostic_until_disclosure_timestamp_contract,event_disclosure_context,daily_event_factor_pack_diagnostic_first,after_disclosure_or_next_trading_day_conservative,cannot be used intraday on trade date by default,event_flag|event_age|net_buy_sell_ratio|matched_control_required
billboard_details,cn_public_xsection_no_kline_silver_v1_20260530\billboard_details\billboard_details.parquet,SUM_SELL_AMT,disclosure_event,diagnostic_candidate,diagnostic_until_disclosure_timestamp_contract,event_disclosure_context,daily_event_factor_pack_diagnostic_first,after_disclosure_or_next_trading_day_conservative,cannot be used intraday on trade date by default,event_flag|event_age|net_buy_sell_ratio|matched_control_required
billboard_details,cn_public_xsection_no_kline_silver_v1_20260530\billboard_details\billboard_details.parquet,NET_BS_AMT,disclosure_event,diagnostic_candidate,diagnostic_until_disclosure_timestamp_contract,event_disclosure_context,daily_event_factor_pack_diagnostic_first,after_disclosure_or_next_trading_day_conservative,cannot be used intraday on trade date by default,event_flag|event_age|net_buy_sell_ratio|matched_control_required
billboard_details,cn_public_xsection_no_kline_silver_v1_20260530\billboard_details\billboard_details.parquet,_source_file,other,diagnostic_candidate,diagnostic_until_disclosure_timestamp_contract,event_disclosure_context,daily_event_factor_pack_diagnostic_first,after_disclosure_or_next_trading_day_conservative,cannot be used intraday on trade date by default,lagged_level|rank_xsection
billboard_sell,cn_public_xsection_no_kline_silver_v1_20260530\billboard_sell\billboard_sell.parquet,SECURITY_CODE,instrument_key,key,false_key_only,event_disclosure_context,daily_event_factor_pack_diagnostic_first,after_disclosure_or_next_trading_day_conservative,cannot be used intraday on trade date by default,lagged_level|rank_xsection
billboard_sell,cn_public_xsection_no_kline_silver_v1_20260530\billboard_sell\billboard_sell.parquet,TRADE_DATE,date_key,key,false_key_only,event_disclosure_context,daily_event_factor_pack_diagnostic_first,after_disclosure_or_next_trading_day_conservative,cannot be used intraday on trade date by default,lagged_level|rank_xsection
billboard_sell,cn_public_xsection_no_kline_silver_v1_20260530\billboard_sell\billboard_sell.parquet,SECUCODE,instrument_key,key,false_key_only,event_disclosure_context,daily_event_factor_pack_diagnostic_first,after_disclosure_or_next_trading_day_conservative,cannot be used intraday on trade date by default,lagged_level|rank_xsection
billboard_sell,cn_public_xsection_no_kline_silver_v1_20260530\billboard_sell\billboard_sell.parquet,OPERATEDEPT_CODE,fundamental,diagnostic_candidate,diagnostic_until_disclosure_timestamp_contract,event_disclosure_context,daily_event_factor_pack_diagnostic_first,after_disclosure_or_next_trading_day_conservative,cannot be used intraday on trade date by default,notice_lagged_latest|quarter_delta|ttm_proxy|rank_xsection|winsorize
billboard_sell,cn_public_xsection_no_kline_silver_v1_20260530\billboard_sell\billboard_sell.parquet,OPERATEDEPT_NAME,fundamental,diagnostic_candidate,diagnostic_until_disclosure_timestamp_contract,event_disclosure_context,daily_event_factor_pack_diagnostic_first,after_disclosure_or_next_trading_day_conservative,cannot be used intraday on trade date by default,notice_lagged_latest|quarter_delta|ttm_proxy|rank_xsection|winsorize
billboard_sell,cn_public_xsection_no_kline_silver_v1_20260530\billboard_sell\billboard_sell.parquet,EXPLANATION,other,diagnostic_candidate,diagnostic_until_disclosure_timestamp_contract,event_disclosure_context,daily_event_factor_pack_diagnostic_first,after_disclosure_or_next_trading_day_conservative,cannot be used intraday on trade date by default,lagged_level|rank_xsection
billboard_sell,cn_public_xsection_no_kline_silver_v1_20260530\billboard_sell\billboard_sell.parquet,CHANGE_RATE,price_state,diagnostic_candidate,diagnostic_until_disclosure_timestamp_contract,event_disclosure_context,daily_event_factor_pack_diagnostic_first,after_disclosure_or_next_trading_day_conservative,cannot be used intraday on trade date by default,lagged_momentum|mean_reversion|volatility|do_not_use_same_day_close_intraday
billboard_sell,cn_public_xsection_no_kline_silver_v1_20260530\billboard_sell\billboard_sell.parquet,CLOSE_PRICE,price_state,diagnostic_candidate,diagnostic_until_disclosure_timestamp_contract,event_disclosure_context,daily_event_factor_pack_diagnostic_first,after_disclosure_or_next_trading_day_conservative,cannot be used intraday on trade date by default,lagged_momentum|mean_reversion|volatility|do_not_use_same_day_close_intraday
billboard_sell,cn_public_xsection_no_kline_silver_v1_20260530\billboard_sell\billboard_sell.parquet,ACCUM_AMOUNT,flow_liquidity,diagnostic_candidate,diagnostic_until_disclosure_timestamp_contract,event_disclosure_context,daily_event_factor_pack_diagnostic_first,after_disclosure_or_next_trading_day_conservative,cannot be used intraday on trade date by default,lagged_level|delta_3_5_10|zscore_20|rank_xsection|ratio_to_float_mcap
billboard_sell,cn_public_xsection_no_kline_silver_v1_20260530\billboard_sell\billboard_sell.parquet,ACCUM_VOLUME,flow_liquidity,diagnostic_candidate,diagnostic_until_disclosure_timestamp_contract,event_disclosure_context,daily_event_factor_pack_diagnostic_first,after_disclosure_or_next_trading_day_conservative,cannot be used intraday on trade date by default,lagged_level|delta_3_5_10|zscore_20|rank_xsection|ratio_to_float_mcap
billboard_sell,cn_public_xsection_no_kline_silver_v1_20260530\billboard_sell\billboard_sell.parquet,BUY,disclosure_event,diagnostic_candidate,diagnostic_until_disclosure_timestamp_contract,event_disclosure_context,daily_event_factor_pack_diagnostic_first,after_disclosure_or_next_trading_day_conservative,cannot be used intraday on trade date by default,event_flag|event_age|net_buy_sell_ratio|matched_control_required
billboard_sell,cn_public_xsection_no_kline_silver_v1_20260530\billboard_sell\billboard_sell.parquet,SELL,disclosure_event,diagnostic_candidate,diagnostic_until_disclosure_timestamp_contract,event_disclosure_context,daily_event_factor_pack_diagnostic_first,after_disclosure_or_next_trading_day_conservative,cannot be used intraday on trade date by default,event_flag|event_age|net_buy_sell_ratio|matched_control_required
billboard_sell,cn_public_xsection_no_kline_silver_v1_20260530\billboard_sell\billboard_sell.parquet,NET,disclosure_event,diagnostic_candidate,diagnostic_until_disclosure_timestamp_contract,event_disclosure_context,daily_event_factor_pack_diagnostic_first,after_disclosure_or_next_trading_day_conservative,cannot be used intraday on trade date by default,event_flag|event_age|net_buy_sell_ratio|matched_control_required
billboard_sell,cn_public_xsection_no_kline_silver_v1_20260530\billboard_sell\billboard_sell.parquet,RISE_PROBABILITY_3DAY,other,diagnostic_candidate,diagnostic_until_disclosure_timestamp_contract,event_disclosure_context,daily_event_factor_pack_diagnostic_first,after_disclosure_or_next_trading_day_conservative,cannot be used intraday on trade date by default,lagged_level|rank_xsection
billboard_sell,cn_public_xsection_no_kline_silver_v1_20260530\billboard_sell\billboard_sell.parquet,TOTAL_BUYER_SALESTIMES_3DAY,disclosure_event,diagnostic_candidate,diagnostic_until_disclosure_timestamp_contract,event_disclosure_context,daily_event_factor_pack_diagnostic_first,after_disclosure_or_next_trading_day_conservative,cannot be used intraday on trade date by default,event_flag|event_age|net_buy_sell_ratio|matched_control_required
billboard_sell,cn_public_xsection_no_kline_silver_v1_20260530\billboard_sell\billboard_sell.parquet,CHANGE_TYPE,fundamental,diagnostic_candidate,diagnostic_until_disclosure_timestamp_contract,event_disclosure_context,daily_event_factor_pack_diagnostic_first,after_disclosure_or_next_trading_day_conservative,cannot be used intraday on trade date by default,notice_lagged_latest|quarter_delta|ttm_proxy|rank_xsection|winsorize
billboard_sell,cn_public_xsection_no_kline_silver_v1_20260530\billboard_sell\billboard_sell.parquet,OPERATEDEPT_CODE_OLD,fundamental,diagnostic_candidate,diagnostic_until_disclosure_timestamp_contract,event_disclosure_context,daily_event_factor_pack_diagnostic_first,after_disclosure_or_next_trading_day_conservative,cannot be used intraday on trade date by default,notice_lagged_latest|quarter_delta|ttm_proxy|rank_xsection|winsorize
billboard_sell,cn_public_xsection_no_kline_silver_v1_20260530\billboard_sell\billboard_sell.parquet,TOTAL_BUYRIO,disclosure_event,diagnostic_candidate,diagnostic_until_disclosure_timestamp_contract,event_disclosure_context,daily_event_factor_pack_diagnostic_first,after_disclosure_or_next_trading_day_conservative,cannot be used intraday on trade date by default,event_flag|event_age|net_buy_sell_ratio|matched_control_required
billboard_sell,cn_public_xsection_no_kline_silver_v1_20260530\billboard_sell\billboard_sell.parquet,TOTAL_SELLRIO,disclosure_event,diagnostic_candidate,diagnostic_until_disclosure_timestamp_contract,event_disclosure_context,daily_event_factor_pack_diagnostic_first,after_disclosure_or_next_trading_day_conservative,cannot be used intraday on trade date by default,event_flag|event_age|net_buy_sell_ratio|matched_control_required
billboard_sell,cn_public_xsection_no_kline_silver_v1_20260530\billboard_sell\billboard_sell.parquet,TRADE_ID,other,diagnostic_candidate,diagnostic_until_disclosure_timestamp_contract,event_disclosure_context,daily_event_factor_pack_diagnostic_first,after_disclosure_or_next_trading_day_conservative,cannot be used intraday on trade date by default,lagged_level|rank_xsection
billboard_sell,cn_public_xsection_no_kline_silver_v1_20260530\billboard_sell\billboard_sell.parquet,_source_file,other,diagnostic_candidate,diagnostic_until_disclosure_timestamp_contract,event_disclosure_context,daily_event_factor_pack_diagnostic_first,after_disclosure_or_next_trading_day_conservative,cannot be used intraday on trade date by default,lagged_level|rank_xsection
holder_num_detail,cn_public_xsection_no_kline_silver_v1_20260530\holder_num_detail\holder_num_detail.parquet,SECURITY_CODE,instrument_key,key,false_key_only,announcement_pit_context,pit_feature_panel,announcement_date_plus_1_conservative,"join by announcement/update date, not report end date alone",lagged_level|rank_xsection
holder_num_detail,cn_public_xsection_no_kline_silver_v1_20260530\holder_num_detail\holder_num_detail.parquet,SECUCODE,instrument_key,key,false_key_only,announcement_pit_context,pit_feature_panel,announcement_date_plus_1_conservative,"join by announcement/update date, not report end date alone",lagged_level|rank_xsection
holder_num_detail,cn_public_xsection_no_kline_silver_v1_20260530\holder_num_detail\holder_num_detail.parquet,SECURITY_NAME_ABBR,other,feature_candidate,true_after_pit_contract,announcement_pit_context,pit_feature_panel,announcement_date_plus_1_conservative,"join by announcement/update date, not report end date alone",lagged_level|rank_xsection
holder_num_detail,cn_public_xsection_no_kline_silver_v1_20260530\holder_num_detail\holder_num_detail.parquet,HOLDER_NUM,other,feature_candidate,true_after_pit_contract,announcement_pit_context,pit_feature_panel,announcement_date_plus_1_conservative,"join by announcement/update date, not report end date alone",lagged_level|rank_xsection
holder_num_detail,cn_public_xsection_no_kline_silver_v1_20260530\holder_num_detail\holder_num_detail.parquet,PRE_HOLDER_NUM,other,feature_candidate,true_after_pit_contract,announcement_pit_context,pit_feature_panel,announcement_date_plus_1_conservative,"join by announcement/update date, not report end date alone",lagged_level|rank_xsection
holder_num_detail,cn_public_xsection_no_kline_silver_v1_20260530\holder_num_detail\holder_num_detail.parquet,HOLDER_NUM_CHANGE,price_state,feature_candidate,true_after_pit_contract,announcement_pit_context,pit_feature_panel,announcement_date_plus_1_conservative,"join by announcement/update date, not report end date alone",lagged_momentum|mean_reversion|volatility|do_not_use_same_day_close_intraday
holder_num_detail,cn_public_xsection_no_kline_silver_v1_20260530\holder_num_detail\holder_num_detail.parquet,HOLDER_NUM_RATIO,other,feature_candidate,true_after_pit_contract,announcement_pit_context,pit_feature_panel,announcement_date_plus_1_conservative,"join by announcement/update date, not report end date alone",lagged_level|rank_xsection
holder_num_detail,cn_public_xsection_no_kline_silver_v1_20260530\holder_num_detail\holder_num_detail.parquet,INTERVAL_CHRATE,other,feature_candidate,true_after_pit_contract,announcement_pit_context,pit_feature_panel,announcement_date_plus_1_conservative,"join by announcement/update date, not report end date alone",lagged_level|rank_xsection
holder_num_detail,cn_public_xsection_no_kline_silver_v1_20260530\holder_num_detail\holder_num_detail.parquet,END_DATE,date_key,key,false_key_only,announcement_pit_context,pit_feature_panel,announcement_date_plus_1_conservative,"join by announcement/update date, not report end date alone",lagged_level|rank_xsection
holder_num_detail,cn_public_xsection_no_kline_silver_v1_20260530\holder_num_detail\holder_num_detail.parquet,PRE_END_DATE,date_key,key,false_key_only,announcement_pit_context,pit_feature_panel,announcement_date_plus_1_conservative,"join by announcement/update date, not report end date alone",lagged_level|rank_xsection
holder_num_detail,cn_public_xsection_no_kline_silver_v1_20260530\holder_num_detail\holder_num_detail.parquet,PRE_E_DATE,date_key,key,false_key_only,announcement_pit_context,pit_feature_panel,announcement_date_plus_1_conservative,"join by announcement/update date, not report end date alone",lagged_level|rank_xsection
holder_num_detail,cn_public_xsection_no_kline_silver_v1_20260530\holder_num_detail\holder_num_detail.parquet,AVG_MARKET_CAP,capacity_size,feature_candidate,true_after_pit_contract,announcement_pit_context,pit_feature_panel,announcement_date_plus_1_conservative,"join by announcement/update date, not report end date alone",lagged_level|rank_xsection|bucket|small_capacity_guard|liquidity_capacity_interaction
holder_num_detail,cn_public_xsection_no_kline_silver_v1_20260530\holder_num_detail\holder_num_detail.parquet,AVG_HOLD_NUM,other,feature_candidate,true_after_pit_contract,announcement_pit_context,pit_feature_panel,announcement_date_plus_1_conservative,"join by announcement/update date, not report end date alone",lagged_level|rank_xsection
holder_num_detail,cn_public_xsection_no_kline_silver_v1_20260530\holder_num_detail\holder_num_detail.parquet,TOTAL_MARKET_CAP,capacity_size,feature_candidate,true_after_pit_contract,announcement_pit_context,pit_feature_panel,announcement_date_plus_1_conservative,"join by announcement/update date, not report end date alone",lagged_level|rank_xsection|bucket|small_capacity_guard|liquidity_capacity_interaction
holder_num_detail,cn_public_xsection_no_kline_silver_v1_20260530\holder_num_detail\holder_num_detail.parquet,TOTAL_A_SHARES,capacity_size,feature_candidate,true_after_pit_contract,announcement_pit_context,pit_feature_panel,announcement_date_plus_1_conservative,"join by announcement/update date, not report end date alone",lagged_level|rank_xsection|bucket|small_capacity_guard|liquidity_capacity_interaction
holder_num_detail,cn_public_xsection_no_kline_silver_v1_20260530\holder_num_detail\holder_num_detail.parquet,HOLD_NOTICE_DATE,date_key,key,false_key_only,announcement_pit_context,pit_feature_panel,announcement_date_plus_1_conservative,"join by announcement/update date, not report end date alone",lagged_level|rank_xsection
holder_num_detail,cn_public_xsection_no_kline_silver_v1_20260530\holder_num_detail\holder_num_detail.parquet,HOLD_N_DATE,date_key,key,false_key_only,announcement_pit_context,pit_feature_panel,announcement_date_plus_1_conservative,"join by announcement/update date, not report end date alone",lagged_level|rank_xsection
holder_num_detail,cn_public_xsection_no_kline_silver_v1_20260530\holder_num_detail\holder_num_detail.parquet,CHANGE_SHARES,capacity_size,feature_candidate,true_after_pit_contract,announcement_pit_context,pit_feature_panel,announcement_date_plus_1_conservative,"join by announcement/update date, not report end date alone",lagged_level|rank_xsection|bucket|small_capacity_guard|liquidity_capacity_interaction
holder_num_detail,cn_public_xsection_no_kline_silver_v1_20260530\holder_num_detail\holder_num_detail.parquet,CHANGE_REASON,price_state,feature_candidate,true_after_pit_contract,announcement_pit_context,pit_feature_panel,announcement_date_plus_1_conservative,"join by announcement/update date, not report end date alone",lagged_momentum|mean_reversion|volatility|do_not_use_same_day_close_intraday
holder_num_detail,cn_public_xsection_no_kline_silver_v1_20260530\holder_num_detail\holder_num_detail.parquet,CLOSE_PRICE,price_state,feature_candidate,true_after_pit_contract,announcement_pit_context,pit_feature_panel,announcement_date_plus_1_conservative,"join by announcement/update date, not report end date alone",lagged_momentum|mean_reversion|volatility|do_not_use_same_day_close_intraday
holder_num_detail,cn_public_xsection_no_kline_silver_v1_20260530\holder_num_detail\holder_num_detail.parquet,TRADE_MARKET_CODE,other,feature_candidate,true_after_pit_contract,announcement_pit_context,pit_feature_panel,announcement_date_plus_1_conservative,"join by announcement/update date, not report end date alone",lagged_level|rank_xsection
holder_num_detail,cn_public_xsection_no_kline_silver_v1_20260530\holder_num_detail\holder_num_detail.parquet,ORG_CODE,other,feature_candidate,true_after_pit_contract,announcement_pit_context,pit_feature_panel,announcement_date_plus_1_conservative,"join by announcement/update date, not report end date alone",lagged_level|rank_xsection
holder_num_detail,cn_public_xsection_no_kline_silver_v1_20260530\holder_num_detail\holder_num_detail.parquet,REPORT,other,feature_candidate,true_after_pit_contract,announcement_pit_context,pit_feature_panel,announcement_date_plus_1_conservative,"join by announcement/update date, not report end date alone",lagged_level|rank_xsection
holder_num_detail,cn_public_xsection_no_kline_silver_v1_20260530\holder_num_detail\holder_num_detail.parquet,_source_file,other,feature_candidate,true_after_pit_contract,announcement_pit_context,pit_feature_panel,announcement_date_plus_1_conservative,"join by announcement/update date, not report end date alone",lagged_level|rank_xsection
holder_num_latest,cn_public_xsection_no_kline_silver_v1_20260530\holder_num_latest\holder_num_latest.parquet,SECURITY_CODE,instrument_key,key,false_key_only,announcement_pit_context,pit_feature_panel,announcement_date_plus_1_conservative,"join by announcement/update date, not report end date alone",lagged_level|rank_xsection
holder_num_latest,cn_public_xsection_no_kline_silver_v1_20260530\holder_num_latest\holder_num_latest.parquet,SECUCODE,instrument_key,key,false_key_only,announcement_pit_context,pit_feature_panel,announcement_date_plus_1_conservative,"join by announcement/update date, not report end date alone",lagged_level|rank_xsection
holder_num_latest,cn_public_xsection_no_kline_silver_v1_20260530\holder_num_latest\holder_num_latest.parquet,SECURITY_NAME_ABBR,other,feature_candidate,true_after_pit_contract,announcement_pit_context,pit_feature_panel,announcement_date_plus_1_conservative,"join by announcement/update date, not report end date alone",lagged_level|rank_xsection
holder_num_latest,cn_public_xsection_no_kline_silver_v1_20260530\holder_num_latest\holder_num_latest.parquet,HOLDER_NUM,other,feature_candidate,true_after_pit_contract,announcement_pit_context,pit_feature_panel,announcement_date_plus_1_conservative,"join by announcement/update date, not report end date alone",lagged_level|rank_xsection
holder_num_latest,cn_public_xsection_no_kline_silver_v1_20260530\holder_num_latest\holder_num_latest.parquet,PRE_HOLDER_NUM,other,feature_candidate,true_after_pit_contract,announcement_pit_context,pit_feature_panel,announcement_date_plus_1_conservative,"join by announcement/update date, not report end date alone",lagged_level|rank_xsection
holder_num_latest,cn_public_xsection_no_kline_silver_v1_20260530\holder_num_latest\holder_num_latest.parquet,HOLDER_NUM_CHANGE,price_state,feature_candidate,true_after_pit_contract,announcement_pit_context,pit_feature_panel,announcement_date_plus_1_conservative,"join by announcement/update date, not report end date alone",lagged_momentum|mean_reversion|volatility|do_not_use_same_day_close_intraday
holder_num_latest,cn_public_xsection_no_kline_silver_v1_20260530\holder_num_latest\holder_num_latest.parquet,HOLDER_NUM_RATIO,other,feature_candidate,true_after_pit_contract,announcement_pit_context,pit_feature_panel,announcement_date_plus_1_conservative,"join by announcement/update date, not report end date alone",lagged_level|rank_xsection
holder_num_latest,cn_public_xsection_no_kline_silver_v1_20260530\holder_num_latest\holder_num_latest.parquet,INTERVAL_CHRATE,other,feature_candidate,true_after_pit_contract,announcement_pit_context,pit_feature_panel,announcement_date_plus_1_conservative,"join by announcement/update date, not report end date alone",lagged_level|rank_xsection
holder_num_latest,cn_public_xsection_no_kline_silver_v1_20260530\holder_num_latest\holder_num_latest.parquet,END_DATE,date_key,key,false_key_only,announcement_pit_context,pit_feature_panel,announcement_date_plus_1_conservative,"join by announcement/update date, not report end date alone",lagged_level|rank_xsection
holder_num_latest,cn_public_xsection_no_kline_silver_v1_20260530\holder_num_latest\holder_num_latest.parquet,PRE_END_DATE,date_key,key,false_key_only,announcement_pit_context,pit_feature_panel,announcement_date_plus_1_conservative,"join by announcement/update date, not report end date alone",lagged_level|rank_xsection
holder_num_latest,cn_public_xsection_no_kline_silver_v1_20260530\holder_num_latest\holder_num_latest.parquet,PRE_E_DATE,date_key,key,false_key_only,announcement_pit_context,pit_feature_panel,announcement_date_plus_1_conservative,"join by announcement/update date, not report end date alone",lagged_level|rank_xsection
holder_num_latest,cn_public_xsection_no_kline_silver_v1_20260530\holder_num_latest\holder_num_latest.parquet,AVG_MARKET_CAP,capacity_size,feature_candidate,true_after_pit_contract,announcement_pit_context,pit_feature_panel,announcement_date_plus_1_conservative,"join by announcement/update date, not report end date alone",lagged_level|rank_xsection|bucket|small_capacity_guard|liquidity_capacity_interaction
holder_num_latest,cn_public_xsection_no_kline_silver_v1_20260530\holder_num_latest\holder_num_latest.parquet,AVG_HOLD_NUM,other,feature_candidate,true_after_pit_contract,announcement_pit_context,pit_feature_panel,announcement_date_plus_1_conservative,"join by announcement/update date, not report end date alone",lagged_level|rank_xsection
holder_num_latest,cn_public_xsection_no_kline_silver_v1_20260530\holder_num_latest\holder_num_latest.parquet,TOTAL_MARKET_CAP,capacity_size,feature_candidate,true_after_pit_contract,announcement_pit_context,pit_feature_panel,announcement_date_plus_1_conservative,"join by announcement/update date, not report end date alone",lagged_level|rank_xsection|bucket|small_capacity_guard|liquidity_capacity_interaction
holder_num_latest,cn_public_xsection_no_kline_silver_v1_20260530\holder_num_latest\holder_num_latest.parquet,TOTAL_A_SHARES,capacity_size,feature_candidate,true_after_pit_contract,announcement_pit_context,pit_feature_panel,announcement_date_plus_1_conservative,"join by announcement/update date, not report end date alone",lagged_level|rank_xsection|bucket|small_capacity_guard|liquidity_capacity_interaction
holder_num_latest,cn_public_xsection_no_kline_silver_v1_20260530\holder_num_latest\holder_num_latest.parquet,HOLD_NOTICE_DATE,date_key,key,false_key_only,announcement_pit_context,pit_feature_panel,announcement_date_plus_1_conservative,"join by announcement/update date, not report end date alone",lagged_level|rank_xsection
holder_num_latest,cn_public_xsection_no_kline_silver_v1_20260530\holder_num_latest\holder_num_latest.parquet,HOLD_N_DATE,date_key,key,false_key_only,announcement_pit_context,pit_feature_panel,announcement_date_plus_1_conservative,"join by announcement/update date, not report end date alone",lagged_level|rank_xsection
holder_num_latest,cn_public_xsection_no_kline_silver_v1_20260530\holder_num_latest\holder_num_latest.parquet,CHANGE_SHARES,capacity_size,feature_candidate,true_after_pit_contract,announcement_pit_context,pit_feature_panel,announcement_date_plus_1_conservative,"join by announcement/update date, not report end date alone",lagged_level|rank_xsection|bucket|small_capacity_guard|liquidity_capacity_interaction
holder_num_latest,cn_public_xsection_no_kline_silver_v1_20260530\holder_num_latest\holder_num_latest.parquet,CHANGE_REASON,price_state,feature_candidate,true_after_pit_contract,announcement_pit_context,pit_feature_panel,announcement_date_plus_1_conservative,"join by announcement/update date, not report end date alone",lagged_momentum|mean_reversion|volatility|do_not_use_same_day_close_intraday
holder_num_latest,cn_public_xsection_no_kline_silver_v1_20260530\holder_num_latest\holder_num_latest.parquet,CLOSE_PRICE,price_state,feature_candidate,true_after_pit_contract,announcement_pit_context,pit_feature_panel,announcement_date_plus_1_conservative,"join by announcement/update date, not report end date alone",lagged_momentum|mean_reversion|volatility|do_not_use_same_day_close_intraday
holder_num_latest,cn_public_xsection_no_kline_silver_v1_20260530\holder_num_latest\holder_num_latest.parquet,TRADE_MARKET_CODE,other,feature_candidate,true_after_pit_contract,announcement_pit_context,pit_feature_panel,announcement_date_plus_1_conservative,"join by announcement/update date, not report end date alone",lagged_level|rank_xsection
holder_num_latest,cn_public_xsection_no_kline_silver_v1_20260530\holder_num_latest\holder_num_latest.parquet,ORG_CODE,other,feature_candidate,true_after_pit_contract,announcement_pit_context,pit_feature_panel,announcement_date_plus_1_conservative,"join by announcement/update date, not report end date alone",lagged_level|rank_xsection
holder_num_latest,cn_public_xsection_no_kline_silver_v1_20260530\holder_num_latest\holder_num_latest.parquet,SECURITY_TYPE_CODE,fundamental,feature_candidate,true_after_pit_contract,announcement_pit_context,pit_feature_panel,announcement_date_plus_1_conservative,"join by announcement/update date, not report end date alone",notice_lagged_latest|quarter_delta|ttm_proxy|rank_xsection|winsorize
holder_num_latest,cn_public_xsection_no_kline_silver_v1_20260530\holder_num_latest\holder_num_latest.parquet,_source_file,other,feature_candidate,true_after_pit_contract,announcement_pit_context,pit_feature_panel,announcement_date_plus_1_conservative,"join by announcement/update date, not report end date alone",lagged_level|rank_xsection
rzrq_margin_xsection,cn_public_xsection_no_kline_silver_v1_20260530\rzrq_margin_xsection\rzrq_margin_xsection.parquet,DATE,date_key,key,false_key_only,lagged_daily_context,daily_factor_pack_and_minute_ctx,vendor_daily_plus_1_conservative,same-day RZRQ forbidden; use prior available date,lagged_level|rank_xsection
rzrq_margin_xsection,cn_public_xsection_no_kline_silver_v1_20260530\rzrq_margin_xsection\rzrq_margin_xsection.parquet,MARKET,price_state,feature_candidate,true_lagged_only,lagged_daily_context,daily_factor_pack_and_minute_ctx,vendor_daily_plus_1_conservative,same-day RZRQ forbidden; use prior available date,lagged_momentum|mean_reversion|volatility|do_not_use_same_day_close_intraday
rzrq_margin_xsection,cn_public_xsection_no_kline_silver_v1_20260530\rzrq_margin_xsection\rzrq_margin_xsection.parquet,SCODE,instrument_key,key,false_key_only,lagged_daily_context,daily_factor_pack_and_minute_ctx,vendor_daily_plus_1_conservative,same-day RZRQ forbidden; use prior available date,lagged_level|rank_xsection
rzrq_margin_xsection,cn_public_xsection_no_kline_silver_v1_20260530\rzrq_margin_xsection\rzrq_margin_xsection.parquet,SECNAME,other,feature_candidate,true_lagged_only,lagged_daily_context,daily_factor_pack_and_minute_ctx,vendor_daily_plus_1_conservative,same-day RZRQ forbidden; use prior available date,lagged_level|rank_xsection
rzrq_margin_xsection,cn_public_xsection_no_kline_silver_v1_20260530\rzrq_margin_xsection\rzrq_margin_xsection.parquet,RZYE,flow_liquidity,feature_candidate,true_lagged_only,lagged_daily_context,daily_factor_pack_and_minute_ctx,vendor_daily_plus_1_conservative,same-day RZRQ forbidden; use prior available date,lagged_level|delta_3_5_10|zscore_20|rank_xsection|ratio_to_float_mcap
rzrq_margin_xsection,cn_public_xsection_no_kline_silver_v1_20260530\rzrq_margin_xsection\rzrq_margin_xsection.parquet,RQYL,other,feature_candidate,true_lagged_only,lagged_daily_context,daily_factor_pack_and_minute_ctx,vendor_daily_plus_1_conservative,same-day RZRQ forbidden; use prior available date,lagged_level|rank_xsection
rzrq_margin_xsection,cn_public_xsection_no_kline_silver_v1_20260530\rzrq_margin_xsection\rzrq_margin_xsection.parquet,RZRQYE,flow_liquidity,feature_candidate,true_lagged_only,lagged_daily_context,daily_factor_pack_and_minute_ctx,vendor_daily_plus_1_conservative,same-day RZRQ forbidden; use prior available date,lagged_level|delta_3_5_10|zscore_20|rank_xsection|ratio_to_float_mcap
rzrq_margin_xsection,cn_public_xsection_no_kline_silver_v1_20260530\rzrq_margin_xsection\rzrq_margin_xsection.parquet,RQYE,flow_liquidity,feature_candidate,true_lagged_only,lagged_daily_context,daily_factor_pack_and_minute_ctx,vendor_daily_plus_1_conservative,same-day RZRQ forbidden; use prior available date,lagged_level|delta_3_5_10|zscore_20|rank_xsection|ratio_to_float_mcap
rzrq_margin_xsection,cn_public_xsection_no_kline_silver_v1_20260530\rzrq_margin_xsection\rzrq_margin_xsection.parquet,RQMCL,flow_liquidity,feature_candidate,true_lagged_only,lagged_daily_context,daily_factor_pack_and_minute_ctx,vendor_daily_plus_1_conservative,same-day RZRQ forbidden; use prior available date,lagged_level|delta_3_5_10|zscore_20|rank_xsection|ratio_to_float_mcap
rzrq_margin_xsection,cn_public_xsection_no_kline_silver_v1_20260530\rzrq_margin_xsection\rzrq_margin_xsection.parquet,RZRQYECZ,flow_liquidity,feature_candidate,true_lagged_only,lagged_daily_context,daily_factor_pack_and_minute_ctx,vendor_daily_plus_1_conservative,same-day RZRQ forbidden; use prior available date,lagged_level|delta_3_5_10|zscore_20|rank_xsection|ratio_to_float_mcap
rzrq_margin_xsection,cn_public_xsection_no_kline_silver_v1_20260530\rzrq_margin_xsection\rzrq_margin_xsection.parquet,RZMRE,flow_liquidity,feature_candidate,true_lagged_only,lagged_daily_context,daily_factor_pack_and_minute_ctx,vendor_daily_plus_1_conservative,same-day RZRQ forbidden; use prior available date,lagged_level|delta_3_5_10|zscore_20|rank_xsection|ratio_to_float_mcap
rzrq_margin_xsection,cn_public_xsection_no_kline_silver_v1_20260530\rzrq_margin_xsection\rzrq_margin_xsection.parquet,SZ,other,feature_candidate,true_lagged_only,lagged_daily_context,daily_factor_pack_and_minute_ctx,vendor_daily_plus_1_conservative,same-day RZRQ forbidden; use prior available date,lagged_level|rank_xsection
rzrq_margin_xsection,cn_public_xsection_no_kline_silver_v1_20260530\rzrq_margin_xsection\rzrq_margin_xsection.parquet,RZYEZB,flow_liquidity,feature_candidate,true_lagged_only,lagged_daily_context,daily_factor_pack_and_minute_ctx,vendor_daily_plus_1_conservative,same-day RZRQ forbidden; use prior available date,lagged_level|delta_3_5_10|zscore_20|rank_xsection|ratio_to_float_mcap
rzrq_margin_xsection,cn_public_xsection_no_kline_silver_v1_20260530\rzrq_margin_xsection\rzrq_margin_xsection.parquet,RZMRE3D,flow_liquidity,feature_candidate,true_lagged_only,lagged_daily_context,daily_factor_pack_and_minute_ctx,vendor_daily_plus_1_conservative,same-day RZRQ forbidden; use prior available date,lagged_level|delta_3_5_10|zscore_20|rank_xsection|ratio_to_float_mcap
rzrq_margin_xsection,cn_public_xsection_no_kline_silver_v1_20260530\rzrq_margin_xsection\rzrq_margin_xsection.parquet,RZMRE5D,flow_liquidity,feature_candidate,true_lagged_only,lagged_daily_context,daily_factor_pack_and_minute_ctx,vendor_daily_plus_1_conservative,same-day RZRQ forbidden; use prior available date,lagged_level|delta_3_5_10|zscore_20|rank_xsection|ratio_to_float_mcap
rzrq_margin_xsection,cn_public_xsection_no_kline_silver_v1_20260530\rzrq_margin_xsection\rzrq_margin_xsection.parquet,RZMRE10D,flow_liquidity,feature_candidate,true_lagged_only,lagged_daily_context,daily_factor_pack_and_minute_ctx,vendor_daily_plus_1_conservative,same-day RZRQ forbidden; use prior available date,lagged_level|delta_3_5_10|zscore_20|rank_xsection|ratio_to_float_mcap
rzrq_margin_xsection,cn_public_xsection_no_kline_silver_v1_20260530\rzrq_margin_xsection\rzrq_margin_xsection.parquet,RZCHE,flow_liquidity,feature_candidate,true_lagged_only,lagged_daily_context,daily_factor_pack_and_minute_ctx,vendor_daily_plus_1_conservative,same-day RZRQ forbidden; use prior available date,lagged_level|delta_3_5_10|zscore_20|rank_xsection|ratio_to_float_mcap
rzrq_margin_xsection,cn_public_xsection_no_kline_silver_v1_20260530\rzrq_margin_xsection\rzrq_margin_xsection.parquet,RZCHE3D,flow_liquidity,feature_candidate,true_lagged_only,lagged_daily_context,daily_factor_pack_and_minute_ctx,vendor_daily_plus_1_conservative,same-day RZRQ forbidden; use prior available date,lagged_level|delta_3_5_10|zscore_20|rank_xsection|ratio_to_float_mcap
rzrq_margin_xsection,cn_public_xsection_no_kline_silver_v1_20260530\rzrq_margin_xsection\rzrq_margin_xsection.parquet,RZCHE5D,flow_liquidity,feature_candidate,true_lagged_only,lagged_daily_context,daily_factor_pack_and_minute_ctx,vendor_daily_plus_1_conservative,same-day RZRQ forbidden; use prior available date,lagged_level|delta_3_5_10|zscore_20|rank_xsection|ratio_to_float_mcap
rzrq_margin_xsection,cn_public_xsection_no_kline_silver_v1_20260530\rzrq_margin_xsection\rzrq_margin_xsection.parquet,RZCHE10D,flow_liquidity,feature_candidate,true_lagged_only,lagged_daily_context,daily_factor_pack_and_minute_ctx,vendor_daily_plus_1_conservative,same-day RZRQ forbidden; use prior available date,lagged_level|delta_3_5_10|zscore_20|rank_xsection|ratio_to_float_mcap
rzrq_margin_xsection,cn_public_xsection_no_kline_silver_v1_20260530\rzrq_margin_xsection\rzrq_margin_xsection.parquet,RZJME,flow_liquidity,feature_candidate,true_lagged_only,lagged_daily_context,daily_factor_pack_and_minute_ctx,vendor_daily_plus_1_conservative,same-day RZRQ forbidden; use prior available date,lagged_level|delta_3_5_10|zscore_20|rank_xsection|ratio_to_float_mcap
rzrq_margin_xsection,cn_public_xsection_no_kline_silver_v1_20260530\rzrq_margin_xsection\rzrq_margin_xsection.parquet,RZJME3D,flow_liquidity,feature_candidate,true_lagged_only,lagged_daily_context,daily_factor_pack_and_minute_ctx,vendor_daily_plus_1_conservative,same-day RZRQ forbidden; use prior available date,lagged_level|delta_3_5_10|zscore_20|rank_xsection|ratio_to_float_mcap
rzrq_margin_xsection,cn_public_xsection_no_kline_silver_v1_20260530\rzrq_margin_xsection\rzrq_margin_xsection.parquet,RZJME5D,flow_liquidity,feature_candidate,true_lagged_only,lagged_daily_context,daily_factor_pack_and_minute_ctx,vendor_daily_plus_1_conservative,same-day RZRQ forbidden; use prior available date,lagged_level|delta_3_5_10|zscore_20|rank_xsection|ratio_to_float_mcap
rzrq_margin_xsection,cn_public_xsection_no_kline_silver_v1_20260530\rzrq_margin_xsection\rzrq_margin_xsection.parquet,RZJME10D,flow_liquidity,feature_candidate,true_lagged_only,lagged_daily_context,daily_factor_pack_and_minute_ctx,vendor_daily_plus_1_conservative,same-day RZRQ forbidden; use prior available date,lagged_level|delta_3_5_10|zscore_20|rank_xsection|ratio_to_float_mcap
rzrq_margin_xsection,cn_public_xsection_no_kline_silver_v1_20260530\rzrq_margin_xsection\rzrq_margin_xsection.parquet,RQMCL3D,flow_liquidity,feature_candidate,true_lagged_only,lagged_daily_context,daily_factor_pack_and_minute_ctx,vendor_daily_plus_1_conservative,same-day RZRQ forbidden; use prior available date,lagged_level|delta_3_5_10|zscore_20|rank_xsection|ratio_to_float_mcap
rzrq_margin_xsection,cn_public_xsection_no_kline_silver_v1_20260530\rzrq_margin_xsection\rzrq_margin_xsection.parquet,RQMCL5D,flow_liquidity,feature_candidate,true_lagged_only,lagged_daily_context,daily_factor_pack_and_minute_ctx,vendor_daily_plus_1_conservative,same-day RZRQ forbidden; use prior available date,lagged_level|delta_3_5_10|zscore_20|rank_xsection|ratio_to_float_mcap
rzrq_margin_xsection,cn_public_xsection_no_kline_silver_v1_20260530\rzrq_margin_xsection\rzrq_margin_xsection.parquet,RQMCL10D,flow_liquidity,feature_candidate,true_lagged_only,lagged_daily_context,daily_factor_pack_and_minute_ctx,vendor_daily_plus_1_conservative,same-day RZRQ forbidden; use prior available date,lagged_level|delta_3_5_10|zscore_20|rank_xsection|ratio_to_float_mcap
rzrq_margin_xsection,cn_public_xsection_no_kline_silver_v1_20260530\rzrq_margin_xsection\rzrq_margin_xsection.parquet,RQCHL,flow_liquidity,feature_candidate,true_lagged_only,lagged_daily_context,daily_factor_pack_and_minute_ctx,vendor_daily_plus_1_conservative,same-day RZRQ forbidden; use prior available date,lagged_level|delta_3_5_10|zscore_20|rank_xsection|ratio_to_float_mcap
rzrq_margin_xsection,cn_public_xsection_no_kline_silver_v1_20260530\rzrq_margin_xsection\rzrq_margin_xsection.parquet,RQCHL3D,flow_liquidity,feature_candidate,true_lagged_only,lagged_daily_context,daily_factor_pack_and_minute_ctx,vendor_daily_plus_1_conservative,same-day RZRQ forbidden; use prior available date,lagged_level|delta_3_5_10|zscore_20|rank_xsection|ratio_to_float_mcap
rzrq_margin_xsection,cn_public_xsection_no_kline_silver_v1_20260530\rzrq_margin_xsection\rzrq_margin_xsection.parquet,RQCHL5D,flow_liquidity,feature_candidate,true_lagged_only,lagged_daily_context,daily_factor_pack_and_minute_ctx,vendor_daily_plus_1_conservative,same-day RZRQ forbidden; use prior available date,lagged_level|delta_3_5_10|zscore_20|rank_xsection|ratio_to_float_mcap
rzrq_margin_xsection,cn_public_xsection_no_kline_silver_v1_20260530\rzrq_margin_xsection\rzrq_margin_xsection.parquet,RQCHL10D,flow_liquidity,feature_candidate,true_lagged_only,lagged_daily_context,daily_factor_pack_and_minute_ctx,vendor_daily_plus_1_conservative,same-day RZRQ forbidden; use prior available date,lagged_level|delta_3_5_10|zscore_20|rank_xsection|ratio_to_float_mcap
rzrq_margin_xsection,cn_public_xsection_no_kline_silver_v1_20260530\rzrq_margin_xsection\rzrq_margin_xsection.parquet,RQJMG,flow_liquidity,feature_candidate,true_lagged_only,lagged_daily_context,daily_factor_pack_and_minute_ctx,vendor_daily_plus_1_conservative,same-day RZRQ forbidden; use prior available date,lagged_level|delta_3_5_10|zscore_20|rank_xsection|ratio_to_float_mcap
rzrq_margin_xsection,cn_public_xsection_no_kline_silver_v1_20260530\rzrq_margin_xsection\rzrq_margin_xsection.parquet,RQJMG3D,flow_liquidity,feature_candidate,true_lagged_only,lagged_daily_context,daily_factor_pack_and_minute_ctx,vendor_daily_plus_1_conservative,same-day RZRQ forbidden; use prior available date,lagged_level|delta_3_5_10|zscore_20|rank_xsection|ratio_to_float_mcap
rzrq_margin_xsection,cn_public_xsection_no_kline_silver_v1_20260530\rzrq_margin_xsection\rzrq_margin_xsection.parquet,RQJMG5D,flow_liquidity,feature_candidate,true_lagged_only,lagged_daily_context,daily_factor_pack_and_minute_ctx,vendor_daily_plus_1_conservative,same-day RZRQ forbidden; use prior available date,lagged_level|delta_3_5_10|zscore_20|rank_xsection|ratio_to_float_mcap
rzrq_margin_xsection,cn_public_xsection_no_kline_silver_v1_20260530\rzrq_margin_xsection\rzrq_margin_xsection.parquet,RQJMG10D,flow_liquidity,feature_candidate,true_lagged_only,lagged_daily_context,daily_factor_pack_and_minute_ctx,vendor_daily_plus_1_conservative,same-day RZRQ forbidden; use prior available date,lagged_level|delta_3_5_10|zscore_20|rank_xsection|ratio_to_float_mcap
rzrq_margin_xsection,cn_public_xsection_no_kline_silver_v1_20260530\rzrq_margin_xsection\rzrq_margin_xsection.parquet,SPJ,other,feature_candidate,true_lagged_only,lagged_daily_context,daily_factor_pack_and_minute_ctx,vendor_daily_plus_1_conservative,same-day RZRQ forbidden; use prior available date,lagged_level|rank_xsection
rzrq_margin_xsection,cn_public_xsection_no_kline_silver_v1_20260530\rzrq_margin_xsection\rzrq_margin_xsection.parquet,ZDF,other,feature_candidate,true_lagged_only,lagged_daily_context,daily_factor_pack_and_minute_ctx,vendor_daily_plus_1_conservative,same-day RZRQ forbidden; use prior available date,lagged_level|rank_xsection
rzrq_margin_xsection,cn_public_xsection_no_kline_silver_v1_20260530\rzrq_margin_xsection\rzrq_margin_xsection.parquet,RCHANGE3DCP,price_state,feature_candidate,true_lagged_only,lagged_daily_context,daily_factor_pack_and_minute_ctx,vendor_daily_plus_1_conservative,same-day RZRQ forbidden; use prior available date,lagged_momentum|mean_reversion|volatility|do_not_use_same_day_close_intraday
rzrq_margin_xsection,cn_public_xsection_no_kline_silver_v1_20260530\rzrq_margin_xsection\rzrq_margin_xsection.parquet,RCHANGE5DCP,price_state,feature_candidate,true_lagged_only,lagged_daily_context,daily_factor_pack_and_minute_ctx,vendor_daily_plus_1_conservative,same-day RZRQ forbidden; use prior available date,lagged_momentum|mean_reversion|volatility|do_not_use_same_day_close_intraday
rzrq_margin_xsection,cn_public_xsection_no_kline_silver_v1_20260530\rzrq_margin_xsection\rzrq_margin_xsection.parquet,RCHANGE10DCP,price_state,feature_candidate,true_lagged_only,lagged_daily_context,daily_factor_pack_and_minute_ctx,vendor_daily_plus_1_conservative,same-day RZRQ forbidden; use prior available date,lagged_momentum|mean_reversion|volatility|do_not_use_same_day_close_intraday
rzrq_margin_xsection,cn_public_xsection_no_kline_silver_v1_20260530\rzrq_margin_xsection\rzrq_margin_xsection.parquet,KCB,other,feature_candidate,true_lagged_only,lagged_daily_context,daily_factor_pack_and_minute_ctx,vendor_daily_plus_1_conservative,same-day RZRQ forbidden; use prior available date,lagged_level|rank_xsection
rzrq_margin_xsection,cn_public_xsection_no_kline_silver_v1_20260530\rzrq_margin_xsection\rzrq_margin_xsection.parquet,TRADE_MARKET_CODE,other,feature_candidate,true_lagged_only,lagged_daily_context,daily_factor_pack_and_minute_ctx,vendor_daily_plus_1_conservative,same-day RZRQ forbidden; use prior available date,lagged_level|rank_xsection
rzrq_margin_xsection,cn_public_xsection_no_kline_silver_v1_20260530\rzrq_margin_xsection\rzrq_margin_xsection.parquet,TRADE_MARKET,other,feature_candidate,true_lagged_only,lagged_daily_context,daily_factor_pack_and_minute_ctx,vendor_daily_plus_1_conservative,same-day RZRQ forbidden; use prior available date,lagged_level|rank_xsection
rzrq_margin_xsection,cn_public_xsection_no_kline_silver_v1_20260530\rzrq_margin_xsection\rzrq_margin_xsection.parquet,FIN_BALANCE_GR,other,feature_candidate,true_lagged_only,lagged_daily_context,daily_factor_pack_and_minute_ctx,vendor_daily_plus_1_conservative,same-day RZRQ forbidden; use prior available date,lagged_level|rank_xsection
rzrq_margin_xsection,cn_public_xsection_no_kline_silver_v1_20260530\rzrq_margin_xsection\rzrq_margin_xsection.parquet,SECUCODE,instrument_key,key,false_key_only,lagged_daily_context,daily_factor_pack_and_minute_ctx,vendor_daily_plus_1_conservative,same-day RZRQ forbidden; use prior available date,lagged_level|rank_xsection
rzrq_margin_xsection,cn_public_xsection_no_kline_silver_v1_20260530\rzrq_margin_xsection\rzrq_margin_xsection.parquet,_source_file,other,feature_candidate,true_lagged_only,lagged_daily_context,daily_factor_pack_and_minute_ctx,vendor_daily_plus_1_conservative,same-day RZRQ forbidden; use prior available date,lagged_level|rank_xsection
stock_calendar,cn_public_xsection_no_kline_silver_v1_20260530\stock_calendar\stock_calendar.parquet,SECUCODE,instrument_key,key,false_key_only,tradability_calendar_context,universe_filter_and_diagnostic,calendar_metadata,"tradability/universe metadata, not alpha signal unless separately proven",lagged_level|rank_xsection
stock_calendar,cn_public_xsection_no_kline_silver_v1_20260530\stock_calendar\stock_calendar.parquet,SECURITY_CODE,instrument_key,key,false_key_only,tradability_calendar_context,universe_filter_and_diagnostic,calendar_metadata,"tradability/universe metadata, not alpha signal unless separately proven",lagged_level|rank_xsection
stock_calendar,cn_public_xsection_no_kline_silver_v1_20260530\stock_calendar\stock_calendar.parquet,SECURITY_INNER_CODE,other,feature_candidate,false_universe_control_only,tradability_calendar_context,universe_filter_and_diagnostic,calendar_metadata,"tradability/universe metadata, not alpha signal unless separately proven",lagged_level|rank_xsection
stock_calendar,cn_public_xsection_no_kline_silver_v1_20260530\stock_calendar\stock_calendar.parquet,ORG_CODE,other,feature_candidate,false_universe_control_only,tradability_calendar_context,universe_filter_and_diagnostic,calendar_metadata,"tradability/universe metadata, not alpha signal unless separately proven",lagged_level|rank_xsection
stock_calendar,cn_public_xsection_no_kline_silver_v1_20260530\stock_calendar\stock_calendar.parquet,NOTICE_DATE,date_key,key,false_key_only,tradability_calendar_context,universe_filter_and_diagnostic,calendar_metadata,"tradability/universe metadata, not alpha signal unless separately proven",lagged_level|rank_xsection
stock_calendar,cn_public_xsection_no_kline_silver_v1_20260530\stock_calendar\stock_calendar.parquet,INFO_CODE,other,feature_candidate,false_universe_control_only,tradability_calendar_context,universe_filter_and_diagnostic,calendar_metadata,"tradability/universe metadata, not alpha signal unless separately proven",lagged_level|rank_xsection
stock_calendar,cn_public_xsection_no_kline_silver_v1_20260530\stock_calendar\stock_calendar.parquet,EVENT_TYPE,fundamental,feature_candidate,false_universe_control_only,tradability_calendar_context,universe_filter_and_diagnostic,calendar_metadata,"tradability/universe metadata, not alpha signal unless separately proven",notice_lagged_latest|quarter_delta|ttm_proxy|rank_xsection|winsorize
stock_calendar,cn_public_xsection_no_kline_silver_v1_20260530\stock_calendar\stock_calendar.parquet,EVENT_TYPE_CODE,fundamental,feature_candidate,false_universe_control_only,tradability_calendar_context,universe_filter_and_diagnostic,calendar_metadata,"tradability/universe metadata, not alpha signal unless separately proven",notice_lagged_latest|quarter_delta|ttm_proxy|rank_xsection|winsorize
stock_calendar,cn_public_xsection_no_kline_silver_v1_20260530\stock_calendar\stock_calendar.parquet,LEVEL1_CONTENT,other,feature_candidate,false_universe_control_only,tradability_calendar_context,universe_filter_and_diagnostic,calendar_metadata,"tradability/universe metadata, not alpha signal unless separately proven",lagged_level|rank_xsection
stock_calendar,cn_public_xsection_no_kline_silver_v1_20260530\stock_calendar\stock_calendar.parquet,CHANGE_RATE,price_state,feature_candidate,false_universe_control_only,tradability_calendar_context,universe_filter_and_diagnostic,calendar_metadata,"tradability/universe metadata, not alpha signal unless separately proven",lagged_momentum|mean_reversion|volatility|do_not_use_same_day_close_intraday
stock_calendar,cn_public_xsection_no_kline_silver_v1_20260530\stock_calendar\stock_calendar.parquet,CLOSE_PRICE,price_state,feature_candidate,false_universe_control_only,tradability_calendar_context,universe_filter_and_diagnostic,calendar_metadata,"tradability/universe metadata, not alpha signal unless separately proven",lagged_momentum|mean_reversion|volatility|do_not_use_same_day_close_intraday
stock_calendar,cn_public_xsection_no_kline_silver_v1_20260530\stock_calendar\stock_calendar.parquet,DAILY_RANK,other,feature_candidate,false_universe_control_only,tradability_calendar_context,universe_filter_and_diagnostic,calendar_metadata,"tradability/universe metadata, not alpha signal unless separately proven",lagged_level|rank_xsection
stock_calendar,cn_public_xsection_no_kline_silver_v1_20260530\stock_calendar\stock_calendar.parquet,_source_file,other,feature_candidate,false_universe_control_only,tradability_calendar_context,universe_filter_and_diagnostic,calendar_metadata,"tradability/universe metadata, not alpha signal unless separately proven",lagged_level|rank_xsection
review_uplimit_reason,cn_zzshare_uplimit_history_silver_v1_20260531\review_uplimit_reason\review_uplimit_reason.parquet,plate_code,industry_theme,feature_candidate,true_after_cutoff_only,timestamped_stock_intraday_event,minute_event_alignment_and_event_factor_pack,usable_at_or_after_up_limit_time_cutoff,same-day use before event timestamp is leakage; reason text requires separate NLP contract,group_neutralizer|group_density|theme_strength_lagged
review_uplimit_reason,cn_zzshare_uplimit_history_silver_v1_20260531\review_uplimit_reason\review_uplimit_reason.parquet,plate_name,industry_theme,feature_candidate,true_after_cutoff_only,timestamped_stock_intraday_event,minute_event_alignment_and_event_factor_pack,usable_at_or_after_up_limit_time_cutoff,same-day use before event timestamp is leakage; reason text requires separate NLP contract,group_neutralizer|group_density|theme_strength_lagged
review_uplimit_reason,cn_zzshare_uplimit_history_silver_v1_20260531\review_uplimit_reason\review_uplimit_reason.parquet,plate_score,industry_theme,feature_candidate,true_after_cutoff_only,timestamped_stock_intraday_event,minute_event_alignment_and_event_factor_pack,usable_at_or_after_up_limit_time_cutoff,same-day use before event timestamp is leakage; reason text requires separate NLP contract,group_neutralizer|group_density|theme_strength_lagged
review_uplimit_reason,cn_zzshare_uplimit_history_silver_v1_20260531\review_uplimit_reason\review_uplimit_reason.parquet,id,other,feature_candidate,true_after_cutoff_only,timestamped_stock_intraday_event,minute_event_alignment_and_event_factor_pack,usable_at_or_after_up_limit_time_cutoff,same-day use before event timestamp is leakage; reason text requires separate NLP contract,lagged_level|rank_xsection
review_uplimit_reason,cn_zzshare_uplimit_history_silver_v1_20260531\review_uplimit_reason\review_uplimit_reason.parquet,date1,date_key,key,false_key_only,timestamped_stock_intraday_event,minute_event_alignment_and_event_factor_pack,usable_at_or_after_up_limit_time_cutoff,same-day use before event timestamp is leakage; reason text requires separate NLP contract,lagged_level|rank_xsection
review_uplimit_reason,cn_zzshare_uplimit_history_silver_v1_20260531\review_uplimit_reason\review_uplimit_reason.parquet,stock_code,instrument_key,key,false_key_only,timestamped_stock_intraday_event,minute_event_alignment_and_event_factor_pack,usable_at_or_after_up_limit_time_cutoff,same-day use before event timestamp is leakage; reason text requires separate NLP contract,lagged_level|rank_xsection
review_uplimit_reason,cn_zzshare_uplimit_history_silver_v1_20260531\review_uplimit_reason\review_uplimit_reason.parquet,stock_name,other,feature_candidate,true_after_cutoff_only,timestamped_stock_intraday_event,minute_event_alignment_and_event_factor_pack,usable_at_or_after_up_limit_time_cutoff,same-day use before event timestamp is leakage; reason text requires separate NLP contract,lagged_level|rank_xsection
review_uplimit_reason,cn_zzshare_uplimit_history_silver_v1_20260531\review_uplimit_reason\review_uplimit_reason.parquet,stock_price,other,feature_candidate,true_after_cutoff_only,timestamped_stock_intraday_event,minute_event_alignment_and_event_factor_pack,usable_at_or_after_up_limit_time_cutoff,same-day use before event timestamp is leakage; reason text requires separate NLP contract,lagged_level|rank_xsection
review_uplimit_reason,cn_zzshare_uplimit_history_silver_v1_20260531\review_uplimit_reason\review_uplimit_reason.parquet,up_limit_keep_times,limit_event,feature_candidate,true_after_cutoff_only,timestamped_stock_intraday_event,minute_event_alignment_and_event_factor_pack,usable_at_or_after_up_limit_time_cutoff,same-day use before event timestamp is leakage; reason text requires separate NLP contract,cutoff_flags|event_age|streak_lifecycle|open_board_transition|source_lane_cap
review_uplimit_reason,cn_zzshare_uplimit_history_silver_v1_20260531\review_uplimit_reason\review_uplimit_reason.parquet,up_limit_desc,limit_event,feature_candidate,true_after_cutoff_only,timestamped_stock_intraday_event,minute_event_alignment_and_event_factor_pack,usable_at_or_after_up_limit_time_cutoff,same-day use before event timestamp is leakage; reason text requires separate NLP contract,cutoff_flags|event_age|streak_lifecycle|open_board_transition|source_lane_cap
review_uplimit_reason,cn_zzshare_uplimit_history_silver_v1_20260531\review_uplimit_reason\review_uplimit_reason.parquet,up_limit_type,limit_event,feature_candidate,true_after_cutoff_only,timestamped_stock_intraday_event,minute_event_alignment_and_event_factor_pack,usable_at_or_after_up_limit_time_cutoff,same-day use before event timestamp is leakage; reason text requires separate NLP contract,cutoff_flags|event_age|streak_lifecycle|open_board_transition|source_lane_cap
review_uplimit_reason,cn_zzshare_uplimit_history_silver_v1_20260531\review_uplimit_reason\review_uplimit_reason.parquet,up_limit_time,limit_event,feature_candidate,true_after_cutoff_only,timestamped_stock_intraday_event,minute_event_alignment_and_event_factor_pack,usable_at_or_after_up_limit_time_cutoff,same-day use before event timestamp is leakage; reason text requires separate NLP contract,cutoff_flags|event_age|streak_lifecycle|open_board_transition|source_lane_cap
review_uplimit_reason,cn_zzshare_uplimit_history_silver_v1_20260531\review_uplimit_reason\review_uplimit_reason.parquet,reason,other,feature_candidate,true_after_cutoff_only,timestamped_stock_intraday_event,minute_event_alignment_and_event_factor_pack,usable_at_or_after_up_limit_time_cutoff,same-day use before event timestamp is leakage; reason text requires separate NLP contract,lagged_level|rank_xsection
review_uplimit_reason,cn_zzshare_uplimit_history_silver_v1_20260531\review_uplimit_reason\review_uplimit_reason.parquet,fengdan_volumn,limit_event,feature_candidate,true_after_cutoff_only,timestamped_stock_intraday_event,minute_event_alignment_and_event_factor_pack,usable_at_or_after_up_limit_time_cutoff,same-day use before event timestamp is leakage; reason text requires separate NLP contract,cutoff_flags|event_age|streak_lifecycle|open_board_transition|source_lane_cap
review_uplimit_reason,cn_zzshare_uplimit_history_silver_v1_20260531\review_uplimit_reason\review_uplimit_reason.parquet,fengdan_money,limit_event,feature_candidate,true_after_cutoff_only,timestamped_stock_intraday_event,minute_event_alignment_and_event_factor_pack,usable_at_or_after_up_limit_time_cutoff,same-day use before event timestamp is leakage; reason text requires separate NLP contract,cutoff_flags|event_age|streak_lifecycle|open_board_transition|source_lane_cap
review_uplimit_reason,cn_zzshare_uplimit_history_silver_v1_20260531\review_uplimit_reason\review_uplimit_reason.parquet,fengdan_rate,limit_event,feature_candidate,true_after_cutoff_only,timestamped_stock_intraday_event,minute_event_alignment_and_event_factor_pack,usable_at_or_after_up_limit_time_cutoff,same-day use before event timestamp is leakage; reason text requires separate NLP contract,cutoff_flags|event_age|streak_lifecycle|open_board_transition|source_lane_cap
review_uplimit_reason,cn_zzshare_uplimit_history_silver_v1_20260531\review_uplimit_reason\review_uplimit_reason.parquet,feng_circulation_rate,capacity_size,feature_candidate,true_after_cutoff_only,timestamped_stock_intraday_event,minute_event_alignment_and_event_factor_pack,usable_at_or_after_up_limit_time_cutoff,same-day use before event timestamp is leakage; reason text requires separate NLP contract,lagged_level|rank_xsection|bucket|small_capacity_guard|liquidity_capacity_interaction
review_uplimit_reason,cn_zzshare_uplimit_history_silver_v1_20260531\review_uplimit_reason\review_uplimit_reason.parquet,actualcirculation_value,capacity_size,feature_candidate,true_after_cutoff_only,timestamped_stock_intraday_event,minute_event_alignment_and_event_factor_pack,usable_at_or_after_up_limit_time_cutoff,same-day use before event timestamp is leakage; reason text requires separate NLP contract,lagged_level|rank_xsection|bucket|small_capacity_guard|liquidity_capacity_interaction
review_uplimit_reason,cn_zzshare_uplimit_history_silver_v1_20260531\review_uplimit_reason\review_uplimit_reason.parquet,turnover_ration_real,flow_liquidity,feature_candidate,true_after_cutoff_only,timestamped_stock_intraday_event,minute_event_alignment_and_event_factor_pack,usable_at_or_after_up_limit_time_cutoff,same-day use before event timestamp is leakage; reason text requires separate NLP contract,lagged_level|delta_3_5_10|zscore_20|rank_xsection|ratio_to_float_mcap
review_uplimit_reason,cn_zzshare_uplimit_history_silver_v1_20260531\review_uplimit_reason\review_uplimit_reason.parquet,market_type,fundamental,feature_candidate,true_after_cutoff_only,timestamped_stock_intraday_event,minute_event_alignment_and_event_factor_pack,usable_at_or_after_up_limit_time_cutoff,same-day use before event timestamp is leakage; reason text requires separate NLP contract,notice_lagged_latest|quarter_delta|ttm_proxy|rank_xsection|winsorize
review_uplimit_reason,cn_zzshare_uplimit_history_silver_v1_20260531\review_uplimit_reason\review_uplimit_reason.parquet,amount,flow_liquidity,feature_candidate,true_after_cutoff_only,timestamped_stock_intraday_event,minute_event_alignment_and_event_factor_pack,usable_at_or_after_up_limit_time_cutoff,same-day use before event timestamp is leakage; reason text requires separate NLP contract,lagged_level|delta_3_5_10|zscore_20|rank_xsection|ratio_to_float_mcap
review_uplimit_reason,cn_zzshare_uplimit_history_silver_v1_20260531\review_uplimit_reason\review_uplimit_reason.parquet,_source_file,other,feature_candidate,true_after_cutoff_only,timestamped_stock_intraday_event,minute_event_alignment_and_event_factor_pack,usable_at_or_after_up_limit_time_cutoff,same-day use before event timestamp is leakage; reason text requires separate NLP contract,lagged_level|rank_xsection
review_uplimit_reason_open,cn_zzshare_uplimit_history_silver_v1_20260531\review_uplimit_reason_open\review_uplimit_reason_open.parquet,date,date_key,key,false_key_only,manual_contract_required,blocked_until_registry_review,unknown,manual review required,lagged_level|rank_xsection
review_uplimit_reason_open,cn_zzshare_uplimit_history_silver_v1_20260531\review_uplimit_reason_open\review_uplimit_reason_open.parquet,stock_code,instrument_key,key,false_key_only,manual_contract_required,blocked_until_registry_review,unknown,manual review required,lagged_level|rank_xsection
review_uplimit_reason_open,cn_zzshare_uplimit_history_silver_v1_20260531\review_uplimit_reason_open\review_uplimit_reason_open.parquet,stock_name,other,blocked,false_until_contract,manual_contract_required,blocked_until_registry_review,unknown,manual review required,lagged_level|rank_xsection
review_uplimit_reason_open,cn_zzshare_uplimit_history_silver_v1_20260531\review_uplimit_reason_open\review_uplimit_reason_open.parquet,reason,other,blocked,false_until_contract,manual_contract_required,blocked_until_registry_review,unknown,manual review required,lagged_level|rank_xsection
review_uplimit_reason_open,cn_zzshare_uplimit_history_silver_v1_20260531\review_uplimit_reason_open\review_uplimit_reason_open.parquet,_source_file,other,blocked,false_until_contract,manual_contract_required,blocked_until_registry_review,unknown,manual review required,lagged_level|rank_xsection
updown_distribution,cn_zzshare_uplimit_history_silver_v1_20260531\updown_distribution\updown_distribution.parquet,date,date_key,key,false_key_only,lagged_market_regime_context,regime_panel_and_daily_factor_pack,trade_date_plus_1_conservative,daily market summary; do not use same-day for open/morning decisions,lagged_level|rank_xsection
updown_distribution,cn_zzshare_uplimit_history_silver_v1_20260531\updown_distribution\updown_distribution.parquet,_source_file,other,feature_candidate,true_lagged_only,lagged_market_regime_context,regime_panel_and_daily_factor_pack,trade_date_plus_1_conservative,daily market summary; do not use same-day for open/morning decisions,lagged_level|rank_xsection
updown_distribution,cn_zzshare_uplimit_history_silver_v1_20260531\updown_distribution\updown_distribution.parquet,-1,other,feature_candidate,true_lagged_only,lagged_market_regime_context,regime_panel_and_daily_factor_pack,trade_date_plus_1_conservative,daily market summary; do not use same-day for open/morning decisions,lagged_level|rank_xsection
updown_distribution,cn_zzshare_uplimit_history_silver_v1_20260531\updown_distribution\updown_distribution.parquet,-10,other,feature_candidate,true_lagged_only,lagged_market_regime_context,regime_panel_and_daily_factor_pack,trade_date_plus_1_conservative,daily market summary; do not use same-day for open/morning decisions,lagged_level|rank_xsection
updown_distribution,cn_zzshare_uplimit_history_silver_v1_20260531\updown_distribution\updown_distribution.parquet,-2,other,feature_candidate,true_lagged_only,lagged_market_regime_context,regime_panel_and_daily_factor_pack,trade_date_plus_1_conservative,daily market summary; do not use same-day for open/morning decisions,lagged_level|rank_xsection
updown_distribution,cn_zzshare_uplimit_history_silver_v1_20260531\updown_distribution\updown_distribution.parquet,-3,other,feature_candidate,true_lagged_only,lagged_market_regime_context,regime_panel_and_daily_factor_pack,trade_date_plus_1_conservative,daily market summary; do not use same-day for open/morning decisions,lagged_level|rank_xsection
updown_distribution,cn_zzshare_uplimit_history_silver_v1_20260531\updown_distribution\updown_distribution.parquet,-4,other,feature_candidate,true_lagged_only,lagged_market_regime_context,regime_panel_and_daily_factor_pack,trade_date_plus_1_conservative,daily market summary; do not use same-day for open/morning decisions,lagged_level|rank_xsection
updown_distribution,cn_zzshare_uplimit_history_silver_v1_20260531\updown_distribution\updown_distribution.parquet,-5,other,feature_candidate,true_lagged_only,lagged_market_regime_context,regime_panel_and_daily_factor_pack,trade_date_plus_1_conservative,daily market summary; do not use same-day for open/morning decisions,lagged_level|rank_xsection
updown_distribution,cn_zzshare_uplimit_history_silver_v1_20260531\updown_distribution\updown_distribution.parquet,-6,other,feature_candidate,true_lagged_only,lagged_market_regime_context,regime_panel_and_daily_factor_pack,trade_date_plus_1_conservative,daily market summary; do not use same-day for open/morning decisions,lagged_level|rank_xsection
updown_distribution,cn_zzshare_uplimit_history_silver_v1_20260531\updown_distribution\updown_distribution.parquet,-7,other,feature_candidate,true_lagged_only,lagged_market_regime_context,regime_panel_and_daily_factor_pack,trade_date_plus_1_conservative,daily market summary; do not use same-day for open/morning decisions,lagged_level|rank_xsection
updown_distribution,cn_zzshare_uplimit_history_silver_v1_20260531\updown_distribution\updown_distribution.parquet,-8,other,feature_candidate,true_lagged_only,lagged_market_regime_context,regime_panel_and_daily_factor_pack,trade_date_plus_1_conservative,daily market summary; do not use same-day for open/morning decisions,lagged_level|rank_xsection
updown_distribution,cn_zzshare_uplimit_history_silver_v1_20260531\updown_distribution\updown_distribution.parquet,-9,other,feature_candidate,true_lagged_only,lagged_market_regime_context,regime_panel_and_daily_factor_pack,trade_date_plus_1_conservative,daily market summary; do not use same-day for open/morning decisions,lagged_level|rank_xsection
updown_distribution,cn_zzshare_uplimit_history_silver_v1_20260531\updown_distribution\updown_distribution.parquet,0,other,feature_candidate,true_lagged_only,lagged_market_regime_context,regime_panel_and_daily_factor_pack,trade_date_plus_1_conservative,daily market summary; do not use same-day for open/morning decisions,lagged_level|rank_xsection
updown_distribution,cn_zzshare_uplimit_history_silver_v1_20260531\updown_distribution\updown_distribution.parquet,1,other,feature_candidate,true_lagged_only,lagged_market_regime_context,regime_panel_and_daily_factor_pack,trade_date_plus_1_conservative,daily market summary; do not use same-day for open/morning decisions,lagged_level|rank_xsection
updown_distribution,cn_zzshare_uplimit_history_silver_v1_20260531\updown_distribution\updown_distribution.parquet,10,other,feature_candidate,true_lagged_only,lagged_market_regime_context,regime_panel_and_daily_factor_pack,trade_date_plus_1_conservative,daily market summary; do not use same-day for open/morning decisions,lagged_level|rank_xsection
updown_distribution,cn_zzshare_uplimit_history_silver_v1_20260531\updown_distribution\updown_distribution.parquet,2,other,feature_candidate,true_lagged_only,lagged_market_regime_context,regime_panel_and_daily_factor_pack,trade_date_plus_1_conservative,daily market summary; do not use same-day for open/morning decisions,lagged_level|rank_xsection
updown_distribution,cn_zzshare_uplimit_history_silver_v1_20260531\updown_distribution\updown_distribution.parquet,3,other,feature_candidate,true_lagged_only,lagged_market_regime_context,regime_panel_and_daily_factor_pack,trade_date_plus_1_conservative,daily market summary; do not use same-day for open/morning decisions,lagged_level|rank_xsection
updown_distribution,cn_zzshare_uplimit_history_silver_v1_20260531\updown_distribution\updown_distribution.parquet,4,other,feature_candidate,true_lagged_only,lagged_market_regime_context,regime_panel_and_daily_factor_pack,trade_date_plus_1_conservative,daily market summary; do not use same-day for open/morning decisions,lagged_level|rank_xsection
updown_distribution,cn_zzshare_uplimit_history_silver_v1_20260531\updown_distribution\updown_distribution.parquet,5,other,feature_candidate,true_lagged_only,lagged_market_regime_context,regime_panel_and_daily_factor_pack,trade_date_plus_1_conservative,daily market summary; do not use same-day for open/morning decisions,lagged_level|rank_xsection
updown_distribution,cn_zzshare_uplimit_history_silver_v1_20260531\updown_distribution\updown_distribution.parquet,6,other,feature_candidate,true_lagged_only,lagged_market_regime_context,regime_panel_and_daily_factor_pack,trade_date_plus_1_conservative,daily market summary; do not use same-day for open/morning decisions,lagged_level|rank_xsection
updown_distribution,cn_zzshare_uplimit_history_silver_v1_20260531\updown_distribution\updown_distribution.parquet,7,other,feature_candidate,true_lagged_only,lagged_market_regime_context,regime_panel_and_daily_factor_pack,trade_date_plus_1_conservative,daily market summary; do not use same-day for open/morning decisions,lagged_level|rank_xsection
updown_distribution,cn_zzshare_uplimit_history_silver_v1_20260531\updown_distribution\updown_distribution.parquet,8,other,feature_candidate,true_lagged_only,lagged_market_regime_context,regime_panel_and_daily_factor_pack,trade_date_plus_1_conservative,daily market summary; do not use same-day for open/morning decisions,lagged_level|rank_xsection
updown_distribution,cn_zzshare_uplimit_history_silver_v1_20260531\updown_distribution\updown_distribution.parquet,9,other,feature_candidate,true_lagged_only,lagged_market_regime_context,regime_panel_and_daily_factor_pack,trade_date_plus_1_conservative,daily market summary; do not use same-day for open/morning decisions,lagged_level|rank_xsection
updown_distribution,cn_zzshare_uplimit_history_silver_v1_20260531\updown_distribution\updown_distribution.parquet,DT,limit_event,feature_candidate,true_lagged_only,lagged_market_regime_context,regime_panel_and_daily_factor_pack,trade_date_plus_1_conservative,daily market summary; do not use same-day for open/morning decisions,lagged_level|rank_xsection
updown_distribution,cn_zzshare_uplimit_history_silver_v1_20260531\updown_distribution\updown_distribution.parquet,SJDT,limit_event,feature_candidate,true_lagged_only,lagged_market_regime_context,regime_panel_and_daily_factor_pack,trade_date_plus_1_conservative,daily market summary; do not use same-day for open/morning decisions,lagged_level|rank_xsection
updown_distribution,cn_zzshare_uplimit_history_silver_v1_20260531\updown_distribution\updown_distribution.parquet,SJZT,limit_event,feature_candidate,true_lagged_only,lagged_market_regime_context,regime_panel_and_daily_factor_pack,trade_date_plus_1_conservative,daily market summary; do not use same-day for open/morning decisions,lagged_level|rank_xsection
updown_distribution,cn_zzshare_uplimit_history_silver_v1_20260531\updown_distribution\updown_distribution.parquet,STDT,limit_event,feature_candidate,true_lagged_only,lagged_market_regime_context,regime_panel_and_daily_factor_pack,trade_date_plus_1_conservative,daily market summary; do not use same-day for open/morning decisions,lagged_level|rank_xsection
updown_distribution,cn_zzshare_uplimit_history_silver_v1_20260531\updown_distribution\updown_distribution.parquet,STZT,limit_event,feature_candidate,true_lagged_only,lagged_market_regime_context,regime_panel_and_daily_factor_pack,trade_date_plus_1_conservative,daily market summary; do not use same-day for open/morning decisions,lagged_level|rank_xsection
updown_distribution,cn_zzshare_uplimit_history_silver_v1_20260531\updown_distribution\updown_distribution.parquet,SZJS,other,feature_candidate,true_lagged_only,lagged_market_regime_context,regime_panel_and_daily_factor_pack,trade_date_plus_1_conservative,daily market summary; do not use same-day for open/morning decisions,lagged_level|rank_xsection
updown_distribution,cn_zzshare_uplimit_history_silver_v1_20260531\updown_distribution\updown_distribution.parquet,XDJS,other,feature_candidate,true_lagged_only,lagged_market_regime_context,regime_panel_and_daily_factor_pack,trade_date_plus_1_conservative,daily market summary; do not use same-day for open/morning decisions,lagged_level|rank_xsection
updown_distribution,cn_zzshare_uplimit_history_silver_v1_20260531\updown_distribution\updown_distribution.parquet,ZSZDFB,other,feature_candidate,true_lagged_only,lagged_market_regime_context,regime_panel_and_daily_factor_pack,trade_date_plus_1_conservative,daily market summary; do not use same-day for open/morning decisions,lagged_level|rank_xsection
updown_distribution,cn_zzshare_uplimit_history_silver_v1_20260531\updown_distribution\updown_distribution.parquet,ZT,limit_event,feature_candidate,true_lagged_only,lagged_market_regime_context,regime_panel_and_daily_factor_pack,trade_date_plus_1_conservative,daily market summary; do not use same-day for open/morning decisions,lagged_level|rank_xsection
updown_distribution,cn_zzshare_uplimit_history_silver_v1_20260531\updown_distribution\updown_distribution.parquet,q_zrcs,other,feature_candidate,true_lagged_only,lagged_market_regime_context,regime_panel_and_daily_factor_pack,trade_date_plus_1_conservative,daily market summary; do not use same-day for open/morning decisions,lagged_level|rank_xsection
updown_distribution,cn_zzshare_uplimit_history_silver_v1_20260531\updown_distribution\updown_distribution.parquet,q_zrtj,other,feature_candidate,true_lagged_only,lagged_market_regime_context,regime_panel_and_daily_factor_pack,trade_date_plus_1_conservative,daily market summary; do not use same-day for open/morning decisions,lagged_level|rank_xsection
updown_distribution,cn_zzshare_uplimit_history_silver_v1_20260531\updown_distribution\updown_distribution.parquet,qscln,other,feature_candidate,true_lagged_only,lagged_market_regime_context,regime_panel_and_daily_factor_pack,trade_date_plus_1_conservative,daily market summary; do not use same-day for open/morning decisions,lagged_level|rank_xsection
updown_distribution,cn_zzshare_uplimit_history_silver_v1_20260531\updown_distribution\updown_distribution.parquet,s_zrcs,other,feature_candidate,true_lagged_only,lagged_market_regime_context,regime_panel_and_daily_factor_pack,trade_date_plus_1_conservative,daily market summary; do not use same-day for open/morning decisions,lagged_level|rank_xsection
updown_distribution,cn_zzshare_uplimit_history_silver_v1_20260531\updown_distribution\updown_distribution.parquet,s_zrtj,other,feature_candidate,true_lagged_only,lagged_market_regime_context,regime_panel_and_daily_factor_pack,trade_date_plus_1_conservative,daily market summary; do not use same-day for open/morning decisions,lagged_level|rank_xsection
updown_distribution,cn_zzshare_uplimit_history_silver_v1_20260531\updown_distribution\updown_distribution.parquet,sign,other,feature_candidate,true_lagged_only,lagged_market_regime_context,regime_panel_and_daily_factor_pack,trade_date_plus_1_conservative,daily market summary; do not use same-day for open/morning decisions,lagged_level|rank_xsection
updown_distribution,cn_zzshare_uplimit_history_silver_v1_20260531\updown_distribution\updown_distribution.parquet,szln,other,feature_candidate,true_lagged_only,lagged_market_regime_context,regime_panel_and_daily_factor_pack,trade_date_plus_1_conservative,daily market summary; do not use same-day for open/morning decisions,lagged_level|rank_xsection
updown_distribution,cn_zzshare_uplimit_history_silver_v1_20260531\updown_distribution\updown_distribution.parquet,day,other,feature_candidate,true_lagged_only,lagged_market_regime_context,regime_panel_and_daily_factor_pack,trade_date_plus_1_conservative,daily market summary; do not use same-day for open/morning decisions,lagged_level|rank_xsection
uplimit_trend,cn_zzshare_uplimit_history_silver_v1_20260531\uplimit_trend\uplimit_trend.parquet,date,date_key,key,false_key_only,timestamped_market_intraday_event,minute_event_alignment_and_regime_context,usable_at_or_after_row_time,market event state can gate only after row time; no later cutoff fields in earlier horizons,lagged_level|rank_xsection
uplimit_trend,cn_zzshare_uplimit_history_silver_v1_20260531\uplimit_trend\uplimit_trend.parquet,_source_file,other,feature_candidate,true_after_cutoff_only,timestamped_market_intraday_event,minute_event_alignment_and_regime_context,usable_at_or_after_row_time,market event state can gate only after row time; no later cutoff fields in earlier horizons,lagged_level|rank_xsection
uplimit_trend,cn_zzshare_uplimit_history_silver_v1_20260531\uplimit_trend\uplimit_trend.parquet,nums_DT,limit_event,feature_candidate,true_after_cutoff_only,timestamped_market_intraday_event,minute_event_alignment_and_regime_context,usable_at_or_after_row_time,market event state can gate only after row time; no later cutoff fields in earlier horizons,cutoff_flags|event_age|streak_lifecycle|open_board_transition|source_lane_cap
uplimit_trend,cn_zzshare_uplimit_history_silver_v1_20260531\uplimit_trend\uplimit_trend.parquet,nums_SZJS,other,feature_candidate,true_after_cutoff_only,timestamped_market_intraday_event,minute_event_alignment_and_regime_context,usable_at_or_after_row_time,market event state can gate only after row time; no later cutoff fields in earlier horizons,lagged_level|rank_xsection
uplimit_trend,cn_zzshare_uplimit_history_silver_v1_20260531\uplimit_trend\uplimit_trend.parquet,nums_XDJS,other,feature_candidate,true_after_cutoff_only,timestamped_market_intraday_event,minute_event_alignment_and_regime_context,usable_at_or_after_row_time,market event state can gate only after row time; no later cutoff fields in earlier horizons,lagged_level|rank_xsection
uplimit_trend,cn_zzshare_uplimit_history_silver_v1_20260531\uplimit_trend\uplimit_trend.parquet,nums_ZBL,other,feature_candidate,true_after_cutoff_only,timestamped_market_intraday_event,minute_event_alignment_and_regime_context,usable_at_or_after_row_time,market event state can gate only after row time; no later cutoff fields in earlier horizons,lagged_level|rank_xsection
uplimit_trend,cn_zzshare_uplimit_history_silver_v1_20260531\uplimit_trend\uplimit_trend.parquet,nums_ZRZT,limit_event,feature_candidate,true_after_cutoff_only,timestamped_market_intraday_event,minute_event_alignment_and_regime_context,usable_at_or_after_row_time,market event state can gate only after row time; no later cutoff fields in earlier horizons,cutoff_flags|event_age|streak_lifecycle|open_board_transition|source_lane_cap
uplimit_trend,cn_zzshare_uplimit_history_silver_v1_20260531\uplimit_trend\uplimit_trend.parquet,nums_ZT,limit_event,feature_candidate,true_after_cutoff_only,timestamped_market_intraday_event,minute_event_alignment_and_regime_context,usable_at_or_after_row_time,market event state can gate only after row time; no later cutoff fields in earlier horizons,cutoff_flags|event_age|streak_lifecycle|open_board_transition|source_lane_cap
uplimit_trend,cn_zzshare_uplimit_history_silver_v1_20260531\uplimit_trend\uplimit_trend.parquet,nums_ZTZB,limit_event,feature_candidate,true_after_cutoff_only,timestamped_market_intraday_event,minute_event_alignment_and_regime_context,usable_at_or_after_row_time,market event state can gate only after row time; no later cutoff fields in earlier horizons,cutoff_flags|event_age|streak_lifecycle|open_board_transition|source_lane_cap
uplimit_trend,cn_zzshare_uplimit_history_silver_v1_20260531\uplimit_trend\uplimit_trend.parquet,nums_yestRase,other,feature_candidate,true_after_cutoff_only,timestamped_market_intraday_event,minute_event_alignment_and_regime_context,usable_at_or_after_row_time,market event state can gate only after row time; no later cutoff fields in earlier horizons,lagged_level|rank_xsection
uplimit_trend,cn_zzshare_uplimit_history_silver_v1_20260531\uplimit_trend\uplimit_trend.parquet,time,date_key,key,false_key_only,timestamped_market_intraday_event,minute_event_alignment_and_regime_context,usable_at_or_after_row_time,market event state can gate only after row time; no later cutoff fields in earlier horizons,lagged_level|rank_xsection
uplimit_trend,cn_zzshare_uplimit_history_silver_v1_20260531\uplimit_trend\uplimit_trend.parquet,uplimit_count,limit_event,feature_candidate,true_after_cutoff_only,timestamped_market_intraday_event,minute_event_alignment_and_regime_context,usable_at_or_after_row_time,market event state can gate only after row time; no later cutoff fields in earlier horizons,cutoff_flags|event_age|streak_lifecycle|open_board_transition|source_lane_cap
uplimit_trend,cn_zzshare_uplimit_history_silver_v1_20260531\uplimit_trend\uplimit_trend.parquet,open_board_count,limit_event,feature_candidate,true_after_cutoff_only,timestamped_market_intraday_event,minute_event_alignment_and_regime_context,usable_at_or_after_row_time,market event state can gate only after row time; no later cutoff fields in earlier horizons,cutoff_flags|event_age|streak_lifecycle|open_board_transition|source_lane_cap
