candidate_id,expression,factor_lane,source_lane,source_generator,search_memory_key,expression_hash,seed_family,parent_note,fresh_search_intent,x0_r3_role
phase3ax_capacity_refine_00001,"Neg(CSRank(Div(Mean($amount,1),Add(Abs(Mean($final_float_market_cap,1)),0.000001))))",ax_inverse_capacity_flow_level,phase3ax_capacity_flow_refinement,phase3ax_capacity_flow_refinement_pack_v1,phase3ax:98421c502b1b2752bb66c1a0,98421c502b1b2752bb66c1a0,phase3aw_directional_capacity,amount/final_float_market_cap/mean1,True,read_only_research_candidate
phase3ax_capacity_refine_00002,"Neg(CSRank(Div(Std($amount,1),Add(Abs(Mean($final_float_market_cap,1)),0.000001))))",ax_inverse_capacity_flow_volatility,phase3ax_capacity_flow_refinement,phase3ax_capacity_flow_refinement_pack_v1,phase3ax:04a5125a8bf640ef608a1400,04a5125a8bf640ef608a1400,phase3aw_directional_capacity,amount/final_float_market_cap/std1,True,read_only_research_candidate
phase3ax_capacity_refine_00003,"Neg(CSRank(CSResidual(ZScore(Div(Mean($amount,1),Add(Abs(Mean($final_float_market_cap,1)),0.000001))),ZScore(Mom($close,1)))))",ax_capacity_residual_vs_price_momentum,phase3ax_capacity_flow_refinement,phase3ax_capacity_flow_refinement_pack_v1,phase3ax:3815993f286d28f48f0f84f8,3815993f286d28f48f0f84f8,phase3aw_directional_capacity,amount/final_float_market_cap/resid_mom1,True,read_only_research_candidate
phase3ax_capacity_refine_00004,"Neg(CSRank(Mul(ZScore(Div(Mean($amount,1),Add(Abs(Mean($final_float_market_cap,1)),0.000001))),ZScore(Mom($close,3)))))",ax_capacity_flow_x_price_momentum,phase3ax_capacity_flow_refinement,phase3ax_capacity_flow_refinement_pack_v1,phase3ax:0cfd24421817df48247a0f06,0cfd24421817df48247a0f06,phase3aw_directional_capacity,amount/final_float_market_cap/mean1_x_mom3,True,read_only_research_candidate
phase3ax_capacity_refine_00005,"Neg(CSRank(Mul(ZScore(Div(Mean($amount,1),Add(Abs(Mean($final_float_market_cap,1)),0.000001))),ZScore(Mom($close,5)))))",ax_capacity_flow_x_price_momentum,phase3ax_capacity_flow_refinement,phase3ax_capacity_flow_refinement_pack_v1,phase3ax:5115da525976efc033928124,5115da525976efc033928124,phase3aw_directional_capacity,amount/final_float_market_cap/mean1_x_mom5,True,read_only_research_candidate
phase3ax_capacity_refine_00006,"Neg(CSRank(Mul(ZScore(Div(Mean($amount,1),Add(Abs(Mean($final_float_market_cap,1)),0.000001))),ZScore(Mom($close,10)))))",ax_capacity_flow_x_price_momentum,phase3ax_capacity_flow_refinement,phase3ax_capacity_flow_refinement_pack_v1,phase3ax:87ed75506491ddde216f75dc,87ed75506491ddde216f75dc,phase3aw_directional_capacity,amount/final_float_market_cap/mean1_x_mom10,True,read_only_research_candidate
phase3ax_capacity_refine_00007,"Neg(CSRank(Mul(ZScore(Div(Mean($amount,1),Add(Abs(Mean($final_float_market_cap,1)),0.000001))),ZScore(Mom($close,20)))))",ax_capacity_flow_x_price_momentum,phase3ax_capacity_flow_refinement,phase3ax_capacity_flow_refinement_pack_v1,phase3ax:01e8ed28fc42a0ff3e59411f,01e8ed28fc42a0ff3e59411f,phase3aw_directional_capacity,amount/final_float_market_cap/mean1_x_mom20,True,read_only_research_candidate
phase3ax_capacity_refine_00008,"Neg(CSRank(Mul(ZScore(Div(Mean($amount,1),Add(Abs(Mean($final_float_market_cap,1)),0.000001))),ZScore(Mom($close,30)))))",ax_capacity_flow_x_price_momentum,phase3ax_capacity_flow_refinement,phase3ax_capacity_flow_refinement_pack_v1,phase3ax:cab133fa7e48a20b27e0a7ed,cab133fa7e48a20b27e0a7ed,phase3aw_directional_capacity,amount/final_float_market_cap/mean1_x_mom30,True,read_only_research_candidate
phase3ax_capacity_refine_00009,"Neg(CSRank(Div(Std($amount,2),Add(Abs(Mean($final_float_market_cap,2)),0.000001))))",ax_inverse_capacity_flow_volatility,phase3ax_capacity_flow_refinement,phase3ax_capacity_flow_refinement_pack_v1,phase3ax:213cb25f6b83f543d465edaa,213cb25f6b83f543d465edaa,phase3aw_directional_capacity,amount/final_float_market_cap/std2,True,read_only_research_candidate
phase3ax_capacity_refine_00010,"Neg(CSRank(CSResidual(ZScore(Div(Mean($amount,2),Add(Abs(Mean($final_float_market_cap,2)),0.000001))),ZScore(Mom($close,2)))))",ax_capacity_residual_vs_price_momentum,phase3ax_capacity_flow_refinement,phase3ax_capacity_flow_refinement_pack_v1,phase3ax:fe0f3cf51f1349e29748dbd2,fe0f3cf51f1349e29748dbd2,phase3aw_directional_capacity,amount/final_float_market_cap/resid_mom2,True,read_only_research_candidate
phase3ax_capacity_refine_00011,"Neg(CSRank(Mul(ZScore(Div(Mean($amount,2),Add(Abs(Mean($final_float_market_cap,2)),0.000001))),ZScore(Mom($close,3)))))",ax_capacity_flow_x_price_momentum,phase3ax_capacity_flow_refinement,phase3ax_capacity_flow_refinement_pack_v1,phase3ax:449f0f65ae1986f6ef99592b,449f0f65ae1986f6ef99592b,phase3aw_directional_capacity,amount/final_float_market_cap/mean2_x_mom3,True,read_only_research_candidate
phase3ax_capacity_refine_00012,"Neg(CSRank(Mul(ZScore(Div(Mean($amount,2),Add(Abs(Mean($final_float_market_cap,2)),0.000001))),ZScore(Mom($close,5)))))",ax_capacity_flow_x_price_momentum,phase3ax_capacity_flow_refinement,phase3ax_capacity_flow_refinement_pack_v1,phase3ax:e1f57f6ca90b6cf9bae5376a,e1f57f6ca90b6cf9bae5376a,phase3aw_directional_capacity,amount/final_float_market_cap/mean2_x_mom5,True,read_only_research_candidate
phase3ax_capacity_refine_00013,"Neg(CSRank(Mul(ZScore(Div(Mean($amount,2),Add(Abs(Mean($final_float_market_cap,2)),0.000001))),ZScore(Mom($close,10)))))",ax_capacity_flow_x_price_momentum,phase3ax_capacity_flow_refinement,phase3ax_capacity_flow_refinement_pack_v1,phase3ax:f00ecfa607458f7575e680a2,f00ecfa607458f7575e680a2,phase3aw_directional_capacity,amount/final_float_market_cap/mean2_x_mom10,True,read_only_research_candidate
phase3ax_capacity_refine_00014,"Neg(CSRank(Mul(ZScore(Div(Mean($amount,2),Add(Abs(Mean($final_float_market_cap,2)),0.000001))),ZScore(Mom($close,20)))))",ax_capacity_flow_x_price_momentum,phase3ax_capacity_flow_refinement,phase3ax_capacity_flow_refinement_pack_v1,phase3ax:65fd9f65d64ffaca906a8361,65fd9f65d64ffaca906a8361,phase3aw_directional_capacity,amount/final_float_market_cap/mean2_x_mom20,True,read_only_research_candidate
phase3ax_capacity_refine_00015,"Neg(CSRank(Mul(ZScore(Div(Mean($amount,2),Add(Abs(Mean($final_float_market_cap,2)),0.000001))),ZScore(Mom($close,30)))))",ax_capacity_flow_x_price_momentum,phase3ax_capacity_flow_refinement,phase3ax_capacity_flow_refinement_pack_v1,phase3ax:c1427b6ea3fd218a7b53ef0d,c1427b6ea3fd218a7b53ef0d,phase3aw_directional_capacity,amount/final_float_market_cap/mean2_x_mom30,True,read_only_research_candidate
phase3ax_capacity_refine_00016,"Neg(CSRank(Div(Mean($amount,3),Add(Abs(Mean($final_float_market_cap,3)),0.000001))))",ax_inverse_capacity_flow_level,phase3ax_capacity_flow_refinement,phase3ax_capacity_flow_refinement_pack_v1,phase3ax:6e42b08a3a650b6a7d3bad02,6e42b08a3a650b6a7d3bad02,phase3aw_directional_capacity,amount/final_float_market_cap/mean3,True,read_only_research_candidate
phase3ax_capacity_refine_00017,"Neg(CSRank(Div(Std($amount,3),Add(Abs(Mean($final_float_market_cap,3)),0.000001))))",ax_inverse_capacity_flow_volatility,phase3ax_capacity_flow_refinement,phase3ax_capacity_flow_refinement_pack_v1,phase3ax:7dc5ca4a7d9104d3e4e67dce,7dc5ca4a7d9104d3e4e67dce,phase3aw_directional_capacity,amount/final_float_market_cap/std3,True,read_only_research_candidate
phase3ax_capacity_refine_00018,"Neg(CSRank(CSResidual(ZScore(Div(Mean($amount,3),Add(Abs(Mean($final_float_market_cap,3)),0.000001))),ZScore(Mom($close,3)))))",ax_capacity_residual_vs_price_momentum,phase3ax_capacity_flow_refinement,phase3ax_capacity_flow_refinement_pack_v1,phase3ax:d33e5b24f1f55fba158942bb,d33e5b24f1f55fba158942bb,phase3aw_directional_capacity,amount/final_float_market_cap/resid_mom3,True,read_only_research_candidate
phase3ax_capacity_refine_00019,"Neg(CSRank(Mul(ZScore(Div(Mean($amount,3),Add(Abs(Mean($final_float_market_cap,3)),0.000001))),ZScore(Mom($close,3)))))",ax_capacity_flow_x_price_momentum,phase3ax_capacity_flow_refinement,phase3ax_capacity_flow_refinement_pack_v1,phase3ax:a87b45898368de675ba2f95c,a87b45898368de675ba2f95c,phase3aw_directional_capacity,amount/final_float_market_cap/mean3_x_mom3,True,read_only_research_candidate
phase3ax_capacity_refine_00020,"Neg(CSRank(Mul(ZScore(Div(Mean($amount,3),Add(Abs(Mean($final_float_market_cap,3)),0.000001))),ZScore(Mom($close,5)))))",ax_capacity_flow_x_price_momentum,phase3ax_capacity_flow_refinement,phase3ax_capacity_flow_refinement_pack_v1,phase3ax:ef48214472ab0964165215a1,ef48214472ab0964165215a1,phase3aw_directional_capacity,amount/final_float_market_cap/mean3_x_mom5,True,read_only_research_candidate
phase3ax_capacity_refine_00021,"Neg(CSRank(Mul(ZScore(Div(Mean($amount,3),Add(Abs(Mean($final_float_market_cap,3)),0.000001))),ZScore(Mom($close,10)))))",ax_capacity_flow_x_price_momentum,phase3ax_capacity_flow_refinement,phase3ax_capacity_flow_refinement_pack_v1,phase3ax:a4cc7925965bdaee0af645a0,a4cc7925965bdaee0af645a0,phase3aw_directional_capacity,amount/final_float_market_cap/mean3_x_mom10,True,read_only_research_candidate
phase3ax_capacity_refine_00022,"Neg(CSRank(Mul(ZScore(Div(Mean($amount,3),Add(Abs(Mean($final_float_market_cap,3)),0.000001))),ZScore(Mom($close,20)))))",ax_capacity_flow_x_price_momentum,phase3ax_capacity_flow_refinement,phase3ax_capacity_flow_refinement_pack_v1,phase3ax:57445780d7a909d63c154ea2,57445780d7a909d63c154ea2,phase3aw_directional_capacity,amount/final_float_market_cap/mean3_x_mom20,True,read_only_research_candidate
phase3ax_capacity_refine_00023,"Neg(CSRank(Mul(ZScore(Div(Mean($amount,3),Add(Abs(Mean($final_float_market_cap,3)),0.000001))),ZScore(Mom($close,30)))))",ax_capacity_flow_x_price_momentum,phase3ax_capacity_flow_refinement,phase3ax_capacity_flow_refinement_pack_v1,phase3ax:7a9d39a19e69abbda2a6c843,7a9d39a19e69abbda2a6c843,phase3aw_directional_capacity,amount/final_float_market_cap/mean3_x_mom30,True,read_only_research_candidate
phase3ax_capacity_refine_00024,"Neg(CSRank(Div(Mean($amount,5),Add(Abs(Mean($final_float_market_cap,5)),0.000001))))",ax_inverse_capacity_flow_level,phase3ax_capacity_flow_refinement,phase3ax_capacity_flow_refinement_pack_v1,phase3ax:d61e88105914b2f5691df90b,d61e88105914b2f5691df90b,phase3aw_directional_capacity,amount/final_float_market_cap/mean5,True,read_only_research_candidate
phase3ax_capacity_refine_00025,"Neg(CSRank(Div(Std($amount,5),Add(Abs(Mean($final_float_market_cap,5)),0.000001))))",ax_inverse_capacity_flow_volatility,phase3ax_capacity_flow_refinement,phase3ax_capacity_flow_refinement_pack_v1,phase3ax:36eb45b987b79192ea3f9d99,36eb45b987b79192ea3f9d99,phase3aw_directional_capacity,amount/final_float_market_cap/std5,True,read_only_research_candidate
phase3ax_capacity_refine_00026,"Neg(CSRank(CSResidual(ZScore(Div(Mean($amount,5),Add(Abs(Mean($final_float_market_cap,5)),0.000001))),ZScore(Mom($close,5)))))",ax_capacity_residual_vs_price_momentum,phase3ax_capacity_flow_refinement,phase3ax_capacity_flow_refinement_pack_v1,phase3ax:47b016c04da163e4d1cbd95b,47b016c04da163e4d1cbd95b,phase3aw_directional_capacity,amount/final_float_market_cap/resid_mom5,True,read_only_research_candidate
phase3ax_capacity_refine_00027,"Neg(CSRank(Mul(ZScore(Div(Mean($amount,5),Add(Abs(Mean($final_float_market_cap,5)),0.000001))),ZScore(Mom($close,3)))))",ax_capacity_flow_x_price_momentum,phase3ax_capacity_flow_refinement,phase3ax_capacity_flow_refinement_pack_v1,phase3ax:7b268d3fcea16430c783153a,7b268d3fcea16430c783153a,phase3aw_directional_capacity,amount/final_float_market_cap/mean5_x_mom3,True,read_only_research_candidate
phase3ax_capacity_refine_00028,"Neg(CSRank(Mul(ZScore(Div(Mean($amount,5),Add(Abs(Mean($final_float_market_cap,5)),0.000001))),ZScore(Mom($close,5)))))",ax_capacity_flow_x_price_momentum,phase3ax_capacity_flow_refinement,phase3ax_capacity_flow_refinement_pack_v1,phase3ax:f0031a1d1564c27735a8c25b,f0031a1d1564c27735a8c25b,phase3aw_directional_capacity,amount/final_float_market_cap/mean5_x_mom5,True,read_only_research_candidate
phase3ax_capacity_refine_00029,"Neg(CSRank(Mul(ZScore(Div(Mean($amount,5),Add(Abs(Mean($final_float_market_cap,5)),0.000001))),ZScore(Mom($close,10)))))",ax_capacity_flow_x_price_momentum,phase3ax_capacity_flow_refinement,phase3ax_capacity_flow_refinement_pack_v1,phase3ax:0328a64830c993a9d1d44c7b,0328a64830c993a9d1d44c7b,phase3aw_directional_capacity,amount/final_float_market_cap/mean5_x_mom10,True,read_only_research_candidate
phase3ax_capacity_refine_00030,"Neg(CSRank(Mul(ZScore(Div(Mean($amount,5),Add(Abs(Mean($final_float_market_cap,5)),0.000001))),ZScore(Mom($close,20)))))",ax_capacity_flow_x_price_momentum,phase3ax_capacity_flow_refinement,phase3ax_capacity_flow_refinement_pack_v1,phase3ax:7e49b9eb2b83e115717ef51b,7e49b9eb2b83e115717ef51b,phase3aw_directional_capacity,amount/final_float_market_cap/mean5_x_mom20,True,read_only_research_candidate
phase3ax_capacity_refine_00031,"Neg(CSRank(Mul(ZScore(Div(Mean($amount,5),Add(Abs(Mean($final_float_market_cap,5)),0.000001))),ZScore(Mom($close,30)))))",ax_capacity_flow_x_price_momentum,phase3ax_capacity_flow_refinement,phase3ax_capacity_flow_refinement_pack_v1,phase3ax:c5f25b9423cc326fa5d75df9,c5f25b9423cc326fa5d75df9,phase3aw_directional_capacity,amount/final_float_market_cap/mean5_x_mom30,True,read_only_research_candidate
phase3ax_capacity_refine_00032,"Neg(CSRank(Div(Std($amount,8),Add(Abs(Mean($final_float_market_cap,8)),0.000001))))",ax_inverse_capacity_flow_volatility,phase3ax_capacity_flow_refinement,phase3ax_capacity_flow_refinement_pack_v1,phase3ax:87c91c7c45296dbdcfe1153b,87c91c7c45296dbdcfe1153b,phase3aw_directional_capacity,amount/final_float_market_cap/std8,True,read_only_research_candidate
phase3ax_capacity_refine_00033,"Neg(CSRank(CSResidual(ZScore(Div(Mean($amount,8),Add(Abs(Mean($final_float_market_cap,8)),0.000001))),ZScore(Mom($close,8)))))",ax_capacity_residual_vs_price_momentum,phase3ax_capacity_flow_refinement,phase3ax_capacity_flow_refinement_pack_v1,phase3ax:697b2aba5fc070b8e0362dc6,697b2aba5fc070b8e0362dc6,phase3aw_directional_capacity,amount/final_float_market_cap/resid_mom8,True,read_only_research_candidate
phase3ax_capacity_refine_00034,"Neg(CSRank(Mul(ZScore(Div(Mean($amount,8),Add(Abs(Mean($final_float_market_cap,8)),0.000001))),ZScore(Mom($close,3)))))",ax_capacity_flow_x_price_momentum,phase3ax_capacity_flow_refinement,phase3ax_capacity_flow_refinement_pack_v1,phase3ax:80e365244a0ab339e9005f41,80e365244a0ab339e9005f41,phase3aw_directional_capacity,amount/final_float_market_cap/mean8_x_mom3,True,read_only_research_candidate
phase3ax_capacity_refine_00035,"Neg(CSRank(Mul(ZScore(Div(Mean($amount,8),Add(Abs(Mean($final_float_market_cap,8)),0.000001))),ZScore(Mom($close,5)))))",ax_capacity_flow_x_price_momentum,phase3ax_capacity_flow_refinement,phase3ax_capacity_flow_refinement_pack_v1,phase3ax:f8f7d1bad9af1565d01425af,f8f7d1bad9af1565d01425af,phase3aw_directional_capacity,amount/final_float_market_cap/mean8_x_mom5,True,read_only_research_candidate
phase3ax_capacity_refine_00036,"Neg(CSRank(Mul(ZScore(Div(Mean($amount,8),Add(Abs(Mean($final_float_market_cap,8)),0.000001))),ZScore(Mom($close,10)))))",ax_capacity_flow_x_price_momentum,phase3ax_capacity_flow_refinement,phase3ax_capacity_flow_refinement_pack_v1,phase3ax:faa561174816e51f1f7a487f,faa561174816e51f1f7a487f,phase3aw_directional_capacity,amount/final_float_market_cap/mean8_x_mom10,True,read_only_research_candidate
phase3ax_capacity_refine_00037,"Neg(CSRank(Mul(ZScore(Div(Mean($amount,8),Add(Abs(Mean($final_float_market_cap,8)),0.000001))),ZScore(Mom($close,20)))))",ax_capacity_flow_x_price_momentum,phase3ax_capacity_flow_refinement,phase3ax_capacity_flow_refinement_pack_v1,phase3ax:177073d6cfbf2a91d134f08b,177073d6cfbf2a91d134f08b,phase3aw_directional_capacity,amount/final_float_market_cap/mean8_x_mom20,True,read_only_research_candidate
phase3ax_capacity_refine_00038,"Neg(CSRank(Mul(ZScore(Div(Mean($amount,8),Add(Abs(Mean($final_float_market_cap,8)),0.000001))),ZScore(Mom($close,30)))))",ax_capacity_flow_x_price_momentum,phase3ax_capacity_flow_refinement,phase3ax_capacity_flow_refinement_pack_v1,phase3ax:5827ece8c2cb9d2c89bac869,5827ece8c2cb9d2c89bac869,phase3aw_directional_capacity,amount/final_float_market_cap/mean8_x_mom30,True,read_only_research_candidate
phase3ax_capacity_refine_00039,"Neg(CSRank(Div(Mean($amount,10),Add(Abs(Mean($final_float_market_cap,10)),0.000001))))",ax_inverse_capacity_flow_level,phase3ax_capacity_flow_refinement,phase3ax_capacity_flow_refinement_pack_v1,phase3ax:7bcd631d0a22bfa03ce52eae,7bcd631d0a22bfa03ce52eae,phase3aw_directional_capacity,amount/final_float_market_cap/mean10,True,read_only_research_candidate
phase3ax_capacity_refine_00040,"Neg(CSRank(Div(Std($amount,10),Add(Abs(Mean($final_float_market_cap,10)),0.000001))))",ax_inverse_capacity_flow_volatility,phase3ax_capacity_flow_refinement,phase3ax_capacity_flow_refinement_pack_v1,phase3ax:75d0ce22d866b8b1fa68474d,75d0ce22d866b8b1fa68474d,phase3aw_directional_capacity,amount/final_float_market_cap/std10,True,read_only_research_candidate
phase3ax_capacity_refine_00041,"Neg(CSRank(CSResidual(ZScore(Div(Mean($amount,10),Add(Abs(Mean($final_float_market_cap,10)),0.000001))),ZScore(Mom($close,10)))))",ax_capacity_residual_vs_price_momentum,phase3ax_capacity_flow_refinement,phase3ax_capacity_flow_refinement_pack_v1,phase3ax:3259718f006a65d7d9e9fc69,3259718f006a65d7d9e9fc69,phase3aw_directional_capacity,amount/final_float_market_cap/resid_mom10,True,read_only_research_candidate
phase3ax_capacity_refine_00042,"Neg(CSRank(Mul(ZScore(Div(Mean($amount,10),Add(Abs(Mean($final_float_market_cap,10)),0.000001))),ZScore(Mom($close,3)))))",ax_capacity_flow_x_price_momentum,phase3ax_capacity_flow_refinement,phase3ax_capacity_flow_refinement_pack_v1,phase3ax:13b93582a06282f94e6ffe4e,13b93582a06282f94e6ffe4e,phase3aw_directional_capacity,amount/final_float_market_cap/mean10_x_mom3,True,read_only_research_candidate
phase3ax_capacity_refine_00043,"Neg(CSRank(Mul(ZScore(Div(Mean($amount,10),Add(Abs(Mean($final_float_market_cap,10)),0.000001))),ZScore(Mom($close,5)))))",ax_capacity_flow_x_price_momentum,phase3ax_capacity_flow_refinement,phase3ax_capacity_flow_refinement_pack_v1,phase3ax:a595d258a343be84db3858a1,a595d258a343be84db3858a1,phase3aw_directional_capacity,amount/final_float_market_cap/mean10_x_mom5,True,read_only_research_candidate
phase3ax_capacity_refine_00044,"Neg(CSRank(Mul(ZScore(Div(Mean($amount,10),Add(Abs(Mean($final_float_market_cap,10)),0.000001))),ZScore(Mom($close,10)))))",ax_capacity_flow_x_price_momentum,phase3ax_capacity_flow_refinement,phase3ax_capacity_flow_refinement_pack_v1,phase3ax:b7bd96e6c188e27e2821b53c,b7bd96e6c188e27e2821b53c,phase3aw_directional_capacity,amount/final_float_market_cap/mean10_x_mom10,True,read_only_research_candidate
phase3ax_capacity_refine_00045,"Neg(CSRank(Mul(ZScore(Div(Mean($amount,10),Add(Abs(Mean($final_float_market_cap,10)),0.000001))),ZScore(Mom($close,20)))))",ax_capacity_flow_x_price_momentum,phase3ax_capacity_flow_refinement,phase3ax_capacity_flow_refinement_pack_v1,phase3ax:815173ba53c4048c3c8c3bbc,815173ba53c4048c3c8c3bbc,phase3aw_directional_capacity,amount/final_float_market_cap/mean10_x_mom20,True,read_only_research_candidate
phase3ax_capacity_refine_00046,"Neg(CSRank(Mul(ZScore(Div(Mean($amount,10),Add(Abs(Mean($final_float_market_cap,10)),0.000001))),ZScore(Mom($close,30)))))",ax_capacity_flow_x_price_momentum,phase3ax_capacity_flow_refinement,phase3ax_capacity_flow_refinement_pack_v1,phase3ax:2428fb9b92d7a2327912d5b8,2428fb9b92d7a2327912d5b8,phase3aw_directional_capacity,amount/final_float_market_cap/mean10_x_mom30,True,read_only_research_candidate
phase3ax_capacity_refine_00047,"Neg(CSRank(Div(Mean($amount,12),Add(Abs(Mean($final_float_market_cap,12)),0.000001))))",ax_inverse_capacity_flow_level,phase3ax_capacity_flow_refinement,phase3ax_capacity_flow_refinement_pack_v1,phase3ax:9b9e0bf07a5c84cb13c77df8,9b9e0bf07a5c84cb13c77df8,phase3aw_directional_capacity,amount/final_float_market_cap/mean12,True,read_only_research_candidate
phase3ax_capacity_refine_00048,"Neg(CSRank(Div(Std($amount,12),Add(Abs(Mean($final_float_market_cap,12)),0.000001))))",ax_inverse_capacity_flow_volatility,phase3ax_capacity_flow_refinement,phase3ax_capacity_flow_refinement_pack_v1,phase3ax:81505a74512afbfb8754b1fb,81505a74512afbfb8754b1fb,phase3aw_directional_capacity,amount/final_float_market_cap/std12,True,read_only_research_candidate
phase3ax_capacity_refine_00049,"Neg(CSRank(CSResidual(ZScore(Div(Mean($amount,12),Add(Abs(Mean($final_float_market_cap,12)),0.000001))),ZScore(Mom($close,12)))))",ax_capacity_residual_vs_price_momentum,phase3ax_capacity_flow_refinement,phase3ax_capacity_flow_refinement_pack_v1,phase3ax:f05a62d856e0bafaabcdc04e,f05a62d856e0bafaabcdc04e,phase3aw_directional_capacity,amount/final_float_market_cap/resid_mom12,True,read_only_research_candidate
phase3ax_capacity_refine_00050,"Neg(CSRank(Mul(ZScore(Div(Mean($amount,12),Add(Abs(Mean($final_float_market_cap,12)),0.000001))),ZScore(Mom($close,3)))))",ax_capacity_flow_x_price_momentum,phase3ax_capacity_flow_refinement,phase3ax_capacity_flow_refinement_pack_v1,phase3ax:d6dea416b5e65ad178317130,d6dea416b5e65ad178317130,phase3aw_directional_capacity,amount/final_float_market_cap/mean12_x_mom3,True,read_only_research_candidate
phase3ax_capacity_refine_00051,"Neg(CSRank(Mul(ZScore(Div(Mean($amount,12),Add(Abs(Mean($final_float_market_cap,12)),0.000001))),ZScore(Mom($close,5)))))",ax_capacity_flow_x_price_momentum,phase3ax_capacity_flow_refinement,phase3ax_capacity_flow_refinement_pack_v1,phase3ax:34fbab2ca818424d7188b3a6,34fbab2ca818424d7188b3a6,phase3aw_directional_capacity,amount/final_float_market_cap/mean12_x_mom5,True,read_only_research_candidate
phase3ax_capacity_refine_00052,"Neg(CSRank(Mul(ZScore(Div(Mean($amount,12),Add(Abs(Mean($final_float_market_cap,12)),0.000001))),ZScore(Mom($close,10)))))",ax_capacity_flow_x_price_momentum,phase3ax_capacity_flow_refinement,phase3ax_capacity_flow_refinement_pack_v1,phase3ax:a18f0c025144b908b9591af8,a18f0c025144b908b9591af8,phase3aw_directional_capacity,amount/final_float_market_cap/mean12_x_mom10,True,read_only_research_candidate
phase3ax_capacity_refine_00053,"Neg(CSRank(Mul(ZScore(Div(Mean($amount,12),Add(Abs(Mean($final_float_market_cap,12)),0.000001))),ZScore(Mom($close,20)))))",ax_capacity_flow_x_price_momentum,phase3ax_capacity_flow_refinement,phase3ax_capacity_flow_refinement_pack_v1,phase3ax:b82ccb3297a58e281e1afe55,b82ccb3297a58e281e1afe55,phase3aw_directional_capacity,amount/final_float_market_cap/mean12_x_mom20,True,read_only_research_candidate
phase3ax_capacity_refine_00054,"Neg(CSRank(Mul(ZScore(Div(Mean($amount,12),Add(Abs(Mean($final_float_market_cap,12)),0.000001))),ZScore(Mom($close,30)))))",ax_capacity_flow_x_price_momentum,phase3ax_capacity_flow_refinement,phase3ax_capacity_flow_refinement_pack_v1,phase3ax:41786ac35170852db6bf6227,41786ac35170852db6bf6227,phase3aw_directional_capacity,amount/final_float_market_cap/mean12_x_mom30,True,read_only_research_candidate
phase3ax_capacity_refine_00055,"Neg(CSRank(Div(Std($amount,15),Add(Abs(Mean($final_float_market_cap,15)),0.000001))))",ax_inverse_capacity_flow_volatility,phase3ax_capacity_flow_refinement,phase3ax_capacity_flow_refinement_pack_v1,phase3ax:0262106d227a728232fc1507,0262106d227a728232fc1507,phase3aw_directional_capacity,amount/final_float_market_cap/std15,True,read_only_research_candidate
phase3ax_capacity_refine_00056,"Neg(CSRank(CSResidual(ZScore(Div(Mean($amount,15),Add(Abs(Mean($final_float_market_cap,15)),0.000001))),ZScore(Mom($close,15)))))",ax_capacity_residual_vs_price_momentum,phase3ax_capacity_flow_refinement,phase3ax_capacity_flow_refinement_pack_v1,phase3ax:5e2147384ee93b0dfa474f15,5e2147384ee93b0dfa474f15,phase3aw_directional_capacity,amount/final_float_market_cap/resid_mom15,True,read_only_research_candidate
phase3ax_capacity_refine_00057,"Neg(CSRank(Mul(ZScore(Div(Mean($amount,15),Add(Abs(Mean($final_float_market_cap,15)),0.000001))),ZScore(Mom($close,3)))))",ax_capacity_flow_x_price_momentum,phase3ax_capacity_flow_refinement,phase3ax_capacity_flow_refinement_pack_v1,phase3ax:f0af8527c48692a51b86d5e3,f0af8527c48692a51b86d5e3,phase3aw_directional_capacity,amount/final_float_market_cap/mean15_x_mom3,True,read_only_research_candidate
phase3ax_capacity_refine_00058,"Neg(CSRank(Mul(ZScore(Div(Mean($amount,15),Add(Abs(Mean($final_float_market_cap,15)),0.000001))),ZScore(Mom($close,5)))))",ax_capacity_flow_x_price_momentum,phase3ax_capacity_flow_refinement,phase3ax_capacity_flow_refinement_pack_v1,phase3ax:c3d3e973f2aa1ae53c05e9d7,c3d3e973f2aa1ae53c05e9d7,phase3aw_directional_capacity,amount/final_float_market_cap/mean15_x_mom5,True,read_only_research_candidate
phase3ax_capacity_refine_00059,"Neg(CSRank(Mul(ZScore(Div(Mean($amount,15),Add(Abs(Mean($final_float_market_cap,15)),0.000001))),ZScore(Mom($close,10)))))",ax_capacity_flow_x_price_momentum,phase3ax_capacity_flow_refinement,phase3ax_capacity_flow_refinement_pack_v1,phase3ax:ad6f4aa9f2b543b2763235a1,ad6f4aa9f2b543b2763235a1,phase3aw_directional_capacity,amount/final_float_market_cap/mean15_x_mom10,True,read_only_research_candidate
phase3ax_capacity_refine_00060,"Neg(CSRank(Mul(ZScore(Div(Mean($amount,15),Add(Abs(Mean($final_float_market_cap,15)),0.000001))),ZScore(Mom($close,20)))))",ax_capacity_flow_x_price_momentum,phase3ax_capacity_flow_refinement,phase3ax_capacity_flow_refinement_pack_v1,phase3ax:b910264d4b2828cdd98cb5ef,b910264d4b2828cdd98cb5ef,phase3aw_directional_capacity,amount/final_float_market_cap/mean15_x_mom20,True,read_only_research_candidate
phase3ax_capacity_refine_00061,"Neg(CSRank(Mul(ZScore(Div(Mean($amount,15),Add(Abs(Mean($final_float_market_cap,15)),0.000001))),ZScore(Mom($close,30)))))",ax_capacity_flow_x_price_momentum,phase3ax_capacity_flow_refinement,phase3ax_capacity_flow_refinement_pack_v1,phase3ax:38eb1cebe96fab681cef007f,38eb1cebe96fab681cef007f,phase3aw_directional_capacity,amount/final_float_market_cap/mean15_x_mom30,True,read_only_research_candidate
phase3ax_capacity_refine_00062,"Neg(CSRank(Div(Mean($amount,20),Add(Abs(Mean($final_float_market_cap,20)),0.000001))))",ax_inverse_capacity_flow_level,phase3ax_capacity_flow_refinement,phase3ax_capacity_flow_refinement_pack_v1,phase3ax:ad314276122cc281bbe7baaa,ad314276122cc281bbe7baaa,phase3aw_directional_capacity,amount/final_float_market_cap/mean20,True,read_only_research_candidate
phase3ax_capacity_refine_00063,"Neg(CSRank(CSResidual(ZScore(Div(Mean($amount,20),Add(Abs(Mean($final_float_market_cap,20)),0.000001))),ZScore(Mom($close,20)))))",ax_capacity_residual_vs_price_momentum,phase3ax_capacity_flow_refinement,phase3ax_capacity_flow_refinement_pack_v1,phase3ax:995f541c0a10697b38dca0ba,995f541c0a10697b38dca0ba,phase3aw_directional_capacity,amount/final_float_market_cap/resid_mom20,True,read_only_research_candidate
phase3ax_capacity_refine_00064,"Neg(CSRank(Mul(ZScore(Div(Mean($amount,20),Add(Abs(Mean($final_float_market_cap,20)),0.000001))),ZScore(Mom($close,3)))))",ax_capacity_flow_x_price_momentum,phase3ax_capacity_flow_refinement,phase3ax_capacity_flow_refinement_pack_v1,phase3ax:540bfa3c18cea334a469fe90,540bfa3c18cea334a469fe90,phase3aw_directional_capacity,amount/final_float_market_cap/mean20_x_mom3,True,read_only_research_candidate
phase3ax_capacity_refine_00065,"Neg(CSRank(Mul(ZScore(Div(Mean($amount,20),Add(Abs(Mean($final_float_market_cap,20)),0.000001))),ZScore(Mom($close,5)))))",ax_capacity_flow_x_price_momentum,phase3ax_capacity_flow_refinement,phase3ax_capacity_flow_refinement_pack_v1,phase3ax:526d1f9d884fca033c8648ab,526d1f9d884fca033c8648ab,phase3aw_directional_capacity,amount/final_float_market_cap/mean20_x_mom5,True,read_only_research_candidate
phase3ax_capacity_refine_00066,"Neg(CSRank(Mul(ZScore(Div(Mean($amount,20),Add(Abs(Mean($final_float_market_cap,20)),0.000001))),ZScore(Mom($close,10)))))",ax_capacity_flow_x_price_momentum,phase3ax_capacity_flow_refinement,phase3ax_capacity_flow_refinement_pack_v1,phase3ax:638b63199e9f8474f5226fb9,638b63199e9f8474f5226fb9,phase3aw_directional_capacity,amount/final_float_market_cap/mean20_x_mom10,True,read_only_research_candidate
phase3ax_capacity_refine_00067,"Neg(CSRank(Mul(ZScore(Div(Mean($amount,20),Add(Abs(Mean($final_float_market_cap,20)),0.000001))),ZScore(Mom($close,20)))))",ax_capacity_flow_x_price_momentum,phase3ax_capacity_flow_refinement,phase3ax_capacity_flow_refinement_pack_v1,phase3ax:f6196145e232b0955d848b8d,f6196145e232b0955d848b8d,phase3aw_directional_capacity,amount/final_float_market_cap/mean20_x_mom20,True,read_only_research_candidate
phase3ax_capacity_refine_00068,"Neg(CSRank(Mul(ZScore(Div(Mean($amount,20),Add(Abs(Mean($final_float_market_cap,20)),0.000001))),ZScore(Mom($close,30)))))",ax_capacity_flow_x_price_momentum,phase3ax_capacity_flow_refinement,phase3ax_capacity_flow_refinement_pack_v1,phase3ax:29336d7a19d31d46caa27b8c,29336d7a19d31d46caa27b8c,phase3aw_directional_capacity,amount/final_float_market_cap/mean20_x_mom30,True,read_only_research_candidate
phase3ax_capacity_refine_00069,"Neg(CSRank(CSResidual(ZScore(Div(Mean($amount,30),Add(Abs(Mean($final_float_market_cap,30)),0.000001))),ZScore(Mom($close,30)))))",ax_capacity_residual_vs_price_momentum,phase3ax_capacity_flow_refinement,phase3ax_capacity_flow_refinement_pack_v1,phase3ax:1f09f573592f647652277ce2,1f09f573592f647652277ce2,phase3aw_directional_capacity,amount/final_float_market_cap/resid_mom30,True,read_only_research_candidate
phase3ax_capacity_refine_00070,"Neg(CSRank(Mul(ZScore(Div(Mean($amount,30),Add(Abs(Mean($final_float_market_cap,30)),0.000001))),ZScore(Mom($close,3)))))",ax_capacity_flow_x_price_momentum,phase3ax_capacity_flow_refinement,phase3ax_capacity_flow_refinement_pack_v1,phase3ax:2b06aafaf5049e2669928121,2b06aafaf5049e2669928121,phase3aw_directional_capacity,amount/final_float_market_cap/mean30_x_mom3,True,read_only_research_candidate
phase3ax_capacity_refine_00071,"Neg(CSRank(Mul(ZScore(Div(Mean($amount,30),Add(Abs(Mean($final_float_market_cap,30)),0.000001))),ZScore(Mom($close,5)))))",ax_capacity_flow_x_price_momentum,phase3ax_capacity_flow_refinement,phase3ax_capacity_flow_refinement_pack_v1,phase3ax:52e8adfc5a2467205e5e5452,52e8adfc5a2467205e5e5452,phase3aw_directional_capacity,amount/final_float_market_cap/mean30_x_mom5,True,read_only_research_candidate
phase3ax_capacity_refine_00072,"Neg(CSRank(Mul(ZScore(Div(Mean($amount,30),Add(Abs(Mean($final_float_market_cap,30)),0.000001))),ZScore(Mom($close,10)))))",ax_capacity_flow_x_price_momentum,phase3ax_capacity_flow_refinement,phase3ax_capacity_flow_refinement_pack_v1,phase3ax:82c8112b1e65b7860db2390a,82c8112b1e65b7860db2390a,phase3aw_directional_capacity,amount/final_float_market_cap/mean30_x_mom10,True,read_only_research_candidate
phase3ax_capacity_refine_00073,"Neg(CSRank(Mul(ZScore(Div(Mean($amount,30),Add(Abs(Mean($final_float_market_cap,30)),0.000001))),ZScore(Mom($close,20)))))",ax_capacity_flow_x_price_momentum,phase3ax_capacity_flow_refinement,phase3ax_capacity_flow_refinement_pack_v1,phase3ax:d61b617ec70d5c421ea94ee7,d61b617ec70d5c421ea94ee7,phase3aw_directional_capacity,amount/final_float_market_cap/mean30_x_mom20,True,read_only_research_candidate
phase3ax_capacity_refine_00074,"Neg(CSRank(Mul(ZScore(Div(Mean($amount,30),Add(Abs(Mean($final_float_market_cap,30)),0.000001))),ZScore(Mom($close,30)))))",ax_capacity_flow_x_price_momentum,phase3ax_capacity_flow_refinement,phase3ax_capacity_flow_refinement_pack_v1,phase3ax:bbce4115b666cf62511877a6,bbce4115b666cf62511877a6,phase3aw_directional_capacity,amount/final_float_market_cap/mean30_x_mom30,True,read_only_research_candidate
phase3ax_capacity_refine_00075,"Neg(CSRank(CSResidual(ZScore(Div(Mean($amount,45),Add(Abs(Mean($final_float_market_cap,45)),0.000001))),ZScore(Mom($close,30)))))",ax_capacity_residual_vs_price_momentum,phase3ax_capacity_flow_refinement,phase3ax_capacity_flow_refinement_pack_v1,phase3ax:b549f0fc98fa913764c2372a,b549f0fc98fa913764c2372a,phase3aw_directional_capacity,amount/final_float_market_cap/resid_mom30,True,read_only_research_candidate
phase3ax_capacity_refine_00076,"Neg(CSRank(Mul(ZScore(Div(Mean($amount,45),Add(Abs(Mean($final_float_market_cap,45)),0.000001))),ZScore(Mom($close,3)))))",ax_capacity_flow_x_price_momentum,phase3ax_capacity_flow_refinement,phase3ax_capacity_flow_refinement_pack_v1,phase3ax:a2751d14ff6989269a2d6a1f,a2751d14ff6989269a2d6a1f,phase3aw_directional_capacity,amount/final_float_market_cap/mean45_x_mom3,True,read_only_research_candidate
phase3ax_capacity_refine_00077,"Neg(CSRank(Mul(ZScore(Div(Mean($amount,45),Add(Abs(Mean($final_float_market_cap,45)),0.000001))),ZScore(Mom($close,5)))))",ax_capacity_flow_x_price_momentum,phase3ax_capacity_flow_refinement,phase3ax_capacity_flow_refinement_pack_v1,phase3ax:a59a9271633a9b563d04a981,a59a9271633a9b563d04a981,phase3aw_directional_capacity,amount/final_float_market_cap/mean45_x_mom5,True,read_only_research_candidate
phase3ax_capacity_refine_00078,"Neg(CSRank(Mul(ZScore(Div(Mean($amount,45),Add(Abs(Mean($final_float_market_cap,45)),0.000001))),ZScore(Mom($close,10)))))",ax_capacity_flow_x_price_momentum,phase3ax_capacity_flow_refinement,phase3ax_capacity_flow_refinement_pack_v1,phase3ax:4fcc14d82fd25149d30e26de,4fcc14d82fd25149d30e26de,phase3aw_directional_capacity,amount/final_float_market_cap/mean45_x_mom10,True,read_only_research_candidate
phase3ax_capacity_refine_00079,"Neg(CSRank(Mul(ZScore(Div(Mean($amount,45),Add(Abs(Mean($final_float_market_cap,45)),0.000001))),ZScore(Mom($close,20)))))",ax_capacity_flow_x_price_momentum,phase3ax_capacity_flow_refinement,phase3ax_capacity_flow_refinement_pack_v1,phase3ax:1a0bfb67d7954db52f91e82a,1a0bfb67d7954db52f91e82a,phase3aw_directional_capacity,amount/final_float_market_cap/mean45_x_mom20,True,read_only_research_candidate
phase3ax_capacity_refine_00080,"Neg(CSRank(Mul(ZScore(Div(Mean($amount,45),Add(Abs(Mean($final_float_market_cap,45)),0.000001))),ZScore(Mom($close,30)))))",ax_capacity_flow_x_price_momentum,phase3ax_capacity_flow_refinement,phase3ax_capacity_flow_refinement_pack_v1,phase3ax:a8959b778e73f484fe6bbc7a,a8959b778e73f484fe6bbc7a,phase3aw_directional_capacity,amount/final_float_market_cap/mean45_x_mom30,True,read_only_research_candidate
phase3ax_capacity_refine_00081,"Neg(CSRank(CSResidual(ZScore(Div(Mean($amount,60),Add(Abs(Mean($final_float_market_cap,60)),0.000001))),ZScore(Mom($close,30)))))",ax_capacity_residual_vs_price_momentum,phase3ax_capacity_flow_refinement,phase3ax_capacity_flow_refinement_pack_v1,phase3ax:e8d2649bece88cff89933076,e8d2649bece88cff89933076,phase3aw_directional_capacity,amount/final_float_market_cap/resid_mom30,True,read_only_research_candidate
phase3ax_capacity_refine_00082,"Neg(CSRank(Mul(ZScore(Div(Mean($amount,60),Add(Abs(Mean($final_float_market_cap,60)),0.000001))),ZScore(Mom($close,3)))))",ax_capacity_flow_x_price_momentum,phase3ax_capacity_flow_refinement,phase3ax_capacity_flow_refinement_pack_v1,phase3ax:89bf952d8abbb4cb4983ddaf,89bf952d8abbb4cb4983ddaf,phase3aw_directional_capacity,amount/final_float_market_cap/mean60_x_mom3,True,read_only_research_candidate
phase3ax_capacity_refine_00083,"Neg(CSRank(Mul(ZScore(Div(Mean($amount,60),Add(Abs(Mean($final_float_market_cap,60)),0.000001))),ZScore(Mom($close,5)))))",ax_capacity_flow_x_price_momentum,phase3ax_capacity_flow_refinement,phase3ax_capacity_flow_refinement_pack_v1,phase3ax:e41f9ab1d0fc7bb01a37ac02,e41f9ab1d0fc7bb01a37ac02,phase3aw_directional_capacity,amount/final_float_market_cap/mean60_x_mom5,True,read_only_research_candidate
phase3ax_capacity_refine_00084,"Neg(CSRank(Mul(ZScore(Div(Mean($amount,60),Add(Abs(Mean($final_float_market_cap,60)),0.000001))),ZScore(Mom($close,10)))))",ax_capacity_flow_x_price_momentum,phase3ax_capacity_flow_refinement,phase3ax_capacity_flow_refinement_pack_v1,phase3ax:cbf432923441ea7b5d335efa,cbf432923441ea7b5d335efa,phase3aw_directional_capacity,amount/final_float_market_cap/mean60_x_mom10,True,read_only_research_candidate
phase3ax_capacity_refine_00085,"Neg(CSRank(Mul(ZScore(Div(Mean($amount,60),Add(Abs(Mean($final_float_market_cap,60)),0.000001))),ZScore(Mom($close,20)))))",ax_capacity_flow_x_price_momentum,phase3ax_capacity_flow_refinement,phase3ax_capacity_flow_refinement_pack_v1,phase3ax:1b6f93db7f63e22634072bf6,1b6f93db7f63e22634072bf6,phase3aw_directional_capacity,amount/final_float_market_cap/mean60_x_mom20,True,read_only_research_candidate
phase3ax_capacity_refine_00086,"Neg(CSRank(Mul(ZScore(Div(Mean($amount,60),Add(Abs(Mean($final_float_market_cap,60)),0.000001))),ZScore(Mom($close,30)))))",ax_capacity_flow_x_price_momentum,phase3ax_capacity_flow_refinement,phase3ax_capacity_flow_refinement_pack_v1,phase3ax:214ec1cf8d8ed6db07513c00,214ec1cf8d8ed6db07513c00,phase3aw_directional_capacity,amount/final_float_market_cap/mean60_x_mom30,True,read_only_research_candidate
phase3ax_capacity_refine_00087,"Neg(CSRank(Div(Mean($amount,90),Add(Abs(Mean($final_float_market_cap,90)),0.000001))))",ax_inverse_capacity_flow_level,phase3ax_capacity_flow_refinement,phase3ax_capacity_flow_refinement_pack_v1,phase3ax:8762cfbc8b62ffc1ad40536c,8762cfbc8b62ffc1ad40536c,phase3aw_directional_capacity,amount/final_float_market_cap/mean90,True,read_only_research_candidate
phase3ax_capacity_refine_00088,"Neg(CSRank(Div(Std($amount,90),Add(Abs(Mean($final_float_market_cap,90)),0.000001))))",ax_inverse_capacity_flow_volatility,phase3ax_capacity_flow_refinement,phase3ax_capacity_flow_refinement_pack_v1,phase3ax:0dcfd0f93ca91bbcfb0013bd,0dcfd0f93ca91bbcfb0013bd,phase3aw_directional_capacity,amount/final_float_market_cap/std90,True,read_only_research_candidate
phase3ax_capacity_refine_00089,"Neg(CSRank(CSResidual(ZScore(Div(Mean($amount,90),Add(Abs(Mean($final_float_market_cap,90)),0.000001))),ZScore(Mom($close,30)))))",ax_capacity_residual_vs_price_momentum,phase3ax_capacity_flow_refinement,phase3ax_capacity_flow_refinement_pack_v1,phase3ax:3decae7339c1df6bc07aa534,3decae7339c1df6bc07aa534,phase3aw_directional_capacity,amount/final_float_market_cap/resid_mom30,True,read_only_research_candidate
phase3ax_capacity_refine_00090,"Neg(CSRank(Mul(ZScore(Div(Mean($amount,90),Add(Abs(Mean($final_float_market_cap,90)),0.000001))),ZScore(Mom($close,3)))))",ax_capacity_flow_x_price_momentum,phase3ax_capacity_flow_refinement,phase3ax_capacity_flow_refinement_pack_v1,phase3ax:54e352363e3840bb8529111d,54e352363e3840bb8529111d,phase3aw_directional_capacity,amount/final_float_market_cap/mean90_x_mom3,True,read_only_research_candidate
phase3ax_capacity_refine_00091,"Neg(CSRank(Mul(ZScore(Div(Mean($amount,90),Add(Abs(Mean($final_float_market_cap,90)),0.000001))),ZScore(Mom($close,5)))))",ax_capacity_flow_x_price_momentum,phase3ax_capacity_flow_refinement,phase3ax_capacity_flow_refinement_pack_v1,phase3ax:d9f1b3df9de848045e4ca0c8,d9f1b3df9de848045e4ca0c8,phase3aw_directional_capacity,amount/final_float_market_cap/mean90_x_mom5,True,read_only_research_candidate
phase3ax_capacity_refine_00092,"Neg(CSRank(Mul(ZScore(Div(Mean($amount,90),Add(Abs(Mean($final_float_market_cap,90)),0.000001))),ZScore(Mom($close,10)))))",ax_capacity_flow_x_price_momentum,phase3ax_capacity_flow_refinement,phase3ax_capacity_flow_refinement_pack_v1,phase3ax:c8e83e8a1446b09213566306,c8e83e8a1446b09213566306,phase3aw_directional_capacity,amount/final_float_market_cap/mean90_x_mom10,True,read_only_research_candidate
phase3ax_capacity_refine_00093,"Neg(CSRank(Mul(ZScore(Div(Mean($amount,90),Add(Abs(Mean($final_float_market_cap,90)),0.000001))),ZScore(Mom($close,20)))))",ax_capacity_flow_x_price_momentum,phase3ax_capacity_flow_refinement,phase3ax_capacity_flow_refinement_pack_v1,phase3ax:21e19f29d92f3b82bca069f3,21e19f29d92f3b82bca069f3,phase3aw_directional_capacity,amount/final_float_market_cap/mean90_x_mom20,True,read_only_research_candidate
phase3ax_capacity_refine_00094,"Neg(CSRank(Mul(ZScore(Div(Mean($amount,90),Add(Abs(Mean($final_float_market_cap,90)),0.000001))),ZScore(Mom($close,30)))))",ax_capacity_flow_x_price_momentum,phase3ax_capacity_flow_refinement,phase3ax_capacity_flow_refinement_pack_v1,phase3ax:eef0ed5b812c638a6fab4e7c,eef0ed5b812c638a6fab4e7c,phase3aw_directional_capacity,amount/final_float_market_cap/mean90_x_mom30,True,read_only_research_candidate
phase3ax_capacity_refine_00095,"Neg(CSRank(Div(Mean($amount,120),Add(Abs(Mean($final_float_market_cap,120)),0.000001))))",ax_inverse_capacity_flow_level,phase3ax_capacity_flow_refinement,phase3ax_capacity_flow_refinement_pack_v1,phase3ax:3a4c4a7f64005103f7d1c9a4,3a4c4a7f64005103f7d1c9a4,phase3aw_directional_capacity,amount/final_float_market_cap/mean120,True,read_only_research_candidate
phase3ax_capacity_refine_00096,"Neg(CSRank(Div(Std($amount,120),Add(Abs(Mean($final_float_market_cap,120)),0.000001))))",ax_inverse_capacity_flow_volatility,phase3ax_capacity_flow_refinement,phase3ax_capacity_flow_refinement_pack_v1,phase3ax:a44deb8f4ac40492ebb834ca,a44deb8f4ac40492ebb834ca,phase3aw_directional_capacity,amount/final_float_market_cap/std120,True,read_only_research_candidate
phase3ax_capacity_refine_00097,"Neg(CSRank(CSResidual(ZScore(Div(Mean($amount,120),Add(Abs(Mean($final_float_market_cap,120)),0.000001))),ZScore(Mom($close,30)))))",ax_capacity_residual_vs_price_momentum,phase3ax_capacity_flow_refinement,phase3ax_capacity_flow_refinement_pack_v1,phase3ax:375c8e6551c3f5d319057d2e,375c8e6551c3f5d319057d2e,phase3aw_directional_capacity,amount/final_float_market_cap/resid_mom30,True,read_only_research_candidate
phase3ax_capacity_refine_00098,"Neg(CSRank(Mul(ZScore(Div(Mean($amount,120),Add(Abs(Mean($final_float_market_cap,120)),0.000001))),ZScore(Mom($close,3)))))",ax_capacity_flow_x_price_momentum,phase3ax_capacity_flow_refinement,phase3ax_capacity_flow_refinement_pack_v1,phase3ax:c919197c7cb39674f979bf59,c919197c7cb39674f979bf59,phase3aw_directional_capacity,amount/final_float_market_cap/mean120_x_mom3,True,read_only_research_candidate
phase3ax_capacity_refine_00099,"Neg(CSRank(Mul(ZScore(Div(Mean($amount,120),Add(Abs(Mean($final_float_market_cap,120)),0.000001))),ZScore(Mom($close,5)))))",ax_capacity_flow_x_price_momentum,phase3ax_capacity_flow_refinement,phase3ax_capacity_flow_refinement_pack_v1,phase3ax:84bbb0268718c0a78df6682f,84bbb0268718c0a78df6682f,phase3aw_directional_capacity,amount/final_float_market_cap/mean120_x_mom5,True,read_only_research_candidate
phase3ax_capacity_refine_00100,"Neg(CSRank(Mul(ZScore(Div(Mean($amount,120),Add(Abs(Mean($final_float_market_cap,120)),0.000001))),ZScore(Mom($close,10)))))",ax_capacity_flow_x_price_momentum,phase3ax_capacity_flow_refinement,phase3ax_capacity_flow_refinement_pack_v1,phase3ax:796acc772885f9bce08bae65,796acc772885f9bce08bae65,phase3aw_directional_capacity,amount/final_float_market_cap/mean120_x_mom10,True,read_only_research_candidate
phase3ax_capacity_refine_00101,"Neg(CSRank(Mul(ZScore(Div(Mean($amount,120),Add(Abs(Mean($final_float_market_cap,120)),0.000001))),ZScore(Mom($close,20)))))",ax_capacity_flow_x_price_momentum,phase3ax_capacity_flow_refinement,phase3ax_capacity_flow_refinement_pack_v1,phase3ax:ee3134fc94e622254a8f0989,ee3134fc94e622254a8f0989,phase3aw_directional_capacity,amount/final_float_market_cap/mean120_x_mom20,True,read_only_research_candidate
phase3ax_capacity_refine_00102,"Neg(CSRank(Mul(ZScore(Div(Mean($amount,120),Add(Abs(Mean($final_float_market_cap,120)),0.000001))),ZScore(Mom($close,30)))))",ax_capacity_flow_x_price_momentum,phase3ax_capacity_flow_refinement,phase3ax_capacity_flow_refinement_pack_v1,phase3ax:e1b4f78792fc9756134ca4f6,e1b4f78792fc9756134ca4f6,phase3aw_directional_capacity,amount/final_float_market_cap/mean120_x_mom30,True,read_only_research_candidate
phase3ax_capacity_refine_00103,"Neg(CSRank(Sub(ZScore(Div(Mean($amount,1),Add(Abs(Mean($final_float_market_cap,1)),0.000001))),ZScore(Div(Mean($amount,5),Add(Abs(Mean($final_float_market_cap,5)),0.000001))))))",ax_inverse_capacity_flow_acceleration,phase3ax_capacity_flow_refinement,phase3ax_capacity_flow_refinement_pack_v1,phase3ax:b042e698c737c018050bd83c,b042e698c737c018050bd83c,phase3aw_directional_capacity,amount/final_float_market_cap/accel1_5,True,read_only_research_candidate
phase3ax_capacity_refine_00104,"Neg(CSRank(CSResidual(ZScore(Div(Mean($amount,1),Add(Abs(Mean($final_float_market_cap,1)),0.000001))),ZScore(Div(Mean($amount,5),Add(Abs(Mean($final_float_market_cap,5)),0.000001))))))",ax_capacity_acceleration_residual,phase3ax_capacity_flow_refinement,phase3ax_capacity_flow_refinement_pack_v1,phase3ax:56429142e3408b83f195892b,56429142e3408b83f195892b,phase3aw_directional_capacity,amount/final_float_market_cap/accel_resid1_5,True,read_only_research_candidate
phase3ax_capacity_refine_00105,"Neg(CSRank(Sub(ZScore(Div(Mean($amount,2),Add(Abs(Mean($final_float_market_cap,2)),0.000001))),ZScore(Div(Mean($amount,8),Add(Abs(Mean($final_float_market_cap,8)),0.000001))))))",ax_inverse_capacity_flow_acceleration,phase3ax_capacity_flow_refinement,phase3ax_capacity_flow_refinement_pack_v1,phase3ax:19ed6e6d3760725f19826dca,19ed6e6d3760725f19826dca,phase3aw_directional_capacity,amount/final_float_market_cap/accel2_8,True,read_only_research_candidate
phase3ax_capacity_refine_00106,"Neg(CSRank(CSResidual(ZScore(Div(Mean($amount,2),Add(Abs(Mean($final_float_market_cap,2)),0.000001))),ZScore(Div(Mean($amount,8),Add(Abs(Mean($final_float_market_cap,8)),0.000001))))))",ax_capacity_acceleration_residual,phase3ax_capacity_flow_refinement,phase3ax_capacity_flow_refinement_pack_v1,phase3ax:218366a85c8c0e2c0b5103f9,218366a85c8c0e2c0b5103f9,phase3aw_directional_capacity,amount/final_float_market_cap/accel_resid2_8,True,read_only_research_candidate
phase3ax_capacity_refine_00107,"Neg(CSRank(Sub(ZScore(Div(Mean($amount,3),Add(Abs(Mean($final_float_market_cap,3)),0.000001))),ZScore(Div(Mean($amount,10),Add(Abs(Mean($final_float_market_cap,10)),0.000001))))))",ax_inverse_capacity_flow_acceleration,phase3ax_capacity_flow_refinement,phase3ax_capacity_flow_refinement_pack_v1,phase3ax:f3518e8d834d9a7d75520c03,f3518e8d834d9a7d75520c03,phase3aw_directional_capacity,amount/final_float_market_cap/accel3_10,True,read_only_research_candidate
phase3ax_capacity_refine_00108,"Neg(CSRank(CSResidual(ZScore(Div(Mean($amount,3),Add(Abs(Mean($final_float_market_cap,3)),0.000001))),ZScore(Div(Mean($amount,10),Add(Abs(Mean($final_float_market_cap,10)),0.000001))))))",ax_capacity_acceleration_residual,phase3ax_capacity_flow_refinement,phase3ax_capacity_flow_refinement_pack_v1,phase3ax:5ce5d942ca237e98548870fe,5ce5d942ca237e98548870fe,phase3aw_directional_capacity,amount/final_float_market_cap/accel_resid3_10,True,read_only_research_candidate
phase3ax_capacity_refine_00109,"Neg(CSRank(Sub(ZScore(Div(Mean($amount,5),Add(Abs(Mean($final_float_market_cap,5)),0.000001))),ZScore(Div(Mean($amount,20),Add(Abs(Mean($final_float_market_cap,20)),0.000001))))))",ax_inverse_capacity_flow_acceleration,phase3ax_capacity_flow_refinement,phase3ax_capacity_flow_refinement_pack_v1,phase3ax:680aa2c107805e778a4938c7,680aa2c107805e778a4938c7,phase3aw_directional_capacity,amount/final_float_market_cap/accel5_20,True,read_only_research_candidate
phase3ax_capacity_refine_00110,"Neg(CSRank(CSResidual(ZScore(Div(Mean($amount,5),Add(Abs(Mean($final_float_market_cap,5)),0.000001))),ZScore(Div(Mean($amount,20),Add(Abs(Mean($final_float_market_cap,20)),0.000001))))))",ax_capacity_acceleration_residual,phase3ax_capacity_flow_refinement,phase3ax_capacity_flow_refinement_pack_v1,phase3ax:f44978dd6e75cfb76f2b3ecd,f44978dd6e75cfb76f2b3ecd,phase3aw_directional_capacity,amount/final_float_market_cap/accel_resid5_20,True,read_only_research_candidate
phase3ax_capacity_refine_00111,"Neg(CSRank(Sub(ZScore(Div(Mean($amount,8),Add(Abs(Mean($final_float_market_cap,8)),0.000001))),ZScore(Div(Mean($amount,30),Add(Abs(Mean($final_float_market_cap,30)),0.000001))))))",ax_inverse_capacity_flow_acceleration,phase3ax_capacity_flow_refinement,phase3ax_capacity_flow_refinement_pack_v1,phase3ax:54164d716698c6f27d1c1552,54164d716698c6f27d1c1552,phase3aw_directional_capacity,amount/final_float_market_cap/accel8_30,True,read_only_research_candidate
phase3ax_capacity_refine_00112,"Neg(CSRank(CSResidual(ZScore(Div(Mean($amount,8),Add(Abs(Mean($final_float_market_cap,8)),0.000001))),ZScore(Div(Mean($amount,30),Add(Abs(Mean($final_float_market_cap,30)),0.000001))))))",ax_capacity_acceleration_residual,phase3ax_capacity_flow_refinement,phase3ax_capacity_flow_refinement_pack_v1,phase3ax:7de7894ead6c792264641cc3,7de7894ead6c792264641cc3,phase3aw_directional_capacity,amount/final_float_market_cap/accel_resid8_30,True,read_only_research_candidate
phase3ax_capacity_refine_00113,"Neg(CSRank(Sub(ZScore(Div(Mean($amount,10),Add(Abs(Mean($final_float_market_cap,10)),0.000001))),ZScore(Div(Mean($amount,45),Add(Abs(Mean($final_float_market_cap,45)),0.000001))))))",ax_inverse_capacity_flow_acceleration,phase3ax_capacity_flow_refinement,phase3ax_capacity_flow_refinement_pack_v1,phase3ax:c6368534f3c0c77d53862783,c6368534f3c0c77d53862783,phase3aw_directional_capacity,amount/final_float_market_cap/accel10_45,True,read_only_research_candidate
phase3ax_capacity_refine_00114,"Neg(CSRank(CSResidual(ZScore(Div(Mean($amount,10),Add(Abs(Mean($final_float_market_cap,10)),0.000001))),ZScore(Div(Mean($amount,45),Add(Abs(Mean($final_float_market_cap,45)),0.000001))))))",ax_capacity_acceleration_residual,phase3ax_capacity_flow_refinement,phase3ax_capacity_flow_refinement_pack_v1,phase3ax:770e431e9f5d3876102350f1,770e431e9f5d3876102350f1,phase3aw_directional_capacity,amount/final_float_market_cap/accel_resid10_45,True,read_only_research_candidate
phase3ax_capacity_refine_00115,"Neg(CSRank(Sub(ZScore(Div(Mean($amount,15),Add(Abs(Mean($final_float_market_cap,15)),0.000001))),ZScore(Div(Mean($amount,60),Add(Abs(Mean($final_float_market_cap,60)),0.000001))))))",ax_inverse_capacity_flow_acceleration,phase3ax_capacity_flow_refinement,phase3ax_capacity_flow_refinement_pack_v1,phase3ax:d03860b2899ea32b392472c3,d03860b2899ea32b392472c3,phase3aw_directional_capacity,amount/final_float_market_cap/accel15_60,True,read_only_research_candidate
phase3ax_capacity_refine_00116,"Neg(CSRank(CSResidual(ZScore(Div(Mean($amount,15),Add(Abs(Mean($final_float_market_cap,15)),0.000001))),ZScore(Div(Mean($amount,60),Add(Abs(Mean($final_float_market_cap,60)),0.000001))))))",ax_capacity_acceleration_residual,phase3ax_capacity_flow_refinement,phase3ax_capacity_flow_refinement_pack_v1,phase3ax:14d008d58b69171ba96024b8,14d008d58b69171ba96024b8,phase3aw_directional_capacity,amount/final_float_market_cap/accel_resid15_60,True,read_only_research_candidate
phase3ax_capacity_refine_00117,"Neg(CSRank(Sub(ZScore(Div(Mean($amount,30),Add(Abs(Mean($final_float_market_cap,30)),0.000001))),ZScore(Div(Mean($amount,120),Add(Abs(Mean($final_float_market_cap,120)),0.000001))))))",ax_inverse_capacity_flow_acceleration,phase3ax_capacity_flow_refinement,phase3ax_capacity_flow_refinement_pack_v1,phase3ax:a4f4b1ecd218faae56a74fb2,a4f4b1ecd218faae56a74fb2,phase3aw_directional_capacity,amount/final_float_market_cap/accel30_120,True,read_only_research_candidate
phase3ax_capacity_refine_00118,"Neg(CSRank(CSResidual(ZScore(Div(Mean($amount,30),Add(Abs(Mean($final_float_market_cap,30)),0.000001))),ZScore(Div(Mean($amount,120),Add(Abs(Mean($final_float_market_cap,120)),0.000001))))))",ax_capacity_acceleration_residual,phase3ax_capacity_flow_refinement,phase3ax_capacity_flow_refinement_pack_v1,phase3ax:9f41315a2f194b3b2f9a62c1,9f41315a2f194b3b2f9a62c1,phase3aw_directional_capacity,amount/final_float_market_cap/accel_resid30_120,True,read_only_research_candidate
phase3ax_capacity_refine_00119,"Neg(CSRank(Div(Mean($amount,1),Add(Abs(Mean($final_total_market_cap,1)),0.000001))))",ax_inverse_capacity_flow_level,phase3ax_capacity_flow_refinement,phase3ax_capacity_flow_refinement_pack_v1,phase3ax:96f8598c7d9f55efcbc89066,96f8598c7d9f55efcbc89066,phase3aw_directional_capacity,amount/final_total_market_cap/mean1,True,read_only_research_candidate
phase3ax_capacity_refine_00120,"Neg(CSRank(Div(Std($amount,1),Add(Abs(Mean($final_total_market_cap,1)),0.000001))))",ax_inverse_capacity_flow_volatility,phase3ax_capacity_flow_refinement,phase3ax_capacity_flow_refinement_pack_v1,phase3ax:354f250ed291d9bcca49a17b,354f250ed291d9bcca49a17b,phase3aw_directional_capacity,amount/final_total_market_cap/std1,True,read_only_research_candidate
phase3ax_capacity_refine_00121,"Neg(CSRank(CSResidual(ZScore(Div(Mean($amount,1),Add(Abs(Mean($final_total_market_cap,1)),0.000001))),ZScore(Mom($close,1)))))",ax_capacity_residual_vs_price_momentum,phase3ax_capacity_flow_refinement,phase3ax_capacity_flow_refinement_pack_v1,phase3ax:c66cb393fdd5804b0dda7bf6,c66cb393fdd5804b0dda7bf6,phase3aw_directional_capacity,amount/final_total_market_cap/resid_mom1,True,read_only_research_candidate
phase3ax_capacity_refine_00122,"Neg(CSRank(Mul(ZScore(Div(Mean($amount,1),Add(Abs(Mean($final_total_market_cap,1)),0.000001))),ZScore(Mom($close,3)))))",ax_capacity_flow_x_price_momentum,phase3ax_capacity_flow_refinement,phase3ax_capacity_flow_refinement_pack_v1,phase3ax:700412d09efdbe951a6ae013,700412d09efdbe951a6ae013,phase3aw_directional_capacity,amount/final_total_market_cap/mean1_x_mom3,True,read_only_research_candidate
phase3ax_capacity_refine_00123,"Neg(CSRank(Mul(ZScore(Div(Mean($amount,1),Add(Abs(Mean($final_total_market_cap,1)),0.000001))),ZScore(Mom($close,5)))))",ax_capacity_flow_x_price_momentum,phase3ax_capacity_flow_refinement,phase3ax_capacity_flow_refinement_pack_v1,phase3ax:96c40dfd7495579e2f3ab453,96c40dfd7495579e2f3ab453,phase3aw_directional_capacity,amount/final_total_market_cap/mean1_x_mom5,True,read_only_research_candidate
phase3ax_capacity_refine_00124,"Neg(CSRank(Mul(ZScore(Div(Mean($amount,1),Add(Abs(Mean($final_total_market_cap,1)),0.000001))),ZScore(Mom($close,10)))))",ax_capacity_flow_x_price_momentum,phase3ax_capacity_flow_refinement,phase3ax_capacity_flow_refinement_pack_v1,phase3ax:a441dfa2e84626a0a108602a,a441dfa2e84626a0a108602a,phase3aw_directional_capacity,amount/final_total_market_cap/mean1_x_mom10,True,read_only_research_candidate
phase3ax_capacity_refine_00125,"Neg(CSRank(Mul(ZScore(Div(Mean($amount,1),Add(Abs(Mean($final_total_market_cap,1)),0.000001))),ZScore(Mom($close,20)))))",ax_capacity_flow_x_price_momentum,phase3ax_capacity_flow_refinement,phase3ax_capacity_flow_refinement_pack_v1,phase3ax:bdc4a9508b1f029c201a96d9,bdc4a9508b1f029c201a96d9,phase3aw_directional_capacity,amount/final_total_market_cap/mean1_x_mom20,True,read_only_research_candidate
phase3ax_capacity_refine_00126,"Neg(CSRank(Mul(ZScore(Div(Mean($amount,1),Add(Abs(Mean($final_total_market_cap,1)),0.000001))),ZScore(Mom($close,30)))))",ax_capacity_flow_x_price_momentum,phase3ax_capacity_flow_refinement,phase3ax_capacity_flow_refinement_pack_v1,phase3ax:8c7557399072ddece3a14636,8c7557399072ddece3a14636,phase3aw_directional_capacity,amount/final_total_market_cap/mean1_x_mom30,True,read_only_research_candidate
phase3ax_capacity_refine_00127,"Neg(CSRank(Div(Std($amount,2),Add(Abs(Mean($final_total_market_cap,2)),0.000001))))",ax_inverse_capacity_flow_volatility,phase3ax_capacity_flow_refinement,phase3ax_capacity_flow_refinement_pack_v1,phase3ax:2554b50908eed15fdc26bda7,2554b50908eed15fdc26bda7,phase3aw_directional_capacity,amount/final_total_market_cap/std2,True,read_only_research_candidate
phase3ax_capacity_refine_00128,"Neg(CSRank(CSResidual(ZScore(Div(Mean($amount,2),Add(Abs(Mean($final_total_market_cap,2)),0.000001))),ZScore(Mom($close,2)))))",ax_capacity_residual_vs_price_momentum,phase3ax_capacity_flow_refinement,phase3ax_capacity_flow_refinement_pack_v1,phase3ax:0f613723da37834d95f7687e,0f613723da37834d95f7687e,phase3aw_directional_capacity,amount/final_total_market_cap/resid_mom2,True,read_only_research_candidate
phase3ax_capacity_refine_00129,"Neg(CSRank(Mul(ZScore(Div(Mean($amount,2),Add(Abs(Mean($final_total_market_cap,2)),0.000001))),ZScore(Mom($close,3)))))",ax_capacity_flow_x_price_momentum,phase3ax_capacity_flow_refinement,phase3ax_capacity_flow_refinement_pack_v1,phase3ax:f1254db72b205275c0afff0c,f1254db72b205275c0afff0c,phase3aw_directional_capacity,amount/final_total_market_cap/mean2_x_mom3,True,read_only_research_candidate
phase3ax_capacity_refine_00130,"Neg(CSRank(Mul(ZScore(Div(Mean($amount,2),Add(Abs(Mean($final_total_market_cap,2)),0.000001))),ZScore(Mom($close,5)))))",ax_capacity_flow_x_price_momentum,phase3ax_capacity_flow_refinement,phase3ax_capacity_flow_refinement_pack_v1,phase3ax:c43b8e8d07d431f882765dbe,c43b8e8d07d431f882765dbe,phase3aw_directional_capacity,amount/final_total_market_cap/mean2_x_mom5,True,read_only_research_candidate
phase3ax_capacity_refine_00131,"Neg(CSRank(Mul(ZScore(Div(Mean($amount,2),Add(Abs(Mean($final_total_market_cap,2)),0.000001))),ZScore(Mom($close,10)))))",ax_capacity_flow_x_price_momentum,phase3ax_capacity_flow_refinement,phase3ax_capacity_flow_refinement_pack_v1,phase3ax:f3831b7b180f7343d537b4b4,f3831b7b180f7343d537b4b4,phase3aw_directional_capacity,amount/final_total_market_cap/mean2_x_mom10,True,read_only_research_candidate
phase3ax_capacity_refine_00132,"Neg(CSRank(Mul(ZScore(Div(Mean($amount,2),Add(Abs(Mean($final_total_market_cap,2)),0.000001))),ZScore(Mom($close,20)))))",ax_capacity_flow_x_price_momentum,phase3ax_capacity_flow_refinement,phase3ax_capacity_flow_refinement_pack_v1,phase3ax:6fcd2b85d3353b22cf00d193,6fcd2b85d3353b22cf00d193,phase3aw_directional_capacity,amount/final_total_market_cap/mean2_x_mom20,True,read_only_research_candidate
phase3ax_capacity_refine_00133,"Neg(CSRank(Mul(ZScore(Div(Mean($amount,2),Add(Abs(Mean($final_total_market_cap,2)),0.000001))),ZScore(Mom($close,30)))))",ax_capacity_flow_x_price_momentum,phase3ax_capacity_flow_refinement,phase3ax_capacity_flow_refinement_pack_v1,phase3ax:b503f06de06f0c5ec1b65573,b503f06de06f0c5ec1b65573,phase3aw_directional_capacity,amount/final_total_market_cap/mean2_x_mom30,True,read_only_research_candidate
phase3ax_capacity_refine_00134,"Neg(CSRank(Div(Mean($amount,3),Add(Abs(Mean($final_total_market_cap,3)),0.000001))))",ax_inverse_capacity_flow_level,phase3ax_capacity_flow_refinement,phase3ax_capacity_flow_refinement_pack_v1,phase3ax:8247fddbd6077f6e33314256,8247fddbd6077f6e33314256,phase3aw_directional_capacity,amount/final_total_market_cap/mean3,True,read_only_research_candidate
phase3ax_capacity_refine_00135,"Neg(CSRank(Div(Std($amount,3),Add(Abs(Mean($final_total_market_cap,3)),0.000001))))",ax_inverse_capacity_flow_volatility,phase3ax_capacity_flow_refinement,phase3ax_capacity_flow_refinement_pack_v1,phase3ax:623ee7a59d4a18afc97409b5,623ee7a59d4a18afc97409b5,phase3aw_directional_capacity,amount/final_total_market_cap/std3,True,read_only_research_candidate
phase3ax_capacity_refine_00136,"Neg(CSRank(CSResidual(ZScore(Div(Mean($amount,3),Add(Abs(Mean($final_total_market_cap,3)),0.000001))),ZScore(Mom($close,3)))))",ax_capacity_residual_vs_price_momentum,phase3ax_capacity_flow_refinement,phase3ax_capacity_flow_refinement_pack_v1,phase3ax:a5d5bb2086a8e8bb05bc4a37,a5d5bb2086a8e8bb05bc4a37,phase3aw_directional_capacity,amount/final_total_market_cap/resid_mom3,True,read_only_research_candidate
phase3ax_capacity_refine_00137,"Neg(CSRank(Mul(ZScore(Div(Mean($amount,3),Add(Abs(Mean($final_total_market_cap,3)),0.000001))),ZScore(Mom($close,3)))))",ax_capacity_flow_x_price_momentum,phase3ax_capacity_flow_refinement,phase3ax_capacity_flow_refinement_pack_v1,phase3ax:5a59d97c719b2413f7d5ea58,5a59d97c719b2413f7d5ea58,phase3aw_directional_capacity,amount/final_total_market_cap/mean3_x_mom3,True,read_only_research_candidate
phase3ax_capacity_refine_00138,"Neg(CSRank(Mul(ZScore(Div(Mean($amount,3),Add(Abs(Mean($final_total_market_cap,3)),0.000001))),ZScore(Mom($close,5)))))",ax_capacity_flow_x_price_momentum,phase3ax_capacity_flow_refinement,phase3ax_capacity_flow_refinement_pack_v1,phase3ax:4881efe08fc87a4803678a2d,4881efe08fc87a4803678a2d,phase3aw_directional_capacity,amount/final_total_market_cap/mean3_x_mom5,True,read_only_research_candidate
phase3ax_capacity_refine_00139,"Neg(CSRank(Mul(ZScore(Div(Mean($amount,3),Add(Abs(Mean($final_total_market_cap,3)),0.000001))),ZScore(Mom($close,10)))))",ax_capacity_flow_x_price_momentum,phase3ax_capacity_flow_refinement,phase3ax_capacity_flow_refinement_pack_v1,phase3ax:244c2d28ff730e4eb0c9d075,244c2d28ff730e4eb0c9d075,phase3aw_directional_capacity,amount/final_total_market_cap/mean3_x_mom10,True,read_only_research_candidate
phase3ax_capacity_refine_00140,"Neg(CSRank(Mul(ZScore(Div(Mean($amount,3),Add(Abs(Mean($final_total_market_cap,3)),0.000001))),ZScore(Mom($close,20)))))",ax_capacity_flow_x_price_momentum,phase3ax_capacity_flow_refinement,phase3ax_capacity_flow_refinement_pack_v1,phase3ax:f87a590f690df5d2d997c5da,f87a590f690df5d2d997c5da,phase3aw_directional_capacity,amount/final_total_market_cap/mean3_x_mom20,True,read_only_research_candidate
phase3ax_capacity_refine_00141,"Neg(CSRank(Mul(ZScore(Div(Mean($amount,3),Add(Abs(Mean($final_total_market_cap,3)),0.000001))),ZScore(Mom($close,30)))))",ax_capacity_flow_x_price_momentum,phase3ax_capacity_flow_refinement,phase3ax_capacity_flow_refinement_pack_v1,phase3ax:6cae6a7cf5a98533e63ccf01,6cae6a7cf5a98533e63ccf01,phase3aw_directional_capacity,amount/final_total_market_cap/mean3_x_mom30,True,read_only_research_candidate
phase3ax_capacity_refine_00142,"Neg(CSRank(Div(Mean($amount,5),Add(Abs(Mean($final_total_market_cap,5)),0.000001))))",ax_inverse_capacity_flow_level,phase3ax_capacity_flow_refinement,phase3ax_capacity_flow_refinement_pack_v1,phase3ax:1f665adeb576f439de5cadeb,1f665adeb576f439de5cadeb,phase3aw_directional_capacity,amount/final_total_market_cap/mean5,True,read_only_research_candidate
phase3ax_capacity_refine_00143,"Neg(CSRank(Div(Std($amount,5),Add(Abs(Mean($final_total_market_cap,5)),0.000001))))",ax_inverse_capacity_flow_volatility,phase3ax_capacity_flow_refinement,phase3ax_capacity_flow_refinement_pack_v1,phase3ax:ef7e2359836d6e872a156a23,ef7e2359836d6e872a156a23,phase3aw_directional_capacity,amount/final_total_market_cap/std5,True,read_only_research_candidate
phase3ax_capacity_refine_00144,"Neg(CSRank(CSResidual(ZScore(Div(Mean($amount,5),Add(Abs(Mean($final_total_market_cap,5)),0.000001))),ZScore(Mom($close,5)))))",ax_capacity_residual_vs_price_momentum,phase3ax_capacity_flow_refinement,phase3ax_capacity_flow_refinement_pack_v1,phase3ax:87acd6c145fd7bf6f5d02879,87acd6c145fd7bf6f5d02879,phase3aw_directional_capacity,amount/final_total_market_cap/resid_mom5,True,read_only_research_candidate
phase3ax_capacity_refine_00145,"Neg(CSRank(Mul(ZScore(Div(Mean($amount,5),Add(Abs(Mean($final_total_market_cap,5)),0.000001))),ZScore(Mom($close,3)))))",ax_capacity_flow_x_price_momentum,phase3ax_capacity_flow_refinement,phase3ax_capacity_flow_refinement_pack_v1,phase3ax:b5890adb457af1a35d6c66bd,b5890adb457af1a35d6c66bd,phase3aw_directional_capacity,amount/final_total_market_cap/mean5_x_mom3,True,read_only_research_candidate
phase3ax_capacity_refine_00146,"Neg(CSRank(Mul(ZScore(Div(Mean($amount,5),Add(Abs(Mean($final_total_market_cap,5)),0.000001))),ZScore(Mom($close,5)))))",ax_capacity_flow_x_price_momentum,phase3ax_capacity_flow_refinement,phase3ax_capacity_flow_refinement_pack_v1,phase3ax:0a2152b63c2c6326e5434cd3,0a2152b63c2c6326e5434cd3,phase3aw_directional_capacity,amount/final_total_market_cap/mean5_x_mom5,True,read_only_research_candidate
phase3ax_capacity_refine_00147,"Neg(CSRank(Mul(ZScore(Div(Mean($amount,5),Add(Abs(Mean($final_total_market_cap,5)),0.000001))),ZScore(Mom($close,10)))))",ax_capacity_flow_x_price_momentum,phase3ax_capacity_flow_refinement,phase3ax_capacity_flow_refinement_pack_v1,phase3ax:68bf35876c0f4edc890d235b,68bf35876c0f4edc890d235b,phase3aw_directional_capacity,amount/final_total_market_cap/mean5_x_mom10,True,read_only_research_candidate
phase3ax_capacity_refine_00148,"Neg(CSRank(Mul(ZScore(Div(Mean($amount,5),Add(Abs(Mean($final_total_market_cap,5)),0.000001))),ZScore(Mom($close,20)))))",ax_capacity_flow_x_price_momentum,phase3ax_capacity_flow_refinement,phase3ax_capacity_flow_refinement_pack_v1,phase3ax:c1c493b4639016f3b8914210,c1c493b4639016f3b8914210,phase3aw_directional_capacity,amount/final_total_market_cap/mean5_x_mom20,True,read_only_research_candidate
phase3ax_capacity_refine_00149,"Neg(CSRank(Mul(ZScore(Div(Mean($amount,5),Add(Abs(Mean($final_total_market_cap,5)),0.000001))),ZScore(Mom($close,30)))))",ax_capacity_flow_x_price_momentum,phase3ax_capacity_flow_refinement,phase3ax_capacity_flow_refinement_pack_v1,phase3ax:2d6441285a52e7da653e70af,2d6441285a52e7da653e70af,phase3aw_directional_capacity,amount/final_total_market_cap/mean5_x_mom30,True,read_only_research_candidate
phase3ax_capacity_refine_00150,"Neg(CSRank(Div(Std($amount,8),Add(Abs(Mean($final_total_market_cap,8)),0.000001))))",ax_inverse_capacity_flow_volatility,phase3ax_capacity_flow_refinement,phase3ax_capacity_flow_refinement_pack_v1,phase3ax:c30f60a3d3f870438d9faf0e,c30f60a3d3f870438d9faf0e,phase3aw_directional_capacity,amount/final_total_market_cap/std8,True,read_only_research_candidate
phase3ax_capacity_refine_00151,"Neg(CSRank(CSResidual(ZScore(Div(Mean($amount,8),Add(Abs(Mean($final_total_market_cap,8)),0.000001))),ZScore(Mom($close,8)))))",ax_capacity_residual_vs_price_momentum,phase3ax_capacity_flow_refinement,phase3ax_capacity_flow_refinement_pack_v1,phase3ax:e290f9fd4dadd01585351ff5,e290f9fd4dadd01585351ff5,phase3aw_directional_capacity,amount/final_total_market_cap/resid_mom8,True,read_only_research_candidate
phase3ax_capacity_refine_00152,"Neg(CSRank(Mul(ZScore(Div(Mean($amount,8),Add(Abs(Mean($final_total_market_cap,8)),0.000001))),ZScore(Mom($close,3)))))",ax_capacity_flow_x_price_momentum,phase3ax_capacity_flow_refinement,phase3ax_capacity_flow_refinement_pack_v1,phase3ax:5937c86a37fef7f4c684e496,5937c86a37fef7f4c684e496,phase3aw_directional_capacity,amount/final_total_market_cap/mean8_x_mom3,True,read_only_research_candidate
phase3ax_capacity_refine_00153,"Neg(CSRank(Mul(ZScore(Div(Mean($amount,8),Add(Abs(Mean($final_total_market_cap,8)),0.000001))),ZScore(Mom($close,5)))))",ax_capacity_flow_x_price_momentum,phase3ax_capacity_flow_refinement,phase3ax_capacity_flow_refinement_pack_v1,phase3ax:0f6ad972bb7f03f1f2f6c3c6,0f6ad972bb7f03f1f2f6c3c6,phase3aw_directional_capacity,amount/final_total_market_cap/mean8_x_mom5,True,read_only_research_candidate
phase3ax_capacity_refine_00154,"Neg(CSRank(Mul(ZScore(Div(Mean($amount,8),Add(Abs(Mean($final_total_market_cap,8)),0.000001))),ZScore(Mom($close,10)))))",ax_capacity_flow_x_price_momentum,phase3ax_capacity_flow_refinement,phase3ax_capacity_flow_refinement_pack_v1,phase3ax:2e5ac48d07bd84ed5daa2efd,2e5ac48d07bd84ed5daa2efd,phase3aw_directional_capacity,amount/final_total_market_cap/mean8_x_mom10,True,read_only_research_candidate
phase3ax_capacity_refine_00155,"Neg(CSRank(Mul(ZScore(Div(Mean($amount,8),Add(Abs(Mean($final_total_market_cap,8)),0.000001))),ZScore(Mom($close,20)))))",ax_capacity_flow_x_price_momentum,phase3ax_capacity_flow_refinement,phase3ax_capacity_flow_refinement_pack_v1,phase3ax:991c924fa3fccc13e0fdd0be,991c924fa3fccc13e0fdd0be,phase3aw_directional_capacity,amount/final_total_market_cap/mean8_x_mom20,True,read_only_research_candidate
phase3ax_capacity_refine_00156,"Neg(CSRank(Mul(ZScore(Div(Mean($amount,8),Add(Abs(Mean($final_total_market_cap,8)),0.000001))),ZScore(Mom($close,30)))))",ax_capacity_flow_x_price_momentum,phase3ax_capacity_flow_refinement,phase3ax_capacity_flow_refinement_pack_v1,phase3ax:f6ab69e02e349d776d44cf2f,f6ab69e02e349d776d44cf2f,phase3aw_directional_capacity,amount/final_total_market_cap/mean8_x_mom30,True,read_only_research_candidate
phase3ax_capacity_refine_00157,"Neg(CSRank(Div(Mean($amount,10),Add(Abs(Mean($final_total_market_cap,10)),0.000001))))",ax_inverse_capacity_flow_level,phase3ax_capacity_flow_refinement,phase3ax_capacity_flow_refinement_pack_v1,phase3ax:221f627d3958b203bb528c90,221f627d3958b203bb528c90,phase3aw_directional_capacity,amount/final_total_market_cap/mean10,True,read_only_research_candidate
phase3ax_capacity_refine_00158,"Neg(CSRank(Div(Std($amount,10),Add(Abs(Mean($final_total_market_cap,10)),0.000001))))",ax_inverse_capacity_flow_volatility,phase3ax_capacity_flow_refinement,phase3ax_capacity_flow_refinement_pack_v1,phase3ax:f4351dd015ed3a4a9d7182fe,f4351dd015ed3a4a9d7182fe,phase3aw_directional_capacity,amount/final_total_market_cap/std10,True,read_only_research_candidate
phase3ax_capacity_refine_00159,"Neg(CSRank(CSResidual(ZScore(Div(Mean($amount,10),Add(Abs(Mean($final_total_market_cap,10)),0.000001))),ZScore(Mom($close,10)))))",ax_capacity_residual_vs_price_momentum,phase3ax_capacity_flow_refinement,phase3ax_capacity_flow_refinement_pack_v1,phase3ax:f27c761a13ccecc34fcaca5f,f27c761a13ccecc34fcaca5f,phase3aw_directional_capacity,amount/final_total_market_cap/resid_mom10,True,read_only_research_candidate
phase3ax_capacity_refine_00160,"Neg(CSRank(Mul(ZScore(Div(Mean($amount,10),Add(Abs(Mean($final_total_market_cap,10)),0.000001))),ZScore(Mom($close,3)))))",ax_capacity_flow_x_price_momentum,phase3ax_capacity_flow_refinement,phase3ax_capacity_flow_refinement_pack_v1,phase3ax:8f792913c0fb2db93633afb7,8f792913c0fb2db93633afb7,phase3aw_directional_capacity,amount/final_total_market_cap/mean10_x_mom3,True,read_only_research_candidate
phase3ax_capacity_refine_00161,"Neg(CSRank(Mul(ZScore(Div(Mean($amount,10),Add(Abs(Mean($final_total_market_cap,10)),0.000001))),ZScore(Mom($close,5)))))",ax_capacity_flow_x_price_momentum,phase3ax_capacity_flow_refinement,phase3ax_capacity_flow_refinement_pack_v1,phase3ax:4c9b03d8cad84049d4895866,4c9b03d8cad84049d4895866,phase3aw_directional_capacity,amount/final_total_market_cap/mean10_x_mom5,True,read_only_research_candidate
phase3ax_capacity_refine_00162,"Neg(CSRank(Mul(ZScore(Div(Mean($amount,10),Add(Abs(Mean($final_total_market_cap,10)),0.000001))),ZScore(Mom($close,10)))))",ax_capacity_flow_x_price_momentum,phase3ax_capacity_flow_refinement,phase3ax_capacity_flow_refinement_pack_v1,phase3ax:ecfe15abb7716f3203be1658,ecfe15abb7716f3203be1658,phase3aw_directional_capacity,amount/final_total_market_cap/mean10_x_mom10,True,read_only_research_candidate
phase3ax_capacity_refine_00163,"Neg(CSRank(Mul(ZScore(Div(Mean($amount,10),Add(Abs(Mean($final_total_market_cap,10)),0.000001))),ZScore(Mom($close,20)))))",ax_capacity_flow_x_price_momentum,phase3ax_capacity_flow_refinement,phase3ax_capacity_flow_refinement_pack_v1,phase3ax:0b534d8be6568cc09b4c9029,0b534d8be6568cc09b4c9029,phase3aw_directional_capacity,amount/final_total_market_cap/mean10_x_mom20,True,read_only_research_candidate
phase3ax_capacity_refine_00164,"Neg(CSRank(Mul(ZScore(Div(Mean($amount,10),Add(Abs(Mean($final_total_market_cap,10)),0.000001))),ZScore(Mom($close,30)))))",ax_capacity_flow_x_price_momentum,phase3ax_capacity_flow_refinement,phase3ax_capacity_flow_refinement_pack_v1,phase3ax:e4ece03d018e6f53923dd1d8,e4ece03d018e6f53923dd1d8,phase3aw_directional_capacity,amount/final_total_market_cap/mean10_x_mom30,True,read_only_research_candidate
phase3ax_capacity_refine_00165,"Neg(CSRank(Div(Mean($amount,12),Add(Abs(Mean($final_total_market_cap,12)),0.000001))))",ax_inverse_capacity_flow_level,phase3ax_capacity_flow_refinement,phase3ax_capacity_flow_refinement_pack_v1,phase3ax:1dc4ed6fa1a9a8b06eb0efde,1dc4ed6fa1a9a8b06eb0efde,phase3aw_directional_capacity,amount/final_total_market_cap/mean12,True,read_only_research_candidate
phase3ax_capacity_refine_00166,"Neg(CSRank(Div(Std($amount,12),Add(Abs(Mean($final_total_market_cap,12)),0.000001))))",ax_inverse_capacity_flow_volatility,phase3ax_capacity_flow_refinement,phase3ax_capacity_flow_refinement_pack_v1,phase3ax:6995a6789faf1cedfe074351,6995a6789faf1cedfe074351,phase3aw_directional_capacity,amount/final_total_market_cap/std12,True,read_only_research_candidate
phase3ax_capacity_refine_00167,"Neg(CSRank(CSResidual(ZScore(Div(Mean($amount,12),Add(Abs(Mean($final_total_market_cap,12)),0.000001))),ZScore(Mom($close,12)))))",ax_capacity_residual_vs_price_momentum,phase3ax_capacity_flow_refinement,phase3ax_capacity_flow_refinement_pack_v1,phase3ax:0de7b9110a20da21a87ac83d,0de7b9110a20da21a87ac83d,phase3aw_directional_capacity,amount/final_total_market_cap/resid_mom12,True,read_only_research_candidate
phase3ax_capacity_refine_00168,"Neg(CSRank(Mul(ZScore(Div(Mean($amount,12),Add(Abs(Mean($final_total_market_cap,12)),0.000001))),ZScore(Mom($close,3)))))",ax_capacity_flow_x_price_momentum,phase3ax_capacity_flow_refinement,phase3ax_capacity_flow_refinement_pack_v1,phase3ax:9c055b924864c934e89c6499,9c055b924864c934e89c6499,phase3aw_directional_capacity,amount/final_total_market_cap/mean12_x_mom3,True,read_only_research_candidate
phase3ax_capacity_refine_00169,"Neg(CSRank(Mul(ZScore(Div(Mean($amount,12),Add(Abs(Mean($final_total_market_cap,12)),0.000001))),ZScore(Mom($close,5)))))",ax_capacity_flow_x_price_momentum,phase3ax_capacity_flow_refinement,phase3ax_capacity_flow_refinement_pack_v1,phase3ax:faea09ca00acb3528f15d216,faea09ca00acb3528f15d216,phase3aw_directional_capacity,amount/final_total_market_cap/mean12_x_mom5,True,read_only_research_candidate
phase3ax_capacity_refine_00170,"Neg(CSRank(Mul(ZScore(Div(Mean($amount,12),Add(Abs(Mean($final_total_market_cap,12)),0.000001))),ZScore(Mom($close,10)))))",ax_capacity_flow_x_price_momentum,phase3ax_capacity_flow_refinement,phase3ax_capacity_flow_refinement_pack_v1,phase3ax:6d2e09c3166da73642368185,6d2e09c3166da73642368185,phase3aw_directional_capacity,amount/final_total_market_cap/mean12_x_mom10,True,read_only_research_candidate
phase3ax_capacity_refine_00171,"Neg(CSRank(Mul(ZScore(Div(Mean($amount,12),Add(Abs(Mean($final_total_market_cap,12)),0.000001))),ZScore(Mom($close,20)))))",ax_capacity_flow_x_price_momentum,phase3ax_capacity_flow_refinement,phase3ax_capacity_flow_refinement_pack_v1,phase3ax:b089b82c3783bb1b6eeea67f,b089b82c3783bb1b6eeea67f,phase3aw_directional_capacity,amount/final_total_market_cap/mean12_x_mom20,True,read_only_research_candidate
phase3ax_capacity_refine_00172,"Neg(CSRank(Mul(ZScore(Div(Mean($amount,12),Add(Abs(Mean($final_total_market_cap,12)),0.000001))),ZScore(Mom($close,30)))))",ax_capacity_flow_x_price_momentum,phase3ax_capacity_flow_refinement,phase3ax_capacity_flow_refinement_pack_v1,phase3ax:bb207d90de79d24241adf2cd,bb207d90de79d24241adf2cd,phase3aw_directional_capacity,amount/final_total_market_cap/mean12_x_mom30,True,read_only_research_candidate
phase3ax_capacity_refine_00173,"Neg(CSRank(Div(Std($amount,15),Add(Abs(Mean($final_total_market_cap,15)),0.000001))))",ax_inverse_capacity_flow_volatility,phase3ax_capacity_flow_refinement,phase3ax_capacity_flow_refinement_pack_v1,phase3ax:a264cc577fe22aaee7a02e2d,a264cc577fe22aaee7a02e2d,phase3aw_directional_capacity,amount/final_total_market_cap/std15,True,read_only_research_candidate
phase3ax_capacity_refine_00174,"Neg(CSRank(CSResidual(ZScore(Div(Mean($amount,15),Add(Abs(Mean($final_total_market_cap,15)),0.000001))),ZScore(Mom($close,15)))))",ax_capacity_residual_vs_price_momentum,phase3ax_capacity_flow_refinement,phase3ax_capacity_flow_refinement_pack_v1,phase3ax:cfb2a458e6281d3eceb41113,cfb2a458e6281d3eceb41113,phase3aw_directional_capacity,amount/final_total_market_cap/resid_mom15,True,read_only_research_candidate
phase3ax_capacity_refine_00175,"Neg(CSRank(Mul(ZScore(Div(Mean($amount,15),Add(Abs(Mean($final_total_market_cap,15)),0.000001))),ZScore(Mom($close,3)))))",ax_capacity_flow_x_price_momentum,phase3ax_capacity_flow_refinement,phase3ax_capacity_flow_refinement_pack_v1,phase3ax:c794bf1ea36eb6f3ee2a8d49,c794bf1ea36eb6f3ee2a8d49,phase3aw_directional_capacity,amount/final_total_market_cap/mean15_x_mom3,True,read_only_research_candidate
phase3ax_capacity_refine_00176,"Neg(CSRank(Mul(ZScore(Div(Mean($amount,15),Add(Abs(Mean($final_total_market_cap,15)),0.000001))),ZScore(Mom($close,5)))))",ax_capacity_flow_x_price_momentum,phase3ax_capacity_flow_refinement,phase3ax_capacity_flow_refinement_pack_v1,phase3ax:ce13877587303f6e9ecf92dc,ce13877587303f6e9ecf92dc,phase3aw_directional_capacity,amount/final_total_market_cap/mean15_x_mom5,True,read_only_research_candidate
phase3ax_capacity_refine_00177,"Neg(CSRank(Mul(ZScore(Div(Mean($amount,15),Add(Abs(Mean($final_total_market_cap,15)),0.000001))),ZScore(Mom($close,10)))))",ax_capacity_flow_x_price_momentum,phase3ax_capacity_flow_refinement,phase3ax_capacity_flow_refinement_pack_v1,phase3ax:bfce42b78ec306404a846ac8,bfce42b78ec306404a846ac8,phase3aw_directional_capacity,amount/final_total_market_cap/mean15_x_mom10,True,read_only_research_candidate
phase3ax_capacity_refine_00178,"Neg(CSRank(Mul(ZScore(Div(Mean($amount,15),Add(Abs(Mean($final_total_market_cap,15)),0.000001))),ZScore(Mom($close,20)))))",ax_capacity_flow_x_price_momentum,phase3ax_capacity_flow_refinement,phase3ax_capacity_flow_refinement_pack_v1,phase3ax:465473d95c87ba41252239f2,465473d95c87ba41252239f2,phase3aw_directional_capacity,amount/final_total_market_cap/mean15_x_mom20,True,read_only_research_candidate
phase3ax_capacity_refine_00179,"Neg(CSRank(Mul(ZScore(Div(Mean($amount,15),Add(Abs(Mean($final_total_market_cap,15)),0.000001))),ZScore(Mom($close,30)))))",ax_capacity_flow_x_price_momentum,phase3ax_capacity_flow_refinement,phase3ax_capacity_flow_refinement_pack_v1,phase3ax:358e21b7140a202d607fe99c,358e21b7140a202d607fe99c,phase3aw_directional_capacity,amount/final_total_market_cap/mean15_x_mom30,True,read_only_research_candidate
phase3ax_capacity_refine_00180,"Neg(CSRank(Div(Mean($amount,20),Add(Abs(Mean($final_total_market_cap,20)),0.000001))))",ax_inverse_capacity_flow_level,phase3ax_capacity_flow_refinement,phase3ax_capacity_flow_refinement_pack_v1,phase3ax:365504b3baa3cacf91f1cb11,365504b3baa3cacf91f1cb11,phase3aw_directional_capacity,amount/final_total_market_cap/mean20,True,read_only_research_candidate
phase3ax_capacity_refine_00181,"Neg(CSRank(Div(Std($amount,20),Add(Abs(Mean($final_total_market_cap,20)),0.000001))))",ax_inverse_capacity_flow_volatility,phase3ax_capacity_flow_refinement,phase3ax_capacity_flow_refinement_pack_v1,phase3ax:aeca955287ae92432b716fee,aeca955287ae92432b716fee,phase3aw_directional_capacity,amount/final_total_market_cap/std20,True,read_only_research_candidate
phase3ax_capacity_refine_00182,"Neg(CSRank(CSResidual(ZScore(Div(Mean($amount,20),Add(Abs(Mean($final_total_market_cap,20)),0.000001))),ZScore(Mom($close,20)))))",ax_capacity_residual_vs_price_momentum,phase3ax_capacity_flow_refinement,phase3ax_capacity_flow_refinement_pack_v1,phase3ax:8348ede2f00f633e5a10bda9,8348ede2f00f633e5a10bda9,phase3aw_directional_capacity,amount/final_total_market_cap/resid_mom20,True,read_only_research_candidate
phase3ax_capacity_refine_00183,"Neg(CSRank(Mul(ZScore(Div(Mean($amount,20),Add(Abs(Mean($final_total_market_cap,20)),0.000001))),ZScore(Mom($close,3)))))",ax_capacity_flow_x_price_momentum,phase3ax_capacity_flow_refinement,phase3ax_capacity_flow_refinement_pack_v1,phase3ax:c47cfbc812395d7bdaf80b59,c47cfbc812395d7bdaf80b59,phase3aw_directional_capacity,amount/final_total_market_cap/mean20_x_mom3,True,read_only_research_candidate
phase3ax_capacity_refine_00184,"Neg(CSRank(Mul(ZScore(Div(Mean($amount,20),Add(Abs(Mean($final_total_market_cap,20)),0.000001))),ZScore(Mom($close,5)))))",ax_capacity_flow_x_price_momentum,phase3ax_capacity_flow_refinement,phase3ax_capacity_flow_refinement_pack_v1,phase3ax:35b954f932ebd0da57c72a70,35b954f932ebd0da57c72a70,phase3aw_directional_capacity,amount/final_total_market_cap/mean20_x_mom5,True,read_only_research_candidate
phase3ax_capacity_refine_00185,"Neg(CSRank(Mul(ZScore(Div(Mean($amount,20),Add(Abs(Mean($final_total_market_cap,20)),0.000001))),ZScore(Mom($close,10)))))",ax_capacity_flow_x_price_momentum,phase3ax_capacity_flow_refinement,phase3ax_capacity_flow_refinement_pack_v1,phase3ax:a23e6371e9b73e9bcc83068b,a23e6371e9b73e9bcc83068b,phase3aw_directional_capacity,amount/final_total_market_cap/mean20_x_mom10,True,read_only_research_candidate
phase3ax_capacity_refine_00186,"Neg(CSRank(Mul(ZScore(Div(Mean($amount,20),Add(Abs(Mean($final_total_market_cap,20)),0.000001))),ZScore(Mom($close,20)))))",ax_capacity_flow_x_price_momentum,phase3ax_capacity_flow_refinement,phase3ax_capacity_flow_refinement_pack_v1,phase3ax:551b94e4a1e8007fbe79fae3,551b94e4a1e8007fbe79fae3,phase3aw_directional_capacity,amount/final_total_market_cap/mean20_x_mom20,True,read_only_research_candidate
phase3ax_capacity_refine_00187,"Neg(CSRank(Mul(ZScore(Div(Mean($amount,20),Add(Abs(Mean($final_total_market_cap,20)),0.000001))),ZScore(Mom($close,30)))))",ax_capacity_flow_x_price_momentum,phase3ax_capacity_flow_refinement,phase3ax_capacity_flow_refinement_pack_v1,phase3ax:e5370f722c52c56e8442cad2,e5370f722c52c56e8442cad2,phase3aw_directional_capacity,amount/final_total_market_cap/mean20_x_mom30,True,read_only_research_candidate
phase3ax_capacity_refine_00188,"Neg(CSRank(Div(Std($amount,30),Add(Abs(Mean($final_total_market_cap,30)),0.000001))))",ax_inverse_capacity_flow_volatility,phase3ax_capacity_flow_refinement,phase3ax_capacity_flow_refinement_pack_v1,phase3ax:6ff139bc7f9ad40f58a80c31,6ff139bc7f9ad40f58a80c31,phase3aw_directional_capacity,amount/final_total_market_cap/std30,True,read_only_research_candidate
phase3ax_capacity_refine_00189,"Neg(CSRank(CSResidual(ZScore(Div(Mean($amount,30),Add(Abs(Mean($final_total_market_cap,30)),0.000001))),ZScore(Mom($close,30)))))",ax_capacity_residual_vs_price_momentum,phase3ax_capacity_flow_refinement,phase3ax_capacity_flow_refinement_pack_v1,phase3ax:6248852fc9a837692f8d31cd,6248852fc9a837692f8d31cd,phase3aw_directional_capacity,amount/final_total_market_cap/resid_mom30,True,read_only_research_candidate
phase3ax_capacity_refine_00190,"Neg(CSRank(Mul(ZScore(Div(Mean($amount,30),Add(Abs(Mean($final_total_market_cap,30)),0.000001))),ZScore(Mom($close,3)))))",ax_capacity_flow_x_price_momentum,phase3ax_capacity_flow_refinement,phase3ax_capacity_flow_refinement_pack_v1,phase3ax:9bbbc406bc1615d3be4bc4f3,9bbbc406bc1615d3be4bc4f3,phase3aw_directional_capacity,amount/final_total_market_cap/mean30_x_mom3,True,read_only_research_candidate
phase3ax_capacity_refine_00191,"Neg(CSRank(Mul(ZScore(Div(Mean($amount,30),Add(Abs(Mean($final_total_market_cap,30)),0.000001))),ZScore(Mom($close,5)))))",ax_capacity_flow_x_price_momentum,phase3ax_capacity_flow_refinement,phase3ax_capacity_flow_refinement_pack_v1,phase3ax:4885d54cd4ec2234fadda88d,4885d54cd4ec2234fadda88d,phase3aw_directional_capacity,amount/final_total_market_cap/mean30_x_mom5,True,read_only_research_candidate
phase3ax_capacity_refine_00192,"Neg(CSRank(Mul(ZScore(Div(Mean($amount,30),Add(Abs(Mean($final_total_market_cap,30)),0.000001))),ZScore(Mom($close,10)))))",ax_capacity_flow_x_price_momentum,phase3ax_capacity_flow_refinement,phase3ax_capacity_flow_refinement_pack_v1,phase3ax:3f2a65eb5512ca39bc299b28,3f2a65eb5512ca39bc299b28,phase3aw_directional_capacity,amount/final_total_market_cap/mean30_x_mom10,True,read_only_research_candidate
phase3ax_capacity_refine_00193,"Neg(CSRank(Mul(ZScore(Div(Mean($amount,30),Add(Abs(Mean($final_total_market_cap,30)),0.000001))),ZScore(Mom($close,20)))))",ax_capacity_flow_x_price_momentum,phase3ax_capacity_flow_refinement,phase3ax_capacity_flow_refinement_pack_v1,phase3ax:8477f5b89709e00b188e654f,8477f5b89709e00b188e654f,phase3aw_directional_capacity,amount/final_total_market_cap/mean30_x_mom20,True,read_only_research_candidate
phase3ax_capacity_refine_00194,"Neg(CSRank(Mul(ZScore(Div(Mean($amount,30),Add(Abs(Mean($final_total_market_cap,30)),0.000001))),ZScore(Mom($close,30)))))",ax_capacity_flow_x_price_momentum,phase3ax_capacity_flow_refinement,phase3ax_capacity_flow_refinement_pack_v1,phase3ax:2251b151a5473f4f0ccb6a92,2251b151a5473f4f0ccb6a92,phase3aw_directional_capacity,amount/final_total_market_cap/mean30_x_mom30,True,read_only_research_candidate
phase3ax_capacity_refine_00195,"Neg(CSRank(Div(Std($amount,45),Add(Abs(Mean($final_total_market_cap,45)),0.000001))))",ax_inverse_capacity_flow_volatility,phase3ax_capacity_flow_refinement,phase3ax_capacity_flow_refinement_pack_v1,phase3ax:76db0af7ccbdc7567d939402,76db0af7ccbdc7567d939402,phase3aw_directional_capacity,amount/final_total_market_cap/std45,True,read_only_research_candidate
phase3ax_capacity_refine_00196,"Neg(CSRank(CSResidual(ZScore(Div(Mean($amount,45),Add(Abs(Mean($final_total_market_cap,45)),0.000001))),ZScore(Mom($close,30)))))",ax_capacity_residual_vs_price_momentum,phase3ax_capacity_flow_refinement,phase3ax_capacity_flow_refinement_pack_v1,phase3ax:6d20de319f4390064868e88e,6d20de319f4390064868e88e,phase3aw_directional_capacity,amount/final_total_market_cap/resid_mom30,True,read_only_research_candidate
phase3ax_capacity_refine_00197,"Neg(CSRank(Mul(ZScore(Div(Mean($amount,45),Add(Abs(Mean($final_total_market_cap,45)),0.000001))),ZScore(Mom($close,3)))))",ax_capacity_flow_x_price_momentum,phase3ax_capacity_flow_refinement,phase3ax_capacity_flow_refinement_pack_v1,phase3ax:0c2da1896439784e32c1cd36,0c2da1896439784e32c1cd36,phase3aw_directional_capacity,amount/final_total_market_cap/mean45_x_mom3,True,read_only_research_candidate
phase3ax_capacity_refine_00198,"Neg(CSRank(Mul(ZScore(Div(Mean($amount,45),Add(Abs(Mean($final_total_market_cap,45)),0.000001))),ZScore(Mom($close,5)))))",ax_capacity_flow_x_price_momentum,phase3ax_capacity_flow_refinement,phase3ax_capacity_flow_refinement_pack_v1,phase3ax:acabf5f0220f5b1bb733e0ba,acabf5f0220f5b1bb733e0ba,phase3aw_directional_capacity,amount/final_total_market_cap/mean45_x_mom5,True,read_only_research_candidate
phase3ax_capacity_refine_00199,"Neg(CSRank(Mul(ZScore(Div(Mean($amount,45),Add(Abs(Mean($final_total_market_cap,45)),0.000001))),ZScore(Mom($close,10)))))",ax_capacity_flow_x_price_momentum,phase3ax_capacity_flow_refinement,phase3ax_capacity_flow_refinement_pack_v1,phase3ax:9a9298bd07b740aebecbabb4,9a9298bd07b740aebecbabb4,phase3aw_directional_capacity,amount/final_total_market_cap/mean45_x_mom10,True,read_only_research_candidate
phase3ax_capacity_refine_00200,"Neg(CSRank(Mul(ZScore(Div(Mean($amount,45),Add(Abs(Mean($final_total_market_cap,45)),0.000001))),ZScore(Mom($close,20)))))",ax_capacity_flow_x_price_momentum,phase3ax_capacity_flow_refinement,phase3ax_capacity_flow_refinement_pack_v1,phase3ax:e03b7d14438a5aa1483684cc,e03b7d14438a5aa1483684cc,phase3aw_directional_capacity,amount/final_total_market_cap/mean45_x_mom20,True,read_only_research_candidate
phase3ax_capacity_refine_00201,"Neg(CSRank(Mul(ZScore(Div(Mean($amount,45),Add(Abs(Mean($final_total_market_cap,45)),0.000001))),ZScore(Mom($close,30)))))",ax_capacity_flow_x_price_momentum,phase3ax_capacity_flow_refinement,phase3ax_capacity_flow_refinement_pack_v1,phase3ax:e33b210bd305f4fd39e42f36,e33b210bd305f4fd39e42f36,phase3aw_directional_capacity,amount/final_total_market_cap/mean45_x_mom30,True,read_only_research_candidate
phase3ax_capacity_refine_00202,"Neg(CSRank(CSResidual(ZScore(Div(Mean($amount,60),Add(Abs(Mean($final_total_market_cap,60)),0.000001))),ZScore(Mom($close,30)))))",ax_capacity_residual_vs_price_momentum,phase3ax_capacity_flow_refinement,phase3ax_capacity_flow_refinement_pack_v1,phase3ax:d4ac05b48d80e8a0a8a2a0db,d4ac05b48d80e8a0a8a2a0db,phase3aw_directional_capacity,amount/final_total_market_cap/resid_mom30,True,read_only_research_candidate
phase3ax_capacity_refine_00203,"Neg(CSRank(Mul(ZScore(Div(Mean($amount,60),Add(Abs(Mean($final_total_market_cap,60)),0.000001))),ZScore(Mom($close,3)))))",ax_capacity_flow_x_price_momentum,phase3ax_capacity_flow_refinement,phase3ax_capacity_flow_refinement_pack_v1,phase3ax:742c489a35f9dc59ef11fbc5,742c489a35f9dc59ef11fbc5,phase3aw_directional_capacity,amount/final_total_market_cap/mean60_x_mom3,True,read_only_research_candidate
phase3ax_capacity_refine_00204,"Neg(CSRank(Mul(ZScore(Div(Mean($amount,60),Add(Abs(Mean($final_total_market_cap,60)),0.000001))),ZScore(Mom($close,5)))))",ax_capacity_flow_x_price_momentum,phase3ax_capacity_flow_refinement,phase3ax_capacity_flow_refinement_pack_v1,phase3ax:254adf1cea163730306ea003,254adf1cea163730306ea003,phase3aw_directional_capacity,amount/final_total_market_cap/mean60_x_mom5,True,read_only_research_candidate
phase3ax_capacity_refine_00205,"Neg(CSRank(Mul(ZScore(Div(Mean($amount,60),Add(Abs(Mean($final_total_market_cap,60)),0.000001))),ZScore(Mom($close,10)))))",ax_capacity_flow_x_price_momentum,phase3ax_capacity_flow_refinement,phase3ax_capacity_flow_refinement_pack_v1,phase3ax:76d08c79569662ef4390ff6a,76d08c79569662ef4390ff6a,phase3aw_directional_capacity,amount/final_total_market_cap/mean60_x_mom10,True,read_only_research_candidate
phase3ax_capacity_refine_00206,"Neg(CSRank(Mul(ZScore(Div(Mean($amount,60),Add(Abs(Mean($final_total_market_cap,60)),0.000001))),ZScore(Mom($close,20)))))",ax_capacity_flow_x_price_momentum,phase3ax_capacity_flow_refinement,phase3ax_capacity_flow_refinement_pack_v1,phase3ax:b83aa253893b791258fa8c7b,b83aa253893b791258fa8c7b,phase3aw_directional_capacity,amount/final_total_market_cap/mean60_x_mom20,True,read_only_research_candidate
phase3ax_capacity_refine_00207,"Neg(CSRank(Mul(ZScore(Div(Mean($amount,60),Add(Abs(Mean($final_total_market_cap,60)),0.000001))),ZScore(Mom($close,30)))))",ax_capacity_flow_x_price_momentum,phase3ax_capacity_flow_refinement,phase3ax_capacity_flow_refinement_pack_v1,phase3ax:f347b62e708eac9415afca7e,f347b62e708eac9415afca7e,phase3aw_directional_capacity,amount/final_total_market_cap/mean60_x_mom30,True,read_only_research_candidate
phase3ax_capacity_refine_00208,"Neg(CSRank(Div(Mean($amount,90),Add(Abs(Mean($final_total_market_cap,90)),0.000001))))",ax_inverse_capacity_flow_level,phase3ax_capacity_flow_refinement,phase3ax_capacity_flow_refinement_pack_v1,phase3ax:f716276b3fcf594e152d1150,f716276b3fcf594e152d1150,phase3aw_directional_capacity,amount/final_total_market_cap/mean90,True,read_only_research_candidate
phase3ax_capacity_refine_00209,"Neg(CSRank(Div(Std($amount,90),Add(Abs(Mean($final_total_market_cap,90)),0.000001))))",ax_inverse_capacity_flow_volatility,phase3ax_capacity_flow_refinement,phase3ax_capacity_flow_refinement_pack_v1,phase3ax:ad4ebee108ca0299b2dbccd7,ad4ebee108ca0299b2dbccd7,phase3aw_directional_capacity,amount/final_total_market_cap/std90,True,read_only_research_candidate
phase3ax_capacity_refine_00210,"Neg(CSRank(CSResidual(ZScore(Div(Mean($amount,90),Add(Abs(Mean($final_total_market_cap,90)),0.000001))),ZScore(Mom($close,30)))))",ax_capacity_residual_vs_price_momentum,phase3ax_capacity_flow_refinement,phase3ax_capacity_flow_refinement_pack_v1,phase3ax:bd0b9c2ae923d6934c1eab1b,bd0b9c2ae923d6934c1eab1b,phase3aw_directional_capacity,amount/final_total_market_cap/resid_mom30,True,read_only_research_candidate
phase3ax_capacity_refine_00211,"Neg(CSRank(Mul(ZScore(Div(Mean($amount,90),Add(Abs(Mean($final_total_market_cap,90)),0.000001))),ZScore(Mom($close,3)))))",ax_capacity_flow_x_price_momentum,phase3ax_capacity_flow_refinement,phase3ax_capacity_flow_refinement_pack_v1,phase3ax:b55bcad0aa5a5794eca2addf,b55bcad0aa5a5794eca2addf,phase3aw_directional_capacity,amount/final_total_market_cap/mean90_x_mom3,True,read_only_research_candidate
phase3ax_capacity_refine_00212,"Neg(CSRank(Mul(ZScore(Div(Mean($amount,90),Add(Abs(Mean($final_total_market_cap,90)),0.000001))),ZScore(Mom($close,5)))))",ax_capacity_flow_x_price_momentum,phase3ax_capacity_flow_refinement,phase3ax_capacity_flow_refinement_pack_v1,phase3ax:2eabafcf36ed60fde4c73bed,2eabafcf36ed60fde4c73bed,phase3aw_directional_capacity,amount/final_total_market_cap/mean90_x_mom5,True,read_only_research_candidate
phase3ax_capacity_refine_00213,"Neg(CSRank(Mul(ZScore(Div(Mean($amount,90),Add(Abs(Mean($final_total_market_cap,90)),0.000001))),ZScore(Mom($close,10)))))",ax_capacity_flow_x_price_momentum,phase3ax_capacity_flow_refinement,phase3ax_capacity_flow_refinement_pack_v1,phase3ax:343f5b5560675c6edd6801ab,343f5b5560675c6edd6801ab,phase3aw_directional_capacity,amount/final_total_market_cap/mean90_x_mom10,True,read_only_research_candidate
phase3ax_capacity_refine_00214,"Neg(CSRank(Mul(ZScore(Div(Mean($amount,90),Add(Abs(Mean($final_total_market_cap,90)),0.000001))),ZScore(Mom($close,20)))))",ax_capacity_flow_x_price_momentum,phase3ax_capacity_flow_refinement,phase3ax_capacity_flow_refinement_pack_v1,phase3ax:ae8e58a169b53c69a1326943,ae8e58a169b53c69a1326943,phase3aw_directional_capacity,amount/final_total_market_cap/mean90_x_mom20,True,read_only_research_candidate
phase3ax_capacity_refine_00215,"Neg(CSRank(Mul(ZScore(Div(Mean($amount,90),Add(Abs(Mean($final_total_market_cap,90)),0.000001))),ZScore(Mom($close,30)))))",ax_capacity_flow_x_price_momentum,phase3ax_capacity_flow_refinement,phase3ax_capacity_flow_refinement_pack_v1,phase3ax:1e228818102013c63c1ebb3a,1e228818102013c63c1ebb3a,phase3aw_directional_capacity,amount/final_total_market_cap/mean90_x_mom30,True,read_only_research_candidate
phase3ax_capacity_refine_00216,"Neg(CSRank(Div(Mean($amount,120),Add(Abs(Mean($final_total_market_cap,120)),0.000001))))",ax_inverse_capacity_flow_level,phase3ax_capacity_flow_refinement,phase3ax_capacity_flow_refinement_pack_v1,phase3ax:b05b8dc5b3514b4e95f2c5a8,b05b8dc5b3514b4e95f2c5a8,phase3aw_directional_capacity,amount/final_total_market_cap/mean120,True,read_only_research_candidate
phase3ax_capacity_refine_00217,"Neg(CSRank(Div(Std($amount,120),Add(Abs(Mean($final_total_market_cap,120)),0.000001))))",ax_inverse_capacity_flow_volatility,phase3ax_capacity_flow_refinement,phase3ax_capacity_flow_refinement_pack_v1,phase3ax:5a7bf90e3351cb5a4b1a2311,5a7bf90e3351cb5a4b1a2311,phase3aw_directional_capacity,amount/final_total_market_cap/std120,True,read_only_research_candidate
phase3ax_capacity_refine_00218,"Neg(CSRank(CSResidual(ZScore(Div(Mean($amount,120),Add(Abs(Mean($final_total_market_cap,120)),0.000001))),ZScore(Mom($close,30)))))",ax_capacity_residual_vs_price_momentum,phase3ax_capacity_flow_refinement,phase3ax_capacity_flow_refinement_pack_v1,phase3ax:169c8e1498c2b33121e186af,169c8e1498c2b33121e186af,phase3aw_directional_capacity,amount/final_total_market_cap/resid_mom30,True,read_only_research_candidate
phase3ax_capacity_refine_00219,"Neg(CSRank(Mul(ZScore(Div(Mean($amount,120),Add(Abs(Mean($final_total_market_cap,120)),0.000001))),ZScore(Mom($close,3)))))",ax_capacity_flow_x_price_momentum,phase3ax_capacity_flow_refinement,phase3ax_capacity_flow_refinement_pack_v1,phase3ax:3b27b547fd1810039fbe04c9,3b27b547fd1810039fbe04c9,phase3aw_directional_capacity,amount/final_total_market_cap/mean120_x_mom3,True,read_only_research_candidate
phase3ax_capacity_refine_00220,"Neg(CSRank(Mul(ZScore(Div(Mean($amount,120),Add(Abs(Mean($final_total_market_cap,120)),0.000001))),ZScore(Mom($close,5)))))",ax_capacity_flow_x_price_momentum,phase3ax_capacity_flow_refinement,phase3ax_capacity_flow_refinement_pack_v1,phase3ax:11727ba463319d11e12fc110,11727ba463319d11e12fc110,phase3aw_directional_capacity,amount/final_total_market_cap/mean120_x_mom5,True,read_only_research_candidate
phase3ax_capacity_refine_00221,"Neg(CSRank(Mul(ZScore(Div(Mean($amount,120),Add(Abs(Mean($final_total_market_cap,120)),0.000001))),ZScore(Mom($close,10)))))",ax_capacity_flow_x_price_momentum,phase3ax_capacity_flow_refinement,phase3ax_capacity_flow_refinement_pack_v1,phase3ax:1a4d1ef62a9f006ba5d02b2f,1a4d1ef62a9f006ba5d02b2f,phase3aw_directional_capacity,amount/final_total_market_cap/mean120_x_mom10,True,read_only_research_candidate
phase3ax_capacity_refine_00222,"Neg(CSRank(Mul(ZScore(Div(Mean($amount,120),Add(Abs(Mean($final_total_market_cap,120)),0.000001))),ZScore(Mom($close,20)))))",ax_capacity_flow_x_price_momentum,phase3ax_capacity_flow_refinement,phase3ax_capacity_flow_refinement_pack_v1,phase3ax:63a9d3d4ef1e3f5a93129d02,63a9d3d4ef1e3f5a93129d02,phase3aw_directional_capacity,amount/final_total_market_cap/mean120_x_mom20,True,read_only_research_candidate
phase3ax_capacity_refine_00223,"Neg(CSRank(Mul(ZScore(Div(Mean($amount,120),Add(Abs(Mean($final_total_market_cap,120)),0.000001))),ZScore(Mom($close,30)))))",ax_capacity_flow_x_price_momentum,phase3ax_capacity_flow_refinement,phase3ax_capacity_flow_refinement_pack_v1,phase3ax:ff42de194a7d251d2bc803a3,ff42de194a7d251d2bc803a3,phase3aw_directional_capacity,amount/final_total_market_cap/mean120_x_mom30,True,read_only_research_candidate
phase3ax_capacity_refine_00224,"Neg(CSRank(Sub(ZScore(Div(Mean($amount,1),Add(Abs(Mean($final_total_market_cap,1)),0.000001))),ZScore(Div(Mean($amount,5),Add(Abs(Mean($final_total_market_cap,5)),0.000001))))))",ax_inverse_capacity_flow_acceleration,phase3ax_capacity_flow_refinement,phase3ax_capacity_flow_refinement_pack_v1,phase3ax:5ad90ffac46b49704272c2bd,5ad90ffac46b49704272c2bd,phase3aw_directional_capacity,amount/final_total_market_cap/accel1_5,True,read_only_research_candidate
phase3ax_capacity_refine_00225,"Neg(CSRank(CSResidual(ZScore(Div(Mean($amount,1),Add(Abs(Mean($final_total_market_cap,1)),0.000001))),ZScore(Div(Mean($amount,5),Add(Abs(Mean($final_total_market_cap,5)),0.000001))))))",ax_capacity_acceleration_residual,phase3ax_capacity_flow_refinement,phase3ax_capacity_flow_refinement_pack_v1,phase3ax:59fa0969456f6cea10a8e281,59fa0969456f6cea10a8e281,phase3aw_directional_capacity,amount/final_total_market_cap/accel_resid1_5,True,read_only_research_candidate
phase3ax_capacity_refine_00226,"Neg(CSRank(Sub(ZScore(Div(Mean($amount,2),Add(Abs(Mean($final_total_market_cap,2)),0.000001))),ZScore(Div(Mean($amount,8),Add(Abs(Mean($final_total_market_cap,8)),0.000001))))))",ax_inverse_capacity_flow_acceleration,phase3ax_capacity_flow_refinement,phase3ax_capacity_flow_refinement_pack_v1,phase3ax:fcb8123605a7a134e3452543,fcb8123605a7a134e3452543,phase3aw_directional_capacity,amount/final_total_market_cap/accel2_8,True,read_only_research_candidate
phase3ax_capacity_refine_00227,"Neg(CSRank(CSResidual(ZScore(Div(Mean($amount,2),Add(Abs(Mean($final_total_market_cap,2)),0.000001))),ZScore(Div(Mean($amount,8),Add(Abs(Mean($final_total_market_cap,8)),0.000001))))))",ax_capacity_acceleration_residual,phase3ax_capacity_flow_refinement,phase3ax_capacity_flow_refinement_pack_v1,phase3ax:f3b0c7b1e271b690326b0ed9,f3b0c7b1e271b690326b0ed9,phase3aw_directional_capacity,amount/final_total_market_cap/accel_resid2_8,True,read_only_research_candidate
phase3ax_capacity_refine_00228,"Neg(CSRank(Sub(ZScore(Div(Mean($amount,3),Add(Abs(Mean($final_total_market_cap,3)),0.000001))),ZScore(Div(Mean($amount,10),Add(Abs(Mean($final_total_market_cap,10)),0.000001))))))",ax_inverse_capacity_flow_acceleration,phase3ax_capacity_flow_refinement,phase3ax_capacity_flow_refinement_pack_v1,phase3ax:6c61b430b7f539a776c74008,6c61b430b7f539a776c74008,phase3aw_directional_capacity,amount/final_total_market_cap/accel3_10,True,read_only_research_candidate
phase3ax_capacity_refine_00229,"Neg(CSRank(CSResidual(ZScore(Div(Mean($amount,3),Add(Abs(Mean($final_total_market_cap,3)),0.000001))),ZScore(Div(Mean($amount,10),Add(Abs(Mean($final_total_market_cap,10)),0.000001))))))",ax_capacity_acceleration_residual,phase3ax_capacity_flow_refinement,phase3ax_capacity_flow_refinement_pack_v1,phase3ax:c1cd36f2a92ecbefcdcb7b58,c1cd36f2a92ecbefcdcb7b58,phase3aw_directional_capacity,amount/final_total_market_cap/accel_resid3_10,True,read_only_research_candidate
phase3ax_capacity_refine_00230,"Neg(CSRank(Sub(ZScore(Div(Mean($amount,5),Add(Abs(Mean($final_total_market_cap,5)),0.000001))),ZScore(Div(Mean($amount,20),Add(Abs(Mean($final_total_market_cap,20)),0.000001))))))",ax_inverse_capacity_flow_acceleration,phase3ax_capacity_flow_refinement,phase3ax_capacity_flow_refinement_pack_v1,phase3ax:3a62109e82e1b1126eef7a3f,3a62109e82e1b1126eef7a3f,phase3aw_directional_capacity,amount/final_total_market_cap/accel5_20,True,read_only_research_candidate
phase3ax_capacity_refine_00231,"Neg(CSRank(CSResidual(ZScore(Div(Mean($amount,5),Add(Abs(Mean($final_total_market_cap,5)),0.000001))),ZScore(Div(Mean($amount,20),Add(Abs(Mean($final_total_market_cap,20)),0.000001))))))",ax_capacity_acceleration_residual,phase3ax_capacity_flow_refinement,phase3ax_capacity_flow_refinement_pack_v1,phase3ax:183ca01a72a1a55147e1a137,183ca01a72a1a55147e1a137,phase3aw_directional_capacity,amount/final_total_market_cap/accel_resid5_20,True,read_only_research_candidate
phase3ax_capacity_refine_00232,"Neg(CSRank(Sub(ZScore(Div(Mean($amount,8),Add(Abs(Mean($final_total_market_cap,8)),0.000001))),ZScore(Div(Mean($amount,30),Add(Abs(Mean($final_total_market_cap,30)),0.000001))))))",ax_inverse_capacity_flow_acceleration,phase3ax_capacity_flow_refinement,phase3ax_capacity_flow_refinement_pack_v1,phase3ax:93f1c813f23fc86918289b3d,93f1c813f23fc86918289b3d,phase3aw_directional_capacity,amount/final_total_market_cap/accel8_30,True,read_only_research_candidate
phase3ax_capacity_refine_00233,"Neg(CSRank(CSResidual(ZScore(Div(Mean($amount,8),Add(Abs(Mean($final_total_market_cap,8)),0.000001))),ZScore(Div(Mean($amount,30),Add(Abs(Mean($final_total_market_cap,30)),0.000001))))))",ax_capacity_acceleration_residual,phase3ax_capacity_flow_refinement,phase3ax_capacity_flow_refinement_pack_v1,phase3ax:5e66761758c3b6d2400b35be,5e66761758c3b6d2400b35be,phase3aw_directional_capacity,amount/final_total_market_cap/accel_resid8_30,True,read_only_research_candidate
phase3ax_capacity_refine_00234,"Neg(CSRank(Sub(ZScore(Div(Mean($amount,10),Add(Abs(Mean($final_total_market_cap,10)),0.000001))),ZScore(Div(Mean($amount,45),Add(Abs(Mean($final_total_market_cap,45)),0.000001))))))",ax_inverse_capacity_flow_acceleration,phase3ax_capacity_flow_refinement,phase3ax_capacity_flow_refinement_pack_v1,phase3ax:65577c38714e6e52fce2f11f,65577c38714e6e52fce2f11f,phase3aw_directional_capacity,amount/final_total_market_cap/accel10_45,True,read_only_research_candidate
phase3ax_capacity_refine_00235,"Neg(CSRank(CSResidual(ZScore(Div(Mean($amount,10),Add(Abs(Mean($final_total_market_cap,10)),0.000001))),ZScore(Div(Mean($amount,45),Add(Abs(Mean($final_total_market_cap,45)),0.000001))))))",ax_capacity_acceleration_residual,phase3ax_capacity_flow_refinement,phase3ax_capacity_flow_refinement_pack_v1,phase3ax:ebe848e5cb2fefe8b1bf8b46,ebe848e5cb2fefe8b1bf8b46,phase3aw_directional_capacity,amount/final_total_market_cap/accel_resid10_45,True,read_only_research_candidate
phase3ax_capacity_refine_00236,"Neg(CSRank(Sub(ZScore(Div(Mean($amount,15),Add(Abs(Mean($final_total_market_cap,15)),0.000001))),ZScore(Div(Mean($amount,60),Add(Abs(Mean($final_total_market_cap,60)),0.000001))))))",ax_inverse_capacity_flow_acceleration,phase3ax_capacity_flow_refinement,phase3ax_capacity_flow_refinement_pack_v1,phase3ax:301d68ec31e4406ce233404f,301d68ec31e4406ce233404f,phase3aw_directional_capacity,amount/final_total_market_cap/accel15_60,True,read_only_research_candidate
phase3ax_capacity_refine_00237,"Neg(CSRank(CSResidual(ZScore(Div(Mean($amount,15),Add(Abs(Mean($final_total_market_cap,15)),0.000001))),ZScore(Div(Mean($amount,60),Add(Abs(Mean($final_total_market_cap,60)),0.000001))))))",ax_capacity_acceleration_residual,phase3ax_capacity_flow_refinement,phase3ax_capacity_flow_refinement_pack_v1,phase3ax:d2b24c259e04303cf104cd45,d2b24c259e04303cf104cd45,phase3aw_directional_capacity,amount/final_total_market_cap/accel_resid15_60,True,read_only_research_candidate
phase3ax_capacity_refine_00238,"Neg(CSRank(Sub(ZScore(Div(Mean($amount,30),Add(Abs(Mean($final_total_market_cap,30)),0.000001))),ZScore(Div(Mean($amount,120),Add(Abs(Mean($final_total_market_cap,120)),0.000001))))))",ax_inverse_capacity_flow_acceleration,phase3ax_capacity_flow_refinement,phase3ax_capacity_flow_refinement_pack_v1,phase3ax:2cb7b49bbfb292ac3fc9271f,2cb7b49bbfb292ac3fc9271f,phase3aw_directional_capacity,amount/final_total_market_cap/accel30_120,True,read_only_research_candidate
phase3ax_capacity_refine_00239,"Neg(CSRank(CSResidual(ZScore(Div(Mean($amount,30),Add(Abs(Mean($final_total_market_cap,30)),0.000001))),ZScore(Div(Mean($amount,120),Add(Abs(Mean($final_total_market_cap,120)),0.000001))))))",ax_capacity_acceleration_residual,phase3ax_capacity_flow_refinement,phase3ax_capacity_flow_refinement_pack_v1,phase3ax:6f9211f3256d8b6f3def1a52,6f9211f3256d8b6f3def1a52,phase3aw_directional_capacity,amount/final_total_market_cap/accel_resid30_120,True,read_only_research_candidate
phase3ax_capacity_refine_00240,"Neg(CSRank(Div(Std($amount,1),Add(Abs(Mean($float_share,1)),0.000001))))",ax_inverse_capacity_flow_volatility,phase3ax_capacity_flow_refinement,phase3ax_capacity_flow_refinement_pack_v1,phase3ax:14ee28240efa6eae4b28169e,14ee28240efa6eae4b28169e,phase3aw_directional_capacity,amount/float_share/std1,True,read_only_research_candidate
phase3ax_capacity_refine_00241,"Neg(CSRank(CSResidual(ZScore(Div(Mean($amount,1),Add(Abs(Mean($float_share,1)),0.000001))),ZScore(Mom($close,1)))))",ax_capacity_residual_vs_price_momentum,phase3ax_capacity_flow_refinement,phase3ax_capacity_flow_refinement_pack_v1,phase3ax:cd5db703f2f1e2970e05d7e9,cd5db703f2f1e2970e05d7e9,phase3aw_directional_capacity,amount/float_share/resid_mom1,True,read_only_research_candidate
phase3ax_capacity_refine_00242,"Neg(CSRank(Mul(ZScore(Div(Mean($amount,1),Add(Abs(Mean($float_share,1)),0.000001))),ZScore(Mom($close,3)))))",ax_capacity_flow_x_price_momentum,phase3ax_capacity_flow_refinement,phase3ax_capacity_flow_refinement_pack_v1,phase3ax:407deaba1de58da5238743e6,407deaba1de58da5238743e6,phase3aw_directional_capacity,amount/float_share/mean1_x_mom3,True,read_only_research_candidate
phase3ax_capacity_refine_00243,"Neg(CSRank(Mul(ZScore(Div(Mean($amount,1),Add(Abs(Mean($float_share,1)),0.000001))),ZScore(Mom($close,5)))))",ax_capacity_flow_x_price_momentum,phase3ax_capacity_flow_refinement,phase3ax_capacity_flow_refinement_pack_v1,phase3ax:31e9586be75941d315b0ee56,31e9586be75941d315b0ee56,phase3aw_directional_capacity,amount/float_share/mean1_x_mom5,True,read_only_research_candidate
phase3ax_capacity_refine_00244,"Neg(CSRank(Mul(ZScore(Div(Mean($amount,1),Add(Abs(Mean($float_share,1)),0.000001))),ZScore(Mom($close,10)))))",ax_capacity_flow_x_price_momentum,phase3ax_capacity_flow_refinement,phase3ax_capacity_flow_refinement_pack_v1,phase3ax:0579952a2afde545e0bf69e9,0579952a2afde545e0bf69e9,phase3aw_directional_capacity,amount/float_share/mean1_x_mom10,True,read_only_research_candidate
phase3ax_capacity_refine_00245,"Neg(CSRank(Mul(ZScore(Div(Mean($amount,1),Add(Abs(Mean($float_share,1)),0.000001))),ZScore(Mom($close,20)))))",ax_capacity_flow_x_price_momentum,phase3ax_capacity_flow_refinement,phase3ax_capacity_flow_refinement_pack_v1,phase3ax:f6f3735c55c82d728dc6dfe1,f6f3735c55c82d728dc6dfe1,phase3aw_directional_capacity,amount/float_share/mean1_x_mom20,True,read_only_research_candidate
phase3ax_capacity_refine_00246,"Neg(CSRank(Mul(ZScore(Div(Mean($amount,1),Add(Abs(Mean($float_share,1)),0.000001))),ZScore(Mom($close,30)))))",ax_capacity_flow_x_price_momentum,phase3ax_capacity_flow_refinement,phase3ax_capacity_flow_refinement_pack_v1,phase3ax:21848bf526d5cc5d3c993076,21848bf526d5cc5d3c993076,phase3aw_directional_capacity,amount/float_share/mean1_x_mom30,True,read_only_research_candidate
phase3ax_capacity_refine_00247,"Neg(CSRank(Div(Std($amount,2),Add(Abs(Mean($float_share,2)),0.000001))))",ax_inverse_capacity_flow_volatility,phase3ax_capacity_flow_refinement,phase3ax_capacity_flow_refinement_pack_v1,phase3ax:8fed8f0f474e3199ce66b9ce,8fed8f0f474e3199ce66b9ce,phase3aw_directional_capacity,amount/float_share/std2,True,read_only_research_candidate
phase3ax_capacity_refine_00248,"Neg(CSRank(CSResidual(ZScore(Div(Mean($amount,2),Add(Abs(Mean($float_share,2)),0.000001))),ZScore(Mom($close,2)))))",ax_capacity_residual_vs_price_momentum,phase3ax_capacity_flow_refinement,phase3ax_capacity_flow_refinement_pack_v1,phase3ax:85093e162b215f2425d64dd8,85093e162b215f2425d64dd8,phase3aw_directional_capacity,amount/float_share/resid_mom2,True,read_only_research_candidate
phase3ax_capacity_refine_00249,"Neg(CSRank(Mul(ZScore(Div(Mean($amount,2),Add(Abs(Mean($float_share,2)),0.000001))),ZScore(Mom($close,3)))))",ax_capacity_flow_x_price_momentum,phase3ax_capacity_flow_refinement,phase3ax_capacity_flow_refinement_pack_v1,phase3ax:6d3292763f4510980c56ff78,6d3292763f4510980c56ff78,phase3aw_directional_capacity,amount/float_share/mean2_x_mom3,True,read_only_research_candidate
phase3ax_capacity_refine_00250,"Neg(CSRank(Mul(ZScore(Div(Mean($amount,2),Add(Abs(Mean($float_share,2)),0.000001))),ZScore(Mom($close,5)))))",ax_capacity_flow_x_price_momentum,phase3ax_capacity_flow_refinement,phase3ax_capacity_flow_refinement_pack_v1,phase3ax:5e94657983a721a3c2a07a4f,5e94657983a721a3c2a07a4f,phase3aw_directional_capacity,amount/float_share/mean2_x_mom5,True,read_only_research_candidate
phase3ax_capacity_refine_00251,"Neg(CSRank(Mul(ZScore(Div(Mean($amount,2),Add(Abs(Mean($float_share,2)),0.000001))),ZScore(Mom($close,10)))))",ax_capacity_flow_x_price_momentum,phase3ax_capacity_flow_refinement,phase3ax_capacity_flow_refinement_pack_v1,phase3ax:90e1c0b97ebd1dc09aad65b3,90e1c0b97ebd1dc09aad65b3,phase3aw_directional_capacity,amount/float_share/mean2_x_mom10,True,read_only_research_candidate
phase3ax_capacity_refine_00252,"Neg(CSRank(Mul(ZScore(Div(Mean($amount,2),Add(Abs(Mean($float_share,2)),0.000001))),ZScore(Mom($close,20)))))",ax_capacity_flow_x_price_momentum,phase3ax_capacity_flow_refinement,phase3ax_capacity_flow_refinement_pack_v1,phase3ax:23b0b731ebca3c48dc0c3da0,23b0b731ebca3c48dc0c3da0,phase3aw_directional_capacity,amount/float_share/mean2_x_mom20,True,read_only_research_candidate
phase3ax_capacity_refine_00253,"Neg(CSRank(Mul(ZScore(Div(Mean($amount,2),Add(Abs(Mean($float_share,2)),0.000001))),ZScore(Mom($close,30)))))",ax_capacity_flow_x_price_momentum,phase3ax_capacity_flow_refinement,phase3ax_capacity_flow_refinement_pack_v1,phase3ax:6ab05f738a60df7f68a00dc4,6ab05f738a60df7f68a00dc4,phase3aw_directional_capacity,amount/float_share/mean2_x_mom30,True,read_only_research_candidate
phase3ax_capacity_refine_00254,"Neg(CSRank(Div(Std($amount,3),Add(Abs(Mean($float_share,3)),0.000001))))",ax_inverse_capacity_flow_volatility,phase3ax_capacity_flow_refinement,phase3ax_capacity_flow_refinement_pack_v1,phase3ax:a1e5113ea55e95b5052359be,a1e5113ea55e95b5052359be,phase3aw_directional_capacity,amount/float_share/std3,True,read_only_research_candidate
phase3ax_capacity_refine_00255,"Neg(CSRank(CSResidual(ZScore(Div(Mean($amount,3),Add(Abs(Mean($float_share,3)),0.000001))),ZScore(Mom($close,3)))))",ax_capacity_residual_vs_price_momentum,phase3ax_capacity_flow_refinement,phase3ax_capacity_flow_refinement_pack_v1,phase3ax:98cd95dafdb0b2cd354339fc,98cd95dafdb0b2cd354339fc,phase3aw_directional_capacity,amount/float_share/resid_mom3,True,read_only_research_candidate
phase3ax_capacity_refine_00256,"Neg(CSRank(Mul(ZScore(Div(Mean($amount,3),Add(Abs(Mean($float_share,3)),0.000001))),ZScore(Mom($close,3)))))",ax_capacity_flow_x_price_momentum,phase3ax_capacity_flow_refinement,phase3ax_capacity_flow_refinement_pack_v1,phase3ax:96ff94be9239655d76f6dd5b,96ff94be9239655d76f6dd5b,phase3aw_directional_capacity,amount/float_share/mean3_x_mom3,True,read_only_research_candidate
phase3ax_capacity_refine_00257,"Neg(CSRank(Mul(ZScore(Div(Mean($amount,3),Add(Abs(Mean($float_share,3)),0.000001))),ZScore(Mom($close,5)))))",ax_capacity_flow_x_price_momentum,phase3ax_capacity_flow_refinement,phase3ax_capacity_flow_refinement_pack_v1,phase3ax:4b8fe0309fde4bf7431beaa3,4b8fe0309fde4bf7431beaa3,phase3aw_directional_capacity,amount/float_share/mean3_x_mom5,True,read_only_research_candidate
phase3ax_capacity_refine_00258,"Neg(CSRank(Mul(ZScore(Div(Mean($amount,3),Add(Abs(Mean($float_share,3)),0.000001))),ZScore(Mom($close,10)))))",ax_capacity_flow_x_price_momentum,phase3ax_capacity_flow_refinement,phase3ax_capacity_flow_refinement_pack_v1,phase3ax:5ef9dc142ab4e21250250ed0,5ef9dc142ab4e21250250ed0,phase3aw_directional_capacity,amount/float_share/mean3_x_mom10,True,read_only_research_candidate
phase3ax_capacity_refine_00259,"Neg(CSRank(Mul(ZScore(Div(Mean($amount,3),Add(Abs(Mean($float_share,3)),0.000001))),ZScore(Mom($close,20)))))",ax_capacity_flow_x_price_momentum,phase3ax_capacity_flow_refinement,phase3ax_capacity_flow_refinement_pack_v1,phase3ax:58d0a90e7664322ead09af4f,58d0a90e7664322ead09af4f,phase3aw_directional_capacity,amount/float_share/mean3_x_mom20,True,read_only_research_candidate
phase3ax_capacity_refine_00260,"Neg(CSRank(Mul(ZScore(Div(Mean($amount,3),Add(Abs(Mean($float_share,3)),0.000001))),ZScore(Mom($close,30)))))",ax_capacity_flow_x_price_momentum,phase3ax_capacity_flow_refinement,phase3ax_capacity_flow_refinement_pack_v1,phase3ax:1220c761f57c17bc4ca12442,1220c761f57c17bc4ca12442,phase3aw_directional_capacity,amount/float_share/mean3_x_mom30,True,read_only_research_candidate
phase3ax_capacity_refine_00261,"Neg(CSRank(CSResidual(ZScore(Div(Mean($amount,5),Add(Abs(Mean($float_share,5)),0.000001))),ZScore(Mom($close,5)))))",ax_capacity_residual_vs_price_momentum,phase3ax_capacity_flow_refinement,phase3ax_capacity_flow_refinement_pack_v1,phase3ax:eb9ebca052f60e1dec796c45,eb9ebca052f60e1dec796c45,phase3aw_directional_capacity,amount/float_share/resid_mom5,True,read_only_research_candidate
phase3ax_capacity_refine_00262,"Neg(CSRank(Mul(ZScore(Div(Mean($amount,5),Add(Abs(Mean($float_share,5)),0.000001))),ZScore(Mom($close,3)))))",ax_capacity_flow_x_price_momentum,phase3ax_capacity_flow_refinement,phase3ax_capacity_flow_refinement_pack_v1,phase3ax:79fa46ba8552d3f7f0fb37e3,79fa46ba8552d3f7f0fb37e3,phase3aw_directional_capacity,amount/float_share/mean5_x_mom3,True,read_only_research_candidate
phase3ax_capacity_refine_00263,"Neg(CSRank(Mul(ZScore(Div(Mean($amount,5),Add(Abs(Mean($float_share,5)),0.000001))),ZScore(Mom($close,5)))))",ax_capacity_flow_x_price_momentum,phase3ax_capacity_flow_refinement,phase3ax_capacity_flow_refinement_pack_v1,phase3ax:0f050af493f0da13e1d19771,0f050af493f0da13e1d19771,phase3aw_directional_capacity,amount/float_share/mean5_x_mom5,True,read_only_research_candidate
phase3ax_capacity_refine_00264,"Neg(CSRank(Mul(ZScore(Div(Mean($amount,5),Add(Abs(Mean($float_share,5)),0.000001))),ZScore(Mom($close,10)))))",ax_capacity_flow_x_price_momentum,phase3ax_capacity_flow_refinement,phase3ax_capacity_flow_refinement_pack_v1,phase3ax:4462890638b5929cf7e7f5de,4462890638b5929cf7e7f5de,phase3aw_directional_capacity,amount/float_share/mean5_x_mom10,True,read_only_research_candidate
phase3ax_capacity_refine_00265,"Neg(CSRank(Mul(ZScore(Div(Mean($amount,5),Add(Abs(Mean($float_share,5)),0.000001))),ZScore(Mom($close,20)))))",ax_capacity_flow_x_price_momentum,phase3ax_capacity_flow_refinement,phase3ax_capacity_flow_refinement_pack_v1,phase3ax:92bee96ced0b051ae9158e16,92bee96ced0b051ae9158e16,phase3aw_directional_capacity,amount/float_share/mean5_x_mom20,True,read_only_research_candidate
phase3ax_capacity_refine_00266,"Neg(CSRank(Mul(ZScore(Div(Mean($amount,5),Add(Abs(Mean($float_share,5)),0.000001))),ZScore(Mom($close,30)))))",ax_capacity_flow_x_price_momentum,phase3ax_capacity_flow_refinement,phase3ax_capacity_flow_refinement_pack_v1,phase3ax:a6fa1219229e8556468ff30d,a6fa1219229e8556468ff30d,phase3aw_directional_capacity,amount/float_share/mean5_x_mom30,True,read_only_research_candidate
phase3ax_capacity_refine_00267,"Neg(CSRank(CSResidual(ZScore(Div(Mean($amount,8),Add(Abs(Mean($float_share,8)),0.000001))),ZScore(Mom($close,8)))))",ax_capacity_residual_vs_price_momentum,phase3ax_capacity_flow_refinement,phase3ax_capacity_flow_refinement_pack_v1,phase3ax:546eed53fdce86cc028050f3,546eed53fdce86cc028050f3,phase3aw_directional_capacity,amount/float_share/resid_mom8,True,read_only_research_candidate
phase3ax_capacity_refine_00268,"Neg(CSRank(Mul(ZScore(Div(Mean($amount,8),Add(Abs(Mean($float_share,8)),0.000001))),ZScore(Mom($close,3)))))",ax_capacity_flow_x_price_momentum,phase3ax_capacity_flow_refinement,phase3ax_capacity_flow_refinement_pack_v1,phase3ax:4e8da31b84e651c6b78cff7d,4e8da31b84e651c6b78cff7d,phase3aw_directional_capacity,amount/float_share/mean8_x_mom3,True,read_only_research_candidate
phase3ax_capacity_refine_00269,"Neg(CSRank(Mul(ZScore(Div(Mean($amount,8),Add(Abs(Mean($float_share,8)),0.000001))),ZScore(Mom($close,5)))))",ax_capacity_flow_x_price_momentum,phase3ax_capacity_flow_refinement,phase3ax_capacity_flow_refinement_pack_v1,phase3ax:f408f81fc64971506e25a7c7,f408f81fc64971506e25a7c7,phase3aw_directional_capacity,amount/float_share/mean8_x_mom5,True,read_only_research_candidate
phase3ax_capacity_refine_00270,"Neg(CSRank(Mul(ZScore(Div(Mean($amount,8),Add(Abs(Mean($float_share,8)),0.000001))),ZScore(Mom($close,10)))))",ax_capacity_flow_x_price_momentum,phase3ax_capacity_flow_refinement,phase3ax_capacity_flow_refinement_pack_v1,phase3ax:c86e6ed585518e5ea4180991,c86e6ed585518e5ea4180991,phase3aw_directional_capacity,amount/float_share/mean8_x_mom10,True,read_only_research_candidate
phase3ax_capacity_refine_00271,"Neg(CSRank(Mul(ZScore(Div(Mean($amount,8),Add(Abs(Mean($float_share,8)),0.000001))),ZScore(Mom($close,20)))))",ax_capacity_flow_x_price_momentum,phase3ax_capacity_flow_refinement,phase3ax_capacity_flow_refinement_pack_v1,phase3ax:076d7e1a48ea8770736769b8,076d7e1a48ea8770736769b8,phase3aw_directional_capacity,amount/float_share/mean8_x_mom20,True,read_only_research_candidate
phase3ax_capacity_refine_00272,"Neg(CSRank(Mul(ZScore(Div(Mean($amount,8),Add(Abs(Mean($float_share,8)),0.000001))),ZScore(Mom($close,30)))))",ax_capacity_flow_x_price_momentum,phase3ax_capacity_flow_refinement,phase3ax_capacity_flow_refinement_pack_v1,phase3ax:25c1f73e37c3a365c9fad111,25c1f73e37c3a365c9fad111,phase3aw_directional_capacity,amount/float_share/mean8_x_mom30,True,read_only_research_candidate
phase3ax_capacity_refine_00273,"Neg(CSRank(CSResidual(ZScore(Div(Mean($amount,10),Add(Abs(Mean($float_share,10)),0.000001))),ZScore(Mom($close,10)))))",ax_capacity_residual_vs_price_momentum,phase3ax_capacity_flow_refinement,phase3ax_capacity_flow_refinement_pack_v1,phase3ax:62c18dccfae437ab9d08ab7e,62c18dccfae437ab9d08ab7e,phase3aw_directional_capacity,amount/float_share/resid_mom10,True,read_only_research_candidate
phase3ax_capacity_refine_00274,"Neg(CSRank(Mul(ZScore(Div(Mean($amount,10),Add(Abs(Mean($float_share,10)),0.000001))),ZScore(Mom($close,3)))))",ax_capacity_flow_x_price_momentum,phase3ax_capacity_flow_refinement,phase3ax_capacity_flow_refinement_pack_v1,phase3ax:84dc31c7deb1944bab34f5b3,84dc31c7deb1944bab34f5b3,phase3aw_directional_capacity,amount/float_share/mean10_x_mom3,True,read_only_research_candidate
phase3ax_capacity_refine_00275,"Neg(CSRank(Mul(ZScore(Div(Mean($amount,10),Add(Abs(Mean($float_share,10)),0.000001))),ZScore(Mom($close,5)))))",ax_capacity_flow_x_price_momentum,phase3ax_capacity_flow_refinement,phase3ax_capacity_flow_refinement_pack_v1,phase3ax:6e6ecd3c311939ba775910af,6e6ecd3c311939ba775910af,phase3aw_directional_capacity,amount/float_share/mean10_x_mom5,True,read_only_research_candidate
phase3ax_capacity_refine_00276,"Neg(CSRank(Mul(ZScore(Div(Mean($amount,10),Add(Abs(Mean($float_share,10)),0.000001))),ZScore(Mom($close,10)))))",ax_capacity_flow_x_price_momentum,phase3ax_capacity_flow_refinement,phase3ax_capacity_flow_refinement_pack_v1,phase3ax:7f4bcd25d512a6723d3a319b,7f4bcd25d512a6723d3a319b,phase3aw_directional_capacity,amount/float_share/mean10_x_mom10,True,read_only_research_candidate
phase3ax_capacity_refine_00277,"Neg(CSRank(Mul(ZScore(Div(Mean($amount,10),Add(Abs(Mean($float_share,10)),0.000001))),ZScore(Mom($close,20)))))",ax_capacity_flow_x_price_momentum,phase3ax_capacity_flow_refinement,phase3ax_capacity_flow_refinement_pack_v1,phase3ax:b7991c7d5eed415f15869c14,b7991c7d5eed415f15869c14,phase3aw_directional_capacity,amount/float_share/mean10_x_mom20,True,read_only_research_candidate
phase3ax_capacity_refine_00278,"Neg(CSRank(Mul(ZScore(Div(Mean($amount,10),Add(Abs(Mean($float_share,10)),0.000001))),ZScore(Mom($close,30)))))",ax_capacity_flow_x_price_momentum,phase3ax_capacity_flow_refinement,phase3ax_capacity_flow_refinement_pack_v1,phase3ax:896c8b94e812691c627bd275,896c8b94e812691c627bd275,phase3aw_directional_capacity,amount/float_share/mean10_x_mom30,True,read_only_research_candidate
phase3ax_capacity_refine_00279,"Neg(CSRank(Div(Mean($amount,12),Add(Abs(Mean($float_share,12)),0.000001))))",ax_inverse_capacity_flow_level,phase3ax_capacity_flow_refinement,phase3ax_capacity_flow_refinement_pack_v1,phase3ax:7c6e11d4b18b12f31dc19822,7c6e11d4b18b12f31dc19822,phase3aw_directional_capacity,amount/float_share/mean12,True,read_only_research_candidate
phase3ax_capacity_refine_00280,"Neg(CSRank(Div(Std($amount,12),Add(Abs(Mean($float_share,12)),0.000001))))",ax_inverse_capacity_flow_volatility,phase3ax_capacity_flow_refinement,phase3ax_capacity_flow_refinement_pack_v1,phase3ax:f952f7f7dbb12d235dff223d,f952f7f7dbb12d235dff223d,phase3aw_directional_capacity,amount/float_share/std12,True,read_only_research_candidate
phase3ax_capacity_refine_00281,"Neg(CSRank(CSResidual(ZScore(Div(Mean($amount,12),Add(Abs(Mean($float_share,12)),0.000001))),ZScore(Mom($close,12)))))",ax_capacity_residual_vs_price_momentum,phase3ax_capacity_flow_refinement,phase3ax_capacity_flow_refinement_pack_v1,phase3ax:d3a0dd51b5ed420c53fe7425,d3a0dd51b5ed420c53fe7425,phase3aw_directional_capacity,amount/float_share/resid_mom12,True,read_only_research_candidate
phase3ax_capacity_refine_00282,"Neg(CSRank(Mul(ZScore(Div(Mean($amount,12),Add(Abs(Mean($float_share,12)),0.000001))),ZScore(Mom($close,3)))))",ax_capacity_flow_x_price_momentum,phase3ax_capacity_flow_refinement,phase3ax_capacity_flow_refinement_pack_v1,phase3ax:1dea53f4c689bcf40d546125,1dea53f4c689bcf40d546125,phase3aw_directional_capacity,amount/float_share/mean12_x_mom3,True,read_only_research_candidate
phase3ax_capacity_refine_00283,"Neg(CSRank(Mul(ZScore(Div(Mean($amount,12),Add(Abs(Mean($float_share,12)),0.000001))),ZScore(Mom($close,5)))))",ax_capacity_flow_x_price_momentum,phase3ax_capacity_flow_refinement,phase3ax_capacity_flow_refinement_pack_v1,phase3ax:f7945fe94e67b273e66b681a,f7945fe94e67b273e66b681a,phase3aw_directional_capacity,amount/float_share/mean12_x_mom5,True,read_only_research_candidate
phase3ax_capacity_refine_00284,"Neg(CSRank(Mul(ZScore(Div(Mean($amount,12),Add(Abs(Mean($float_share,12)),0.000001))),ZScore(Mom($close,10)))))",ax_capacity_flow_x_price_momentum,phase3ax_capacity_flow_refinement,phase3ax_capacity_flow_refinement_pack_v1,phase3ax:18cba2cdcb0a1c9353963c1e,18cba2cdcb0a1c9353963c1e,phase3aw_directional_capacity,amount/float_share/mean12_x_mom10,True,read_only_research_candidate
phase3ax_capacity_refine_00285,"Neg(CSRank(Mul(ZScore(Div(Mean($amount,12),Add(Abs(Mean($float_share,12)),0.000001))),ZScore(Mom($close,20)))))",ax_capacity_flow_x_price_momentum,phase3ax_capacity_flow_refinement,phase3ax_capacity_flow_refinement_pack_v1,phase3ax:cd5d7a0ead80b46df9272add,cd5d7a0ead80b46df9272add,phase3aw_directional_capacity,amount/float_share/mean12_x_mom20,True,read_only_research_candidate
phase3ax_capacity_refine_00286,"Neg(CSRank(Mul(ZScore(Div(Mean($amount,12),Add(Abs(Mean($float_share,12)),0.000001))),ZScore(Mom($close,30)))))",ax_capacity_flow_x_price_momentum,phase3ax_capacity_flow_refinement,phase3ax_capacity_flow_refinement_pack_v1,phase3ax:defaccd4c56cdd0ad55aa380,defaccd4c56cdd0ad55aa380,phase3aw_directional_capacity,amount/float_share/mean12_x_mom30,True,read_only_research_candidate
phase3ax_capacity_refine_00287,"Neg(CSRank(CSResidual(ZScore(Div(Mean($amount,15),Add(Abs(Mean($float_share,15)),0.000001))),ZScore(Mom($close,15)))))",ax_capacity_residual_vs_price_momentum,phase3ax_capacity_flow_refinement,phase3ax_capacity_flow_refinement_pack_v1,phase3ax:4a78c4689677eb205f0ed0ec,4a78c4689677eb205f0ed0ec,phase3aw_directional_capacity,amount/float_share/resid_mom15,True,read_only_research_candidate
phase3ax_capacity_refine_00288,"Neg(CSRank(Mul(ZScore(Div(Mean($amount,15),Add(Abs(Mean($float_share,15)),0.000001))),ZScore(Mom($close,3)))))",ax_capacity_flow_x_price_momentum,phase3ax_capacity_flow_refinement,phase3ax_capacity_flow_refinement_pack_v1,phase3ax:3d8aea45c5ed37f6fdc6802a,3d8aea45c5ed37f6fdc6802a,phase3aw_directional_capacity,amount/float_share/mean15_x_mom3,True,read_only_research_candidate
phase3ax_capacity_refine_00289,"Neg(CSRank(Mul(ZScore(Div(Mean($amount,15),Add(Abs(Mean($float_share,15)),0.000001))),ZScore(Mom($close,5)))))",ax_capacity_flow_x_price_momentum,phase3ax_capacity_flow_refinement,phase3ax_capacity_flow_refinement_pack_v1,phase3ax:5572c20154aa78f72731dcad,5572c20154aa78f72731dcad,phase3aw_directional_capacity,amount/float_share/mean15_x_mom5,True,read_only_research_candidate
phase3ax_capacity_refine_00290,"Neg(CSRank(Mul(ZScore(Div(Mean($amount,15),Add(Abs(Mean($float_share,15)),0.000001))),ZScore(Mom($close,10)))))",ax_capacity_flow_x_price_momentum,phase3ax_capacity_flow_refinement,phase3ax_capacity_flow_refinement_pack_v1,phase3ax:8b685a5953c403b1d82e529f,8b685a5953c403b1d82e529f,phase3aw_directional_capacity,amount/float_share/mean15_x_mom10,True,read_only_research_candidate
phase3ax_capacity_refine_00291,"Neg(CSRank(Mul(ZScore(Div(Mean($amount,15),Add(Abs(Mean($float_share,15)),0.000001))),ZScore(Mom($close,20)))))",ax_capacity_flow_x_price_momentum,phase3ax_capacity_flow_refinement,phase3ax_capacity_flow_refinement_pack_v1,phase3ax:2318d2fda1f655da49316674,2318d2fda1f655da49316674,phase3aw_directional_capacity,amount/float_share/mean15_x_mom20,True,read_only_research_candidate
phase3ax_capacity_refine_00292,"Neg(CSRank(Mul(ZScore(Div(Mean($amount,15),Add(Abs(Mean($float_share,15)),0.000001))),ZScore(Mom($close,30)))))",ax_capacity_flow_x_price_momentum,phase3ax_capacity_flow_refinement,phase3ax_capacity_flow_refinement_pack_v1,phase3ax:771f94704988f2873ffe61c5,771f94704988f2873ffe61c5,phase3aw_directional_capacity,amount/float_share/mean15_x_mom30,True,read_only_research_candidate
phase3ax_capacity_refine_00293,"Neg(CSRank(CSResidual(ZScore(Div(Mean($amount,20),Add(Abs(Mean($float_share,20)),0.000001))),ZScore(Mom($close,20)))))",ax_capacity_residual_vs_price_momentum,phase3ax_capacity_flow_refinement,phase3ax_capacity_flow_refinement_pack_v1,phase3ax:2674e528b929fe7d150a6471,2674e528b929fe7d150a6471,phase3aw_directional_capacity,amount/float_share/resid_mom20,True,read_only_research_candidate
phase3ax_capacity_refine_00294,"Neg(CSRank(Mul(ZScore(Div(Mean($amount,20),Add(Abs(Mean($float_share,20)),0.000001))),ZScore(Mom($close,3)))))",ax_capacity_flow_x_price_momentum,phase3ax_capacity_flow_refinement,phase3ax_capacity_flow_refinement_pack_v1,phase3ax:d1b1e7fcc6ede60a990f2e6e,d1b1e7fcc6ede60a990f2e6e,phase3aw_directional_capacity,amount/float_share/mean20_x_mom3,True,read_only_research_candidate
phase3ax_capacity_refine_00295,"Neg(CSRank(Mul(ZScore(Div(Mean($amount,20),Add(Abs(Mean($float_share,20)),0.000001))),ZScore(Mom($close,5)))))",ax_capacity_flow_x_price_momentum,phase3ax_capacity_flow_refinement,phase3ax_capacity_flow_refinement_pack_v1,phase3ax:c7a58b45a2a08e90e7afd6ba,c7a58b45a2a08e90e7afd6ba,phase3aw_directional_capacity,amount/float_share/mean20_x_mom5,True,read_only_research_candidate
phase3ax_capacity_refine_00296,"Neg(CSRank(Mul(ZScore(Div(Mean($amount,20),Add(Abs(Mean($float_share,20)),0.000001))),ZScore(Mom($close,10)))))",ax_capacity_flow_x_price_momentum,phase3ax_capacity_flow_refinement,phase3ax_capacity_flow_refinement_pack_v1,phase3ax:465fcda3bb0d2f6c5b307b4d,465fcda3bb0d2f6c5b307b4d,phase3aw_directional_capacity,amount/float_share/mean20_x_mom10,True,read_only_research_candidate
phase3ax_capacity_refine_00297,"Neg(CSRank(Mul(ZScore(Div(Mean($amount,20),Add(Abs(Mean($float_share,20)),0.000001))),ZScore(Mom($close,20)))))",ax_capacity_flow_x_price_momentum,phase3ax_capacity_flow_refinement,phase3ax_capacity_flow_refinement_pack_v1,phase3ax:2e97f0c586826091d52d55e8,2e97f0c586826091d52d55e8,phase3aw_directional_capacity,amount/float_share/mean20_x_mom20,True,read_only_research_candidate
phase3ax_capacity_refine_00298,"Neg(CSRank(Mul(ZScore(Div(Mean($amount,20),Add(Abs(Mean($float_share,20)),0.000001))),ZScore(Mom($close,30)))))",ax_capacity_flow_x_price_momentum,phase3ax_capacity_flow_refinement,phase3ax_capacity_flow_refinement_pack_v1,phase3ax:a58f2d649df8afe54a7ccbc5,a58f2d649df8afe54a7ccbc5,phase3aw_directional_capacity,amount/float_share/mean20_x_mom30,True,read_only_research_candidate
phase3ax_capacity_refine_00299,"Neg(CSRank(CSResidual(ZScore(Div(Mean($amount,30),Add(Abs(Mean($float_share,30)),0.000001))),ZScore(Mom($close,30)))))",ax_capacity_residual_vs_price_momentum,phase3ax_capacity_flow_refinement,phase3ax_capacity_flow_refinement_pack_v1,phase3ax:31cd57dc499f03511631e884,31cd57dc499f03511631e884,phase3aw_directional_capacity,amount/float_share/resid_mom30,True,read_only_research_candidate
phase3ax_capacity_refine_00300,"Neg(CSRank(Mul(ZScore(Div(Mean($amount,30),Add(Abs(Mean($float_share,30)),0.000001))),ZScore(Mom($close,3)))))",ax_capacity_flow_x_price_momentum,phase3ax_capacity_flow_refinement,phase3ax_capacity_flow_refinement_pack_v1,phase3ax:5ddac829e9455620ce46476e,5ddac829e9455620ce46476e,phase3aw_directional_capacity,amount/float_share/mean30_x_mom3,True,read_only_research_candidate
phase3ax_capacity_refine_00301,"Neg(CSRank(Mul(ZScore(Div(Mean($amount,30),Add(Abs(Mean($float_share,30)),0.000001))),ZScore(Mom($close,5)))))",ax_capacity_flow_x_price_momentum,phase3ax_capacity_flow_refinement,phase3ax_capacity_flow_refinement_pack_v1,phase3ax:3c85cad81466088b1eb7d86e,3c85cad81466088b1eb7d86e,phase3aw_directional_capacity,amount/float_share/mean30_x_mom5,True,read_only_research_candidate
phase3ax_capacity_refine_00302,"Neg(CSRank(Mul(ZScore(Div(Mean($amount,30),Add(Abs(Mean($float_share,30)),0.000001))),ZScore(Mom($close,10)))))",ax_capacity_flow_x_price_momentum,phase3ax_capacity_flow_refinement,phase3ax_capacity_flow_refinement_pack_v1,phase3ax:eb1bed321359fdff67e15d3a,eb1bed321359fdff67e15d3a,phase3aw_directional_capacity,amount/float_share/mean30_x_mom10,True,read_only_research_candidate
phase3ax_capacity_refine_00303,"Neg(CSRank(Mul(ZScore(Div(Mean($amount,30),Add(Abs(Mean($float_share,30)),0.000001))),ZScore(Mom($close,20)))))",ax_capacity_flow_x_price_momentum,phase3ax_capacity_flow_refinement,phase3ax_capacity_flow_refinement_pack_v1,phase3ax:21f1ed33767c41f99ccabd62,21f1ed33767c41f99ccabd62,phase3aw_directional_capacity,amount/float_share/mean30_x_mom20,True,read_only_research_candidate
phase3ax_capacity_refine_00304,"Neg(CSRank(Mul(ZScore(Div(Mean($amount,30),Add(Abs(Mean($float_share,30)),0.000001))),ZScore(Mom($close,30)))))",ax_capacity_flow_x_price_momentum,phase3ax_capacity_flow_refinement,phase3ax_capacity_flow_refinement_pack_v1,phase3ax:b44386e89e9d8f8705897457,b44386e89e9d8f8705897457,phase3aw_directional_capacity,amount/float_share/mean30_x_mom30,True,read_only_research_candidate
phase3ax_capacity_refine_00305,"Neg(CSRank(CSResidual(ZScore(Div(Mean($amount,45),Add(Abs(Mean($float_share,45)),0.000001))),ZScore(Mom($close,30)))))",ax_capacity_residual_vs_price_momentum,phase3ax_capacity_flow_refinement,phase3ax_capacity_flow_refinement_pack_v1,phase3ax:1c692eec653702dec24ca196,1c692eec653702dec24ca196,phase3aw_directional_capacity,amount/float_share/resid_mom30,True,read_only_research_candidate
phase3ax_capacity_refine_00306,"Neg(CSRank(Mul(ZScore(Div(Mean($amount,45),Add(Abs(Mean($float_share,45)),0.000001))),ZScore(Mom($close,3)))))",ax_capacity_flow_x_price_momentum,phase3ax_capacity_flow_refinement,phase3ax_capacity_flow_refinement_pack_v1,phase3ax:40f43901e0948aad0851bff8,40f43901e0948aad0851bff8,phase3aw_directional_capacity,amount/float_share/mean45_x_mom3,True,read_only_research_candidate
phase3ax_capacity_refine_00307,"Neg(CSRank(Mul(ZScore(Div(Mean($amount,45),Add(Abs(Mean($float_share,45)),0.000001))),ZScore(Mom($close,5)))))",ax_capacity_flow_x_price_momentum,phase3ax_capacity_flow_refinement,phase3ax_capacity_flow_refinement_pack_v1,phase3ax:a52cd5909f6a7376236aaccc,a52cd5909f6a7376236aaccc,phase3aw_directional_capacity,amount/float_share/mean45_x_mom5,True,read_only_research_candidate
phase3ax_capacity_refine_00308,"Neg(CSRank(Mul(ZScore(Div(Mean($amount,45),Add(Abs(Mean($float_share,45)),0.000001))),ZScore(Mom($close,10)))))",ax_capacity_flow_x_price_momentum,phase3ax_capacity_flow_refinement,phase3ax_capacity_flow_refinement_pack_v1,phase3ax:5ceb6587377f8e0f917365b4,5ceb6587377f8e0f917365b4,phase3aw_directional_capacity,amount/float_share/mean45_x_mom10,True,read_only_research_candidate
phase3ax_capacity_refine_00309,"Neg(CSRank(Mul(ZScore(Div(Mean($amount,45),Add(Abs(Mean($float_share,45)),0.000001))),ZScore(Mom($close,20)))))",ax_capacity_flow_x_price_momentum,phase3ax_capacity_flow_refinement,phase3ax_capacity_flow_refinement_pack_v1,phase3ax:154251a42c873b49473ff254,154251a42c873b49473ff254,phase3aw_directional_capacity,amount/float_share/mean45_x_mom20,True,read_only_research_candidate
phase3ax_capacity_refine_00310,"Neg(CSRank(Mul(ZScore(Div(Mean($amount,45),Add(Abs(Mean($float_share,45)),0.000001))),ZScore(Mom($close,30)))))",ax_capacity_flow_x_price_momentum,phase3ax_capacity_flow_refinement,phase3ax_capacity_flow_refinement_pack_v1,phase3ax:a92e9aa15462a85e76945b13,a92e9aa15462a85e76945b13,phase3aw_directional_capacity,amount/float_share/mean45_x_mom30,True,read_only_research_candidate
phase3ax_capacity_refine_00311,"Neg(CSRank(CSResidual(ZScore(Div(Mean($amount,60),Add(Abs(Mean($float_share,60)),0.000001))),ZScore(Mom($close,30)))))",ax_capacity_residual_vs_price_momentum,phase3ax_capacity_flow_refinement,phase3ax_capacity_flow_refinement_pack_v1,phase3ax:f4bce7d8a8d30bce11086a84,f4bce7d8a8d30bce11086a84,phase3aw_directional_capacity,amount/float_share/resid_mom30,True,read_only_research_candidate
phase3ax_capacity_refine_00312,"Neg(CSRank(Mul(ZScore(Div(Mean($amount,60),Add(Abs(Mean($float_share,60)),0.000001))),ZScore(Mom($close,3)))))",ax_capacity_flow_x_price_momentum,phase3ax_capacity_flow_refinement,phase3ax_capacity_flow_refinement_pack_v1,phase3ax:cc4f6b91d87b9d8e823604c4,cc4f6b91d87b9d8e823604c4,phase3aw_directional_capacity,amount/float_share/mean60_x_mom3,True,read_only_research_candidate
phase3ax_capacity_refine_00313,"Neg(CSRank(Mul(ZScore(Div(Mean($amount,60),Add(Abs(Mean($float_share,60)),0.000001))),ZScore(Mom($close,5)))))",ax_capacity_flow_x_price_momentum,phase3ax_capacity_flow_refinement,phase3ax_capacity_flow_refinement_pack_v1,phase3ax:a4de817a19ed1bac2b82d521,a4de817a19ed1bac2b82d521,phase3aw_directional_capacity,amount/float_share/mean60_x_mom5,True,read_only_research_candidate
phase3ax_capacity_refine_00314,"Neg(CSRank(Mul(ZScore(Div(Mean($amount,60),Add(Abs(Mean($float_share,60)),0.000001))),ZScore(Mom($close,10)))))",ax_capacity_flow_x_price_momentum,phase3ax_capacity_flow_refinement,phase3ax_capacity_flow_refinement_pack_v1,phase3ax:b6df95ac1ae84bf828e2ed14,b6df95ac1ae84bf828e2ed14,phase3aw_directional_capacity,amount/float_share/mean60_x_mom10,True,read_only_research_candidate
phase3ax_capacity_refine_00315,"Neg(CSRank(Mul(ZScore(Div(Mean($amount,60),Add(Abs(Mean($float_share,60)),0.000001))),ZScore(Mom($close,20)))))",ax_capacity_flow_x_price_momentum,phase3ax_capacity_flow_refinement,phase3ax_capacity_flow_refinement_pack_v1,phase3ax:cc50ec0c86cd47d833b7b540,cc50ec0c86cd47d833b7b540,phase3aw_directional_capacity,amount/float_share/mean60_x_mom20,True,read_only_research_candidate
phase3ax_capacity_refine_00316,"Neg(CSRank(Mul(ZScore(Div(Mean($amount,60),Add(Abs(Mean($float_share,60)),0.000001))),ZScore(Mom($close,30)))))",ax_capacity_flow_x_price_momentum,phase3ax_capacity_flow_refinement,phase3ax_capacity_flow_refinement_pack_v1,phase3ax:ff1e5fcfb4b5831564d4345a,ff1e5fcfb4b5831564d4345a,phase3aw_directional_capacity,amount/float_share/mean60_x_mom30,True,read_only_research_candidate
phase3ax_capacity_refine_00317,"Neg(CSRank(Div(Mean($amount,90),Add(Abs(Mean($float_share,90)),0.000001))))",ax_inverse_capacity_flow_level,phase3ax_capacity_flow_refinement,phase3ax_capacity_flow_refinement_pack_v1,phase3ax:70982aef21372ba5e0c58247,70982aef21372ba5e0c58247,phase3aw_directional_capacity,amount/float_share/mean90,True,read_only_research_candidate
phase3ax_capacity_refine_00318,"Neg(CSRank(Div(Std($amount,90),Add(Abs(Mean($float_share,90)),0.000001))))",ax_inverse_capacity_flow_volatility,phase3ax_capacity_flow_refinement,phase3ax_capacity_flow_refinement_pack_v1,phase3ax:e2a7f45906af484d2392158e,e2a7f45906af484d2392158e,phase3aw_directional_capacity,amount/float_share/std90,True,read_only_research_candidate
phase3ax_capacity_refine_00319,"Neg(CSRank(CSResidual(ZScore(Div(Mean($amount,90),Add(Abs(Mean($float_share,90)),0.000001))),ZScore(Mom($close,30)))))",ax_capacity_residual_vs_price_momentum,phase3ax_capacity_flow_refinement,phase3ax_capacity_flow_refinement_pack_v1,phase3ax:6a2079f6860ba4f0a6fd00fb,6a2079f6860ba4f0a6fd00fb,phase3aw_directional_capacity,amount/float_share/resid_mom30,True,read_only_research_candidate
phase3ax_capacity_refine_00320,"Neg(CSRank(Mul(ZScore(Div(Mean($amount,90),Add(Abs(Mean($float_share,90)),0.000001))),ZScore(Mom($close,3)))))",ax_capacity_flow_x_price_momentum,phase3ax_capacity_flow_refinement,phase3ax_capacity_flow_refinement_pack_v1,phase3ax:96233241e578e9b94d7db401,96233241e578e9b94d7db401,phase3aw_directional_capacity,amount/float_share/mean90_x_mom3,True,read_only_research_candidate
phase3ax_capacity_refine_00321,"Neg(CSRank(Mul(ZScore(Div(Mean($amount,90),Add(Abs(Mean($float_share,90)),0.000001))),ZScore(Mom($close,5)))))",ax_capacity_flow_x_price_momentum,phase3ax_capacity_flow_refinement,phase3ax_capacity_flow_refinement_pack_v1,phase3ax:f72b31aa8d50e2e1908ad26e,f72b31aa8d50e2e1908ad26e,phase3aw_directional_capacity,amount/float_share/mean90_x_mom5,True,read_only_research_candidate
phase3ax_capacity_refine_00322,"Neg(CSRank(Mul(ZScore(Div(Mean($amount,90),Add(Abs(Mean($float_share,90)),0.000001))),ZScore(Mom($close,10)))))",ax_capacity_flow_x_price_momentum,phase3ax_capacity_flow_refinement,phase3ax_capacity_flow_refinement_pack_v1,phase3ax:7fe9bc0ee6018bf37c03af69,7fe9bc0ee6018bf37c03af69,phase3aw_directional_capacity,amount/float_share/mean90_x_mom10,True,read_only_research_candidate
phase3ax_capacity_refine_00323,"Neg(CSRank(Mul(ZScore(Div(Mean($amount,90),Add(Abs(Mean($float_share,90)),0.000001))),ZScore(Mom($close,20)))))",ax_capacity_flow_x_price_momentum,phase3ax_capacity_flow_refinement,phase3ax_capacity_flow_refinement_pack_v1,phase3ax:adcd849dccb36a87b1bb9d03,adcd849dccb36a87b1bb9d03,phase3aw_directional_capacity,amount/float_share/mean90_x_mom20,True,read_only_research_candidate
phase3ax_capacity_refine_00324,"Neg(CSRank(Mul(ZScore(Div(Mean($amount,90),Add(Abs(Mean($float_share,90)),0.000001))),ZScore(Mom($close,30)))))",ax_capacity_flow_x_price_momentum,phase3ax_capacity_flow_refinement,phase3ax_capacity_flow_refinement_pack_v1,phase3ax:4fb0913b05a972a60f1797a6,4fb0913b05a972a60f1797a6,phase3aw_directional_capacity,amount/float_share/mean90_x_mom30,True,read_only_research_candidate
phase3ax_capacity_refine_00325,"Neg(CSRank(Div(Mean($amount,120),Add(Abs(Mean($float_share,120)),0.000001))))",ax_inverse_capacity_flow_level,phase3ax_capacity_flow_refinement,phase3ax_capacity_flow_refinement_pack_v1,phase3ax:d7df98958b5f17ffae0afe44,d7df98958b5f17ffae0afe44,phase3aw_directional_capacity,amount/float_share/mean120,True,read_only_research_candidate
phase3ax_capacity_refine_00326,"Neg(CSRank(Div(Std($amount,120),Add(Abs(Mean($float_share,120)),0.000001))))",ax_inverse_capacity_flow_volatility,phase3ax_capacity_flow_refinement,phase3ax_capacity_flow_refinement_pack_v1,phase3ax:4d560c06f29cdb946af2e98f,4d560c06f29cdb946af2e98f,phase3aw_directional_capacity,amount/float_share/std120,True,read_only_research_candidate
phase3ax_capacity_refine_00327,"Neg(CSRank(CSResidual(ZScore(Div(Mean($amount,120),Add(Abs(Mean($float_share,120)),0.000001))),ZScore(Mom($close,30)))))",ax_capacity_residual_vs_price_momentum,phase3ax_capacity_flow_refinement,phase3ax_capacity_flow_refinement_pack_v1,phase3ax:22222a44afab5c43090c1c5f,22222a44afab5c43090c1c5f,phase3aw_directional_capacity,amount/float_share/resid_mom30,True,read_only_research_candidate
phase3ax_capacity_refine_00328,"Neg(CSRank(Mul(ZScore(Div(Mean($amount,120),Add(Abs(Mean($float_share,120)),0.000001))),ZScore(Mom($close,3)))))",ax_capacity_flow_x_price_momentum,phase3ax_capacity_flow_refinement,phase3ax_capacity_flow_refinement_pack_v1,phase3ax:aefe217b63ff9e9985fb189b,aefe217b63ff9e9985fb189b,phase3aw_directional_capacity,amount/float_share/mean120_x_mom3,True,read_only_research_candidate
phase3ax_capacity_refine_00329,"Neg(CSRank(Mul(ZScore(Div(Mean($amount,120),Add(Abs(Mean($float_share,120)),0.000001))),ZScore(Mom($close,5)))))",ax_capacity_flow_x_price_momentum,phase3ax_capacity_flow_refinement,phase3ax_capacity_flow_refinement_pack_v1,phase3ax:453b7e317171fdd41bf72858,453b7e317171fdd41bf72858,phase3aw_directional_capacity,amount/float_share/mean120_x_mom5,True,read_only_research_candidate
phase3ax_capacity_refine_00330,"Neg(CSRank(Mul(ZScore(Div(Mean($amount,120),Add(Abs(Mean($float_share,120)),0.000001))),ZScore(Mom($close,10)))))",ax_capacity_flow_x_price_momentum,phase3ax_capacity_flow_refinement,phase3ax_capacity_flow_refinement_pack_v1,phase3ax:9ca29e891e6c6b1e2df42343,9ca29e891e6c6b1e2df42343,phase3aw_directional_capacity,amount/float_share/mean120_x_mom10,True,read_only_research_candidate
phase3ax_capacity_refine_00331,"Neg(CSRank(Mul(ZScore(Div(Mean($amount,120),Add(Abs(Mean($float_share,120)),0.000001))),ZScore(Mom($close,20)))))",ax_capacity_flow_x_price_momentum,phase3ax_capacity_flow_refinement,phase3ax_capacity_flow_refinement_pack_v1,phase3ax:40f6304514681f0b59705bcf,40f6304514681f0b59705bcf,phase3aw_directional_capacity,amount/float_share/mean120_x_mom20,True,read_only_research_candidate
phase3ax_capacity_refine_00332,"Neg(CSRank(Mul(ZScore(Div(Mean($amount,120),Add(Abs(Mean($float_share,120)),0.000001))),ZScore(Mom($close,30)))))",ax_capacity_flow_x_price_momentum,phase3ax_capacity_flow_refinement,phase3ax_capacity_flow_refinement_pack_v1,phase3ax:b046f71cc2905ee021b9b25a,b046f71cc2905ee021b9b25a,phase3aw_directional_capacity,amount/float_share/mean120_x_mom30,True,read_only_research_candidate
phase3ax_capacity_refine_00333,"Neg(CSRank(Sub(ZScore(Div(Mean($amount,1),Add(Abs(Mean($float_share,1)),0.000001))),ZScore(Div(Mean($amount,5),Add(Abs(Mean($float_share,5)),0.000001))))))",ax_inverse_capacity_flow_acceleration,phase3ax_capacity_flow_refinement,phase3ax_capacity_flow_refinement_pack_v1,phase3ax:7ef3519530e848087f983bb0,7ef3519530e848087f983bb0,phase3aw_directional_capacity,amount/float_share/accel1_5,True,read_only_research_candidate
phase3ax_capacity_refine_00334,"Neg(CSRank(CSResidual(ZScore(Div(Mean($amount,1),Add(Abs(Mean($float_share,1)),0.000001))),ZScore(Div(Mean($amount,5),Add(Abs(Mean($float_share,5)),0.000001))))))",ax_capacity_acceleration_residual,phase3ax_capacity_flow_refinement,phase3ax_capacity_flow_refinement_pack_v1,phase3ax:12ccad7a02b487df2b7a69b0,12ccad7a02b487df2b7a69b0,phase3aw_directional_capacity,amount/float_share/accel_resid1_5,True,read_only_research_candidate
phase3ax_capacity_refine_00335,"Neg(CSRank(Sub(ZScore(Div(Mean($amount,2),Add(Abs(Mean($float_share,2)),0.000001))),ZScore(Div(Mean($amount,8),Add(Abs(Mean($float_share,8)),0.000001))))))",ax_inverse_capacity_flow_acceleration,phase3ax_capacity_flow_refinement,phase3ax_capacity_flow_refinement_pack_v1,phase3ax:bf8f3c7aa068f45f850bd4b5,bf8f3c7aa068f45f850bd4b5,phase3aw_directional_capacity,amount/float_share/accel2_8,True,read_only_research_candidate
phase3ax_capacity_refine_00336,"Neg(CSRank(CSResidual(ZScore(Div(Mean($amount,2),Add(Abs(Mean($float_share,2)),0.000001))),ZScore(Div(Mean($amount,8),Add(Abs(Mean($float_share,8)),0.000001))))))",ax_capacity_acceleration_residual,phase3ax_capacity_flow_refinement,phase3ax_capacity_flow_refinement_pack_v1,phase3ax:494538194e7f128f2149085e,494538194e7f128f2149085e,phase3aw_directional_capacity,amount/float_share/accel_resid2_8,True,read_only_research_candidate
phase3ax_capacity_refine_00337,"Neg(CSRank(Sub(ZScore(Div(Mean($amount,3),Add(Abs(Mean($float_share,3)),0.000001))),ZScore(Div(Mean($amount,10),Add(Abs(Mean($float_share,10)),0.000001))))))",ax_inverse_capacity_flow_acceleration,phase3ax_capacity_flow_refinement,phase3ax_capacity_flow_refinement_pack_v1,phase3ax:726be3f5685b2deddad68a4d,726be3f5685b2deddad68a4d,phase3aw_directional_capacity,amount/float_share/accel3_10,True,read_only_research_candidate
phase3ax_capacity_refine_00338,"Neg(CSRank(CSResidual(ZScore(Div(Mean($amount,3),Add(Abs(Mean($float_share,3)),0.000001))),ZScore(Div(Mean($amount,10),Add(Abs(Mean($float_share,10)),0.000001))))))",ax_capacity_acceleration_residual,phase3ax_capacity_flow_refinement,phase3ax_capacity_flow_refinement_pack_v1,phase3ax:384ba3db2684620fde6caaa1,384ba3db2684620fde6caaa1,phase3aw_directional_capacity,amount/float_share/accel_resid3_10,True,read_only_research_candidate
phase3ax_capacity_refine_00339,"Neg(CSRank(Sub(ZScore(Div(Mean($amount,5),Add(Abs(Mean($float_share,5)),0.000001))),ZScore(Div(Mean($amount,20),Add(Abs(Mean($float_share,20)),0.000001))))))",ax_inverse_capacity_flow_acceleration,phase3ax_capacity_flow_refinement,phase3ax_capacity_flow_refinement_pack_v1,phase3ax:623abbb3e4df1e0740ef33b0,623abbb3e4df1e0740ef33b0,phase3aw_directional_capacity,amount/float_share/accel5_20,True,read_only_research_candidate
phase3ax_capacity_refine_00340,"Neg(CSRank(CSResidual(ZScore(Div(Mean($amount,5),Add(Abs(Mean($float_share,5)),0.000001))),ZScore(Div(Mean($amount,20),Add(Abs(Mean($float_share,20)),0.000001))))))",ax_capacity_acceleration_residual,phase3ax_capacity_flow_refinement,phase3ax_capacity_flow_refinement_pack_v1,phase3ax:8cc14d29ab5d899b36dd8c64,8cc14d29ab5d899b36dd8c64,phase3aw_directional_capacity,amount/float_share/accel_resid5_20,True,read_only_research_candidate
phase3ax_capacity_refine_00341,"Neg(CSRank(Sub(ZScore(Div(Mean($amount,8),Add(Abs(Mean($float_share,8)),0.000001))),ZScore(Div(Mean($amount,30),Add(Abs(Mean($float_share,30)),0.000001))))))",ax_inverse_capacity_flow_acceleration,phase3ax_capacity_flow_refinement,phase3ax_capacity_flow_refinement_pack_v1,phase3ax:d7510d317f24a7c89395163a,d7510d317f24a7c89395163a,phase3aw_directional_capacity,amount/float_share/accel8_30,True,read_only_research_candidate
phase3ax_capacity_refine_00342,"Neg(CSRank(CSResidual(ZScore(Div(Mean($amount,8),Add(Abs(Mean($float_share,8)),0.000001))),ZScore(Div(Mean($amount,30),Add(Abs(Mean($float_share,30)),0.000001))))))",ax_capacity_acceleration_residual,phase3ax_capacity_flow_refinement,phase3ax_capacity_flow_refinement_pack_v1,phase3ax:0d0c6aa15781d84371a7b57a,0d0c6aa15781d84371a7b57a,phase3aw_directional_capacity,amount/float_share/accel_resid8_30,True,read_only_research_candidate
phase3ax_capacity_refine_00343,"Neg(CSRank(Sub(ZScore(Div(Mean($amount,10),Add(Abs(Mean($float_share,10)),0.000001))),ZScore(Div(Mean($amount,45),Add(Abs(Mean($float_share,45)),0.000001))))))",ax_inverse_capacity_flow_acceleration,phase3ax_capacity_flow_refinement,phase3ax_capacity_flow_refinement_pack_v1,phase3ax:3db7682beb41f20c74221f5a,3db7682beb41f20c74221f5a,phase3aw_directional_capacity,amount/float_share/accel10_45,True,read_only_research_candidate
phase3ax_capacity_refine_00344,"Neg(CSRank(CSResidual(ZScore(Div(Mean($amount,10),Add(Abs(Mean($float_share,10)),0.000001))),ZScore(Div(Mean($amount,45),Add(Abs(Mean($float_share,45)),0.000001))))))",ax_capacity_acceleration_residual,phase3ax_capacity_flow_refinement,phase3ax_capacity_flow_refinement_pack_v1,phase3ax:05c4b7d90e7d5b5d6adece92,05c4b7d90e7d5b5d6adece92,phase3aw_directional_capacity,amount/float_share/accel_resid10_45,True,read_only_research_candidate
phase3ax_capacity_refine_00345,"Neg(CSRank(Sub(ZScore(Div(Mean($amount,15),Add(Abs(Mean($float_share,15)),0.000001))),ZScore(Div(Mean($amount,60),Add(Abs(Mean($float_share,60)),0.000001))))))",ax_inverse_capacity_flow_acceleration,phase3ax_capacity_flow_refinement,phase3ax_capacity_flow_refinement_pack_v1,phase3ax:a57ff1a9f6675d03ca8503ba,a57ff1a9f6675d03ca8503ba,phase3aw_directional_capacity,amount/float_share/accel15_60,True,read_only_research_candidate
phase3ax_capacity_refine_00346,"Neg(CSRank(CSResidual(ZScore(Div(Mean($amount,15),Add(Abs(Mean($float_share,15)),0.000001))),ZScore(Div(Mean($amount,60),Add(Abs(Mean($float_share,60)),0.000001))))))",ax_capacity_acceleration_residual,phase3ax_capacity_flow_refinement,phase3ax_capacity_flow_refinement_pack_v1,phase3ax:16c35b1438f6817e0c33d0a9,16c35b1438f6817e0c33d0a9,phase3aw_directional_capacity,amount/float_share/accel_resid15_60,True,read_only_research_candidate
phase3ax_capacity_refine_00347,"Neg(CSRank(Sub(ZScore(Div(Mean($amount,30),Add(Abs(Mean($float_share,30)),0.000001))),ZScore(Div(Mean($amount,120),Add(Abs(Mean($float_share,120)),0.000001))))))",ax_inverse_capacity_flow_acceleration,phase3ax_capacity_flow_refinement,phase3ax_capacity_flow_refinement_pack_v1,phase3ax:eca1249b10c700921a8f1ffc,eca1249b10c700921a8f1ffc,phase3aw_directional_capacity,amount/float_share/accel30_120,True,read_only_research_candidate
phase3ax_capacity_refine_00348,"Neg(CSRank(CSResidual(ZScore(Div(Mean($amount,30),Add(Abs(Mean($float_share,30)),0.000001))),ZScore(Div(Mean($amount,120),Add(Abs(Mean($float_share,120)),0.000001))))))",ax_capacity_acceleration_residual,phase3ax_capacity_flow_refinement,phase3ax_capacity_flow_refinement_pack_v1,phase3ax:1fcd6ed289f9c5ae07f53bd6,1fcd6ed289f9c5ae07f53bd6,phase3aw_directional_capacity,amount/float_share/accel_resid30_120,True,read_only_research_candidate
phase3ax_capacity_refine_00349,"Neg(CSRank(Div(Mean($amount_yuan,1),Add(Abs(Mean($final_float_market_cap,1)),0.000001))))",ax_inverse_capacity_flow_level,phase3ax_capacity_flow_refinement,phase3ax_capacity_flow_refinement_pack_v1,phase3ax:71967f919de5e1d9eb334839,71967f919de5e1d9eb334839,phase3aw_directional_capacity,amount_yuan/final_float_market_cap/mean1,True,read_only_research_candidate
phase3ax_capacity_refine_00350,"Neg(CSRank(Div(Std($amount_yuan,1),Add(Abs(Mean($final_float_market_cap,1)),0.000001))))",ax_inverse_capacity_flow_volatility,phase3ax_capacity_flow_refinement,phase3ax_capacity_flow_refinement_pack_v1,phase3ax:e1e6fa7d5c989cbab018a06c,e1e6fa7d5c989cbab018a06c,phase3aw_directional_capacity,amount_yuan/final_float_market_cap/std1,True,read_only_research_candidate
phase3ax_capacity_refine_00351,"Neg(CSRank(CSResidual(ZScore(Div(Mean($amount_yuan,1),Add(Abs(Mean($final_float_market_cap,1)),0.000001))),ZScore(Mom($close,1)))))",ax_capacity_residual_vs_price_momentum,phase3ax_capacity_flow_refinement,phase3ax_capacity_flow_refinement_pack_v1,phase3ax:565e6f093ffec03e822389f1,565e6f093ffec03e822389f1,phase3aw_directional_capacity,amount_yuan/final_float_market_cap/resid_mom1,True,read_only_research_candidate
phase3ax_capacity_refine_00352,"Neg(CSRank(Mul(ZScore(Div(Mean($amount_yuan,1),Add(Abs(Mean($final_float_market_cap,1)),0.000001))),ZScore(Mom($close,3)))))",ax_capacity_flow_x_price_momentum,phase3ax_capacity_flow_refinement,phase3ax_capacity_flow_refinement_pack_v1,phase3ax:8fa6f5535f8a1c6b344ac9c2,8fa6f5535f8a1c6b344ac9c2,phase3aw_directional_capacity,amount_yuan/final_float_market_cap/mean1_x_mom3,True,read_only_research_candidate
phase3ax_capacity_refine_00353,"Neg(CSRank(Mul(ZScore(Div(Mean($amount_yuan,1),Add(Abs(Mean($final_float_market_cap,1)),0.000001))),ZScore(Mom($close,5)))))",ax_capacity_flow_x_price_momentum,phase3ax_capacity_flow_refinement,phase3ax_capacity_flow_refinement_pack_v1,phase3ax:b83f54ac59d69ed576e8f615,b83f54ac59d69ed576e8f615,phase3aw_directional_capacity,amount_yuan/final_float_market_cap/mean1_x_mom5,True,read_only_research_candidate
phase3ax_capacity_refine_00354,"Neg(CSRank(Mul(ZScore(Div(Mean($amount_yuan,1),Add(Abs(Mean($final_float_market_cap,1)),0.000001))),ZScore(Mom($close,10)))))",ax_capacity_flow_x_price_momentum,phase3ax_capacity_flow_refinement,phase3ax_capacity_flow_refinement_pack_v1,phase3ax:a6a57021cbd4a3dadec31996,a6a57021cbd4a3dadec31996,phase3aw_directional_capacity,amount_yuan/final_float_market_cap/mean1_x_mom10,True,read_only_research_candidate
phase3ax_capacity_refine_00355,"Neg(CSRank(Mul(ZScore(Div(Mean($amount_yuan,1),Add(Abs(Mean($final_float_market_cap,1)),0.000001))),ZScore(Mom($close,20)))))",ax_capacity_flow_x_price_momentum,phase3ax_capacity_flow_refinement,phase3ax_capacity_flow_refinement_pack_v1,phase3ax:5e83273bfacd2aee3822c1cc,5e83273bfacd2aee3822c1cc,phase3aw_directional_capacity,amount_yuan/final_float_market_cap/mean1_x_mom20,True,read_only_research_candidate
phase3ax_capacity_refine_00356,"Neg(CSRank(Mul(ZScore(Div(Mean($amount_yuan,1),Add(Abs(Mean($final_float_market_cap,1)),0.000001))),ZScore(Mom($close,30)))))",ax_capacity_flow_x_price_momentum,phase3ax_capacity_flow_refinement,phase3ax_capacity_flow_refinement_pack_v1,phase3ax:597b2b0c2f4514ac879a1cab,597b2b0c2f4514ac879a1cab,phase3aw_directional_capacity,amount_yuan/final_float_market_cap/mean1_x_mom30,True,read_only_research_candidate
phase3ax_capacity_refine_00357,"Neg(CSRank(Div(Mean($amount_yuan,2),Add(Abs(Mean($final_float_market_cap,2)),0.000001))))",ax_inverse_capacity_flow_level,phase3ax_capacity_flow_refinement,phase3ax_capacity_flow_refinement_pack_v1,phase3ax:1e240be125cdc5b4b73aef2b,1e240be125cdc5b4b73aef2b,phase3aw_directional_capacity,amount_yuan/final_float_market_cap/mean2,True,read_only_research_candidate
phase3ax_capacity_refine_00358,"Neg(CSRank(Div(Std($amount_yuan,2),Add(Abs(Mean($final_float_market_cap,2)),0.000001))))",ax_inverse_capacity_flow_volatility,phase3ax_capacity_flow_refinement,phase3ax_capacity_flow_refinement_pack_v1,phase3ax:abbb7ff2eb15ec393647365b,abbb7ff2eb15ec393647365b,phase3aw_directional_capacity,amount_yuan/final_float_market_cap/std2,True,read_only_research_candidate
phase3ax_capacity_refine_00359,"Neg(CSRank(CSResidual(ZScore(Div(Mean($amount_yuan,2),Add(Abs(Mean($final_float_market_cap,2)),0.000001))),ZScore(Mom($close,2)))))",ax_capacity_residual_vs_price_momentum,phase3ax_capacity_flow_refinement,phase3ax_capacity_flow_refinement_pack_v1,phase3ax:fc89921c31f3f8e7f5c7a20f,fc89921c31f3f8e7f5c7a20f,phase3aw_directional_capacity,amount_yuan/final_float_market_cap/resid_mom2,True,read_only_research_candidate
phase3ax_capacity_refine_00360,"Neg(CSRank(Mul(ZScore(Div(Mean($amount_yuan,2),Add(Abs(Mean($final_float_market_cap,2)),0.000001))),ZScore(Mom($close,3)))))",ax_capacity_flow_x_price_momentum,phase3ax_capacity_flow_refinement,phase3ax_capacity_flow_refinement_pack_v1,phase3ax:06ed90a3a298a4ab32ce6edf,06ed90a3a298a4ab32ce6edf,phase3aw_directional_capacity,amount_yuan/final_float_market_cap/mean2_x_mom3,True,read_only_research_candidate
phase3ax_capacity_refine_00361,"Neg(CSRank(Mul(ZScore(Div(Mean($amount_yuan,2),Add(Abs(Mean($final_float_market_cap,2)),0.000001))),ZScore(Mom($close,5)))))",ax_capacity_flow_x_price_momentum,phase3ax_capacity_flow_refinement,phase3ax_capacity_flow_refinement_pack_v1,phase3ax:15eb685872e2353f0af6aaa1,15eb685872e2353f0af6aaa1,phase3aw_directional_capacity,amount_yuan/final_float_market_cap/mean2_x_mom5,True,read_only_research_candidate
phase3ax_capacity_refine_00362,"Neg(CSRank(Mul(ZScore(Div(Mean($amount_yuan,2),Add(Abs(Mean($final_float_market_cap,2)),0.000001))),ZScore(Mom($close,10)))))",ax_capacity_flow_x_price_momentum,phase3ax_capacity_flow_refinement,phase3ax_capacity_flow_refinement_pack_v1,phase3ax:4f51475e436a6e92f48e41c1,4f51475e436a6e92f48e41c1,phase3aw_directional_capacity,amount_yuan/final_float_market_cap/mean2_x_mom10,True,read_only_research_candidate
phase3ax_capacity_refine_00363,"Neg(CSRank(Mul(ZScore(Div(Mean($amount_yuan,2),Add(Abs(Mean($final_float_market_cap,2)),0.000001))),ZScore(Mom($close,20)))))",ax_capacity_flow_x_price_momentum,phase3ax_capacity_flow_refinement,phase3ax_capacity_flow_refinement_pack_v1,phase3ax:064c546277164ac683404619,064c546277164ac683404619,phase3aw_directional_capacity,amount_yuan/final_float_market_cap/mean2_x_mom20,True,read_only_research_candidate
phase3ax_capacity_refine_00364,"Neg(CSRank(Mul(ZScore(Div(Mean($amount_yuan,2),Add(Abs(Mean($final_float_market_cap,2)),0.000001))),ZScore(Mom($close,30)))))",ax_capacity_flow_x_price_momentum,phase3ax_capacity_flow_refinement,phase3ax_capacity_flow_refinement_pack_v1,phase3ax:3716d831e14cdf8f05e8099b,3716d831e14cdf8f05e8099b,phase3aw_directional_capacity,amount_yuan/final_float_market_cap/mean2_x_mom30,True,read_only_research_candidate
phase3ax_capacity_refine_00365,"Neg(CSRank(Div(Std($amount_yuan,3),Add(Abs(Mean($final_float_market_cap,3)),0.000001))))",ax_inverse_capacity_flow_volatility,phase3ax_capacity_flow_refinement,phase3ax_capacity_flow_refinement_pack_v1,phase3ax:8c75e41a9bc0e6b6f8adf9a5,8c75e41a9bc0e6b6f8adf9a5,phase3aw_directional_capacity,amount_yuan/final_float_market_cap/std3,True,read_only_research_candidate
phase3ax_capacity_refine_00366,"Neg(CSRank(CSResidual(ZScore(Div(Mean($amount_yuan,3),Add(Abs(Mean($final_float_market_cap,3)),0.000001))),ZScore(Mom($close,3)))))",ax_capacity_residual_vs_price_momentum,phase3ax_capacity_flow_refinement,phase3ax_capacity_flow_refinement_pack_v1,phase3ax:6a6e29fc28f204528ae5d2cf,6a6e29fc28f204528ae5d2cf,phase3aw_directional_capacity,amount_yuan/final_float_market_cap/resid_mom3,True,read_only_research_candidate
phase3ax_capacity_refine_00367,"Neg(CSRank(Mul(ZScore(Div(Mean($amount_yuan,3),Add(Abs(Mean($final_float_market_cap,3)),0.000001))),ZScore(Mom($close,3)))))",ax_capacity_flow_x_price_momentum,phase3ax_capacity_flow_refinement,phase3ax_capacity_flow_refinement_pack_v1,phase3ax:0b0d15ca88f2fb1362fb628d,0b0d15ca88f2fb1362fb628d,phase3aw_directional_capacity,amount_yuan/final_float_market_cap/mean3_x_mom3,True,read_only_research_candidate
phase3ax_capacity_refine_00368,"Neg(CSRank(Mul(ZScore(Div(Mean($amount_yuan,3),Add(Abs(Mean($final_float_market_cap,3)),0.000001))),ZScore(Mom($close,5)))))",ax_capacity_flow_x_price_momentum,phase3ax_capacity_flow_refinement,phase3ax_capacity_flow_refinement_pack_v1,phase3ax:96ea9792c2e36ff152b44b68,96ea9792c2e36ff152b44b68,phase3aw_directional_capacity,amount_yuan/final_float_market_cap/mean3_x_mom5,True,read_only_research_candidate
phase3ax_capacity_refine_00369,"Neg(CSRank(Mul(ZScore(Div(Mean($amount_yuan,3),Add(Abs(Mean($final_float_market_cap,3)),0.000001))),ZScore(Mom($close,10)))))",ax_capacity_flow_x_price_momentum,phase3ax_capacity_flow_refinement,phase3ax_capacity_flow_refinement_pack_v1,phase3ax:1b8ab987698aecdde80d981e,1b8ab987698aecdde80d981e,phase3aw_directional_capacity,amount_yuan/final_float_market_cap/mean3_x_mom10,True,read_only_research_candidate
phase3ax_capacity_refine_00370,"Neg(CSRank(Mul(ZScore(Div(Mean($amount_yuan,3),Add(Abs(Mean($final_float_market_cap,3)),0.000001))),ZScore(Mom($close,20)))))",ax_capacity_flow_x_price_momentum,phase3ax_capacity_flow_refinement,phase3ax_capacity_flow_refinement_pack_v1,phase3ax:a5bb0fde89d8faffae29d604,a5bb0fde89d8faffae29d604,phase3aw_directional_capacity,amount_yuan/final_float_market_cap/mean3_x_mom20,True,read_only_research_candidate
phase3ax_capacity_refine_00371,"Neg(CSRank(Mul(ZScore(Div(Mean($amount_yuan,3),Add(Abs(Mean($final_float_market_cap,3)),0.000001))),ZScore(Mom($close,30)))))",ax_capacity_flow_x_price_momentum,phase3ax_capacity_flow_refinement,phase3ax_capacity_flow_refinement_pack_v1,phase3ax:dc02b6f1ceeaf94dd3e77dad,dc02b6f1ceeaf94dd3e77dad,phase3aw_directional_capacity,amount_yuan/final_float_market_cap/mean3_x_mom30,True,read_only_research_candidate
phase3ax_capacity_refine_00372,"Neg(CSRank(Div(Std($amount_yuan,5),Add(Abs(Mean($final_float_market_cap,5)),0.000001))))",ax_inverse_capacity_flow_volatility,phase3ax_capacity_flow_refinement,phase3ax_capacity_flow_refinement_pack_v1,phase3ax:8c28452a9a75d42e3c71a735,8c28452a9a75d42e3c71a735,phase3aw_directional_capacity,amount_yuan/final_float_market_cap/std5,True,read_only_research_candidate
phase3ax_capacity_refine_00373,"Neg(CSRank(CSResidual(ZScore(Div(Mean($amount_yuan,5),Add(Abs(Mean($final_float_market_cap,5)),0.000001))),ZScore(Mom($close,5)))))",ax_capacity_residual_vs_price_momentum,phase3ax_capacity_flow_refinement,phase3ax_capacity_flow_refinement_pack_v1,phase3ax:04c8efd9c9192c8df42315ca,04c8efd9c9192c8df42315ca,phase3aw_directional_capacity,amount_yuan/final_float_market_cap/resid_mom5,True,read_only_research_candidate
phase3ax_capacity_refine_00374,"Neg(CSRank(Mul(ZScore(Div(Mean($amount_yuan,5),Add(Abs(Mean($final_float_market_cap,5)),0.000001))),ZScore(Mom($close,3)))))",ax_capacity_flow_x_price_momentum,phase3ax_capacity_flow_refinement,phase3ax_capacity_flow_refinement_pack_v1,phase3ax:a7f711e554976269c3a6e132,a7f711e554976269c3a6e132,phase3aw_directional_capacity,amount_yuan/final_float_market_cap/mean5_x_mom3,True,read_only_research_candidate
phase3ax_capacity_refine_00375,"Neg(CSRank(Mul(ZScore(Div(Mean($amount_yuan,5),Add(Abs(Mean($final_float_market_cap,5)),0.000001))),ZScore(Mom($close,5)))))",ax_capacity_flow_x_price_momentum,phase3ax_capacity_flow_refinement,phase3ax_capacity_flow_refinement_pack_v1,phase3ax:b773d8763209dbc24a62eb08,b773d8763209dbc24a62eb08,phase3aw_directional_capacity,amount_yuan/final_float_market_cap/mean5_x_mom5,True,read_only_research_candidate
phase3ax_capacity_refine_00376,"Neg(CSRank(Mul(ZScore(Div(Mean($amount_yuan,5),Add(Abs(Mean($final_float_market_cap,5)),0.000001))),ZScore(Mom($close,10)))))",ax_capacity_flow_x_price_momentum,phase3ax_capacity_flow_refinement,phase3ax_capacity_flow_refinement_pack_v1,phase3ax:90e70f393ac23f479843fea3,90e70f393ac23f479843fea3,phase3aw_directional_capacity,amount_yuan/final_float_market_cap/mean5_x_mom10,True,read_only_research_candidate
phase3ax_capacity_refine_00377,"Neg(CSRank(Mul(ZScore(Div(Mean($amount_yuan,5),Add(Abs(Mean($final_float_market_cap,5)),0.000001))),ZScore(Mom($close,20)))))",ax_capacity_flow_x_price_momentum,phase3ax_capacity_flow_refinement,phase3ax_capacity_flow_refinement_pack_v1,phase3ax:bfa34071e9c5a691f89a2bb3,bfa34071e9c5a691f89a2bb3,phase3aw_directional_capacity,amount_yuan/final_float_market_cap/mean5_x_mom20,True,read_only_research_candidate
phase3ax_capacity_refine_00378,"Neg(CSRank(Mul(ZScore(Div(Mean($amount_yuan,5),Add(Abs(Mean($final_float_market_cap,5)),0.000001))),ZScore(Mom($close,30)))))",ax_capacity_flow_x_price_momentum,phase3ax_capacity_flow_refinement,phase3ax_capacity_flow_refinement_pack_v1,phase3ax:fc1e303e7459052eae4c0ad9,fc1e303e7459052eae4c0ad9,phase3aw_directional_capacity,amount_yuan/final_float_market_cap/mean5_x_mom30,True,read_only_research_candidate
phase3ax_capacity_refine_00379,"Neg(CSRank(Div(Std($amount_yuan,8),Add(Abs(Mean($final_float_market_cap,8)),0.000001))))",ax_inverse_capacity_flow_volatility,phase3ax_capacity_flow_refinement,phase3ax_capacity_flow_refinement_pack_v1,phase3ax:75a4e12249cb6052e323d5aa,75a4e12249cb6052e323d5aa,phase3aw_directional_capacity,amount_yuan/final_float_market_cap/std8,True,read_only_research_candidate
phase3ax_capacity_refine_00380,"Neg(CSRank(CSResidual(ZScore(Div(Mean($amount_yuan,8),Add(Abs(Mean($final_float_market_cap,8)),0.000001))),ZScore(Mom($close,8)))))",ax_capacity_residual_vs_price_momentum,phase3ax_capacity_flow_refinement,phase3ax_capacity_flow_refinement_pack_v1,phase3ax:e6418c999631d287c3162516,e6418c999631d287c3162516,phase3aw_directional_capacity,amount_yuan/final_float_market_cap/resid_mom8,True,read_only_research_candidate
phase3ax_capacity_refine_00381,"Neg(CSRank(Mul(ZScore(Div(Mean($amount_yuan,8),Add(Abs(Mean($final_float_market_cap,8)),0.000001))),ZScore(Mom($close,3)))))",ax_capacity_flow_x_price_momentum,phase3ax_capacity_flow_refinement,phase3ax_capacity_flow_refinement_pack_v1,phase3ax:322590be080b9523f45dba1d,322590be080b9523f45dba1d,phase3aw_directional_capacity,amount_yuan/final_float_market_cap/mean8_x_mom3,True,read_only_research_candidate
phase3ax_capacity_refine_00382,"Neg(CSRank(Mul(ZScore(Div(Mean($amount_yuan,8),Add(Abs(Mean($final_float_market_cap,8)),0.000001))),ZScore(Mom($close,5)))))",ax_capacity_flow_x_price_momentum,phase3ax_capacity_flow_refinement,phase3ax_capacity_flow_refinement_pack_v1,phase3ax:534f13096767c19092450b16,534f13096767c19092450b16,phase3aw_directional_capacity,amount_yuan/final_float_market_cap/mean8_x_mom5,True,read_only_research_candidate
phase3ax_capacity_refine_00383,"Neg(CSRank(Mul(ZScore(Div(Mean($amount_yuan,8),Add(Abs(Mean($final_float_market_cap,8)),0.000001))),ZScore(Mom($close,10)))))",ax_capacity_flow_x_price_momentum,phase3ax_capacity_flow_refinement,phase3ax_capacity_flow_refinement_pack_v1,phase3ax:9f4a14c02562f9af4a8c67d7,9f4a14c02562f9af4a8c67d7,phase3aw_directional_capacity,amount_yuan/final_float_market_cap/mean8_x_mom10,True,read_only_research_candidate
phase3ax_capacity_refine_00384,"Neg(CSRank(Mul(ZScore(Div(Mean($amount_yuan,8),Add(Abs(Mean($final_float_market_cap,8)),0.000001))),ZScore(Mom($close,20)))))",ax_capacity_flow_x_price_momentum,phase3ax_capacity_flow_refinement,phase3ax_capacity_flow_refinement_pack_v1,phase3ax:0fc314efd65eb8726a6f1cd3,0fc314efd65eb8726a6f1cd3,phase3aw_directional_capacity,amount_yuan/final_float_market_cap/mean8_x_mom20,True,read_only_research_candidate
