{
  "gated_ann": 0.08221045014772521,
  "gated_max_drawdown": -0.09403733018806348,
  "placebo": {
    "active_count": 69,
    "draws": 200,
    "random_p95_ann": 0.20798990435662934,
    "true_ann": 0.08221045014772521
  },
  "ungated_ann": -0.0022614574705893675
}
