source_file,candidate_id,source_generator,source_lane,selection_rank,expression,fields
reports\cn_integrated_factor_pack_micro_g2_20260602\micro_g2_selected_candidates.csv,phase3repair-failure_detail-duplicate_escape-7e210d77983c,,unknown,,"CSRank(Mean($close,34))",close
reports\cn_integrated_factor_pack_micro_g2_20260602\micro_g2_selected_candidates.csv,stockpit-template-3640ff7d560d,,unknown,,CSRank($close),close
reports\cn_integrated_factor_pack_micro_g2_20260602\micro_g2_selected_candidates.csv,agnostic-freeform-f58db5f7c1ae,,unknown,,"CSRank(CSResidual(ZScore(Mean($high,2)),ZScore(Std($amount,3))))",amount|high
reports\cn_integrated_factor_pack_micro_g2_20260602\micro_g2_selected_candidates.csv,agnostic-freeform-2853176b2b50,,unknown,,"CSRank(Mul(CSRank(Std($final_float_market_cap,34)),Mul(ZScore(Std($high,21)),Sign(Mean($open,5)))))",final_float_market_cap|high|open
reports\cn_integrated_factor_pack_micro_g2_20260602\micro_g2_selected_candidates.csv,phase3aa_event_0205_cn_integrated_v1_rzrq_direct_rank_zrank_00205,,cn_integrated_feature_layer,,CSRank(ZScore($ctx_rzrq_rzjme3d)),ctx_rzrq_rzjme3d
reports\cn_integrated_factor_pack_micro_g2_20260602\micro_g2_selected_candidates.csv,agnostic-freeform-806d5235bba6,,unknown,,"CSRank(Sub(CSRank(Mom($vwap,34)),ZScore(Std($volume,3))))",volume|vwap
reports\cn_integrated_factor_pack_micro_g2_20260602\micro_g2_selected_candidates.csv,phase3aa_event_0206_cn_integrated_v1_rzrq_direct_rank_00206,,cn_integrated_feature_layer,,CSRank($ctx_rzrq_rzjme5d),ctx_rzrq_rzjme5d
reports\cn_integrated_factor_pack_micro_g2_20260602\micro_g2_selected_candidates.csv,phase3repair-failure_detail-operator_sanitize-b2b84bc3ef72,,unknown,,"CSRank(Sub(Mean($amount,6),Mean($amount,3)))",amount
reports\cn_integrated_factor_pack_micro_g2_20260602\micro_g2_selected_candidates.csv,phase3aa_event_0210_cn_integrated_v1_rzrq_direct_rank_00210,,cn_integrated_feature_layer,,CSRank($ctx_rzrq_rzmre10d),ctx_rzrq_rzmre10d
reports\cn_integrated_factor_pack_micro_g2_20260602\micro_g2_selected_candidates.csv,phase3aa_event_0204_cn_integrated_v1_rzrq_direct_rank_00204,,cn_integrated_feature_layer,,CSRank($ctx_rzrq_rzjme3d),ctx_rzrq_rzjme3d
reports\cn_integrated_factor_pack_micro_g2_20260602\micro_g2_selected_candidates.csv,phase3aa_event_0163_cn_integrated_v1_minute_direct_rank_zrank_00163,,cn_integrated_feature_layer,,CSRank(ZScore($m1_first5_range)),m1_first5_range
reports\cn_integrated_factor_pack_micro_g2_20260602\micro_g2_selected_candidates.csv,phase3aa_event_0149_cn_integrated_v1_minute_direct_rank_zrank_00149,,cn_integrated_feature_layer,,CSRank(ZScore($m1_first30_range)),m1_first30_range
reports\cn_integrated_factor_pack_micro_g2_20260602\micro_g2_selected_candidates.csv,phase3repair-failure_detail-operator_sanitize-8fb17dfd7ee6,,unknown,,"CSRank(Sub(Mean($close,8),Mean($close,5)))",close
reports\cn_integrated_factor_pack_micro_g2_20260602\micro_g2_selected_candidates.csv,fgv2-repair-nonlinearize-bfcb608426,,unknown,,"CSRank(Mul(Sign(ZScore(CSRank(Mean(Abs($close),8)))),Mul(ZScore(CSRank(Mean(Abs($close),8))),ZScore(CSRank(Mean(Abs($close),8))))))",close
reports\cn_integrated_factor_pack_micro_g2_20260602\micro_g2_selected_candidates.csv,agnostic-freeform-e6e81d902494,,unknown,,"CSRank(Mean($high,34))",high
reports\cn_integrated_factor_pack_micro_g2_20260602\micro_g2_selected_candidates.csv,phase3repair-failure_detail-operator_sanitize-2b72dd1e1855,,unknown,,"CSRank(Sub(Mean($close,6),Mean($close,3)))",close
reports\cn_integrated_factor_pack_micro_g2_20260602\micro_g2_selected_candidates.csv,stockpit-cem_adaptive_grammar-fc08bbc3ff5f,,unknown,,"CSRank(Mean(Abs($close),8))",close
reports\cn_integrated_factor_pack_micro_g2_20260602\micro_g2_selected_candidates.csv,fgv2-repair-add_confirmation_state-9339936017,,unknown,,"CSRank(Mul(CSRank(Mul(ZScore($final_float_market_cap),ZScore($close))),Mul(Mean(Mul(Sign(Delta($close,1)),Sign(Delta($amount,1))),5),ZScore(Mean(Abs(Delta($close,1)),20)))))",amount|close|final_float_market_cap
reports\cn_integrated_factor_pack_micro_g2_20260602\micro_g2_selected_candidates.csv,phase3aa_event_0040_cn_integrated_v1_fundamental_risk_inverse_00040,,cn_integrated_feature_layer,,CSRank(Neg($ctx_fund_bs_debt_to_assets)),ctx_fund_bs_debt_to_assets
reports\cn_integrated_factor_pack_micro_g2_20260602\micro_g2_selected_candidates.csv,phase3aa_event_0202_cn_integrated_v1_rzrq_direct_rank_00202,,cn_integrated_feature_layer,,CSRank($ctx_rzrq_rzjme10d),ctx_rzrq_rzjme10d
reports\cn_integrated_factor_pack_micro_g2_20260602\micro_g2_selected_candidates.csv,phase3aa_event_0208_cn_integrated_v1_rzrq_direct_rank_00208,,cn_integrated_feature_layer,,CSRank($ctx_rzrq_rzmre),ctx_rzrq_rzmre
reports\cn_integrated_factor_pack_micro_g2_20260602\micro_g2_selected_candidates.csv,phase3aa_event_0200_cn_integrated_v1_rzrq_direct_rank_00200,,cn_integrated_feature_layer,,CSRank($ctx_rzrq_rzjme),ctx_rzrq_rzjme
reports\cn_integrated_factor_pack_micro_g2_20260602\micro_g2_selected_candidates.csv,phase3aa_event_0036_cn_integrated_v1_fundamental_quality_direct_00036,,cn_integrated_feature_layer,,CSRank($ctx_fund_cf_operate_cash_to_netprofit),ctx_fund_cf_operate_cash_to_netprofit
reports\cn_integrated_factor_pack_micro_g2_20260602\micro_g2_selected_candidates.csv,phase3aa_event_0038_cn_integrated_v1_fundamental_quality_direct_00038,,cn_integrated_feature_layer,,CSRank($ctx_fund_ps_research_to_income),ctx_fund_ps_research_to_income
reports\cn_phase3ad_hfq_valuation_selector_only_canary_v1_20260603\hfq_valuation_selected_candidates.csv,phase3aa_event_0001_phase3ad_hfqval_valuation_low_pe_0001,,,14,CSRank($ctx_hfq_inv_pe_ttm_lag1),ctx_hfq_inv_pe_ttm_lag1
reports\cn_phase3ad_hfq_valuation_selector_only_canary_v1_20260603\hfq_valuation_selected_candidates.csv,phase3aa_event_0010_phase3ad_hfqval_valuation_low_pb_x_liquidity_0010,,,15,"CSRank(Mul($ctx_hfq_inv_pb_lag1,CSRank($ctx_hfq_turnover_ratio_lag1)))",ctx_hfq_inv_pb_lag1|ctx_hfq_turnover_ratio_lag1
reports\cn_phase3ad_hfq_valuation_selector_only_canary_v1_20260603\hfq_valuation_selected_candidates.csv,phase3aa_event_0004_phase3ad_hfqval_valuation_low_pe_raw_0004,,,17,CSRank(Neg($ctx_hfq_pe_ttm_lag1)),ctx_hfq_pe_ttm_lag1
reports\cn_phase3ad_hfq_valuation_selector_only_canary_v1_20260603\hfq_valuation_selected_candidates.csv,phase3aa_event_0011_phase3ad_hfqval_valuation_low_ps_x_float_size_0011,,,18,"CSRank(Div($ctx_hfq_inv_ps_ttm_lag1,Add(Abs(Log(Add($ctx_hfq_float_market_cap_yuan_lag1,1))),0.000001)))",ctx_hfq_float_market_cap_yuan_lag1|ctx_hfq_inv_ps_ttm_lag1
reports\cn_phase3ad_hfq_valuation_selector_only_canary_v1_20260603\hfq_valuation_selected_candidates.csv,phase3aa_event_0002_phase3ad_hfqval_valuation_low_pb_0002,,,19,CSRank($ctx_hfq_inv_pb_lag1),ctx_hfq_inv_pb_lag1
reports\cn_phase3ad_hfq_valuation_selector_only_canary_v1_20260603\hfq_valuation_selected_candidates.csv,phase3aa_event_0007_phase3ad_hfqval_liquidity_volume_ratio_0007,,,20,CSRank($ctx_hfq_volume_ratio_lag1),ctx_hfq_volume_ratio_lag1
reports\cn_phase3ad_hfq_valuation_selector_only_canary_v1_20260603\hfq_valuation_selected_candidates.csv,phase3aa_event_0008_phase3ad_hfqval_liquidity_turnover_ratio_0008,,,21,CSRank($ctx_hfq_turnover_ratio_lag1),ctx_hfq_turnover_ratio_lag1
reports\cn_phase3ad_hfq_valuation_selector_only_canary_v1_20260603\hfq_valuation_selected_candidates.csv,phase3aa_event_0003_phase3ad_hfqval_valuation_low_ps_0003,,,22,CSRank($ctx_hfq_inv_ps_ttm_lag1),ctx_hfq_inv_ps_ttm_lag1
reports\cn_phase3ad_hfq_valuation_selector_only_canary_v1_20260603\hfq_valuation_selected_candidates.csv,phase3aa_event_0012_phase3ad_hfqval_valuation_pb_size_adjusted_0012,,,23,"CSRank(Div($ctx_hfq_inv_pb_lag1,Add(Abs(Log(Add($ctx_hfq_float_market_cap_yuan_lag1,1))),0.000001)))",ctx_hfq_float_market_cap_yuan_lag1|ctx_hfq_inv_pb_lag1
reports\cn_zzshare_limit_sentiment_selector_only_gate_v1_20260602\zzshare_selected_candidates.csv,phase3aa_event_0040_cn_zls_v1_zls_ladder_to_limit_ratio_00040,cn_zzshare_limit_sentiment_factor_pack_v1,cn_zzshare_limit_sentiment_feature_layer,,"CSRank(Div(Add($ctx_zls_lb_2_num_lag1,$ctx_zls_lb_3_num_lag1),Add(Abs($ctx_zls_uplimit_num_lag1),0.000001)))",ctx_zls_lb_2_num_lag1|ctx_zls_lb_3_num_lag1|ctx_zls_uplimit_num_lag1
reports\cn_zzshare_limit_sentiment_selector_only_gate_v1_20260602\zzshare_selected_candidates.csv,phase3aa_event_0033_cn_zls_v1_zls_sentiment_direct_zrank_00033,cn_zzshare_limit_sentiment_factor_pack_v1,cn_zzshare_limit_sentiment_feature_layer,,CSRank(ZScore($ctx_zls_lbgd_lag1)),ctx_zls_lbgd_lag1
reports\cn_zzshare_limit_sentiment_selector_only_gate_v1_20260602\zzshare_selected_candidates.csv,phase3aa_event_0014_cn_zls_v1_zls_max_seal_to_amount_00014,cn_zzshare_limit_sentiment_factor_pack_v1,cn_zzshare_limit_sentiment_feature_layer,,"CSRank(Div($evt_zls_fd_max,Add(Abs($evt_zls_amount),0.000001)))",evt_zls_amount|evt_zls_fd_max
reports\cn_zzshare_limit_sentiment_selector_only_gate_v1_20260602\zzshare_selected_candidates.csv,phase3aa_event_0048_cn_zls_v1_zls_hot_rank_inverse_00048,cn_zzshare_limit_sentiment_factor_pack_v1,cn_zzshare_limit_sentiment_feature_layer,,CSRank(Neg($ctx_zls_rank_lag1)),ctx_zls_rank_lag1
reports\cn_zzshare_limit_sentiment_selector_only_gate_v1_20260602\zzshare_selected_candidates.csv,phase3aa_event_0009_cn_zls_v1_zls_event_direct_00009,cn_zzshare_limit_sentiment_factor_pack_v1,cn_zzshare_limit_sentiment_feature_layer,,CSRank($evt_zls_fd_max),evt_zls_fd_max
reports\cn_zzshare_limit_sentiment_selector_only_gate_v1_20260602\zzshare_selected_candidates.csv,phase3aa_event_0011_cn_zls_v1_zls_event_direct_00011,cn_zzshare_limit_sentiment_factor_pack_v1,cn_zzshare_limit_sentiment_feature_layer,,CSRank($evt_zls_up_limit_keep_times),evt_zls_up_limit_keep_times
reports\cn_zzshare_limit_sentiment_selector_only_gate_v1_20260602\zzshare_selected_candidates.csv,phase3aa_event_0029_cn_zls_v1_zls_sentiment_direct_zrank_00029,cn_zzshare_limit_sentiment_factor_pack_v1,cn_zzshare_limit_sentiment_feature_layer,,CSRank(ZScore($ctx_zls_uplimit_num_lag1)),ctx_zls_uplimit_num_lag1
reports\cn_zzshare_limit_sentiment_selector_only_gate_v1_20260602\zzshare_selected_candidates.csv,phase3aa_event_0021_cn_zls_v1_zls_sentiment_direct_zrank_00021,cn_zzshare_limit_sentiment_factor_pack_v1,cn_zzshare_limit_sentiment_feature_layer,,CSRank(ZScore($ctx_zls_max_lb_num_lag1)),ctx_zls_max_lb_num_lag1
reports\cn_zzshare_limit_sentiment_selector_only_gate_v1_20260602\zzshare_selected_candidates.csv,phase3aa_event_0027_cn_zls_v1_zls_sentiment_direct_zrank_00027,cn_zzshare_limit_sentiment_factor_pack_v1,cn_zzshare_limit_sentiment_feature_layer,,CSRank(ZScore($ctx_zls_lb_h_num_lag1)),ctx_zls_lb_h_num_lag1
reports\cn_zzshare_limit_sentiment_selector_only_gate_v1_20260602\zzshare_selected_candidates.csv,phase3aa_event_0010_cn_zls_v1_zls_event_direct_zrank_00010,cn_zzshare_limit_sentiment_factor_pack_v1,cn_zzshare_limit_sentiment_feature_layer,,CSRank(ZScore($evt_zls_fd_max)),evt_zls_fd_max
reports\cn_zzshare_limit_sentiment_selector_only_gate_v1_20260602\zzshare_selected_candidates.csv,phase3aa_event_0035_cn_zls_v1_zls_sentiment_direct_zrank_00035,cn_zzshare_limit_sentiment_factor_pack_v1,cn_zzshare_limit_sentiment_feature_layer,,CSRank(ZScore($ctx_zls_strong_lag1)),ctx_zls_strong_lag1
reports\cn_zzshare_limit_sentiment_selector_only_gate_v1_20260602\zzshare_selected_candidates.csv,phase3aa_event_0031_cn_zls_v1_zls_sentiment_direct_zrank_00031,cn_zzshare_limit_sentiment_factor_pack_v1,cn_zzshare_limit_sentiment_feature_layer,,CSRank(ZScore($ctx_zls_zb_num_lag1)),ctx_zls_zb_num_lag1
reports\cn_zzshare_limit_sentiment_selector_only_gate_v1_20260602\zzshare_selected_candidates.csv,phase3aa_event_0025_cn_zls_v1_zls_sentiment_direct_zrank_00025,cn_zzshare_limit_sentiment_factor_pack_v1,cn_zzshare_limit_sentiment_feature_layer,,CSRank(ZScore($ctx_zls_lb_3_num_lag1)),ctx_zls_lb_3_num_lag1
reports\cn_zzshare_limit_sentiment_selector_only_gate_v1_20260602\zzshare_selected_candidates.csv,phase3aa_event_0037_cn_zls_v1_zls_sentiment_direct_zrank_00037,cn_zzshare_limit_sentiment_factor_pack_v1,cn_zzshare_limit_sentiment_feature_layer,,CSRank(ZScore($ctx_zls_ztjs_lag1)),ctx_zls_ztjs_lag1
reports\cn_zzshare_limit_sentiment_selector_only_gate_v1_20260602\zzshare_selected_candidates.csv,phase3aa_event_0012_cn_zls_v1_zls_event_direct_zrank_00012,cn_zzshare_limit_sentiment_factor_pack_v1,cn_zzshare_limit_sentiment_feature_layer,,CSRank(ZScore($evt_zls_up_limit_keep_times)),evt_zls_up_limit_keep_times
reports\cn_zzshare_limit_sentiment_selector_only_gate_v1_20260602\zzshare_selected_candidates.csv,phase3aa_event_0019_cn_zls_v1_zls_sentiment_direct_zrank_00019,cn_zzshare_limit_sentiment_factor_pack_v1,cn_zzshare_limit_sentiment_feature_layer,,CSRank(ZScore($ctx_zls_lb_2_num_lag1)),ctx_zls_lb_2_num_lag1
reports\cn_zzshare_limit_sentiment_selector_only_gate_v1_20260602\zzshare_selected_candidates.csv,phase3aa_event_0023_cn_zls_v1_zls_sentiment_direct_zrank_00023,cn_zzshare_limit_sentiment_factor_pack_v1,cn_zzshare_limit_sentiment_feature_layer,,CSRank(ZScore($ctx_zls_downlimit_num_lag1)),ctx_zls_downlimit_num_lag1
reports\cn_zzshare_limit_sentiment_selector_only_gate_v1_20260602\zzshare_selected_candidates.csv,phase3aa_event_0015_cn_zls_v1_zls_auction_money_to_offer_00015,cn_zzshare_limit_sentiment_factor_pack_v1,cn_zzshare_limit_sentiment_feature_layer,,"CSRank(Div($evt_zls_auction_money,Add(Abs($evt_zls_auction_offer),0.000001)))",evt_zls_auction_money|evt_zls_auction_offer
reports\cn_zzshare_limit_sentiment_selector_only_gate_v1_20260602\zzshare_selected_candidates.csv,phase3aa_event_0047_cn_zls_v1_zls_hot_rank_direct_00047,cn_zzshare_limit_sentiment_factor_pack_v1,cn_zzshare_limit_sentiment_feature_layer,,CSRank($ctx_zls_last_pct_lag1),ctx_zls_last_pct_lag1
reports\cn_zzshare_limit_sentiment_selector_only_gate_v1_20260602\zzshare_selected_candidates.csv,phase3aa_event_0005_cn_zls_v1_zls_event_direct_00005,cn_zzshare_limit_sentiment_factor_pack_v1,cn_zzshare_limit_sentiment_feature_layer,,CSRank($evt_zls_auction_turnover),evt_zls_auction_turnover
reports\cn_zzshare_limit_sentiment_selector_only_gate_v1_20260602\zzshare_selected_candidates.csv,phase3aa_event_0013_cn_zls_v1_zls_seal_to_amount_00013,cn_zzshare_limit_sentiment_factor_pack_v1,cn_zzshare_limit_sentiment_feature_layer,,"CSRank(Div($evt_zls_fd_close,Add(Abs($evt_zls_amount),0.000001)))",evt_zls_amount|evt_zls_fd_close
reports\cn_zzshare_limit_sentiment_selector_only_gate_v1_20260602\zzshare_selected_candidates.csv,phase3aa_event_0016_cn_zls_v1_zls_auction_turnover_to_amount_00016,cn_zzshare_limit_sentiment_factor_pack_v1,cn_zzshare_limit_sentiment_feature_layer,,"CSRank(Div($evt_zls_auction_turnover,Add(Abs($evt_zls_amount),0.000001)))",evt_zls_amount|evt_zls_auction_turnover
reports\cn_zzshare_limit_sentiment_selector_only_gate_v1_20260602\zzshare_selected_candidates.csv,phase3aa_event_0002_cn_zls_v1_zls_event_direct_zrank_00002,cn_zzshare_limit_sentiment_factor_pack_v1,cn_zzshare_limit_sentiment_feature_layer,,CSRank(ZScore($evt_zls_amount)),evt_zls_amount
reports\cn_zzshare_limit_sentiment_selector_only_gate_v1_20260602\zzshare_selected_candidates.csv,phase3aa_event_0008_cn_zls_v1_zls_event_direct_zrank_00008,cn_zzshare_limit_sentiment_factor_pack_v1,cn_zzshare_limit_sentiment_feature_layer,,CSRank(ZScore($evt_zls_fd_close)),evt_zls_fd_close
reports\cn_zzshare_limit_sentiment_selector_only_gate_v1_20260602\zzshare_selected_candidates.csv,phase3aa_event_0003_cn_zls_v1_zls_event_direct_00003,cn_zzshare_limit_sentiment_factor_pack_v1,cn_zzshare_limit_sentiment_feature_layer,,CSRank($evt_zls_auction_money),evt_zls_auction_money
reports\cn_zzshare_limit_sentiment_selector_only_gate_v1_20260602\zzshare_selected_candidates.csv,phase3aa_event_0007_cn_zls_v1_zls_event_direct_00007,cn_zzshare_limit_sentiment_factor_pack_v1,cn_zzshare_limit_sentiment_feature_layer,,CSRank($evt_zls_fd_close),evt_zls_fd_close
reports\cn_zzshare_limit_sentiment_selector_only_gate_v1_20260602\zzshare_selected_candidates.csv,phase3aa_event_0001_cn_zls_v1_zls_event_direct_00001,cn_zzshare_limit_sentiment_factor_pack_v1,cn_zzshare_limit_sentiment_feature_layer,,CSRank($evt_zls_amount),evt_zls_amount
reports\cn_zzshare_limit_sentiment_selector_only_gate_v1_lag1_alias_20260602\zzshare_selected_candidates.csv,phase3aa_event_0039_cn_zls_v1_zls_open_board_rate_00039,cn_zzshare_limit_sentiment_factor_pack_v1,cn_zzshare_limit_sentiment_feature_layer,,"CSRank(Div($ctx_zls_zb_num_lag1,Add(Abs($ctx_zls_uplimit_num_lag1),0.000001)))",ctx_zls_uplimit_num_lag1|ctx_zls_zb_num_lag1
reports\cn_zzshare_limit_sentiment_selector_only_gate_v1_lag1_alias_20260602\zzshare_selected_candidates.csv,phase3aa_event_0027_cn_zls_v1_zls_sentiment_direct_zrank_00027,cn_zzshare_limit_sentiment_factor_pack_v1,cn_zzshare_limit_sentiment_feature_layer,,CSRank(ZScore($ctx_zls_lb_h_num_lag1)),ctx_zls_lb_h_num_lag1
reports\cn_zzshare_limit_sentiment_selector_only_gate_v1_lag1_alias_20260602\zzshare_selected_candidates.csv,phase3aa_event_0048_cn_zls_v1_zls_hot_rank_inverse_00048,cn_zzshare_limit_sentiment_factor_pack_v1,cn_zzshare_limit_sentiment_feature_layer,,CSRank(Neg($ctx_zls_rank_lag1)),ctx_zls_rank_lag1
reports\cn_zzshare_limit_sentiment_selector_only_gate_v1_lag1_alias_20260602\zzshare_selected_candidates.csv,phase3aa_event_0011_cn_zls_v1_zls_event_direct_00011,cn_zzshare_limit_sentiment_factor_pack_v1,cn_zzshare_limit_sentiment_feature_layer,,CSRank($ctx_zls_evt_up_limit_keep_times_lag1),ctx_zls_evt_up_limit_keep_times_lag1
reports\cn_zzshare_limit_sentiment_selector_only_gate_v1_lag1_alias_20260602\zzshare_selected_candidates.csv,phase3aa_event_0009_cn_zls_v1_zls_event_direct_00009,cn_zzshare_limit_sentiment_factor_pack_v1,cn_zzshare_limit_sentiment_feature_layer,,CSRank($ctx_zls_evt_fd_max_lag1),ctx_zls_evt_fd_max_lag1
reports\cn_zzshare_limit_sentiment_selector_only_gate_v1_lag1_alias_20260602\zzshare_selected_candidates.csv,phase3aa_event_0029_cn_zls_v1_zls_sentiment_direct_zrank_00029,cn_zzshare_limit_sentiment_factor_pack_v1,cn_zzshare_limit_sentiment_feature_layer,,CSRank(ZScore($ctx_zls_uplimit_num_lag1)),ctx_zls_uplimit_num_lag1
reports\cn_zzshare_limit_sentiment_selector_only_gate_v1_lag1_alias_20260602\zzshare_selected_candidates.csv,phase3aa_event_0014_cn_zls_v1_zls_max_seal_to_amount_00014,cn_zzshare_limit_sentiment_factor_pack_v1,cn_zzshare_limit_sentiment_feature_layer,,"CSRank(Div($ctx_zls_evt_fd_max_lag1,Add(Abs($ctx_zls_evt_amount_lag1),0.000001)))",ctx_zls_evt_amount_lag1|ctx_zls_evt_fd_max_lag1
reports\cn_zzshare_limit_sentiment_selector_only_gate_v1_lag1_alias_20260602\zzshare_selected_candidates.csv,phase3aa_event_0033_cn_zls_v1_zls_sentiment_direct_zrank_00033,cn_zzshare_limit_sentiment_factor_pack_v1,cn_zzshare_limit_sentiment_feature_layer,,CSRank(ZScore($ctx_zls_lbgd_lag1)),ctx_zls_lbgd_lag1
reports\cn_zzshare_limit_sentiment_selector_only_gate_v1_lag1_alias_20260602\zzshare_selected_candidates.csv,phase3aa_event_0025_cn_zls_v1_zls_sentiment_direct_zrank_00025,cn_zzshare_limit_sentiment_factor_pack_v1,cn_zzshare_limit_sentiment_feature_layer,,CSRank(ZScore($ctx_zls_lb_3_num_lag1)),ctx_zls_lb_3_num_lag1
reports\cn_zzshare_limit_sentiment_selector_only_gate_v1_lag1_alias_20260602\zzshare_selected_candidates.csv,phase3aa_event_0035_cn_zls_v1_zls_sentiment_direct_zrank_00035,cn_zzshare_limit_sentiment_factor_pack_v1,cn_zzshare_limit_sentiment_feature_layer,,CSRank(ZScore($ctx_zls_strong_lag1)),ctx_zls_strong_lag1
reports\cn_zzshare_limit_sentiment_selector_only_gate_v1_lag1_alias_20260602\zzshare_selected_candidates.csv,phase3aa_event_0031_cn_zls_v1_zls_sentiment_direct_zrank_00031,cn_zzshare_limit_sentiment_factor_pack_v1,cn_zzshare_limit_sentiment_feature_layer,,CSRank(ZScore($ctx_zls_zb_num_lag1)),ctx_zls_zb_num_lag1
reports\cn_zzshare_limit_sentiment_selector_only_gate_v1_lag1_alias_20260602\zzshare_selected_candidates.csv,phase3aa_event_0023_cn_zls_v1_zls_sentiment_direct_zrank_00023,cn_zzshare_limit_sentiment_factor_pack_v1,cn_zzshare_limit_sentiment_feature_layer,,CSRank(ZScore($ctx_zls_downlimit_num_lag1)),ctx_zls_downlimit_num_lag1
reports\cn_zzshare_limit_sentiment_selector_only_gate_v1_lag1_alias_20260602\zzshare_selected_candidates.csv,phase3aa_event_0037_cn_zls_v1_zls_sentiment_direct_zrank_00037,cn_zzshare_limit_sentiment_factor_pack_v1,cn_zzshare_limit_sentiment_feature_layer,,CSRank(ZScore($ctx_zls_ztjs_lag1)),ctx_zls_ztjs_lag1
reports\cn_zzshare_limit_sentiment_selector_only_gate_v1_lag1_alias_20260602\zzshare_selected_candidates.csv,phase3aa_event_0012_cn_zls_v1_zls_event_direct_zrank_00012,cn_zzshare_limit_sentiment_factor_pack_v1,cn_zzshare_limit_sentiment_feature_layer,,CSRank(ZScore($ctx_zls_evt_up_limit_keep_times_lag1)),ctx_zls_evt_up_limit_keep_times_lag1
reports\cn_zzshare_limit_sentiment_selector_only_gate_v1_lag1_alias_20260602\zzshare_selected_candidates.csv,phase3aa_event_0010_cn_zls_v1_zls_event_direct_zrank_00010,cn_zzshare_limit_sentiment_factor_pack_v1,cn_zzshare_limit_sentiment_feature_layer,,CSRank(ZScore($ctx_zls_evt_fd_max_lag1)),ctx_zls_evt_fd_max_lag1
reports\cn_zzshare_limit_sentiment_selector_only_gate_v1_lag1_alias_20260602\zzshare_selected_candidates.csv,phase3aa_event_0019_cn_zls_v1_zls_sentiment_direct_zrank_00019,cn_zzshare_limit_sentiment_factor_pack_v1,cn_zzshare_limit_sentiment_feature_layer,,CSRank(ZScore($ctx_zls_lb_2_num_lag1)),ctx_zls_lb_2_num_lag1
reports\cn_zzshare_limit_sentiment_selector_only_gate_v1_lag1_alias_20260602\zzshare_selected_candidates.csv,phase3aa_event_0021_cn_zls_v1_zls_sentiment_direct_zrank_00021,cn_zzshare_limit_sentiment_factor_pack_v1,cn_zzshare_limit_sentiment_feature_layer,,CSRank(ZScore($ctx_zls_max_lb_num_lag1)),ctx_zls_max_lb_num_lag1
reports\cn_zzshare_limit_sentiment_selector_only_gate_v1_lag1_alias_20260602\zzshare_selected_candidates.csv,phase3aa_event_0015_cn_zls_v1_zls_auction_money_to_offer_00015,cn_zzshare_limit_sentiment_factor_pack_v1,cn_zzshare_limit_sentiment_feature_layer,,"CSRank(Div($ctx_zls_evt_auction_money_lag1,Add(Abs($ctx_zls_evt_auction_offer_lag1),0.000001)))",ctx_zls_evt_auction_money_lag1|ctx_zls_evt_auction_offer_lag1
reports\cn_zzshare_limit_sentiment_selector_only_gate_v1_lag1_alias_20260602\zzshare_selected_candidates.csv,phase3aa_event_0047_cn_zls_v1_zls_hot_rank_direct_00047,cn_zzshare_limit_sentiment_factor_pack_v1,cn_zzshare_limit_sentiment_feature_layer,,CSRank($ctx_zls_last_pct_lag1),ctx_zls_last_pct_lag1
reports\cn_zzshare_limit_sentiment_selector_only_gate_v1_lag1_alias_20260602\zzshare_selected_candidates.csv,phase3aa_event_0005_cn_zls_v1_zls_event_direct_00005,cn_zzshare_limit_sentiment_factor_pack_v1,cn_zzshare_limit_sentiment_feature_layer,,CSRank($ctx_zls_evt_auction_turnover_lag1),ctx_zls_evt_auction_turnover_lag1
reports\cn_zzshare_limit_sentiment_selector_only_gate_v1_lag1_alias_20260602\zzshare_selected_candidates.csv,phase3aa_event_0013_cn_zls_v1_zls_seal_to_amount_00013,cn_zzshare_limit_sentiment_factor_pack_v1,cn_zzshare_limit_sentiment_feature_layer,,"CSRank(Div($ctx_zls_evt_fd_close_lag1,Add(Abs($ctx_zls_evt_amount_lag1),0.000001)))",ctx_zls_evt_amount_lag1|ctx_zls_evt_fd_close_lag1
reports\cn_zzshare_limit_sentiment_selector_only_gate_v1_lag1_alias_20260602\zzshare_selected_candidates.csv,phase3aa_event_0016_cn_zls_v1_zls_auction_turnover_to_amount_00016,cn_zzshare_limit_sentiment_factor_pack_v1,cn_zzshare_limit_sentiment_feature_layer,,"CSRank(Div($ctx_zls_evt_auction_turnover_lag1,Add(Abs($ctx_zls_evt_amount_lag1),0.000001)))",ctx_zls_evt_amount_lag1|ctx_zls_evt_auction_turnover_lag1
reports\cn_zzshare_limit_sentiment_selector_only_gate_v1_lag1_alias_20260602\zzshare_selected_candidates.csv,phase3aa_event_0004_cn_zls_v1_zls_event_direct_zrank_00004,cn_zzshare_limit_sentiment_factor_pack_v1,cn_zzshare_limit_sentiment_feature_layer,,CSRank(ZScore($ctx_zls_evt_auction_money_lag1)),ctx_zls_evt_auction_money_lag1
reports\cn_zzshare_limit_sentiment_selector_only_gate_v1_lag1_alias_20260602\zzshare_selected_candidates.csv,phase3aa_event_0008_cn_zls_v1_zls_event_direct_zrank_00008,cn_zzshare_limit_sentiment_factor_pack_v1,cn_zzshare_limit_sentiment_feature_layer,,CSRank(ZScore($ctx_zls_evt_fd_close_lag1)),ctx_zls_evt_fd_close_lag1
reports\cn_zzshare_limit_sentiment_selector_only_gate_v1_lag1_alias_20260602\zzshare_selected_candidates.csv,phase3aa_event_0001_cn_zls_v1_zls_event_direct_00001,cn_zzshare_limit_sentiment_factor_pack_v1,cn_zzshare_limit_sentiment_feature_layer,,CSRank($ctx_zls_evt_amount_lag1),ctx_zls_evt_amount_lag1
reports\cn_zzshare_limit_sentiment_selector_only_gate_v1_lag1_alias_20260602\zzshare_selected_candidates.csv,phase3aa_event_0003_cn_zls_v1_zls_event_direct_00003,cn_zzshare_limit_sentiment_factor_pack_v1,cn_zzshare_limit_sentiment_feature_layer,,CSRank($ctx_zls_evt_auction_money_lag1),ctx_zls_evt_auction_money_lag1
reports\cn_zzshare_limit_sentiment_selector_only_gate_v1_lag1_alias_20260602\zzshare_selected_candidates.csv,phase3aa_event_0007_cn_zls_v1_zls_event_direct_00007,cn_zzshare_limit_sentiment_factor_pack_v1,cn_zzshare_limit_sentiment_feature_layer,,CSRank($ctx_zls_evt_fd_close_lag1),ctx_zls_evt_fd_close_lag1
runtime\cn_flow_liquidity_factor_pack_v1_selector64_20260601\selector_safe_v2\aa\phase3e_selector_audit.csv,phase3aa_event_0276_cn_flow_liq_v1_event_x_flow_liquidity_0276,cn_flow_liquidity_factor_pack_v1,event_derived_feature_layer,42.0,"CSRank(Mul(ZScore(Mean($plate_score,10)),ZScore(Mean($seal_circulation_rate,10))))",plate_score|seal_circulation_rate
runtime\cn_flow_liquidity_factor_pack_v1_selector64_20260601\selector_safe_v2\aa\phase3e_selector_audit.csv,phase3aa_event_0275_cn_flow_liq_v1_event_x_flow_liquidity_0275,cn_flow_liquidity_factor_pack_v1,event_derived_feature_layer,38.0,"CSRank(Mul(ZScore(Mean($plate_score,5)),ZScore(Mean($seal_circulation_rate,5))))",plate_score|seal_circulation_rate
runtime\cn_flow_liquidity_factor_pack_v1_selector64_20260601\selector_safe_v2\aa\phase3e_selector_audit.csv,phase3aa_event_0274_cn_flow_liq_v1_event_x_flow_liquidity_0274,cn_flow_liquidity_factor_pack_v1,event_derived_feature_layer,40.0,"CSRank(Mul(ZScore(Mean($plate_score,3)),ZScore(Mean($seal_circulation_rate,3))))",plate_score|seal_circulation_rate
runtime\cn_flow_liquidity_factor_pack_v1_selector64_20260601\selector_safe_v2\aa\phase3e_selector_audit.csv,phase3aa_event_0273_cn_flow_liq_v1_event_x_flow_liquidity_0273,cn_flow_liquidity_factor_pack_v1,event_derived_feature_layer,41.0,"CSRank(Mul(ZScore(Mean($plate_score,10)),ZScore(Mean($seal_rate,10))))",plate_score|seal_rate
runtime\cn_flow_liquidity_factor_pack_v1_selector64_20260601\selector_safe_v2\aa\phase3e_selector_audit.csv,phase3aa_event_0272_cn_flow_liq_v1_event_x_flow_liquidity_0272,cn_flow_liquidity_factor_pack_v1,event_derived_feature_layer,39.0,"CSRank(Mul(ZScore(Mean($plate_score,5)),ZScore(Mean($seal_rate,5))))",plate_score|seal_rate
runtime\cn_flow_liquidity_factor_pack_v1_selector64_20260601\selector_safe_v2\aa\phase3e_selector_audit.csv,phase3aa_event_0271_cn_flow_liq_v1_event_x_flow_liquidity_0271,cn_flow_liquidity_factor_pack_v1,event_derived_feature_layer,35.0,"CSRank(Mul(ZScore(Mean($plate_score,3)),ZScore(Mean($seal_rate,3))))",plate_score|seal_rate
runtime\cn_flow_liquidity_factor_pack_v1_selector64_20260601\selector_safe_v2\aa\phase3e_selector_audit.csv,phase3aa_event_0270_cn_flow_liq_v1_event_x_flow_liquidity_0270,cn_flow_liquidity_factor_pack_v1,event_derived_feature_layer,49.0,"CSRank(Mul(ZScore(Mean($plate_score,10)),ZScore(Mean($seal_money,10))))",plate_score|seal_money
runtime\cn_flow_liquidity_factor_pack_v1_selector64_20260601\selector_safe_v2\aa\phase3e_selector_audit.csv,phase3aa_event_0269_cn_flow_liq_v1_event_x_flow_liquidity_0269,cn_flow_liquidity_factor_pack_v1,event_derived_feature_layer,48.0,"CSRank(Mul(ZScore(Mean($plate_score,5)),ZScore(Mean($seal_money,5))))",plate_score|seal_money
runtime\cn_flow_liquidity_factor_pack_v1_selector64_20260601\selector_safe_v2\aa\phase3e_selector_audit.csv,phase3aa_event_0268_cn_flow_liq_v1_event_x_flow_liquidity_0268,cn_flow_liquidity_factor_pack_v1,event_derived_feature_layer,46.0,"CSRank(Mul(ZScore(Mean($plate_score,3)),ZScore(Mean($seal_money,3))))",plate_score|seal_money
runtime\cn_flow_liquidity_factor_pack_v1_selector64_20260601\selector_safe_v2\aa\phase3e_selector_audit.csv,phase3aa_event_0267_cn_flow_liq_v1_event_x_flow_liquidity_0267,cn_flow_liquidity_factor_pack_v1,event_derived_feature_layer,45.0,"CSRank(Mul(ZScore(Mean($plate_score,10)),ZScore(Mean($turnover_ratio_real,10))))",plate_score|turnover_ratio_real
runtime\cn_flow_liquidity_factor_pack_v1_selector64_20260601\selector_safe_v2\aa\phase3e_selector_audit.csv,phase3aa_event_0266_cn_flow_liq_v1_event_x_flow_liquidity_0266,cn_flow_liquidity_factor_pack_v1,event_derived_feature_layer,43.0,"CSRank(Mul(ZScore(Mean($plate_score,5)),ZScore(Mean($turnover_ratio_real,5))))",plate_score|turnover_ratio_real
runtime\cn_flow_liquidity_factor_pack_v1_selector64_20260601\selector_safe_v2\aa\phase3e_selector_audit.csv,phase3aa_event_0262_cn_flow_liq_v1_event_x_flow_liquidity_0262,cn_flow_liquidity_factor_pack_v1,event_derived_feature_layer,47.0,"CSRank(Mul(ZScore(Mean($plate_score,3)),ZScore(Mean($turnover_ratio,3))))",plate_score|turnover_ratio
runtime\cn_flow_liquidity_factor_pack_v1_selector64_20260601\selector_safe_v2\aa\phase3e_selector_audit.csv,phase3aa_event_0200_cn_flow_liq_v1_event_x_flow_liquidity_0200,cn_flow_liquidity_factor_pack_v1,event_derived_feature_layer,44.0,"CSRank(Mul(ZScore(Mean($limit_up_close_count_t5,5)),ZScore(Mean($seal_rate,5))))",limit_up_close_count_t5|seal_rate
runtime\cn_flow_liquidity_factor_pack_v1_selector64_20260601\selector_safe_v2\aa\phase3e_selector_audit.csv,phase3aa_event_0305_cn_flow_liq_v1_fundamental_x_flow_0305,cn_flow_liquidity_factor_pack_v1,research_factor_feature_layer,20.0,"CSRank(Mul(ZScore($fund_netprofit_margin),ZScore(Div(Mean($turnover_ratio,5),Add(Abs(Mean($turnover_ratio,20)),0.000001)))))",fund_netprofit_margin|turnover_ratio
runtime\cn_flow_liquidity_factor_pack_v1_selector64_20260601\selector_safe_v2\aa\phase3e_selector_audit.csv,phase3aa_event_0304_cn_flow_liq_v1_fundamental_x_flow_0304,cn_flow_liquidity_factor_pack_v1,research_factor_feature_layer,24.0,"CSRank(Mul(ZScore($fund_netprofit_margin),ZScore(Div(Mean($turnover_ratio,5),Add(Abs(Mean($turnover_ratio,10)),0.000001)))))",fund_netprofit_margin|turnover_ratio
runtime\cn_flow_liquidity_factor_pack_v1_selector64_20260601\selector_safe_v2\aa\phase3e_selector_audit.csv,phase3aa_event_0303_cn_flow_liq_v1_fundamental_x_flow_0303,cn_flow_liquidity_factor_pack_v1,research_factor_feature_layer,27.0,"CSRank(Mul(ZScore($fund_netprofit_margin),ZScore(Div(Mean($amount,5),Add(Abs(Mean($amount,60)),0.000001)))))",amount|fund_netprofit_margin
runtime\cn_flow_liquidity_factor_pack_v1_selector64_20260601\selector_safe_v2\aa\phase3e_selector_audit.csv,phase3aa_event_0302_cn_flow_liq_v1_fundamental_x_flow_0302,cn_flow_liquidity_factor_pack_v1,research_factor_feature_layer,16.0,"CSRank(Mul(ZScore($fund_netprofit_margin),ZScore(Div(Mean($amount,5),Add(Abs(Mean($amount,20)),0.000001)))))",amount|fund_netprofit_margin
runtime\cn_flow_liquidity_factor_pack_v1_selector64_20260601\selector_safe_v2\aa\phase3e_selector_audit.csv,phase3aa_event_0301_cn_flow_liq_v1_fundamental_x_flow_0301,cn_flow_liquidity_factor_pack_v1,research_factor_feature_layer,29.0,"CSRank(Mul(ZScore($fund_netprofit_margin),ZScore(Div(Mean($amount,5),Add(Abs(Mean($amount,10)),0.000001)))))",amount|fund_netprofit_margin
runtime\cn_flow_liquidity_factor_pack_v1_selector64_20260601\selector_safe_v2\aa\phase3e_selector_audit.csv,phase3aa_event_0300_cn_flow_liq_v1_fundamental_x_flow_0300,cn_flow_liquidity_factor_pack_v1,research_factor_feature_layer,10.0,"CSRank(Mul(ZScore($fund_current_ratio),ZScore(Div(Mean($turnover_ratio,5),Add(Abs(Mean($turnover_ratio,60)),0.000001)))))",fund_current_ratio|turnover_ratio
runtime\cn_flow_liquidity_factor_pack_v1_selector64_20260601\selector_safe_v2\aa\phase3e_selector_audit.csv,phase3aa_event_0298_cn_flow_liq_v1_fundamental_x_flow_0298,cn_flow_liquidity_factor_pack_v1,research_factor_feature_layer,25.0,"CSRank(Mul(ZScore($fund_current_ratio),ZScore(Div(Mean($turnover_ratio,5),Add(Abs(Mean($turnover_ratio,10)),0.000001)))))",fund_current_ratio|turnover_ratio
runtime\cn_flow_liquidity_factor_pack_v1_selector64_20260601\selector_safe_v2\aa\phase3e_selector_audit.csv,phase3aa_event_0297_cn_flow_liq_v1_fundamental_x_flow_0297,cn_flow_liquidity_factor_pack_v1,research_factor_feature_layer,15.0,"CSRank(Mul(ZScore($fund_current_ratio),ZScore(Div(Mean($amount,5),Add(Abs(Mean($amount,60)),0.000001)))))",amount|fund_current_ratio
runtime\cn_flow_liquidity_factor_pack_v1_selector64_20260601\selector_safe_v2\aa\phase3e_selector_audit.csv,phase3aa_event_0295_cn_flow_liq_v1_fundamental_x_flow_0295,cn_flow_liquidity_factor_pack_v1,research_factor_feature_layer,28.0,"CSRank(Mul(ZScore($fund_current_ratio),ZScore(Div(Mean($amount,5),Add(Abs(Mean($amount,10)),0.000001)))))",amount|fund_current_ratio
runtime\cn_flow_liquidity_factor_pack_v1_selector64_20260601\selector_safe_v2\aa\phase3e_selector_audit.csv,phase3aa_event_0289_cn_flow_liq_v1_fundamental_x_flow_0289,cn_flow_liquidity_factor_pack_v1,research_factor_feature_layer,13.0,"Neg(CSRank(Mul(ZScore($fund_debt_to_assets),ZScore(Div(Mean($amount,5),Add(Abs(Mean($amount,10)),0.000001))))))",amount|fund_debt_to_assets
runtime\cn_flow_liquidity_factor_pack_v1_selector64_20260601\selector_safe_v2\aa\phase3e_selector_audit.csv,phase3aa_event_0288_cn_flow_liq_v1_fundamental_x_flow_0288,cn_flow_liquidity_factor_pack_v1,research_factor_feature_layer,26.0,"CSRank(Mul(ZScore($fund_cash_to_assets),ZScore(Div(Mean($turnover_ratio,5),Add(Abs(Mean($turnover_ratio,60)),0.000001)))))",fund_cash_to_assets|turnover_ratio
runtime\cn_flow_liquidity_factor_pack_v1_selector64_20260601\selector_safe_v2\aa\phase3e_selector_audit.csv,phase3aa_event_0287_cn_flow_liq_v1_fundamental_x_flow_0287,cn_flow_liquidity_factor_pack_v1,research_factor_feature_layer,30.0,"CSRank(Mul(ZScore($fund_cash_to_assets),ZScore(Div(Mean($turnover_ratio,5),Add(Abs(Mean($turnover_ratio,20)),0.000001)))))",fund_cash_to_assets|turnover_ratio
runtime\cn_flow_liquidity_factor_pack_v1_selector64_20260601\selector_safe_v2\aa\phase3e_selector_audit.csv,phase3aa_event_0286_cn_flow_liq_v1_fundamental_x_flow_0286,cn_flow_liquidity_factor_pack_v1,research_factor_feature_layer,31.0,"CSRank(Mul(ZScore($fund_cash_to_assets),ZScore(Div(Mean($turnover_ratio,5),Add(Abs(Mean($turnover_ratio,10)),0.000001)))))",fund_cash_to_assets|turnover_ratio
runtime\cn_flow_liquidity_factor_pack_v1_selector64_20260601\selector_safe_v2\aa\phase3e_selector_audit.csv,phase3aa_event_0285_cn_flow_liq_v1_fundamental_x_flow_0285,cn_flow_liquidity_factor_pack_v1,research_factor_feature_layer,18.0,"CSRank(Mul(ZScore($fund_cash_to_assets),ZScore(Div(Mean($amount,5),Add(Abs(Mean($amount,60)),0.000001)))))",amount|fund_cash_to_assets
runtime\cn_flow_liquidity_factor_pack_v1_selector64_20260601\selector_safe_v2\aa\phase3e_selector_audit.csv,phase3aa_event_0284_cn_flow_liq_v1_fundamental_x_flow_0284,cn_flow_liquidity_factor_pack_v1,research_factor_feature_layer,22.0,"CSRank(Mul(ZScore($fund_cash_to_assets),ZScore(Div(Mean($amount,5),Add(Abs(Mean($amount,20)),0.000001)))))",amount|fund_cash_to_assets
runtime\cn_flow_liquidity_factor_pack_v1_selector64_20260601\selector_safe_v2\aa\phase3e_selector_audit.csv,phase3aa_event_0283_cn_flow_liq_v1_fundamental_x_flow_0283,cn_flow_liquidity_factor_pack_v1,research_factor_feature_layer,23.0,"CSRank(Mul(ZScore($fund_cash_to_assets),ZScore(Div(Mean($amount,5),Add(Abs(Mean($amount,10)),0.000001)))))",amount|fund_cash_to_assets
runtime\cn_flow_liquidity_factor_pack_v1_selector64_20260601\selector_safe_v2\aa\phase3e_selector_audit.csv,phase3aa_event_0280_cn_flow_liq_v1_fundamental_x_flow_0280,cn_flow_liquidity_factor_pack_v1,research_factor_feature_layer,21.0,"CSRank(Mul(ZScore($fund_ocf_to_assets),ZScore(Div(Mean($turnover_ratio,5),Add(Abs(Mean($turnover_ratio,10)),0.000001)))))",fund_ocf_to_assets|turnover_ratio
runtime\cn_flow_liquidity_factor_pack_v1_selector64_20260601\selector_safe_v2\aa\phase3e_selector_audit.csv,phase3aa_event_0279_cn_flow_liq_v1_fundamental_x_flow_0279,cn_flow_liquidity_factor_pack_v1,research_factor_feature_layer,19.0,"CSRank(Mul(ZScore($fund_ocf_to_assets),ZScore(Div(Mean($amount,5),Add(Abs(Mean($amount,60)),0.000001)))))",amount|fund_ocf_to_assets
runtime\cn_flow_liquidity_factor_pack_v1_selector64_20260601\selector_safe_v2\aa\phase3e_selector_audit.csv,phase3aa_event_0278_cn_flow_liq_v1_fundamental_x_flow_0278,cn_flow_liquidity_factor_pack_v1,research_factor_feature_layer,17.0,"CSRank(Mul(ZScore($fund_ocf_to_assets),ZScore(Div(Mean($amount,5),Add(Abs(Mean($amount,20)),0.000001)))))",amount|fund_ocf_to_assets
runtime\cn_flow_liquidity_factor_pack_v1_selector64_20260601\selector_safe_v2\aa\phase3e_selector_audit.csv,agnostic-freeform-806d5235bba6,agnostic_freeform_ast,agnostic_freeform_ast,61.0,"CSRank(Sub(CSRank(Mom($vwap,34)),ZScore(Std($volume,3))))",volume|vwap
runtime\cn_flow_liquidity_factor_pack_v1_selector64_20260601\selector_safe_v2\aa\phase3e_selector_audit.csv,phase3repair-failure_detail-operator_sanitize-2b72dd1e1855,ast_failure_aware_repair,ast_failure_aware_repair,50.0,"CSRank(Sub(Mean($close,6),Mean($close,3)))",close
runtime\cn_flow_liquidity_factor_pack_v1_selector64_20260601\selector_safe_v2\aa\phase3e_selector_audit.csv,phase3repair-failure_detail-duplicate_escape-7e210d77983c,ast_failure_aware_repair,ast_failure_aware_repair,1.0,"CSRank(Mean($close,34))",close
runtime\cn_flow_liquidity_factor_pack_v1_selector64_20260601\selector_safe_v2\aa\phase3e_selector_audit.csv,phase3repair-failure_detail-operator_sanitize-8fb17dfd7ee6,ast_failure_aware_repair,ast_failure_aware_repair,32.0,"CSRank(Sub(Mean($close,8),Mean($close,5)))",close
runtime\cn_flow_liquidity_factor_pack_v1_selector64_20260601\selector_safe_v2\aa\phase3e_selector_audit.csv,stockpit-cem_adaptive_grammar-fc08bbc3ff5f,cem_adaptive_grammar,r0_cem_led,54.0,"CSRank(Mean(Abs($close),8))",close
runtime\cn_flow_liquidity_factor_pack_v1_selector64_20260601\selector_safe_v2\aa\phase3e_selector_audit.csv,phase3repair-failure_detail-duplicate_escape-342328343b5c,ast_failure_aware_repair,ast_failure_aware_repair,53.0,"CSRank(Mean($close,3))",close
runtime\cn_flow_liquidity_factor_pack_v1_selector64_20260601\selector_safe_v2\aa\phase3e_selector_audit.csv,phase3repair-failure_detail-operator_sanitize-b2b84bc3ef72,ast_failure_aware_repair,ast_failure_aware_repair,12.0,"CSRank(Sub(Mean($amount,6),Mean($amount,3)))",amount
runtime\cn_flow_liquidity_factor_pack_v1_selector64_20260601\selector_safe_v2\aa\phase3e_selector_audit.csv,phase3repair-failure_detail-operator_sanitize-92247745ff4a,ast_failure_aware_repair,ast_failure_aware_repair,52.0,"CSRank(Mean(Abs(Delta($close,1)),3))",close
runtime\cn_flow_liquidity_factor_pack_v1_selector64_20260601\selector_safe_v2\aa\phase3e_selector_audit.csv,stockpit-template-3640ff7d560d,simple_template,r0_cem_led,2.0,CSRank($close),close
runtime\cn_flow_liquidity_factor_pack_v1_selector64_20260601\selector_safe_v2\aa\phase3e_selector_audit.csv,agnostic-freeform-2853176b2b50,agnostic_freeform_ast,agnostic_freeform_ast,3.0,"CSRank(Mul(CSRank(Std($final_float_market_cap,34)),Mul(ZScore(Std($high,21)),Sign(Mean($open,5)))))",final_float_market_cap|high|open
runtime\cn_flow_liquidity_factor_pack_v1_selector64_20260601\selector_safe_v2\aa\phase3e_selector_audit.csv,agnostic-freeform-f58db5f7c1ae,agnostic_freeform_ast,agnostic_freeform_ast,4.0,"CSRank(CSResidual(ZScore(Mean($high,2)),ZScore(Std($amount,3))))",amount|high
runtime\cn_flow_liquidity_factor_pack_v1_selector64_20260601\selector_safe_v2\aa\phase3e_selector_audit.csv,agnostic-freeform-566625b9ea8c,agnostic_freeform_ast,agnostic_freeform_ast,5.0,"CSRank(ZScore(Std($vwap,13)))",vwap
runtime\cn_flow_liquidity_factor_pack_v1_selector64_20260601\selector_safe_v2\aa\phase3e_selector_audit.csv,stockpit-cem_adaptive_grammar-098c6066c092,cem_adaptive_grammar,r0_cem_led,51.0,"CSRank(Mul(ZScore(Std($close,5)),ZScore(Std($final_float_market_cap,2))))",close|final_float_market_cap
runtime\cn_flow_liquidity_factor_pack_v1_selector64_20260601\selector_safe_v2\aa\phase3e_selector_audit.csv,stockpit-cem_adaptive_grammar-8b93b582ec12,cem_adaptive_grammar,r0_cem_led,37.0,"CSRank(Mul(ZScore($final_float_market_cap),ZScore($close)))",close|final_float_market_cap
runtime\cn_flow_liquidity_factor_pack_v1_selector64_20260601\selector_safe_v2\aa\phase3e_selector_audit.csv,fgv2-repair-nonlinearize-720a70b84f,formula_gen_v2_repair_expansion,formula_gen_v2_repair_expansion,14.0,"CSRank(Mul(Sign(ZScore(CSRank(Mul(ZScore(Std($close,5)),ZScore(Std($final_float_market_cap,2)))))),Mul(ZScore(CSRank(Mul(ZScore(Std($close,5)),ZScore(Std($final_float_market_cap,2))))),ZScore(CSRank(Mul(ZScore(Std($close,5)),ZScore(Std($final_float_market_cap,2))))))))",close|final_float_market_cap
runtime\cn_flow_liquidity_factor_pack_v1_selector64_20260601\selector_safe_v2\aa\phase3e_selector_audit.csv,agnostic-freeform-551385e7478d,agnostic_freeform_ast,agnostic_freeform_ast,7.0,"CSRank(Mul(CSRank(Std($high,34)),Mul(ZScore($vwap),Sign(Std($high,13)))))",high|vwap
runtime\cn_flow_liquidity_factor_pack_v1_selector64_20260601\selector_safe_v2\aa\phase3e_selector_audit.csv,fgv2-repair-add_state_gate-7a09229418,formula_gen_v2_repair_expansion,formula_gen_v2_repair_expansion,34.0,"CSRank(Mul(Neg(Neg(CSRank($close))),ZScore(Mean(Abs(Delta($close,1)),20))))",close
runtime\cn_flow_liquidity_factor_pack_v1_selector64_20260601\selector_safe_v2\aa\phase3e_selector_audit.csv,agnostic-freeform-a7ad8beeeacf,agnostic_freeform_ast,agnostic_freeform_ast,8.0,"CSRank(Add(CSRank(Mom($final_total_market_cap,13)),CSRank(Mean($vwap,8))))",final_total_market_cap|vwap
runtime\cn_flow_liquidity_factor_pack_v1_selector64_20260601\selector_safe_v2\aa\phase3e_selector_audit.csv,agnostic-freeform-042e30be7cdf,agnostic_freeform_ast,agnostic_freeform_ast,6.0,"CSRank(Mul(CSRank(Mean($close,8)),Corr(Mean($volume,3),Std($final_float_market_cap,13),8)))",close|final_float_market_cap|volume
runtime\cn_flow_liquidity_factor_pack_v1_selector64_20260601\selector_safe_v2\aa\phase3e_selector_audit.csv,fgv2-repair-add_confirmation-a2ebaeae10,formula_gen_v2_repair_expansion,formula_gen_v2_repair_expansion,33.0,"CSRank(Mul(CSRank(Mean(Abs($close),8)),Sign(Delta($amount,1))))",amount|close
runtime\cn_flow_liquidity_factor_pack_v1_selector64_20260601\selector_safe_v2\aa\phase3e_selector_audit.csv,fgv2-repair-nonlinearize-69d3d3bbf5,formula_gen_v2_repair_expansion,formula_gen_v2_repair_expansion,9.0,"CSRank(Mul(Sign(ZScore(CSRank(Mul(ZScore($final_float_market_cap),ZScore($close))))),Mul(ZScore(CSRank(Mul(ZScore($final_float_market_cap),ZScore($close)))),ZScore(CSRank(Mul(ZScore($final_float_market_cap),ZScore($close)))))))",close|final_float_market_cap
runtime\cn_flow_liquidity_factor_pack_v1_selector64_20260601\selector_safe_v2\aa\phase3e_selector_audit.csv,stockpit-cem_adaptive_grammar-ad335fa8387e,cem_adaptive_grammar,r0_cem_led,11.0,"Neg(CSRank(Mul(ZScore(Delta($amount,8)),ZScore(Delta($final_float_market_cap,2)))))",amount|final_float_market_cap
runtime\cn_flow_liquidity_factor_pack_v1_selector64_20260601\selector_safe_v2\aa\phase3e_selector_audit.csv,phase3repair-failure_detail-duplicate_escape-962c2202831a,ast_failure_aware_repair,ast_failure_aware_repair,36.0,"CSRank(Mul(ZScore(Mean($close,8)),ZScore(Delta($close,11))))",close
runtime\cn_flow_liquidity_factor_pack_v1_selector64_20260601\selector_safe_v2\aa\phase3e_selector_audit.csv,phase3aa_event_1213_cn_research_v2_fundamental_size_residual_0044,cn_research_factor_pack_v2,fundamental_pit_feature_layer,64.0,"CSRank(CSResidual(Log($fund_total_shares_cninfo),Log($fund_total_assets)))",fund_total_assets|fund_total_shares_cninfo
runtime\cn_flow_liquidity_factor_pack_v1_selector64_20260601\selector_safe_v2\aa\phase3e_selector_audit.csv,phase3aa_event_1210_cn_research_v2_fundamental_size_residual_0041,cn_research_factor_pack_v2,fundamental_pit_feature_layer,63.0,"CSRank(CSResidual(Log($fund_total_operate_income),Log($fund_total_assets)))",fund_total_assets|fund_total_operate_income
runtime\cn_flow_liquidity_factor_pack_v1_selector64_20260601\selector_safe_v2\aa\phase3e_selector_audit.csv,phase3aa_event_1209_cn_research_v2_fundamental_size_residual_0040,cn_research_factor_pack_v2,fundamental_pit_feature_layer,55.0,"CSRank(CSResidual(Log($fund_total_assets),Log($fund_total_assets)))",fund_total_assets
runtime\cn_flow_liquidity_factor_pack_v1_selector64_20260601\selector_safe_v2\aa\phase3e_selector_audit.csv,phase3aa_event_1208_cn_research_v2_fundamental_risk_inverse_0039,cn_research_factor_pack_v2,fundamental_pit_feature_layer,59.0,"Neg(CSRank(Delta($fund_inventory_to_assets,20)))",fund_inventory_to_assets
runtime\cn_flow_liquidity_factor_pack_v1_selector64_20260601\selector_safe_v2\aa\phase3e_selector_audit.csv,phase3aa_event_1204_cn_research_v2_fundamental_risk_inverse_0035,cn_research_factor_pack_v2,fundamental_pit_feature_layer,56.0,"Neg(CSRank(Mean($fund_goodwill_to_assets,5)))",fund_goodwill_to_assets
runtime\cn_flow_liquidity_factor_pack_v1_selector64_20260601\selector_safe_v2\aa\phase3e_selector_audit.csv,phase3aa_event_1200_cn_research_v2_fundamental_risk_inverse_0031,cn_research_factor_pack_v2,fundamental_pit_feature_layer,58.0,Neg(CSRank($fund_debt_to_assets)),fund_debt_to_assets
runtime\cn_flow_liquidity_factor_pack_v1_selector64_20260601\selector_safe_v2\aa\phase3e_selector_audit.csv,phase3aa_event_1198_cn_research_v2_fundamental_quality_0029,cn_research_factor_pack_v2,fundamental_pit_feature_layer,62.0,"CSRank(Mean($fund_float_share_ratio_cninfo,5))",fund_float_share_ratio_cninfo
runtime\cn_flow_liquidity_factor_pack_v1_selector64_20260601\selector_safe_v2\aa\phase3e_selector_audit.csv,phase3aa_event_1197_cn_research_v2_fundamental_quality_0028,cn_research_factor_pack_v2,fundamental_pit_feature_layer,60.0,CSRank($fund_float_share_ratio_cninfo),fund_float_share_ratio_cninfo
runtime\cn_flow_liquidity_factor_pack_v1_selector64_20260601\selector_safe_v2\aa\phase3e_selector_audit.csv,phase3aa_event_1196_cn_research_v2_fundamental_quality_0027,cn_research_factor_pack_v2,fundamental_pit_feature_layer,57.0,"CSRank(Delta($fund_circulate_top10_holder_pct,20))",fund_circulate_top10_holder_pct
runtime\cn_integrated_factor_pack_v1_micro_g2_20260602\selector\aa\phase3e_selector_audit.csv,phase3aa_event_0163_cn_integrated_v1_minute_direct_rank_zrank_00163,cn_integrated_factor_pack_v1,event_derived_feature_layer,11.0,CSRank(ZScore($m1_first5_range)),m1_first5_range
runtime\cn_integrated_factor_pack_v1_micro_g2_20260602\selector\aa\phase3e_selector_audit.csv,phase3aa_event_0149_cn_integrated_v1_minute_direct_rank_zrank_00149,cn_integrated_factor_pack_v1,event_derived_feature_layer,12.0,CSRank(ZScore($m1_first30_range)),m1_first30_range
runtime\cn_integrated_factor_pack_v1_micro_g2_20260602\selector\aa\phase3e_selector_audit.csv,phase3aa_event_0210_cn_integrated_v1_rzrq_direct_rank_00210,cn_integrated_factor_pack_v1,research_factor_feature_layer,9.0,CSRank($ctx_rzrq_rzmre10d),ctx_rzrq_rzmre10d
runtime\cn_integrated_factor_pack_v1_micro_g2_20260602\selector\aa\phase3e_selector_audit.csv,phase3aa_event_0208_cn_integrated_v1_rzrq_direct_rank_00208,cn_integrated_factor_pack_v1,research_factor_feature_layer,21.0,CSRank($ctx_rzrq_rzmre),ctx_rzrq_rzmre
runtime\cn_integrated_factor_pack_v1_micro_g2_20260602\selector\aa\phase3e_selector_audit.csv,phase3aa_event_0206_cn_integrated_v1_rzrq_direct_rank_00206,cn_integrated_factor_pack_v1,research_factor_feature_layer,7.0,CSRank($ctx_rzrq_rzjme5d),ctx_rzrq_rzjme5d
runtime\cn_integrated_factor_pack_v1_micro_g2_20260602\selector\aa\phase3e_selector_audit.csv,phase3aa_event_0205_cn_integrated_v1_rzrq_direct_rank_zrank_00205,cn_integrated_factor_pack_v1,research_factor_feature_layer,5.0,CSRank(ZScore($ctx_rzrq_rzjme3d)),ctx_rzrq_rzjme3d
runtime\cn_integrated_factor_pack_v1_micro_g2_20260602\selector\aa\phase3e_selector_audit.csv,phase3aa_event_0204_cn_integrated_v1_rzrq_direct_rank_00204,cn_integrated_factor_pack_v1,research_factor_feature_layer,10.0,CSRank($ctx_rzrq_rzjme3d),ctx_rzrq_rzjme3d
runtime\cn_integrated_factor_pack_v1_micro_g2_20260602\selector\aa\phase3e_selector_audit.csv,phase3aa_event_0202_cn_integrated_v1_rzrq_direct_rank_00202,cn_integrated_factor_pack_v1,research_factor_feature_layer,20.0,CSRank($ctx_rzrq_rzjme10d),ctx_rzrq_rzjme10d
runtime\cn_integrated_factor_pack_v1_micro_g2_20260602\selector\aa\phase3e_selector_audit.csv,phase3aa_event_0200_cn_integrated_v1_rzrq_direct_rank_00200,cn_integrated_factor_pack_v1,research_factor_feature_layer,22.0,CSRank($ctx_rzrq_rzjme),ctx_rzrq_rzjme
runtime\cn_integrated_factor_pack_v1_micro_g2_20260602\selector\aa\phase3e_selector_audit.csv,agnostic-freeform-806d5235bba6,agnostic_freeform_ast,agnostic_freeform_ast,6.0,"CSRank(Sub(CSRank(Mom($vwap,34)),ZScore(Std($volume,3))))",volume|vwap
runtime\cn_integrated_factor_pack_v1_micro_g2_20260602\selector\aa\phase3e_selector_audit.csv,phase3repair-failure_detail-operator_sanitize-2b72dd1e1855,ast_failure_aware_repair,ast_failure_aware_repair,16.0,"CSRank(Sub(Mean($close,6),Mean($close,3)))",close
runtime\cn_integrated_factor_pack_v1_micro_g2_20260602\selector\aa\phase3e_selector_audit.csv,phase3repair-failure_detail-duplicate_escape-7e210d77983c,ast_failure_aware_repair,ast_failure_aware_repair,1.0,"CSRank(Mean($close,34))",close
runtime\cn_integrated_factor_pack_v1_micro_g2_20260602\selector\aa\phase3e_selector_audit.csv,agnostic-freeform-e6e81d902494,agnostic_freeform_ast,agnostic_freeform_ast,15.0,"CSRank(Mean($high,34))",high
runtime\cn_integrated_factor_pack_v1_micro_g2_20260602\selector\aa\phase3e_selector_audit.csv,fgv2-repair-add_confirmation_state-9339936017,formula_gen_v2_repair_expansion,formula_gen_v2_repair_expansion,18.0,"CSRank(Mul(CSRank(Mul(ZScore($final_float_market_cap),ZScore($close))),Mul(Mean(Mul(Sign(Delta($close,1)),Sign(Delta($amount,1))),5),ZScore(Mean(Abs(Delta($close,1)),20)))))",amount|close|final_float_market_cap
runtime\cn_integrated_factor_pack_v1_micro_g2_20260602\selector\aa\phase3e_selector_audit.csv,phase3repair-failure_detail-operator_sanitize-8fb17dfd7ee6,ast_failure_aware_repair,ast_failure_aware_repair,13.0,"CSRank(Sub(Mean($close,8),Mean($close,5)))",close
runtime\cn_integrated_factor_pack_v1_micro_g2_20260602\selector\aa\phase3e_selector_audit.csv,stockpit-cem_adaptive_grammar-fc08bbc3ff5f,cem_adaptive_grammar,r0_cem_led,17.0,"CSRank(Mean(Abs($close),8))",close
runtime\cn_integrated_factor_pack_v1_micro_g2_20260602\selector\aa\phase3e_selector_audit.csv,phase3repair-failure_detail-operator_sanitize-b2b84bc3ef72,ast_failure_aware_repair,ast_failure_aware_repair,8.0,"CSRank(Sub(Mean($amount,6),Mean($amount,3)))",amount
runtime\cn_integrated_factor_pack_v1_micro_g2_20260602\selector\aa\phase3e_selector_audit.csv,stockpit-template-3640ff7d560d,simple_template,r0_cem_led,2.0,CSRank($close),close
runtime\cn_integrated_factor_pack_v1_micro_g2_20260602\selector\aa\phase3e_selector_audit.csv,agnostic-freeform-2853176b2b50,agnostic_freeform_ast,agnostic_freeform_ast,4.0,"CSRank(Mul(CSRank(Std($final_float_market_cap,34)),Mul(ZScore(Std($high,21)),Sign(Mean($open,5)))))",final_float_market_cap|high|open
runtime\cn_integrated_factor_pack_v1_micro_g2_20260602\selector\aa\phase3e_selector_audit.csv,agnostic-freeform-f58db5f7c1ae,agnostic_freeform_ast,agnostic_freeform_ast,3.0,"CSRank(CSResidual(ZScore(Mean($high,2)),ZScore(Std($amount,3))))",amount|high
runtime\cn_integrated_factor_pack_v1_micro_g2_20260602\selector\aa\phase3e_selector_audit.csv,fgv2-repair-nonlinearize-bfcb608426,formula_gen_v2_repair_expansion,formula_gen_v2_repair_expansion,14.0,"CSRank(Mul(Sign(ZScore(CSRank(Mean(Abs($close),8)))),Mul(ZScore(CSRank(Mean(Abs($close),8))),ZScore(CSRank(Mean(Abs($close),8))))))",close
runtime\cn_integrated_factor_pack_v1_micro_g2_20260602\selector\aa\phase3e_selector_audit.csv,phase3aa_event_0040_cn_integrated_v1_fundamental_risk_inverse_00040,cn_integrated_factor_pack_v1,fundamental_pit_feature_layer,19.0,CSRank(Neg($ctx_fund_bs_debt_to_assets)),ctx_fund_bs_debt_to_assets
runtime\cn_integrated_factor_pack_v1_micro_g2_20260602\selector\aa\phase3e_selector_audit.csv,phase3aa_event_0038_cn_integrated_v1_fundamental_quality_direct_00038,cn_integrated_factor_pack_v1,fundamental_pit_feature_layer,24.0,CSRank($ctx_fund_ps_research_to_income),ctx_fund_ps_research_to_income
runtime\cn_integrated_factor_pack_v1_micro_g2_20260602\selector\aa\phase3e_selector_audit.csv,phase3aa_event_0036_cn_integrated_v1_fundamental_quality_direct_00036,cn_integrated_factor_pack_v1,fundamental_pit_feature_layer,23.0,CSRank($ctx_fund_cf_operate_cash_to_netprofit),ctx_fund_cf_operate_cash_to_netprofit
runtime\cn_integrated_factor_pack_v2_coverage_aware_20260603\selector_only\aa\phase3e_selector_audit.csv,phase3aa_event_0279_cn_integrated_v2_rzrq_size_normalized_00340,cn_integrated_factor_pack_v2,research_factor_feature_layer,28.0,"CSRank(Div($ctx_rzrq_rzmre,Add(Abs($final_float_market_cap),0.000001)))",ctx_rzrq_rzmre|final_float_market_cap
runtime\cn_integrated_factor_pack_v2_coverage_aware_20260603\selector_only\aa\phase3e_selector_audit.csv,phase3aa_event_0275_cn_integrated_v2_rzrq_size_normalized_00336,cn_integrated_factor_pack_v2,research_factor_feature_layer,29.0,"CSRank(Div($ctx_rzrq_rzjme3d,Add(Abs($final_float_market_cap),0.000001)))",ctx_rzrq_rzjme3d|final_float_market_cap
runtime\cn_integrated_factor_pack_v2_coverage_aware_20260603\selector_only\aa\phase3e_selector_audit.csv,phase3aa_event_0273_cn_integrated_v2_rzrq_size_normalized_00334,cn_integrated_factor_pack_v2,research_factor_feature_layer,23.0,"CSRank(Div($ctx_rzrq_rzjme10d,Add(Abs($final_float_market_cap),0.000001)))",ctx_rzrq_rzjme10d|final_float_market_cap
runtime\cn_integrated_factor_pack_v2_coverage_aware_20260603\selector_only\aa\phase3e_selector_audit.csv,phase3aa_event_0261_cn_integrated_v2_rzrq_size_normalized_00322,cn_integrated_factor_pack_v2,research_factor_feature_layer,25.0,"CSRank(Div($ctx_rzrq_rqye,Add(Abs($final_float_market_cap),0.000001)))",ctx_rzrq_rqye|final_float_market_cap
runtime\cn_integrated_factor_pack_v2_coverage_aware_20260603\selector_only\aa\phase3e_selector_audit.csv,phase3aa_event_0253_cn_integrated_v2_rzrq_size_normalized_00314,cn_integrated_factor_pack_v2,research_factor_feature_layer,31.0,"CSRank(Div($ctx_rzrq_rqmcl,Add(Abs($final_float_market_cap),0.000001)))",ctx_rzrq_rqmcl|final_float_market_cap
runtime\cn_integrated_factor_pack_v2_coverage_aware_20260603\selector_only\aa\phase3e_selector_audit.csv,phase3aa_event_0251_cn_integrated_v2_rzrq_size_normalized_00312,cn_integrated_factor_pack_v2,research_factor_feature_layer,32.0,"CSRank(Div($ctx_rzrq_rqjmg5d,Add(Abs($final_float_market_cap),0.000001)))",ctx_rzrq_rqjmg5d|final_float_market_cap
runtime\cn_integrated_factor_pack_v2_coverage_aware_20260603\selector_only\aa\phase3e_selector_audit.csv,phase3aa_event_0249_cn_integrated_v2_rzrq_size_normalized_00310,cn_integrated_factor_pack_v2,research_factor_feature_layer,26.0,"CSRank(Div($ctx_rzrq_rqjmg3d,Add(Abs($final_float_market_cap),0.000001)))",ctx_rzrq_rqjmg3d|final_float_market_cap
runtime\cn_integrated_factor_pack_v2_coverage_aware_20260603\selector_only\aa\phase3e_selector_audit.csv,phase3aa_event_0247_cn_integrated_v2_rzrq_size_normalized_00308,cn_integrated_factor_pack_v2,research_factor_feature_layer,21.0,"CSRank(Div($ctx_rzrq_rqjmg10d,Add(Abs($final_float_market_cap),0.000001)))",ctx_rzrq_rqjmg10d|final_float_market_cap
runtime\cn_integrated_factor_pack_v2_coverage_aware_20260603\selector_only\aa\phase3e_selector_audit.csv,phase3aa_event_0245_cn_integrated_v2_rzrq_size_normalized_00306,cn_integrated_factor_pack_v2,research_factor_feature_layer,13.0,"CSRank(Div($ctx_rzrq_rqjmg,Add(Abs($final_float_market_cap),0.000001)))",ctx_rzrq_rqjmg|final_float_market_cap
runtime\cn_integrated_factor_pack_v2_coverage_aware_20260603\selector_only\aa\phase3e_selector_audit.csv,phase3aa_event_0288_cn_integrated_v2_minute_amount_share_daily_00349,cn_integrated_factor_pack_v2,research_factor_feature_layer,22.0,"CSRank(Div($m1_first30_amount,Add(Abs($amount),0.000001)))",amount|m1_first30_amount
runtime\cn_integrated_factor_pack_v2_coverage_aware_20260603\selector_only\aa\phase3e_selector_audit.csv,phase3aa_event_0280_cn_integrated_v2_rzrq_size_normalized_00341,cn_integrated_factor_pack_v2,research_factor_feature_layer,30.0,"CSRank(Div($ctx_rzrq_rzmre,Add(Abs($amount),0.000001)))",amount|ctx_rzrq_rzmre
runtime\cn_integrated_factor_pack_v2_coverage_aware_20260603\selector_only\aa\phase3e_selector_audit.csv,phase3aa_event_0278_cn_integrated_v2_rzrq_size_normalized_00339,cn_integrated_factor_pack_v2,research_factor_feature_layer,35.0,"CSRank(Div($ctx_rzrq_rzjme5d,Add(Abs($amount),0.000001)))",amount|ctx_rzrq_rzjme5d
runtime\cn_integrated_factor_pack_v2_coverage_aware_20260603\selector_only\aa\phase3e_selector_audit.csv,phase3aa_event_0272_cn_integrated_v2_rzrq_size_normalized_00333,cn_integrated_factor_pack_v2,research_factor_feature_layer,20.0,"CSRank(Div($ctx_rzrq_rzjme,Add(Abs($amount),0.000001)))",amount|ctx_rzrq_rzjme
runtime\cn_integrated_factor_pack_v2_coverage_aware_20260603\selector_only\aa\phase3e_selector_audit.csv,phase3aa_event_0268_cn_integrated_v2_rzrq_size_normalized_00329,cn_integrated_factor_pack_v2,research_factor_feature_layer,24.0,"CSRank(Div($ctx_rzrq_rzche3d,Add(Abs($amount),0.000001)))",amount|ctx_rzrq_rzche3d
runtime\cn_integrated_factor_pack_v2_coverage_aware_20260603\selector_only\aa\phase3e_selector_audit.csv,phase3aa_event_0264_cn_integrated_v2_rzrq_size_normalized_00325,cn_integrated_factor_pack_v2,research_factor_feature_layer,37.0,"CSRank(Div($ctx_rzrq_rzche,Add(Abs($amount),0.000001)))",amount|ctx_rzrq_rzche
runtime\cn_integrated_factor_pack_v2_coverage_aware_20260603\selector_only\aa\phase3e_selector_audit.csv,phase3aa_event_0256_cn_integrated_v2_rzrq_size_normalized_00317,cn_integrated_factor_pack_v2,research_factor_feature_layer,33.0,"CSRank(Div($ctx_rzrq_rqmcl10d,Add(Abs($amount),0.000001)))",amount|ctx_rzrq_rqmcl10d
runtime\cn_integrated_factor_pack_v2_coverage_aware_20260603\selector_only\aa\phase3e_selector_audit.csv,phase3aa_event_0228_cn_integrated_v2_quality_x_rzrq_flow_00289,cn_integrated_factor_pack_v2,research_factor_feature_layer,27.0,"CSRank(Mul(ZScore($ctx_fund_bs_cash_to_assets),ZScore($ctx_rzrq_rzjme)))",ctx_fund_bs_cash_to_assets|ctx_rzrq_rzjme
runtime\cn_integrated_factor_pack_v2_coverage_aware_20260603\selector_only\aa\phase3e_selector_audit.csv,phase3aa_event_0225_cn_integrated_v2_quality_x_rzrq_flow_00286,cn_integrated_factor_pack_v2,research_factor_feature_layer,34.0,"CSRank(Mul(ZScore($ctx_fund_bs_cash_to_assets),ZScore($ctx_rzrq_rzche10d)))",ctx_fund_bs_cash_to_assets|ctx_rzrq_rzche10d
runtime\cn_integrated_factor_pack_v2_coverage_aware_20260603\selector_only\aa\phase3e_selector_audit.csv,phase3aa_event_0221_cn_integrated_v2_quality_x_rzrq_flow_00282,cn_integrated_factor_pack_v2,research_factor_feature_layer,36.0,"CSRank(Mul(ZScore($ctx_fund_bs_cash_to_assets),ZScore($ctx_rzrq_rqmcl3d)))",ctx_fund_bs_cash_to_assets|ctx_rzrq_rqmcl3d
runtime\cn_integrated_factor_pack_v2_coverage_aware_20260603\selector_only\aa\phase3e_selector_audit.csv,agnostic-freeform-806d5235bba6,agnostic_freeform_ast,agnostic_freeform_ast,8.0,"CSRank(Sub(CSRank(Mom($vwap,34)),ZScore(Std($volume,3))))",volume|vwap
runtime\cn_integrated_factor_pack_v2_coverage_aware_20260603\selector_only\aa\phase3e_selector_audit.csv,phase3repair-failure_detail-duplicate_escape-7e210d77983c,ast_failure_aware_repair,ast_failure_aware_repair,1.0,"CSRank(Mean($close,34))",close
runtime\cn_integrated_factor_pack_v2_coverage_aware_20260603\selector_only\aa\phase3e_selector_audit.csv,phase3repair-failure_detail-operator_sanitize-b2b84bc3ef72,ast_failure_aware_repair,ast_failure_aware_repair,43.0,"CSRank(Sub(Mean($amount,6),Mean($amount,3)))",amount
runtime\cn_integrated_factor_pack_v2_coverage_aware_20260603\selector_only\aa\phase3e_selector_audit.csv,stockpit-template-3640ff7d560d,simple_template,r0_cem_led,2.0,CSRank($close),close
runtime\cn_integrated_factor_pack_v2_coverage_aware_20260603\selector_only\aa\phase3e_selector_audit.csv,agnostic-freeform-2853176b2b50,agnostic_freeform_ast,agnostic_freeform_ast,38.0,"CSRank(Mul(CSRank(Std($final_float_market_cap,34)),Mul(ZScore(Std($high,21)),Sign(Mean($open,5)))))",final_float_market_cap|high|open
runtime\cn_integrated_factor_pack_v2_coverage_aware_20260603\selector_only\aa\phase3e_selector_audit.csv,agnostic-freeform-f58db5f7c1ae,agnostic_freeform_ast,agnostic_freeform_ast,63.0,"CSRank(CSResidual(ZScore(Mean($high,2)),ZScore(Std($amount,3))))",amount|high
runtime\cn_integrated_factor_pack_v2_coverage_aware_20260603\selector_only\aa\phase3e_selector_audit.csv,fgv2-repair-nonlinearize-720a70b84f,formula_gen_v2_repair_expansion,formula_gen_v2_repair_expansion,48.0,"CSRank(Mul(Sign(ZScore(CSRank(Mul(ZScore(Std($close,5)),ZScore(Std($final_float_market_cap,2)))))),Mul(ZScore(CSRank(Mul(ZScore(Std($close,5)),ZScore(Std($final_float_market_cap,2))))),ZScore(CSRank(Mul(ZScore(Std($close,5)),ZScore(Std($final_float_market_cap,2))))))))",close|final_float_market_cap
runtime\cn_integrated_factor_pack_v2_coverage_aware_20260603\selector_only\aa\phase3e_selector_audit.csv,agnostic-freeform-551385e7478d,agnostic_freeform_ast,agnostic_freeform_ast,39.0,"CSRank(Mul(CSRank(Std($high,34)),Mul(ZScore($vwap),Sign(Std($high,13)))))",high|vwap
runtime\cn_integrated_factor_pack_v2_coverage_aware_20260603\selector_only\aa\phase3e_selector_audit.csv,agnostic-freeform-a7ad8beeeacf,agnostic_freeform_ast,agnostic_freeform_ast,40.0,"CSRank(Add(CSRank(Mom($final_total_market_cap,13)),CSRank(Mean($vwap,8))))",final_total_market_cap|vwap
runtime\cn_integrated_factor_pack_v2_coverage_aware_20260603\selector_only\aa\phase3e_selector_audit.csv,agnostic-freeform-042e30be7cdf,agnostic_freeform_ast,agnostic_freeform_ast,5.0,"CSRank(Mul(CSRank(Mean($close,8)),Corr(Mean($volume,3),Std($final_float_market_cap,13),8)))",close|final_float_market_cap|volume
runtime\cn_integrated_factor_pack_v2_coverage_aware_20260603\selector_only\aa\phase3e_selector_audit.csv,fgv2-repair-add_confirmation-a2ebaeae10,formula_gen_v2_repair_expansion,formula_gen_v2_repair_expansion,64.0,"CSRank(Mul(CSRank(Mean(Abs($close),8)),Sign(Delta($amount,1))))",amount|close
runtime\cn_integrated_factor_pack_v2_coverage_aware_20260603\selector_only\aa\phase3e_selector_audit.csv,fgv2-repair-nonlinearize-69d3d3bbf5,formula_gen_v2_repair_expansion,formula_gen_v2_repair_expansion,11.0,"CSRank(Mul(Sign(ZScore(CSRank(Mul(ZScore($final_float_market_cap),ZScore($close))))),Mul(ZScore(CSRank(Mul(ZScore($final_float_market_cap),ZScore($close)))),ZScore(CSRank(Mul(ZScore($final_float_market_cap),ZScore($close)))))))",close|final_float_market_cap
runtime\cn_integrated_factor_pack_v2_coverage_aware_20260603\selector_only\aa\phase3e_selector_audit.csv,stockpit-cem_adaptive_grammar-ad335fa8387e,cem_adaptive_grammar,r0_cem_led,14.0,"Neg(CSRank(Mul(ZScore(Delta($amount,8)),ZScore(Delta($final_float_market_cap,2)))))",amount|final_float_market_cap
runtime\cn_integrated_factor_pack_v2_coverage_aware_20260603\selector_only\aa\phase3e_selector_audit.csv,stockpit-cem_adaptive_grammar-2cd6edb62448,cem_adaptive_grammar,r0_cem_led,53.0,"Neg(CSRank(Delta($final_float_market_cap,5)))",final_float_market_cap
runtime\cn_integrated_factor_pack_v2_coverage_aware_20260603\selector_only\aa\phase3e_selector_audit.csv,agnostic-freeform-0b97263ee18f,agnostic_freeform_ast,agnostic_freeform_ast,49.0,"CSRank(Mul(CSRank(Std($vwap,13)),Corr($high,$final_float_market_cap,5)))",final_float_market_cap|high|vwap
runtime\cn_integrated_factor_pack_v2_coverage_aware_20260603\selector_only\aa\phase3e_selector_audit.csv,phase3repair-failure_detail-duplicate_escape-467a29a8b041,ast_failure_aware_repair,ast_failure_aware_repair,50.0,"CSRank(Mul(ZScore(Mean($close,13)),ZScore(Delta($close,6))))",close
runtime\cn_integrated_factor_pack_v2_coverage_aware_20260603\selector_only\aa\phase3e_selector_audit.csv,phase3repair-failure_detail-duplicate_escape-a160ab8432ed,ast_failure_aware_repair,ast_failure_aware_repair,58.0,"CSRank(Mul(ZScore(Mean($close,3)),ZScore(Delta($amount,6))))",amount|close
runtime\cn_integrated_factor_pack_v2_coverage_aware_20260603\selector_only\aa\phase3e_selector_audit.csv,fgv2-repair-nonlinearize-ace579e6fa,formula_gen_v2_repair_expansion,formula_gen_v2_repair_expansion,47.0,"CSRank(Mul(Sign(ZScore(Neg(CSRank(Delta($final_float_market_cap,5))))),Mul(ZScore(Neg(CSRank(Delta($final_float_market_cap,5)))),ZScore(Neg(CSRank(Delta($final_float_market_cap,5)))))))",final_float_market_cap
runtime\cn_integrated_factor_pack_v2_coverage_aware_20260603\selector_only\aa\phase3e_selector_audit.csv,stockpit-cem_adaptive_grammar-39ba35c18089,cem_adaptive_grammar,r0_cem_led,3.0,"Neg(CSRank(Delta($final_float_market_cap,8)))",final_float_market_cap
runtime\cn_integrated_factor_pack_v2_coverage_aware_20260603\selector_only\aa\phase3e_selector_audit.csv,stockpit-ast_evolutionary_mutation-1bada91f298a,ast_evolutionary_mutation,r0_cem_led,6.0,"CSRank(CSResidual(CSRank(CSRank(Mean(Abs($ret),21))),CSRank(Log($final_total_market_cap))))",final_total_market_cap|ret
runtime\cn_integrated_factor_pack_v2_coverage_aware_20260603\selector_only\aa\phase3e_selector_audit.csv,fgv2-repair-nonlinearize-5c942092bf,formula_gen_v2_repair_expansion,formula_gen_v2_repair_expansion,19.0,"CSRank(Mul(Sign(ZScore(Neg(CSRank(Std($volume,8))))),Mul(ZScore(Neg(CSRank(Std($volume,8)))),ZScore(Neg(CSRank(Std($volume,8)))))))",volume
runtime\cn_integrated_factor_pack_v2_coverage_aware_20260603\selector_only\aa\phase3e_selector_audit.csv,stockpit-ast_evolutionary_mutation-81852aeb8a57,ast_evolutionary_mutation,r0_cem_led,16.0,"CSRank(CSResidual(CSRank(Neg(CSRank(Mom($close,21)))),CSRank(Log($final_total_market_cap))))",close|final_total_market_cap
runtime\cn_integrated_factor_pack_v2_coverage_aware_20260603\selector_only\aa\phase3e_selector_audit.csv,phase3repair-failure_detail-duplicate_escape-b7d2c812122b,ast_failure_aware_repair,ast_failure_aware_repair,57.0,"CSRank(Mean($amount,34))",amount
runtime\cn_integrated_factor_pack_v2_coverage_aware_20260603\selector_only\aa\phase3e_selector_audit.csv,phase3repair-failure_detail-operator_sanitize-28e642be47c1,ast_failure_aware_repair,ast_failure_aware_repair,4.0,"CSRank(Div(Delta($ret,8),Add(Abs(Mean($ret,5)),0.000001)))",ret
runtime\cn_integrated_factor_pack_v2_coverage_aware_20260603\selector_only\aa\phase3e_selector_audit.csv,phase3repair-failure_detail-duplicate_escape-e7ff54a0ccde,ast_failure_aware_repair,ast_failure_aware_repair,12.0,"CSRank(Mul(ZScore(Mean($amount,34)),ZScore(Delta($amount,17))))",amount
runtime\cn_integrated_factor_pack_v2_coverage_aware_20260603\selector_only\aa\phase3e_selector_audit.csv,agnostic-freeform-7e6b672f25a0,agnostic_freeform_ast,agnostic_freeform_ast,9.0,"CSRank(Mul(Sign(Mom($final_float_market_cap,13)),Mul(ZScore(Delta($close,21)),Sign(Delta($amount,13)))))",amount|close|final_float_market_cap
runtime\cn_integrated_factor_pack_v2_coverage_aware_20260603\selector_only\aa\phase3e_selector_audit.csv,stockpit-cem_adaptive_grammar-c907d63a8787,cem_adaptive_grammar,r0_cem_led,51.0,"Neg(CSRank(CSResidual(CSRank(Mean(Abs($amount),5)),CSRank(Mean(Abs($amount),5)))))",amount
runtime\cn_integrated_factor_pack_v2_coverage_aware_20260603\selector_only\aa\phase3e_selector_audit.csv,stockpit-cem_adaptive_grammar-57145232a53c,cem_adaptive_grammar,r0_cem_led,10.0,"CSRank(Std($final_float_market_cap,8))",final_float_market_cap
runtime\cn_integrated_factor_pack_v2_coverage_aware_20260603\selector_only\aa\phase3e_selector_audit.csv,agnostic-freeform-c8d24a10ea7a,agnostic_freeform_ast,agnostic_freeform_ast,41.0,"CSRank(Mul(CSRank($vwap),Mul(Sign(Mom($open,21)),Sign(Std($final_float_market_cap,3)))))",final_float_market_cap|open|vwap
runtime\cn_integrated_factor_pack_v2_coverage_aware_20260603\selector_only\aa\phase3e_selector_audit.csv,agnostic-freeform-43ebc5208a60,agnostic_freeform_ast,agnostic_freeform_ast,52.0,"CSRank(Mul(Sign(ZScore(Delta($vwap,13))),Mul(ZScore(Delta($vwap,13)),ZScore(Delta($vwap,13)))))",vwap
runtime\cn_integrated_factor_pack_v2_coverage_aware_20260603\selector_only\aa\phase3e_selector_audit.csv,stockpit-template-639c8f3fc646,simple_template,r0_cem_led,18.0,"CSRank(Mean(Abs($ret),21))",ret
runtime\cn_integrated_factor_pack_v2_coverage_aware_20260603\selector_only\aa\phase3e_selector_audit.csv,phase3repair-failure_detail-duplicate_escape-2c0e37975a80,ast_failure_aware_repair,ast_failure_aware_repair,15.0,"CSRank(Delta($open,3))",open
runtime\cn_integrated_factor_pack_v2_coverage_aware_20260603\selector_only\aa\phase3e_selector_audit.csv,phase3repair-failure_detail-duplicate_escape-ee4f62642de6,ast_failure_aware_repair,ast_failure_aware_repair,46.0,"CSRank(Delta($final_total_market_cap,34))",final_total_market_cap
runtime\cn_integrated_factor_pack_v2_coverage_aware_20260603\selector_only\aa\phase3e_selector_audit.csv,agnostic-freeform-921e7c015bbd,agnostic_freeform_ast,agnostic_freeform_ast,7.0,"CSRank(CSResidual(Sign(Delta($volume,3)),CSRank(Mean($turnover_rate,13))))",turnover_rate|volume
runtime\cn_integrated_factor_pack_v2_coverage_aware_20260603\selector_only\aa\phase3e_selector_audit.csv,agnostic-freeform-de6f934b0204,agnostic_freeform_ast,agnostic_freeform_ast,54.0,"CSRank(Add(ZScore(Mean($high,8)),ZScore(Delta($turnover_rate,3))))",high|turnover_rate
runtime\cn_integrated_factor_pack_v2_coverage_aware_20260603\selector_only\aa\phase3e_selector_audit.csv,phase3repair-failure_detail-operator_sanitize-3fe3add38cb8,ast_failure_aware_repair,ast_failure_aware_repair,45.0,"CSRank(Div(Delta($ret,11),Add(Abs(Mean($ret,8)),0.000001)))",ret
runtime\cn_integrated_factor_pack_v2_coverage_aware_20260603\selector_only\aa\phase3e_selector_audit.csv,agnostic-freeform-963e722d8b56,agnostic_freeform_ast,agnostic_freeform_ast,62.0,"CSRank(Mom($low,21))",low
runtime\cn_integrated_factor_pack_v2_coverage_aware_20260603\selector_only\aa\phase3e_selector_audit.csv,stockpit-cem_adaptive_grammar-159c59c2c671,cem_adaptive_grammar,r0_cem_led,17.0,"Neg(CSRank(CSResidual(CSRank(Mom($volume,21)),CSRank(Mom($close,5)))))",close|volume
runtime\cn_integrated_factor_pack_v2_coverage_aware_20260603\selector_only\aa\phase3e_selector_audit.csv,phase3repair-failure_detail-operator_sanitize-730aef238cb4,ast_failure_aware_repair,ast_failure_aware_repair,59.0,"CSRank(Div(Delta($ret,17),Add(Abs(Mean($ret,34)),0.000001)))",ret
runtime\cn_integrated_factor_pack_v2_coverage_aware_20260603\selector_only\aa\phase3e_selector_audit.csv,agnostic-freeform-bd2ec75066cc,agnostic_freeform_ast,agnostic_freeform_ast,55.0,"CSRank(Mul(Sign(Std($final_total_market_cap,2)),Corr(Std($low,5),Delay(Mom($vwap,13),1),21)))",final_total_market_cap|low|vwap
runtime\cn_integrated_factor_pack_v2_coverage_aware_20260603\selector_only\aa\phase3e_selector_audit.csv,stockpit-ast_evolutionary_mutation-f0d27365357b,ast_evolutionary_mutation,r0_cem_led,56.0,"CSRank(CSResidual(CSRank(CSRank(Log($final_total_market_cap))),CSRank(Log($final_float_market_cap))))",final_float_market_cap|final_total_market_cap
runtime\cn_integrated_factor_pack_v2_coverage_aware_20260603\selector_only\aa\phase3e_selector_audit.csv,stockpit-ast_evolutionary_mutation-f7351077527d,ast_evolutionary_mutation,r0_cem_led,44.0,"CSRank(Mul(ZScore(Neg(CSRank(Mom($close,13)))),ZScore(CSRank(Mean(Abs($ret),21)))))",close|ret
runtime\cn_integrated_factor_pack_v2_coverage_aware_20260603\selector_only\aa\phase3e_selector_audit.csv,stockpit-cem_adaptive_grammar-da7d44837fa3,cem_adaptive_grammar,r0_cem_led,61.0,"Neg(CSRank(Mom($amount,5)))",amount
runtime\cn_integrated_factor_pack_v2_coverage_aware_20260603\selector_only\aa\phase3e_selector_audit.csv,agnostic-freeform-1037abe9b9af,agnostic_freeform_ast,agnostic_freeform_ast,42.0,"CSRank(Sign(Std($close,3)))",close
runtime\cn_integrated_factor_pack_v2_coverage_aware_20260603\selector_only\aa\phase3e_selector_audit.csv,agnostic-freeform-7d1aab13a518,agnostic_freeform_ast,agnostic_freeform_ast,60.0,"CSRank(Mul(ZScore(Std($volume,21)),Mul(Sign(Mom($final_total_market_cap,21)),CSRank($final_float_market_cap))))",final_float_market_cap|final_total_market_cap|volume
runtime\cn_integrated_factor_pack_v2_coverage_aware_20260603\selector_only_expanded_pool_seed36\aa\phase3e_selector_audit.csv,stockpit-cem_adaptive_grammar-2cd6edb62448,cem_adaptive_grammar,r0_cem_led,58.0,"Neg(CSRank(Delta($final_float_market_cap,5)))",final_float_market_cap
runtime\cn_integrated_factor_pack_v2_coverage_aware_20260603\selector_only_expanded_pool_seed36\aa\phase3e_selector_audit.csv,stockpit-cem_adaptive_grammar-159c59c2c671,cem_adaptive_grammar,r0_cem_led,17.0,"Neg(CSRank(CSResidual(CSRank(Mom($volume,21)),CSRank(Mom($close,5)))))",close|volume
runtime\cn_integrated_factor_pack_v2_coverage_aware_20260603\selector_only_expanded_pool_seed36\aa\phase3e_selector_audit.csv,stockpit-cem_adaptive_grammar-39ba35c18089,cem_adaptive_grammar,r0_cem_led,3.0,"Neg(CSRank(Delta($final_float_market_cap,8)))",final_float_market_cap
runtime\cn_integrated_factor_pack_v2_coverage_aware_20260603\selector_only_expanded_pool_seed36\aa\phase3e_selector_audit.csv,stockpit-cem_adaptive_grammar-c907d63a8787,cem_adaptive_grammar,r0_cem_led,56.0,"Neg(CSRank(CSResidual(CSRank(Mean(Abs($amount),5)),CSRank(Mean(Abs($amount),5)))))",amount
runtime\cn_integrated_factor_pack_v2_coverage_aware_20260603\selector_only_expanded_pool_seed36\aa\phase3e_selector_audit.csv,stockpit-cem_adaptive_grammar-ad335fa8387e,cem_adaptive_grammar,r0_cem_led,14.0,"Neg(CSRank(Mul(ZScore(Delta($amount,8)),ZScore(Delta($final_float_market_cap,2)))))",amount|final_float_market_cap
runtime\cn_integrated_factor_pack_v2_coverage_aware_20260603\selector_only_expanded_pool_seed36\aa\phase3e_selector_audit.csv,stockpit-cem_adaptive_grammar-57145232a53c,cem_adaptive_grammar,r0_cem_led,10.0,"CSRank(Std($final_float_market_cap,8))",final_float_market_cap
runtime\cn_integrated_factor_pack_v2_coverage_aware_20260603\selector_only_expanded_pool_seed36\aa\phase3e_selector_audit.csv,stockpit-ast_evolutionary_mutation-81852aeb8a57,ast_evolutionary_mutation,r0_cem_led,16.0,"CSRank(CSResidual(CSRank(Neg(CSRank(Mom($close,21)))),CSRank(Log($final_total_market_cap))))",close|final_total_market_cap
runtime\cn_integrated_factor_pack_v2_coverage_aware_20260603\selector_only_expanded_pool_seed36\aa\phase3e_selector_audit.csv,stockpit-ast_evolutionary_mutation-f7351077527d,ast_evolutionary_mutation,r0_cem_led,46.0,"CSRank(Mul(ZScore(Neg(CSRank(Mom($close,13)))),ZScore(CSRank(Mean(Abs($ret),21)))))",close|ret
runtime\cn_integrated_factor_pack_v2_coverage_aware_20260603\selector_only_expanded_pool_seed36\aa\phase3e_selector_audit.csv,stockpit-ast_evolutionary_mutation-f0d27365357b,ast_evolutionary_mutation,r0_cem_led,62.0,"CSRank(CSResidual(CSRank(CSRank(Log($final_total_market_cap))),CSRank(Log($final_float_market_cap))))",final_float_market_cap|final_total_market_cap
runtime\cn_integrated_factor_pack_v2_coverage_aware_20260603\selector_only_expanded_pool_seed36\aa\phase3e_selector_audit.csv,stockpit-ast_evolutionary_mutation-1bada91f298a,ast_evolutionary_mutation,r0_cem_led,6.0,"CSRank(CSResidual(CSRank(CSRank(Mean(Abs($ret),21))),CSRank(Log($final_total_market_cap))))",final_total_market_cap|ret
runtime\cn_integrated_factor_pack_v2_coverage_aware_20260603\selector_only_expanded_pool_seed36\aa\phase3e_selector_audit.csv,stockpit-template-3640ff7d560d,simple_template,r0_cem_led,2.0,CSRank($close),close
runtime\cn_integrated_factor_pack_v2_coverage_aware_20260603\selector_only_expanded_pool_seed36\aa\phase3e_selector_audit.csv,stockpit-template-639c8f3fc646,simple_template,r0_cem_led,18.0,"CSRank(Mean(Abs($ret),21))",ret
runtime\cn_integrated_factor_pack_v2_coverage_aware_20260603\selector_only_expanded_pool_seed36\aa\phase3e_selector_audit.csv,phase3repair-failure_detail-operator_sanitize-b2b84bc3ef72,ast_failure_aware_repair,ast_failure_aware_repair,43.0,"CSRank(Sub(Mean($amount,6),Mean($amount,3)))",amount
runtime\cn_integrated_factor_pack_v2_coverage_aware_20260603\selector_only_expanded_pool_seed36\aa\phase3e_selector_audit.csv,phase3repair-failure_detail-operator_sanitize-28e642be47c1,ast_failure_aware_repair,ast_failure_aware_repair,4.0,"CSRank(Div(Delta($ret,8),Add(Abs(Mean($ret,5)),0.000001)))",ret
runtime\cn_integrated_factor_pack_v2_coverage_aware_20260603\selector_only_expanded_pool_seed36\aa\phase3e_selector_audit.csv,phase3repair-failure_detail-duplicate_escape-7e210d77983c,ast_failure_aware_repair,ast_failure_aware_repair,1.0,"CSRank(Mean($close,34))",close
runtime\cn_integrated_factor_pack_v2_coverage_aware_20260603\selector_only_expanded_pool_seed36\aa\phase3e_selector_audit.csv,phase3repair-failure_detail-duplicate_escape-e7ff54a0ccde,ast_failure_aware_repair,ast_failure_aware_repair,12.0,"CSRank(Mul(ZScore(Mean($amount,34)),ZScore(Delta($amount,17))))",amount
runtime\cn_integrated_factor_pack_v2_coverage_aware_20260603\selector_only_expanded_pool_seed36\aa\phase3e_selector_audit.csv,phase3repair-failure_detail-operator_sanitize-3fe3add38cb8,ast_failure_aware_repair,ast_failure_aware_repair,47.0,"CSRank(Div(Delta($ret,11),Add(Abs(Mean($ret,8)),0.000001)))",ret
runtime\cn_integrated_factor_pack_v2_coverage_aware_20260603\selector_only_expanded_pool_seed36\aa\phase3e_selector_audit.csv,phase3repair-failure_detail-duplicate_escape-467a29a8b041,ast_failure_aware_repair,ast_failure_aware_repair,55.0,"CSRank(Mul(ZScore(Mean($close,13)),ZScore(Delta($close,6))))",close
runtime\cn_integrated_factor_pack_v2_coverage_aware_20260603\selector_only_expanded_pool_seed36\aa\phase3e_selector_audit.csv,phase3repair-failure_detail-duplicate_escape-2c0e37975a80,ast_failure_aware_repair,ast_failure_aware_repair,15.0,"CSRank(Delta($open,3))",open
runtime\cn_integrated_factor_pack_v2_coverage_aware_20260603\selector_only_expanded_pool_seed36\aa\phase3e_selector_audit.csv,phase3repair-failure_detail-duplicate_escape-ee4f62642de6,ast_failure_aware_repair,ast_failure_aware_repair,49.0,"CSRank(Delta($final_total_market_cap,34))",final_total_market_cap
runtime\cn_integrated_factor_pack_v2_coverage_aware_20260603\selector_only_expanded_pool_seed36\aa\phase3e_selector_audit.csv,phase3repair-failure_detail-duplicate_escape-b7d2c812122b,ast_failure_aware_repair,ast_failure_aware_repair,64.0,"CSRank(Mean($amount,34))",amount
runtime\cn_integrated_factor_pack_v2_coverage_aware_20260603\selector_only_expanded_pool_seed36\aa\phase3e_selector_audit.csv,agnostic-freeform-2853176b2b50,agnostic_freeform_ast,agnostic_freeform_ast,38.0,"CSRank(Mul(CSRank(Std($final_float_market_cap,34)),Mul(ZScore(Std($high,21)),Sign(Mean($open,5)))))",final_float_market_cap|high|open
runtime\cn_integrated_factor_pack_v2_coverage_aware_20260603\selector_only_expanded_pool_seed36\aa\phase3e_selector_audit.csv,agnostic-freeform-806d5235bba6,agnostic_freeform_ast,agnostic_freeform_ast,8.0,"CSRank(Sub(CSRank(Mom($vwap,34)),ZScore(Std($volume,3))))",volume|vwap
runtime\cn_integrated_factor_pack_v2_coverage_aware_20260603\selector_only_expanded_pool_seed36\aa\phase3e_selector_audit.csv,agnostic-freeform-551385e7478d,agnostic_freeform_ast,agnostic_freeform_ast,39.0,"CSRank(Mul(CSRank(Std($high,34)),Mul(ZScore($vwap),Sign(Std($high,13)))))",high|vwap
runtime\cn_integrated_factor_pack_v2_coverage_aware_20260603\selector_only_expanded_pool_seed36\aa\phase3e_selector_audit.csv,agnostic-freeform-921e7c015bbd,agnostic_freeform_ast,agnostic_freeform_ast,7.0,"CSRank(CSResidual(Sign(Delta($volume,3)),CSRank(Mean($turnover_rate,13))))",turnover_rate|volume
runtime\cn_integrated_factor_pack_v2_coverage_aware_20260603\selector_only_expanded_pool_seed36\aa\phase3e_selector_audit.csv,agnostic-freeform-1037abe9b9af,agnostic_freeform_ast,agnostic_freeform_ast,42.0,"CSRank(Sign(Std($close,3)))",close
runtime\cn_integrated_factor_pack_v2_coverage_aware_20260603\selector_only_expanded_pool_seed36\aa\phase3e_selector_audit.csv,agnostic-freeform-de6f934b0204,agnostic_freeform_ast,agnostic_freeform_ast,59.0,"CSRank(Add(ZScore(Mean($high,8)),ZScore(Delta($turnover_rate,3))))",high|turnover_rate
runtime\cn_integrated_factor_pack_v2_coverage_aware_20260603\selector_only_expanded_pool_seed36\aa\phase3e_selector_audit.csv,agnostic-freeform-0b97263ee18f,agnostic_freeform_ast,agnostic_freeform_ast,53.0,"CSRank(Mul(CSRank(Std($vwap,13)),Corr($high,$final_float_market_cap,5)))",final_float_market_cap|high|vwap
runtime\cn_integrated_factor_pack_v2_coverage_aware_20260603\selector_only_expanded_pool_seed36\aa\phase3e_selector_audit.csv,agnostic-freeform-042e30be7cdf,agnostic_freeform_ast,agnostic_freeform_ast,5.0,"CSRank(Mul(CSRank(Mean($close,8)),Corr(Mean($volume,3),Std($final_float_market_cap,13),8)))",close|final_float_market_cap|volume
runtime\cn_integrated_factor_pack_v2_coverage_aware_20260603\selector_only_expanded_pool_seed36\aa\phase3e_selector_audit.csv,agnostic-freeform-bd2ec75066cc,agnostic_freeform_ast,agnostic_freeform_ast,61.0,"CSRank(Mul(Sign(Std($final_total_market_cap,2)),Corr(Std($low,5),Delay(Mom($vwap,13),1),21)))",final_total_market_cap|low|vwap
runtime\cn_integrated_factor_pack_v2_coverage_aware_20260603\selector_only_expanded_pool_seed36\aa\phase3e_selector_audit.csv,agnostic-freeform-1709fc7c7ebb,agnostic_freeform_ast,agnostic_freeform_ast,63.0,"CSRank(Mul(Sign(Std($turnover_rate,5)),Corr($close,Mom($final_float_market_cap,21),13)))",close|final_float_market_cap|turnover_rate
runtime\cn_integrated_factor_pack_v2_coverage_aware_20260603\selector_only_expanded_pool_seed36\aa\phase3e_selector_audit.csv,agnostic-freeform-a7ad8beeeacf,agnostic_freeform_ast,agnostic_freeform_ast,40.0,"CSRank(Add(CSRank(Mom($final_total_market_cap,13)),CSRank(Mean($vwap,8))))",final_total_market_cap|vwap
runtime\cn_integrated_factor_pack_v2_coverage_aware_20260603\selector_only_expanded_pool_seed36\aa\phase3e_selector_audit.csv,agnostic-freeform-7e6b672f25a0,agnostic_freeform_ast,agnostic_freeform_ast,9.0,"CSRank(Mul(Sign(Mom($final_float_market_cap,13)),Mul(ZScore(Delta($close,21)),Sign(Delta($amount,13)))))",amount|close|final_float_market_cap
runtime\cn_integrated_factor_pack_v2_coverage_aware_20260603\selector_only_expanded_pool_seed36\aa\phase3e_selector_audit.csv,agnostic-freeform-c8d24a10ea7a,agnostic_freeform_ast,agnostic_freeform_ast,41.0,"CSRank(Mul(CSRank($vwap),Mul(Sign(Mom($open,21)),Sign(Std($final_float_market_cap,3)))))",final_float_market_cap|open|vwap
runtime\cn_integrated_factor_pack_v2_coverage_aware_20260603\selector_only_expanded_pool_seed36\aa\phase3e_selector_audit.csv,agnostic-freeform-43ebc5208a60,agnostic_freeform_ast,agnostic_freeform_ast,57.0,"CSRank(Mul(Sign(ZScore(Delta($vwap,13))),Mul(ZScore(Delta($vwap,13)),ZScore(Delta($vwap,13)))))",vwap
runtime\cn_integrated_factor_pack_v2_coverage_aware_20260603\selector_only_expanded_pool_seed36\aa\phase3e_selector_audit.csv,agnostic-freeform-4f80c7f3fdb1,agnostic_freeform_ast,agnostic_freeform_ast,45.0,"CSRank(CSResidual(Sign($volume),Sign(Std($volume,2))))",volume
runtime\cn_integrated_factor_pack_v2_coverage_aware_20260603\selector_only_expanded_pool_seed36\aa\phase3e_selector_audit.csv,agnostic-freeform-3491be0e82cf,agnostic_freeform_ast,agnostic_freeform_ast,54.0,"CSRank(Sign(Mean($high,21)))",high
runtime\cn_integrated_factor_pack_v2_coverage_aware_20260603\selector_only_expanded_pool_seed36\aa\phase3e_selector_audit.csv,agnostic-freeform-600ad3c27cd9,agnostic_freeform_ast,agnostic_freeform_ast,48.0,"CSRank(CSResidual(ZScore(Mom($amount,3)),Sign($final_total_market_cap)))",amount|final_total_market_cap
runtime\cn_integrated_factor_pack_v2_coverage_aware_20260603\selector_only_expanded_pool_seed36\aa\phase3e_selector_audit.csv,agnostic-freeform-9a8a7f059208,agnostic_freeform_ast,agnostic_freeform_ast,52.0,"CSRank(CSResidual(CSRank(Delta($volume,2)),Sign($turnover_rate)))",turnover_rate|volume
runtime\cn_integrated_factor_pack_v2_coverage_aware_20260603\selector_only_expanded_pool_seed36\aa\phase3e_selector_audit.csv,fgv2-repair-nonlinearize-5c942092bf,formula_gen_v2_repair_expansion,formula_gen_v2_repair_expansion,19.0,"CSRank(Mul(Sign(ZScore(Neg(CSRank(Std($volume,8))))),Mul(ZScore(Neg(CSRank(Std($volume,8)))),ZScore(Neg(CSRank(Std($volume,8)))))))",volume
runtime\cn_integrated_factor_pack_v2_coverage_aware_20260603\selector_only_expanded_pool_seed36\aa\phase3e_selector_audit.csv,fgv2-repair-nonlinearize-ace579e6fa,formula_gen_v2_repair_expansion,formula_gen_v2_repair_expansion,50.0,"CSRank(Mul(Sign(ZScore(Neg(CSRank(Delta($final_float_market_cap,5))))),Mul(ZScore(Neg(CSRank(Delta($final_float_market_cap,5)))),ZScore(Neg(CSRank(Delta($final_float_market_cap,5)))))))",final_float_market_cap
runtime\cn_integrated_factor_pack_v2_coverage_aware_20260603\selector_only_expanded_pool_seed36\aa\phase3e_selector_audit.csv,fgv2-repair-nonlinearize-720a70b84f,formula_gen_v2_repair_expansion,formula_gen_v2_repair_expansion,51.0,"CSRank(Mul(Sign(ZScore(CSRank(Mul(ZScore(Std($close,5)),ZScore(Std($final_float_market_cap,2)))))),Mul(ZScore(CSRank(Mul(ZScore(Std($close,5)),ZScore(Std($final_float_market_cap,2))))),ZScore(CSRank(Mul(ZScore(Std($close,5)),ZScore(Std($final_float_market_cap,2))))))))",close|final_float_market_cap
runtime\cn_integrated_factor_pack_v2_coverage_aware_20260603\selector_only_expanded_pool_seed36\aa\phase3e_selector_audit.csv,fgv2-repair-nonlinearize-69d3d3bbf5,formula_gen_v2_repair_expansion,formula_gen_v2_repair_expansion,11.0,"CSRank(Mul(Sign(ZScore(CSRank(Mul(ZScore($final_float_market_cap),ZScore($close))))),Mul(ZScore(CSRank(Mul(ZScore($final_float_market_cap),ZScore($close)))),ZScore(CSRank(Mul(ZScore($final_float_market_cap),ZScore($close)))))))",close|final_float_market_cap
runtime\cn_integrated_factor_pack_v2_coverage_aware_20260603\selector_only_expanded_pool_seed36\aa\phase3e_selector_audit.csv,phase3aa_event_0065_cn_integrated_v2_quality_size_residual_00065,cn_integrated_factor_pack_v2,research_factor_feature_layer,31.0,"CSRank(Sub(ZScore($ctx_fund_ps_netprofit_margin),ZScore($amount)))",amount|ctx_fund_ps_netprofit_margin
runtime\cn_integrated_factor_pack_v2_coverage_aware_20260603\selector_only_expanded_pool_seed36\aa\phase3e_selector_audit.csv,phase3aa_event_0167_cn_integrated_v2_quality_x_rzrq_flow_00228,cn_integrated_factor_pack_v2,research_factor_feature_layer,27.0,"CSRank(Mul(ZScore($ctx_fund_ps_research_to_income),ZScore($ctx_rzrq_rzjme)))",ctx_fund_ps_research_to_income|ctx_rzrq_rzjme
runtime\cn_integrated_factor_pack_v2_coverage_aware_20260603\selector_only_expanded_pool_seed36\aa\phase3e_selector_audit.csv,phase3aa_event_0168_cn_integrated_v2_quality_x_rzrq_flow_00229,cn_integrated_factor_pack_v2,research_factor_feature_layer,34.0,"CSRank(Mul(ZScore($ctx_fund_ps_research_to_income),ZScore($ctx_rzrq_rzjme10d)))",ctx_fund_ps_research_to_income|ctx_rzrq_rzjme10d
runtime\cn_integrated_factor_pack_v2_coverage_aware_20260603\selector_only_expanded_pool_seed36\aa\phase3e_selector_audit.csv,phase3aa_event_0198_cn_integrated_v2_quality_x_minute_pressure_00259,cn_integrated_factor_pack_v2,research_factor_feature_layer,36.0,"CSRank(Mul(ZScore($ctx_fund_bs_cash_to_assets),ZScore($m1_first15_amount)))",ctx_fund_bs_cash_to_assets|m1_first15_amount
runtime\cn_integrated_factor_pack_v2_coverage_aware_20260603\selector_only_expanded_pool_seed36\aa\phase3e_selector_audit.csv,phase3aa_event_0245_cn_integrated_v2_rzrq_size_normalized_00306,cn_integrated_factor_pack_v2,research_factor_feature_layer,13.0,"CSRank(Div($ctx_rzrq_rqjmg,Add(Abs($final_float_market_cap),0.000001)))",ctx_rzrq_rqjmg|final_float_market_cap
runtime\cn_integrated_factor_pack_v2_coverage_aware_20260603\selector_only_expanded_pool_seed36\aa\phase3e_selector_audit.csv,phase3aa_event_0247_cn_integrated_v2_rzrq_size_normalized_00308,cn_integrated_factor_pack_v2,research_factor_feature_layer,21.0,"CSRank(Div($ctx_rzrq_rqjmg10d,Add(Abs($final_float_market_cap),0.000001)))",ctx_rzrq_rqjmg10d|final_float_market_cap
runtime\cn_integrated_factor_pack_v2_coverage_aware_20260603\selector_only_expanded_pool_seed36\aa\phase3e_selector_audit.csv,phase3aa_event_0249_cn_integrated_v2_rzrq_size_normalized_00310,cn_integrated_factor_pack_v2,research_factor_feature_layer,26.0,"CSRank(Div($ctx_rzrq_rqjmg3d,Add(Abs($final_float_market_cap),0.000001)))",ctx_rzrq_rqjmg3d|final_float_market_cap
runtime\cn_integrated_factor_pack_v2_coverage_aware_20260603\selector_only_expanded_pool_seed36\aa\phase3e_selector_audit.csv,phase3aa_event_0251_cn_integrated_v2_rzrq_size_normalized_00312,cn_integrated_factor_pack_v2,research_factor_feature_layer,33.0,"CSRank(Div($ctx_rzrq_rqjmg5d,Add(Abs($final_float_market_cap),0.000001)))",ctx_rzrq_rqjmg5d|final_float_market_cap
runtime\cn_integrated_factor_pack_v2_coverage_aware_20260603\selector_only_expanded_pool_seed36\aa\phase3e_selector_audit.csv,phase3aa_event_0253_cn_integrated_v2_rzrq_size_normalized_00314,cn_integrated_factor_pack_v2,research_factor_feature_layer,32.0,"CSRank(Div($ctx_rzrq_rqmcl,Add(Abs($final_float_market_cap),0.000001)))",ctx_rzrq_rqmcl|final_float_market_cap
runtime\cn_integrated_factor_pack_v2_coverage_aware_20260603\selector_only_expanded_pool_seed36\aa\phase3e_selector_audit.csv,phase3aa_event_0256_cn_integrated_v2_rzrq_size_normalized_00317,cn_integrated_factor_pack_v2,research_factor_feature_layer,35.0,"CSRank(Div($ctx_rzrq_rqmcl10d,Add(Abs($amount),0.000001)))",amount|ctx_rzrq_rqmcl10d
runtime\cn_integrated_factor_pack_v2_coverage_aware_20260603\selector_only_expanded_pool_seed36\aa\phase3e_selector_audit.csv,phase3aa_event_0261_cn_integrated_v2_rzrq_size_normalized_00322,cn_integrated_factor_pack_v2,research_factor_feature_layer,25.0,"CSRank(Div($ctx_rzrq_rqye,Add(Abs($final_float_market_cap),0.000001)))",ctx_rzrq_rqye|final_float_market_cap
runtime\cn_integrated_factor_pack_v2_coverage_aware_20260603\selector_only_expanded_pool_seed36\aa\phase3e_selector_audit.csv,phase3aa_event_0268_cn_integrated_v2_rzrq_size_normalized_00329,cn_integrated_factor_pack_v2,research_factor_feature_layer,24.0,"CSRank(Div($ctx_rzrq_rzche3d,Add(Abs($amount),0.000001)))",amount|ctx_rzrq_rzche3d
runtime\cn_integrated_factor_pack_v2_coverage_aware_20260603\selector_only_expanded_pool_seed36\aa\phase3e_selector_audit.csv,phase3aa_event_0272_cn_integrated_v2_rzrq_size_normalized_00333,cn_integrated_factor_pack_v2,research_factor_feature_layer,20.0,"CSRank(Div($ctx_rzrq_rzjme,Add(Abs($amount),0.000001)))",amount|ctx_rzrq_rzjme
runtime\cn_integrated_factor_pack_v2_coverage_aware_20260603\selector_only_expanded_pool_seed36\aa\phase3e_selector_audit.csv,phase3aa_event_0273_cn_integrated_v2_rzrq_size_normalized_00334,cn_integrated_factor_pack_v2,research_factor_feature_layer,23.0,"CSRank(Div($ctx_rzrq_rzjme10d,Add(Abs($final_float_market_cap),0.000001)))",ctx_rzrq_rzjme10d|final_float_market_cap
runtime\cn_integrated_factor_pack_v2_coverage_aware_20260603\selector_only_expanded_pool_seed36\aa\phase3e_selector_audit.csv,phase3aa_event_0275_cn_integrated_v2_rzrq_size_normalized_00336,cn_integrated_factor_pack_v2,research_factor_feature_layer,29.0,"CSRank(Div($ctx_rzrq_rzjme3d,Add(Abs($final_float_market_cap),0.000001)))",ctx_rzrq_rzjme3d|final_float_market_cap
runtime\cn_integrated_factor_pack_v2_coverage_aware_20260603\selector_only_expanded_pool_seed36\aa\phase3e_selector_audit.csv,phase3aa_event_0278_cn_integrated_v2_rzrq_size_normalized_00339,cn_integrated_factor_pack_v2,research_factor_feature_layer,37.0,"CSRank(Div($ctx_rzrq_rzjme5d,Add(Abs($amount),0.000001)))",amount|ctx_rzrq_rzjme5d
runtime\cn_integrated_factor_pack_v2_coverage_aware_20260603\selector_only_expanded_pool_seed36\aa\phase3e_selector_audit.csv,phase3aa_event_0279_cn_integrated_v2_rzrq_size_normalized_00340,cn_integrated_factor_pack_v2,research_factor_feature_layer,28.0,"CSRank(Div($ctx_rzrq_rzmre,Add(Abs($final_float_market_cap),0.000001)))",ctx_rzrq_rzmre|final_float_market_cap
runtime\cn_integrated_factor_pack_v2_coverage_aware_20260603\selector_only_expanded_pool_seed36\aa\phase3e_selector_audit.csv,phase3aa_event_0280_cn_integrated_v2_rzrq_size_normalized_00341,cn_integrated_factor_pack_v2,research_factor_feature_layer,30.0,"CSRank(Div($ctx_rzrq_rzmre,Add(Abs($amount),0.000001)))",amount|ctx_rzrq_rzmre
runtime\cn_integrated_factor_pack_v2_coverage_aware_20260603\selector_only_expanded_pool_seed36\aa\phase3e_selector_audit.csv,phase3aa_event_0288_cn_integrated_v2_minute_amount_share_daily_00349,cn_integrated_factor_pack_v2,research_factor_feature_layer,22.0,"CSRank(Div($m1_first30_amount,Add(Abs($amount),0.000001)))",amount|m1_first30_amount
runtime\cn_integrated_factor_pack_v2_coverage_aware_20260603\selector_only_expanded_pool_seed36\aa\phase3e_selector_audit.csv,phase3aa_event_0001_cn_integrated_v2_quality_direct_control_00001,cn_integrated_factor_pack_v2,fundamental_pit_feature_layer,44.0,CSRank($ctx_fund_ps_operate_profit_margin),ctx_fund_ps_operate_profit_margin
runtime\cn_integrated_factor_pack_v2_coverage_aware_20260603\selector_only_expanded_pool_seed36\aa\phase3e_selector_audit.csv,phase3aa_event_0123_cn_integrated_v2_quality_direct_control_00184,cn_integrated_factor_pack_v2,fundamental_pit_feature_layer,60.0,CSRank($ctx_fund_ps_research_to_income),ctx_fund_ps_research_to_income
runtime\cn_integrated_factor_pack_v2_coverage_aware_20260603\selector_only_seed35\aa\phase3e_selector_audit.csv,phase3aa_event_0279_cn_integrated_v2_rzrq_size_normalized_00340,cn_integrated_factor_pack_v2,research_factor_feature_layer,28.0,"CSRank(Div($ctx_rzrq_rzmre,Add(Abs($final_float_market_cap),0.000001)))",ctx_rzrq_rzmre|final_float_market_cap
runtime\cn_integrated_factor_pack_v2_coverage_aware_20260603\selector_only_seed35\aa\phase3e_selector_audit.csv,phase3aa_event_0275_cn_integrated_v2_rzrq_size_normalized_00336,cn_integrated_factor_pack_v2,research_factor_feature_layer,29.0,"CSRank(Div($ctx_rzrq_rzjme3d,Add(Abs($final_float_market_cap),0.000001)))",ctx_rzrq_rzjme3d|final_float_market_cap
runtime\cn_integrated_factor_pack_v2_coverage_aware_20260603\selector_only_seed35\aa\phase3e_selector_audit.csv,phase3aa_event_0273_cn_integrated_v2_rzrq_size_normalized_00334,cn_integrated_factor_pack_v2,research_factor_feature_layer,23.0,"CSRank(Div($ctx_rzrq_rzjme10d,Add(Abs($final_float_market_cap),0.000001)))",ctx_rzrq_rzjme10d|final_float_market_cap
runtime\cn_integrated_factor_pack_v2_coverage_aware_20260603\selector_only_seed35\aa\phase3e_selector_audit.csv,phase3aa_event_0261_cn_integrated_v2_rzrq_size_normalized_00322,cn_integrated_factor_pack_v2,research_factor_feature_layer,25.0,"CSRank(Div($ctx_rzrq_rqye,Add(Abs($final_float_market_cap),0.000001)))",ctx_rzrq_rqye|final_float_market_cap
runtime\cn_integrated_factor_pack_v2_coverage_aware_20260603\selector_only_seed35\aa\phase3e_selector_audit.csv,phase3aa_event_0253_cn_integrated_v2_rzrq_size_normalized_00314,cn_integrated_factor_pack_v2,research_factor_feature_layer,31.0,"CSRank(Div($ctx_rzrq_rqmcl,Add(Abs($final_float_market_cap),0.000001)))",ctx_rzrq_rqmcl|final_float_market_cap
runtime\cn_integrated_factor_pack_v2_coverage_aware_20260603\selector_only_seed35\aa\phase3e_selector_audit.csv,phase3aa_event_0251_cn_integrated_v2_rzrq_size_normalized_00312,cn_integrated_factor_pack_v2,research_factor_feature_layer,32.0,"CSRank(Div($ctx_rzrq_rqjmg5d,Add(Abs($final_float_market_cap),0.000001)))",ctx_rzrq_rqjmg5d|final_float_market_cap
runtime\cn_integrated_factor_pack_v2_coverage_aware_20260603\selector_only_seed35\aa\phase3e_selector_audit.csv,phase3aa_event_0249_cn_integrated_v2_rzrq_size_normalized_00310,cn_integrated_factor_pack_v2,research_factor_feature_layer,26.0,"CSRank(Div($ctx_rzrq_rqjmg3d,Add(Abs($final_float_market_cap),0.000001)))",ctx_rzrq_rqjmg3d|final_float_market_cap
runtime\cn_integrated_factor_pack_v2_coverage_aware_20260603\selector_only_seed35\aa\phase3e_selector_audit.csv,phase3aa_event_0247_cn_integrated_v2_rzrq_size_normalized_00308,cn_integrated_factor_pack_v2,research_factor_feature_layer,21.0,"CSRank(Div($ctx_rzrq_rqjmg10d,Add(Abs($final_float_market_cap),0.000001)))",ctx_rzrq_rqjmg10d|final_float_market_cap
runtime\cn_integrated_factor_pack_v2_coverage_aware_20260603\selector_only_seed35\aa\phase3e_selector_audit.csv,phase3aa_event_0245_cn_integrated_v2_rzrq_size_normalized_00306,cn_integrated_factor_pack_v2,research_factor_feature_layer,13.0,"CSRank(Div($ctx_rzrq_rqjmg,Add(Abs($final_float_market_cap),0.000001)))",ctx_rzrq_rqjmg|final_float_market_cap
runtime\cn_integrated_factor_pack_v2_coverage_aware_20260603\selector_only_seed35\aa\phase3e_selector_audit.csv,phase3aa_event_0288_cn_integrated_v2_minute_amount_share_daily_00349,cn_integrated_factor_pack_v2,research_factor_feature_layer,22.0,"CSRank(Div($m1_first30_amount,Add(Abs($amount),0.000001)))",amount|m1_first30_amount
runtime\cn_integrated_factor_pack_v2_coverage_aware_20260603\selector_only_seed35\aa\phase3e_selector_audit.csv,phase3aa_event_0280_cn_integrated_v2_rzrq_size_normalized_00341,cn_integrated_factor_pack_v2,research_factor_feature_layer,30.0,"CSRank(Div($ctx_rzrq_rzmre,Add(Abs($amount),0.000001)))",amount|ctx_rzrq_rzmre
runtime\cn_integrated_factor_pack_v2_coverage_aware_20260603\selector_only_seed35\aa\phase3e_selector_audit.csv,phase3aa_event_0278_cn_integrated_v2_rzrq_size_normalized_00339,cn_integrated_factor_pack_v2,research_factor_feature_layer,35.0,"CSRank(Div($ctx_rzrq_rzjme5d,Add(Abs($amount),0.000001)))",amount|ctx_rzrq_rzjme5d
runtime\cn_integrated_factor_pack_v2_coverage_aware_20260603\selector_only_seed35\aa\phase3e_selector_audit.csv,phase3aa_event_0272_cn_integrated_v2_rzrq_size_normalized_00333,cn_integrated_factor_pack_v2,research_factor_feature_layer,20.0,"CSRank(Div($ctx_rzrq_rzjme,Add(Abs($amount),0.000001)))",amount|ctx_rzrq_rzjme
runtime\cn_integrated_factor_pack_v2_coverage_aware_20260603\selector_only_seed35\aa\phase3e_selector_audit.csv,phase3aa_event_0268_cn_integrated_v2_rzrq_size_normalized_00329,cn_integrated_factor_pack_v2,research_factor_feature_layer,24.0,"CSRank(Div($ctx_rzrq_rzche3d,Add(Abs($amount),0.000001)))",amount|ctx_rzrq_rzche3d
runtime\cn_integrated_factor_pack_v2_coverage_aware_20260603\selector_only_seed35\aa\phase3e_selector_audit.csv,phase3aa_event_0264_cn_integrated_v2_rzrq_size_normalized_00325,cn_integrated_factor_pack_v2,research_factor_feature_layer,37.0,"CSRank(Div($ctx_rzrq_rzche,Add(Abs($amount),0.000001)))",amount|ctx_rzrq_rzche
runtime\cn_integrated_factor_pack_v2_coverage_aware_20260603\selector_only_seed35\aa\phase3e_selector_audit.csv,phase3aa_event_0256_cn_integrated_v2_rzrq_size_normalized_00317,cn_integrated_factor_pack_v2,research_factor_feature_layer,33.0,"CSRank(Div($ctx_rzrq_rqmcl10d,Add(Abs($amount),0.000001)))",amount|ctx_rzrq_rqmcl10d
runtime\cn_integrated_factor_pack_v2_coverage_aware_20260603\selector_only_seed35\aa\phase3e_selector_audit.csv,phase3aa_event_0228_cn_integrated_v2_quality_x_rzrq_flow_00289,cn_integrated_factor_pack_v2,research_factor_feature_layer,27.0,"CSRank(Mul(ZScore($ctx_fund_bs_cash_to_assets),ZScore($ctx_rzrq_rzjme)))",ctx_fund_bs_cash_to_assets|ctx_rzrq_rzjme
runtime\cn_integrated_factor_pack_v2_coverage_aware_20260603\selector_only_seed35\aa\phase3e_selector_audit.csv,phase3aa_event_0225_cn_integrated_v2_quality_x_rzrq_flow_00286,cn_integrated_factor_pack_v2,research_factor_feature_layer,34.0,"CSRank(Mul(ZScore($ctx_fund_bs_cash_to_assets),ZScore($ctx_rzrq_rzche10d)))",ctx_fund_bs_cash_to_assets|ctx_rzrq_rzche10d
runtime\cn_integrated_factor_pack_v2_coverage_aware_20260603\selector_only_seed35\aa\phase3e_selector_audit.csv,phase3aa_event_0221_cn_integrated_v2_quality_x_rzrq_flow_00282,cn_integrated_factor_pack_v2,research_factor_feature_layer,36.0,"CSRank(Mul(ZScore($ctx_fund_bs_cash_to_assets),ZScore($ctx_rzrq_rqmcl3d)))",ctx_fund_bs_cash_to_assets|ctx_rzrq_rqmcl3d
runtime\cn_integrated_factor_pack_v2_coverage_aware_20260603\selector_only_seed35\aa\phase3e_selector_audit.csv,agnostic-freeform-806d5235bba6,agnostic_freeform_ast,agnostic_freeform_ast,8.0,"CSRank(Sub(CSRank(Mom($vwap,34)),ZScore(Std($volume,3))))",volume|vwap
runtime\cn_integrated_factor_pack_v2_coverage_aware_20260603\selector_only_seed35\aa\phase3e_selector_audit.csv,phase3repair-failure_detail-duplicate_escape-7e210d77983c,ast_failure_aware_repair,ast_failure_aware_repair,1.0,"CSRank(Mean($close,34))",close
runtime\cn_integrated_factor_pack_v2_coverage_aware_20260603\selector_only_seed35\aa\phase3e_selector_audit.csv,phase3repair-failure_detail-operator_sanitize-b2b84bc3ef72,ast_failure_aware_repair,ast_failure_aware_repair,43.0,"CSRank(Sub(Mean($amount,6),Mean($amount,3)))",amount
runtime\cn_integrated_factor_pack_v2_coverage_aware_20260603\selector_only_seed35\aa\phase3e_selector_audit.csv,stockpit-template-3640ff7d560d,simple_template,r0_cem_led,2.0,CSRank($close),close
runtime\cn_integrated_factor_pack_v2_coverage_aware_20260603\selector_only_seed35\aa\phase3e_selector_audit.csv,agnostic-freeform-2853176b2b50,agnostic_freeform_ast,agnostic_freeform_ast,38.0,"CSRank(Mul(CSRank(Std($final_float_market_cap,34)),Mul(ZScore(Std($high,21)),Sign(Mean($open,5)))))",final_float_market_cap|high|open
runtime\cn_integrated_factor_pack_v2_coverage_aware_20260603\selector_only_seed35\aa\phase3e_selector_audit.csv,agnostic-freeform-f58db5f7c1ae,agnostic_freeform_ast,agnostic_freeform_ast,63.0,"CSRank(CSResidual(ZScore(Mean($high,2)),ZScore(Std($amount,3))))",amount|high
runtime\cn_integrated_factor_pack_v2_coverage_aware_20260603\selector_only_seed35\aa\phase3e_selector_audit.csv,fgv2-repair-nonlinearize-720a70b84f,formula_gen_v2_repair_expansion,formula_gen_v2_repair_expansion,48.0,"CSRank(Mul(Sign(ZScore(CSRank(Mul(ZScore(Std($close,5)),ZScore(Std($final_float_market_cap,2)))))),Mul(ZScore(CSRank(Mul(ZScore(Std($close,5)),ZScore(Std($final_float_market_cap,2))))),ZScore(CSRank(Mul(ZScore(Std($close,5)),ZScore(Std($final_float_market_cap,2))))))))",close|final_float_market_cap
runtime\cn_integrated_factor_pack_v2_coverage_aware_20260603\selector_only_seed35\aa\phase3e_selector_audit.csv,agnostic-freeform-551385e7478d,agnostic_freeform_ast,agnostic_freeform_ast,39.0,"CSRank(Mul(CSRank(Std($high,34)),Mul(ZScore($vwap),Sign(Std($high,13)))))",high|vwap
runtime\cn_integrated_factor_pack_v2_coverage_aware_20260603\selector_only_seed35\aa\phase3e_selector_audit.csv,agnostic-freeform-a7ad8beeeacf,agnostic_freeform_ast,agnostic_freeform_ast,40.0,"CSRank(Add(CSRank(Mom($final_total_market_cap,13)),CSRank(Mean($vwap,8))))",final_total_market_cap|vwap
runtime\cn_integrated_factor_pack_v2_coverage_aware_20260603\selector_only_seed35\aa\phase3e_selector_audit.csv,agnostic-freeform-042e30be7cdf,agnostic_freeform_ast,agnostic_freeform_ast,5.0,"CSRank(Mul(CSRank(Mean($close,8)),Corr(Mean($volume,3),Std($final_float_market_cap,13),8)))",close|final_float_market_cap|volume
runtime\cn_integrated_factor_pack_v2_coverage_aware_20260603\selector_only_seed35\aa\phase3e_selector_audit.csv,fgv2-repair-add_confirmation-a2ebaeae10,formula_gen_v2_repair_expansion,formula_gen_v2_repair_expansion,64.0,"CSRank(Mul(CSRank(Mean(Abs($close),8)),Sign(Delta($amount,1))))",amount|close
runtime\cn_integrated_factor_pack_v2_coverage_aware_20260603\selector_only_seed35\aa\phase3e_selector_audit.csv,fgv2-repair-nonlinearize-69d3d3bbf5,formula_gen_v2_repair_expansion,formula_gen_v2_repair_expansion,11.0,"CSRank(Mul(Sign(ZScore(CSRank(Mul(ZScore($final_float_market_cap),ZScore($close))))),Mul(ZScore(CSRank(Mul(ZScore($final_float_market_cap),ZScore($close)))),ZScore(CSRank(Mul(ZScore($final_float_market_cap),ZScore($close)))))))",close|final_float_market_cap
runtime\cn_integrated_factor_pack_v2_coverage_aware_20260603\selector_only_seed35\aa\phase3e_selector_audit.csv,stockpit-cem_adaptive_grammar-ad335fa8387e,cem_adaptive_grammar,r0_cem_led,14.0,"Neg(CSRank(Mul(ZScore(Delta($amount,8)),ZScore(Delta($final_float_market_cap,2)))))",amount|final_float_market_cap
runtime\cn_integrated_factor_pack_v2_coverage_aware_20260603\selector_only_seed35\aa\phase3e_selector_audit.csv,stockpit-cem_adaptive_grammar-2cd6edb62448,cem_adaptive_grammar,r0_cem_led,53.0,"Neg(CSRank(Delta($final_float_market_cap,5)))",final_float_market_cap
runtime\cn_integrated_factor_pack_v2_coverage_aware_20260603\selector_only_seed35\aa\phase3e_selector_audit.csv,agnostic-freeform-0b97263ee18f,agnostic_freeform_ast,agnostic_freeform_ast,49.0,"CSRank(Mul(CSRank(Std($vwap,13)),Corr($high,$final_float_market_cap,5)))",final_float_market_cap|high|vwap
runtime\cn_integrated_factor_pack_v2_coverage_aware_20260603\selector_only_seed35\aa\phase3e_selector_audit.csv,phase3repair-failure_detail-duplicate_escape-467a29a8b041,ast_failure_aware_repair,ast_failure_aware_repair,50.0,"CSRank(Mul(ZScore(Mean($close,13)),ZScore(Delta($close,6))))",close
runtime\cn_integrated_factor_pack_v2_coverage_aware_20260603\selector_only_seed35\aa\phase3e_selector_audit.csv,phase3repair-failure_detail-duplicate_escape-a160ab8432ed,ast_failure_aware_repair,ast_failure_aware_repair,58.0,"CSRank(Mul(ZScore(Mean($close,3)),ZScore(Delta($amount,6))))",amount|close
runtime\cn_integrated_factor_pack_v2_coverage_aware_20260603\selector_only_seed35\aa\phase3e_selector_audit.csv,fgv2-repair-nonlinearize-ace579e6fa,formula_gen_v2_repair_expansion,formula_gen_v2_repair_expansion,47.0,"CSRank(Mul(Sign(ZScore(Neg(CSRank(Delta($final_float_market_cap,5))))),Mul(ZScore(Neg(CSRank(Delta($final_float_market_cap,5)))),ZScore(Neg(CSRank(Delta($final_float_market_cap,5)))))))",final_float_market_cap
runtime\cn_integrated_factor_pack_v2_coverage_aware_20260603\selector_only_seed35\aa\phase3e_selector_audit.csv,stockpit-cem_adaptive_grammar-39ba35c18089,cem_adaptive_grammar,r0_cem_led,3.0,"Neg(CSRank(Delta($final_float_market_cap,8)))",final_float_market_cap
runtime\cn_integrated_factor_pack_v2_coverage_aware_20260603\selector_only_seed35\aa\phase3e_selector_audit.csv,stockpit-ast_evolutionary_mutation-1bada91f298a,ast_evolutionary_mutation,r0_cem_led,6.0,"CSRank(CSResidual(CSRank(CSRank(Mean(Abs($ret),21))),CSRank(Log($final_total_market_cap))))",final_total_market_cap|ret
runtime\cn_integrated_factor_pack_v2_coverage_aware_20260603\selector_only_seed35\aa\phase3e_selector_audit.csv,fgv2-repair-nonlinearize-5c942092bf,formula_gen_v2_repair_expansion,formula_gen_v2_repair_expansion,19.0,"CSRank(Mul(Sign(ZScore(Neg(CSRank(Std($volume,8))))),Mul(ZScore(Neg(CSRank(Std($volume,8)))),ZScore(Neg(CSRank(Std($volume,8)))))))",volume
runtime\cn_integrated_factor_pack_v2_coverage_aware_20260603\selector_only_seed35\aa\phase3e_selector_audit.csv,stockpit-ast_evolutionary_mutation-81852aeb8a57,ast_evolutionary_mutation,r0_cem_led,16.0,"CSRank(CSResidual(CSRank(Neg(CSRank(Mom($close,21)))),CSRank(Log($final_total_market_cap))))",close|final_total_market_cap
runtime\cn_integrated_factor_pack_v2_coverage_aware_20260603\selector_only_seed35\aa\phase3e_selector_audit.csv,phase3repair-failure_detail-duplicate_escape-b7d2c812122b,ast_failure_aware_repair,ast_failure_aware_repair,57.0,"CSRank(Mean($amount,34))",amount
runtime\cn_integrated_factor_pack_v2_coverage_aware_20260603\selector_only_seed35\aa\phase3e_selector_audit.csv,phase3repair-failure_detail-operator_sanitize-28e642be47c1,ast_failure_aware_repair,ast_failure_aware_repair,4.0,"CSRank(Div(Delta($ret,8),Add(Abs(Mean($ret,5)),0.000001)))",ret
runtime\cn_integrated_factor_pack_v2_coverage_aware_20260603\selector_only_seed35\aa\phase3e_selector_audit.csv,phase3repair-failure_detail-duplicate_escape-e7ff54a0ccde,ast_failure_aware_repair,ast_failure_aware_repair,12.0,"CSRank(Mul(ZScore(Mean($amount,34)),ZScore(Delta($amount,17))))",amount
runtime\cn_integrated_factor_pack_v2_coverage_aware_20260603\selector_only_seed35\aa\phase3e_selector_audit.csv,agnostic-freeform-7e6b672f25a0,agnostic_freeform_ast,agnostic_freeform_ast,9.0,"CSRank(Mul(Sign(Mom($final_float_market_cap,13)),Mul(ZScore(Delta($close,21)),Sign(Delta($amount,13)))))",amount|close|final_float_market_cap
runtime\cn_integrated_factor_pack_v2_coverage_aware_20260603\selector_only_seed35\aa\phase3e_selector_audit.csv,stockpit-cem_adaptive_grammar-c907d63a8787,cem_adaptive_grammar,r0_cem_led,51.0,"Neg(CSRank(CSResidual(CSRank(Mean(Abs($amount),5)),CSRank(Mean(Abs($amount),5)))))",amount
runtime\cn_integrated_factor_pack_v2_coverage_aware_20260603\selector_only_seed35\aa\phase3e_selector_audit.csv,stockpit-cem_adaptive_grammar-57145232a53c,cem_adaptive_grammar,r0_cem_led,10.0,"CSRank(Std($final_float_market_cap,8))",final_float_market_cap
runtime\cn_integrated_factor_pack_v2_coverage_aware_20260603\selector_only_seed35\aa\phase3e_selector_audit.csv,agnostic-freeform-c8d24a10ea7a,agnostic_freeform_ast,agnostic_freeform_ast,41.0,"CSRank(Mul(CSRank($vwap),Mul(Sign(Mom($open,21)),Sign(Std($final_float_market_cap,3)))))",final_float_market_cap|open|vwap
runtime\cn_integrated_factor_pack_v2_coverage_aware_20260603\selector_only_seed35\aa\phase3e_selector_audit.csv,agnostic-freeform-43ebc5208a60,agnostic_freeform_ast,agnostic_freeform_ast,52.0,"CSRank(Mul(Sign(ZScore(Delta($vwap,13))),Mul(ZScore(Delta($vwap,13)),ZScore(Delta($vwap,13)))))",vwap
runtime\cn_integrated_factor_pack_v2_coverage_aware_20260603\selector_only_seed35\aa\phase3e_selector_audit.csv,stockpit-template-639c8f3fc646,simple_template,r0_cem_led,18.0,"CSRank(Mean(Abs($ret),21))",ret
runtime\cn_integrated_factor_pack_v2_coverage_aware_20260603\selector_only_seed35\aa\phase3e_selector_audit.csv,phase3repair-failure_detail-duplicate_escape-2c0e37975a80,ast_failure_aware_repair,ast_failure_aware_repair,15.0,"CSRank(Delta($open,3))",open
runtime\cn_integrated_factor_pack_v2_coverage_aware_20260603\selector_only_seed35\aa\phase3e_selector_audit.csv,phase3repair-failure_detail-duplicate_escape-ee4f62642de6,ast_failure_aware_repair,ast_failure_aware_repair,46.0,"CSRank(Delta($final_total_market_cap,34))",final_total_market_cap
runtime\cn_integrated_factor_pack_v2_coverage_aware_20260603\selector_only_seed35\aa\phase3e_selector_audit.csv,agnostic-freeform-921e7c015bbd,agnostic_freeform_ast,agnostic_freeform_ast,7.0,"CSRank(CSResidual(Sign(Delta($volume,3)),CSRank(Mean($turnover_rate,13))))",turnover_rate|volume
runtime\cn_integrated_factor_pack_v2_coverage_aware_20260603\selector_only_seed35\aa\phase3e_selector_audit.csv,agnostic-freeform-de6f934b0204,agnostic_freeform_ast,agnostic_freeform_ast,54.0,"CSRank(Add(ZScore(Mean($high,8)),ZScore(Delta($turnover_rate,3))))",high|turnover_rate
runtime\cn_integrated_factor_pack_v2_coverage_aware_20260603\selector_only_seed35\aa\phase3e_selector_audit.csv,phase3repair-failure_detail-operator_sanitize-3fe3add38cb8,ast_failure_aware_repair,ast_failure_aware_repair,45.0,"CSRank(Div(Delta($ret,11),Add(Abs(Mean($ret,8)),0.000001)))",ret
runtime\cn_integrated_factor_pack_v2_coverage_aware_20260603\selector_only_seed35\aa\phase3e_selector_audit.csv,agnostic-freeform-963e722d8b56,agnostic_freeform_ast,agnostic_freeform_ast,62.0,"CSRank(Mom($low,21))",low
runtime\cn_integrated_factor_pack_v2_coverage_aware_20260603\selector_only_seed35\aa\phase3e_selector_audit.csv,stockpit-cem_adaptive_grammar-159c59c2c671,cem_adaptive_grammar,r0_cem_led,17.0,"Neg(CSRank(CSResidual(CSRank(Mom($volume,21)),CSRank(Mom($close,5)))))",close|volume
runtime\cn_integrated_factor_pack_v2_coverage_aware_20260603\selector_only_seed35\aa\phase3e_selector_audit.csv,phase3repair-failure_detail-operator_sanitize-730aef238cb4,ast_failure_aware_repair,ast_failure_aware_repair,59.0,"CSRank(Div(Delta($ret,17),Add(Abs(Mean($ret,34)),0.000001)))",ret
runtime\cn_integrated_factor_pack_v2_coverage_aware_20260603\selector_only_seed35\aa\phase3e_selector_audit.csv,agnostic-freeform-bd2ec75066cc,agnostic_freeform_ast,agnostic_freeform_ast,55.0,"CSRank(Mul(Sign(Std($final_total_market_cap,2)),Corr(Std($low,5),Delay(Mom($vwap,13),1),21)))",final_total_market_cap|low|vwap
runtime\cn_integrated_factor_pack_v2_coverage_aware_20260603\selector_only_seed35\aa\phase3e_selector_audit.csv,stockpit-ast_evolutionary_mutation-f0d27365357b,ast_evolutionary_mutation,r0_cem_led,56.0,"CSRank(CSResidual(CSRank(CSRank(Log($final_total_market_cap))),CSRank(Log($final_float_market_cap))))",final_float_market_cap|final_total_market_cap
runtime\cn_integrated_factor_pack_v2_coverage_aware_20260603\selector_only_seed35\aa\phase3e_selector_audit.csv,stockpit-ast_evolutionary_mutation-f7351077527d,ast_evolutionary_mutation,r0_cem_led,44.0,"CSRank(Mul(ZScore(Neg(CSRank(Mom($close,13)))),ZScore(CSRank(Mean(Abs($ret),21)))))",close|ret
runtime\cn_integrated_factor_pack_v2_coverage_aware_20260603\selector_only_seed35\aa\phase3e_selector_audit.csv,stockpit-cem_adaptive_grammar-da7d44837fa3,cem_adaptive_grammar,r0_cem_led,61.0,"Neg(CSRank(Mom($amount,5)))",amount
runtime\cn_integrated_factor_pack_v2_coverage_aware_20260603\selector_only_seed35\aa\phase3e_selector_audit.csv,agnostic-freeform-1037abe9b9af,agnostic_freeform_ast,agnostic_freeform_ast,42.0,"CSRank(Sign(Std($close,3)))",close
runtime\cn_integrated_factor_pack_v2_coverage_aware_20260603\selector_only_seed35\aa\phase3e_selector_audit.csv,agnostic-freeform-7d1aab13a518,agnostic_freeform_ast,agnostic_freeform_ast,60.0,"CSRank(Mul(ZScore(Std($volume,21)),Mul(Sign(Mom($final_total_market_cap,21)),CSRank($final_float_market_cap))))",final_float_market_cap|final_total_market_cap|volume
runtime\cn_integrated_factor_pack_v2_coverage_aware_fresh_pool_20260603\s36\raw_source\phase3e_selector_audit.csv,stockpit-cem_adaptive_grammar-89cb546db0b9,cem_adaptive_grammar,r0_cem_led,1.0,"Neg(CSRank(Delta($amount,8)))",amount
runtime\cn_integrated_factor_pack_v2_coverage_aware_fresh_pool_20260603\s36\raw_source\phase3e_selector_audit.csv,stockpit-cem_adaptive_grammar-6cce0bae10c2,cem_adaptive_grammar,r0_cem_led,5.0,"CSRank(CSResidual(CSRank(Mean(Abs($close),8)),CSRank(Mean(Abs($final_float_market_cap),8))))",close|final_float_market_cap
runtime\cn_integrated_factor_pack_v2_coverage_aware_fresh_pool_20260603\s36\raw_source\phase3e_selector_audit.csv,stockpit-cem_adaptive_grammar-27a47f8821a9,cem_adaptive_grammar,r0_cem_led,16.0,"Neg(CSRank(CSResidual(CSRank(Mom($volume,21)),CSRank(Mom($final_float_market_cap,8)))))",final_float_market_cap|volume
runtime\cn_integrated_factor_pack_v2_coverage_aware_fresh_pool_20260603\s36\raw_source\phase3e_selector_audit.csv,stockpit-cem_adaptive_grammar-39ba35c18089,cem_adaptive_grammar,r0_cem_led,6.0,"Neg(CSRank(Delta($final_float_market_cap,8)))",final_float_market_cap
runtime\cn_integrated_factor_pack_v2_coverage_aware_fresh_pool_20260603\s36\raw_source\phase3e_selector_audit.csv,stockpit-cem_adaptive_grammar-14666b549a7d,cem_adaptive_grammar,r0_cem_led,42.0,"Neg(CSRank(Mom($vwap,34)))",vwap
runtime\cn_integrated_factor_pack_v2_coverage_aware_fresh_pool_20260603\s36\raw_source\phase3e_selector_audit.csv,stockpit-cem_adaptive_grammar-f9b273bc4005,cem_adaptive_grammar,r0_cem_led,14.0,"Neg(CSRank(Mul(ZScore($final_float_market_cap),ZScore($close))))",close|final_float_market_cap
runtime\cn_integrated_factor_pack_v2_coverage_aware_fresh_pool_20260603\s36\raw_source\phase3e_selector_audit.csv,stockpit-cem_adaptive_grammar-0fc2f285a9d9,cem_adaptive_grammar,r0_cem_led,28.0,"Neg(CSRank(Mul(ZScore($vwap),ZScore($close))))",close|vwap
runtime\cn_integrated_factor_pack_v2_coverage_aware_fresh_pool_20260603\s36\raw_source\phase3e_selector_audit.csv,stockpit-cem_adaptive_grammar-977a59927acd,cem_adaptive_grammar,r0_cem_led,9.0,"CSRank(CSResidual(CSRank(Delta($vwap,21)),CSRank(Delta($close,21))))",close|vwap
runtime\cn_integrated_factor_pack_v2_coverage_aware_fresh_pool_20260603\s36\raw_source\phase3e_selector_audit.csv,stockpit-cem_adaptive_grammar-1a28e09e0617,cem_adaptive_grammar,r0_cem_led,25.0,"Neg(CSRank(Mul(ZScore(Mom($final_float_market_cap,8)),ZScore(Mom($vwap,34)))))",final_float_market_cap|vwap
runtime\cn_integrated_factor_pack_v2_coverage_aware_fresh_pool_20260603\s36\raw_source\phase3e_selector_audit.csv,stockpit-cem_adaptive_grammar-7dc0a6978bbd,cem_adaptive_grammar,r0_cem_led,38.0,"Neg(CSRank(Mul(ZScore(Delta($final_float_market_cap,34)),ZScore(Delta($final_float_market_cap,34)))))",final_float_market_cap
runtime\cn_integrated_factor_pack_v2_coverage_aware_fresh_pool_20260603\s36\raw_source\phase3e_selector_audit.csv,stockpit-cem_adaptive_grammar-6617d6c86d9c,cem_adaptive_grammar,r0_cem_led,37.0,"CSRank(CSResidual(CSRank(Mom($volume,8)),CSRank(Mom($amount,8))))",amount|volume
runtime\cn_integrated_factor_pack_v2_coverage_aware_fresh_pool_20260603\s36\raw_source\phase3e_selector_audit.csv,stockpit-cem_adaptive_grammar-a33c3fb3c95c,cem_adaptive_grammar,r0_cem_led,29.0,"CSRank(Mul(ZScore(Delta($final_float_market_cap,5)),ZScore(Delta($vwap,8))))",final_float_market_cap|vwap
runtime\cn_integrated_factor_pack_v2_coverage_aware_fresh_pool_20260603\s36\raw_source\phase3e_selector_audit.csv,stockpit-cem_adaptive_grammar-0acaa11fbda4,cem_adaptive_grammar,r0_cem_led,30.0,"Neg(CSRank(Mul(ZScore(Delta($close,21)),ZScore(Delta($final_float_market_cap,2)))))",close|final_float_market_cap
runtime\cn_integrated_factor_pack_v2_coverage_aware_fresh_pool_20260603\s36\raw_source\phase3e_selector_audit.csv,stockpit-cem_adaptive_grammar-311ad33268f0,cem_adaptive_grammar,r0_cem_led,41.0,"Neg(CSRank(Mul(ZScore(Mom($volume,5)),ZScore(Mom($vwap,21)))))",volume|vwap
runtime\cn_integrated_factor_pack_v2_coverage_aware_fresh_pool_20260603\s36\raw_source\phase3e_selector_audit.csv,stockpit-cem_adaptive_grammar-c15bb09e8ddc,cem_adaptive_grammar,r0_cem_led,47.0,"Neg(CSRank(Mul(ZScore(Std($final_float_market_cap,21)),ZScore(Std($vwap,5)))))",final_float_market_cap|vwap
runtime\cn_integrated_factor_pack_v2_coverage_aware_fresh_pool_20260603\s36\raw_source\phase3e_selector_audit.csv,stockpit-cem_adaptive_grammar-09320655a09d,cem_adaptive_grammar,r0_cem_led,51.0,"CSRank(Mul(ZScore(Delta($close,21)),ZScore(Delta($close,5))))",close
runtime\cn_integrated_factor_pack_v2_coverage_aware_fresh_pool_20260603\s36\raw_source\phase3e_selector_audit.csv,stockpit-cem_adaptive_grammar-57145232a53c,cem_adaptive_grammar,r0_cem_led,2.0,"CSRank(Std($final_float_market_cap,8))",final_float_market_cap
runtime\cn_integrated_factor_pack_v2_coverage_aware_fresh_pool_20260603\s36\raw_source\phase3e_selector_audit.csv,stockpit-cem_adaptive_grammar-f3bf6968cabe,cem_adaptive_grammar,r0_cem_led,43.0,"Neg(CSRank(CSResidual(CSRank(Std($close,1)),CSRank(Std($final_float_market_cap,1)))))",close|final_float_market_cap
runtime\cn_integrated_factor_pack_v2_coverage_aware_fresh_pool_20260603\s36\raw_source\phase3e_selector_audit.csv,stockpit-cem_adaptive_grammar-61d5b6fecab8,cem_adaptive_grammar,r0_cem_led,34.0,"CSRank(Std($amount,1))",amount
runtime\cn_integrated_factor_pack_v2_coverage_aware_fresh_pool_20260603\s36\raw_source\phase3e_selector_audit.csv,stockpit-cem_adaptive_grammar-5642794865ac,cem_adaptive_grammar,r0_cem_led,46.0,"CSRank(CSResidual(CSRank(Std($final_float_market_cap,1)),CSRank(Std($close,1))))",close|final_float_market_cap
runtime\cn_integrated_factor_pack_v2_coverage_aware_fresh_pool_20260603\s36\raw_source\phase3e_selector_audit.csv,stockpit-ast_evolutionary_mutation-19e64dc9388b,ast_evolutionary_mutation,r0_cem_led,4.0,"CSRank(CSResidual(CSRank(CSRank($close)),CSRank(Log($final_float_market_cap))))",close|final_float_market_cap
runtime\cn_integrated_factor_pack_v2_coverage_aware_fresh_pool_20260603\s36\raw_source\phase3e_selector_audit.csv,stockpit-ast_evolutionary_mutation-474864aafe5b,ast_evolutionary_mutation,r0_cem_led,44.0,"CSRank(CSResidual(CSRank(Neg(CSRank(Mom($close,5)))),CSRank(Log($final_float_market_cap))))",close|final_float_market_cap
runtime\cn_integrated_factor_pack_v2_coverage_aware_fresh_pool_20260603\s36\raw_source\phase3e_selector_audit.csv,stockpit-ast_evolutionary_mutation-9bbc919bd1c9,ast_evolutionary_mutation,r0_cem_led,33.0,"Neg(CSRank(Mom($close,1)))",close
runtime\cn_integrated_factor_pack_v2_coverage_aware_fresh_pool_20260603\s36\raw_source\phase3e_selector_audit.csv,stockpit-ast_evolutionary_mutation-717e4b83ea41,ast_evolutionary_mutation,r0_cem_led,22.0,"CSRank(Neg(CSRank(Mom($close,1))))",close
runtime\cn_integrated_factor_pack_v2_coverage_aware_fresh_pool_20260603\s36\raw_source\phase3e_selector_audit.csv,stockpit-ast_evolutionary_mutation-966e7274328f,ast_evolutionary_mutation,r0_cem_led,35.0,"Neg(CSRank(Mean(Abs($ret),1)))",ret
runtime\cn_integrated_factor_pack_v2_coverage_aware_fresh_pool_20260603\s36\raw_source\phase3e_selector_audit.csv,stockpit-ast_evolutionary_mutation-efba1282d30c,ast_evolutionary_mutation,r0_cem_led,12.0,CSRank(ZScore(CSRank(Log($final_total_market_cap)))),final_total_market_cap
runtime\cn_integrated_factor_pack_v2_coverage_aware_fresh_pool_20260603\s36\raw_source\phase3e_selector_audit.csv,stockpit-template-abe8a59e35f4,simple_template,r0_cem_led,15.0,"Neg(CSRank(Mom($close,13)))",close
runtime\cn_integrated_factor_pack_v2_coverage_aware_fresh_pool_20260603\s36\raw_source\phase3e_selector_audit.csv,stockpit-template-956585a6923a,simple_template,r0_cem_led,3.0,"Neg(CSRank(Mom($close,21)))",close
runtime\cn_integrated_factor_pack_v2_coverage_aware_fresh_pool_20260603\s36\raw_source\phase3e_selector_audit.csv,stockpit-template-5f26b8b89512,simple_template,r0_cem_led,49.0,"Neg(CSRank(Mom($close,3)))",close
runtime\cn_integrated_factor_pack_v2_coverage_aware_fresh_pool_20260603\s36\raw_source\phase3e_selector_audit.csv,stockpit-template-e54dc5b66e0b,simple_template,r0_cem_led,24.0,"Neg(CSRank(Mean(Abs($ret),8)))",ret
runtime\cn_integrated_factor_pack_v2_coverage_aware_fresh_pool_20260603\s36\raw_source\phase3e_selector_audit.csv,stockpit-template-53cdecea063f,simple_template,r0_cem_led,40.0,"CSRank(Mean(Abs($ret),34))",ret
runtime\cn_integrated_factor_pack_v2_coverage_aware_fresh_pool_20260603\s36\raw_source\phase3e_selector_audit.csv,agnostic-freeform-4f4f9b8cc469,agnostic_freeform_ast,agnostic_freeform_ast,11.0,"CSRank(Sub(Sign(Mean($turnover_rate,34)),ZScore(Delta($close,34))))",close|turnover_rate
runtime\cn_integrated_factor_pack_v2_coverage_aware_fresh_pool_20260603\s36\raw_source\phase3e_selector_audit.csv,agnostic-freeform-5cbac8b049a2,agnostic_freeform_ast,agnostic_freeform_ast,52.0,"CSRank(CSResidual(ZScore($vwap),CSRank($amount)))",amount|vwap
runtime\cn_integrated_factor_pack_v2_coverage_aware_fresh_pool_20260603\s36\raw_source\phase3e_selector_audit.csv,agnostic-freeform-bb7bda65a892,agnostic_freeform_ast,agnostic_freeform_ast,56.0,"CSRank(Sub(CSRank(Delta($low,3)),ZScore(Delta($turnover_rate,8))))",low|turnover_rate
runtime\cn_integrated_factor_pack_v2_coverage_aware_fresh_pool_20260603\s36\raw_source\phase3e_selector_audit.csv,agnostic-freeform-38e645ca1651,agnostic_freeform_ast,agnostic_freeform_ast,61.0,"CSRank(Mul(Sign($turnover_rate),Mul(CSRank($volume),ZScore(Mean(Abs(Delta($final_total_market_cap,1)),8)))))",final_total_market_cap|turnover_rate|volume
runtime\cn_integrated_factor_pack_v2_coverage_aware_fresh_pool_20260603\s36\raw_source\phase3e_selector_audit.csv,agnostic-freeform-2128d0561ba9,agnostic_freeform_ast,agnostic_freeform_ast,26.0,"CSRank(Sub(Sign(Mom($low,5)),Sign(Delta($high,21))))",high|low
runtime\cn_integrated_factor_pack_v2_coverage_aware_fresh_pool_20260603\s36\raw_source\phase3e_selector_audit.csv,agnostic-freeform-7ec86bf35fbd,agnostic_freeform_ast,agnostic_freeform_ast,53.0,"CSRank(Mul(CSRank(Std($final_total_market_cap,13)),Mul(CSRank($final_total_market_cap),ZScore(Std($final_total_market_cap,21)))))",final_total_market_cap
runtime\cn_integrated_factor_pack_v2_coverage_aware_fresh_pool_20260603\s36\raw_source\phase3e_selector_audit.csv,agnostic-freeform-6d9722cc5a6c,agnostic_freeform_ast,agnostic_freeform_ast,7.0,"CSRank(Sub(CSRank(Mean($final_float_market_cap,34)),ZScore(Std($final_float_market_cap,13))))",final_float_market_cap
runtime\cn_integrated_factor_pack_v2_coverage_aware_fresh_pool_20260603\s36\raw_source\phase3e_selector_audit.csv,agnostic-freeform-e372c7319500,agnostic_freeform_ast,agnostic_freeform_ast,60.0,"CSRank(Mul(CSRank($open),CSRank(Delta($high,2))))",high|open
runtime\cn_integrated_factor_pack_v2_coverage_aware_fresh_pool_20260603\s36\raw_source\phase3e_selector_audit.csv,agnostic-freeform-7b5ecdd3357a,agnostic_freeform_ast,agnostic_freeform_ast,10.0,"CSRank(CSResidual(ZScore(Std($final_float_market_cap,3)),Sign(Delta($low,13))))",final_float_market_cap|low
runtime\cn_integrated_factor_pack_v2_coverage_aware_fresh_pool_20260603\s36\raw_source\phase3e_selector_audit.csv,agnostic-freeform-fa112b2d7488,agnostic_freeform_ast,agnostic_freeform_ast,63.0,"CSRank(CSResidual(CSRank(Std($close,2)),ZScore($open)))",close|open
runtime\cn_integrated_factor_pack_v2_coverage_aware_fresh_pool_20260603\s36\raw_source\phase3e_selector_audit.csv,agnostic-freeform-11b7a1d96d6c,agnostic_freeform_ast,agnostic_freeform_ast,59.0,"CSRank(Mul(CSRank(Std($final_float_market_cap,8)),Corr(Std($low,13),Std($final_total_market_cap,8),8)))",final_float_market_cap|final_total_market_cap|low
runtime\cn_integrated_factor_pack_v2_coverage_aware_fresh_pool_20260603\s36\raw_source\phase3e_selector_audit.csv,agnostic-freeform-f2e06781bcc3,agnostic_freeform_ast,agnostic_freeform_ast,55.0,"CSRank(Mul(CSRank(Mom($volume,13)),CSRank($low)))",low|volume
runtime\cn_integrated_factor_pack_v2_coverage_aware_fresh_pool_20260603\s36\raw_source\phase3e_selector_audit.csv,agnostic-freeform-17526325417a,agnostic_freeform_ast,agnostic_freeform_ast,18.0,"CSRank(Mul(ZScore(Mean($high,21)),Mul(CSRank(Mom($vwap,13)),ZScore(Mom($low,8)))))",high|low|vwap
runtime\cn_integrated_factor_pack_v2_coverage_aware_fresh_pool_20260603\s36\raw_source\phase3e_selector_audit.csv,agnostic-freeform-8bd4815d8179,agnostic_freeform_ast,agnostic_freeform_ast,19.0,"CSRank(Mul(CSRank($open),Corr(Mean($volume,3),Mom($turnover_rate,34),8)))",open|turnover_rate|volume
runtime\cn_integrated_factor_pack_v2_coverage_aware_fresh_pool_20260603\s36\raw_source\phase3e_selector_audit.csv,agnostic-freeform-8678325252a1,agnostic_freeform_ast,agnostic_freeform_ast,58.0,"CSRank(Add(ZScore(Std($vwap,3)),CSRank(Mean($turnover_rate,21))))",turnover_rate|vwap
runtime\cn_integrated_factor_pack_v2_coverage_aware_fresh_pool_20260603\s36\raw_source\phase3e_selector_audit.csv,agnostic-freeform-6cc6114d73bc,agnostic_freeform_ast,agnostic_freeform_ast,64.0,"CSRank(CSResidual(Sign(Delta($volume,3)),Sign(Mom($final_float_market_cap,5))))",final_float_market_cap|volume
runtime\cn_integrated_factor_pack_v2_coverage_aware_fresh_pool_20260603\s36\raw_source\phase3e_selector_audit.csv,agnostic-freeform-2babbf4b5d0a,agnostic_freeform_ast,agnostic_freeform_ast,62.0,"CSRank(Mul(ZScore(Mean($volume,2)),Mul(Sign(Delta($open,5)),CSRank(Std($high,13)))))",high|open|volume
runtime\cn_integrated_factor_pack_v2_coverage_aware_fresh_pool_20260603\s36\raw_source\phase3e_selector_audit.csv,agnostic-freeform-a3fdf62de625,agnostic_freeform_ast,agnostic_freeform_ast,20.0,"CSRank(CSResidual(Sign(Mom($final_float_market_cap,5)),ZScore(Std($vwap,21))))",final_float_market_cap|vwap
runtime\cn_integrated_factor_pack_v2_coverage_aware_fresh_pool_20260603\s36\raw_source\phase3e_selector_audit.csv,agnostic-freeform-d97ca0d75066,agnostic_freeform_ast,agnostic_freeform_ast,8.0,"CSRank(Sub(CSRank($final_total_market_cap),CSRank(Mean($final_float_market_cap,21))))",final_float_market_cap|final_total_market_cap
runtime\cn_integrated_factor_pack_v2_coverage_aware_fresh_pool_20260603\s36\raw_source\phase3e_selector_audit.csv,agnostic-freeform-334a5c8dcf71,agnostic_freeform_ast,agnostic_freeform_ast,23.0,"CSRank(Mul(ZScore($close),Sign(Delta($volume,2))))",close|volume
runtime\cn_integrated_factor_pack_v2_coverage_aware_fresh_pool_20260603\s36\raw_source\phase3e_selector_audit.csv,agnostic-freeform-4429fd1fe7ad,agnostic_freeform_ast,agnostic_freeform_ast,21.0,"CSRank(Mul(Sign(Mom($volume,5)),Corr(Mean($close,34),Delay(Mean($final_float_market_cap,13),1),21)))",close|final_float_market_cap|volume
runtime\cn_integrated_factor_pack_v2_coverage_aware_fresh_pool_20260603\s36\raw_source\phase3e_selector_audit.csv,agnostic-freeform-cdfd99276c45,agnostic_freeform_ast,agnostic_freeform_ast,17.0,"CSRank(Mul(CSRank($high),Corr(Delta($close,13),Delay(Std($final_total_market_cap,8),1),13)))",close|final_total_market_cap|high
runtime\cn_integrated_factor_pack_v2_coverage_aware_fresh_pool_20260603\s36\raw_source\phase3e_selector_audit.csv,agnostic-freeform-f62080b458a8,agnostic_freeform_ast,agnostic_freeform_ast,54.0,"CSRank(Add(Sign(Delta($turnover_rate,3)),CSRank(Delta($vwap,5))))",turnover_rate|vwap
runtime\cn_integrated_factor_pack_v2_coverage_aware_fresh_pool_20260603\s36\raw_source\phase3e_selector_audit.csv,agnostic-freeform-838d2b35c163,agnostic_freeform_ast,agnostic_freeform_ast,57.0,"CSRank(Delta($final_total_market_cap,2))",final_total_market_cap
runtime\cn_integrated_factor_pack_v2_coverage_aware_fresh_pool_20260603\s36\raw_source\phase3e_selector_audit.csv,agnostic-freeform-cddaebb4e701,agnostic_freeform_ast,agnostic_freeform_ast,27.0,CSRank(Sign($final_total_market_cap)),final_total_market_cap
runtime\cn_integrated_factor_pack_v2_coverage_aware_fresh_pool_20260603\s36\raw_source\phase3e_selector_audit.csv,fgv2-repair-nonlinearize-9eca4c4339,formula_gen_v2_repair_expansion,formula_gen_v2_repair_expansion,13.0,"CSRank(Mul(Sign(ZScore(Neg(CSRank(Mom($close,13))))),Mul(ZScore(Neg(CSRank(Mom($close,13)))),ZScore(Neg(CSRank(Mom($close,13)))))))",close
runtime\cn_integrated_factor_pack_v2_coverage_aware_fresh_pool_20260603\s36\raw_source\phase3e_selector_audit.csv,fgv2-repair-nonlinearize-814d844980,formula_gen_v2_repair_expansion,formula_gen_v2_repair_expansion,36.0,"CSRank(Mul(Sign(ZScore(Neg(CSRank(Delta($amount,8))))),Mul(ZScore(Neg(CSRank(Delta($amount,8)))),ZScore(Neg(CSRank(Delta($amount,8)))))))",amount
runtime\cn_integrated_factor_pack_v2_coverage_aware_fresh_pool_20260603\s36\raw_source\phase3e_selector_audit.csv,fgv2-repair-nonlinearize-5058c43ff8,formula_gen_v2_repair_expansion,formula_gen_v2_repair_expansion,50.0,"CSRank(Mul(Sign(ZScore(CSRank(CSResidual(CSRank(CSRank($close)),CSRank(Log($final_float_market_cap)))))),Mul(ZScore(CSRank(CSResidual(CSRank(CSRank($close)),CSRank(Log($final_float_market_cap))))),ZScore(CSRank(CSResidual(CSRank(CSRank($close)),CSRank(Log($final_float_market_cap))))))))",close|final_float_market_cap
runtime\cn_integrated_factor_pack_v2_coverage_aware_fresh_pool_20260603\s36\raw_source\phase3e_selector_audit.csv,fgv2-repair-add_state_gate-8a9406803e,formula_gen_v2_repair_expansion,formula_gen_v2_repair_expansion,48.0,"CSRank(Mul(CSRank(CSResidual(CSRank(Delta($vwap,21)),CSRank(Delta($close,21)))),ZScore(Mean(Abs(Delta($close,1)),20))))",close|vwap
runtime\cn_integrated_factor_pack_v2_coverage_aware_fresh_pool_20260603\s36\raw_source\phase3e_selector_audit.csv,fgv2-repair-add_state_gate-161491c3ed,formula_gen_v2_repair_expansion,formula_gen_v2_repair_expansion,32.0,"CSRank(Mul(CSRank(CSResidual(CSRank(Std($vwap,8)),CSRank(Std($amount,8)))),ZScore(Mean(Abs(Delta($close,1)),20))))",amount|close|vwap
runtime\cn_integrated_factor_pack_v2_coverage_aware_fresh_pool_20260603\s36\raw_source\phase3e_selector_audit.csv,fgv2-repair-nonlinearize-d3e5797774,formula_gen_v2_repair_expansion,formula_gen_v2_repair_expansion,39.0,"CSRank(Mul(Sign(ZScore(CSRank(Mean($final_float_market_cap,8)))),Mul(ZScore(CSRank(Mean($final_float_market_cap,8))),ZScore(CSRank(Mean($final_float_market_cap,8))))))",final_float_market_cap
runtime\cn_integrated_factor_pack_v2_coverage_aware_fresh_pool_20260603\s36\raw_source\phase3e_selector_audit.csv,fgv2-repair-add_confirmation-41ce097fa7,formula_gen_v2_repair_expansion,formula_gen_v2_repair_expansion,31.0,"CSRank(Mul(CSRank(Mean($final_float_market_cap,8)),Sign(Delta($amount,1))))",amount|final_float_market_cap
runtime\cn_integrated_factor_pack_v2_coverage_aware_fresh_pool_20260603\s36\raw_source\phase3e_selector_audit.csv,fgv2-repair-add_confirmation-1ec81580bd,formula_gen_v2_repair_expansion,formula_gen_v2_repair_expansion,45.0,"CSRank(Mul(CSRank(CSResidual(CSRank(Std($vwap,8)),CSRank(Std($amount,8)))),Sign(Delta($amount,1))))",amount|vwap
runtime\cn_integrated_factor_pack_v2_coverage_aware_fresh_pool_20260603\s36\selector_only\aa\phase3e_selector_audit.csv,phase3aa_event_0279_cn_integrated_v2_rzrq_size_normalized_00340,cn_integrated_factor_pack_v2,research_factor_feature_layer,19.0,"CSRank(Div($ctx_rzrq_rzmre,Add(Abs($final_float_market_cap),0.000001)))",ctx_rzrq_rzmre|final_float_market_cap
runtime\cn_integrated_factor_pack_v2_coverage_aware_fresh_pool_20260603\s36\selector_only\aa\phase3e_selector_audit.csv,phase3aa_event_0275_cn_integrated_v2_rzrq_size_normalized_00336,cn_integrated_factor_pack_v2,research_factor_feature_layer,18.0,"CSRank(Div($ctx_rzrq_rzjme3d,Add(Abs($final_float_market_cap),0.000001)))",ctx_rzrq_rzjme3d|final_float_market_cap
runtime\cn_integrated_factor_pack_v2_coverage_aware_fresh_pool_20260603\s36\selector_only\aa\phase3e_selector_audit.csv,phase3aa_event_0271_cn_integrated_v2_rzrq_size_normalized_00332,cn_integrated_factor_pack_v2,research_factor_feature_layer,26.0,"CSRank(Div($ctx_rzrq_rzjme,Add(Abs($final_float_market_cap),0.000001)))",ctx_rzrq_rzjme|final_float_market_cap
runtime\cn_integrated_factor_pack_v2_coverage_aware_fresh_pool_20260603\s36\selector_only\aa\phase3e_selector_audit.csv,phase3aa_event_0259_cn_integrated_v2_rzrq_size_normalized_00320,cn_integrated_factor_pack_v2,research_factor_feature_layer,21.0,"CSRank(Div($ctx_rzrq_rqmcl5d,Add(Abs($final_float_market_cap),0.000001)))",ctx_rzrq_rqmcl5d|final_float_market_cap
runtime\cn_integrated_factor_pack_v2_coverage_aware_fresh_pool_20260603\s36\selector_only\aa\phase3e_selector_audit.csv,phase3aa_event_0253_cn_integrated_v2_rzrq_size_normalized_00314,cn_integrated_factor_pack_v2,research_factor_feature_layer,32.0,"CSRank(Div($ctx_rzrq_rqmcl,Add(Abs($final_float_market_cap),0.000001)))",ctx_rzrq_rqmcl|final_float_market_cap
runtime\cn_integrated_factor_pack_v2_coverage_aware_fresh_pool_20260603\s36\selector_only\aa\phase3e_selector_audit.csv,phase3aa_event_0251_cn_integrated_v2_rzrq_size_normalized_00312,cn_integrated_factor_pack_v2,research_factor_feature_layer,28.0,"CSRank(Div($ctx_rzrq_rqjmg5d,Add(Abs($final_float_market_cap),0.000001)))",ctx_rzrq_rqjmg5d|final_float_market_cap
runtime\cn_integrated_factor_pack_v2_coverage_aware_fresh_pool_20260603\s36\selector_only\aa\phase3e_selector_audit.csv,phase3aa_event_0249_cn_integrated_v2_rzrq_size_normalized_00310,cn_integrated_factor_pack_v2,research_factor_feature_layer,22.0,"CSRank(Div($ctx_rzrq_rqjmg3d,Add(Abs($final_float_market_cap),0.000001)))",ctx_rzrq_rqjmg3d|final_float_market_cap
runtime\cn_integrated_factor_pack_v2_coverage_aware_fresh_pool_20260603\s36\selector_only\aa\phase3e_selector_audit.csv,phase3aa_event_0247_cn_integrated_v2_rzrq_size_normalized_00308,cn_integrated_factor_pack_v2,research_factor_feature_layer,17.0,"CSRank(Div($ctx_rzrq_rqjmg10d,Add(Abs($final_float_market_cap),0.000001)))",ctx_rzrq_rqjmg10d|final_float_market_cap
runtime\cn_integrated_factor_pack_v2_coverage_aware_fresh_pool_20260603\s36\selector_only\aa\phase3e_selector_audit.csv,phase3aa_event_0245_cn_integrated_v2_rzrq_size_normalized_00306,cn_integrated_factor_pack_v2,research_factor_feature_layer,14.0,"CSRank(Div($ctx_rzrq_rqjmg,Add(Abs($final_float_market_cap),0.000001)))",ctx_rzrq_rqjmg|final_float_market_cap
runtime\cn_integrated_factor_pack_v2_coverage_aware_fresh_pool_20260603\s36\selector_only\aa\phase3e_selector_audit.csv,phase3aa_event_0288_cn_integrated_v2_minute_amount_share_daily_00349,cn_integrated_factor_pack_v2,research_factor_feature_layer,20.0,"CSRank(Div($m1_first30_amount,Add(Abs($amount),0.000001)))",amount|m1_first30_amount
runtime\cn_integrated_factor_pack_v2_coverage_aware_fresh_pool_20260603\s36\selector_only\aa\phase3e_selector_audit.csv,phase3aa_event_0281_cn_integrated_v2_minute_amount_share_daily_00342,cn_integrated_factor_pack_v2,research_factor_feature_layer,33.0,"CSRank(Div($m1_amount_day,Add(Abs($amount),0.000001)))",amount|m1_amount_day
runtime\cn_integrated_factor_pack_v2_coverage_aware_fresh_pool_20260603\s36\selector_only\aa\phase3e_selector_audit.csv,phase3aa_event_0280_cn_integrated_v2_rzrq_size_normalized_00341,cn_integrated_factor_pack_v2,research_factor_feature_layer,25.0,"CSRank(Div($ctx_rzrq_rzmre,Add(Abs($amount),0.000001)))",amount|ctx_rzrq_rzmre
runtime\cn_integrated_factor_pack_v2_coverage_aware_fresh_pool_20260603\s36\selector_only\aa\phase3e_selector_audit.csv,phase3aa_event_0278_cn_integrated_v2_rzrq_size_normalized_00339,cn_integrated_factor_pack_v2,research_factor_feature_layer,31.0,"CSRank(Div($ctx_rzrq_rzjme5d,Add(Abs($amount),0.000001)))",amount|ctx_rzrq_rzjme5d
runtime\cn_integrated_factor_pack_v2_coverage_aware_fresh_pool_20260603\s36\selector_only\aa\phase3e_selector_audit.csv,phase3aa_event_0274_cn_integrated_v2_rzrq_size_normalized_00335,cn_integrated_factor_pack_v2,research_factor_feature_layer,24.0,"CSRank(Div($ctx_rzrq_rzjme10d,Add(Abs($amount),0.000001)))",amount|ctx_rzrq_rzjme10d
runtime\cn_integrated_factor_pack_v2_coverage_aware_fresh_pool_20260603\s36\selector_only\aa\phase3e_selector_audit.csv,phase3aa_event_0266_cn_integrated_v2_rzrq_size_normalized_00327,cn_integrated_factor_pack_v2,research_factor_feature_layer,27.0,"CSRank(Div($ctx_rzrq_rzche10d,Add(Abs($amount),0.000001)))",amount|ctx_rzrq_rzche10d
runtime\cn_integrated_factor_pack_v2_coverage_aware_fresh_pool_20260603\s36\selector_only\aa\phase3e_selector_audit.csv,phase3aa_event_0264_cn_integrated_v2_rzrq_size_normalized_00325,cn_integrated_factor_pack_v2,research_factor_feature_layer,15.0,"CSRank(Div($ctx_rzrq_rzche,Add(Abs($amount),0.000001)))",amount|ctx_rzrq_rzche
runtime\cn_integrated_factor_pack_v2_coverage_aware_fresh_pool_20260603\s36\selector_only\aa\phase3e_selector_audit.csv,phase3aa_event_0262_cn_integrated_v2_rzrq_size_normalized_00323,cn_integrated_factor_pack_v2,research_factor_feature_layer,29.0,"CSRank(Div($ctx_rzrq_rqye,Add(Abs($amount),0.000001)))",amount|ctx_rzrq_rqye
runtime\cn_integrated_factor_pack_v2_coverage_aware_fresh_pool_20260603\s36\selector_only\aa\phase3e_selector_audit.csv,phase3aa_event_0228_cn_integrated_v2_quality_x_rzrq_flow_00289,cn_integrated_factor_pack_v2,research_factor_feature_layer,23.0,"CSRank(Mul(ZScore($ctx_fund_bs_cash_to_assets),ZScore($ctx_rzrq_rzjme)))",ctx_fund_bs_cash_to_assets|ctx_rzrq_rzjme
runtime\cn_integrated_factor_pack_v2_coverage_aware_fresh_pool_20260603\s36\selector_only\aa\phase3e_selector_audit.csv,phase3aa_event_0224_cn_integrated_v2_quality_x_rzrq_flow_00285,cn_integrated_factor_pack_v2,research_factor_feature_layer,30.0,"CSRank(Mul(ZScore($ctx_fund_bs_cash_to_assets),ZScore($ctx_rzrq_rzche)))",ctx_fund_bs_cash_to_assets|ctx_rzrq_rzche
runtime\cn_integrated_factor_pack_v2_coverage_aware_fresh_pool_20260603\s36\selector_only\aa\phase3e_selector_audit.csv,stockpit-cem_adaptive_grammar-89cb546db0b9,cem_adaptive_grammar,r0_cem_led,1.0,"Neg(CSRank(Delta($amount,8)))",amount
runtime\cn_integrated_factor_pack_v2_coverage_aware_fresh_pool_20260603\s36\selector_only\aa\phase3e_selector_audit.csv,stockpit-cem_adaptive_grammar-6cce0bae10c2,cem_adaptive_grammar,r0_cem_led,5.0,"CSRank(CSResidual(CSRank(Mean(Abs($close),8)),CSRank(Mean(Abs($final_float_market_cap),8))))",close|final_float_market_cap
runtime\cn_integrated_factor_pack_v2_coverage_aware_fresh_pool_20260603\s36\selector_only\aa\phase3e_selector_audit.csv,stockpit-template-5e64a2d489ca,simple_template,r0_cem_led,54.0,"Neg(CSRank(Mom($close,1)))",close
runtime\cn_integrated_factor_pack_v2_coverage_aware_fresh_pool_20260603\s36\selector_only\aa\phase3e_selector_audit.csv,stockpit-ast_evolutionary_mutation-717e4b83ea41,ast_evolutionary_mutation,r0_cem_led,42.0,"CSRank(Neg(CSRank(Mom($close,1))))",close
runtime\cn_integrated_factor_pack_v2_coverage_aware_fresh_pool_20260603\s36\selector_only\aa\phase3e_selector_audit.csv,stockpit-ast_evolutionary_mutation-19e64dc9388b,ast_evolutionary_mutation,r0_cem_led,4.0,"CSRank(CSResidual(CSRank(CSRank($close)),CSRank(Log($final_float_market_cap))))",close|final_float_market_cap
runtime\cn_integrated_factor_pack_v2_coverage_aware_fresh_pool_20260603\s36\selector_only\aa\phase3e_selector_audit.csv,stockpit-template-abe8a59e35f4,simple_template,r0_cem_led,36.0,"Neg(CSRank(Mom($close,13)))",close
runtime\cn_integrated_factor_pack_v2_coverage_aware_fresh_pool_20260603\s36\selector_only\aa\phase3e_selector_audit.csv,fgv2-repair-nonlinearize-814d844980,formula_gen_v2_repair_expansion,formula_gen_v2_repair_expansion,59.0,"CSRank(Mul(Sign(ZScore(Neg(CSRank(Delta($amount,8))))),Mul(ZScore(Neg(CSRank(Delta($amount,8)))),ZScore(Neg(CSRank(Delta($amount,8)))))))",amount
runtime\cn_integrated_factor_pack_v2_coverage_aware_fresh_pool_20260603\s36\selector_only\aa\phase3e_selector_audit.csv,fgv2-repair-nonlinearize-9eca4c4339,formula_gen_v2_repair_expansion,formula_gen_v2_repair_expansion,13.0,"CSRank(Mul(Sign(ZScore(Neg(CSRank(Mom($close,13))))),Mul(ZScore(Neg(CSRank(Mom($close,13)))),ZScore(Neg(CSRank(Mom($close,13)))))))",close
runtime\cn_integrated_factor_pack_v2_coverage_aware_fresh_pool_20260603\s36\selector_only\aa\phase3e_selector_audit.csv,stockpit-template-956585a6923a,simple_template,r0_cem_led,3.0,"Neg(CSRank(Mom($close,21)))",close
runtime\cn_integrated_factor_pack_v2_coverage_aware_fresh_pool_20260603\s36\selector_only\aa\phase3e_selector_audit.csv,stockpit-cem_adaptive_grammar-39ba35c18089,cem_adaptive_grammar,r0_cem_led,6.0,"Neg(CSRank(Delta($final_float_market_cap,8)))",final_float_market_cap
runtime\cn_integrated_factor_pack_v2_coverage_aware_fresh_pool_20260603\s36\selector_only\aa\phase3e_selector_audit.csv,stockpit-cem_adaptive_grammar-57145232a53c,cem_adaptive_grammar,r0_cem_led,2.0,"CSRank(Std($final_float_market_cap,8))",final_float_market_cap
runtime\cn_integrated_factor_pack_v2_coverage_aware_fresh_pool_20260603\s36\selector_only\aa\phase3e_selector_audit.csv,agnostic-freeform-7b5ecdd3357a,agnostic_freeform_ast,agnostic_freeform_ast,9.0,"CSRank(CSResidual(ZScore(Std($final_float_market_cap,3)),Sign(Delta($low,13))))",final_float_market_cap|low
runtime\cn_integrated_factor_pack_v2_coverage_aware_fresh_pool_20260603\s36\selector_only\aa\phase3e_selector_audit.csv,stockpit-cem_adaptive_grammar-977a59927acd,cem_adaptive_grammar,r0_cem_led,10.0,"CSRank(CSResidual(CSRank(Delta($vwap,21)),CSRank(Delta($close,21))))",close|vwap
runtime\cn_integrated_factor_pack_v2_coverage_aware_fresh_pool_20260603\s36\selector_only\aa\phase3e_selector_audit.csv,fgv2-repair-nonlinearize-d3e5797774,formula_gen_v2_repair_expansion,formula_gen_v2_repair_expansion,63.0,"CSRank(Mul(Sign(ZScore(CSRank(Mean($final_float_market_cap,8)))),Mul(ZScore(CSRank(Mean($final_float_market_cap,8))),ZScore(CSRank(Mean($final_float_market_cap,8))))))",final_float_market_cap
runtime\cn_integrated_factor_pack_v2_coverage_aware_fresh_pool_20260603\s36\selector_only\aa\phase3e_selector_audit.csv,agnostic-freeform-4f4f9b8cc469,agnostic_freeform_ast,agnostic_freeform_ast,11.0,"CSRank(Sub(Sign(Mean($turnover_rate,34)),ZScore(Delta($close,34))))",close|turnover_rate
runtime\cn_integrated_factor_pack_v2_coverage_aware_fresh_pool_20260603\s36\selector_only\aa\phase3e_selector_audit.csv,stockpit-cem_adaptive_grammar-7dc0a6978bbd,cem_adaptive_grammar,r0_cem_led,62.0,"Neg(CSRank(Mul(ZScore(Delta($final_float_market_cap,34)),ZScore(Delta($final_float_market_cap,34)))))",final_float_market_cap
runtime\cn_integrated_factor_pack_v2_coverage_aware_fresh_pool_20260603\s36\selector_only\aa\phase3e_selector_audit.csv,fgv2-repair-add_confirmation-1ec81580bd,formula_gen_v2_repair_expansion,formula_gen_v2_repair_expansion,16.0,"CSRank(Mul(CSRank(CSResidual(CSRank(Std($vwap,8)),CSRank(Std($amount,8)))),Sign(Delta($amount,1))))",amount|vwap
runtime\cn_integrated_factor_pack_v2_coverage_aware_fresh_pool_20260603\s36\selector_only\aa\phase3e_selector_audit.csv,agnostic-freeform-7ec86bf35fbd,agnostic_freeform_ast,agnostic_freeform_ast,53.0,"CSRank(Mul(CSRank(Std($final_total_market_cap,13)),Mul(CSRank($final_total_market_cap),ZScore(Std($final_total_market_cap,21)))))",final_total_market_cap
runtime\cn_integrated_factor_pack_v2_coverage_aware_fresh_pool_20260603\s36\selector_only\aa\phase3e_selector_audit.csv,stockpit-cem_adaptive_grammar-a33c3fb3c95c,cem_adaptive_grammar,r0_cem_led,50.0,"CSRank(Mul(ZScore(Delta($final_float_market_cap,5)),ZScore(Delta($vwap,8))))",final_float_market_cap|vwap
runtime\cn_integrated_factor_pack_v2_coverage_aware_fresh_pool_20260603\s36\selector_only\aa\phase3e_selector_audit.csv,stockpit-ast_evolutionary_mutation-efba1282d30c,ast_evolutionary_mutation,r0_cem_led,12.0,CSRank(ZScore(CSRank(Log($final_total_market_cap)))),final_total_market_cap
runtime\cn_integrated_factor_pack_v2_coverage_aware_fresh_pool_20260603\s36\selector_only\aa\phase3e_selector_audit.csv,stockpit-cem_adaptive_grammar-f9b273bc4005,cem_adaptive_grammar,r0_cem_led,34.0,"Neg(CSRank(Mul(ZScore($final_float_market_cap),ZScore($close))))",close|final_float_market_cap
runtime\cn_integrated_factor_pack_v2_coverage_aware_fresh_pool_20260603\s36\selector_only\aa\phase3e_selector_audit.csv,fgv2-repair-add_state_gate-161491c3ed,formula_gen_v2_repair_expansion,formula_gen_v2_repair_expansion,51.0,"CSRank(Mul(CSRank(CSResidual(CSRank(Std($vwap,8)),CSRank(Std($amount,8)))),ZScore(Mean(Abs(Delta($close,1)),20))))",amount|close|vwap
runtime\cn_integrated_factor_pack_v2_coverage_aware_fresh_pool_20260603\s36\selector_only\aa\phase3e_selector_audit.csv,agnostic-freeform-8bd4815d8179,agnostic_freeform_ast,agnostic_freeform_ast,38.0,"CSRank(Mul(CSRank($open),Corr(Mean($volume,3),Mom($turnover_rate,34),8)))",open|turnover_rate|volume
runtime\cn_integrated_factor_pack_v2_coverage_aware_fresh_pool_20260603\s36\selector_only\aa\phase3e_selector_audit.csv,agnostic-freeform-6d9722cc5a6c,agnostic_freeform_ast,agnostic_freeform_ast,7.0,"CSRank(Sub(CSRank(Mean($final_float_market_cap,34)),ZScore(Std($final_float_market_cap,13))))",final_float_market_cap
runtime\cn_integrated_factor_pack_v2_coverage_aware_fresh_pool_20260603\s36\selector_only\aa\phase3e_selector_audit.csv,agnostic-freeform-d97ca0d75066,agnostic_freeform_ast,agnostic_freeform_ast,8.0,"CSRank(Sub(CSRank($final_total_market_cap),CSRank(Mean($final_float_market_cap,21))))",final_float_market_cap|final_total_market_cap
runtime\cn_integrated_factor_pack_v2_coverage_aware_fresh_pool_20260603\s36\selector_only\aa\phase3e_selector_audit.csv,agnostic-freeform-5cbac8b049a2,agnostic_freeform_ast,agnostic_freeform_ast,48.0,"CSRank(CSResidual(ZScore($vwap),CSRank($amount)))",amount|vwap
runtime\cn_integrated_factor_pack_v2_coverage_aware_fresh_pool_20260603\s36\selector_only\aa\phase3e_selector_audit.csv,stockpit-cem_adaptive_grammar-27a47f8821a9,cem_adaptive_grammar,r0_cem_led,35.0,"Neg(CSRank(CSResidual(CSRank(Mom($volume,21)),CSRank(Mom($final_float_market_cap,8)))))",final_float_market_cap|volume
runtime\cn_integrated_factor_pack_v2_coverage_aware_fresh_pool_20260603\s36\selector_only\aa\phase3e_selector_audit.csv,agnostic-freeform-cdfd99276c45,agnostic_freeform_ast,agnostic_freeform_ast,37.0,"CSRank(Mul(CSRank($high),Corr(Delta($close,13),Delay(Std($final_total_market_cap,8),1),13)))",close|final_total_market_cap|high
runtime\cn_integrated_factor_pack_v2_coverage_aware_fresh_pool_20260603\s36\selector_only\aa\phase3e_selector_audit.csv,stockpit-cem_adaptive_grammar-0acaa11fbda4,cem_adaptive_grammar,r0_cem_led,49.0,"Neg(CSRank(Mul(ZScore(Delta($close,21)),ZScore(Delta($final_float_market_cap,2)))))",close|final_float_market_cap
runtime\cn_integrated_factor_pack_v2_coverage_aware_fresh_pool_20260603\s36\selector_only\aa\phase3e_selector_audit.csv,stockpit-cem_adaptive_grammar-6617d6c86d9c,cem_adaptive_grammar,r0_cem_led,60.0,"CSRank(CSResidual(CSRank(Mom($volume,8)),CSRank(Mom($amount,8))))",amount|volume
runtime\cn_integrated_factor_pack_v2_coverage_aware_fresh_pool_20260603\s36\selector_only\aa\phase3e_selector_audit.csv,stockpit-ast_evolutionary_mutation-966e7274328f,ast_evolutionary_mutation,r0_cem_led,47.0,"Neg(CSRank(Mean(Abs($ret),1)))",ret
runtime\cn_integrated_factor_pack_v2_coverage_aware_fresh_pool_20260603\s36\selector_only\aa\phase3e_selector_audit.csv,agnostic-freeform-a3fdf62de625,agnostic_freeform_ast,agnostic_freeform_ast,41.0,"CSRank(CSResidual(Sign(Mom($final_float_market_cap,5)),ZScore(Std($vwap,21))))",final_float_market_cap|vwap
runtime\cn_integrated_factor_pack_v2_coverage_aware_fresh_pool_20260603\s36\selector_only\aa\phase3e_selector_audit.csv,agnostic-freeform-17526325417a,agnostic_freeform_ast,agnostic_freeform_ast,39.0,"CSRank(Mul(ZScore(Mean($high,21)),Mul(CSRank(Mom($vwap,13)),ZScore(Mom($low,8)))))",high|low|vwap
runtime\cn_integrated_factor_pack_v2_coverage_aware_fresh_pool_20260603\s36\selector_only\aa\phase3e_selector_audit.csv,stockpit-cem_adaptive_grammar-0fc2f285a9d9,cem_adaptive_grammar,r0_cem_led,46.0,"Neg(CSRank(Mul(ZScore($vwap),ZScore($close))))",close|vwap
runtime\cn_integrated_factor_pack_v2_coverage_aware_fresh_pool_20260603\s36\selector_only\aa\phase3e_selector_audit.csv,agnostic-freeform-4429fd1fe7ad,agnostic_freeform_ast,agnostic_freeform_ast,40.0,"CSRank(Mul(Sign(Mom($volume,5)),Corr(Mean($close,34),Delay(Mean($final_float_market_cap,13),1),21)))",close|final_float_market_cap|volume
runtime\cn_integrated_factor_pack_v2_coverage_aware_fresh_pool_20260603\s36\selector_only\aa\phase3e_selector_audit.csv,stockpit-ast_evolutionary_mutation-5040efc2a446,ast_evolutionary_mutation,r0_cem_led,52.0,"CSRank(Neg(CSRank(Mean(Abs($ret),8))))",ret
runtime\cn_integrated_factor_pack_v2_coverage_aware_fresh_pool_20260603\s36\selector_only\aa\phase3e_selector_audit.csv,agnostic-freeform-f2e06781bcc3,agnostic_freeform_ast,agnostic_freeform_ast,58.0,"CSRank(Mul(CSRank(Mom($volume,13)),CSRank($low)))",low|volume
runtime\cn_integrated_factor_pack_v2_coverage_aware_fresh_pool_20260603\s36\selector_only\aa\phase3e_selector_audit.csv,agnostic-freeform-8678325252a1,agnostic_freeform_ast,agnostic_freeform_ast,57.0,"CSRank(Add(ZScore(Std($vwap,3)),CSRank(Mean($turnover_rate,21))))",turnover_rate|vwap
runtime\cn_integrated_factor_pack_v2_coverage_aware_fresh_pool_20260603\s36\selector_only\aa\phase3e_selector_audit.csv,agnostic-freeform-2128d0561ba9,agnostic_freeform_ast,agnostic_freeform_ast,45.0,"CSRank(Sub(Sign(Mom($low,5)),Sign(Delta($high,21))))",high|low
runtime\cn_integrated_factor_pack_v2_coverage_aware_fresh_pool_20260603\s36\selector_only\aa\phase3e_selector_audit.csv,stockpit-template-53cdecea063f,simple_template,r0_cem_led,64.0,"CSRank(Mean(Abs($ret),34))",ret
runtime\cn_integrated_factor_pack_v2_coverage_aware_fresh_pool_20260603\s36\selector_only\aa\phase3e_selector_audit.csv,agnostic-freeform-f62080b458a8,agnostic_freeform_ast,agnostic_freeform_ast,55.0,"CSRank(Add(Sign(Delta($turnover_rate,3)),CSRank(Delta($vwap,5))))",turnover_rate|vwap
runtime\cn_integrated_factor_pack_v2_coverage_aware_fresh_pool_20260603\s36\selector_only\aa\phase3e_selector_audit.csv,agnostic-freeform-bb7bda65a892,agnostic_freeform_ast,agnostic_freeform_ast,61.0,"CSRank(Sub(CSRank(Delta($low,3)),ZScore(Delta($turnover_rate,8))))",low|turnover_rate
runtime\cn_integrated_factor_pack_v2_coverage_aware_fresh_pool_20260603\s36\selector_only\aa\phase3e_selector_audit.csv,agnostic-freeform-334a5c8dcf71,agnostic_freeform_ast,agnostic_freeform_ast,43.0,"CSRank(Mul(ZScore($close),Sign(Delta($volume,2))))",close|volume
runtime\cn_integrated_factor_pack_v2_coverage_aware_fresh_pool_20260603\s36\selector_only\aa\phase3e_selector_audit.csv,stockpit-cem_adaptive_grammar-1a28e09e0617,cem_adaptive_grammar,r0_cem_led,44.0,"Neg(CSRank(Mul(ZScore(Mom($final_float_market_cap,8)),ZScore(Mom($vwap,34)))))",final_float_market_cap|vwap
runtime\cn_integrated_factor_pack_v2_coverage_aware_fresh_pool_20260603\s36\selector_only\aa\phase3e_selector_audit.csv,agnostic-freeform-838d2b35c163,agnostic_freeform_ast,agnostic_freeform_ast,56.0,"CSRank(Delta($final_total_market_cap,2))",final_total_market_cap
runtime\cn_integrated_factor_pack_v2_selector_preflight_20260602\selector_only_foreground\aa\phase3e_selector_audit.csv,phase3aa_event_0219_cn_integrated_v2_quality_x_rzrq_flow_00219,cn_integrated_factor_pack_v2,research_factor_feature_layer,25.0,"CSRank(Mul(ZScore($ctx_fund_ps_research_to_income),ZScore($ctx_rzrq_rqmcl)))",ctx_fund_ps_research_to_income|ctx_rzrq_rqmcl
runtime\cn_integrated_factor_pack_v2_selector_preflight_20260602\selector_only_foreground\aa\phase3e_selector_audit.csv,phase3aa_event_0218_cn_integrated_v2_quality_x_rzrq_flow_00218,cn_integrated_factor_pack_v2,research_factor_feature_layer,26.0,"CSRank(Mul(ZScore($ctx_fund_ps_research_to_income),ZScore($ctx_rzrq_rqjmg5d)))",ctx_fund_ps_research_to_income|ctx_rzrq_rqjmg5d
runtime\cn_integrated_factor_pack_v2_selector_preflight_20260602\selector_only_foreground\aa\phase3e_selector_audit.csv,phase3aa_event_0217_cn_integrated_v2_quality_x_rzrq_flow_00217,cn_integrated_factor_pack_v2,research_factor_feature_layer,19.0,"CSRank(Mul(ZScore($ctx_fund_ps_research_to_income),ZScore($ctx_rzrq_rqjmg3d)))",ctx_fund_ps_research_to_income|ctx_rzrq_rqjmg3d
runtime\cn_integrated_factor_pack_v2_selector_preflight_20260602\selector_only_foreground\aa\phase3e_selector_audit.csv,phase3aa_event_0216_cn_integrated_v2_quality_x_rzrq_flow_00216,cn_integrated_factor_pack_v2,research_factor_feature_layer,27.0,"CSRank(Mul(ZScore($ctx_fund_ps_research_to_income),ZScore($ctx_rzrq_rqjmg10d)))",ctx_fund_ps_research_to_income|ctx_rzrq_rqjmg10d
runtime\cn_integrated_factor_pack_v2_selector_preflight_20260602\selector_only_foreground\aa\phase3e_selector_audit.csv,phase3aa_event_0215_cn_integrated_v2_quality_x_rzrq_flow_00215,cn_integrated_factor_pack_v2,research_factor_feature_layer,29.0,"CSRank(Mul(ZScore($ctx_fund_ps_research_to_income),ZScore($ctx_rzrq_rqjmg)))",ctx_fund_ps_research_to_income|ctx_rzrq_rqjmg
runtime\cn_integrated_factor_pack_v2_selector_preflight_20260602\selector_only_foreground\aa\phase3e_selector_audit.csv,phase3aa_event_0214_cn_integrated_v2_quality_x_minute_pressure_00214,cn_integrated_factor_pack_v2,research_factor_feature_layer,32.0,"CSRank(Mul(ZScore($ctx_fund_ps_research_to_income),ZScore($m1_first5_amount)))",ctx_fund_ps_research_to_income|m1_first5_amount
runtime\cn_integrated_factor_pack_v2_selector_preflight_20260602\selector_only_foreground\aa\phase3e_selector_audit.csv,phase3aa_event_0211_cn_integrated_v2_quality_x_minute_pressure_00211,cn_integrated_factor_pack_v2,research_factor_feature_layer,23.0,"CSRank(Mul(ZScore($ctx_fund_ps_research_to_income),ZScore($m1_first30_vol)))",ctx_fund_ps_research_to_income|m1_first30_vol
runtime\cn_integrated_factor_pack_v2_selector_preflight_20260602\selector_only_foreground\aa\phase3e_selector_audit.csv,phase3aa_event_0203_cn_integrated_v2_quality_x_minute_pressure_00203,cn_integrated_factor_pack_v2,research_factor_feature_layer,22.0,"CSRank(Mul(ZScore($ctx_fund_ps_research_to_income),ZScore($m1_first15_vol)))",ctx_fund_ps_research_to_income|m1_first15_vol
runtime\cn_integrated_factor_pack_v2_selector_preflight_20260602\selector_only_foreground\aa\phase3e_selector_audit.csv,phase3aa_event_0198_cn_integrated_v2_quality_x_minute_pressure_00198,cn_integrated_factor_pack_v2,research_factor_feature_layer,34.0,"CSRank(Mul(ZScore($ctx_fund_ps_research_to_income),ZScore($m1_first15_amount)))",ctx_fund_ps_research_to_income|m1_first15_amount
runtime\cn_integrated_factor_pack_v2_selector_preflight_20260602\selector_only_foreground\aa\phase3e_selector_audit.csv,phase3aa_event_0187_cn_integrated_v2_quality_size_residual_00187,cn_integrated_factor_pack_v2,research_factor_feature_layer,20.0,"CSRank(Sub(ZScore($ctx_fund_ps_research_to_income),ZScore($amount)))",amount|ctx_fund_ps_research_to_income
runtime\cn_integrated_factor_pack_v2_selector_preflight_20260602\selector_only_foreground\aa\phase3e_selector_audit.csv,phase3aa_event_0158_cn_integrated_v2_quality_x_rzrq_flow_00158,cn_integrated_factor_pack_v2,research_factor_feature_layer,24.0,"CSRank(Mul(ZScore($ctx_fund_cf_operate_cash_to_netprofit),ZScore($ctx_rzrq_rqmcl)))",ctx_fund_cf_operate_cash_to_netprofit|ctx_rzrq_rqmcl
runtime\cn_integrated_factor_pack_v2_selector_preflight_20260602\selector_only_foreground\aa\phase3e_selector_audit.csv,phase3aa_event_0157_cn_integrated_v2_quality_x_rzrq_flow_00157,cn_integrated_factor_pack_v2,research_factor_feature_layer,33.0,"CSRank(Mul(ZScore($ctx_fund_cf_operate_cash_to_netprofit),ZScore($ctx_rzrq_rqjmg5d)))",ctx_fund_cf_operate_cash_to_netprofit|ctx_rzrq_rqjmg5d
runtime\cn_integrated_factor_pack_v2_selector_preflight_20260602\selector_only_foreground\aa\phase3e_selector_audit.csv,phase3aa_event_0155_cn_integrated_v2_quality_x_rzrq_flow_00155,cn_integrated_factor_pack_v2,research_factor_feature_layer,37.0,"CSRank(Mul(ZScore($ctx_fund_cf_operate_cash_to_netprofit),ZScore($ctx_rzrq_rqjmg10d)))",ctx_fund_cf_operate_cash_to_netprofit|ctx_rzrq_rqjmg10d
runtime\cn_integrated_factor_pack_v2_selector_preflight_20260602\selector_only_foreground\aa\phase3e_selector_audit.csv,phase3aa_event_0154_cn_integrated_v2_quality_x_rzrq_flow_00154,cn_integrated_factor_pack_v2,research_factor_feature_layer,30.0,"CSRank(Mul(ZScore($ctx_fund_cf_operate_cash_to_netprofit),ZScore($ctx_rzrq_rqjmg)))",ctx_fund_cf_operate_cash_to_netprofit|ctx_rzrq_rqjmg
runtime\cn_integrated_factor_pack_v2_selector_preflight_20260602\selector_only_foreground\aa\phase3e_selector_audit.csv,phase3aa_event_0150_cn_integrated_v2_quality_x_minute_pressure_00150,cn_integrated_factor_pack_v2,research_factor_feature_layer,28.0,"CSRank(Mul(ZScore($ctx_fund_cf_operate_cash_to_netprofit),ZScore($m1_first30_vol)))",ctx_fund_cf_operate_cash_to_netprofit|m1_first30_vol
runtime\cn_integrated_factor_pack_v2_selector_preflight_20260602\selector_only_foreground\aa\phase3e_selector_audit.csv,phase3aa_event_0145_cn_integrated_v2_quality_x_minute_pressure_00145,cn_integrated_factor_pack_v2,research_factor_feature_layer,21.0,"CSRank(Mul(ZScore($ctx_fund_cf_operate_cash_to_netprofit),ZScore($m1_first30_amount)))",ctx_fund_cf_operate_cash_to_netprofit|m1_first30_amount
runtime\cn_integrated_factor_pack_v2_selector_preflight_20260602\selector_only_foreground\aa\phase3e_selector_audit.csv,phase3aa_event_0142_cn_integrated_v2_quality_x_minute_pressure_00142,cn_integrated_factor_pack_v2,research_factor_feature_layer,35.0,"CSRank(Mul(ZScore($ctx_fund_cf_operate_cash_to_netprofit),ZScore($m1_first15_vol)))",ctx_fund_cf_operate_cash_to_netprofit|m1_first15_vol
runtime\cn_integrated_factor_pack_v2_selector_preflight_20260602\selector_only_foreground\aa\phase3e_selector_audit.csv,phase3aa_event_0137_cn_integrated_v2_quality_x_minute_pressure_00137,cn_integrated_factor_pack_v2,research_factor_feature_layer,36.0,"CSRank(Mul(ZScore($ctx_fund_cf_operate_cash_to_netprofit),ZScore($m1_first15_amount)))",ctx_fund_cf_operate_cash_to_netprofit|m1_first15_amount
runtime\cn_integrated_factor_pack_v2_selector_preflight_20260602\selector_only_foreground\aa\phase3e_selector_audit.csv,phase3aa_event_0136_cn_integrated_v2_quality_x_minute_pressure_00136,cn_integrated_factor_pack_v2,research_factor_feature_layer,31.0,"CSRank(Mul(ZScore($ctx_fund_cf_operate_cash_to_netprofit),ZScore($m1_amount_day)))",ctx_fund_cf_operate_cash_to_netprofit|m1_amount_day
runtime\cn_integrated_factor_pack_v2_selector_preflight_20260602\selector_only_foreground\aa\phase3e_selector_audit.csv,agnostic-freeform-806d5235bba6,agnostic_freeform_ast,agnostic_freeform_ast,8.0,"CSRank(Sub(CSRank(Mom($vwap,34)),ZScore(Std($volume,3))))",volume|vwap
runtime\cn_integrated_factor_pack_v2_selector_preflight_20260602\selector_only_foreground\aa\phase3e_selector_audit.csv,phase3repair-failure_detail-duplicate_escape-7e210d77983c,ast_failure_aware_repair,ast_failure_aware_repair,1.0,"CSRank(Mean($close,34))",close
runtime\cn_integrated_factor_pack_v2_selector_preflight_20260602\selector_only_foreground\aa\phase3e_selector_audit.csv,phase3repair-failure_detail-operator_sanitize-b2b84bc3ef72,ast_failure_aware_repair,ast_failure_aware_repair,43.0,"CSRank(Sub(Mean($amount,6),Mean($amount,3)))",amount
runtime\cn_integrated_factor_pack_v2_selector_preflight_20260602\selector_only_foreground\aa\phase3e_selector_audit.csv,stockpit-template-3640ff7d560d,simple_template,r0_cem_led,2.0,CSRank($close),close
runtime\cn_integrated_factor_pack_v2_selector_preflight_20260602\selector_only_foreground\aa\phase3e_selector_audit.csv,agnostic-freeform-2853176b2b50,agnostic_freeform_ast,agnostic_freeform_ast,38.0,"CSRank(Mul(CSRank(Std($final_float_market_cap,34)),Mul(ZScore(Std($high,21)),Sign(Mean($open,5)))))",final_float_market_cap|high|open
runtime\cn_integrated_factor_pack_v2_selector_preflight_20260602\selector_only_foreground\aa\phase3e_selector_audit.csv,agnostic-freeform-f58db5f7c1ae,agnostic_freeform_ast,agnostic_freeform_ast,64.0,"CSRank(CSResidual(ZScore(Mean($high,2)),ZScore(Std($amount,3))))",amount|high
runtime\cn_integrated_factor_pack_v2_selector_preflight_20260602\selector_only_foreground\aa\phase3e_selector_audit.csv,fgv2-repair-nonlinearize-720a70b84f,formula_gen_v2_repair_expansion,formula_gen_v2_repair_expansion,50.0,"CSRank(Mul(Sign(ZScore(CSRank(Mul(ZScore(Std($close,5)),ZScore(Std($final_float_market_cap,2)))))),Mul(ZScore(CSRank(Mul(ZScore(Std($close,5)),ZScore(Std($final_float_market_cap,2))))),ZScore(CSRank(Mul(ZScore(Std($close,5)),ZScore(Std($final_float_market_cap,2))))))))",close|final_float_market_cap
runtime\cn_integrated_factor_pack_v2_selector_preflight_20260602\selector_only_foreground\aa\phase3e_selector_audit.csv,agnostic-freeform-551385e7478d,agnostic_freeform_ast,agnostic_freeform_ast,39.0,"CSRank(Mul(CSRank(Std($high,34)),Mul(ZScore($vwap),Sign(Std($high,13)))))",high|vwap
runtime\cn_integrated_factor_pack_v2_selector_preflight_20260602\selector_only_foreground\aa\phase3e_selector_audit.csv,agnostic-freeform-a7ad8beeeacf,agnostic_freeform_ast,agnostic_freeform_ast,40.0,"CSRank(Add(CSRank(Mom($final_total_market_cap,13)),CSRank(Mean($vwap,8))))",final_total_market_cap|vwap
runtime\cn_integrated_factor_pack_v2_selector_preflight_20260602\selector_only_foreground\aa\phase3e_selector_audit.csv,agnostic-freeform-042e30be7cdf,agnostic_freeform_ast,agnostic_freeform_ast,5.0,"CSRank(Mul(CSRank(Mean($close,8)),Corr(Mean($volume,3),Std($final_float_market_cap,13),8)))",close|final_float_market_cap|volume
runtime\cn_integrated_factor_pack_v2_selector_preflight_20260602\selector_only_foreground\aa\phase3e_selector_audit.csv,fgv2-repair-nonlinearize-69d3d3bbf5,formula_gen_v2_repair_expansion,formula_gen_v2_repair_expansion,11.0,"CSRank(Mul(Sign(ZScore(CSRank(Mul(ZScore($final_float_market_cap),ZScore($close))))),Mul(ZScore(CSRank(Mul(ZScore($final_float_market_cap),ZScore($close)))),ZScore(CSRank(Mul(ZScore($final_float_market_cap),ZScore($close)))))))",close|final_float_market_cap
runtime\cn_integrated_factor_pack_v2_selector_preflight_20260602\selector_only_foreground\aa\phase3e_selector_audit.csv,stockpit-cem_adaptive_grammar-ad335fa8387e,cem_adaptive_grammar,r0_cem_led,13.0,"Neg(CSRank(Mul(ZScore(Delta($amount,8)),ZScore(Delta($final_float_market_cap,2)))))",amount|final_float_market_cap
runtime\cn_integrated_factor_pack_v2_selector_preflight_20260602\selector_only_foreground\aa\phase3e_selector_audit.csv,stockpit-cem_adaptive_grammar-2cd6edb62448,cem_adaptive_grammar,r0_cem_led,54.0,"Neg(CSRank(Delta($final_float_market_cap,5)))",final_float_market_cap
runtime\cn_integrated_factor_pack_v2_selector_preflight_20260602\selector_only_foreground\aa\phase3e_selector_audit.csv,agnostic-freeform-0b97263ee18f,agnostic_freeform_ast,agnostic_freeform_ast,51.0,"CSRank(Mul(CSRank(Std($vwap,13)),Corr($high,$final_float_market_cap,5)))",final_float_market_cap|high|vwap
runtime\cn_integrated_factor_pack_v2_selector_preflight_20260602\selector_only_foreground\aa\phase3e_selector_audit.csv,phase3repair-failure_detail-duplicate_escape-467a29a8b041,ast_failure_aware_repair,ast_failure_aware_repair,52.0,"CSRank(Mul(ZScore(Mean($close,13)),ZScore(Delta($close,6))))",close
runtime\cn_integrated_factor_pack_v2_selector_preflight_20260602\selector_only_foreground\aa\phase3e_selector_audit.csv,phase3repair-failure_detail-duplicate_escape-a160ab8432ed,ast_failure_aware_repair,ast_failure_aware_repair,59.0,"CSRank(Mul(ZScore(Mean($close,3)),ZScore(Delta($amount,6))))",amount|close
runtime\cn_integrated_factor_pack_v2_selector_preflight_20260602\selector_only_foreground\aa\phase3e_selector_audit.csv,fgv2-repair-nonlinearize-ace579e6fa,formula_gen_v2_repair_expansion,formula_gen_v2_repair_expansion,49.0,"CSRank(Mul(Sign(ZScore(Neg(CSRank(Delta($final_float_market_cap,5))))),Mul(ZScore(Neg(CSRank(Delta($final_float_market_cap,5)))),ZScore(Neg(CSRank(Delta($final_float_market_cap,5)))))))",final_float_market_cap
runtime\cn_integrated_factor_pack_v2_selector_preflight_20260602\selector_only_foreground\aa\phase3e_selector_audit.csv,stockpit-cem_adaptive_grammar-39ba35c18089,cem_adaptive_grammar,r0_cem_led,3.0,"Neg(CSRank(Delta($final_float_market_cap,8)))",final_float_market_cap
runtime\cn_integrated_factor_pack_v2_selector_preflight_20260602\selector_only_foreground\aa\phase3e_selector_audit.csv,stockpit-ast_evolutionary_mutation-1bada91f298a,ast_evolutionary_mutation,r0_cem_led,6.0,"CSRank(CSResidual(CSRank(CSRank(Mean(Abs($ret),21))),CSRank(Log($final_total_market_cap))))",final_total_market_cap|ret
runtime\cn_integrated_factor_pack_v2_selector_preflight_20260602\selector_only_foreground\aa\phase3e_selector_audit.csv,fgv2-repair-nonlinearize-5c942092bf,formula_gen_v2_repair_expansion,formula_gen_v2_repair_expansion,18.0,"CSRank(Mul(Sign(ZScore(Neg(CSRank(Std($volume,8))))),Mul(ZScore(Neg(CSRank(Std($volume,8)))),ZScore(Neg(CSRank(Std($volume,8)))))))",volume
runtime\cn_integrated_factor_pack_v2_selector_preflight_20260602\selector_only_foreground\aa\phase3e_selector_audit.csv,stockpit-ast_evolutionary_mutation-81852aeb8a57,ast_evolutionary_mutation,r0_cem_led,15.0,"CSRank(CSResidual(CSRank(Neg(CSRank(Mom($close,21)))),CSRank(Log($final_total_market_cap))))",close|final_total_market_cap
runtime\cn_integrated_factor_pack_v2_selector_preflight_20260602\selector_only_foreground\aa\phase3e_selector_audit.csv,phase3repair-failure_detail-duplicate_escape-b7d2c812122b,ast_failure_aware_repair,ast_failure_aware_repair,58.0,"CSRank(Mean($amount,34))",amount
runtime\cn_integrated_factor_pack_v2_selector_preflight_20260602\selector_only_foreground\aa\phase3e_selector_audit.csv,phase3repair-failure_detail-operator_sanitize-28e642be47c1,ast_failure_aware_repair,ast_failure_aware_repair,4.0,"CSRank(Div(Delta($ret,8),Add(Abs(Mean($ret,5)),0.000001)))",ret
runtime\cn_integrated_factor_pack_v2_selector_preflight_20260602\selector_only_foreground\aa\phase3e_selector_audit.csv,phase3repair-failure_detail-duplicate_escape-e7ff54a0ccde,ast_failure_aware_repair,ast_failure_aware_repair,12.0,"CSRank(Mul(ZScore(Mean($amount,34)),ZScore(Delta($amount,17))))",amount
runtime\cn_integrated_factor_pack_v2_selector_preflight_20260602\selector_only_foreground\aa\phase3e_selector_audit.csv,agnostic-freeform-7e6b672f25a0,agnostic_freeform_ast,agnostic_freeform_ast,9.0,"CSRank(Mul(Sign(Mom($final_float_market_cap,13)),Mul(ZScore(Delta($close,21)),Sign(Delta($amount,13)))))",amount|close|final_float_market_cap
runtime\cn_integrated_factor_pack_v2_selector_preflight_20260602\selector_only_foreground\aa\phase3e_selector_audit.csv,stockpit-cem_adaptive_grammar-c907d63a8787,cem_adaptive_grammar,r0_cem_led,45.0,"Neg(CSRank(CSResidual(CSRank(Mean(Abs($amount),5)),CSRank(Mean(Abs($amount),5)))))",amount
runtime\cn_integrated_factor_pack_v2_selector_preflight_20260602\selector_only_foreground\aa\phase3e_selector_audit.csv,stockpit-cem_adaptive_grammar-57145232a53c,cem_adaptive_grammar,r0_cem_led,10.0,"CSRank(Std($final_float_market_cap,8))",final_float_market_cap
runtime\cn_integrated_factor_pack_v2_selector_preflight_20260602\selector_only_foreground\aa\phase3e_selector_audit.csv,agnostic-freeform-c8d24a10ea7a,agnostic_freeform_ast,agnostic_freeform_ast,41.0,"CSRank(Mul(CSRank($vwap),Mul(Sign(Mom($open,21)),Sign(Std($final_float_market_cap,3)))))",final_float_market_cap|open|vwap
runtime\cn_integrated_factor_pack_v2_selector_preflight_20260602\selector_only_foreground\aa\phase3e_selector_audit.csv,agnostic-freeform-43ebc5208a60,agnostic_freeform_ast,agnostic_freeform_ast,53.0,"CSRank(Mul(Sign(ZScore(Delta($vwap,13))),Mul(ZScore(Delta($vwap,13)),ZScore(Delta($vwap,13)))))",vwap
runtime\cn_integrated_factor_pack_v2_selector_preflight_20260602\selector_only_foreground\aa\phase3e_selector_audit.csv,stockpit-template-639c8f3fc646,simple_template,r0_cem_led,17.0,"CSRank(Mean(Abs($ret),21))",ret
runtime\cn_integrated_factor_pack_v2_selector_preflight_20260602\selector_only_foreground\aa\phase3e_selector_audit.csv,phase3repair-failure_detail-duplicate_escape-2c0e37975a80,ast_failure_aware_repair,ast_failure_aware_repair,14.0,"CSRank(Delta($open,3))",open
runtime\cn_integrated_factor_pack_v2_selector_preflight_20260602\selector_only_foreground\aa\phase3e_selector_audit.csv,phase3repair-failure_detail-duplicate_escape-ee4f62642de6,ast_failure_aware_repair,ast_failure_aware_repair,48.0,"CSRank(Delta($final_total_market_cap,34))",final_total_market_cap
runtime\cn_integrated_factor_pack_v2_selector_preflight_20260602\selector_only_foreground\aa\phase3e_selector_audit.csv,agnostic-freeform-921e7c015bbd,agnostic_freeform_ast,agnostic_freeform_ast,7.0,"CSRank(CSResidual(Sign(Delta($volume,3)),CSRank(Mean($turnover_rate,13))))",turnover_rate|volume
runtime\cn_integrated_factor_pack_v2_selector_preflight_20260602\selector_only_foreground\aa\phase3e_selector_audit.csv,agnostic-freeform-de6f934b0204,agnostic_freeform_ast,agnostic_freeform_ast,55.0,"CSRank(Add(ZScore(Mean($high,8)),ZScore(Delta($turnover_rate,3))))",high|turnover_rate
runtime\cn_integrated_factor_pack_v2_selector_preflight_20260602\selector_only_foreground\aa\phase3e_selector_audit.csv,phase3repair-failure_detail-operator_sanitize-3fe3add38cb8,ast_failure_aware_repair,ast_failure_aware_repair,47.0,"CSRank(Div(Delta($ret,11),Add(Abs(Mean($ret,8)),0.000001)))",ret
runtime\cn_integrated_factor_pack_v2_selector_preflight_20260602\selector_only_foreground\aa\phase3e_selector_audit.csv,agnostic-freeform-963e722d8b56,agnostic_freeform_ast,agnostic_freeform_ast,63.0,"CSRank(Mom($low,21))",low
runtime\cn_integrated_factor_pack_v2_selector_preflight_20260602\selector_only_foreground\aa\phase3e_selector_audit.csv,stockpit-cem_adaptive_grammar-159c59c2c671,cem_adaptive_grammar,r0_cem_led,16.0,"Neg(CSRank(CSResidual(CSRank(Mom($volume,21)),CSRank(Mom($close,5)))))",close|volume
runtime\cn_integrated_factor_pack_v2_selector_preflight_20260602\selector_only_foreground\aa\phase3e_selector_audit.csv,phase3repair-failure_detail-operator_sanitize-730aef238cb4,ast_failure_aware_repair,ast_failure_aware_repair,60.0,"CSRank(Div(Delta($ret,17),Add(Abs(Mean($ret,34)),0.000001)))",ret
runtime\cn_integrated_factor_pack_v2_selector_preflight_20260602\selector_only_foreground\aa\phase3e_selector_audit.csv,agnostic-freeform-bd2ec75066cc,agnostic_freeform_ast,agnostic_freeform_ast,56.0,"CSRank(Mul(Sign(Std($final_total_market_cap,2)),Corr(Std($low,5),Delay(Mom($vwap,13),1),21)))",final_total_market_cap|low|vwap
runtime\cn_integrated_factor_pack_v2_selector_preflight_20260602\selector_only_foreground\aa\phase3e_selector_audit.csv,stockpit-ast_evolutionary_mutation-f0d27365357b,ast_evolutionary_mutation,r0_cem_led,57.0,"CSRank(CSResidual(CSRank(CSRank(Log($final_total_market_cap))),CSRank(Log($final_float_market_cap))))",final_float_market_cap|final_total_market_cap
runtime\cn_integrated_factor_pack_v2_selector_preflight_20260602\selector_only_foreground\aa\phase3e_selector_audit.csv,stockpit-ast_evolutionary_mutation-f7351077527d,ast_evolutionary_mutation,r0_cem_led,46.0,"CSRank(Mul(ZScore(Neg(CSRank(Mom($close,13)))),ZScore(CSRank(Mean(Abs($ret),21)))))",close|ret
runtime\cn_integrated_factor_pack_v2_selector_preflight_20260602\selector_only_foreground\aa\phase3e_selector_audit.csv,stockpit-cem_adaptive_grammar-da7d44837fa3,cem_adaptive_grammar,r0_cem_led,62.0,"Neg(CSRank(Mom($amount,5)))",amount
runtime\cn_integrated_factor_pack_v2_selector_preflight_20260602\selector_only_foreground\aa\phase3e_selector_audit.csv,agnostic-freeform-1037abe9b9af,agnostic_freeform_ast,agnostic_freeform_ast,42.0,"CSRank(Sign(Std($close,3)))",close
runtime\cn_integrated_factor_pack_v2_selector_preflight_20260602\selector_only_foreground\aa\phase3e_selector_audit.csv,agnostic-freeform-7d1aab13a518,agnostic_freeform_ast,agnostic_freeform_ast,61.0,"CSRank(Mul(ZScore(Std($volume,21)),Mul(Sign(Mom($final_total_market_cap,21)),CSRank($final_float_market_cap))))",final_float_market_cap|final_total_market_cap|volume
runtime\cn_integrated_factor_pack_v2_selector_preflight_20260602\selector_only_foreground\aa\phase3e_selector_audit.csv,phase3aa_event_0245_cn_integrated_v2_quality_direct_control_00245,cn_integrated_factor_pack_v2,fundamental_pit_feature_layer,44.0,CSRank($ctx_fund_bs_cash_to_assets),ctx_fund_bs_cash_to_assets
runtime\cn_phase3ad_hfq_valuation_selector_preflight_v1_20260603\selector_only_s36_canary\aa\phase3e_selector_audit.csv,phase3aa_event_0012_phase3ad_hfqval_valuation_pb_size_adjusted_0012,cn_phase3ad_hfq_valuation_factor_pack_v1,fundamental_pit_feature_layer,23.0,"CSRank(Div($ctx_hfq_inv_pb_lag1,Add(Abs(Log(Add($ctx_hfq_float_market_cap_yuan_lag1,1))),0.000001)))",ctx_hfq_float_market_cap_yuan_lag1|ctx_hfq_inv_pb_lag1
runtime\cn_phase3ad_hfq_valuation_selector_preflight_v1_20260603\selector_only_s36_canary\aa\phase3e_selector_audit.csv,phase3aa_event_0011_phase3ad_hfqval_valuation_low_ps_x_float_size_0011,cn_phase3ad_hfq_valuation_factor_pack_v1,fundamental_pit_feature_layer,18.0,"CSRank(Div($ctx_hfq_inv_ps_ttm_lag1,Add(Abs(Log(Add($ctx_hfq_float_market_cap_yuan_lag1,1))),0.000001)))",ctx_hfq_float_market_cap_yuan_lag1|ctx_hfq_inv_ps_ttm_lag1
runtime\cn_phase3ad_hfq_valuation_selector_preflight_v1_20260603\selector_only_s36_canary\aa\phase3e_selector_audit.csv,phase3aa_event_0004_phase3ad_hfqval_valuation_low_pe_raw_0004,cn_phase3ad_hfq_valuation_factor_pack_v1,fundamental_pit_feature_layer,17.0,CSRank(Neg($ctx_hfq_pe_ttm_lag1)),ctx_hfq_pe_ttm_lag1
runtime\cn_phase3ad_hfq_valuation_selector_preflight_v1_20260603\selector_only_s36_canary\aa\phase3e_selector_audit.csv,phase3aa_event_0003_phase3ad_hfqval_valuation_low_ps_0003,cn_phase3ad_hfq_valuation_factor_pack_v1,fundamental_pit_feature_layer,22.0,CSRank($ctx_hfq_inv_ps_ttm_lag1),ctx_hfq_inv_ps_ttm_lag1
runtime\cn_phase3ad_hfq_valuation_selector_preflight_v1_20260603\selector_only_s36_canary\aa\phase3e_selector_audit.csv,phase3aa_event_0002_phase3ad_hfqval_valuation_low_pb_0002,cn_phase3ad_hfq_valuation_factor_pack_v1,fundamental_pit_feature_layer,19.0,CSRank($ctx_hfq_inv_pb_lag1),ctx_hfq_inv_pb_lag1
runtime\cn_phase3ad_hfq_valuation_selector_preflight_v1_20260603\selector_only_s36_canary\aa\phase3e_selector_audit.csv,phase3aa_event_0001_phase3ad_hfqval_valuation_low_pe_0001,cn_phase3ad_hfq_valuation_factor_pack_v1,fundamental_pit_feature_layer,14.0,CSRank($ctx_hfq_inv_pe_ttm_lag1),ctx_hfq_inv_pe_ttm_lag1
runtime\cn_phase3ad_hfq_valuation_selector_preflight_v1_20260603\selector_only_s36_canary\aa\phase3e_selector_audit.csv,phase3aa_event_0010_phase3ad_hfqval_valuation_low_pb_x_liquidity_0010,cn_phase3ad_hfq_valuation_factor_pack_v1,research_factor_feature_layer,15.0,"CSRank(Mul($ctx_hfq_inv_pb_lag1,CSRank($ctx_hfq_turnover_ratio_lag1)))",ctx_hfq_inv_pb_lag1|ctx_hfq_turnover_ratio_lag1
runtime\cn_phase3ad_hfq_valuation_selector_preflight_v1_20260603\selector_only_s36_canary\aa\phase3e_selector_audit.csv,phase3aa_event_0008_phase3ad_hfqval_liquidity_turnover_ratio_0008,cn_phase3ad_hfq_valuation_factor_pack_v1,research_factor_feature_layer,21.0,CSRank($ctx_hfq_turnover_ratio_lag1),ctx_hfq_turnover_ratio_lag1
runtime\cn_phase3ad_hfq_valuation_selector_preflight_v1_20260603\selector_only_s36_canary\aa\phase3e_selector_audit.csv,phase3aa_event_0007_phase3ad_hfqval_liquidity_volume_ratio_0007,cn_phase3ad_hfq_valuation_factor_pack_v1,research_factor_feature_layer,20.0,CSRank($ctx_hfq_volume_ratio_lag1),ctx_hfq_volume_ratio_lag1
runtime\cn_phase3ad_hfq_valuation_selector_preflight_v1_20260603\selector_only_s36_canary\aa\phase3e_selector_audit.csv,stockpit-cem_adaptive_grammar-89cb546db0b9,cem_adaptive_grammar,r0_cem_led,1.0,"Neg(CSRank(Delta($amount,8)))",amount
runtime\cn_phase3ad_hfq_valuation_selector_preflight_v1_20260603\selector_only_s36_canary\aa\phase3e_selector_audit.csv,stockpit-cem_adaptive_grammar-6cce0bae10c2,cem_adaptive_grammar,r0_cem_led,5.0,"CSRank(CSResidual(CSRank(Mean(Abs($close),8)),CSRank(Mean(Abs($final_float_market_cap),8))))",close|final_float_market_cap
runtime\cn_phase3ad_hfq_valuation_selector_preflight_v1_20260603\selector_only_s36_canary\aa\phase3e_selector_audit.csv,stockpit-ast_evolutionary_mutation-717e4b83ea41,ast_evolutionary_mutation,r0_cem_led,31.0,"CSRank(Neg(CSRank(Mom($close,1))))",close
runtime\cn_phase3ad_hfq_valuation_selector_preflight_v1_20260603\selector_only_s36_canary\aa\phase3e_selector_audit.csv,stockpit-ast_evolutionary_mutation-19e64dc9388b,ast_evolutionary_mutation,r0_cem_led,4.0,"CSRank(CSResidual(CSRank(CSRank($close)),CSRank(Log($final_float_market_cap))))",close|final_float_market_cap
runtime\cn_phase3ad_hfq_valuation_selector_preflight_v1_20260603\selector_only_s36_canary\aa\phase3e_selector_audit.csv,stockpit-template-abe8a59e35f4,simple_template,r0_cem_led,26.0,"Neg(CSRank(Mom($close,13)))",close
runtime\cn_phase3ad_hfq_valuation_selector_preflight_v1_20260603\selector_only_s36_canary\aa\phase3e_selector_audit.csv,fgv2-repair-nonlinearize-9eca4c4339,formula_gen_v2_repair_expansion,formula_gen_v2_repair_expansion,13.0,"CSRank(Mul(Sign(ZScore(Neg(CSRank(Mom($close,13))))),Mul(ZScore(Neg(CSRank(Mom($close,13)))),ZScore(Neg(CSRank(Mom($close,13)))))))",close
runtime\cn_phase3ad_hfq_valuation_selector_preflight_v1_20260603\selector_only_s36_canary\aa\phase3e_selector_audit.csv,stockpit-template-956585a6923a,simple_template,r0_cem_led,3.0,"Neg(CSRank(Mom($close,21)))",close
runtime\cn_phase3ad_hfq_valuation_selector_preflight_v1_20260603\selector_only_s36_canary\aa\phase3e_selector_audit.csv,stockpit-cem_adaptive_grammar-39ba35c18089,cem_adaptive_grammar,r0_cem_led,7.0,"Neg(CSRank(Delta($final_float_market_cap,8)))",final_float_market_cap
runtime\cn_phase3ad_hfq_valuation_selector_preflight_v1_20260603\selector_only_s36_canary\aa\phase3e_selector_audit.csv,stockpit-cem_adaptive_grammar-57145232a53c,cem_adaptive_grammar,r0_cem_led,2.0,"CSRank(Std($final_float_market_cap,8))",final_float_market_cap
runtime\cn_phase3ad_hfq_valuation_selector_preflight_v1_20260603\selector_only_s36_canary\aa\phase3e_selector_audit.csv,agnostic-freeform-7b5ecdd3357a,agnostic_freeform_ast,agnostic_freeform_ast,8.0,"CSRank(CSResidual(ZScore(Std($final_float_market_cap,3)),Sign(Delta($low,13))))",final_float_market_cap|low
runtime\cn_phase3ad_hfq_valuation_selector_preflight_v1_20260603\selector_only_s36_canary\aa\phase3e_selector_audit.csv,stockpit-cem_adaptive_grammar-977a59927acd,cem_adaptive_grammar,r0_cem_led,9.0,"CSRank(CSResidual(CSRank(Delta($vwap,21)),CSRank(Delta($close,21))))",close|vwap
runtime\cn_phase3ad_hfq_valuation_selector_preflight_v1_20260603\selector_only_s36_canary\aa\phase3e_selector_audit.csv,agnostic-freeform-4f4f9b8cc469,agnostic_freeform_ast,agnostic_freeform_ast,12.0,"CSRank(Sub(Sign(Mean($turnover_rate,34)),ZScore(Delta($close,34))))",close|turnover_rate
runtime\cn_phase3ad_hfq_valuation_selector_preflight_v1_20260603\selector_only_s36_canary\aa\phase3e_selector_audit.csv,stockpit-ast_evolutionary_mutation-efba1282d30c,ast_evolutionary_mutation,r0_cem_led,24.0,CSRank(ZScore(CSRank(Log($final_total_market_cap)))),final_total_market_cap
runtime\cn_phase3ad_hfq_valuation_selector_preflight_v1_20260603\selector_only_s36_canary\aa\phase3e_selector_audit.csv,stockpit-cem_adaptive_grammar-f9b273bc4005,cem_adaptive_grammar,r0_cem_led,25.0,"Neg(CSRank(Mul(ZScore($final_float_market_cap),ZScore($close))))",close|final_float_market_cap
runtime\cn_phase3ad_hfq_valuation_selector_preflight_v1_20260603\selector_only_s36_canary\aa\phase3e_selector_audit.csv,fgv2-repair-add_state_gate-161491c3ed,formula_gen_v2_repair_expansion,formula_gen_v2_repair_expansion,16.0,"CSRank(Mul(CSRank(CSResidual(CSRank(Std($vwap,8)),CSRank(Std($amount,8)))),ZScore(Mean(Abs(Delta($close,1)),20))))",amount|close|vwap
runtime\cn_phase3ad_hfq_valuation_selector_preflight_v1_20260603\selector_only_s36_canary\aa\phase3e_selector_audit.csv,agnostic-freeform-8bd4815d8179,agnostic_freeform_ast,agnostic_freeform_ast,29.0,"CSRank(Mul(CSRank($open),Corr(Mean($volume,3),Mom($turnover_rate,34),8)))",open|turnover_rate|volume
runtime\cn_phase3ad_hfq_valuation_selector_preflight_v1_20260603\selector_only_s36_canary\aa\phase3e_selector_audit.csv,agnostic-freeform-6d9722cc5a6c,agnostic_freeform_ast,agnostic_freeform_ast,10.0,"CSRank(Sub(CSRank(Mean($final_float_market_cap,34)),ZScore(Std($final_float_market_cap,13))))",final_float_market_cap
runtime\cn_phase3ad_hfq_valuation_selector_preflight_v1_20260603\selector_only_s36_canary\aa\phase3e_selector_audit.csv,agnostic-freeform-d97ca0d75066,agnostic_freeform_ast,agnostic_freeform_ast,6.0,"CSRank(Sub(CSRank($final_total_market_cap),CSRank(Mean($final_float_market_cap,21))))",final_float_market_cap|final_total_market_cap
runtime\cn_phase3ad_hfq_valuation_selector_preflight_v1_20260603\selector_only_s36_canary\aa\phase3e_selector_audit.csv,stockpit-cem_adaptive_grammar-27a47f8821a9,cem_adaptive_grammar,r0_cem_led,11.0,"Neg(CSRank(CSResidual(CSRank(Mom($volume,21)),CSRank(Mom($final_float_market_cap,8)))))",final_float_market_cap|volume
runtime\cn_phase3ad_hfq_valuation_selector_preflight_v1_20260603\selector_only_s36_canary\aa\phase3e_selector_audit.csv,agnostic-freeform-cdfd99276c45,agnostic_freeform_ast,agnostic_freeform_ast,27.0,"CSRank(Mul(CSRank($high),Corr(Delta($close,13),Delay(Std($final_total_market_cap,8),1),13)))",close|final_total_market_cap|high
runtime\cn_phase3ad_hfq_valuation_selector_preflight_v1_20260603\selector_only_s36_canary\aa\phase3e_selector_audit.csv,stockpit-ast_evolutionary_mutation-966e7274328f,ast_evolutionary_mutation,r0_cem_led,32.0,"Neg(CSRank(Mean(Abs($ret),1)))",ret
runtime\cn_phase3ad_hfq_valuation_selector_preflight_v1_20260603\selector_only_s36_canary\aa\phase3e_selector_audit.csv,agnostic-freeform-a3fdf62de625,agnostic_freeform_ast,agnostic_freeform_ast,30.0,"CSRank(CSResidual(Sign(Mom($final_float_market_cap,5)),ZScore(Std($vwap,21))))",final_float_market_cap|vwap
runtime\cn_phase3ad_hfq_valuation_selector_preflight_v1_20260603\selector_only_s36_canary\aa\phase3e_selector_audit.csv,agnostic-freeform-17526325417a,agnostic_freeform_ast,agnostic_freeform_ast,28.0,"CSRank(Mul(ZScore(Mean($high,21)),Mul(CSRank(Mom($vwap,13)),ZScore(Mom($low,8)))))",high|low|vwap
runtime\cn_phase3ad_selector_preflight_v1_20260603\selector_only_s36_canary\aa\phase3e_selector_audit.csv,phase3aa_event_0530_phase3ad_newdata_event_auction_premax_strength_00031,cn_phase3ad_new_data_factor_pack_v1,event_derived_feature_layer,12.0,CSRank($evt_uplimit_auction_pre1max_ratio),evt_uplimit_auction_pre1max_ratio
runtime\cn_phase3ad_selector_preflight_v1_20260603\selector_only_s36_canary\aa\phase3e_selector_audit.csv,phase3aa_event_0529_phase3ad_newdata_event_seal_max_strength_00030,cn_phase3ad_new_data_factor_pack_v1,event_derived_feature_layer,18.0,"CSRank(Div($evt_uplimit_fd_max,Add(Abs($evt_uplimit_amount),0.000001)))",evt_uplimit_amount|evt_uplimit_fd_max
runtime\cn_phase3ad_selector_preflight_v1_20260603\selector_only_s36_canary\aa\phase3e_selector_audit.csv,phase3aa_event_0525_phase3ad_newdata_event_auction_buy_offer_imbalance_00026,cn_phase3ad_new_data_factor_pack_v1,event_derived_feature_layer,14.0,"CSRank(Div(Sub($evt_uplimit_auction_buy,$evt_uplimit_auction_offer),Add(Abs(Add($evt_uplimit_auction_buy,$evt_uplimit_auction_offer)),0.000001)))",evt_uplimit_auction_buy|evt_uplimit_auction_offer
runtime\cn_phase3ad_selector_preflight_v1_20260603\selector_only_s36_canary\aa\phase3e_selector_audit.csv,phase3aa_event_0533_phase3ad_newdata_stock_heat_small_liquid_momentum_00042,cn_phase3ad_new_data_factor_pack_v1,event_derived_feature_layer,13.0,"CSRank(Div($ctx_ths_hot_last_pct,Add(Abs($ctx_ths_hot_circulation_value),0.000001)))",ctx_ths_hot_circulation_value|ctx_ths_hot_last_pct
runtime\cn_phase3ad_selector_preflight_v1_20260603\selector_only_s36_canary\aa\phase3e_selector_audit.csv,phase3aa_event_0531_phase3ad_newdata_stock_heat_rank_strength_00040,cn_phase3ad_new_data_factor_pack_v1,event_derived_feature_layer,15.0,CSRank(Neg($ctx_ths_hot_rank)),ctx_ths_hot_rank
runtime\cn_phase3ad_selector_preflight_v1_20260603\selector_only_s36_canary\aa\phase3e_selector_audit.csv,phase3aa_event_0027_phase3ad_newdata_sentiment_downlimit_pressure_inverse_00033,cn_phase3ad_new_data_factor_pack_v1,event_derived_feature_layer,16.0,"CSRank(Neg(Div($ctx_sent_downlimit_num,Add(Abs(Add(Add($ctx_sent_up_num,$ctx_sent_down_num),0.000001)),0.000001))))",ctx_sent_down_num|ctx_sent_downlimit_num|ctx_sent_up_num
runtime\cn_phase3ad_selector_preflight_v1_20260603\selector_only_s36_canary\aa\phase3e_selector_audit.csv,phase3aa_event_0580_phase3ad_newdata_atomic_direct_rank_01112,cn_phase3ad_new_data_factor_pack_v1,event_derived_feature_layer,19.0,CSRank($evt_uplimit_fd_max),evt_uplimit_fd_max
runtime\cn_phase3ad_selector_preflight_v1_20260603\selector_only_s36_canary\aa\phase3e_selector_audit.csv,phase3aa_event_0573_phase3ad_newdata_atomic_direct_rank_01105,cn_phase3ad_new_data_factor_pack_v1,event_derived_feature_layer,20.0,CSRank($evt_uplimit_auction_offer),evt_uplimit_auction_offer
runtime\cn_phase3ad_selector_preflight_v1_20260603\selector_only_s36_canary\aa\phase3e_selector_audit.csv,phase3aa_event_0025_phase3ad_newdata_fundamental_yoy_inventory_yoy_00025,cn_phase3ad_new_data_factor_pack_v1,fundamental_pit_feature_layer,26.0,CSRank(Neg($ctx_fulla_bs_inventory_yoy)),ctx_fulla_bs_inventory_yoy
runtime\cn_phase3ad_selector_preflight_v1_20260603\selector_only_s36_canary\aa\phase3e_selector_audit.csv,phase3aa_event_0024_phase3ad_newdata_fundamental_yoy_goodwill_yoy_00024,cn_phase3ad_new_data_factor_pack_v1,fundamental_pit_feature_layer,25.0,CSRank(Neg($ctx_fulla_bs_goodwill_yoy)),ctx_fulla_bs_goodwill_yoy
runtime\cn_phase3ad_selector_preflight_v1_20260603\selector_only_s36_canary\aa\phase3e_selector_audit.csv,phase3aa_event_0019_phase3ad_newdata_fundamental_yoy_operate_profit_yoy_00019,cn_phase3ad_new_data_factor_pack_v1,fundamental_pit_feature_layer,21.0,CSRank($ctx_fulla_ps_operate_profit_yoy),ctx_fulla_ps_operate_profit_yoy
runtime\cn_phase3ad_selector_preflight_v1_20260603\selector_only_s36_canary\aa\phase3e_selector_audit.csv,phase3aa_event_0017_phase3ad_newdata_fundamental_finance_expense_inverse_00017,cn_phase3ad_new_data_factor_pack_v1,fundamental_pit_feature_layer,27.0,"CSRank(Neg(Div($ctx_fulla_ps_finance_expense,Add(Abs($ctx_fulla_ps_total_operate_income),0.000001))))",ctx_fulla_ps_finance_expense|ctx_fulla_ps_total_operate_income
runtime\cn_phase3ad_selector_preflight_v1_20260603\selector_only_s36_canary\aa\phase3e_selector_audit.csv,phase3aa_event_0014_phase3ad_newdata_fundamental_sales_expense_intensity_inverse_00014,cn_phase3ad_new_data_factor_pack_v1,fundamental_pit_feature_layer,23.0,"CSRank(Neg(Div($ctx_fulla_ps_sale_expense,Add(Abs($ctx_fulla_ps_total_operate_income),0.000001))))",ctx_fulla_ps_sale_expense|ctx_fulla_ps_total_operate_income
runtime\cn_phase3ad_selector_preflight_v1_20260603\selector_only_s36_canary\aa\phase3e_selector_audit.csv,phase3aa_event_0011_phase3ad_newdata_fundamental_operate_profit_margin_00011,cn_phase3ad_new_data_factor_pack_v1,fundamental_pit_feature_layer,24.0,"CSRank(Div($ctx_fulla_ps_operate_profit,Add(Abs($ctx_fulla_ps_total_operate_income),0.000001)))",ctx_fulla_ps_operate_profit|ctx_fulla_ps_total_operate_income
runtime\cn_phase3ad_selector_preflight_v1_20260603\selector_only_s36_canary\aa\phase3e_selector_audit.csv,phase3aa_event_0008_phase3ad_newdata_fundamental_intangible_asset_inverse_00008,cn_phase3ad_new_data_factor_pack_v1,fundamental_pit_feature_layer,22.0,"CSRank(Neg(Div($ctx_fulla_bs_intangible_asset,Add(Abs($ctx_fulla_bs_total_assets),0.000001))))",ctx_fulla_bs_intangible_asset|ctx_fulla_bs_total_assets
runtime\cn_phase3ad_selector_preflight_v1_20260603\selector_only_s36_canary\aa\phase3e_selector_audit.csv,phase3aa_event_0004_phase3ad_newdata_fundamental_inventory_asset_inverse_00004,cn_phase3ad_new_data_factor_pack_v1,fundamental_pit_feature_layer,17.0,"CSRank(Neg(Div($ctx_fulla_bs_inventory,Add(Abs($ctx_fulla_bs_total_assets),0.000001))))",ctx_fulla_bs_inventory|ctx_fulla_bs_total_assets
runtime\cn_phase3ad_selector_preflight_v1_20260603\selector_only_s36_canary\aa\phase3e_selector_audit.csv,stockpit-cem_adaptive_grammar-89cb546db0b9,cem_adaptive_grammar,r0_cem_led,1.0,"Neg(CSRank(Delta($amount,8)))",amount
runtime\cn_phase3ad_selector_preflight_v1_20260603\selector_only_s36_canary\aa\phase3e_selector_audit.csv,stockpit-cem_adaptive_grammar-6cce0bae10c2,cem_adaptive_grammar,r0_cem_led,5.0,"CSRank(CSResidual(CSRank(Mean(Abs($close),8)),CSRank(Mean(Abs($final_float_market_cap),8))))",close|final_float_market_cap
runtime\cn_phase3ad_selector_preflight_v1_20260603\selector_only_s36_canary\aa\phase3e_selector_audit.csv,stockpit-ast_evolutionary_mutation-19e64dc9388b,ast_evolutionary_mutation,r0_cem_led,4.0,"CSRank(CSResidual(CSRank(CSRank($close)),CSRank(Log($final_float_market_cap))))",close|final_float_market_cap
runtime\cn_phase3ad_selector_preflight_v1_20260603\selector_only_s36_canary\aa\phase3e_selector_audit.csv,stockpit-template-abe8a59e35f4,simple_template,r0_cem_led,32.0,"Neg(CSRank(Mom($close,13)))",close
runtime\cn_phase3ad_selector_preflight_v1_20260603\selector_only_s36_canary\aa\phase3e_selector_audit.csv,fgv2-repair-nonlinearize-9eca4c4339,formula_gen_v2_repair_expansion,formula_gen_v2_repair_expansion,11.0,"CSRank(Mul(Sign(ZScore(Neg(CSRank(Mom($close,13))))),Mul(ZScore(Neg(CSRank(Mom($close,13)))),ZScore(Neg(CSRank(Mom($close,13)))))))",close
runtime\cn_phase3ad_selector_preflight_v1_20260603\selector_only_s36_canary\aa\phase3e_selector_audit.csv,stockpit-template-956585a6923a,simple_template,r0_cem_led,3.0,"Neg(CSRank(Mom($close,21)))",close
runtime\cn_phase3ad_selector_preflight_v1_20260603\selector_only_s36_canary\aa\phase3e_selector_audit.csv,stockpit-cem_adaptive_grammar-39ba35c18089,cem_adaptive_grammar,r0_cem_led,7.0,"Neg(CSRank(Delta($final_float_market_cap,8)))",final_float_market_cap
runtime\cn_phase3ad_selector_preflight_v1_20260603\selector_only_s36_canary\aa\phase3e_selector_audit.csv,stockpit-cem_adaptive_grammar-57145232a53c,cem_adaptive_grammar,r0_cem_led,2.0,"CSRank(Std($final_float_market_cap,8))",final_float_market_cap
runtime\cn_phase3ad_selector_preflight_v1_20260603\selector_only_s36_canary\aa\phase3e_selector_audit.csv,agnostic-freeform-7b5ecdd3357a,agnostic_freeform_ast,agnostic_freeform_ast,8.0,"CSRank(CSResidual(ZScore(Std($final_float_market_cap,3)),Sign(Delta($low,13))))",final_float_market_cap|low
runtime\cn_phase3ad_selector_preflight_v1_20260603\selector_only_s36_canary\aa\phase3e_selector_audit.csv,fgv2-repair-nonlinearize-376d905b72,formula_gen_v2_repair_expansion,formula_gen_v2_repair_expansion,10.0,"CSRank(Mul(Sign(ZScore(CSRank(CSResidual(CSRank(Delta($vwap,21)),CSRank(Delta($close,21)))))),Mul(ZScore(CSRank(CSResidual(CSRank(Delta($vwap,21)),CSRank(Delta($close,21))))),ZScore(CSRank(CSResidual(CSRank(Delta($vwap,21)),CSRank(Delta($close,21))))))))",close|vwap
runtime\cn_phase3ad_selector_preflight_v1_20260603\selector_only_s36_canary\aa\phase3e_selector_audit.csv,agnostic-freeform-4f4f9b8cc469,agnostic_freeform_ast,agnostic_freeform_ast,29.0,"CSRank(Sub(Sign(Mean($turnover_rate,34)),ZScore(Delta($close,34))))",close|turnover_rate
runtime\cn_phase3ad_selector_preflight_v1_20260603\selector_only_s36_canary\aa\phase3e_selector_audit.csv,stockpit-ast_evolutionary_mutation-efba1282d30c,ast_evolutionary_mutation,r0_cem_led,30.0,CSRank(ZScore(CSRank(Log($final_total_market_cap)))),final_total_market_cap
runtime\cn_phase3ad_selector_preflight_v1_20260603\selector_only_s36_canary\aa\phase3e_selector_audit.csv,stockpit-cem_adaptive_grammar-f9b273bc4005,cem_adaptive_grammar,r0_cem_led,31.0,"Neg(CSRank(Mul(ZScore($final_float_market_cap),ZScore($close))))",close|final_float_market_cap
runtime\cn_phase3ad_selector_preflight_v1_20260603\selector_only_s36_canary\aa\phase3e_selector_audit.csv,agnostic-freeform-6d9722cc5a6c,agnostic_freeform_ast,agnostic_freeform_ast,9.0,"CSRank(Sub(CSRank(Mean($final_float_market_cap,34)),ZScore(Std($final_float_market_cap,13))))",final_float_market_cap
runtime\cn_phase3ad_selector_preflight_v1_20260603\selector_only_s36_canary\aa\phase3e_selector_audit.csv,agnostic-freeform-d97ca0d75066,agnostic_freeform_ast,agnostic_freeform_ast,6.0,"CSRank(Sub(CSRank($final_total_market_cap),CSRank(Mean($final_float_market_cap,21))))",final_float_market_cap|final_total_market_cap
runtime\cn_phase3ad_selector_preflight_v1_20260603\selector_only_s36_canary\aa\phase3e_selector_audit.csv,stockpit-cem_adaptive_grammar-27a47f8821a9,cem_adaptive_grammar,r0_cem_led,28.0,"Neg(CSRank(CSResidual(CSRank(Mom($volume,21)),CSRank(Mom($final_float_market_cap,8)))))",final_float_market_cap|volume
runtime\cn_phase3ad_selector_preflight_v1_20260603\selector_only_s36_canary\aa\phase3e_selector_audit.csv,agnostic-freeform-cdfd99276c45,agnostic_freeform_ast,agnostic_freeform_ast,33.0,"CSRank(Mul(CSRank($high),Corr(Delta($close,13),Delay(Std($final_total_market_cap,8),1),13)))",close|final_total_market_cap|high
runtime\cn_phase3ad_selector_preflight_v1_20260603\selector_only_s36_canary_v2\aa\phase3e_selector_audit.csv,phase3aa_event_0530_phase3ad_newdata_event_auction_premax_strength_00031,cn_phase3ad_new_data_factor_pack_v1,event_derived_feature_layer,11.0,CSRank($evt_uplimit_auction_pre1max_ratio),evt_uplimit_auction_pre1max_ratio
runtime\cn_phase3ad_selector_preflight_v1_20260603\selector_only_s36_canary_v2\aa\phase3e_selector_audit.csv,phase3aa_event_0529_phase3ad_newdata_event_seal_max_strength_00030,cn_phase3ad_new_data_factor_pack_v1,event_derived_feature_layer,17.0,"CSRank(Div($evt_uplimit_fd_max,Add(Abs($evt_uplimit_amount),0.000001)))",evt_uplimit_amount|evt_uplimit_fd_max
runtime\cn_phase3ad_selector_preflight_v1_20260603\selector_only_s36_canary_v2\aa\phase3e_selector_audit.csv,phase3aa_event_0525_phase3ad_newdata_event_auction_buy_offer_imbalance_00026,cn_phase3ad_new_data_factor_pack_v1,event_derived_feature_layer,13.0,"CSRank(Div(Sub($evt_uplimit_auction_buy,$evt_uplimit_auction_offer),Add(Abs(Add($evt_uplimit_auction_buy,$evt_uplimit_auction_offer)),0.000001)))",evt_uplimit_auction_buy|evt_uplimit_auction_offer
runtime\cn_phase3ad_selector_preflight_v1_20260603\selector_only_s36_canary_v2\aa\phase3e_selector_audit.csv,phase3aa_event_0533_phase3ad_newdata_stock_heat_small_liquid_momentum_00042,cn_phase3ad_new_data_factor_pack_v1,event_derived_feature_layer,12.0,"CSRank(Div($ctx_ths_hot_last_pct,Add(Abs($ctx_ths_hot_circulation_value),0.000001)))",ctx_ths_hot_circulation_value|ctx_ths_hot_last_pct
runtime\cn_phase3ad_selector_preflight_v1_20260603\selector_only_s36_canary_v2\aa\phase3e_selector_audit.csv,phase3aa_event_0531_phase3ad_newdata_stock_heat_rank_strength_00040,cn_phase3ad_new_data_factor_pack_v1,event_derived_feature_layer,14.0,CSRank(Neg($ctx_ths_hot_rank)),ctx_ths_hot_rank
runtime\cn_phase3ad_selector_preflight_v1_20260603\selector_only_s36_canary_v2\aa\phase3e_selector_audit.csv,phase3aa_event_0027_phase3ad_newdata_sentiment_downlimit_pressure_inverse_00033,cn_phase3ad_new_data_factor_pack_v1,event_derived_feature_layer,15.0,"CSRank(Neg(Div($ctx_sent_downlimit_num,Add(Abs(Add(Add($ctx_sent_up_num,$ctx_sent_down_num),0.000001)),0.000001))))",ctx_sent_down_num|ctx_sent_downlimit_num|ctx_sent_up_num
runtime\cn_phase3ad_selector_preflight_v1_20260603\selector_only_s36_canary_v2\aa\phase3e_selector_audit.csv,phase3aa_event_0580_phase3ad_newdata_atomic_direct_rank_01112,cn_phase3ad_new_data_factor_pack_v1,event_derived_feature_layer,19.0,CSRank($evt_uplimit_fd_max),evt_uplimit_fd_max
runtime\cn_phase3ad_selector_preflight_v1_20260603\selector_only_s36_canary_v2\aa\phase3e_selector_audit.csv,phase3aa_event_0573_phase3ad_newdata_atomic_direct_rank_01105,cn_phase3ad_new_data_factor_pack_v1,event_derived_feature_layer,18.0,CSRank($evt_uplimit_auction_offer),evt_uplimit_auction_offer
runtime\cn_phase3ad_selector_preflight_v1_20260603\selector_only_s36_canary_v2\aa\phase3e_selector_audit.csv,phase3aa_event_0025_phase3ad_newdata_fundamental_yoy_inventory_yoy_00025,cn_phase3ad_new_data_factor_pack_v1,fundamental_pit_feature_layer,25.0,CSRank(Neg($ctx_fulla_bs_inventory_yoy)),ctx_fulla_bs_inventory_yoy
runtime\cn_phase3ad_selector_preflight_v1_20260603\selector_only_s36_canary_v2\aa\phase3e_selector_audit.csv,phase3aa_event_0024_phase3ad_newdata_fundamental_yoy_goodwill_yoy_00024,cn_phase3ad_new_data_factor_pack_v1,fundamental_pit_feature_layer,24.0,CSRank(Neg($ctx_fulla_bs_goodwill_yoy)),ctx_fulla_bs_goodwill_yoy
runtime\cn_phase3ad_selector_preflight_v1_20260603\selector_only_s36_canary_v2\aa\phase3e_selector_audit.csv,phase3aa_event_0019_phase3ad_newdata_fundamental_yoy_operate_profit_yoy_00019,cn_phase3ad_new_data_factor_pack_v1,fundamental_pit_feature_layer,20.0,CSRank($ctx_fulla_ps_operate_profit_yoy),ctx_fulla_ps_operate_profit_yoy
runtime\cn_phase3ad_selector_preflight_v1_20260603\selector_only_s36_canary_v2\aa\phase3e_selector_audit.csv,phase3aa_event_0017_phase3ad_newdata_fundamental_finance_expense_inverse_00017,cn_phase3ad_new_data_factor_pack_v1,fundamental_pit_feature_layer,26.0,"CSRank(Neg(Div($ctx_fulla_ps_finance_expense,Add(Abs($ctx_fulla_ps_total_operate_income),0.000001))))",ctx_fulla_ps_finance_expense|ctx_fulla_ps_total_operate_income
runtime\cn_phase3ad_selector_preflight_v1_20260603\selector_only_s36_canary_v2\aa\phase3e_selector_audit.csv,phase3aa_event_0014_phase3ad_newdata_fundamental_sales_expense_intensity_inverse_00014,cn_phase3ad_new_data_factor_pack_v1,fundamental_pit_feature_layer,22.0,"CSRank(Neg(Div($ctx_fulla_ps_sale_expense,Add(Abs($ctx_fulla_ps_total_operate_income),0.000001))))",ctx_fulla_ps_sale_expense|ctx_fulla_ps_total_operate_income
runtime\cn_phase3ad_selector_preflight_v1_20260603\selector_only_s36_canary_v2\aa\phase3e_selector_audit.csv,phase3aa_event_0011_phase3ad_newdata_fundamental_operate_profit_margin_00011,cn_phase3ad_new_data_factor_pack_v1,fundamental_pit_feature_layer,23.0,"CSRank(Div($ctx_fulla_ps_operate_profit,Add(Abs($ctx_fulla_ps_total_operate_income),0.000001)))",ctx_fulla_ps_operate_profit|ctx_fulla_ps_total_operate_income
runtime\cn_phase3ad_selector_preflight_v1_20260603\selector_only_s36_canary_v2\aa\phase3e_selector_audit.csv,phase3aa_event_0008_phase3ad_newdata_fundamental_intangible_asset_inverse_00008,cn_phase3ad_new_data_factor_pack_v1,fundamental_pit_feature_layer,21.0,"CSRank(Neg(Div($ctx_fulla_bs_intangible_asset,Add(Abs($ctx_fulla_bs_total_assets),0.000001))))",ctx_fulla_bs_intangible_asset|ctx_fulla_bs_total_assets
runtime\cn_phase3ad_selector_preflight_v1_20260603\selector_only_s36_canary_v2\aa\phase3e_selector_audit.csv,phase3aa_event_0004_phase3ad_newdata_fundamental_inventory_asset_inverse_00004,cn_phase3ad_new_data_factor_pack_v1,fundamental_pit_feature_layer,16.0,"CSRank(Neg(Div($ctx_fulla_bs_inventory,Add(Abs($ctx_fulla_bs_total_assets),0.000001))))",ctx_fulla_bs_inventory|ctx_fulla_bs_total_assets
runtime\cn_phase3ad_selector_preflight_v1_20260603\selector_only_s36_canary_v2\aa\phase3e_selector_audit.csv,stockpit-cem_adaptive_grammar-89cb546db0b9,cem_adaptive_grammar,r0_cem_led,1.0,"Neg(CSRank(Delta($amount,8)))",amount
runtime\cn_phase3ad_selector_preflight_v1_20260603\selector_only_s36_canary_v2\aa\phase3e_selector_audit.csv,stockpit-cem_adaptive_grammar-6cce0bae10c2,cem_adaptive_grammar,r0_cem_led,5.0,"CSRank(CSResidual(CSRank(Mean(Abs($close),8)),CSRank(Mean(Abs($final_float_market_cap),8))))",close|final_float_market_cap
runtime\cn_phase3ad_selector_preflight_v1_20260603\selector_only_s36_canary_v2\aa\phase3e_selector_audit.csv,stockpit-ast_evolutionary_mutation-19e64dc9388b,ast_evolutionary_mutation,r0_cem_led,4.0,"CSRank(CSResidual(CSRank(CSRank($close)),CSRank(Log($final_float_market_cap))))",close|final_float_market_cap
runtime\cn_phase3ad_selector_preflight_v1_20260603\selector_only_s36_canary_v2\aa\phase3e_selector_audit.csv,stockpit-template-abe8a59e35f4,simple_template,r0_cem_led,32.0,"Neg(CSRank(Mom($close,13)))",close
runtime\cn_phase3ad_selector_preflight_v1_20260603\selector_only_s36_canary_v2\aa\phase3e_selector_audit.csv,fgv2-repair-nonlinearize-9eca4c4339,formula_gen_v2_repair_expansion,formula_gen_v2_repair_expansion,30.0,"CSRank(Mul(Sign(ZScore(Neg(CSRank(Mom($close,13))))),Mul(ZScore(Neg(CSRank(Mom($close,13)))),ZScore(Neg(CSRank(Mom($close,13)))))))",close
runtime\cn_phase3ad_selector_preflight_v1_20260603\selector_only_s36_canary_v2\aa\phase3e_selector_audit.csv,stockpit-template-956585a6923a,simple_template,r0_cem_led,3.0,"Neg(CSRank(Mom($close,21)))",close
runtime\cn_phase3ad_selector_preflight_v1_20260603\selector_only_s36_canary_v2\aa\phase3e_selector_audit.csv,stockpit-cem_adaptive_grammar-39ba35c18089,cem_adaptive_grammar,r0_cem_led,7.0,"Neg(CSRank(Delta($final_float_market_cap,8)))",final_float_market_cap
runtime\cn_phase3ad_selector_preflight_v1_20260603\selector_only_s36_canary_v2\aa\phase3e_selector_audit.csv,stockpit-cem_adaptive_grammar-57145232a53c,cem_adaptive_grammar,r0_cem_led,2.0,"CSRank(Std($final_float_market_cap,8))",final_float_market_cap
runtime\cn_phase3ad_selector_preflight_v1_20260603\selector_only_s36_canary_v2\aa\phase3e_selector_audit.csv,agnostic-freeform-7b5ecdd3357a,agnostic_freeform_ast,agnostic_freeform_ast,8.0,"CSRank(CSResidual(ZScore(Std($final_float_market_cap,3)),Sign(Delta($low,13))))",final_float_market_cap|low
runtime\cn_phase3ad_selector_preflight_v1_20260603\selector_only_s36_canary_v2\aa\phase3e_selector_audit.csv,fgv2-repair-nonlinearize-376d905b72,formula_gen_v2_repair_expansion,formula_gen_v2_repair_expansion,10.0,"CSRank(Mul(Sign(ZScore(CSRank(CSResidual(CSRank(Delta($vwap,21)),CSRank(Delta($close,21)))))),Mul(ZScore(CSRank(CSResidual(CSRank(Delta($vwap,21)),CSRank(Delta($close,21))))),ZScore(CSRank(CSResidual(CSRank(Delta($vwap,21)),CSRank(Delta($close,21))))))))",close|vwap
runtime\cn_phase3ad_selector_preflight_v1_20260603\selector_only_s36_canary_v2\aa\phase3e_selector_audit.csv,agnostic-freeform-4f4f9b8cc469,agnostic_freeform_ast,agnostic_freeform_ast,28.0,"CSRank(Sub(Sign(Mean($turnover_rate,34)),ZScore(Delta($close,34))))",close|turnover_rate
runtime\cn_phase3ad_selector_preflight_v1_20260603\selector_only_s36_canary_v2\aa\phase3e_selector_audit.csv,stockpit-ast_evolutionary_mutation-efba1282d30c,ast_evolutionary_mutation,r0_cem_led,29.0,CSRank(ZScore(CSRank(Log($final_total_market_cap)))),final_total_market_cap
runtime\cn_phase3ad_selector_preflight_v1_20260603\selector_only_s36_canary_v2\aa\phase3e_selector_audit.csv,stockpit-cem_adaptive_grammar-f9b273bc4005,cem_adaptive_grammar,r0_cem_led,31.0,"Neg(CSRank(Mul(ZScore($final_float_market_cap),ZScore($close))))",close|final_float_market_cap
runtime\cn_phase3ad_selector_preflight_v1_20260603\selector_only_s36_canary_v2\aa\phase3e_selector_audit.csv,agnostic-freeform-6d9722cc5a6c,agnostic_freeform_ast,agnostic_freeform_ast,9.0,"CSRank(Sub(CSRank(Mean($final_float_market_cap,34)),ZScore(Std($final_float_market_cap,13))))",final_float_market_cap
runtime\cn_phase3ad_selector_preflight_v1_20260603\selector_only_s36_canary_v2\aa\phase3e_selector_audit.csv,agnostic-freeform-d97ca0d75066,agnostic_freeform_ast,agnostic_freeform_ast,6.0,"CSRank(Sub(CSRank($final_total_market_cap),CSRank(Mean($final_float_market_cap,21))))",final_float_market_cap|final_total_market_cap
runtime\cn_phase3ad_selector_preflight_v1_20260603\selector_only_s36_canary_v2\aa\phase3e_selector_audit.csv,stockpit-cem_adaptive_grammar-27a47f8821a9,cem_adaptive_grammar,r0_cem_led,27.0,"Neg(CSRank(CSResidual(CSRank(Mom($volume,21)),CSRank(Mom($final_float_market_cap,8)))))",final_float_market_cap|volume
runtime\cn_research_factor_pack_v2_selector_gate_20260531\selector\aa\phase3e_selector_audit.csv,phase3aa_event_1242_cn_research_v2_fundamental_x_event_0073,cn_research_factor_pack_v2,event_derived_feature_layer,38.0,"CSRank(Mul($fund_research_to_income,$limit_up_close_count_t3))",fund_research_to_income|limit_up_close_count_t3
runtime\cn_research_factor_pack_v2_selector_gate_20260531\selector\aa\phase3e_selector_audit.csv,phase3aa_event_1241_cn_research_v2_fundamental_x_event_0072,cn_research_factor_pack_v2,event_derived_feature_layer,31.0,"CSRank(Mul($fund_research_to_income,$limit_up_touch_not_close_count_t5))",fund_research_to_income|limit_up_touch_not_close_count_t5
runtime\cn_research_factor_pack_v2_selector_gate_20260531\selector\aa\phase3e_selector_audit.csv,phase3aa_event_1240_cn_research_v2_fundamental_x_event_0071,cn_research_factor_pack_v2,event_derived_feature_layer,36.0,"CSRank(Mul($fund_research_to_income,$limit_up_any_open_not_close_in_t2))",fund_research_to_income|limit_up_any_open_not_close_in_t2
runtime\cn_research_factor_pack_v2_selector_gate_20260531\selector\aa\phase3e_selector_audit.csv,phase3aa_event_1236_cn_research_v2_fundamental_x_event_0067,cn_research_factor_pack_v2,event_derived_feature_layer,39.0,"CSRank(Mul($fund_ocf_to_assets,$limit_up_touch_not_close_count_t5))",fund_ocf_to_assets|limit_up_touch_not_close_count_t5
runtime\cn_research_factor_pack_v2_selector_gate_20260531\selector\aa\phase3e_selector_audit.csv,phase3aa_event_1235_cn_research_v2_fundamental_x_event_0066,cn_research_factor_pack_v2,event_derived_feature_layer,40.0,"CSRank(Mul($fund_ocf_to_assets,$limit_up_any_open_not_close_in_t2))",fund_ocf_to_assets|limit_up_any_open_not_close_in_t2
runtime\cn_research_factor_pack_v2_selector_gate_20260531\selector\aa\phase3e_selector_audit.csv,phase3aa_event_1231_cn_research_v2_fundamental_x_event_0062,cn_research_factor_pack_v2,event_derived_feature_layer,24.0,"CSRank(Mul($fund_ocf_to_netprofit,$limit_up_touch_not_close_count_t5))",fund_ocf_to_netprofit|limit_up_touch_not_close_count_t5
runtime\cn_research_factor_pack_v2_selector_gate_20260531\selector\aa\phase3e_selector_audit.csv,phase3aa_event_1230_cn_research_v2_fundamental_x_event_0061,cn_research_factor_pack_v2,event_derived_feature_layer,15.0,"CSRank(Mul($fund_ocf_to_netprofit,$limit_up_any_open_not_close_in_t2))",fund_ocf_to_netprofit|limit_up_any_open_not_close_in_t2
runtime\cn_research_factor_pack_v2_selector_gate_20260531\selector\aa\phase3e_selector_audit.csv,phase3aa_event_1224_cn_research_v2_fundamental_x_event_0055,cn_research_factor_pack_v2,event_derived_feature_layer,23.0,"CSRank(Mul($fund_netprofit_margin,$limit_up_any_close_not_open_in_t2))",fund_netprofit_margin|limit_up_any_close_not_open_in_t2
runtime\cn_research_factor_pack_v2_selector_gate_20260531\selector\aa\phase3e_selector_audit.csv,phase3aa_event_1216_cn_research_v2_fundamental_x_event_0047,cn_research_factor_pack_v2,event_derived_feature_layer,37.0,"CSRank(Mul($fund_cash_to_assets,$limit_up_touch_not_close_count_t5))",fund_cash_to_assets|limit_up_touch_not_close_count_t5
runtime\cn_research_factor_pack_v2_selector_gate_20260531\selector\aa\phase3e_selector_audit.csv,phase3aa_event_1215_cn_research_v2_fundamental_x_event_0046,cn_research_factor_pack_v2,event_derived_feature_layer,26.0,"CSRank(Mul($fund_cash_to_assets,$limit_up_any_open_not_close_in_t2))",fund_cash_to_assets|limit_up_any_open_not_close_in_t2
runtime\cn_research_factor_pack_v2_selector_gate_20260531\selector\aa\phase3e_selector_audit.csv,phase3aa_event_1163_cn_factor_event_x_theme_0754,cn_field_factor_pack_v1,event_derived_feature_layer,20.0,"CSRank(Mul(ZScore(Mean($limit_up_open_not_close_count_t10,5)),ZScore($plate_score)))",limit_up_open_not_close_count_t10|plate_score
runtime\cn_research_factor_pack_v2_selector_gate_20260531\selector\aa\phase3e_selector_audit.csv,phase3aa_event_1162_cn_factor_event_x_theme_0753,cn_field_factor_pack_v1,event_derived_feature_layer,41.0,"CSRank(Mul(ZScore(Mean($limit_up_close_not_open_count_t9,5)),ZScore($plate_score)))",limit_up_close_not_open_count_t9|plate_score
runtime\cn_research_factor_pack_v2_selector_gate_20260531\selector\aa\phase3e_selector_audit.csv,agnostic-freeform-806d5235bba6,agnostic_freeform_ast,agnostic_freeform_ast,12.0,"CSRank(Sub(CSRank(Mom($vwap,34)),ZScore(Std($volume,3))))",volume|vwap
runtime\cn_research_factor_pack_v2_selector_gate_20260531\selector\aa\phase3e_selector_audit.csv,phase3repair-failure_detail-operator_sanitize-2b72dd1e1855,ast_failure_aware_repair,ast_failure_aware_repair,64.0,"CSRank(Sub(Mean($close,6),Mean($close,3)))",close
runtime\cn_research_factor_pack_v2_selector_gate_20260531\selector\aa\phase3e_selector_audit.csv,phase3repair-failure_detail-duplicate_escape-7e210d77983c,ast_failure_aware_repair,ast_failure_aware_repair,1.0,"CSRank(Mean($close,34))",close
runtime\cn_research_factor_pack_v2_selector_gate_20260531\selector\aa\phase3e_selector_audit.csv,phase3repair-failure_detail-operator_sanitize-8fb17dfd7ee6,ast_failure_aware_repair,ast_failure_aware_repair,29.0,"CSRank(Sub(Mean($close,8),Mean($close,5)))",close
runtime\cn_research_factor_pack_v2_selector_gate_20260531\selector\aa\phase3e_selector_audit.csv,stockpit-cem_adaptive_grammar-fc08bbc3ff5f,cem_adaptive_grammar,r0_cem_led,35.0,"CSRank(Mean(Abs($close),8))",close
runtime\cn_research_factor_pack_v2_selector_gate_20260531\selector\aa\phase3e_selector_audit.csv,phase3repair-failure_detail-operator_sanitize-b2b84bc3ef72,ast_failure_aware_repair,ast_failure_aware_repair,14.0,"CSRank(Sub(Mean($amount,6),Mean($amount,3)))",amount
runtime\cn_research_factor_pack_v2_selector_gate_20260531\selector\aa\phase3e_selector_audit.csv,stockpit-template-3640ff7d560d,simple_template,r0_cem_led,2.0,CSRank($close),close
runtime\cn_research_factor_pack_v2_selector_gate_20260531\selector\aa\phase3e_selector_audit.csv,agnostic-freeform-2853176b2b50,agnostic_freeform_ast,agnostic_freeform_ast,7.0,"CSRank(Mul(CSRank(Std($final_float_market_cap,34)),Mul(ZScore(Std($high,21)),Sign(Mean($open,5)))))",final_float_market_cap|high|open
runtime\cn_research_factor_pack_v2_selector_gate_20260531\selector\aa\phase3e_selector_audit.csv,agnostic-freeform-f58db5f7c1ae,agnostic_freeform_ast,agnostic_freeform_ast,6.0,"CSRank(CSResidual(ZScore(Mean($high,2)),ZScore(Std($amount,3))))",amount|high
runtime\cn_research_factor_pack_v2_selector_gate_20260531\selector\aa\phase3e_selector_audit.csv,fgv2-repair-nonlinearize-bfcb608426,formula_gen_v2_repair_expansion,formula_gen_v2_repair_expansion,62.0,"CSRank(Mul(Sign(ZScore(CSRank(Mean(Abs($close),8)))),Mul(ZScore(CSRank(Mean(Abs($close),8))),ZScore(CSRank(Mean(Abs($close),8))))))",close
runtime\cn_research_factor_pack_v2_selector_gate_20260531\selector\aa\phase3e_selector_audit.csv,agnostic-freeform-566625b9ea8c,agnostic_freeform_ast,agnostic_freeform_ast,8.0,"CSRank(ZScore(Std($vwap,13)))",vwap
runtime\cn_research_factor_pack_v2_selector_gate_20260531\selector\aa\phase3e_selector_audit.csv,stockpit-cem_adaptive_grammar-098c6066c092,cem_adaptive_grammar,r0_cem_led,32.0,"CSRank(Mul(ZScore(Std($close,5)),ZScore(Std($final_float_market_cap,2))))",close|final_float_market_cap
runtime\cn_research_factor_pack_v2_selector_gate_20260531\selector\aa\phase3e_selector_audit.csv,agnostic-freeform-5ef1f05cfe23,agnostic_freeform_ast,agnostic_freeform_ast,56.0,"CSRank(Mul(CSRank(Mean(Abs(Delta($volume,1)),13)),Mul(ZScore(Delta($final_float_market_cap,34)),ZScore(Mean(Abs(Delta($high,1)),21)))))",final_float_market_cap|high|volume
runtime\cn_research_factor_pack_v2_selector_gate_20260531\selector\aa\phase3e_selector_audit.csv,agnostic-freeform-51f2006737d6,agnostic_freeform_ast,agnostic_freeform_ast,49.0,"CSRank(CSResidual(CSRank(Mean($open,34)),CSRank(Mom($close,3))))",close|open
runtime\cn_research_factor_pack_v2_selector_gate_20260531\selector\aa\phase3e_selector_audit.csv,stockpit-cem_adaptive_grammar-8b93b582ec12,cem_adaptive_grammar,r0_cem_led,27.0,"CSRank(Mul(ZScore($final_float_market_cap),ZScore($close)))",close|final_float_market_cap
runtime\cn_research_factor_pack_v2_selector_gate_20260531\selector\aa\phase3e_selector_audit.csv,agnostic-freeform-a89759d3657a,agnostic_freeform_ast,agnostic_freeform_ast,52.0,"CSRank(Mul(ZScore(Mean(Abs(Delta($high,1)),13)),Mul(ZScore($vwap),CSRank(Mean($vwap,8)))))",high|vwap
runtime\cn_research_factor_pack_v2_selector_gate_20260531\selector\aa\phase3e_selector_audit.csv,fgv2-repair-nonlinearize-720a70b84f,formula_gen_v2_repair_expansion,formula_gen_v2_repair_expansion,16.0,"CSRank(Mul(Sign(ZScore(CSRank(Mul(ZScore(Std($close,5)),ZScore(Std($final_float_market_cap,2)))))),Mul(ZScore(CSRank(Mul(ZScore(Std($close,5)),ZScore(Std($final_float_market_cap,2))))),ZScore(CSRank(Mul(ZScore(Std($close,5)),ZScore(Std($final_float_market_cap,2))))))))",close|final_float_market_cap
runtime\cn_research_factor_pack_v2_selector_gate_20260531\selector\aa\phase3e_selector_audit.csv,agnostic-freeform-551385e7478d,agnostic_freeform_ast,agnostic_freeform_ast,9.0,"CSRank(Mul(CSRank(Std($high,34)),Mul(ZScore($vwap),Sign(Std($high,13)))))",high|vwap
runtime\cn_research_factor_pack_v2_selector_gate_20260531\selector\aa\phase3e_selector_audit.csv,fgv2-repair-add_state_gate-7a09229418,formula_gen_v2_repair_expansion,formula_gen_v2_repair_expansion,47.0,"CSRank(Mul(Neg(Neg(CSRank($close))),ZScore(Mean(Abs(Delta($close,1)),20))))",close
runtime\cn_research_factor_pack_v2_selector_gate_20260531\selector\aa\phase3e_selector_audit.csv,fgv2-repair-add_confirmation-bdafbf08d5,formula_gen_v2_repair_expansion,formula_gen_v2_repair_expansion,54.0,"CSRank(Mul(Neg(Neg(CSRank($close))),Sign(Delta($amount,1))))",amount|close
runtime\cn_research_factor_pack_v2_selector_gate_20260531\selector\aa\phase3e_selector_audit.csv,fgv2-repair-add_state_gate-c8e1944606,formula_gen_v2_repair_expansion,formula_gen_v2_repair_expansion,59.0,"CSRank(Mul(CSRank(Mean(Abs($close),8)),ZScore(Mean(Abs(Delta($close,1)),20))))",close
runtime\cn_research_factor_pack_v2_selector_gate_20260531\selector\aa\phase3e_selector_audit.csv,agnostic-freeform-a7ad8beeeacf,agnostic_freeform_ast,agnostic_freeform_ast,11.0,"CSRank(Add(CSRank(Mom($final_total_market_cap,13)),CSRank(Mean($vwap,8))))",final_total_market_cap|vwap
runtime\cn_research_factor_pack_v2_selector_gate_20260531\selector\aa\phase3e_selector_audit.csv,agnostic-freeform-042e30be7cdf,agnostic_freeform_ast,agnostic_freeform_ast,5.0,"CSRank(Mul(CSRank(Mean($close,8)),Corr(Mean($volume,3),Std($final_float_market_cap,13),8)))",close|final_float_market_cap|volume
runtime\cn_research_factor_pack_v2_selector_gate_20260531\selector\aa\phase3e_selector_audit.csv,fgv2-repair-add_confirmation-a2ebaeae10,formula_gen_v2_repair_expansion,formula_gen_v2_repair_expansion,22.0,"CSRank(Mul(CSRank(Mean(Abs($close),8)),Sign(Delta($amount,1))))",amount|close
runtime\cn_research_factor_pack_v2_selector_gate_20260531\selector\aa\phase3e_selector_audit.csv,fgv2-repair-nonlinearize-69d3d3bbf5,formula_gen_v2_repair_expansion,formula_gen_v2_repair_expansion,10.0,"CSRank(Mul(Sign(ZScore(CSRank(Mul(ZScore($final_float_market_cap),ZScore($close))))),Mul(ZScore(CSRank(Mul(ZScore($final_float_market_cap),ZScore($close)))),ZScore(CSRank(Mul(ZScore($final_float_market_cap),ZScore($close)))))))",close|final_float_market_cap
runtime\cn_research_factor_pack_v2_selector_gate_20260531\selector\aa\phase3e_selector_audit.csv,stockpit-cem_adaptive_grammar-ad335fa8387e,cem_adaptive_grammar,r0_cem_led,13.0,"Neg(CSRank(Mul(ZScore(Delta($amount,8)),ZScore(Delta($final_float_market_cap,2)))))",amount|final_float_market_cap
runtime\cn_research_factor_pack_v2_selector_gate_20260531\selector\aa\phase3e_selector_audit.csv,phase3repair-failure_detail-duplicate_escape-962c2202831a,ast_failure_aware_repair,ast_failure_aware_repair,30.0,"CSRank(Mul(ZScore(Mean($close,8)),ZScore(Delta($close,11))))",close
runtime\cn_research_factor_pack_v2_selector_gate_20260531\selector\aa\phase3e_selector_audit.csv,stockpit-cem_adaptive_grammar-2cd6edb62448,cem_adaptive_grammar,r0_cem_led,21.0,"Neg(CSRank(Delta($final_float_market_cap,5)))",final_float_market_cap
runtime\cn_research_factor_pack_v2_selector_gate_20260531\selector\aa\phase3e_selector_audit.csv,phase3repair-failure_detail-duplicate_escape-467a29a8b041,ast_failure_aware_repair,ast_failure_aware_repair,25.0,"CSRank(Mul(ZScore(Mean($close,13)),ZScore(Delta($close,6))))",close
runtime\cn_research_factor_pack_v2_selector_gate_20260531\selector\aa\phase3e_selector_audit.csv,stockpit-cem_adaptive_grammar-6542d470d51e,cem_adaptive_grammar,r0_cem_led,33.0,"CSRank(CSResidual(CSRank(Mean($close,5)),CSRank(Mean($final_float_market_cap,8))))",close|final_float_market_cap
runtime\cn_research_factor_pack_v2_selector_gate_20260531\selector\aa\phase3e_selector_audit.csv,stockpit-cem_adaptive_grammar-605c9ed6a1b0,cem_adaptive_grammar,r0_cem_led,34.0,"Neg(CSRank(Std($volume,8)))",volume
runtime\cn_research_factor_pack_v2_selector_gate_20260531\selector\aa\phase3e_selector_audit.csv,phase3repair-failure_detail-duplicate_escape-a160ab8432ed,ast_failure_aware_repair,ast_failure_aware_repair,18.0,"CSRank(Mul(ZScore(Mean($close,3)),ZScore(Delta($amount,6))))",amount|close
runtime\cn_research_factor_pack_v2_selector_gate_20260531\selector\aa\phase3e_selector_audit.csv,phase3repair-failure_detail-operator_sanitize-36f763682d42,ast_failure_aware_repair,ast_failure_aware_repair,28.0,"CSRank(Mean(Abs(Delta($final_total_market_cap,1)),21))",final_total_market_cap
runtime\cn_research_factor_pack_v2_selector_gate_20260531\selector\aa\phase3e_selector_audit.csv,fgv2-repair-nonlinearize-ace579e6fa,formula_gen_v2_repair_expansion,formula_gen_v2_repair_expansion,19.0,"CSRank(Mul(Sign(ZScore(Neg(CSRank(Delta($final_float_market_cap,5))))),Mul(ZScore(Neg(CSRank(Delta($final_float_market_cap,5)))),ZScore(Neg(CSRank(Delta($final_float_market_cap,5)))))))",final_float_market_cap
runtime\cn_research_factor_pack_v2_selector_gate_20260531\selector\aa\phase3e_selector_audit.csv,stockpit-cem_adaptive_grammar-39ba35c18089,cem_adaptive_grammar,r0_cem_led,3.0,"Neg(CSRank(Delta($final_float_market_cap,8)))",final_float_market_cap
runtime\cn_research_factor_pack_v2_selector_gate_20260531\selector\aa\phase3e_selector_audit.csv,fgv2-repair-temporalize-dab4cd92fc,formula_gen_v2_repair_expansion,formula_gen_v2_repair_expansion,63.0,"CSRank(Mul(Neg(CSRank(Delta($final_float_market_cap,8))),Corr(Delta($amount,1),Delay(Delta($amount,1),1),10)))",amount|final_float_market_cap
runtime\cn_research_factor_pack_v2_selector_gate_20260531\selector\aa\phase3e_selector_audit.csv,stockpit-ast_evolutionary_mutation-1bada91f298a,ast_evolutionary_mutation,r0_cem_led,4.0,"CSRank(CSResidual(CSRank(CSRank(Mean(Abs($ret),21))),CSRank(Log($final_total_market_cap))))",final_total_market_cap|ret
runtime\cn_research_factor_pack_v2_selector_gate_20260531\selector\aa\phase3e_selector_audit.csv,fgv2-repair-nonlinearize-5c942092bf,formula_gen_v2_repair_expansion,formula_gen_v2_repair_expansion,17.0,"CSRank(Mul(Sign(ZScore(Neg(CSRank(Std($volume,8))))),Mul(ZScore(Neg(CSRank(Std($volume,8)))),ZScore(Neg(CSRank(Std($volume,8)))))))",volume
runtime\cn_research_factor_pack_v2_selector_gate_20260531\selector\aa\phase3e_selector_audit.csv,phase3aa_event_1213_cn_research_v2_fundamental_size_residual_0044,cn_research_factor_pack_v2,fundamental_pit_feature_layer,48.0,"CSRank(CSResidual(Log($fund_total_shares_cninfo),Log($fund_total_assets)))",fund_total_assets|fund_total_shares_cninfo
runtime\cn_research_factor_pack_v2_selector_gate_20260531\selector\aa\phase3e_selector_audit.csv,phase3aa_event_1212_cn_research_v2_fundamental_size_residual_0043,cn_research_factor_pack_v2,fundamental_pit_feature_layer,50.0,"CSRank(CSResidual(Log($fund_netcash_operate),Log($fund_total_assets)))",fund_netcash_operate|fund_total_assets
runtime\cn_research_factor_pack_v2_selector_gate_20260531\selector\aa\phase3e_selector_audit.csv,phase3aa_event_1211_cn_research_v2_fundamental_size_residual_0042,cn_research_factor_pack_v2,fundamental_pit_feature_layer,58.0,"CSRank(CSResidual(Log($fund_parent_netprofit),Log($fund_total_assets)))",fund_parent_netprofit|fund_total_assets
runtime\cn_research_factor_pack_v2_selector_gate_20260531\selector\aa\phase3e_selector_audit.csv,phase3aa_event_1210_cn_research_v2_fundamental_size_residual_0041,cn_research_factor_pack_v2,fundamental_pit_feature_layer,61.0,"CSRank(CSResidual(Log($fund_total_operate_income),Log($fund_total_assets)))",fund_total_assets|fund_total_operate_income
runtime\cn_research_factor_pack_v2_selector_gate_20260531\selector\aa\phase3e_selector_audit.csv,phase3aa_event_1209_cn_research_v2_fundamental_size_residual_0040,cn_research_factor_pack_v2,fundamental_pit_feature_layer,43.0,"CSRank(CSResidual(Log($fund_total_assets),Log($fund_total_assets)))",fund_total_assets
runtime\cn_research_factor_pack_v2_selector_gate_20260531\selector\aa\phase3e_selector_audit.csv,phase3aa_event_1208_cn_research_v2_fundamental_risk_inverse_0039,cn_research_factor_pack_v2,fundamental_pit_feature_layer,60.0,"Neg(CSRank(Delta($fund_inventory_to_assets,20)))",fund_inventory_to_assets
runtime\cn_research_factor_pack_v2_selector_gate_20260531\selector\aa\phase3e_selector_audit.csv,phase3aa_event_1206_cn_research_v2_fundamental_risk_inverse_0037,cn_research_factor_pack_v2,fundamental_pit_feature_layer,44.0,Neg(CSRank($fund_inventory_to_assets)),fund_inventory_to_assets
runtime\cn_research_factor_pack_v2_selector_gate_20260531\selector\aa\phase3e_selector_audit.csv,phase3aa_event_1204_cn_research_v2_fundamental_risk_inverse_0035,cn_research_factor_pack_v2,fundamental_pit_feature_layer,42.0,"Neg(CSRank(Mean($fund_goodwill_to_assets,5)))",fund_goodwill_to_assets
runtime\cn_research_factor_pack_v2_selector_gate_20260531\selector\aa\phase3e_selector_audit.csv,phase3aa_event_1202_cn_research_v2_fundamental_risk_inverse_0033,cn_research_factor_pack_v2,fundamental_pit_feature_layer,53.0,"Neg(CSRank(Delta($fund_debt_to_assets,20)))",fund_debt_to_assets
runtime\cn_research_factor_pack_v2_selector_gate_20260531\selector\aa\phase3e_selector_audit.csv,phase3aa_event_1201_cn_research_v2_fundamental_risk_inverse_0032,cn_research_factor_pack_v2,fundamental_pit_feature_layer,55.0,"Neg(CSRank(Mean($fund_debt_to_assets,5)))",fund_debt_to_assets
runtime\cn_research_factor_pack_v2_selector_gate_20260531\selector\aa\phase3e_selector_audit.csv,phase3aa_event_1199_cn_research_v2_fundamental_quality_0030,cn_research_factor_pack_v2,fundamental_pit_feature_layer,45.0,"CSRank(Delta($fund_float_share_ratio_cninfo,20))",fund_float_share_ratio_cninfo
runtime\cn_research_factor_pack_v2_selector_gate_20260531\selector\aa\phase3e_selector_audit.csv,phase3aa_event_1197_cn_research_v2_fundamental_quality_0028,cn_research_factor_pack_v2,fundamental_pit_feature_layer,46.0,CSRank($fund_float_share_ratio_cninfo),fund_float_share_ratio_cninfo
runtime\cn_research_factor_pack_v2_selector_gate_20260531\selector\aa\phase3e_selector_audit.csv,phase3aa_event_1196_cn_research_v2_fundamental_quality_0027,cn_research_factor_pack_v2,fundamental_pit_feature_layer,51.0,"CSRank(Delta($fund_circulate_top10_holder_pct,20))",fund_circulate_top10_holder_pct
runtime\cn_research_factor_pack_v2_selector_gate_20260531\selector\aa\phase3e_selector_audit.csv,phase3aa_event_1195_cn_research_v2_fundamental_quality_0026,cn_research_factor_pack_v2,fundamental_pit_feature_layer,57.0,"CSRank(Mean($fund_circulate_top10_holder_pct,5))",fund_circulate_top10_holder_pct
runtime\cn_underutilized_field_factor_pack_v1_batched_selector256_20260601\selectors\capacity_liquidity_cost\aa\phase3e_selector_audit.csv,phase3aa_event_1242_cn_research_v2_fundamental_x_event_0073,cn_research_factor_pack_v2,event_derived_feature_layer,2.0,"CSRank(Mul($fund_research_to_income,$limit_up_close_count_t3))",fund_research_to_income|limit_up_close_count_t3
runtime\cn_underutilized_field_factor_pack_v1_batched_selector256_20260601\selectors\capacity_liquidity_cost\aa\phase3e_selector_audit.csv,phase3aa_event_1240_cn_research_v2_fundamental_x_event_0071,cn_research_factor_pack_v2,event_derived_feature_layer,7.0,"CSRank(Mul($fund_research_to_income,$limit_up_any_open_not_close_in_t2))",fund_research_to_income|limit_up_any_open_not_close_in_t2
runtime\cn_underutilized_field_factor_pack_v1_batched_selector256_20260601\selectors\capacity_liquidity_cost\aa\phase3e_selector_audit.csv,phase3aa_event_1239_cn_research_v2_fundamental_x_event_0070,cn_research_factor_pack_v2,event_derived_feature_layer,14.0,"CSRank(Mul($fund_research_to_income,$limit_up_any_close_not_open_in_t2))",fund_research_to_income|limit_up_any_close_not_open_in_t2
runtime\cn_underutilized_field_factor_pack_v1_batched_selector256_20260601\selectors\capacity_liquidity_cost\aa\phase3e_selector_audit.csv,phase3aa_event_1238_cn_research_v2_fundamental_x_event_0069,cn_research_factor_pack_v2,event_derived_feature_layer,5.0,"CSRank(Mul($fund_ocf_to_assets,$open_board_record))",fund_ocf_to_assets|open_board_record
runtime\cn_underutilized_field_factor_pack_v1_batched_selector256_20260601\selectors\capacity_liquidity_cost\aa\phase3e_selector_audit.csv,phase3aa_event_1237_cn_research_v2_fundamental_x_event_0068,cn_research_factor_pack_v2,event_derived_feature_layer,11.0,"CSRank(Mul($fund_ocf_to_assets,$limit_up_close_count_t3))",fund_ocf_to_assets|limit_up_close_count_t3
runtime\cn_underutilized_field_factor_pack_v1_batched_selector256_20260601\selectors\capacity_liquidity_cost\aa\phase3e_selector_audit.csv,phase3aa_event_1236_cn_research_v2_fundamental_x_event_0067,cn_research_factor_pack_v2,event_derived_feature_layer,13.0,"CSRank(Mul($fund_ocf_to_assets,$limit_up_touch_not_close_count_t5))",fund_ocf_to_assets|limit_up_touch_not_close_count_t5
runtime\cn_underutilized_field_factor_pack_v1_batched_selector256_20260601\selectors\capacity_liquidity_cost\aa\phase3e_selector_audit.csv,phase3aa_event_1235_cn_research_v2_fundamental_x_event_0066,cn_research_factor_pack_v2,event_derived_feature_layer,56.0,"CSRank(Mul($fund_ocf_to_assets,$limit_up_any_open_not_close_in_t2))",fund_ocf_to_assets|limit_up_any_open_not_close_in_t2
runtime\cn_underutilized_field_factor_pack_v1_batched_selector256_20260601\selectors\capacity_liquidity_cost\aa\phase3e_selector_audit.csv,phase3aa_event_1234_cn_research_v2_fundamental_x_event_0065,cn_research_factor_pack_v2,event_derived_feature_layer,15.0,"CSRank(Mul($fund_ocf_to_assets,$limit_up_any_close_not_open_in_t2))",fund_ocf_to_assets|limit_up_any_close_not_open_in_t2
runtime\cn_underutilized_field_factor_pack_v1_batched_selector256_20260601\selectors\capacity_liquidity_cost\aa\phase3e_selector_audit.csv,phase3aa_event_1233_cn_research_v2_fundamental_x_event_0064,cn_research_factor_pack_v2,event_derived_feature_layer,19.0,"CSRank(Mul($fund_ocf_to_netprofit,$open_board_record))",fund_ocf_to_netprofit|open_board_record
runtime\cn_underutilized_field_factor_pack_v1_batched_selector256_20260601\selectors\capacity_liquidity_cost\aa\phase3e_selector_audit.csv,phase3aa_event_1232_cn_research_v2_fundamental_x_event_0063,cn_research_factor_pack_v2,event_derived_feature_layer,18.0,"CSRank(Mul($fund_ocf_to_netprofit,$limit_up_close_count_t3))",fund_ocf_to_netprofit|limit_up_close_count_t3
runtime\cn_underutilized_field_factor_pack_v1_batched_selector256_20260601\selectors\capacity_liquidity_cost\aa\phase3e_selector_audit.csv,phase3aa_event_1225_cn_research_v2_fundamental_x_event_0056,cn_research_factor_pack_v2,event_derived_feature_layer,58.0,"CSRank(Mul($fund_netprofit_margin,$limit_up_any_open_not_close_in_t2))",fund_netprofit_margin|limit_up_any_open_not_close_in_t2
runtime\cn_underutilized_field_factor_pack_v1_batched_selector256_20260601\selectors\capacity_liquidity_cost\aa\phase3e_selector_audit.csv,phase3aa_event_1224_cn_research_v2_fundamental_x_event_0055,cn_research_factor_pack_v2,event_derived_feature_layer,57.0,"CSRank(Mul($fund_netprofit_margin,$limit_up_any_close_not_open_in_t2))",fund_netprofit_margin|limit_up_any_close_not_open_in_t2
runtime\cn_underutilized_field_factor_pack_v1_batched_selector256_20260601\selectors\capacity_liquidity_cost\aa\phase3e_selector_audit.csv,phase3aa_event_1223_cn_research_v2_fundamental_x_event_0054,cn_research_factor_pack_v2,event_derived_feature_layer,10.0,"CSRank(Mul($fund_current_ratio,$open_board_record))",fund_current_ratio|open_board_record
runtime\cn_underutilized_field_factor_pack_v1_batched_selector256_20260601\selectors\capacity_liquidity_cost\aa\phase3e_selector_audit.csv,phase3aa_event_1163_cn_factor_event_x_theme_0754,cn_field_factor_pack_v1,event_derived_feature_layer,44.0,"CSRank(Mul(ZScore(Mean($limit_up_open_not_close_count_t10,5)),ZScore($plate_score)))",limit_up_open_not_close_count_t10|plate_score
runtime\cn_underutilized_field_factor_pack_v1_batched_selector256_20260601\selectors\capacity_liquidity_cost\aa\phase3e_selector_audit.csv,phase3aa_event_1161_cn_factor_event_x_theme_0752,cn_field_factor_pack_v1,event_derived_feature_layer,22.0,"CSRank(Mul(ZScore(Mean($limit_up_close_not_open_count_t8,5)),ZScore($plate_score)))",limit_up_close_not_open_count_t8|plate_score
runtime\cn_underutilized_field_factor_pack_v1_batched_selector256_20260601\selectors\capacity_liquidity_cost\aa\phase3e_selector_audit.csv,phase3aa_event_1158_cn_factor_event_x_theme_0749,cn_field_factor_pack_v1,event_derived_feature_layer,60.0,"CSRank(Mul(ZScore(Mean($limit_up_close_not_open_count_t5,5)),ZScore($plate_score)))",limit_up_close_not_open_count_t5|plate_score
runtime\cn_underutilized_field_factor_pack_v1_batched_selector256_20260601\selectors\capacity_liquidity_cost\aa\phase3e_selector_audit.csv,phase3aa_event_1156_cn_factor_event_x_theme_0747,cn_field_factor_pack_v1,event_derived_feature_layer,3.0,"CSRank(Mul(ZScore(Mean($limit_up_close_not_open_count_t3,5)),ZScore($plate_score)))",limit_up_close_not_open_count_t3|plate_score
runtime\cn_underutilized_field_factor_pack_v1_batched_selector256_20260601\selectors\capacity_liquidity_cost\aa\phase3e_selector_audit.csv,phase3aa_event_0369_cn_underutil_v1_capacity_normalized_activity_0139,cn_underutilized_field_factor_pack_v1,research_factor_feature_layer,20.0,"CSRank(Div(Mean($turnover_ratio,20),Add(Abs(Mean($final_float_market_cap,20)),0.000001)))",final_float_market_cap|turnover_ratio
runtime\cn_underutilized_field_factor_pack_v1_batched_selector256_20260601\selectors\capacity_liquidity_cost\aa\phase3e_selector_audit.csv,phase3aa_event_0367_cn_underutil_v1_capacity_normalized_activity_0137,cn_underutilized_field_factor_pack_v1,research_factor_feature_layer,41.0,"CSRank(Div(Mean($turnover_ratio,10),Add(Abs(Mean($final_float_market_cap,10)),0.000001)))",final_float_market_cap|turnover_ratio
runtime\cn_underutilized_field_factor_pack_v1_batched_selector256_20260601\selectors\capacity_liquidity_cost\aa\phase3e_selector_audit.csv,phase3aa_event_0365_cn_underutil_v1_capacity_normalized_activity_0135,cn_underutilized_field_factor_pack_v1,research_factor_feature_layer,53.0,"CSRank(Div(Mean($turnover_ratio,5),Add(Abs(Mean($final_float_market_cap,5)),0.000001)))",final_float_market_cap|turnover_ratio
runtime\cn_underutilized_field_factor_pack_v1_batched_selector256_20260601\selectors\capacity_liquidity_cost\aa\phase3e_selector_audit.csv,phase3aa_event_0363_cn_underutil_v1_capacity_normalized_activity_0133,cn_underutilized_field_factor_pack_v1,research_factor_feature_layer,8.0,"CSRank(Div(Mean($turnover_ratio,3),Add(Abs(Mean($final_float_market_cap,3)),0.000001)))",final_float_market_cap|turnover_ratio
runtime\cn_underutilized_field_factor_pack_v1_batched_selector256_20260601\selectors\capacity_liquidity_cost\aa\phase3e_selector_audit.csv,phase3aa_event_0362_cn_underutil_v1_capacity_residual_activity_0132,cn_underutilized_field_factor_pack_v1,research_factor_feature_layer,6.0,"CSRank(CSResidual(ZScore(Mean($volume,20)),ZScore(Mean($float_share,20))))",float_share|volume
runtime\cn_underutilized_field_factor_pack_v1_batched_selector256_20260601\selectors\capacity_liquidity_cost\aa\phase3e_selector_audit.csv,phase3aa_event_0361_cn_underutil_v1_capacity_residual_activity_0130,cn_underutilized_field_factor_pack_v1,research_factor_feature_layer,40.0,"CSRank(CSResidual(ZScore(Mean($volume,10)),ZScore(Mean($float_share,10))))",float_share|volume
runtime\cn_underutilized_field_factor_pack_v1_batched_selector256_20260601\selectors\capacity_liquidity_cost\aa\phase3e_selector_audit.csv,phase3aa_event_0360_cn_underutil_v1_capacity_residual_activity_0128,cn_underutilized_field_factor_pack_v1,research_factor_feature_layer,52.0,"CSRank(CSResidual(ZScore(Mean($volume,5)),ZScore(Mean($float_share,5))))",float_share|volume
runtime\cn_underutilized_field_factor_pack_v1_batched_selector256_20260601\selectors\capacity_liquidity_cost\aa\phase3e_selector_audit.csv,phase3aa_event_0359_cn_underutil_v1_capacity_residual_activity_0126,cn_underutilized_field_factor_pack_v1,research_factor_feature_layer,16.0,"CSRank(CSResidual(ZScore(Mean($volume,3)),ZScore(Mean($float_share,3))))",float_share|volume
runtime\cn_underutilized_field_factor_pack_v1_batched_selector256_20260601\selectors\capacity_liquidity_cost\aa\phase3e_selector_audit.csv,phase3aa_event_0358_cn_underutil_v1_capacity_residual_activity_0124,cn_underutilized_field_factor_pack_v1,research_factor_feature_layer,21.0,"CSRank(CSResidual(ZScore(Mean($amount,20)),ZScore(Mean($final_total_market_cap,20))))",amount|final_total_market_cap
runtime\cn_underutilized_field_factor_pack_v1_batched_selector256_20260601\selectors\capacity_liquidity_cost\aa\phase3e_selector_audit.csv,phase3aa_event_0356_cn_underutil_v1_capacity_residual_activity_0122,cn_underutilized_field_factor_pack_v1,research_factor_feature_layer,55.0,"CSRank(CSResidual(ZScore(Mean($amount,10)),ZScore(Mean($final_total_market_cap,10))))",amount|final_total_market_cap
runtime\cn_underutilized_field_factor_pack_v1_batched_selector256_20260601\selectors\capacity_liquidity_cost\aa\phase3e_selector_audit.csv,phase3aa_event_0355_cn_underutil_v1_capacity_normalized_activity_0121,cn_underutilized_field_factor_pack_v1,research_factor_feature_layer,39.0,"CSRank(Div(Mean($amount,10),Add(Abs(Mean($final_total_market_cap,10)),0.000001)))",amount|final_total_market_cap
runtime\cn_underutilized_field_factor_pack_v1_batched_selector256_20260601\selectors\capacity_liquidity_cost\aa\phase3e_selector_audit.csv,phase3aa_event_0352_cn_underutil_v1_capacity_residual_activity_0118,cn_underutilized_field_factor_pack_v1,research_factor_feature_layer,43.0,"CSRank(CSResidual(ZScore(Mean($amount,3)),ZScore(Mean($final_total_market_cap,3))))",amount|final_total_market_cap
runtime\cn_underutilized_field_factor_pack_v1_batched_selector256_20260601\selectors\capacity_liquidity_cost\aa\phase3e_selector_audit.csv,phase3aa_event_0092_cn_flow_liq_v1_capacity_normalized_flow_0092,cn_flow_liquidity_factor_pack_v1,research_factor_feature_layer,1.0,"CSRank(Div(Mean($volume,20),Add(Abs(Mean($float_share,20)),0.000001)))",float_share|volume
runtime\cn_underutilized_field_factor_pack_v1_batched_selector256_20260601\selectors\capacity_liquidity_cost\aa\phase3e_selector_audit.csv,phase3aa_event_0091_cn_flow_liq_v1_capacity_normalized_flow_0091,cn_flow_liquidity_factor_pack_v1,research_factor_feature_layer,51.0,"CSRank(Div(Mean($volume,10),Add(Abs(Mean($float_share,10)),0.000001)))",float_share|volume
runtime\cn_underutilized_field_factor_pack_v1_batched_selector256_20260601\selectors\capacity_liquidity_cost\aa\phase3e_selector_audit.csv,phase3aa_event_0090_cn_flow_liq_v1_capacity_normalized_flow_0090,cn_flow_liquidity_factor_pack_v1,research_factor_feature_layer,62.0,"CSRank(Div(Mean($volume,5),Add(Abs(Mean($float_share,5)),0.000001)))",float_share|volume
runtime\cn_underutilized_field_factor_pack_v1_batched_selector256_20260601\selectors\capacity_liquidity_cost\aa\phase3e_selector_audit.csv,phase3aa_event_0089_cn_flow_liq_v1_capacity_normalized_flow_0089,cn_flow_liquidity_factor_pack_v1,research_factor_feature_layer,12.0,"CSRank(Div(Mean($volume,3),Add(Abs(Mean($float_share,3)),0.000001)))",float_share|volume
runtime\cn_underutilized_field_factor_pack_v1_batched_selector256_20260601\selectors\capacity_liquidity_cost\aa\phase3e_selector_audit.csv,phase3aa_event_0084_cn_flow_liq_v1_capacity_residual_flow_0084,cn_flow_liquidity_factor_pack_v1,research_factor_feature_layer,9.0,"CSRank(CSResidual(ZScore(Mean($amount,5)),ZScore(Mean($final_float_market_cap,5))))",amount|final_float_market_cap
runtime\cn_underutilized_field_factor_pack_v1_batched_selector256_20260601\selectors\capacity_liquidity_cost\aa\phase3e_selector_audit.csv,phase3aa_event_0096_cn_flow_liq_v1_amihud_illiquidity_0096,cn_flow_liquidity_factor_pack_v1,research_factor_feature_layer,17.0,"CSRank(Div(Mean(Abs($daily_ret),20),Add(Abs(Mean($amount,20)),0.000001)))",amount|daily_ret
runtime\cn_underutilized_field_factor_pack_v1_batched_selector256_20260601\selectors\capacity_liquidity_cost\aa\phase3e_selector_audit.csv,phase3aa_event_0095_cn_flow_liq_v1_amihud_illiquidity_0095,cn_flow_liquidity_factor_pack_v1,research_factor_feature_layer,54.0,"CSRank(Div(Mean(Abs($daily_ret),10),Add(Abs(Mean($amount,10)),0.000001)))",amount|daily_ret
runtime\cn_underutilized_field_factor_pack_v1_batched_selector256_20260601\selectors\capacity_liquidity_cost\aa\phase3e_selector_audit.csv,phase3aa_event_0094_cn_flow_liq_v1_amihud_illiquidity_0094,cn_flow_liquidity_factor_pack_v1,research_factor_feature_layer,42.0,"CSRank(Div(Mean(Abs($daily_ret),5),Add(Abs(Mean($amount,5)),0.000001)))",amount|daily_ret
runtime\cn_underutilized_field_factor_pack_v1_batched_selector256_20260601\selectors\capacity_liquidity_cost\aa\phase3e_selector_audit.csv,phase3aa_event_0093_cn_flow_liq_v1_amihud_illiquidity_0093,cn_flow_liquidity_factor_pack_v1,research_factor_feature_layer,4.0,"CSRank(Div(Mean(Abs($daily_ret),3),Add(Abs(Mean($amount,3)),0.000001)))",amount|daily_ret
runtime\cn_underutilized_field_factor_pack_v1_batched_selector256_20260601\selectors\capacity_liquidity_cost\aa\phase3e_selector_audit.csv,phase3aa_event_1213_cn_research_v2_fundamental_size_residual_0044,cn_research_factor_pack_v2,fundamental_pit_feature_layer,25.0,"CSRank(CSResidual(Log($fund_total_shares_cninfo),Log($fund_total_assets)))",fund_total_assets|fund_total_shares_cninfo
runtime\cn_underutilized_field_factor_pack_v1_batched_selector256_20260601\selectors\capacity_liquidity_cost\aa\phase3e_selector_audit.csv,phase3aa_event_1212_cn_research_v2_fundamental_size_residual_0043,cn_research_factor_pack_v2,fundamental_pit_feature_layer,61.0,"CSRank(CSResidual(Log($fund_netcash_operate),Log($fund_total_assets)))",fund_netcash_operate|fund_total_assets
runtime\cn_underutilized_field_factor_pack_v1_batched_selector256_20260601\selectors\capacity_liquidity_cost\aa\phase3e_selector_audit.csv,phase3aa_event_1210_cn_research_v2_fundamental_size_residual_0041,cn_research_factor_pack_v2,fundamental_pit_feature_layer,31.0,"CSRank(CSResidual(Log($fund_total_operate_income),Log($fund_total_assets)))",fund_total_assets|fund_total_operate_income
runtime\cn_underutilized_field_factor_pack_v1_batched_selector256_20260601\selectors\capacity_liquidity_cost\aa\phase3e_selector_audit.csv,phase3aa_event_1209_cn_research_v2_fundamental_size_residual_0040,cn_research_factor_pack_v2,fundamental_pit_feature_layer,49.0,"CSRank(CSResidual(Log($fund_total_assets),Log($fund_total_assets)))",fund_total_assets
runtime\cn_underutilized_field_factor_pack_v1_batched_selector256_20260601\selectors\capacity_liquidity_cost\aa\phase3e_selector_audit.csv,phase3aa_event_1207_cn_research_v2_fundamental_risk_inverse_0038,cn_research_factor_pack_v2,fundamental_pit_feature_layer,59.0,"Neg(CSRank(Mean($fund_inventory_to_assets,5)))",fund_inventory_to_assets
runtime\cn_underutilized_field_factor_pack_v1_batched_selector256_20260601\selectors\capacity_liquidity_cost\aa\phase3e_selector_audit.csv,phase3aa_event_1205_cn_research_v2_fundamental_risk_inverse_0036,cn_research_factor_pack_v2,fundamental_pit_feature_layer,30.0,"Neg(CSRank(Delta($fund_goodwill_to_assets,20)))",fund_goodwill_to_assets
runtime\cn_underutilized_field_factor_pack_v1_batched_selector256_20260601\selectors\capacity_liquidity_cost\aa\phase3e_selector_audit.csv,phase3aa_event_1204_cn_research_v2_fundamental_risk_inverse_0035,cn_research_factor_pack_v2,fundamental_pit_feature_layer,24.0,"Neg(CSRank(Mean($fund_goodwill_to_assets,5)))",fund_goodwill_to_assets
runtime\cn_underutilized_field_factor_pack_v1_batched_selector256_20260601\selectors\capacity_liquidity_cost\aa\phase3e_selector_audit.csv,phase3aa_event_1203_cn_research_v2_fundamental_risk_inverse_0034,cn_research_factor_pack_v2,fundamental_pit_feature_layer,38.0,Neg(CSRank($fund_goodwill_to_assets)),fund_goodwill_to_assets
runtime\cn_underutilized_field_factor_pack_v1_batched_selector256_20260601\selectors\capacity_liquidity_cost\aa\phase3e_selector_audit.csv,phase3aa_event_1200_cn_research_v2_fundamental_risk_inverse_0031,cn_research_factor_pack_v2,fundamental_pit_feature_layer,29.0,Neg(CSRank($fund_debt_to_assets)),fund_debt_to_assets
runtime\cn_underutilized_field_factor_pack_v1_batched_selector256_20260601\selectors\capacity_liquidity_cost\aa\phase3e_selector_audit.csv,phase3aa_event_1199_cn_research_v2_fundamental_quality_0030,cn_research_factor_pack_v2,fundamental_pit_feature_layer,37.0,"CSRank(Delta($fund_float_share_ratio_cninfo,20))",fund_float_share_ratio_cninfo
runtime\cn_underutilized_field_factor_pack_v1_batched_selector256_20260601\selectors\capacity_liquidity_cost\aa\phase3e_selector_audit.csv,phase3aa_event_1197_cn_research_v2_fundamental_quality_0028,cn_research_factor_pack_v2,fundamental_pit_feature_layer,34.0,CSRank($fund_float_share_ratio_cninfo),fund_float_share_ratio_cninfo
runtime\cn_underutilized_field_factor_pack_v1_batched_selector256_20260601\selectors\capacity_liquidity_cost\aa\phase3e_selector_audit.csv,phase3aa_event_1194_cn_research_v2_fundamental_quality_0025,cn_research_factor_pack_v2,fundamental_pit_feature_layer,46.0,CSRank($fund_circulate_top10_holder_pct),fund_circulate_top10_holder_pct
runtime\cn_underutilized_field_factor_pack_v1_batched_selector256_20260601\selectors\capacity_liquidity_cost\aa\phase3e_selector_audit.csv,phase3aa_event_1191_cn_research_v2_fundamental_quality_0022,cn_research_factor_pack_v2,fundamental_pit_feature_layer,47.0,CSRank($fund_top10_holder_pct),fund_top10_holder_pct
runtime\cn_underutilized_field_factor_pack_v1_batched_selector256_20260601\selectors\capacity_liquidity_cost\aa\phase3e_selector_audit.csv,phase3aa_event_1190_cn_research_v2_fundamental_quality_0021,cn_research_factor_pack_v2,fundamental_pit_feature_layer,26.0,"CSRank(Delta($fund_top1_holder_pct,20))",fund_top1_holder_pct
runtime\cn_underutilized_field_factor_pack_v1_batched_selector256_20260601\selectors\capacity_liquidity_cost\aa\phase3e_selector_audit.csv,phase3aa_event_1188_cn_research_v2_fundamental_quality_0019,cn_research_factor_pack_v2,fundamental_pit_feature_layer,35.0,CSRank($fund_top1_holder_pct),fund_top1_holder_pct
runtime\cn_underutilized_field_factor_pack_v1_batched_selector256_20260601\selectors\capacity_liquidity_cost\aa\phase3e_selector_audit.csv,phase3aa_event_1186_cn_research_v2_fundamental_quality_0017,cn_research_factor_pack_v2,fundamental_pit_feature_layer,27.0,"CSRank(Mean($fund_research_to_income,5))",fund_research_to_income
runtime\cn_underutilized_field_factor_pack_v1_batched_selector256_20260601\selectors\capacity_liquidity_cost\aa\phase3e_selector_audit.csv,phase3aa_event_1185_cn_research_v2_fundamental_quality_0016,cn_research_factor_pack_v2,fundamental_pit_feature_layer,36.0,CSRank($fund_research_to_income),fund_research_to_income
runtime\cn_underutilized_field_factor_pack_v1_batched_selector256_20260601\selectors\capacity_liquidity_cost\aa\phase3e_selector_audit.csv,phase3aa_event_1184_cn_research_v2_fundamental_quality_0015,cn_research_factor_pack_v2,fundamental_pit_feature_layer,63.0,"CSRank(Delta($fund_ocf_to_assets,20))",fund_ocf_to_assets
runtime\cn_underutilized_field_factor_pack_v1_batched_selector256_20260601\selectors\capacity_liquidity_cost\aa\phase3e_selector_audit.csv,phase3aa_event_1182_cn_research_v2_fundamental_quality_0013,cn_research_factor_pack_v2,fundamental_pit_feature_layer,48.0,CSRank($fund_ocf_to_assets),fund_ocf_to_assets
runtime\cn_underutilized_field_factor_pack_v1_batched_selector256_20260601\selectors\capacity_liquidity_cost\aa\phase3e_selector_audit.csv,phase3aa_event_1179_cn_research_v2_fundamental_quality_0010,cn_research_factor_pack_v2,fundamental_pit_feature_layer,33.0,CSRank($fund_ocf_to_netprofit),fund_ocf_to_netprofit
runtime\cn_underutilized_field_factor_pack_v1_batched_selector256_20260601\selectors\capacity_liquidity_cost\aa\phase3e_selector_audit.csv,phase3aa_event_1176_cn_research_v2_fundamental_quality_0007,cn_research_factor_pack_v2,fundamental_pit_feature_layer,45.0,CSRank($fund_netprofit_margin),fund_netprofit_margin
runtime\cn_underutilized_field_factor_pack_v1_batched_selector256_20260601\selectors\capacity_liquidity_cost\aa\phase3e_selector_audit.csv,phase3aa_event_1173_cn_research_v2_fundamental_quality_0004,cn_research_factor_pack_v2,fundamental_pit_feature_layer,32.0,CSRank($fund_current_ratio),fund_current_ratio
runtime\cn_underutilized_field_factor_pack_v1_batched_selector256_20260601\selectors\capacity_liquidity_cost\aa\phase3e_selector_audit.csv,phase3aa_event_1171_cn_research_v2_fundamental_quality_0002,cn_research_factor_pack_v2,fundamental_pit_feature_layer,50.0,"CSRank(Mean($fund_cash_to_assets,5))",fund_cash_to_assets
runtime\cn_underutilized_field_factor_pack_v1_batched_selector256_20260601\selectors\capacity_liquidity_cost\aa\phase3e_selector_audit.csv,phase3aa_event_1170_cn_research_v2_fundamental_quality_0001,cn_research_factor_pack_v2,fundamental_pit_feature_layer,23.0,CSRank($fund_cash_to_assets),fund_cash_to_assets
runtime\cn_underutilized_field_factor_pack_v1_batched_selector256_20260601\selectors\capacity_liquidity_cost\aa\phase3e_selector_audit.csv,phase3aa_event_0503_cn_underutil_v1_fundamental_capacity_value_0335,cn_underutilized_field_factor_pack_v1,fundamental_pit_feature_layer,28.0,"CSRank(Div($fund_parent_netprofit,Add(Abs($final_float_market_cap),0.000001)))",final_float_market_cap|fund_parent_netprofit
runtime\cn_underutilized_field_factor_pack_v1_batched_selector256_20260601\selectors\capacity_liquidity_cost\aa\phase3e_selector_audit.csv,phase3aa_event_0502_cn_underutil_v1_fundamental_capacity_value_0334,cn_underutilized_field_factor_pack_v1,fundamental_pit_feature_layer,64.0,"CSRank(Div($fund_total_operate_income,Add(Abs($final_float_market_cap),0.000001)))",final_float_market_cap|fund_total_operate_income
runtime\cn_underutilized_field_factor_pack_v1_batched_selector256_20260601\selectors\event_seal_flow\aa\phase3e_selector_audit.csv,phase3aa_event_0433_cn_underutil_v1_event_x_seal_flow_0243,cn_underutilized_field_factor_pack_v1,event_derived_feature_layer,62.0,"CSRank(Mul(ZScore(Mean($limit_up_touch_not_close_count_t5,5)),ZScore(Mean($seal_circulation_rate,5))))",limit_up_touch_not_close_count_t5|seal_circulation_rate
runtime\cn_underutilized_field_factor_pack_v1_batched_selector256_20260601\selectors\event_seal_flow\aa\phase3e_selector_audit.csv,phase3aa_event_0432_cn_underutil_v1_event_x_seal_flow_0242,cn_underutilized_field_factor_pack_v1,event_derived_feature_layer,52.0,"CSRank(Mul(ZScore(Mean($limit_up_touch_not_close_count_t5,3)),ZScore(Mean($seal_circulation_rate,3))))",limit_up_touch_not_close_count_t5|seal_circulation_rate
runtime\cn_underutilized_field_factor_pack_v1_batched_selector256_20260601\selectors\event_seal_flow\aa\phase3e_selector_audit.csv,phase3aa_event_0431_cn_underutil_v1_event_x_seal_flow_0241,cn_underutilized_field_factor_pack_v1,event_derived_feature_layer,58.0,"CSRank(Mul(ZScore(Mean($limit_up_touch_not_close_count_t5,5)),ZScore(Mean($seal_rate,5))))",limit_up_touch_not_close_count_t5|seal_rate
runtime\cn_underutilized_field_factor_pack_v1_batched_selector256_20260601\selectors\event_seal_flow\aa\phase3e_selector_audit.csv,phase3aa_event_0430_cn_underutil_v1_event_x_seal_flow_0240,cn_underutilized_field_factor_pack_v1,event_derived_feature_layer,53.0,"CSRank(Mul(ZScore(Mean($limit_up_touch_not_close_count_t5,3)),ZScore(Mean($seal_rate,3))))",limit_up_touch_not_close_count_t5|seal_rate
runtime\cn_underutilized_field_factor_pack_v1_batched_selector256_20260601\selectors\event_seal_flow\aa\phase3e_selector_audit.csv,phase3aa_event_0427_cn_underutil_v1_event_x_seal_flow_0237,cn_underutilized_field_factor_pack_v1,event_derived_feature_layer,60.0,"CSRank(Mul(ZScore(Mean($limit_up_touch_not_close_count_t3,5)),ZScore(Mean($seal_circulation_rate,5))))",limit_up_touch_not_close_count_t3|seal_circulation_rate
runtime\cn_underutilized_field_factor_pack_v1_batched_selector256_20260601\selectors\event_seal_flow\aa\phase3e_selector_audit.csv,phase3aa_event_0426_cn_underutil_v1_event_x_seal_flow_0236,cn_underutilized_field_factor_pack_v1,event_derived_feature_layer,44.0,"CSRank(Mul(ZScore(Mean($limit_up_touch_not_close_count_t3,3)),ZScore(Mean($seal_circulation_rate,3))))",limit_up_touch_not_close_count_t3|seal_circulation_rate
runtime\cn_underutilized_field_factor_pack_v1_batched_selector256_20260601\selectors\event_seal_flow\aa\phase3e_selector_audit.csv,phase3aa_event_0425_cn_underutil_v1_event_x_seal_flow_0235,cn_underutilized_field_factor_pack_v1,event_derived_feature_layer,48.0,"CSRank(Mul(ZScore(Mean($limit_up_touch_not_close_count_t3,5)),ZScore(Mean($seal_rate,5))))",limit_up_touch_not_close_count_t3|seal_rate
runtime\cn_underutilized_field_factor_pack_v1_batched_selector256_20260601\selectors\event_seal_flow\aa\phase3e_selector_audit.csv,phase3aa_event_0421_cn_underutil_v1_event_x_seal_flow_0195,cn_underutilized_field_factor_pack_v1,event_derived_feature_layer,56.0,"CSRank(Mul(ZScore(Mean($limit_up_close_count_t2,5)),ZScore(Mean($seal_circulation_rate,5))))",limit_up_close_count_t2|seal_circulation_rate
runtime\cn_underutilized_field_factor_pack_v1_batched_selector256_20260601\selectors\event_seal_flow\aa\phase3e_selector_audit.csv,phase3aa_event_0420_cn_underutil_v1_event_x_seal_flow_0194,cn_underutilized_field_factor_pack_v1,event_derived_feature_layer,46.0,"CSRank(Mul(ZScore(Mean($limit_up_close_count_t2,3)),ZScore(Mean($seal_circulation_rate,3))))",limit_up_close_count_t2|seal_circulation_rate
runtime\cn_underutilized_field_factor_pack_v1_batched_selector256_20260601\selectors\event_seal_flow\aa\phase3e_selector_audit.csv,phase3aa_event_0415_cn_underutil_v1_event_x_seal_flow_0189,cn_underutilized_field_factor_pack_v1,event_derived_feature_layer,57.0,"CSRank(Mul(ZScore(Mean($limit_up_any_open_not_close_in_t3,5)),ZScore(Mean($seal_circulation_rate,5))))",limit_up_any_open_not_close_in_t3|seal_circulation_rate
runtime\cn_underutilized_field_factor_pack_v1_batched_selector256_20260601\selectors\event_seal_flow\aa\phase3e_selector_audit.csv,phase3aa_event_0413_cn_underutil_v1_event_x_seal_flow_0187,cn_underutilized_field_factor_pack_v1,event_derived_feature_layer,49.0,"CSRank(Mul(ZScore(Mean($limit_up_any_open_not_close_in_t3,5)),ZScore(Mean($seal_rate,5))))",limit_up_any_open_not_close_in_t3|seal_rate
runtime\cn_underutilized_field_factor_pack_v1_batched_selector256_20260601\selectors\event_seal_flow\aa\phase3e_selector_audit.csv,phase3aa_event_0408_cn_underutil_v1_event_x_seal_flow_0182,cn_underutilized_field_factor_pack_v1,event_derived_feature_layer,26.0,"CSRank(Mul(ZScore(Mean($limit_up_any_close_not_open_in_t3,3)),ZScore(Mean($seal_circulation_rate,3))))",limit_up_any_close_not_open_in_t3|seal_circulation_rate
runtime\cn_underutilized_field_factor_pack_v1_batched_selector256_20260601\selectors\event_seal_flow\aa\phase3e_selector_audit.csv,phase3aa_event_0276_cn_flow_liq_v1_event_x_flow_liquidity_0276,cn_flow_liquidity_factor_pack_v1,event_derived_feature_layer,21.0,"CSRank(Mul(ZScore(Mean($plate_score,10)),ZScore(Mean($seal_circulation_rate,10))))",plate_score|seal_circulation_rate
runtime\cn_underutilized_field_factor_pack_v1_batched_selector256_20260601\selectors\event_seal_flow\aa\phase3e_selector_audit.csv,phase3aa_event_0275_cn_flow_liq_v1_event_x_flow_liquidity_0275,cn_flow_liquidity_factor_pack_v1,event_derived_feature_layer,20.0,"CSRank(Mul(ZScore(Mean($plate_score,5)),ZScore(Mean($seal_circulation_rate,5))))",plate_score|seal_circulation_rate
runtime\cn_underutilized_field_factor_pack_v1_batched_selector256_20260601\selectors\event_seal_flow\aa\phase3e_selector_audit.csv,phase3aa_event_0274_cn_flow_liq_v1_event_x_flow_liquidity_0274,cn_flow_liquidity_factor_pack_v1,event_derived_feature_layer,23.0,"CSRank(Mul(ZScore(Mean($plate_score,3)),ZScore(Mean($seal_circulation_rate,3))))",plate_score|seal_circulation_rate
runtime\cn_underutilized_field_factor_pack_v1_batched_selector256_20260601\selectors\event_seal_flow\aa\phase3e_selector_audit.csv,phase3aa_event_0273_cn_flow_liq_v1_event_x_flow_liquidity_0273,cn_flow_liquidity_factor_pack_v1,event_derived_feature_layer,19.0,"CSRank(Mul(ZScore(Mean($plate_score,10)),ZScore(Mean($seal_rate,10))))",plate_score|seal_rate
runtime\cn_underutilized_field_factor_pack_v1_batched_selector256_20260601\selectors\event_seal_flow\aa\phase3e_selector_audit.csv,phase3aa_event_0272_cn_flow_liq_v1_event_x_flow_liquidity_0272,cn_flow_liquidity_factor_pack_v1,event_derived_feature_layer,24.0,"CSRank(Mul(ZScore(Mean($plate_score,5)),ZScore(Mean($seal_rate,5))))",plate_score|seal_rate
runtime\cn_underutilized_field_factor_pack_v1_batched_selector256_20260601\selectors\event_seal_flow\aa\phase3e_selector_audit.csv,phase3aa_event_0271_cn_flow_liq_v1_event_x_flow_liquidity_0271,cn_flow_liquidity_factor_pack_v1,event_derived_feature_layer,22.0,"CSRank(Mul(ZScore(Mean($plate_score,3)),ZScore(Mean($seal_rate,3))))",plate_score|seal_rate
runtime\cn_underutilized_field_factor_pack_v1_batched_selector256_20260601\selectors\event_seal_flow\aa\phase3e_selector_audit.csv,phase3aa_event_0270_cn_flow_liq_v1_event_x_flow_liquidity_0270,cn_flow_liquidity_factor_pack_v1,event_derived_feature_layer,31.0,"CSRank(Mul(ZScore(Mean($plate_score,10)),ZScore(Mean($seal_money,10))))",plate_score|seal_money
runtime\cn_underutilized_field_factor_pack_v1_batched_selector256_20260601\selectors\event_seal_flow\aa\phase3e_selector_audit.csv,phase3aa_event_0269_cn_flow_liq_v1_event_x_flow_liquidity_0269,cn_flow_liquidity_factor_pack_v1,event_derived_feature_layer,27.0,"CSRank(Mul(ZScore(Mean($plate_score,5)),ZScore(Mean($seal_money,5))))",plate_score|seal_money
runtime\cn_underutilized_field_factor_pack_v1_batched_selector256_20260601\selectors\event_seal_flow\aa\phase3e_selector_audit.csv,phase3aa_event_0268_cn_flow_liq_v1_event_x_flow_liquidity_0268,cn_flow_liquidity_factor_pack_v1,event_derived_feature_layer,43.0,"CSRank(Mul(ZScore(Mean($plate_score,3)),ZScore(Mean($seal_money,3))))",plate_score|seal_money
runtime\cn_underutilized_field_factor_pack_v1_batched_selector256_20260601\selectors\event_seal_flow\aa\phase3e_selector_audit.csv,phase3aa_event_0267_cn_flow_liq_v1_event_x_flow_liquidity_0267,cn_flow_liquidity_factor_pack_v1,event_derived_feature_layer,34.0,"CSRank(Mul(ZScore(Mean($plate_score,10)),ZScore(Mean($turnover_ratio_real,10))))",plate_score|turnover_ratio_real
runtime\cn_underutilized_field_factor_pack_v1_batched_selector256_20260601\selectors\event_seal_flow\aa\phase3e_selector_audit.csv,phase3aa_event_0266_cn_flow_liq_v1_event_x_flow_liquidity_0266,cn_flow_liquidity_factor_pack_v1,event_derived_feature_layer,35.0,"CSRank(Mul(ZScore(Mean($plate_score,5)),ZScore(Mean($turnover_ratio_real,5))))",plate_score|turnover_ratio_real
runtime\cn_underutilized_field_factor_pack_v1_batched_selector256_20260601\selectors\event_seal_flow\aa\phase3e_selector_audit.csv,phase3aa_event_0265_cn_flow_liq_v1_event_x_flow_liquidity_0265,cn_flow_liquidity_factor_pack_v1,event_derived_feature_layer,32.0,"CSRank(Mul(ZScore(Mean($plate_score,3)),ZScore(Mean($turnover_ratio_real,3))))",plate_score|turnover_ratio_real
runtime\cn_underutilized_field_factor_pack_v1_batched_selector256_20260601\selectors\event_seal_flow\aa\phase3e_selector_audit.csv,phase3aa_event_0264_cn_flow_liq_v1_event_x_flow_liquidity_0264,cn_flow_liquidity_factor_pack_v1,event_derived_feature_layer,30.0,"CSRank(Mul(ZScore(Mean($plate_score,10)),ZScore(Mean($turnover_ratio,10))))",plate_score|turnover_ratio
runtime\cn_underutilized_field_factor_pack_v1_batched_selector256_20260601\selectors\event_seal_flow\aa\phase3e_selector_audit.csv,phase3aa_event_0263_cn_flow_liq_v1_event_x_flow_liquidity_0263,cn_flow_liquidity_factor_pack_v1,event_derived_feature_layer,28.0,"CSRank(Mul(ZScore(Mean($plate_score,5)),ZScore(Mean($turnover_ratio,5))))",plate_score|turnover_ratio
runtime\cn_underutilized_field_factor_pack_v1_batched_selector256_20260601\selectors\event_seal_flow\aa\phase3e_selector_audit.csv,phase3aa_event_0262_cn_flow_liq_v1_event_x_flow_liquidity_0262,cn_flow_liquidity_factor_pack_v1,event_derived_feature_layer,36.0,"CSRank(Mul(ZScore(Mean($plate_score,3)),ZScore(Mean($turnover_ratio,3))))",plate_score|turnover_ratio
runtime\cn_underutilized_field_factor_pack_v1_batched_selector256_20260601\selectors\event_seal_flow\aa\phase3e_selector_audit.csv,phase3aa_event_0261_cn_flow_liq_v1_event_x_flow_liquidity_0261,cn_flow_liquidity_factor_pack_v1,event_derived_feature_layer,33.0,"CSRank(Mul(ZScore(Mean($plate_score,10)),ZScore(Mean($amount,10))))",amount|plate_score
runtime\cn_underutilized_field_factor_pack_v1_batched_selector256_20260601\selectors\event_seal_flow\aa\phase3e_selector_audit.csv,phase3aa_event_0260_cn_flow_liq_v1_event_x_flow_liquidity_0260,cn_flow_liquidity_factor_pack_v1,event_derived_feature_layer,25.0,"CSRank(Mul(ZScore(Mean($plate_score,5)),ZScore(Mean($amount,5))))",amount|plate_score
runtime\cn_underutilized_field_factor_pack_v1_batched_selector256_20260601\selectors\event_seal_flow\aa\phase3e_selector_audit.csv,phase3aa_event_0259_cn_flow_liq_v1_event_x_flow_liquidity_0259,cn_flow_liquidity_factor_pack_v1,event_derived_feature_layer,29.0,"CSRank(Mul(ZScore(Mean($plate_score,3)),ZScore(Mean($amount,3))))",amount|plate_score
runtime\cn_underutilized_field_factor_pack_v1_batched_selector256_20260601\selectors\event_seal_flow\aa\phase3e_selector_audit.csv,phase3aa_event_0258_cn_flow_liq_v1_event_x_flow_liquidity_0258,cn_flow_liquidity_factor_pack_v1,event_derived_feature_layer,45.0,"CSRank(Mul(ZScore(Mean($open_board_record,10)),ZScore(Mean($seal_circulation_rate,10))))",open_board_record|seal_circulation_rate
runtime\cn_underutilized_field_factor_pack_v1_batched_selector256_20260601\selectors\event_seal_flow\aa\phase3e_selector_audit.csv,phase3aa_event_0256_cn_flow_liq_v1_event_x_flow_liquidity_0256,cn_flow_liquidity_factor_pack_v1,event_derived_feature_layer,59.0,"CSRank(Mul(ZScore(Mean($open_board_record,3)),ZScore(Mean($seal_circulation_rate,3))))",open_board_record|seal_circulation_rate
runtime\cn_underutilized_field_factor_pack_v1_batched_selector256_20260601\selectors\event_seal_flow\aa\phase3e_selector_audit.csv,phase3aa_event_0255_cn_flow_liq_v1_event_x_flow_liquidity_0255,cn_flow_liquidity_factor_pack_v1,event_derived_feature_layer,51.0,"CSRank(Mul(ZScore(Mean($open_board_record,10)),ZScore(Mean($seal_rate,10))))",open_board_record|seal_rate
runtime\cn_underutilized_field_factor_pack_v1_batched_selector256_20260601\selectors\event_seal_flow\aa\phase3e_selector_audit.csv,phase3aa_event_0253_cn_flow_liq_v1_event_x_flow_liquidity_0253,cn_flow_liquidity_factor_pack_v1,event_derived_feature_layer,63.0,"CSRank(Mul(ZScore(Mean($open_board_record,3)),ZScore(Mean($seal_rate,3))))",open_board_record|seal_rate
runtime\cn_underutilized_field_factor_pack_v1_batched_selector256_20260601\selectors\event_seal_flow\aa\phase3e_selector_audit.csv,phase3aa_event_0204_cn_flow_liq_v1_event_x_flow_liquidity_0204,cn_flow_liquidity_factor_pack_v1,event_derived_feature_layer,55.0,"CSRank(Mul(ZScore(Mean($limit_up_close_count_t5,10)),ZScore(Mean($seal_circulation_rate,10))))",limit_up_close_count_t5|seal_circulation_rate
runtime\cn_underutilized_field_factor_pack_v1_batched_selector256_20260601\selectors\event_seal_flow\aa\phase3e_selector_audit.csv,phase3aa_event_0203_cn_flow_liq_v1_event_x_flow_liquidity_0203,cn_flow_liquidity_factor_pack_v1,event_derived_feature_layer,61.0,"CSRank(Mul(ZScore(Mean($limit_up_close_count_t5,5)),ZScore(Mean($seal_circulation_rate,5))))",limit_up_close_count_t5|seal_circulation_rate
runtime\cn_underutilized_field_factor_pack_v1_batched_selector256_20260601\selectors\event_seal_flow\aa\phase3e_selector_audit.csv,phase3aa_event_0202_cn_flow_liq_v1_event_x_flow_liquidity_0202,cn_flow_liquidity_factor_pack_v1,event_derived_feature_layer,64.0,"CSRank(Mul(ZScore(Mean($limit_up_close_count_t5,3)),ZScore(Mean($seal_circulation_rate,3))))",limit_up_close_count_t5|seal_circulation_rate
runtime\cn_underutilized_field_factor_pack_v1_batched_selector256_20260601\selectors\event_seal_flow\aa\phase3e_selector_audit.csv,phase3aa_event_0201_cn_flow_liq_v1_event_x_flow_liquidity_0201,cn_flow_liquidity_factor_pack_v1,event_derived_feature_layer,47.0,"CSRank(Mul(ZScore(Mean($limit_up_close_count_t5,10)),ZScore(Mean($seal_rate,10))))",limit_up_close_count_t5|seal_rate
runtime\cn_underutilized_field_factor_pack_v1_batched_selector256_20260601\selectors\event_seal_flow\aa\phase3e_selector_audit.csv,phase3aa_event_0200_cn_flow_liq_v1_event_x_flow_liquidity_0200,cn_flow_liquidity_factor_pack_v1,event_derived_feature_layer,50.0,"CSRank(Mul(ZScore(Mean($limit_up_close_count_t5,5)),ZScore(Mean($seal_rate,5))))",limit_up_close_count_t5|seal_rate
runtime\cn_underutilized_field_factor_pack_v1_batched_selector256_20260601\selectors\event_seal_flow\aa\phase3e_selector_audit.csv,phase3aa_event_0199_cn_flow_liq_v1_event_x_flow_liquidity_0199,cn_flow_liquidity_factor_pack_v1,event_derived_feature_layer,54.0,"CSRank(Mul(ZScore(Mean($limit_up_close_count_t5,3)),ZScore(Mean($seal_rate,3))))",limit_up_close_count_t5|seal_rate
runtime\cn_underutilized_field_factor_pack_v1_batched_selector256_20260601\selectors\event_seal_flow\aa\phase3e_selector_audit.csv,phase3aa_event_0403_cn_underutil_v1_seal_to_amount_0177,cn_underutilized_field_factor_pack_v1,research_factor_feature_layer,14.0,"CSRank(Div(Mean($seal_circulation_rate,10),Add(Abs(Mean($amount,10)),0.000001)))",amount|seal_circulation_rate
runtime\cn_underutilized_field_factor_pack_v1_batched_selector256_20260601\selectors\event_seal_flow\aa\phase3e_selector_audit.csv,phase3aa_event_0402_cn_underutil_v1_seal_to_amount_0176,cn_underutilized_field_factor_pack_v1,research_factor_feature_layer,18.0,"CSRank(Div(Mean($seal_circulation_rate,5),Add(Abs(Mean($amount,5)),0.000001)))",amount|seal_circulation_rate
runtime\cn_underutilized_field_factor_pack_v1_batched_selector256_20260601\selectors\event_seal_flow\aa\phase3e_selector_audit.csv,phase3aa_event_0401_cn_underutil_v1_seal_to_amount_0175,cn_underutilized_field_factor_pack_v1,research_factor_feature_layer,16.0,"CSRank(Div(Mean($seal_circulation_rate,3),Add(Abs(Mean($amount,3)),0.000001)))",amount|seal_circulation_rate
runtime\cn_underutilized_field_factor_pack_v1_batched_selector256_20260601\selectors\event_seal_flow\aa\phase3e_selector_audit.csv,phase3aa_event_0400_cn_underutil_v1_limit_seal_flow_0174,cn_underutilized_field_factor_pack_v1,research_factor_feature_layer,7.0,"CSRank(Delta($seal_circulation_rate,10))",seal_circulation_rate
runtime\cn_underutilized_field_factor_pack_v1_batched_selector256_20260601\selectors\event_seal_flow\aa\phase3e_selector_audit.csv,phase3aa_event_0399_cn_underutil_v1_limit_seal_flow_0173,cn_underutilized_field_factor_pack_v1,research_factor_feature_layer,5.0,"CSRank(Mean($seal_circulation_rate,10))",seal_circulation_rate
runtime\cn_underutilized_field_factor_pack_v1_batched_selector256_20260601\selectors\event_seal_flow\aa\phase3e_selector_audit.csv,phase3aa_event_0398_cn_underutil_v1_limit_seal_flow_0172,cn_underutilized_field_factor_pack_v1,research_factor_feature_layer,2.0,"CSRank(Delta($seal_circulation_rate,5))",seal_circulation_rate
runtime\cn_underutilized_field_factor_pack_v1_batched_selector256_20260601\selectors\event_seal_flow\aa\phase3e_selector_audit.csv,phase3aa_event_0397_cn_underutil_v1_limit_seal_flow_0171,cn_underutilized_field_factor_pack_v1,research_factor_feature_layer,4.0,"CSRank(Mean($seal_circulation_rate,5))",seal_circulation_rate
runtime\cn_underutilized_field_factor_pack_v1_batched_selector256_20260601\selectors\event_seal_flow\aa\phase3e_selector_audit.csv,phase3aa_event_0396_cn_underutil_v1_limit_seal_flow_0170,cn_underutilized_field_factor_pack_v1,research_factor_feature_layer,12.0,"CSRank(Delta($seal_circulation_rate,3))",seal_circulation_rate
runtime\cn_underutilized_field_factor_pack_v1_batched_selector256_20260601\selectors\event_seal_flow\aa\phase3e_selector_audit.csv,phase3aa_event_0395_cn_underutil_v1_limit_seal_flow_0169,cn_underutilized_field_factor_pack_v1,research_factor_feature_layer,10.0,"CSRank(Mean($seal_circulation_rate,3))",seal_circulation_rate
runtime\cn_underutilized_field_factor_pack_v1_batched_selector256_20260601\selectors\event_seal_flow\aa\phase3e_selector_audit.csv,phase3aa_event_0394_cn_underutil_v1_limit_seal_flow_0168,cn_underutilized_field_factor_pack_v1,research_factor_feature_layer,6.0,"CSRank(Delta($seal_circulation_rate,2))",seal_circulation_rate
runtime\cn_underutilized_field_factor_pack_v1_batched_selector256_20260601\selectors\event_seal_flow\aa\phase3e_selector_audit.csv,phase3aa_event_0393_cn_underutil_v1_limit_seal_flow_0167,cn_underutilized_field_factor_pack_v1,research_factor_feature_layer,13.0,"CSRank(Mean($seal_circulation_rate,2))",seal_circulation_rate
runtime\cn_underutilized_field_factor_pack_v1_batched_selector256_20260601\selectors\event_seal_flow\aa\phase3e_selector_audit.csv,phase3aa_event_0392_cn_underutil_v1_seal_to_amount_0166,cn_underutilized_field_factor_pack_v1,research_factor_feature_layer,15.0,"CSRank(Div(Mean($seal_rate,10),Add(Abs(Mean($amount,10)),0.000001)))",amount|seal_rate
runtime\cn_underutilized_field_factor_pack_v1_batched_selector256_20260601\selectors\event_seal_flow\aa\phase3e_selector_audit.csv,phase3aa_event_0391_cn_underutil_v1_seal_to_amount_0165,cn_underutilized_field_factor_pack_v1,research_factor_feature_layer,17.0,"CSRank(Div(Mean($seal_rate,5),Add(Abs(Mean($amount,5)),0.000001)))",amount|seal_rate
runtime\cn_underutilized_field_factor_pack_v1_batched_selector256_20260601\selectors\event_seal_flow\aa\phase3e_selector_audit.csv,phase3aa_event_0390_cn_underutil_v1_seal_to_amount_0164,cn_underutilized_field_factor_pack_v1,research_factor_feature_layer,3.0,"CSRank(Div(Mean($seal_rate,3),Add(Abs(Mean($amount,3)),0.000001)))",amount|seal_rate
runtime\cn_underutilized_field_factor_pack_v1_batched_selector256_20260601\selectors\event_seal_flow\aa\phase3e_selector_audit.csv,phase3aa_event_0389_cn_underutil_v1_limit_seal_flow_0163,cn_underutilized_field_factor_pack_v1,research_factor_feature_layer,9.0,"CSRank(Delta($seal_rate,10))",seal_rate
runtime\cn_underutilized_field_factor_pack_v1_batched_selector256_20260601\selectors\event_seal_flow\aa\phase3e_selector_audit.csv,phase3aa_event_0388_cn_underutil_v1_limit_seal_flow_0162,cn_underutilized_field_factor_pack_v1,research_factor_feature_layer,1.0,"CSRank(Mean($seal_rate,10))",seal_rate
runtime\cn_underutilized_field_factor_pack_v1_batched_selector256_20260601\selectors\event_seal_flow\aa\phase3e_selector_audit.csv,phase3aa_event_0387_cn_underutil_v1_limit_seal_flow_0161,cn_underutilized_field_factor_pack_v1,research_factor_feature_layer,11.0,"CSRank(Delta($seal_rate,5))",seal_rate
runtime\cn_underutilized_field_factor_pack_v1_batched_selector256_20260601\selectors\event_seal_flow\aa\phase3e_selector_audit.csv,phase3aa_event_0386_cn_underutil_v1_limit_seal_flow_0160,cn_underutilized_field_factor_pack_v1,research_factor_feature_layer,8.0,"CSRank(Mean($seal_rate,5))",seal_rate
runtime\cn_underutilized_field_factor_pack_v1_batched_selector256_20260601\selectors\event_seal_flow\aa\phase3e_selector_audit.csv,phase3aa_event_1209_cn_research_v2_fundamental_size_residual_0040,cn_research_factor_pack_v2,fundamental_pit_feature_layer,40.0,"CSRank(CSResidual(Log($fund_total_assets),Log($fund_total_assets)))",fund_total_assets
runtime\cn_underutilized_field_factor_pack_v1_batched_selector256_20260601\selectors\event_seal_flow\aa\phase3e_selector_audit.csv,phase3aa_event_1204_cn_research_v2_fundamental_risk_inverse_0035,cn_research_factor_pack_v2,fundamental_pit_feature_layer,41.0,"Neg(CSRank(Mean($fund_goodwill_to_assets,5)))",fund_goodwill_to_assets
runtime\cn_underutilized_field_factor_pack_v1_batched_selector256_20260601\selectors\event_seal_flow\aa\phase3e_selector_audit.csv,phase3aa_event_1202_cn_research_v2_fundamental_risk_inverse_0033,cn_research_factor_pack_v2,fundamental_pit_feature_layer,42.0,"Neg(CSRank(Delta($fund_debt_to_assets,20)))",fund_debt_to_assets
runtime\cn_underutilized_field_factor_pack_v1_batched_selector256_20260601\selectors\event_seal_flow\aa\phase3e_selector_audit.csv,phase3aa_event_1199_cn_research_v2_fundamental_quality_0030,cn_research_factor_pack_v2,fundamental_pit_feature_layer,38.0,"CSRank(Delta($fund_float_share_ratio_cninfo,20))",fund_float_share_ratio_cninfo
runtime\cn_underutilized_field_factor_pack_v1_batched_selector256_20260601\selectors\event_seal_flow\aa\phase3e_selector_audit.csv,phase3aa_event_1190_cn_research_v2_fundamental_quality_0021,cn_research_factor_pack_v2,fundamental_pit_feature_layer,39.0,"CSRank(Delta($fund_top1_holder_pct,20))",fund_top1_holder_pct
runtime\cn_underutilized_field_factor_pack_v1_batched_selector256_20260601\selectors\event_seal_flow\aa\phase3e_selector_audit.csv,phase3aa_event_1185_cn_research_v2_fundamental_quality_0016,cn_research_factor_pack_v2,fundamental_pit_feature_layer,37.0,CSRank($fund_research_to_income),fund_research_to_income
runtime\cn_underutilized_field_factor_pack_v1_batched_selector256_20260601\selectors\fund_theme_activity\aa\phase3e_selector_audit.csv,phase3aa_event_1243_cn_research_v2_fundamental_x_event_0074,cn_research_factor_pack_v2,event_derived_feature_layer,1.0,"CSRank(Mul($fund_research_to_income,$open_board_record))",fund_research_to_income|open_board_record
runtime\cn_underutilized_field_factor_pack_v1_batched_selector256_20260601\selectors\fund_theme_activity\aa\phase3e_selector_audit.csv,phase3aa_event_1242_cn_research_v2_fundamental_x_event_0073,cn_research_factor_pack_v2,event_derived_feature_layer,35.0,"CSRank(Mul($fund_research_to_income,$limit_up_close_count_t3))",fund_research_to_income|limit_up_close_count_t3
runtime\cn_underutilized_field_factor_pack_v1_batched_selector256_20260601\selectors\fund_theme_activity\aa\phase3e_selector_audit.csv,phase3aa_event_1239_cn_research_v2_fundamental_x_event_0070,cn_research_factor_pack_v2,event_derived_feature_layer,24.0,"CSRank(Mul($fund_research_to_income,$limit_up_any_close_not_open_in_t2))",fund_research_to_income|limit_up_any_close_not_open_in_t2
runtime\cn_underutilized_field_factor_pack_v1_batched_selector256_20260601\selectors\fund_theme_activity\aa\phase3e_selector_audit.csv,phase3aa_event_1238_cn_research_v2_fundamental_x_event_0069,cn_research_factor_pack_v2,event_derived_feature_layer,37.0,"CSRank(Mul($fund_ocf_to_assets,$open_board_record))",fund_ocf_to_assets|open_board_record
runtime\cn_underutilized_field_factor_pack_v1_batched_selector256_20260601\selectors\fund_theme_activity\aa\phase3e_selector_audit.csv,phase3aa_event_1237_cn_research_v2_fundamental_x_event_0068,cn_research_factor_pack_v2,event_derived_feature_layer,36.0,"CSRank(Mul($fund_ocf_to_assets,$limit_up_close_count_t3))",fund_ocf_to_assets|limit_up_close_count_t3
runtime\cn_underutilized_field_factor_pack_v1_batched_selector256_20260601\selectors\fund_theme_activity\aa\phase3e_selector_audit.csv,phase3aa_event_1234_cn_research_v2_fundamental_x_event_0065,cn_research_factor_pack_v2,event_derived_feature_layer,33.0,"CSRank(Mul($fund_ocf_to_assets,$limit_up_any_close_not_open_in_t2))",fund_ocf_to_assets|limit_up_any_close_not_open_in_t2
runtime\cn_underutilized_field_factor_pack_v1_batched_selector256_20260601\selectors\fund_theme_activity\aa\phase3e_selector_audit.csv,phase3aa_event_1233_cn_research_v2_fundamental_x_event_0064,cn_research_factor_pack_v2,event_derived_feature_layer,26.0,"CSRank(Mul($fund_ocf_to_netprofit,$open_board_record))",fund_ocf_to_netprofit|open_board_record
runtime\cn_underutilized_field_factor_pack_v1_batched_selector256_20260601\selectors\fund_theme_activity\aa\phase3e_selector_audit.csv,phase3aa_event_1232_cn_research_v2_fundamental_x_event_0063,cn_research_factor_pack_v2,event_derived_feature_layer,27.0,"CSRank(Mul($fund_ocf_to_netprofit,$limit_up_close_count_t3))",fund_ocf_to_netprofit|limit_up_close_count_t3
runtime\cn_underutilized_field_factor_pack_v1_batched_selector256_20260601\selectors\fund_theme_activity\aa\phase3e_selector_audit.csv,phase3aa_event_1230_cn_research_v2_fundamental_x_event_0061,cn_research_factor_pack_v2,event_derived_feature_layer,34.0,"CSRank(Mul($fund_ocf_to_netprofit,$limit_up_any_open_not_close_in_t2))",fund_ocf_to_netprofit|limit_up_any_open_not_close_in_t2
runtime\cn_underutilized_field_factor_pack_v1_batched_selector256_20260601\selectors\fund_theme_activity\aa\phase3e_selector_audit.csv,phase3aa_event_1226_cn_research_v2_fundamental_x_event_0057,cn_research_factor_pack_v2,event_derived_feature_layer,25.0,"CSRank(Mul($fund_netprofit_margin,$limit_up_touch_not_close_count_t5))",fund_netprofit_margin|limit_up_touch_not_close_count_t5
runtime\cn_underutilized_field_factor_pack_v1_batched_selector256_20260601\selectors\fund_theme_activity\aa\phase3e_selector_audit.csv,phase3aa_event_1163_cn_factor_event_x_theme_0754,cn_field_factor_pack_v1,event_derived_feature_layer,53.0,"CSRank(Mul(ZScore(Mean($limit_up_open_not_close_count_t10,5)),ZScore($plate_score)))",limit_up_open_not_close_count_t10|plate_score
runtime\cn_underutilized_field_factor_pack_v1_batched_selector256_20260601\selectors\fund_theme_activity\aa\phase3e_selector_audit.csv,phase3aa_event_1161_cn_factor_event_x_theme_0752,cn_field_factor_pack_v1,event_derived_feature_layer,31.0,"CSRank(Mul(ZScore(Mean($limit_up_close_not_open_count_t8,5)),ZScore($plate_score)))",limit_up_close_not_open_count_t8|plate_score
runtime\cn_underutilized_field_factor_pack_v1_batched_selector256_20260601\selectors\fund_theme_activity\aa\phase3e_selector_audit.csv,phase3aa_event_1155_cn_factor_event_x_theme_0746,cn_field_factor_pack_v1,event_derived_feature_layer,4.0,"CSRank(Mul(ZScore(Mean($limit_up_close_not_open_count_t2,5)),ZScore($plate_score)))",limit_up_close_not_open_count_t2|plate_score
runtime\cn_underutilized_field_factor_pack_v1_batched_selector256_20260601\selectors\fund_theme_activity\aa\phase3e_selector_audit.csv,phase3aa_event_0506_cn_underutil_v1_theme_activity_proxy_0344,cn_underutilized_field_factor_pack_v1,event_derived_feature_layer,17.0,"CSRank(Mul(ZScore(Mean($plate_score,10)),ZScore(Mean($volume,10))))",plate_score|volume
runtime\cn_underutilized_field_factor_pack_v1_batched_selector256_20260601\selectors\fund_theme_activity\aa\phase3e_selector_audit.csv,phase3aa_event_0505_cn_underutil_v1_theme_activity_proxy_0343,cn_underutilized_field_factor_pack_v1,event_derived_feature_layer,16.0,"CSRank(Mul(ZScore(Mean($plate_score,5)),ZScore(Mean($volume,5))))",plate_score|volume
runtime\cn_underutilized_field_factor_pack_v1_batched_selector256_20260601\selectors\fund_theme_activity\aa\phase3e_selector_audit.csv,phase3aa_event_0504_cn_underutil_v1_theme_activity_proxy_0342,cn_underutilized_field_factor_pack_v1,event_derived_feature_layer,15.0,"CSRank(Mul(ZScore(Mean($plate_score,3)),ZScore(Mean($volume,3))))",plate_score|volume
runtime\cn_underutilized_field_factor_pack_v1_batched_selector256_20260601\selectors\fund_theme_activity\aa\phase3e_selector_audit.csv,phase3aa_event_0501_cn_underutil_v1_fundamental_x_activity_0333,cn_underutilized_field_factor_pack_v1,research_factor_feature_layer,18.0,"Neg(CSRank(Mul(ZScore($fund_inventory_to_assets),ZScore(Div(Mean($volume,5),Add(Abs(Mean($volume,20)),0.000001))))))",fund_inventory_to_assets|volume
runtime\cn_underutilized_field_factor_pack_v1_batched_selector256_20260601\selectors\fund_theme_activity\aa\phase3e_selector_audit.csv,phase3aa_event_0496_cn_underutil_v1_fundamental_x_activity_0328,cn_underutilized_field_factor_pack_v1,research_factor_feature_layer,13.0,"Neg(CSRank(Mul(ZScore($fund_inventory_to_assets),ZScore(Div(Mean($amount,5),Add(Abs(Mean($amount,5)),0.000001))))))",amount|fund_inventory_to_assets
runtime\cn_underutilized_field_factor_pack_v1_batched_selector256_20260601\selectors\fund_theme_activity\aa\phase3e_selector_audit.csv,phase3aa_event_0493_cn_underutil_v1_fundamental_x_activity_0325,cn_underutilized_field_factor_pack_v1,research_factor_feature_layer,47.0,"Neg(CSRank(Mul(ZScore($fund_goodwill_to_assets),ZScore(Div(Mean($turnover_ratio,5),Add(Abs(Mean($turnover_ratio,20)),0.000001))))))",fund_goodwill_to_assets|turnover_ratio
runtime\cn_underutilized_field_factor_pack_v1_batched_selector256_20260601\selectors\fund_theme_activity\aa\phase3e_selector_audit.csv,phase3aa_event_0492_cn_underutil_v1_fundamental_x_activity_0324,cn_underutilized_field_factor_pack_v1,research_factor_feature_layer,30.0,"Neg(CSRank(Mul(ZScore($fund_goodwill_to_assets),ZScore(Div(Mean($turnover_ratio,5),Add(Abs(Mean($turnover_ratio,5)),0.000001))))))",fund_goodwill_to_assets|turnover_ratio
runtime\cn_underutilized_field_factor_pack_v1_batched_selector256_20260601\selectors\fund_theme_activity\aa\phase3e_selector_audit.csv,phase3aa_event_0468_cn_underutil_v1_fundamental_x_activity_0298,cn_underutilized_field_factor_pack_v1,research_factor_feature_layer,21.0,"CSRank(Mul(ZScore($fund_top10_holder_pct),ZScore(Div(Mean($amount,5),Add(Abs(Mean($amount,5)),0.000001)))))",amount|fund_top10_holder_pct
runtime\cn_underutilized_field_factor_pack_v1_batched_selector256_20260601\selectors\fund_theme_activity\aa\phase3e_selector_audit.csv,phase3aa_event_0467_cn_underutil_v1_fundamental_x_activity_0297,cn_underutilized_field_factor_pack_v1,research_factor_feature_layer,14.0,"CSRank(Mul(ZScore($fund_top1_holder_pct),ZScore(Div(Mean($volume,5),Add(Abs(Mean($volume,20)),0.000001)))))",fund_top1_holder_pct|volume
runtime\cn_underutilized_field_factor_pack_v1_batched_selector256_20260601\selectors\fund_theme_activity\aa\phase3e_selector_audit.csv,phase3aa_event_0464_cn_underutil_v1_fundamental_x_activity_0294,cn_underutilized_field_factor_pack_v1,research_factor_feature_layer,23.0,"CSRank(Mul(ZScore($fund_top1_holder_pct),ZScore(Div(Mean($turnover_ratio,5),Add(Abs(Mean($turnover_ratio,5)),0.000001)))))",fund_top1_holder_pct|turnover_ratio
runtime\cn_underutilized_field_factor_pack_v1_batched_selector256_20260601\selectors\fund_theme_activity\aa\phase3e_selector_audit.csv,phase3aa_event_0447_cn_underutil_v1_fundamental_x_activity_0276,cn_underutilized_field_factor_pack_v1,research_factor_feature_layer,32.0,"CSRank(Mul(ZScore($fund_ocf_to_assets),ZScore(Div(Mean($turnover_ratio,5),Add(Abs(Mean($turnover_ratio,5)),0.000001)))))",fund_ocf_to_assets|turnover_ratio
runtime\cn_underutilized_field_factor_pack_v1_batched_selector256_20260601\selectors\fund_theme_activity\aa\phase3e_selector_audit.csv,phase3aa_event_0443_cn_underutil_v1_fundamental_x_activity_0270,cn_underutilized_field_factor_pack_v1,research_factor_feature_layer,55.0,"CSRank(Mul(ZScore($fund_netprofit_margin),ZScore(Div(Mean($turnover_ratio,5),Add(Abs(Mean($turnover_ratio,5)),0.000001)))))",fund_netprofit_margin|turnover_ratio
runtime\cn_underutilized_field_factor_pack_v1_batched_selector256_20260601\selectors\fund_theme_activity\aa\phase3e_selector_audit.csv,phase3aa_event_0442_cn_underutil_v1_fundamental_x_activity_0268,cn_underutilized_field_factor_pack_v1,research_factor_feature_layer,28.0,"CSRank(Mul(ZScore($fund_netprofit_margin),ZScore(Div(Mean($amount,5),Add(Abs(Mean($amount,5)),0.000001)))))",amount|fund_netprofit_margin
runtime\cn_underutilized_field_factor_pack_v1_batched_selector256_20260601\selectors\fund_theme_activity\aa\phase3e_selector_audit.csv,phase3aa_event_0439_cn_underutil_v1_fundamental_x_activity_0264,cn_underutilized_field_factor_pack_v1,research_factor_feature_layer,19.0,"CSRank(Mul(ZScore($fund_current_ratio),ZScore(Div(Mean($turnover_ratio,5),Add(Abs(Mean($turnover_ratio,5)),0.000001)))))",fund_current_ratio|turnover_ratio
runtime\cn_underutilized_field_factor_pack_v1_batched_selector256_20260601\selectors\fund_theme_activity\aa\phase3e_selector_audit.csv,phase3aa_event_0436_cn_underutil_v1_fundamental_x_activity_0260,cn_underutilized_field_factor_pack_v1,research_factor_feature_layer,22.0,"CSRank(Mul(ZScore($fund_cash_to_assets),ZScore(Div(Mean($volume,5),Add(Abs(Mean($volume,5)),0.000001)))))",fund_cash_to_assets|volume
runtime\cn_underutilized_field_factor_pack_v1_batched_selector256_20260601\selectors\fund_theme_activity\aa\phase3e_selector_audit.csv,phase3aa_event_0306_cn_flow_liq_v1_fundamental_x_flow_0306,cn_flow_liquidity_factor_pack_v1,research_factor_feature_layer,2.0,"CSRank(Mul(ZScore($fund_netprofit_margin),ZScore(Div(Mean($turnover_ratio,5),Add(Abs(Mean($turnover_ratio,60)),0.000001)))))",fund_netprofit_margin|turnover_ratio
runtime\cn_underutilized_field_factor_pack_v1_batched_selector256_20260601\selectors\fund_theme_activity\aa\phase3e_selector_audit.csv,phase3aa_event_0304_cn_flow_liq_v1_fundamental_x_flow_0304,cn_flow_liquidity_factor_pack_v1,research_factor_feature_layer,64.0,"CSRank(Mul(ZScore($fund_netprofit_margin),ZScore(Div(Mean($turnover_ratio,5),Add(Abs(Mean($turnover_ratio,10)),0.000001)))))",fund_netprofit_margin|turnover_ratio
runtime\cn_underutilized_field_factor_pack_v1_batched_selector256_20260601\selectors\fund_theme_activity\aa\phase3e_selector_audit.csv,phase3aa_event_0303_cn_flow_liq_v1_fundamental_x_flow_0303,cn_flow_liquidity_factor_pack_v1,research_factor_feature_layer,8.0,"CSRank(Mul(ZScore($fund_netprofit_margin),ZScore(Div(Mean($amount,5),Add(Abs(Mean($amount,60)),0.000001)))))",amount|fund_netprofit_margin
runtime\cn_underutilized_field_factor_pack_v1_batched_selector256_20260601\selectors\fund_theme_activity\aa\phase3e_selector_audit.csv,phase3aa_event_0302_cn_flow_liq_v1_fundamental_x_flow_0302,cn_flow_liquidity_factor_pack_v1,research_factor_feature_layer,20.0,"CSRank(Mul(ZScore($fund_netprofit_margin),ZScore(Div(Mean($amount,5),Add(Abs(Mean($amount,20)),0.000001)))))",amount|fund_netprofit_margin
runtime\cn_underutilized_field_factor_pack_v1_batched_selector256_20260601\selectors\fund_theme_activity\aa\phase3e_selector_audit.csv,phase3aa_event_0300_cn_flow_liq_v1_fundamental_x_flow_0300,cn_flow_liquidity_factor_pack_v1,research_factor_feature_layer,10.0,"CSRank(Mul(ZScore($fund_current_ratio),ZScore(Div(Mean($turnover_ratio,5),Add(Abs(Mean($turnover_ratio,60)),0.000001)))))",fund_current_ratio|turnover_ratio
runtime\cn_underutilized_field_factor_pack_v1_batched_selector256_20260601\selectors\fund_theme_activity\aa\phase3e_selector_audit.csv,phase3aa_event_0299_cn_flow_liq_v1_fundamental_x_flow_0299,cn_flow_liquidity_factor_pack_v1,research_factor_feature_layer,60.0,"CSRank(Mul(ZScore($fund_current_ratio),ZScore(Div(Mean($turnover_ratio,5),Add(Abs(Mean($turnover_ratio,20)),0.000001)))))",fund_current_ratio|turnover_ratio
runtime\cn_underutilized_field_factor_pack_v1_batched_selector256_20260601\selectors\fund_theme_activity\aa\phase3e_selector_audit.csv,phase3aa_event_0297_cn_flow_liq_v1_fundamental_x_flow_0297,cn_flow_liquidity_factor_pack_v1,research_factor_feature_layer,5.0,"CSRank(Mul(ZScore($fund_current_ratio),ZScore(Div(Mean($amount,5),Add(Abs(Mean($amount,60)),0.000001)))))",amount|fund_current_ratio
runtime\cn_underutilized_field_factor_pack_v1_batched_selector256_20260601\selectors\fund_theme_activity\aa\phase3e_selector_audit.csv,phase3aa_event_0295_cn_flow_liq_v1_fundamental_x_flow_0295,cn_flow_liquidity_factor_pack_v1,research_factor_feature_layer,57.0,"CSRank(Mul(ZScore($fund_current_ratio),ZScore(Div(Mean($amount,5),Add(Abs(Mean($amount,10)),0.000001)))))",amount|fund_current_ratio
runtime\cn_underutilized_field_factor_pack_v1_batched_selector256_20260601\selectors\fund_theme_activity\aa\phase3e_selector_audit.csv,phase3aa_event_0294_cn_flow_liq_v1_fundamental_x_flow_0294,cn_flow_liquidity_factor_pack_v1,research_factor_feature_layer,3.0,"Neg(CSRank(Mul(ZScore($fund_debt_to_assets),ZScore(Div(Mean($turnover_ratio,5),Add(Abs(Mean($turnover_ratio,60)),0.000001))))))",fund_debt_to_assets|turnover_ratio
runtime\cn_underutilized_field_factor_pack_v1_batched_selector256_20260601\selectors\fund_theme_activity\aa\phase3e_selector_audit.csv,phase3aa_event_0291_cn_flow_liq_v1_fundamental_x_flow_0291,cn_flow_liquidity_factor_pack_v1,research_factor_feature_layer,12.0,"Neg(CSRank(Mul(ZScore($fund_debt_to_assets),ZScore(Div(Mean($amount,5),Add(Abs(Mean($amount,60)),0.000001))))))",amount|fund_debt_to_assets
runtime\cn_underutilized_field_factor_pack_v1_batched_selector256_20260601\selectors\fund_theme_activity\aa\phase3e_selector_audit.csv,phase3aa_event_0290_cn_flow_liq_v1_fundamental_x_flow_0290,cn_flow_liquidity_factor_pack_v1,research_factor_feature_layer,29.0,"Neg(CSRank(Mul(ZScore($fund_debt_to_assets),ZScore(Div(Mean($amount,5),Add(Abs(Mean($amount,20)),0.000001))))))",amount|fund_debt_to_assets
runtime\cn_underutilized_field_factor_pack_v1_batched_selector256_20260601\selectors\fund_theme_activity\aa\phase3e_selector_audit.csv,phase3aa_event_0288_cn_flow_liq_v1_fundamental_x_flow_0288,cn_flow_liquidity_factor_pack_v1,research_factor_feature_layer,9.0,"CSRank(Mul(ZScore($fund_cash_to_assets),ZScore(Div(Mean($turnover_ratio,5),Add(Abs(Mean($turnover_ratio,60)),0.000001)))))",fund_cash_to_assets|turnover_ratio
runtime\cn_underutilized_field_factor_pack_v1_batched_selector256_20260601\selectors\fund_theme_activity\aa\phase3e_selector_audit.csv,phase3aa_event_0285_cn_flow_liq_v1_fundamental_x_flow_0285,cn_flow_liquidity_factor_pack_v1,research_factor_feature_layer,11.0,"CSRank(Mul(ZScore($fund_cash_to_assets),ZScore(Div(Mean($amount,5),Add(Abs(Mean($amount,60)),0.000001)))))",amount|fund_cash_to_assets
runtime\cn_underutilized_field_factor_pack_v1_batched_selector256_20260601\selectors\fund_theme_activity\aa\phase3e_selector_audit.csv,phase3aa_event_0282_cn_flow_liq_v1_fundamental_x_flow_0282,cn_flow_liquidity_factor_pack_v1,research_factor_feature_layer,7.0,"CSRank(Mul(ZScore($fund_ocf_to_assets),ZScore(Div(Mean($turnover_ratio,5),Add(Abs(Mean($turnover_ratio,60)),0.000001)))))",fund_ocf_to_assets|turnover_ratio
runtime\cn_underutilized_field_factor_pack_v1_batched_selector256_20260601\selectors\fund_theme_activity\aa\phase3e_selector_audit.csv,phase3aa_event_0279_cn_flow_liq_v1_fundamental_x_flow_0279,cn_flow_liquidity_factor_pack_v1,research_factor_feature_layer,6.0,"CSRank(Mul(ZScore($fund_ocf_to_assets),ZScore(Div(Mean($amount,5),Add(Abs(Mean($amount,60)),0.000001)))))",amount|fund_ocf_to_assets
runtime\cn_underutilized_field_factor_pack_v1_batched_selector256_20260601\selectors\fund_theme_activity\aa\phase3e_selector_audit.csv,phase3aa_event_0277_cn_flow_liq_v1_fundamental_x_flow_0277,cn_flow_liquidity_factor_pack_v1,research_factor_feature_layer,58.0,"CSRank(Mul(ZScore($fund_ocf_to_assets),ZScore(Div(Mean($amount,5),Add(Abs(Mean($amount,10)),0.000001)))))",amount|fund_ocf_to_assets
runtime\cn_underutilized_field_factor_pack_v1_batched_selector256_20260601\selectors\fund_theme_activity\aa\phase3e_selector_audit.csv,phase3aa_event_1213_cn_research_v2_fundamental_size_residual_0044,cn_research_factor_pack_v2,fundamental_pit_feature_layer,56.0,"CSRank(CSResidual(Log($fund_total_shares_cninfo),Log($fund_total_assets)))",fund_total_assets|fund_total_shares_cninfo
runtime\cn_underutilized_field_factor_pack_v1_batched_selector256_20260601\selectors\fund_theme_activity\aa\phase3e_selector_audit.csv,phase3aa_event_1210_cn_research_v2_fundamental_size_residual_0041,cn_research_factor_pack_v2,fundamental_pit_feature_layer,38.0,"CSRank(CSResidual(Log($fund_total_operate_income),Log($fund_total_assets)))",fund_total_assets|fund_total_operate_income
runtime\cn_underutilized_field_factor_pack_v1_batched_selector256_20260601\selectors\fund_theme_activity\aa\phase3e_selector_audit.csv,phase3aa_event_1209_cn_research_v2_fundamental_size_residual_0040,cn_research_factor_pack_v2,fundamental_pit_feature_layer,43.0,"CSRank(CSResidual(Log($fund_total_assets),Log($fund_total_assets)))",fund_total_assets
runtime\cn_underutilized_field_factor_pack_v1_batched_selector256_20260601\selectors\fund_theme_activity\aa\phase3e_selector_audit.csv,phase3aa_event_1208_cn_research_v2_fundamental_risk_inverse_0039,cn_research_factor_pack_v2,fundamental_pit_feature_layer,51.0,"Neg(CSRank(Delta($fund_inventory_to_assets,20)))",fund_inventory_to_assets
runtime\cn_underutilized_field_factor_pack_v1_batched_selector256_20260601\selectors\fund_theme_activity\aa\phase3e_selector_audit.csv,phase3aa_event_1206_cn_research_v2_fundamental_risk_inverse_0037,cn_research_factor_pack_v2,fundamental_pit_feature_layer,48.0,Neg(CSRank($fund_inventory_to_assets)),fund_inventory_to_assets
runtime\cn_underutilized_field_factor_pack_v1_batched_selector256_20260601\selectors\fund_theme_activity\aa\phase3e_selector_audit.csv,phase3aa_event_1204_cn_research_v2_fundamental_risk_inverse_0035,cn_research_factor_pack_v2,fundamental_pit_feature_layer,44.0,"Neg(CSRank(Mean($fund_goodwill_to_assets,5)))",fund_goodwill_to_assets
runtime\cn_underutilized_field_factor_pack_v1_batched_selector256_20260601\selectors\fund_theme_activity\aa\phase3e_selector_audit.csv,phase3aa_event_1199_cn_research_v2_fundamental_quality_0030,cn_research_factor_pack_v2,fundamental_pit_feature_layer,46.0,"CSRank(Delta($fund_float_share_ratio_cninfo,20))",fund_float_share_ratio_cninfo
runtime\cn_underutilized_field_factor_pack_v1_batched_selector256_20260601\selectors\fund_theme_activity\aa\phase3e_selector_audit.csv,phase3aa_event_1197_cn_research_v2_fundamental_quality_0028,cn_research_factor_pack_v2,fundamental_pit_feature_layer,50.0,CSRank($fund_float_share_ratio_cninfo),fund_float_share_ratio_cninfo
runtime\cn_underutilized_field_factor_pack_v1_batched_selector256_20260601\selectors\fund_theme_activity\aa\phase3e_selector_audit.csv,phase3aa_event_1194_cn_research_v2_fundamental_quality_0025,cn_research_factor_pack_v2,fundamental_pit_feature_layer,49.0,CSRank($fund_circulate_top10_holder_pct),fund_circulate_top10_holder_pct
runtime\cn_underutilized_field_factor_pack_v1_batched_selector256_20260601\selectors\fund_theme_activity\aa\phase3e_selector_audit.csv,phase3aa_event_1191_cn_research_v2_fundamental_quality_0022,cn_research_factor_pack_v2,fundamental_pit_feature_layer,39.0,CSRank($fund_top10_holder_pct),fund_top10_holder_pct
runtime\cn_underutilized_field_factor_pack_v1_batched_selector256_20260601\selectors\fund_theme_activity\aa\phase3e_selector_audit.csv,phase3aa_event_1190_cn_research_v2_fundamental_quality_0021,cn_research_factor_pack_v2,fundamental_pit_feature_layer,40.0,"CSRank(Delta($fund_top1_holder_pct,20))",fund_top1_holder_pct
runtime\cn_underutilized_field_factor_pack_v1_batched_selector256_20260601\selectors\fund_theme_activity\aa\phase3e_selector_audit.csv,phase3aa_event_1188_cn_research_v2_fundamental_quality_0019,cn_research_factor_pack_v2,fundamental_pit_feature_layer,61.0,CSRank($fund_top1_holder_pct),fund_top1_holder_pct
runtime\cn_underutilized_field_factor_pack_v1_batched_selector256_20260601\selectors\fund_theme_activity\aa\phase3e_selector_audit.csv,phase3aa_event_1182_cn_research_v2_fundamental_quality_0013,cn_research_factor_pack_v2,fundamental_pit_feature_layer,42.0,CSRank($fund_ocf_to_assets),fund_ocf_to_assets
runtime\cn_underutilized_field_factor_pack_v1_batched_selector256_20260601\selectors\fund_theme_activity\aa\phase3e_selector_audit.csv,phase3aa_event_1179_cn_research_v2_fundamental_quality_0010,cn_research_factor_pack_v2,fundamental_pit_feature_layer,62.0,CSRank($fund_ocf_to_netprofit),fund_ocf_to_netprofit
runtime\cn_underutilized_field_factor_pack_v1_batched_selector256_20260601\selectors\fund_theme_activity\aa\phase3e_selector_audit.csv,phase3aa_event_1177_cn_research_v2_fundamental_quality_0008,cn_research_factor_pack_v2,fundamental_pit_feature_layer,59.0,"CSRank(Mean($fund_netprofit_margin,5))",fund_netprofit_margin
runtime\cn_underutilized_field_factor_pack_v1_batched_selector256_20260601\selectors\fund_theme_activity\aa\phase3e_selector_audit.csv,phase3aa_event_1176_cn_research_v2_fundamental_quality_0007,cn_research_factor_pack_v2,fundamental_pit_feature_layer,45.0,CSRank($fund_netprofit_margin),fund_netprofit_margin
runtime\cn_underutilized_field_factor_pack_v1_batched_selector256_20260601\selectors\fund_theme_activity\aa\phase3e_selector_audit.csv,phase3aa_event_1175_cn_research_v2_fundamental_quality_0006,cn_research_factor_pack_v2,fundamental_pit_feature_layer,52.0,"CSRank(Delta($fund_current_ratio,20))",fund_current_ratio
runtime\cn_underutilized_field_factor_pack_v1_batched_selector256_20260601\selectors\fund_theme_activity\aa\phase3e_selector_audit.csv,phase3aa_event_1174_cn_research_v2_fundamental_quality_0005,cn_research_factor_pack_v2,fundamental_pit_feature_layer,41.0,"CSRank(Mean($fund_current_ratio,5))",fund_current_ratio
runtime\cn_underutilized_field_factor_pack_v1_batched_selector256_20260601\selectors\fund_theme_activity\aa\phase3e_selector_audit.csv,phase3aa_event_1173_cn_research_v2_fundamental_quality_0004,cn_research_factor_pack_v2,fundamental_pit_feature_layer,63.0,CSRank($fund_current_ratio),fund_current_ratio
runtime\cn_underutilized_field_factor_pack_v1_batched_selector256_20260601\selectors\fund_theme_activity\aa\phase3e_selector_audit.csv,phase3aa_event_1170_cn_research_v2_fundamental_quality_0001,cn_research_factor_pack_v2,fundamental_pit_feature_layer,54.0,CSRank($fund_cash_to_assets),fund_cash_to_assets
runtime\cn_underutilized_field_factor_pack_v1_batched_selector256_20260601\selectors\pure_flow_price\aa\phase3e_selector_audit.csv,phase3aa_event_1243_cn_research_v2_fundamental_x_event_0074,cn_research_factor_pack_v2,event_derived_feature_layer,26.0,"CSRank(Mul($fund_research_to_income,$open_board_record))",fund_research_to_income|open_board_record
runtime\cn_underutilized_field_factor_pack_v1_batched_selector256_20260601\selectors\pure_flow_price\aa\phase3e_selector_audit.csv,phase3aa_event_1242_cn_research_v2_fundamental_x_event_0073,cn_research_factor_pack_v2,event_derived_feature_layer,27.0,"CSRank(Mul($fund_research_to_income,$limit_up_close_count_t3))",fund_research_to_income|limit_up_close_count_t3
runtime\cn_underutilized_field_factor_pack_v1_batched_selector256_20260601\selectors\pure_flow_price\aa\phase3e_selector_audit.csv,phase3aa_event_1240_cn_research_v2_fundamental_x_event_0071,cn_research_factor_pack_v2,event_derived_feature_layer,31.0,"CSRank(Mul($fund_research_to_income,$limit_up_any_open_not_close_in_t2))",fund_research_to_income|limit_up_any_open_not_close_in_t2
runtime\cn_underutilized_field_factor_pack_v1_batched_selector256_20260601\selectors\pure_flow_price\aa\phase3e_selector_audit.csv,phase3aa_event_1239_cn_research_v2_fundamental_x_event_0070,cn_research_factor_pack_v2,event_derived_feature_layer,30.0,"CSRank(Mul($fund_research_to_income,$limit_up_any_close_not_open_in_t2))",fund_research_to_income|limit_up_any_close_not_open_in_t2
runtime\cn_underutilized_field_factor_pack_v1_batched_selector256_20260601\selectors\pure_flow_price\aa\phase3e_selector_audit.csv,phase3aa_event_1238_cn_research_v2_fundamental_x_event_0069,cn_research_factor_pack_v2,event_derived_feature_layer,32.0,"CSRank(Mul($fund_ocf_to_assets,$open_board_record))",fund_ocf_to_assets|open_board_record
runtime\cn_underutilized_field_factor_pack_v1_batched_selector256_20260601\selectors\pure_flow_price\aa\phase3e_selector_audit.csv,phase3aa_event_1237_cn_research_v2_fundamental_x_event_0068,cn_research_factor_pack_v2,event_derived_feature_layer,33.0,"CSRank(Mul($fund_ocf_to_assets,$limit_up_close_count_t3))",fund_ocf_to_assets|limit_up_close_count_t3
runtime\cn_underutilized_field_factor_pack_v1_batched_selector256_20260601\selectors\pure_flow_price\aa\phase3e_selector_audit.csv,phase3aa_event_1234_cn_research_v2_fundamental_x_event_0065,cn_research_factor_pack_v2,event_derived_feature_layer,1.0,"CSRank(Mul($fund_ocf_to_assets,$limit_up_any_close_not_open_in_t2))",fund_ocf_to_assets|limit_up_any_close_not_open_in_t2
runtime\cn_underutilized_field_factor_pack_v1_batched_selector256_20260601\selectors\pure_flow_price\aa\phase3e_selector_audit.csv,phase3aa_event_1233_cn_research_v2_fundamental_x_event_0064,cn_research_factor_pack_v2,event_derived_feature_layer,28.0,"CSRank(Mul($fund_ocf_to_netprofit,$open_board_record))",fund_ocf_to_netprofit|open_board_record
runtime\cn_underutilized_field_factor_pack_v1_batched_selector256_20260601\selectors\pure_flow_price\aa\phase3e_selector_audit.csv,phase3aa_event_1232_cn_research_v2_fundamental_x_event_0063,cn_research_factor_pack_v2,event_derived_feature_layer,22.0,"CSRank(Mul($fund_ocf_to_netprofit,$limit_up_close_count_t3))",fund_ocf_to_netprofit|limit_up_close_count_t3
runtime\cn_underutilized_field_factor_pack_v1_batched_selector256_20260601\selectors\pure_flow_price\aa\phase3e_selector_audit.csv,phase3aa_event_1221_cn_research_v2_fundamental_x_event_0052,cn_research_factor_pack_v2,event_derived_feature_layer,29.0,"CSRank(Mul($fund_current_ratio,$limit_up_touch_not_close_count_t5))",fund_current_ratio|limit_up_touch_not_close_count_t5
runtime\cn_underutilized_field_factor_pack_v1_batched_selector256_20260601\selectors\pure_flow_price\aa\phase3e_selector_audit.csv,phase3aa_event_1160_cn_factor_event_x_theme_0751,cn_field_factor_pack_v1,event_derived_feature_layer,6.0,"CSRank(Mul(ZScore(Mean($limit_up_close_not_open_count_t7,5)),ZScore($plate_score)))",limit_up_close_not_open_count_t7|plate_score
runtime\cn_underutilized_field_factor_pack_v1_batched_selector256_20260601\selectors\pure_flow_price\aa\phase3e_selector_audit.csv,phase3aa_event_1156_cn_factor_event_x_theme_0747,cn_field_factor_pack_v1,event_derived_feature_layer,34.0,"CSRank(Mul(ZScore(Mean($limit_up_close_not_open_count_t3,5)),ZScore($plate_score)))",limit_up_close_not_open_count_t3|plate_score
runtime\cn_underutilized_field_factor_pack_v1_batched_selector256_20260601\selectors\pure_flow_price\aa\phase3e_selector_audit.csv,phase3aa_event_0349_cn_underutil_v1_price_flow_divergence_0107,cn_underutilized_field_factor_pack_v1,research_factor_feature_layer,54.0,"CSRank(Mul(ZScore(Mean($turnover_ratio,20)),Neg(ZScore(Mean($daily_ret,20)))))",daily_ret|turnover_ratio
runtime\cn_underutilized_field_factor_pack_v1_batched_selector256_20260601\selectors\pure_flow_price\aa\phase3e_selector_audit.csv,phase3aa_event_0346_cn_underutil_v1_price_flow_divergence_0104,cn_underutilized_field_factor_pack_v1,research_factor_feature_layer,43.0,"CSRank(Mul(ZScore(Mean($turnover_ratio,10)),Neg(ZScore(Mean($daily_ret,10)))))",daily_ret|turnover_ratio
runtime\cn_underutilized_field_factor_pack_v1_batched_selector256_20260601\selectors\pure_flow_price\aa\phase3e_selector_audit.csv,phase3aa_event_0343_cn_underutil_v1_price_flow_divergence_0101,cn_underutilized_field_factor_pack_v1,research_factor_feature_layer,63.0,"CSRank(Mul(ZScore(Mean($turnover_ratio,5)),Neg(ZScore(Mean($daily_ret,5)))))",daily_ret|turnover_ratio
runtime\cn_underutilized_field_factor_pack_v1_batched_selector256_20260601\selectors\pure_flow_price\aa\phase3e_selector_audit.csv,phase3aa_event_0340_cn_underutil_v1_price_flow_divergence_0098,cn_underutilized_field_factor_pack_v1,research_factor_feature_layer,37.0,"CSRank(Mul(ZScore(Mean($turnover_ratio,3)),Neg(ZScore(Mean($daily_ret,3)))))",daily_ret|turnover_ratio
runtime\cn_underutilized_field_factor_pack_v1_batched_selector256_20260601\selectors\pure_flow_price\aa\phase3e_selector_audit.csv,phase3aa_event_0337_cn_underutil_v1_price_flow_divergence_0095,cn_underutilized_field_factor_pack_v1,research_factor_feature_layer,46.0,"CSRank(Mul(ZScore(Mean($volume,20)),Neg(ZScore(Mean($daily_ret,20)))))",daily_ret|volume
runtime\cn_underutilized_field_factor_pack_v1_batched_selector256_20260601\selectors\pure_flow_price\aa\phase3e_selector_audit.csv,phase3aa_event_0334_cn_underutil_v1_price_flow_divergence_0092,cn_underutilized_field_factor_pack_v1,research_factor_feature_layer,60.0,"CSRank(Mul(ZScore(Mean($volume,10)),Neg(ZScore(Mean($daily_ret,10)))))",daily_ret|volume
runtime\cn_underutilized_field_factor_pack_v1_batched_selector256_20260601\selectors\pure_flow_price\aa\phase3e_selector_audit.csv,phase3aa_event_0331_cn_underutil_v1_price_flow_divergence_0089,cn_underutilized_field_factor_pack_v1,research_factor_feature_layer,5.0,"CSRank(Mul(ZScore(Mean($volume,5)),Neg(ZScore(Mean($daily_ret,5)))))",daily_ret|volume
runtime\cn_underutilized_field_factor_pack_v1_batched_selector256_20260601\selectors\pure_flow_price\aa\phase3e_selector_audit.csv,phase3aa_event_0325_cn_underutil_v1_price_flow_divergence_0083,cn_underutilized_field_factor_pack_v1,research_factor_feature_layer,24.0,"CSRank(Mul(ZScore(Mean($amount,20)),Neg(ZScore(Mean($daily_ret,20)))))",amount|daily_ret
runtime\cn_underutilized_field_factor_pack_v1_batched_selector256_20260601\selectors\pure_flow_price\aa\phase3e_selector_audit.csv,phase3aa_event_0322_cn_underutil_v1_price_flow_divergence_0080,cn_underutilized_field_factor_pack_v1,research_factor_feature_layer,57.0,"CSRank(Mul(ZScore(Mean($amount,10)),Neg(ZScore(Mean($daily_ret,10)))))",amount|daily_ret
runtime\cn_underutilized_field_factor_pack_v1_batched_selector256_20260601\selectors\pure_flow_price\aa\phase3e_selector_audit.csv,phase3aa_event_0319_cn_underutil_v1_price_flow_divergence_0077,cn_underutilized_field_factor_pack_v1,research_factor_feature_layer,64.0,"CSRank(Mul(ZScore(Mean($amount,5)),Neg(ZScore(Mean($daily_ret,5)))))",amount|daily_ret
runtime\cn_underutilized_field_factor_pack_v1_batched_selector256_20260601\selectors\pure_flow_price\aa\phase3e_selector_audit.csv,phase3aa_event_0316_cn_underutil_v1_price_flow_divergence_0074,cn_underutilized_field_factor_pack_v1,research_factor_feature_layer,45.0,"CSRank(Mul(ZScore(Mean($amount,3)),Neg(ZScore(Mean($daily_ret,3)))))",amount|daily_ret
runtime\cn_underutilized_field_factor_pack_v1_batched_selector256_20260601\selectors\pure_flow_price\aa\phase3e_selector_audit.csv,phase3aa_event_0314_cn_underutil_v1_flow_ratio_curve_0056,cn_underutilized_field_factor_pack_v1,research_factor_feature_layer,50.0,"CSRank(Sub(ZScore(Mean($turnover_ratio_real,2)),ZScore(Mean($turnover_ratio_real,5))))",turnover_ratio_real
runtime\cn_underutilized_field_factor_pack_v1_batched_selector256_20260601\selectors\pure_flow_price\aa\phase3e_selector_audit.csv,phase3aa_event_0313_cn_underutil_v1_flow_ratio_curve_0055,cn_underutilized_field_factor_pack_v1,research_factor_feature_layer,10.0,"CSRank(Div(Mean($turnover_ratio_real,2),Add(Abs(Mean($turnover_ratio_real,5)),0.000001)))",turnover_ratio_real
runtime\cn_underutilized_field_factor_pack_v1_batched_selector256_20260601\selectors\pure_flow_price\aa\phase3e_selector_audit.csv,phase3aa_event_0309_cn_underutil_v1_flow_ratio_curve_0019,cn_underutilized_field_factor_pack_v1,research_factor_feature_layer,58.0,"CSRank(Div(Mean($amount,2),Add(Abs(Mean($amount,5)),0.000001)))",amount
runtime\cn_underutilized_field_factor_pack_v1_batched_selector256_20260601\selectors\pure_flow_price\aa\phase3e_selector_audit.csv,phase3aa_event_0079_cn_flow_liq_v1_price_flow_divergence_0079,cn_flow_liquidity_factor_pack_v1,research_factor_feature_layer,55.0,"CSRank(Mul(ZScore(Delta($volume,20)),Neg(ZScore(Delta($close,20)))))",close|volume
runtime\cn_underutilized_field_factor_pack_v1_batched_selector256_20260601\selectors\pure_flow_price\aa\phase3e_selector_audit.csv,phase3aa_event_0077_cn_flow_liq_v1_price_flow_divergence_0077,cn_flow_liquidity_factor_pack_v1,research_factor_feature_layer,42.0,"CSRank(Mul(ZScore(Delta($volume,10)),Neg(ZScore(Delta($close,10)))))",close|volume
runtime\cn_underutilized_field_factor_pack_v1_batched_selector256_20260601\selectors\pure_flow_price\aa\phase3e_selector_audit.csv,phase3aa_event_0073_cn_flow_liq_v1_price_flow_divergence_0073,cn_flow_liquidity_factor_pack_v1,research_factor_feature_layer,40.0,"CSRank(Mul(ZScore(Delta($volume,3)),Neg(ZScore(Delta($close,3)))))",close|volume
runtime\cn_underutilized_field_factor_pack_v1_batched_selector256_20260601\selectors\pure_flow_price\aa\phase3e_selector_audit.csv,phase3aa_event_0071_cn_flow_liq_v1_price_flow_divergence_0071,cn_flow_liquidity_factor_pack_v1,research_factor_feature_layer,9.0,"CSRank(Mul(ZScore(Delta($amount,20)),Neg(ZScore(Delta($close,20)))))",amount|close
runtime\cn_underutilized_field_factor_pack_v1_batched_selector256_20260601\selectors\pure_flow_price\aa\phase3e_selector_audit.csv,phase3aa_event_0069_cn_flow_liq_v1_price_flow_divergence_0069,cn_flow_liquidity_factor_pack_v1,research_factor_feature_layer,62.0,"CSRank(Mul(ZScore(Delta($amount,10)),Neg(ZScore(Delta($close,10)))))",amount|close
runtime\cn_underutilized_field_factor_pack_v1_batched_selector256_20260601\selectors\pure_flow_price\aa\phase3e_selector_audit.csv,phase3aa_event_0067_cn_flow_liq_v1_price_flow_divergence_0067,cn_flow_liquidity_factor_pack_v1,research_factor_feature_layer,25.0,"CSRank(Mul(ZScore(Delta($amount,5)),Neg(ZScore(Delta($close,5)))))",amount|close
runtime\cn_underutilized_field_factor_pack_v1_batched_selector256_20260601\selectors\pure_flow_price\aa\phase3e_selector_audit.csv,phase3aa_event_0064_cn_flow_liq_v1_flow_volatility_0064,cn_flow_liquidity_factor_pack_v1,research_factor_feature_layer,18.0,"CSRank(Std($turnover_ratio_real,20))",turnover_ratio_real
runtime\cn_underutilized_field_factor_pack_v1_batched_selector256_20260601\selectors\pure_flow_price\aa\phase3e_selector_audit.csv,phase3aa_event_0063_cn_flow_liq_v1_flow_impulse_0063,cn_flow_liquidity_factor_pack_v1,research_factor_feature_layer,7.0,"CSRank(Delta($turnover_ratio_real,20))",turnover_ratio_real
runtime\cn_underutilized_field_factor_pack_v1_batched_selector256_20260601\selectors\pure_flow_price\aa\phase3e_selector_audit.csv,phase3aa_event_0062_cn_flow_liq_v1_flow_volatility_0062,cn_flow_liquidity_factor_pack_v1,research_factor_feature_layer,4.0,"CSRank(Std($turnover_ratio_real,10))",turnover_ratio_real
runtime\cn_underutilized_field_factor_pack_v1_batched_selector256_20260601\selectors\pure_flow_price\aa\phase3e_selector_audit.csv,phase3aa_event_0061_cn_flow_liq_v1_flow_impulse_0061,cn_flow_liquidity_factor_pack_v1,research_factor_feature_layer,2.0,"CSRank(Delta($turnover_ratio_real,10))",turnover_ratio_real
runtime\cn_underutilized_field_factor_pack_v1_batched_selector256_20260601\selectors\pure_flow_price\aa\phase3e_selector_audit.csv,phase3aa_event_0060_cn_flow_liq_v1_flow_volatility_0060,cn_flow_liquidity_factor_pack_v1,research_factor_feature_layer,19.0,"CSRank(Std($turnover_ratio_real,5))",turnover_ratio_real
runtime\cn_underutilized_field_factor_pack_v1_batched_selector256_20260601\selectors\pure_flow_price\aa\phase3e_selector_audit.csv,phase3aa_event_0059_cn_flow_liq_v1_flow_impulse_0059,cn_flow_liquidity_factor_pack_v1,research_factor_feature_layer,8.0,"CSRank(Delta($turnover_ratio_real,5))",turnover_ratio_real
runtime\cn_underutilized_field_factor_pack_v1_batched_selector256_20260601\selectors\pure_flow_price\aa\phase3e_selector_audit.csv,phase3aa_event_0058_cn_flow_liq_v1_flow_volatility_0058,cn_flow_liquidity_factor_pack_v1,research_factor_feature_layer,17.0,"CSRank(Std($turnover_ratio_real,3))",turnover_ratio_real
runtime\cn_underutilized_field_factor_pack_v1_batched_selector256_20260601\selectors\pure_flow_price\aa\phase3e_selector_audit.csv,phase3aa_event_0056_cn_flow_liq_v1_flow_relative_activity_0056,cn_flow_liquidity_factor_pack_v1,research_factor_feature_layer,47.0,"CSRank(Sub(ZScore(Mean($turnover_ratio_real,10)),ZScore(Mean($turnover_ratio_real,60))))",turnover_ratio_real
runtime\cn_underutilized_field_factor_pack_v1_batched_selector256_20260601\selectors\pure_flow_price\aa\phase3e_selector_audit.csv,phase3aa_event_0055_cn_flow_liq_v1_flow_relative_activity_0055,cn_flow_liquidity_factor_pack_v1,research_factor_feature_layer,13.0,"CSRank(Div(Mean($turnover_ratio_real,10),Add(Abs(Mean($turnover_ratio_real,60)),0.000001)))",turnover_ratio_real
runtime\cn_underutilized_field_factor_pack_v1_batched_selector256_20260601\selectors\pure_flow_price\aa\phase3e_selector_audit.csv,phase3aa_event_0054_cn_flow_liq_v1_flow_relative_activity_0054,cn_flow_liquidity_factor_pack_v1,research_factor_feature_layer,53.0,"CSRank(Sub(ZScore(Mean($turnover_ratio_real,5)),ZScore(Mean($turnover_ratio_real,20))))",turnover_ratio_real
runtime\cn_underutilized_field_factor_pack_v1_batched_selector256_20260601\selectors\pure_flow_price\aa\phase3e_selector_audit.csv,phase3aa_event_0053_cn_flow_liq_v1_flow_relative_activity_0053,cn_flow_liquidity_factor_pack_v1,research_factor_feature_layer,15.0,"CSRank(Div(Mean($turnover_ratio_real,5),Add(Abs(Mean($turnover_ratio_real,20)),0.000001)))",turnover_ratio_real
runtime\cn_underutilized_field_factor_pack_v1_batched_selector256_20260601\selectors\pure_flow_price\aa\phase3e_selector_audit.csv,phase3aa_event_0052_cn_flow_liq_v1_flow_relative_activity_0052,cn_flow_liquidity_factor_pack_v1,research_factor_feature_layer,51.0,"CSRank(Sub(ZScore(Mean($turnover_ratio_real,3)),ZScore(Mean($turnover_ratio_real,20))))",turnover_ratio_real
runtime\cn_underutilized_field_factor_pack_v1_batched_selector256_20260601\selectors\pure_flow_price\aa\phase3e_selector_audit.csv,phase3aa_event_0051_cn_flow_liq_v1_flow_relative_activity_0051,cn_flow_liquidity_factor_pack_v1,research_factor_feature_layer,12.0,"CSRank(Div(Mean($turnover_ratio_real,3),Add(Abs(Mean($turnover_ratio_real,20)),0.000001)))",turnover_ratio_real
runtime\cn_underutilized_field_factor_pack_v1_batched_selector256_20260601\selectors\pure_flow_price\aa\phase3e_selector_audit.csv,phase3aa_event_0050_cn_flow_liq_v1_flow_relative_activity_0050,cn_flow_liquidity_factor_pack_v1,research_factor_feature_layer,52.0,"CSRank(Sub(ZScore(Mean($turnover_ratio_real,2)),ZScore(Mean($turnover_ratio_real,10))))",turnover_ratio_real
runtime\cn_underutilized_field_factor_pack_v1_batched_selector256_20260601\selectors\pure_flow_price\aa\phase3e_selector_audit.csv,phase3aa_event_0049_cn_flow_liq_v1_flow_relative_activity_0049,cn_flow_liquidity_factor_pack_v1,research_factor_feature_layer,11.0,"CSRank(Div(Mean($turnover_ratio_real,2),Add(Abs(Mean($turnover_ratio_real,10)),0.000001)))",turnover_ratio_real
runtime\cn_underutilized_field_factor_pack_v1_batched_selector256_20260601\selectors\pure_flow_price\aa\phase3e_selector_audit.csv,phase3aa_event_0048_cn_flow_liq_v1_flow_volatility_0048,cn_flow_liquidity_factor_pack_v1,research_factor_feature_layer,59.0,"CSRank(Std($turnover_ratio,20))",turnover_ratio
runtime\cn_underutilized_field_factor_pack_v1_batched_selector256_20260601\selectors\pure_flow_price\aa\phase3e_selector_audit.csv,phase3aa_event_0043_cn_flow_liq_v1_flow_impulse_0043,cn_flow_liquidity_factor_pack_v1,research_factor_feature_layer,44.0,"CSRank(Delta($turnover_ratio,5))",turnover_ratio
runtime\cn_underutilized_field_factor_pack_v1_batched_selector256_20260601\selectors\pure_flow_price\aa\phase3e_selector_audit.csv,phase3aa_event_0042_cn_flow_liq_v1_flow_volatility_0042,cn_flow_liquidity_factor_pack_v1,research_factor_feature_layer,36.0,"CSRank(Std($turnover_ratio,3))",turnover_ratio
runtime\cn_underutilized_field_factor_pack_v1_batched_selector256_20260601\selectors\pure_flow_price\aa\phase3e_selector_audit.csv,phase3aa_event_0040_cn_flow_liq_v1_flow_relative_activity_0040,cn_flow_liquidity_factor_pack_v1,research_factor_feature_layer,49.0,"CSRank(Sub(ZScore(Mean($turnover_ratio,10)),ZScore(Mean($turnover_ratio,60))))",turnover_ratio
runtime\cn_underutilized_field_factor_pack_v1_batched_selector256_20260601\selectors\pure_flow_price\aa\phase3e_selector_audit.csv,phase3aa_event_0039_cn_flow_liq_v1_flow_relative_activity_0039,cn_flow_liquidity_factor_pack_v1,research_factor_feature_layer,3.0,"CSRank(Div(Mean($turnover_ratio,10),Add(Abs(Mean($turnover_ratio,60)),0.000001)))",turnover_ratio
runtime\cn_underutilized_field_factor_pack_v1_batched_selector256_20260601\selectors\pure_flow_price\aa\phase3e_selector_audit.csv,phase3aa_event_0029_cn_flow_liq_v1_flow_impulse_0029,cn_flow_liquidity_factor_pack_v1,research_factor_feature_layer,21.0,"CSRank(Delta($amount,10))",amount
runtime\cn_underutilized_field_factor_pack_v1_batched_selector256_20260601\selectors\pure_flow_price\aa\phase3e_selector_audit.csv,phase3aa_event_0028_cn_flow_liq_v1_flow_volatility_0028,cn_flow_liquidity_factor_pack_v1,research_factor_feature_layer,56.0,"CSRank(Std($amount,5))",amount
runtime\cn_underutilized_field_factor_pack_v1_batched_selector256_20260601\selectors\pure_flow_price\aa\phase3e_selector_audit.csv,phase3aa_event_0024_cn_flow_liq_v1_flow_relative_activity_0024,cn_flow_liquidity_factor_pack_v1,research_factor_feature_layer,41.0,"CSRank(Sub(ZScore(Mean($amount,10)),ZScore(Mean($amount,60))))",amount
runtime\cn_underutilized_field_factor_pack_v1_batched_selector256_20260601\selectors\pure_flow_price\aa\phase3e_selector_audit.csv,phase3aa_event_0023_cn_flow_liq_v1_flow_relative_activity_0023,cn_flow_liquidity_factor_pack_v1,research_factor_feature_layer,16.0,"CSRank(Div(Mean($amount,10),Add(Abs(Mean($amount,60)),0.000001)))",amount
runtime\cn_underutilized_field_factor_pack_v1_batched_selector256_20260601\selectors\pure_flow_price\aa\phase3e_selector_audit.csv,phase3aa_event_0015_cn_flow_liq_v1_flow_impulse_0015,cn_flow_liquidity_factor_pack_v1,research_factor_feature_layer,39.0,"CSRank(Delta($volume,20))",volume
runtime\cn_underutilized_field_factor_pack_v1_batched_selector256_20260601\selectors\pure_flow_price\aa\phase3e_selector_audit.csv,phase3aa_event_0014_cn_flow_liq_v1_flow_volatility_0014,cn_flow_liquidity_factor_pack_v1,research_factor_feature_layer,23.0,"CSRank(Std($volume,10))",volume
runtime\cn_underutilized_field_factor_pack_v1_batched_selector256_20260601\selectors\pure_flow_price\aa\phase3e_selector_audit.csv,phase3aa_event_0009_cn_flow_liq_v1_flow_impulse_0009,cn_flow_liquidity_factor_pack_v1,research_factor_feature_layer,20.0,"CSRank(Delta($volume,3))",volume
runtime\cn_underutilized_field_factor_pack_v1_batched_selector256_20260601\selectors\pure_flow_price\aa\phase3e_selector_audit.csv,phase3aa_event_0008_cn_flow_liq_v1_flow_relative_activity_0008,cn_flow_liquidity_factor_pack_v1,research_factor_feature_layer,48.0,"CSRank(Sub(ZScore(Mean($volume,10)),ZScore(Mean($volume,60))))",volume
runtime\cn_underutilized_field_factor_pack_v1_batched_selector256_20260601\selectors\pure_flow_price\aa\phase3e_selector_audit.csv,phase3aa_event_0007_cn_flow_liq_v1_flow_relative_activity_0007,cn_flow_liquidity_factor_pack_v1,research_factor_feature_layer,14.0,"CSRank(Div(Mean($volume,10),Add(Abs(Mean($volume,60)),0.000001)))",volume
runtime\cn_underutilized_field_factor_pack_v1_batched_selector256_20260601\selectors\pure_flow_price\aa\phase3e_selector_audit.csv,phase3aa_event_0005_cn_flow_liq_v1_flow_relative_activity_0005,cn_flow_liquidity_factor_pack_v1,research_factor_feature_layer,61.0,"CSRank(Div(Mean($volume,5),Add(Abs(Mean($volume,20)),0.000001)))",volume
runtime\cn_underutilized_field_factor_pack_v1_batched_selector256_20260601\selectors\pure_flow_price\aa\phase3e_selector_audit.csv,phase3aa_event_1204_cn_research_v2_fundamental_risk_inverse_0035,cn_research_factor_pack_v2,fundamental_pit_feature_layer,38.0,"Neg(CSRank(Mean($fund_goodwill_to_assets,5)))",fund_goodwill_to_assets
runtime\cn_underutilized_field_factor_pack_v1_batched_selector256_20260601\selectors\pure_flow_price\aa\phase3e_selector_audit.csv,phase3aa_event_1170_cn_research_v2_fundamental_quality_0001,cn_research_factor_pack_v2,fundamental_pit_feature_layer,35.0,CSRank($fund_cash_to_assets),fund_cash_to_assets
runtime\cn_underutilized_field_factor_pack_v1_selector128_20260601\selector_safe_v1\aa\phase3e_selector_audit.csv,phase3aa_event_0506_cn_underutil_v1_theme_activity_proxy_0344,cn_underutilized_field_factor_pack_v1,event_derived_feature_layer,74.0,"CSRank(Mul(ZScore(Mean($plate_score,10)),ZScore(Mean($volume,10))))",plate_score|volume
runtime\cn_underutilized_field_factor_pack_v1_selector128_20260601\selector_safe_v1\aa\phase3e_selector_audit.csv,phase3aa_event_0505_cn_underutil_v1_theme_activity_proxy_0343,cn_underutilized_field_factor_pack_v1,event_derived_feature_layer,83.0,"CSRank(Mul(ZScore(Mean($plate_score,5)),ZScore(Mean($volume,5))))",plate_score|volume
runtime\cn_underutilized_field_factor_pack_v1_selector128_20260601\selector_safe_v1\aa\phase3e_selector_audit.csv,phase3aa_event_0504_cn_underutil_v1_theme_activity_proxy_0342,cn_underutilized_field_factor_pack_v1,event_derived_feature_layer,81.0,"CSRank(Mul(ZScore(Mean($plate_score,3)),ZScore(Mean($volume,3))))",plate_score|volume
runtime\cn_underutilized_field_factor_pack_v1_selector128_20260601\selector_safe_v1\aa\phase3e_selector_audit.csv,phase3aa_event_0431_cn_underutil_v1_event_x_seal_flow_0241,cn_underutilized_field_factor_pack_v1,event_derived_feature_layer,89.0,"CSRank(Mul(ZScore(Mean($limit_up_touch_not_close_count_t5,5)),ZScore(Mean($seal_rate,5))))",limit_up_touch_not_close_count_t5|seal_rate
runtime\cn_underutilized_field_factor_pack_v1_selector128_20260601\selector_safe_v1\aa\phase3e_selector_audit.csv,phase3aa_event_0421_cn_underutil_v1_event_x_seal_flow_0195,cn_underutilized_field_factor_pack_v1,event_derived_feature_layer,125.0,"CSRank(Mul(ZScore(Mean($limit_up_close_count_t2,5)),ZScore(Mean($seal_circulation_rate,5))))",limit_up_close_count_t2|seal_circulation_rate
runtime\cn_underutilized_field_factor_pack_v1_selector128_20260601\selector_safe_v1\aa\phase3e_selector_audit.csv,phase3aa_event_0414_cn_underutil_v1_event_x_seal_flow_0188,cn_underutilized_field_factor_pack_v1,event_derived_feature_layer,120.0,"CSRank(Mul(ZScore(Mean($limit_up_any_open_not_close_in_t3,3)),ZScore(Mean($seal_circulation_rate,3))))",limit_up_any_open_not_close_in_t3|seal_circulation_rate
runtime\cn_underutilized_field_factor_pack_v1_selector128_20260601\selector_safe_v1\aa\phase3e_selector_audit.csv,phase3aa_event_0409_cn_underutil_v1_event_x_seal_flow_0183,cn_underutilized_field_factor_pack_v1,event_derived_feature_layer,126.0,"CSRank(Mul(ZScore(Mean($limit_up_any_close_not_open_in_t3,5)),ZScore(Mean($seal_circulation_rate,5))))",limit_up_any_close_not_open_in_t3|seal_circulation_rate
runtime\cn_underutilized_field_factor_pack_v1_selector128_20260601\selector_safe_v1\aa\phase3e_selector_audit.csv,phase3aa_event_0276_cn_flow_liq_v1_event_x_flow_liquidity_0276,cn_flow_liquidity_factor_pack_v1,event_derived_feature_layer,63.0,"CSRank(Mul(ZScore(Mean($plate_score,10)),ZScore(Mean($seal_circulation_rate,10))))",plate_score|seal_circulation_rate
runtime\cn_underutilized_field_factor_pack_v1_selector128_20260601\selector_safe_v1\aa\phase3e_selector_audit.csv,phase3aa_event_0275_cn_flow_liq_v1_event_x_flow_liquidity_0275,cn_flow_liquidity_factor_pack_v1,event_derived_feature_layer,53.0,"CSRank(Mul(ZScore(Mean($plate_score,5)),ZScore(Mean($seal_circulation_rate,5))))",plate_score|seal_circulation_rate
runtime\cn_underutilized_field_factor_pack_v1_selector128_20260601\selector_safe_v1\aa\phase3e_selector_audit.csv,phase3aa_event_0274_cn_flow_liq_v1_event_x_flow_liquidity_0274,cn_flow_liquidity_factor_pack_v1,event_derived_feature_layer,62.0,"CSRank(Mul(ZScore(Mean($plate_score,3)),ZScore(Mean($seal_circulation_rate,3))))",plate_score|seal_circulation_rate
runtime\cn_underutilized_field_factor_pack_v1_selector128_20260601\selector_safe_v1\aa\phase3e_selector_audit.csv,phase3aa_event_0273_cn_flow_liq_v1_event_x_flow_liquidity_0273,cn_flow_liquidity_factor_pack_v1,event_derived_feature_layer,60.0,"CSRank(Mul(ZScore(Mean($plate_score,10)),ZScore(Mean($seal_rate,10))))",plate_score|seal_rate
runtime\cn_underutilized_field_factor_pack_v1_selector128_20260601\selector_safe_v1\aa\phase3e_selector_audit.csv,phase3aa_event_0272_cn_flow_liq_v1_event_x_flow_liquidity_0272,cn_flow_liquidity_factor_pack_v1,event_derived_feature_layer,64.0,"CSRank(Mul(ZScore(Mean($plate_score,5)),ZScore(Mean($seal_rate,5))))",plate_score|seal_rate
runtime\cn_underutilized_field_factor_pack_v1_selector128_20260601\selector_safe_v1\aa\phase3e_selector_audit.csv,phase3aa_event_0271_cn_flow_liq_v1_event_x_flow_liquidity_0271,cn_flow_liquidity_factor_pack_v1,event_derived_feature_layer,61.0,"CSRank(Mul(ZScore(Mean($plate_score,3)),ZScore(Mean($seal_rate,3))))",plate_score|seal_rate
runtime\cn_underutilized_field_factor_pack_v1_selector128_20260601\selector_safe_v1\aa\phase3e_selector_audit.csv,phase3aa_event_0270_cn_flow_liq_v1_event_x_flow_liquidity_0270,cn_flow_liquidity_factor_pack_v1,event_derived_feature_layer,70.0,"CSRank(Mul(ZScore(Mean($plate_score,10)),ZScore(Mean($seal_money,10))))",plate_score|seal_money
runtime\cn_underutilized_field_factor_pack_v1_selector128_20260601\selector_safe_v1\aa\phase3e_selector_audit.csv,phase3aa_event_0269_cn_flow_liq_v1_event_x_flow_liquidity_0269,cn_flow_liquidity_factor_pack_v1,event_derived_feature_layer,79.0,"CSRank(Mul(ZScore(Mean($plate_score,5)),ZScore(Mean($seal_money,5))))",plate_score|seal_money
runtime\cn_underutilized_field_factor_pack_v1_selector128_20260601\selector_safe_v1\aa\phase3e_selector_audit.csv,phase3aa_event_0268_cn_flow_liq_v1_event_x_flow_liquidity_0268,cn_flow_liquidity_factor_pack_v1,event_derived_feature_layer,77.0,"CSRank(Mul(ZScore(Mean($plate_score,3)),ZScore(Mean($seal_money,3))))",plate_score|seal_money
runtime\cn_underutilized_field_factor_pack_v1_selector128_20260601\selector_safe_v1\aa\phase3e_selector_audit.csv,phase3aa_event_0267_cn_flow_liq_v1_event_x_flow_liquidity_0267,cn_flow_liquidity_factor_pack_v1,event_derived_feature_layer,78.0,"CSRank(Mul(ZScore(Mean($plate_score,10)),ZScore(Mean($turnover_ratio_real,10))))",plate_score|turnover_ratio_real
runtime\cn_underutilized_field_factor_pack_v1_selector128_20260601\selector_safe_v1\aa\phase3e_selector_audit.csv,phase3aa_event_0266_cn_flow_liq_v1_event_x_flow_liquidity_0266,cn_flow_liquidity_factor_pack_v1,event_derived_feature_layer,76.0,"CSRank(Mul(ZScore(Mean($plate_score,5)),ZScore(Mean($turnover_ratio_real,5))))",plate_score|turnover_ratio_real
runtime\cn_underutilized_field_factor_pack_v1_selector128_20260601\selector_safe_v1\aa\phase3e_selector_audit.csv,phase3aa_event_0265_cn_flow_liq_v1_event_x_flow_liquidity_0265,cn_flow_liquidity_factor_pack_v1,event_derived_feature_layer,72.0,"CSRank(Mul(ZScore(Mean($plate_score,3)),ZScore(Mean($turnover_ratio_real,3))))",plate_score|turnover_ratio_real
runtime\cn_underutilized_field_factor_pack_v1_selector128_20260601\selector_safe_v1\aa\phase3e_selector_audit.csv,phase3aa_event_0264_cn_flow_liq_v1_event_x_flow_liquidity_0264,cn_flow_liquidity_factor_pack_v1,event_derived_feature_layer,75.0,"CSRank(Mul(ZScore(Mean($plate_score,10)),ZScore(Mean($turnover_ratio,10))))",plate_score|turnover_ratio
runtime\cn_underutilized_field_factor_pack_v1_selector128_20260601\selector_safe_v1\aa\phase3e_selector_audit.csv,phase3aa_event_0263_cn_flow_liq_v1_event_x_flow_liquidity_0263,cn_flow_liquidity_factor_pack_v1,event_derived_feature_layer,73.0,"CSRank(Mul(ZScore(Mean($plate_score,5)),ZScore(Mean($turnover_ratio,5))))",plate_score|turnover_ratio
runtime\cn_underutilized_field_factor_pack_v1_selector128_20260601\selector_safe_v1\aa\phase3e_selector_audit.csv,phase3aa_event_0262_cn_flow_liq_v1_event_x_flow_liquidity_0262,cn_flow_liquidity_factor_pack_v1,event_derived_feature_layer,67.0,"CSRank(Mul(ZScore(Mean($plate_score,3)),ZScore(Mean($turnover_ratio,3))))",plate_score|turnover_ratio
runtime\cn_underutilized_field_factor_pack_v1_selector128_20260601\selector_safe_v1\aa\phase3e_selector_audit.csv,phase3aa_event_0261_cn_flow_liq_v1_event_x_flow_liquidity_0261,cn_flow_liquidity_factor_pack_v1,event_derived_feature_layer,80.0,"CSRank(Mul(ZScore(Mean($plate_score,10)),ZScore(Mean($amount,10))))",amount|plate_score
runtime\cn_underutilized_field_factor_pack_v1_selector128_20260601\selector_safe_v1\aa\phase3e_selector_audit.csv,phase3aa_event_0260_cn_flow_liq_v1_event_x_flow_liquidity_0260,cn_flow_liquidity_factor_pack_v1,event_derived_feature_layer,82.0,"CSRank(Mul(ZScore(Mean($plate_score,5)),ZScore(Mean($amount,5))))",amount|plate_score
runtime\cn_underutilized_field_factor_pack_v1_selector128_20260601\selector_safe_v1\aa\phase3e_selector_audit.csv,phase3aa_event_0259_cn_flow_liq_v1_event_x_flow_liquidity_0259,cn_flow_liquidity_factor_pack_v1,event_derived_feature_layer,71.0,"CSRank(Mul(ZScore(Mean($plate_score,3)),ZScore(Mean($amount,3))))",amount|plate_score
runtime\cn_underutilized_field_factor_pack_v1_selector128_20260601\selector_safe_v1\aa\phase3e_selector_audit.csv,phase3aa_event_0256_cn_flow_liq_v1_event_x_flow_liquidity_0256,cn_flow_liquidity_factor_pack_v1,event_derived_feature_layer,121.0,"CSRank(Mul(ZScore(Mean($open_board_record,3)),ZScore(Mean($seal_circulation_rate,3))))",open_board_record|seal_circulation_rate
runtime\cn_underutilized_field_factor_pack_v1_selector128_20260601\selector_safe_v1\aa\phase3e_selector_audit.csv,phase3aa_event_0255_cn_flow_liq_v1_event_x_flow_liquidity_0255,cn_flow_liquidity_factor_pack_v1,event_derived_feature_layer,127.0,"CSRank(Mul(ZScore(Mean($open_board_record,10)),ZScore(Mean($seal_rate,10))))",open_board_record|seal_rate
runtime\cn_underutilized_field_factor_pack_v1_selector128_20260601\selector_safe_v1\aa\phase3e_selector_audit.csv,phase3aa_event_0253_cn_flow_liq_v1_event_x_flow_liquidity_0253,cn_flow_liquidity_factor_pack_v1,event_derived_feature_layer,87.0,"CSRank(Mul(ZScore(Mean($open_board_record,3)),ZScore(Mean($seal_rate,3))))",open_board_record|seal_rate
runtime\cn_underutilized_field_factor_pack_v1_selector128_20260601\selector_safe_v1\aa\phase3e_selector_audit.csv,phase3aa_event_0204_cn_flow_liq_v1_event_x_flow_liquidity_0204,cn_flow_liquidity_factor_pack_v1,event_derived_feature_layer,91.0,"CSRank(Mul(ZScore(Mean($limit_up_close_count_t5,10)),ZScore(Mean($seal_circulation_rate,10))))",limit_up_close_count_t5|seal_circulation_rate
runtime\cn_underutilized_field_factor_pack_v1_selector128_20260601\selector_safe_v1\aa\phase3e_selector_audit.csv,phase3aa_event_0185_cn_flow_liq_v1_event_x_flow_liquidity_0185,cn_flow_liquidity_factor_pack_v1,event_derived_feature_layer,90.0,"CSRank(Mul(ZScore(Mean($limit_up_close_count_t3,5)),ZScore(Mean($seal_circulation_rate,5))))",limit_up_close_count_t3|seal_circulation_rate
runtime\cn_underutilized_field_factor_pack_v1_selector128_20260601\selector_safe_v1\aa\phase3e_selector_audit.csv,phase3aa_event_0165_cn_flow_liq_v1_event_x_flow_liquidity_0165,cn_flow_liquidity_factor_pack_v1,event_derived_feature_layer,124.0,"CSRank(Mul(ZScore(Mean($limit_up_close_not_open,10)),ZScore(Mean($seal_rate,10))))",limit_up_close_not_open|seal_rate
runtime\cn_underutilized_field_factor_pack_v1_selector128_20260601\selector_safe_v1\aa\phase3e_selector_audit.csv,phase3aa_event_0164_cn_flow_liq_v1_event_x_flow_liquidity_0164,cn_flow_liquidity_factor_pack_v1,event_derived_feature_layer,119.0,"CSRank(Mul(ZScore(Mean($limit_up_close_not_open,5)),ZScore(Mean($seal_rate,5))))",limit_up_close_not_open|seal_rate
runtime\cn_underutilized_field_factor_pack_v1_selector128_20260601\selector_safe_v1\aa\phase3e_selector_audit.csv,phase3aa_event_0150_cn_flow_liq_v1_event_x_flow_liquidity_0150,cn_flow_liquidity_factor_pack_v1,event_derived_feature_layer,123.0,"CSRank(Mul(ZScore(Mean($limit_up_open_not_close,10)),ZScore(Mean($seal_circulation_rate,10))))",limit_up_open_not_close|seal_circulation_rate
runtime\cn_underutilized_field_factor_pack_v1_selector128_20260601\selector_safe_v1\aa\phase3e_selector_audit.csv,phase3aa_event_0149_cn_flow_liq_v1_event_x_flow_liquidity_0149,cn_flow_liquidity_factor_pack_v1,event_derived_feature_layer,88.0,"CSRank(Mul(ZScore(Mean($limit_up_open_not_close,5)),ZScore(Mean($seal_circulation_rate,5))))",limit_up_open_not_close|seal_circulation_rate
runtime\cn_underutilized_field_factor_pack_v1_selector128_20260601\selector_safe_v1\aa\phase3e_selector_audit.csv,phase3aa_event_0148_cn_flow_liq_v1_event_x_flow_liquidity_0148,cn_flow_liquidity_factor_pack_v1,event_derived_feature_layer,128.0,"CSRank(Mul(ZScore(Mean($limit_up_open_not_close,3)),ZScore(Mean($seal_circulation_rate,3))))",limit_up_open_not_close|seal_circulation_rate
runtime\cn_underutilized_field_factor_pack_v1_selector128_20260601\selector_safe_v1\aa\phase3e_selector_audit.csv,phase3aa_event_0145_cn_flow_liq_v1_event_x_flow_liquidity_0145,cn_flow_liquidity_factor_pack_v1,event_derived_feature_layer,69.0,"CSRank(Mul(ZScore(Mean($limit_up_open_not_close,3)),ZScore(Mean($seal_rate,3))))",limit_up_open_not_close|seal_rate
runtime\cn_underutilized_field_factor_pack_v1_selector128_20260601\selector_safe_v1\aa\phase3e_selector_audit.csv,phase3aa_event_0129_cn_flow_liq_v1_event_x_flow_liquidity_0129,cn_flow_liquidity_factor_pack_v1,event_derived_feature_layer,122.0,"CSRank(Mul(ZScore(Mean($limit_up_touch_not_close,10)),ZScore(Mean($seal_rate,10))))",limit_up_touch_not_close|seal_rate
runtime\cn_underutilized_field_factor_pack_v1_selector128_20260601\selector_safe_v1\aa\phase3e_selector_audit.csv,phase3aa_event_0127_cn_flow_liq_v1_event_x_flow_liquidity_0127,cn_flow_liquidity_factor_pack_v1,event_derived_feature_layer,86.0,"CSRank(Mul(ZScore(Mean($limit_up_touch_not_close,3)),ZScore(Mean($seal_rate,3))))",limit_up_touch_not_close|seal_rate
runtime\cn_underutilized_field_factor_pack_v1_selector128_20260601\selector_safe_v1\aa\phase3e_selector_audit.csv,phase3aa_event_0500_cn_underutil_v1_fundamental_x_activity_0332,cn_underutilized_field_factor_pack_v1,research_factor_feature_layer,100.0,"Neg(CSRank(Mul(ZScore($fund_inventory_to_assets),ZScore(Div(Mean($volume,5),Add(Abs(Mean($volume,5)),0.000001))))))",fund_inventory_to_assets|volume
runtime\cn_underutilized_field_factor_pack_v1_selector128_20260601\selector_safe_v1\aa\phase3e_selector_audit.csv,phase3aa_event_0492_cn_underutil_v1_fundamental_x_activity_0324,cn_underutilized_field_factor_pack_v1,research_factor_feature_layer,105.0,"Neg(CSRank(Mul(ZScore($fund_goodwill_to_assets),ZScore(Div(Mean($turnover_ratio,5),Add(Abs(Mean($turnover_ratio,5)),0.000001))))))",fund_goodwill_to_assets|turnover_ratio
runtime\cn_underutilized_field_factor_pack_v1_selector128_20260601\selector_safe_v1\aa\phase3e_selector_audit.csv,phase3aa_event_0475_cn_underutil_v1_fundamental_x_activity_0305,cn_underutilized_field_factor_pack_v1,research_factor_feature_layer,99.0,"CSRank(Mul(ZScore($fund_circulate_top10_holder_pct),ZScore(Div(Mean($amount,5),Add(Abs(Mean($amount,20)),0.000001)))))",amount|fund_circulate_top10_holder_pct
runtime\cn_underutilized_field_factor_pack_v1_selector128_20260601\selector_safe_v1\aa\phase3e_selector_audit.csv,phase3aa_event_0467_cn_underutil_v1_fundamental_x_activity_0297,cn_underutilized_field_factor_pack_v1,research_factor_feature_layer,101.0,"CSRank(Mul(ZScore($fund_top1_holder_pct),ZScore(Div(Mean($volume,5),Add(Abs(Mean($volume,20)),0.000001)))))",fund_top1_holder_pct|volume
runtime\cn_underutilized_field_factor_pack_v1_selector128_20260601\selector_safe_v1\aa\phase3e_selector_audit.csv,phase3aa_event_0466_cn_underutil_v1_fundamental_x_activity_0296,cn_underutilized_field_factor_pack_v1,research_factor_feature_layer,93.0,"CSRank(Mul(ZScore($fund_top1_holder_pct),ZScore(Div(Mean($volume,5),Add(Abs(Mean($volume,5)),0.000001)))))",fund_top1_holder_pct|volume
runtime\cn_underutilized_field_factor_pack_v1_selector128_20260601\selector_safe_v1\aa\phase3e_selector_audit.csv,phase3aa_event_0463_cn_underutil_v1_fundamental_x_activity_0293,cn_underutilized_field_factor_pack_v1,research_factor_feature_layer,104.0,"CSRank(Mul(ZScore($fund_top1_holder_pct),ZScore(Div(Mean($amount,5),Add(Abs(Mean($amount,20)),0.000001)))))",amount|fund_top1_holder_pct
runtime\cn_underutilized_field_factor_pack_v1_selector128_20260601\selector_safe_v1\aa\phase3e_selector_audit.csv,phase3aa_event_0462_cn_underutil_v1_fundamental_x_activity_0292,cn_underutilized_field_factor_pack_v1,research_factor_feature_layer,106.0,"CSRank(Mul(ZScore($fund_top1_holder_pct),ZScore(Div(Mean($amount,5),Add(Abs(Mean($amount,5)),0.000001)))))",amount|fund_top1_holder_pct
runtime\cn_underutilized_field_factor_pack_v1_selector128_20260601\selector_safe_v1\aa\phase3e_selector_audit.csv,phase3aa_event_0454_cn_underutil_v1_fundamental_x_activity_0284,cn_underutilized_field_factor_pack_v1,research_factor_feature_layer,51.0,"CSRank(Mul(ZScore($fund_ocf_to_netprofit),ZScore(Div(Mean($volume,5),Add(Abs(Mean($volume,5)),0.000001)))))",fund_ocf_to_netprofit|volume
runtime\cn_underutilized_field_factor_pack_v1_selector128_20260601\selector_safe_v1\aa\phase3e_selector_audit.csv,phase3aa_event_0452_cn_underutil_v1_fundamental_x_activity_0282,cn_underutilized_field_factor_pack_v1,research_factor_feature_layer,54.0,"CSRank(Mul(ZScore($fund_ocf_to_netprofit),ZScore(Div(Mean($turnover_ratio,5),Add(Abs(Mean($turnover_ratio,5)),0.000001)))))",fund_ocf_to_netprofit|turnover_ratio
runtime\cn_underutilized_field_factor_pack_v1_selector128_20260601\selector_safe_v1\aa\phase3e_selector_audit.csv,phase3aa_event_0451_cn_underutil_v1_fundamental_x_activity_0281,cn_underutilized_field_factor_pack_v1,research_factor_feature_layer,97.0,"CSRank(Mul(ZScore($fund_ocf_to_netprofit),ZScore(Div(Mean($amount,5),Add(Abs(Mean($amount,20)),0.000001)))))",amount|fund_ocf_to_netprofit
runtime\cn_underutilized_field_factor_pack_v1_selector128_20260601\selector_safe_v1\aa\phase3e_selector_audit.csv,phase3aa_event_0439_cn_underutil_v1_fundamental_x_activity_0264,cn_underutilized_field_factor_pack_v1,research_factor_feature_layer,103.0,"CSRank(Mul(ZScore($fund_current_ratio),ZScore(Div(Mean($turnover_ratio,5),Add(Abs(Mean($turnover_ratio,5)),0.000001)))))",fund_current_ratio|turnover_ratio
runtime\cn_underutilized_field_factor_pack_v1_selector128_20260601\selector_safe_v1\aa\phase3e_selector_audit.csv,phase3aa_event_0438_cn_underutil_v1_fundamental_x_activity_0262,cn_underutilized_field_factor_pack_v1,research_factor_feature_layer,68.0,"CSRank(Mul(ZScore($fund_current_ratio),ZScore(Div(Mean($amount,5),Add(Abs(Mean($amount,5)),0.000001)))))",amount|fund_current_ratio
runtime\cn_underutilized_field_factor_pack_v1_selector128_20260601\selector_safe_v1\aa\phase3e_selector_audit.csv,phase3aa_event_0436_cn_underutil_v1_fundamental_x_activity_0260,cn_underutilized_field_factor_pack_v1,research_factor_feature_layer,45.0,"CSRank(Mul(ZScore($fund_cash_to_assets),ZScore(Div(Mean($volume,5),Add(Abs(Mean($volume,5)),0.000001)))))",fund_cash_to_assets|volume
runtime\cn_underutilized_field_factor_pack_v1_selector128_20260601\selector_safe_v1\aa\phase3e_selector_audit.csv,phase3aa_event_0435_cn_underutil_v1_fundamental_x_activity_0258,cn_underutilized_field_factor_pack_v1,research_factor_feature_layer,95.0,"CSRank(Mul(ZScore($fund_cash_to_assets),ZScore(Div(Mean($turnover_ratio,5),Add(Abs(Mean($turnover_ratio,5)),0.000001)))))",fund_cash_to_assets|turnover_ratio
runtime\cn_underutilized_field_factor_pack_v1_selector128_20260601\selector_safe_v1\aa\phase3e_selector_audit.csv,phase3aa_event_0306_cn_flow_liq_v1_fundamental_x_flow_0306,cn_flow_liquidity_factor_pack_v1,research_factor_feature_layer,34.0,"CSRank(Mul(ZScore($fund_netprofit_margin),ZScore(Div(Mean($turnover_ratio,5),Add(Abs(Mean($turnover_ratio,60)),0.000001)))))",fund_netprofit_margin|turnover_ratio
runtime\cn_underutilized_field_factor_pack_v1_selector128_20260601\selector_safe_v1\aa\phase3e_selector_audit.csv,phase3aa_event_0303_cn_flow_liq_v1_fundamental_x_flow_0303,cn_flow_liquidity_factor_pack_v1,research_factor_feature_layer,18.0,"CSRank(Mul(ZScore($fund_netprofit_margin),ZScore(Div(Mean($amount,5),Add(Abs(Mean($amount,60)),0.000001)))))",amount|fund_netprofit_margin
runtime\cn_underutilized_field_factor_pack_v1_selector128_20260601\selector_safe_v1\aa\phase3e_selector_audit.csv,phase3aa_event_0301_cn_flow_liq_v1_fundamental_x_flow_0301,cn_flow_liquidity_factor_pack_v1,research_factor_feature_layer,98.0,"CSRank(Mul(ZScore($fund_netprofit_margin),ZScore(Div(Mean($amount,5),Add(Abs(Mean($amount,10)),0.000001)))))",amount|fund_netprofit_margin
runtime\cn_underutilized_field_factor_pack_v1_selector128_20260601\selector_safe_v1\aa\phase3e_selector_audit.csv,phase3aa_event_0300_cn_flow_liq_v1_fundamental_x_flow_0300,cn_flow_liquidity_factor_pack_v1,research_factor_feature_layer,31.0,"CSRank(Mul(ZScore($fund_current_ratio),ZScore(Div(Mean($turnover_ratio,5),Add(Abs(Mean($turnover_ratio,60)),0.000001)))))",fund_current_ratio|turnover_ratio
runtime\cn_underutilized_field_factor_pack_v1_selector128_20260601\selector_safe_v1\aa\phase3e_selector_audit.csv,phase3aa_event_0297_cn_flow_liq_v1_fundamental_x_flow_0297,cn_flow_liquidity_factor_pack_v1,research_factor_feature_layer,33.0,"CSRank(Mul(ZScore($fund_current_ratio),ZScore(Div(Mean($amount,5),Add(Abs(Mean($amount,60)),0.000001)))))",amount|fund_current_ratio
runtime\cn_underutilized_field_factor_pack_v1_selector128_20260601\selector_safe_v1\aa\phase3e_selector_audit.csv,phase3aa_event_0294_cn_flow_liq_v1_fundamental_x_flow_0294,cn_flow_liquidity_factor_pack_v1,research_factor_feature_layer,37.0,"Neg(CSRank(Mul(ZScore($fund_debt_to_assets),ZScore(Div(Mean($turnover_ratio,5),Add(Abs(Mean($turnover_ratio,60)),0.000001))))))",fund_debt_to_assets|turnover_ratio
runtime\cn_underutilized_field_factor_pack_v1_selector128_20260601\selector_safe_v1\aa\phase3e_selector_audit.csv,phase3aa_event_0291_cn_flow_liq_v1_fundamental_x_flow_0291,cn_flow_liquidity_factor_pack_v1,research_factor_feature_layer,24.0,"Neg(CSRank(Mul(ZScore($fund_debt_to_assets),ZScore(Div(Mean($amount,5),Add(Abs(Mean($amount,60)),0.000001))))))",amount|fund_debt_to_assets
runtime\cn_underutilized_field_factor_pack_v1_selector128_20260601\selector_safe_v1\aa\phase3e_selector_audit.csv,phase3aa_event_0288_cn_flow_liq_v1_fundamental_x_flow_0288,cn_flow_liquidity_factor_pack_v1,research_factor_feature_layer,32.0,"CSRank(Mul(ZScore($fund_cash_to_assets),ZScore(Div(Mean($turnover_ratio,5),Add(Abs(Mean($turnover_ratio,60)),0.000001)))))",fund_cash_to_assets|turnover_ratio
runtime\cn_underutilized_field_factor_pack_v1_selector128_20260601\selector_safe_v1\aa\phase3e_selector_audit.csv,phase3aa_event_0285_cn_flow_liq_v1_fundamental_x_flow_0285,cn_flow_liquidity_factor_pack_v1,research_factor_feature_layer,30.0,"CSRank(Mul(ZScore($fund_cash_to_assets),ZScore(Div(Mean($amount,5),Add(Abs(Mean($amount,60)),0.000001)))))",amount|fund_cash_to_assets
runtime\cn_underutilized_field_factor_pack_v1_selector128_20260601\selector_safe_v1\aa\phase3e_selector_audit.csv,phase3aa_event_0283_cn_flow_liq_v1_fundamental_x_flow_0283,cn_flow_liquidity_factor_pack_v1,research_factor_feature_layer,102.0,"CSRank(Mul(ZScore($fund_cash_to_assets),ZScore(Div(Mean($amount,5),Add(Abs(Mean($amount,10)),0.000001)))))",amount|fund_cash_to_assets
runtime\cn_underutilized_field_factor_pack_v1_selector128_20260601\selector_safe_v1\aa\phase3e_selector_audit.csv,agnostic-freeform-806d5235bba6,agnostic_freeform_ast,agnostic_freeform_ast,27.0,"CSRank(Sub(CSRank(Mom($vwap,34)),ZScore(Std($volume,3))))",volume|vwap
runtime\cn_underutilized_field_factor_pack_v1_selector128_20260601\selector_safe_v1\aa\phase3e_selector_audit.csv,phase3repair-failure_detail-duplicate_escape-7e210d77983c,ast_failure_aware_repair,ast_failure_aware_repair,1.0,"CSRank(Mean($close,34))",close
runtime\cn_underutilized_field_factor_pack_v1_selector128_20260601\selector_safe_v1\aa\phase3e_selector_audit.csv,phase3repair-failure_detail-operator_sanitize-8fb17dfd7ee6,ast_failure_aware_repair,ast_failure_aware_repair,117.0,"CSRank(Sub(Mean($close,8),Mean($close,5)))",close
runtime\cn_underutilized_field_factor_pack_v1_selector128_20260601\selector_safe_v1\aa\phase3e_selector_audit.csv,phase3repair-failure_detail-operator_sanitize-b2b84bc3ef72,ast_failure_aware_repair,ast_failure_aware_repair,47.0,"CSRank(Sub(Mean($amount,6),Mean($amount,3)))",amount
runtime\cn_underutilized_field_factor_pack_v1_selector128_20260601\selector_safe_v1\aa\phase3e_selector_audit.csv,stockpit-template-3640ff7d560d,simple_template,r0_cem_led,2.0,CSRank($close),close
runtime\cn_underutilized_field_factor_pack_v1_selector128_20260601\selector_safe_v1\aa\phase3e_selector_audit.csv,agnostic-freeform-2853176b2b50,agnostic_freeform_ast,agnostic_freeform_ast,6.0,"CSRank(Mul(CSRank(Std($final_float_market_cap,34)),Mul(ZScore(Std($high,21)),Sign(Mean($open,5)))))",final_float_market_cap|high|open
runtime\cn_underutilized_field_factor_pack_v1_selector128_20260601\selector_safe_v1\aa\phase3e_selector_audit.csv,agnostic-freeform-f58db5f7c1ae,agnostic_freeform_ast,agnostic_freeform_ast,8.0,"CSRank(CSResidual(ZScore(Mean($high,2)),ZScore(Std($amount,3))))",amount|high
runtime\cn_underutilized_field_factor_pack_v1_selector128_20260601\selector_safe_v1\aa\phase3e_selector_audit.csv,fgv2-repair-nonlinearize-bfcb608426,formula_gen_v2_repair_expansion,formula_gen_v2_repair_expansion,56.0,"CSRank(Mul(Sign(ZScore(CSRank(Mean(Abs($close),8)))),Mul(ZScore(CSRank(Mean(Abs($close),8))),ZScore(CSRank(Mean(Abs($close),8))))))",close
runtime\cn_underutilized_field_factor_pack_v1_selector128_20260601\selector_safe_v1\aa\phase3e_selector_audit.csv,agnostic-freeform-566625b9ea8c,agnostic_freeform_ast,agnostic_freeform_ast,7.0,"CSRank(ZScore(Std($vwap,13)))",vwap
runtime\cn_underutilized_field_factor_pack_v1_selector128_20260601\selector_safe_v1\aa\phase3e_selector_audit.csv,agnostic-freeform-51f2006737d6,agnostic_freeform_ast,agnostic_freeform_ast,111.0,"CSRank(CSResidual(CSRank(Mean($open,34)),CSRank(Mom($close,3))))",close|open
runtime\cn_underutilized_field_factor_pack_v1_selector128_20260601\selector_safe_v1\aa\phase3e_selector_audit.csv,stockpit-cem_adaptive_grammar-8b93b582ec12,cem_adaptive_grammar,r0_cem_led,59.0,"CSRank(Mul(ZScore($final_float_market_cap),ZScore($close)))",close|final_float_market_cap
runtime\cn_underutilized_field_factor_pack_v1_selector128_20260601\selector_safe_v1\aa\phase3e_selector_audit.csv,agnostic-freeform-a89759d3657a,agnostic_freeform_ast,agnostic_freeform_ast,115.0,"CSRank(Mul(ZScore(Mean(Abs(Delta($high,1)),13)),Mul(ZScore($vwap),CSRank(Mean($vwap,8)))))",high|vwap
runtime\cn_underutilized_field_factor_pack_v1_selector128_20260601\selector_safe_v1\aa\phase3e_selector_audit.csv,fgv2-repair-nonlinearize-720a70b84f,formula_gen_v2_repair_expansion,formula_gen_v2_repair_expansion,23.0,"CSRank(Mul(Sign(ZScore(CSRank(Mul(ZScore(Std($close,5)),ZScore(Std($final_float_market_cap,2)))))),Mul(ZScore(CSRank(Mul(ZScore(Std($close,5)),ZScore(Std($final_float_market_cap,2))))),ZScore(CSRank(Mul(ZScore(Std($close,5)),ZScore(Std($final_float_market_cap,2))))))))",close|final_float_market_cap
runtime\cn_underutilized_field_factor_pack_v1_selector128_20260601\selector_safe_v1\aa\phase3e_selector_audit.csv,agnostic-freeform-551385e7478d,agnostic_freeform_ast,agnostic_freeform_ast,11.0,"CSRank(Mul(CSRank(Std($high,34)),Mul(ZScore($vwap),Sign(Std($high,13)))))",high|vwap
runtime\cn_underutilized_field_factor_pack_v1_selector128_20260601\selector_safe_v1\aa\phase3e_selector_audit.csv,fgv2-repair-add_state_gate-7a09229418,formula_gen_v2_repair_expansion,formula_gen_v2_repair_expansion,58.0,"CSRank(Mul(Neg(Neg(CSRank($close))),ZScore(Mean(Abs(Delta($close,1)),20))))",close
runtime\cn_underutilized_field_factor_pack_v1_selector128_20260601\selector_safe_v1\aa\phase3e_selector_audit.csv,agnostic-freeform-a7ad8beeeacf,agnostic_freeform_ast,agnostic_freeform_ast,17.0,"CSRank(Add(CSRank(Mom($final_total_market_cap,13)),CSRank(Mean($vwap,8))))",final_total_market_cap|vwap
runtime\cn_underutilized_field_factor_pack_v1_selector128_20260601\selector_safe_v1\aa\phase3e_selector_audit.csv,agnostic-freeform-042e30be7cdf,agnostic_freeform_ast,agnostic_freeform_ast,10.0,"CSRank(Mul(CSRank(Mean($close,8)),Corr(Mean($volume,3),Std($final_float_market_cap,13),8)))",close|final_float_market_cap|volume
runtime\cn_underutilized_field_factor_pack_v1_selector128_20260601\selector_safe_v1\aa\phase3e_selector_audit.csv,fgv2-repair-add_confirmation-a2ebaeae10,formula_gen_v2_repair_expansion,formula_gen_v2_repair_expansion,52.0,"CSRank(Mul(CSRank(Mean(Abs($close),8)),Sign(Delta($amount,1))))",amount|close
runtime\cn_underutilized_field_factor_pack_v1_selector128_20260601\selector_safe_v1\aa\phase3e_selector_audit.csv,fgv2-repair-nonlinearize-69d3d3bbf5,formula_gen_v2_repair_expansion,formula_gen_v2_repair_expansion,16.0,"CSRank(Mul(Sign(ZScore(CSRank(Mul(ZScore($final_float_market_cap),ZScore($close))))),Mul(ZScore(CSRank(Mul(ZScore($final_float_market_cap),ZScore($close)))),ZScore(CSRank(Mul(ZScore($final_float_market_cap),ZScore($close)))))))",close|final_float_market_cap
runtime\cn_underutilized_field_factor_pack_v1_selector128_20260601\selector_safe_v1\aa\phase3e_selector_audit.csv,stockpit-cem_adaptive_grammar-ad335fa8387e,cem_adaptive_grammar,r0_cem_led,19.0,"Neg(CSRank(Mul(ZScore(Delta($amount,8)),ZScore(Delta($final_float_market_cap,2)))))",amount|final_float_market_cap
runtime\cn_underutilized_field_factor_pack_v1_selector128_20260601\selector_safe_v1\aa\phase3e_selector_audit.csv,stockpit-cem_adaptive_grammar-2cd6edb62448,cem_adaptive_grammar,r0_cem_led,14.0,"Neg(CSRank(Delta($final_float_market_cap,5)))",final_float_market_cap
runtime\cn_underutilized_field_factor_pack_v1_selector128_20260601\selector_safe_v1\aa\phase3e_selector_audit.csv,phase3repair-failure_detail-duplicate_escape-467a29a8b041,ast_failure_aware_repair,ast_failure_aware_repair,25.0,"CSRank(Mul(ZScore(Mean($close,13)),ZScore(Delta($close,6))))",close
runtime\cn_underutilized_field_factor_pack_v1_selector128_20260601\selector_safe_v1\aa\phase3e_selector_audit.csv,phase3repair-failure_detail-duplicate_escape-a160ab8432ed,ast_failure_aware_repair,ast_failure_aware_repair,42.0,"CSRank(Mul(ZScore(Mean($close,3)),ZScore(Delta($amount,6))))",amount|close
runtime\cn_underutilized_field_factor_pack_v1_selector128_20260601\selector_safe_v1\aa\phase3e_selector_audit.csv,fgv2-repair-nonlinearize-ace579e6fa,formula_gen_v2_repair_expansion,formula_gen_v2_repair_expansion,5.0,"CSRank(Mul(Sign(ZScore(Neg(CSRank(Delta($final_float_market_cap,5))))),Mul(ZScore(Neg(CSRank(Delta($final_float_market_cap,5)))),ZScore(Neg(CSRank(Delta($final_float_market_cap,5)))))))",final_float_market_cap
runtime\cn_underutilized_field_factor_pack_v1_selector128_20260601\selector_safe_v1\aa\phase3e_selector_audit.csv,stockpit-cem_adaptive_grammar-39ba35c18089,cem_adaptive_grammar,r0_cem_led,36.0,"Neg(CSRank(Delta($final_float_market_cap,8)))",final_float_market_cap
runtime\cn_underutilized_field_factor_pack_v1_selector128_20260601\selector_safe_v1\aa\phase3e_selector_audit.csv,fgv2-repair-temporalize-dab4cd92fc,formula_gen_v2_repair_expansion,formula_gen_v2_repair_expansion,118.0,"CSRank(Mul(Neg(CSRank(Delta($final_float_market_cap,8))),Corr(Delta($amount,1),Delay(Delta($amount,1),1),10)))",amount|final_float_market_cap
runtime\cn_underutilized_field_factor_pack_v1_selector128_20260601\selector_safe_v1\aa\phase3e_selector_audit.csv,stockpit-ast_evolutionary_mutation-1bada91f298a,ast_evolutionary_mutation,r0_cem_led,4.0,"CSRank(CSResidual(CSRank(CSRank(Mean(Abs($ret),21))),CSRank(Log($final_total_market_cap))))",final_total_market_cap|ret
runtime\cn_underutilized_field_factor_pack_v1_selector128_20260601\selector_safe_v1\aa\phase3e_selector_audit.csv,fgv2-repair-nonlinearize-5c942092bf,formula_gen_v2_repair_expansion,formula_gen_v2_repair_expansion,22.0,"CSRank(Mul(Sign(ZScore(Neg(CSRank(Std($volume,8))))),Mul(ZScore(Neg(CSRank(Std($volume,8)))),ZScore(Neg(CSRank(Std($volume,8)))))))",volume
runtime\cn_underutilized_field_factor_pack_v1_selector128_20260601\selector_safe_v1\aa\phase3e_selector_audit.csv,stockpit-ast_evolutionary_mutation-81852aeb8a57,ast_evolutionary_mutation,r0_cem_led,41.0,"CSRank(CSResidual(CSRank(Neg(CSRank(Mom($close,21)))),CSRank(Log($final_total_market_cap))))",close|final_total_market_cap
runtime\cn_underutilized_field_factor_pack_v1_selector128_20260601\selector_safe_v1\aa\phase3e_selector_audit.csv,phase3repair-failure_detail-duplicate_escape-b7d2c812122b,ast_failure_aware_repair,ast_failure_aware_repair,9.0,"CSRank(Mean($amount,34))",amount
runtime\cn_underutilized_field_factor_pack_v1_selector128_20260601\selector_safe_v1\aa\phase3e_selector_audit.csv,phase3repair-failure_detail-operator_sanitize-28e642be47c1,ast_failure_aware_repair,ast_failure_aware_repair,3.0,"CSRank(Div(Delta($ret,8),Add(Abs(Mean($ret,5)),0.000001)))",ret
runtime\cn_underutilized_field_factor_pack_v1_selector128_20260601\selector_safe_v1\aa\phase3e_selector_audit.csv,phase3repair-failure_detail-duplicate_escape-e8fd32a0b1dd,ast_failure_aware_repair,ast_failure_aware_repair,26.0,"CSRank(Delta($close,34))",close
runtime\cn_underutilized_field_factor_pack_v1_selector128_20260601\selector_safe_v1\aa\phase3e_selector_audit.csv,phase3repair-failure_detail-duplicate_escape-e7ff54a0ccde,ast_failure_aware_repair,ast_failure_aware_repair,50.0,"CSRank(Mul(ZScore(Mean($amount,34)),ZScore(Delta($amount,17))))",amount
runtime\cn_underutilized_field_factor_pack_v1_selector128_20260601\selector_safe_v1\aa\phase3e_selector_audit.csv,stockpit-template-53cdecea063f,simple_template,r0_cem_led,44.0,"CSRank(Mean(Abs($ret),34))",ret
runtime\cn_underutilized_field_factor_pack_v1_selector128_20260601\selector_safe_v1\aa\phase3e_selector_audit.csv,agnostic-freeform-7e6b672f25a0,agnostic_freeform_ast,agnostic_freeform_ast,12.0,"CSRank(Mul(Sign(Mom($final_float_market_cap,13)),Mul(ZScore(Delta($close,21)),Sign(Delta($amount,13)))))",amount|close|final_float_market_cap
runtime\cn_underutilized_field_factor_pack_v1_selector128_20260601\selector_safe_v1\aa\phase3e_selector_audit.csv,stockpit-cem_adaptive_grammar-17becd59be2a,cem_adaptive_grammar,r0_cem_led,96.0,"Neg(CSRank(CSResidual(CSRank(Mean($volume,5)),CSRank(Mean($final_float_market_cap,5)))))",final_float_market_cap|volume
runtime\cn_underutilized_field_factor_pack_v1_selector128_20260601\selector_safe_v1\aa\phase3e_selector_audit.csv,agnostic-freeform-5442621fe990,agnostic_freeform_ast,agnostic_freeform_ast,116.0,"CSRank(Mul(ZScore(Delta($low,21)),Corr(Mean(Abs(Delta($high,1)),2),Delta($close,34),8)))",close|high|low
runtime\cn_underutilized_field_factor_pack_v1_selector128_20260601\selector_safe_v1\aa\phase3e_selector_audit.csv,stockpit-cem_adaptive_grammar-c907d63a8787,cem_adaptive_grammar,r0_cem_led,48.0,"Neg(CSRank(CSResidual(CSRank(Mean(Abs($amount),5)),CSRank(Mean(Abs($amount),5)))))",amount
runtime\cn_underutilized_field_factor_pack_v1_selector128_20260601\selector_safe_v1\aa\phase3e_selector_audit.csv,stockpit-cem_adaptive_grammar-57145232a53c,cem_adaptive_grammar,r0_cem_led,20.0,"CSRank(Std($final_float_market_cap,8))",final_float_market_cap
runtime\cn_underutilized_field_factor_pack_v1_selector128_20260601\selector_safe_v1\aa\phase3e_selector_audit.csv,agnostic-freeform-c8d24a10ea7a,agnostic_freeform_ast,agnostic_freeform_ast,15.0,"CSRank(Mul(CSRank($vwap),Mul(Sign(Mom($open,21)),Sign(Std($final_float_market_cap,3)))))",final_float_market_cap|open|vwap
runtime\cn_underutilized_field_factor_pack_v1_selector128_20260601\selector_safe_v1\aa\phase3e_selector_audit.csv,agnostic-freeform-43ebc5208a60,agnostic_freeform_ast,agnostic_freeform_ast,107.0,"CSRank(Mul(Sign(ZScore(Delta($vwap,13))),Mul(ZScore(Delta($vwap,13)),ZScore(Delta($vwap,13)))))",vwap
runtime\cn_underutilized_field_factor_pack_v1_selector128_20260601\selector_safe_v1\aa\phase3e_selector_audit.csv,stockpit-cem_adaptive_grammar-599b7d414bee,cem_adaptive_grammar,r0_cem_led,92.0,"CSRank(Delta($close,1))",close
runtime\cn_underutilized_field_factor_pack_v1_selector128_20260601\selector_safe_v1\aa\phase3e_selector_audit.csv,stockpit-template-639c8f3fc646,simple_template,r0_cem_led,28.0,"CSRank(Mean(Abs($ret),21))",ret
runtime\cn_underutilized_field_factor_pack_v1_selector128_20260601\selector_safe_v1\aa\phase3e_selector_audit.csv,stockpit-cem_adaptive_grammar-65bdea56f56e,cem_adaptive_grammar,r0_cem_led,55.0,"CSRank(CSResidual(CSRank(Mean($final_float_market_cap,34)),CSRank(Mean($volume,2))))",final_float_market_cap|volume
runtime\cn_underutilized_field_factor_pack_v1_selector128_20260601\selector_safe_v1\aa\phase3e_selector_audit.csv,phase3repair-failure_detail-duplicate_escape-2c0e37975a80,ast_failure_aware_repair,ast_failure_aware_repair,46.0,"CSRank(Delta($open,3))",open
runtime\cn_underutilized_field_factor_pack_v1_selector128_20260601\selector_safe_v1\aa\phase3e_selector_audit.csv,phase3repair-failure_detail-duplicate_escape-cad173b00af0,ast_failure_aware_repair,ast_failure_aware_repair,114.0,"CSRank(Mul(ZScore(Mean($amount,8)),ZScore(Delta($amount,11))))",amount
runtime\cn_underutilized_field_factor_pack_v1_selector128_20260601\selector_safe_v1\aa\phase3e_selector_audit.csv,phase3repair-failure_detail-duplicate_escape-ee4f62642de6,ast_failure_aware_repair,ast_failure_aware_repair,49.0,"CSRank(Delta($final_total_market_cap,34))",final_total_market_cap
runtime\cn_underutilized_field_factor_pack_v1_selector128_20260601\selector_safe_v1\aa\phase3e_selector_audit.csv,agnostic-freeform-921e7c015bbd,agnostic_freeform_ast,agnostic_freeform_ast,13.0,"CSRank(CSResidual(Sign(Delta($volume,3)),CSRank(Mean($turnover_rate,13))))",turnover_rate|volume
runtime\cn_underutilized_field_factor_pack_v1_selector128_20260601\selector_safe_v1\aa\phase3e_selector_audit.csv,agnostic-freeform-a2f874d8abfd,agnostic_freeform_ast,agnostic_freeform_ast,112.0,"CSRank(Delta($low,2))",low
runtime\cn_underutilized_field_factor_pack_v1_selector128_20260601\selector_safe_v1\aa\phase3e_selector_audit.csv,agnostic-freeform-de6f934b0204,agnostic_freeform_ast,agnostic_freeform_ast,108.0,"CSRank(Add(ZScore(Mean($high,8)),ZScore(Delta($turnover_rate,3))))",high|turnover_rate
runtime\cn_underutilized_field_factor_pack_v1_selector128_20260601\selector_safe_v1\aa\phase3e_selector_audit.csv,stockpit-cem_adaptive_grammar-4338214cea60,cem_adaptive_grammar,r0_cem_led,65.0,"Neg(CSRank(Mul(ZScore(Std($volume,34)),ZScore(Std($close,34)))))",close|volume
runtime\cn_underutilized_field_factor_pack_v1_selector128_20260601\selector_safe_v1\aa\phase3e_selector_audit.csv,stockpit-cem_adaptive_grammar-7539da0e3e01,cem_adaptive_grammar,r0_cem_led,94.0,"CSRank(Mul(ZScore(Mean(Abs($volume),8)),ZScore(Mean(Abs($amount),8))))",amount|volume
runtime\cn_underutilized_field_factor_pack_v1_selector128_20260601\selector_safe_v1\aa\phase3e_selector_audit.csv,stockpit-ast_evolutionary_mutation-10127f88dcf9,ast_evolutionary_mutation,r0_cem_led,66.0,"Neg(CSRank(ZScore(Mean(Abs($ret),3))))",ret
runtime\cn_underutilized_field_factor_pack_v1_selector128_20260601\selector_safe_v1\aa\phase3e_selector_audit.csv,phase3repair-failure_detail-operator_sanitize-3fe3add38cb8,ast_failure_aware_repair,ast_failure_aware_repair,29.0,"CSRank(Div(Delta($ret,11),Add(Abs(Mean($ret,8)),0.000001)))",ret
runtime\cn_underutilized_field_factor_pack_v1_selector128_20260601\selector_safe_v1\aa\phase3e_selector_audit.csv,agnostic-freeform-963e722d8b56,agnostic_freeform_ast,agnostic_freeform_ast,113.0,"CSRank(Mom($low,21))",low
runtime\cn_underutilized_field_factor_pack_v1_selector128_20260601\selector_safe_v1\aa\phase3e_selector_audit.csv,stockpit-cem_adaptive_grammar-159c59c2c671,cem_adaptive_grammar,r0_cem_led,35.0,"Neg(CSRank(CSResidual(CSRank(Mom($volume,21)),CSRank(Mom($close,5)))))",close|volume
runtime\cn_underutilized_field_factor_pack_v1_selector128_20260601\selector_safe_v1\aa\phase3e_selector_audit.csv,phase3repair-failure_detail-operator_sanitize-730aef238cb4,ast_failure_aware_repair,ast_failure_aware_repair,39.0,"CSRank(Div(Delta($ret,17),Add(Abs(Mean($ret,34)),0.000001)))",ret
runtime\cn_underutilized_field_factor_pack_v1_selector128_20260601\selector_safe_v1\aa\phase3e_selector_audit.csv,agnostic-freeform-bd2ec75066cc,agnostic_freeform_ast,agnostic_freeform_ast,109.0,"CSRank(Mul(Sign(Std($final_total_market_cap,2)),Corr(Std($low,5),Delay(Mom($vwap,13),1),21)))",final_total_market_cap|low|vwap
runtime\cn_underutilized_field_factor_pack_v1_selector128_20260601\selector_safe_v1\aa\phase3e_selector_audit.csv,stockpit-cem_adaptive_grammar-255bc647abf1,cem_adaptive_grammar,r0_cem_led,57.0,"Neg(CSRank(CSResidual(CSRank(Delta($volume,8)),CSRank(Delta($volume,5)))))",volume
runtime\cn_underutilized_field_factor_pack_v1_selector128_20260601\selector_safe_v1\aa\phase3e_selector_audit.csv,stockpit-ast_evolutionary_mutation-f0d27365357b,ast_evolutionary_mutation,r0_cem_led,40.0,"CSRank(CSResidual(CSRank(CSRank(Log($final_total_market_cap))),CSRank(Log($final_float_market_cap))))",final_float_market_cap|final_total_market_cap
runtime\cn_underutilized_field_factor_pack_v1_selector128_20260601\selector_safe_v1\aa\phase3e_selector_audit.csv,stockpit-ast_evolutionary_mutation-efba1282d30c,ast_evolutionary_mutation,r0_cem_led,84.0,CSRank(ZScore(CSRank(Log($final_total_market_cap)))),final_total_market_cap
runtime\cn_underutilized_field_factor_pack_v1_selector128_20260601\selector_safe_v1\aa\phase3e_selector_audit.csv,stockpit-ast_evolutionary_mutation-f7351077527d,ast_evolutionary_mutation,r0_cem_led,38.0,"CSRank(Mul(ZScore(Neg(CSRank(Mom($close,13)))),ZScore(CSRank(Mean(Abs($ret),21)))))",close|ret
runtime\cn_underutilized_field_factor_pack_v1_selector128_20260601\selector_safe_v1\aa\phase3e_selector_audit.csv,stockpit-cem_adaptive_grammar-894e76d05015,cem_adaptive_grammar,r0_cem_led,85.0,"CSRank(Mean(Abs($final_float_market_cap),34))",final_float_market_cap
runtime\cn_underutilized_field_factor_pack_v1_selector128_20260601\selector_safe_v1\aa\phase3e_selector_audit.csv,stockpit-cem_adaptive_grammar-da7d44837fa3,cem_adaptive_grammar,r0_cem_led,43.0,"Neg(CSRank(Mom($amount,5)))",amount
runtime\cn_underutilized_field_factor_pack_v1_selector128_20260601\selector_safe_v1\aa\phase3e_selector_audit.csv,agnostic-freeform-1037abe9b9af,agnostic_freeform_ast,agnostic_freeform_ast,21.0,"CSRank(Sign(Std($close,3)))",close
runtime\cn_underutilized_field_factor_pack_v1_selector128_20260601\selector_safe_v1\aa\phase3e_selector_audit.csv,agnostic-freeform-7d1aab13a518,agnostic_freeform_ast,agnostic_freeform_ast,110.0,"CSRank(Mul(ZScore(Std($volume,21)),Mul(Sign(Mom($final_total_market_cap,21)),CSRank($final_float_market_cap))))",final_float_market_cap|final_total_market_cap|volume
runtime\cn_zzshare_limit_sentiment_selector_only_v1_20260602\company_selector_only\phase3e_selector_audit.csv,phase3aa_event_0048_cn_zls_v1_zls_hot_rank_inverse_00048,cn_zzshare_limit_sentiment_factor_pack_v1,event_derived_feature_layer,21.0,CSRank(Neg($ctx_zls_rank_lag1)),ctx_zls_rank_lag1
runtime\cn_zzshare_limit_sentiment_selector_only_v1_20260602\company_selector_only\phase3e_selector_audit.csv,phase3aa_event_0047_cn_zls_v1_zls_hot_rank_direct_00047,cn_zzshare_limit_sentiment_factor_pack_v1,event_derived_feature_layer,45.0,CSRank($ctx_zls_last_pct_lag1),ctx_zls_last_pct_lag1
runtime\cn_zzshare_limit_sentiment_selector_only_v1_20260602\company_selector_only\phase3e_selector_audit.csv,phase3aa_event_0040_cn_zls_v1_zls_ladder_to_limit_ratio_00040,cn_zzshare_limit_sentiment_factor_pack_v1,event_derived_feature_layer,15.0,"CSRank(Div(Add($ctx_zls_lb_2_num_lag1,$ctx_zls_lb_3_num_lag1),Add(Abs($ctx_zls_uplimit_num_lag1),0.000001)))",ctx_zls_lb_2_num_lag1|ctx_zls_lb_3_num_lag1|ctx_zls_uplimit_num_lag1
runtime\cn_zzshare_limit_sentiment_selector_only_v1_20260602\company_selector_only\phase3e_selector_audit.csv,phase3aa_event_0037_cn_zls_v1_zls_sentiment_direct_zrank_00037,cn_zzshare_limit_sentiment_factor_pack_v1,event_derived_feature_layer,38.0,CSRank(ZScore($ctx_zls_ztjs_lag1)),ctx_zls_ztjs_lag1
runtime\cn_zzshare_limit_sentiment_selector_only_v1_20260602\company_selector_only\phase3e_selector_audit.csv,phase3aa_event_0035_cn_zls_v1_zls_sentiment_direct_zrank_00035,cn_zzshare_limit_sentiment_factor_pack_v1,event_derived_feature_layer,35.0,CSRank(ZScore($ctx_zls_strong_lag1)),ctx_zls_strong_lag1
runtime\cn_zzshare_limit_sentiment_selector_only_v1_20260602\company_selector_only\phase3e_selector_audit.csv,phase3aa_event_0033_cn_zls_v1_zls_sentiment_direct_zrank_00033,cn_zzshare_limit_sentiment_factor_pack_v1,event_derived_feature_layer,17.0,CSRank(ZScore($ctx_zls_lbgd_lag1)),ctx_zls_lbgd_lag1
runtime\cn_zzshare_limit_sentiment_selector_only_v1_20260602\company_selector_only\phase3e_selector_audit.csv,phase3aa_event_0031_cn_zls_v1_zls_sentiment_direct_zrank_00031,cn_zzshare_limit_sentiment_factor_pack_v1,event_derived_feature_layer,36.0,CSRank(ZScore($ctx_zls_zb_num_lag1)),ctx_zls_zb_num_lag1
runtime\cn_zzshare_limit_sentiment_selector_only_v1_20260602\company_selector_only\phase3e_selector_audit.csv,phase3aa_event_0029_cn_zls_v1_zls_sentiment_direct_zrank_00029,cn_zzshare_limit_sentiment_factor_pack_v1,event_derived_feature_layer,28.0,CSRank(ZScore($ctx_zls_uplimit_num_lag1)),ctx_zls_uplimit_num_lag1
runtime\cn_zzshare_limit_sentiment_selector_only_v1_20260602\company_selector_only\phase3e_selector_audit.csv,phase3aa_event_0027_cn_zls_v1_zls_sentiment_direct_zrank_00027,cn_zzshare_limit_sentiment_factor_pack_v1,event_derived_feature_layer,33.0,CSRank(ZScore($ctx_zls_lb_h_num_lag1)),ctx_zls_lb_h_num_lag1
runtime\cn_zzshare_limit_sentiment_selector_only_v1_20260602\company_selector_only\phase3e_selector_audit.csv,phase3aa_event_0025_cn_zls_v1_zls_sentiment_direct_zrank_00025,cn_zzshare_limit_sentiment_factor_pack_v1,event_derived_feature_layer,37.0,CSRank(ZScore($ctx_zls_lb_3_num_lag1)),ctx_zls_lb_3_num_lag1
runtime\cn_zzshare_limit_sentiment_selector_only_v1_20260602\company_selector_only\phase3e_selector_audit.csv,phase3aa_event_0023_cn_zls_v1_zls_sentiment_direct_zrank_00023,cn_zzshare_limit_sentiment_factor_pack_v1,event_derived_feature_layer,41.0,CSRank(ZScore($ctx_zls_downlimit_num_lag1)),ctx_zls_downlimit_num_lag1
runtime\cn_zzshare_limit_sentiment_selector_only_v1_20260602\company_selector_only\phase3e_selector_audit.csv,phase3aa_event_0021_cn_zls_v1_zls_sentiment_direct_zrank_00021,cn_zzshare_limit_sentiment_factor_pack_v1,event_derived_feature_layer,32.0,CSRank(ZScore($ctx_zls_max_lb_num_lag1)),ctx_zls_max_lb_num_lag1
runtime\cn_zzshare_limit_sentiment_selector_only_v1_20260602\company_selector_only\phase3e_selector_audit.csv,phase3aa_event_0019_cn_zls_v1_zls_sentiment_direct_zrank_00019,cn_zzshare_limit_sentiment_factor_pack_v1,event_derived_feature_layer,40.0,CSRank(ZScore($ctx_zls_lb_2_num_lag1)),ctx_zls_lb_2_num_lag1
runtime\cn_zzshare_limit_sentiment_selector_only_v1_20260602\company_selector_only\phase3e_selector_audit.csv,phase3aa_event_0016_cn_zls_v1_zls_auction_turnover_to_amount_00016,cn_zzshare_limit_sentiment_factor_pack_v1,event_derived_feature_layer,57.0,"CSRank(Div($evt_zls_auction_turnover,Add(Abs($evt_zls_amount),0.000001)))",evt_zls_amount|evt_zls_auction_turnover
runtime\cn_zzshare_limit_sentiment_selector_only_v1_20260602\company_selector_only\phase3e_selector_audit.csv,phase3aa_event_0015_cn_zls_v1_zls_auction_money_to_offer_00015,cn_zzshare_limit_sentiment_factor_pack_v1,event_derived_feature_layer,44.0,"CSRank(Div($evt_zls_auction_money,Add(Abs($evt_zls_auction_offer),0.000001)))",evt_zls_auction_money|evt_zls_auction_offer
runtime\cn_zzshare_limit_sentiment_selector_only_v1_20260602\company_selector_only\phase3e_selector_audit.csv,phase3aa_event_0014_cn_zls_v1_zls_max_seal_to_amount_00014,cn_zzshare_limit_sentiment_factor_pack_v1,event_derived_feature_layer,20.0,"CSRank(Div($evt_zls_fd_max,Add(Abs($evt_zls_amount),0.000001)))",evt_zls_amount|evt_zls_fd_max
runtime\cn_zzshare_limit_sentiment_selector_only_v1_20260602\company_selector_only\phase3e_selector_audit.csv,phase3aa_event_0013_cn_zls_v1_zls_seal_to_amount_00013,cn_zzshare_limit_sentiment_factor_pack_v1,event_derived_feature_layer,56.0,"CSRank(Div($evt_zls_fd_close,Add(Abs($evt_zls_amount),0.000001)))",evt_zls_amount|evt_zls_fd_close
runtime\cn_zzshare_limit_sentiment_selector_only_v1_20260602\company_selector_only\phase3e_selector_audit.csv,phase3aa_event_0012_cn_zls_v1_zls_event_direct_zrank_00012,cn_zzshare_limit_sentiment_factor_pack_v1,event_derived_feature_layer,39.0,CSRank(ZScore($evt_zls_up_limit_keep_times)),evt_zls_up_limit_keep_times
runtime\cn_zzshare_limit_sentiment_selector_only_v1_20260602\company_selector_only\phase3e_selector_audit.csv,phase3aa_event_0011_cn_zls_v1_zls_event_direct_00011,cn_zzshare_limit_sentiment_factor_pack_v1,event_derived_feature_layer,24.0,CSRank($evt_zls_up_limit_keep_times),evt_zls_up_limit_keep_times
runtime\cn_zzshare_limit_sentiment_selector_only_v1_20260602\company_selector_only\phase3e_selector_audit.csv,phase3aa_event_0010_cn_zls_v1_zls_event_direct_zrank_00010,cn_zzshare_limit_sentiment_factor_pack_v1,event_derived_feature_layer,34.0,CSRank(ZScore($evt_zls_fd_max)),evt_zls_fd_max
runtime\cn_zzshare_limit_sentiment_selector_only_v1_20260602\company_selector_only\phase3e_selector_audit.csv,phase3aa_event_0009_cn_zls_v1_zls_event_direct_00009,cn_zzshare_limit_sentiment_factor_pack_v1,event_derived_feature_layer,23.0,CSRank($evt_zls_fd_max),evt_zls_fd_max
runtime\cn_zzshare_limit_sentiment_selector_only_v1_20260602\company_selector_only\phase3e_selector_audit.csv,phase3aa_event_0008_cn_zls_v1_zls_event_direct_zrank_00008,cn_zzshare_limit_sentiment_factor_pack_v1,event_derived_feature_layer,60.0,CSRank(ZScore($evt_zls_fd_close)),evt_zls_fd_close
runtime\cn_zzshare_limit_sentiment_selector_only_v1_20260602\company_selector_only\phase3e_selector_audit.csv,phase3aa_event_0007_cn_zls_v1_zls_event_direct_00007,cn_zzshare_limit_sentiment_factor_pack_v1,event_derived_feature_layer,62.0,CSRank($evt_zls_fd_close),evt_zls_fd_close
runtime\cn_zzshare_limit_sentiment_selector_only_v1_20260602\company_selector_only\phase3e_selector_audit.csv,phase3aa_event_0005_cn_zls_v1_zls_event_direct_00005,cn_zzshare_limit_sentiment_factor_pack_v1,event_derived_feature_layer,55.0,CSRank($evt_zls_auction_turnover),evt_zls_auction_turnover
runtime\cn_zzshare_limit_sentiment_selector_only_v1_20260602\company_selector_only\phase3e_selector_audit.csv,phase3aa_event_0003_cn_zls_v1_zls_event_direct_00003,cn_zzshare_limit_sentiment_factor_pack_v1,event_derived_feature_layer,61.0,CSRank($evt_zls_auction_money),evt_zls_auction_money
runtime\cn_zzshare_limit_sentiment_selector_only_v1_20260602\company_selector_only\phase3e_selector_audit.csv,phase3aa_event_0002_cn_zls_v1_zls_event_direct_zrank_00002,cn_zzshare_limit_sentiment_factor_pack_v1,event_derived_feature_layer,59.0,CSRank(ZScore($evt_zls_amount)),evt_zls_amount
runtime\cn_zzshare_limit_sentiment_selector_only_v1_20260602\company_selector_only\phase3e_selector_audit.csv,phase3aa_event_0001_cn_zls_v1_zls_event_direct_00001,cn_zzshare_limit_sentiment_factor_pack_v1,event_derived_feature_layer,63.0,CSRank($evt_zls_amount),evt_zls_amount
runtime\cn_zzshare_limit_sentiment_selector_only_v1_20260602\company_selector_only\phase3e_selector_audit.csv,agnostic-freeform-806d5235bba6,agnostic_freeform_ast,agnostic_freeform_ast,8.0,"CSRank(Sub(CSRank(Mom($vwap,34)),ZScore(Std($volume,3))))",volume|vwap
runtime\cn_zzshare_limit_sentiment_selector_only_v1_20260602\company_selector_only\phase3e_selector_audit.csv,phase3repair-failure_detail-duplicate_escape-7e210d77983c,ast_failure_aware_repair,ast_failure_aware_repair,1.0,"CSRank(Mean($close,34))",close
runtime\cn_zzshare_limit_sentiment_selector_only_v1_20260602\company_selector_only\phase3e_selector_audit.csv,phase3repair-failure_detail-operator_sanitize-b2b84bc3ef72,ast_failure_aware_repair,ast_failure_aware_repair,26.0,"CSRank(Sub(Mean($amount,6),Mean($amount,3)))",amount
runtime\cn_zzshare_limit_sentiment_selector_only_v1_20260602\company_selector_only\phase3e_selector_audit.csv,stockpit-template-3640ff7d560d,simple_template,r0_cem_led,2.0,CSRank($close),close
runtime\cn_zzshare_limit_sentiment_selector_only_v1_20260602\company_selector_only\phase3e_selector_audit.csv,agnostic-freeform-2853176b2b50,agnostic_freeform_ast,agnostic_freeform_ast,10.0,"CSRank(Mul(CSRank(Std($final_float_market_cap,34)),Mul(ZScore(Std($high,21)),Sign(Mean($open,5)))))",final_float_market_cap|high|open
runtime\cn_zzshare_limit_sentiment_selector_only_v1_20260602\company_selector_only\phase3e_selector_audit.csv,stockpit-cem_adaptive_grammar-8b93b582ec12,cem_adaptive_grammar,r0_cem_led,51.0,"CSRank(Mul(ZScore($final_float_market_cap),ZScore($close)))",close|final_float_market_cap
runtime\cn_zzshare_limit_sentiment_selector_only_v1_20260602\company_selector_only\phase3e_selector_audit.csv,fgv2-repair-nonlinearize-720a70b84f,formula_gen_v2_repair_expansion,formula_gen_v2_repair_expansion,43.0,"CSRank(Mul(Sign(ZScore(CSRank(Mul(ZScore(Std($close,5)),ZScore(Std($final_float_market_cap,2)))))),Mul(ZScore(CSRank(Mul(ZScore(Std($close,5)),ZScore(Std($final_float_market_cap,2))))),ZScore(CSRank(Mul(ZScore(Std($close,5)),ZScore(Std($final_float_market_cap,2))))))))",close|final_float_market_cap
runtime\cn_zzshare_limit_sentiment_selector_only_v1_20260602\company_selector_only\phase3e_selector_audit.csv,agnostic-freeform-551385e7478d,agnostic_freeform_ast,agnostic_freeform_ast,12.0,"CSRank(Mul(CSRank(Std($high,34)),Mul(ZScore($vwap),Sign(Std($high,13)))))",high|vwap
runtime\cn_zzshare_limit_sentiment_selector_only_v1_20260602\company_selector_only\phase3e_selector_audit.csv,agnostic-freeform-a7ad8beeeacf,agnostic_freeform_ast,agnostic_freeform_ast,13.0,"CSRank(Add(CSRank(Mom($final_total_market_cap,13)),CSRank(Mean($vwap,8))))",final_total_market_cap|vwap
runtime\cn_zzshare_limit_sentiment_selector_only_v1_20260602\company_selector_only\phase3e_selector_audit.csv,agnostic-freeform-042e30be7cdf,agnostic_freeform_ast,agnostic_freeform_ast,5.0,"CSRank(Mul(CSRank(Mean($close,8)),Corr(Mean($volume,3),Std($final_float_market_cap,13),8)))",close|final_float_market_cap|volume
runtime\cn_zzshare_limit_sentiment_selector_only_v1_20260602\company_selector_only\phase3e_selector_audit.csv,fgv2-repair-add_confirmation-a2ebaeae10,formula_gen_v2_repair_expansion,formula_gen_v2_repair_expansion,47.0,"CSRank(Mul(CSRank(Mean(Abs($close),8)),Sign(Delta($amount,1))))",amount|close
runtime\cn_zzshare_limit_sentiment_selector_only_v1_20260602\company_selector_only\phase3e_selector_audit.csv,fgv2-repair-nonlinearize-69d3d3bbf5,formula_gen_v2_repair_expansion,formula_gen_v2_repair_expansion,14.0,"CSRank(Mul(Sign(ZScore(CSRank(Mul(ZScore($final_float_market_cap),ZScore($close))))),Mul(ZScore(CSRank(Mul(ZScore($final_float_market_cap),ZScore($close)))),ZScore(CSRank(Mul(ZScore($final_float_market_cap),ZScore($close)))))))",close|final_float_market_cap
runtime\cn_zzshare_limit_sentiment_selector_only_v1_20260602\company_selector_only\phase3e_selector_audit.csv,stockpit-cem_adaptive_grammar-ad335fa8387e,cem_adaptive_grammar,r0_cem_led,18.0,"Neg(CSRank(Mul(ZScore(Delta($amount,8)),ZScore(Delta($final_float_market_cap,2)))))",amount|final_float_market_cap
runtime\cn_zzshare_limit_sentiment_selector_only_v1_20260602\company_selector_only\phase3e_selector_audit.csv,stockpit-cem_adaptive_grammar-2cd6edb62448,cem_adaptive_grammar,r0_cem_led,46.0,"Neg(CSRank(Delta($final_float_market_cap,5)))",final_float_market_cap
runtime\cn_zzshare_limit_sentiment_selector_only_v1_20260602\company_selector_only\phase3e_selector_audit.csv,agnostic-freeform-0b97263ee18f,agnostic_freeform_ast,agnostic_freeform_ast,53.0,"CSRank(Mul(CSRank(Std($vwap,13)),Corr($high,$final_float_market_cap,5)))",final_float_market_cap|high|vwap
runtime\cn_zzshare_limit_sentiment_selector_only_v1_20260602\company_selector_only\phase3e_selector_audit.csv,phase3repair-failure_detail-duplicate_escape-467a29a8b041,ast_failure_aware_repair,ast_failure_aware_repair,54.0,"CSRank(Mul(ZScore(Mean($close,13)),ZScore(Delta($close,6))))",close
runtime\cn_zzshare_limit_sentiment_selector_only_v1_20260602\company_selector_only\phase3e_selector_audit.csv,fgv2-repair-nonlinearize-ace579e6fa,formula_gen_v2_repair_expansion,formula_gen_v2_repair_expansion,42.0,"CSRank(Mul(Sign(ZScore(Neg(CSRank(Delta($final_float_market_cap,5))))),Mul(ZScore(Neg(CSRank(Delta($final_float_market_cap,5)))),ZScore(Neg(CSRank(Delta($final_float_market_cap,5)))))))",final_float_market_cap
runtime\cn_zzshare_limit_sentiment_selector_only_v1_20260602\company_selector_only\phase3e_selector_audit.csv,stockpit-cem_adaptive_grammar-39ba35c18089,cem_adaptive_grammar,r0_cem_led,3.0,"Neg(CSRank(Delta($final_float_market_cap,8)))",final_float_market_cap
runtime\cn_zzshare_limit_sentiment_selector_only_v1_20260602\company_selector_only\phase3e_selector_audit.csv,stockpit-ast_evolutionary_mutation-1bada91f298a,ast_evolutionary_mutation,r0_cem_led,6.0,"CSRank(CSResidual(CSRank(CSRank(Mean(Abs($ret),21))),CSRank(Log($final_total_market_cap))))",final_total_market_cap|ret
runtime\cn_zzshare_limit_sentiment_selector_only_v1_20260602\company_selector_only\phase3e_selector_audit.csv,stockpit-ast_evolutionary_mutation-81852aeb8a57,ast_evolutionary_mutation,r0_cem_led,22.0,"CSRank(CSResidual(CSRank(Neg(CSRank(Mom($close,21)))),CSRank(Log($final_total_market_cap))))",close|final_total_market_cap
runtime\cn_zzshare_limit_sentiment_selector_only_v1_20260602\company_selector_only\phase3e_selector_audit.csv,phase3repair-failure_detail-operator_sanitize-28e642be47c1,ast_failure_aware_repair,ast_failure_aware_repair,4.0,"CSRank(Div(Delta($ret,8),Add(Abs(Mean($ret,5)),0.000001)))",ret
runtime\cn_zzshare_limit_sentiment_selector_only_v1_20260602\company_selector_only\phase3e_selector_audit.csv,phase3repair-failure_detail-duplicate_escape-e7ff54a0ccde,ast_failure_aware_repair,ast_failure_aware_repair,16.0,"CSRank(Mul(ZScore(Mean($amount,34)),ZScore(Delta($amount,17))))",amount
runtime\cn_zzshare_limit_sentiment_selector_only_v1_20260602\company_selector_only\phase3e_selector_audit.csv,stockpit-cem_adaptive_grammar-7ad6bf18e0d7,cem_adaptive_grammar,r0_cem_led,50.0,"Neg(CSRank(CSResidual(CSRank(Std($volume,21)),CSRank(Std($close,5)))))",close|volume
runtime\cn_zzshare_limit_sentiment_selector_only_v1_20260602\company_selector_only\phase3e_selector_audit.csv,agnostic-freeform-7e6b672f25a0,agnostic_freeform_ast,agnostic_freeform_ast,9.0,"CSRank(Mul(Sign(Mom($final_float_market_cap,13)),Mul(ZScore(Delta($close,21)),Sign(Delta($amount,13)))))",amount|close|final_float_market_cap
runtime\cn_zzshare_limit_sentiment_selector_only_v1_20260602\company_selector_only\phase3e_selector_audit.csv,stockpit-cem_adaptive_grammar-17becd59be2a,cem_adaptive_grammar,r0_cem_led,29.0,"Neg(CSRank(CSResidual(CSRank(Mean($volume,5)),CSRank(Mean($final_float_market_cap,5)))))",final_float_market_cap|volume
runtime\cn_zzshare_limit_sentiment_selector_only_v1_20260602\company_selector_only\phase3e_selector_audit.csv,stockpit-cem_adaptive_grammar-57145232a53c,cem_adaptive_grammar,r0_cem_led,11.0,"CSRank(Std($final_float_market_cap,8))",final_float_market_cap
runtime\cn_zzshare_limit_sentiment_selector_only_v1_20260602\company_selector_only\phase3e_selector_audit.csv,agnostic-freeform-c8d24a10ea7a,agnostic_freeform_ast,agnostic_freeform_ast,52.0,"CSRank(Mul(CSRank($vwap),Mul(Sign(Mom($open,21)),Sign(Std($final_float_market_cap,3)))))",final_float_market_cap|open|vwap
runtime\cn_zzshare_limit_sentiment_selector_only_v1_20260602\company_selector_only\phase3e_selector_audit.csv,agnostic-freeform-43ebc5208a60,agnostic_freeform_ast,agnostic_freeform_ast,58.0,"CSRank(Mul(Sign(ZScore(Delta($vwap,13))),Mul(ZScore(Delta($vwap,13)),ZScore(Delta($vwap,13)))))",vwap
runtime\cn_zzshare_limit_sentiment_selector_only_v1_20260602\company_selector_only\phase3e_selector_audit.csv,stockpit-template-639c8f3fc646,simple_template,r0_cem_led,27.0,"CSRank(Mean(Abs($ret),21))",ret
runtime\cn_zzshare_limit_sentiment_selector_only_v1_20260602\company_selector_only\phase3e_selector_audit.csv,phase3repair-failure_detail-duplicate_escape-2c0e37975a80,ast_failure_aware_repair,ast_failure_aware_repair,19.0,"CSRank(Delta($open,3))",open
runtime\cn_zzshare_limit_sentiment_selector_only_v1_20260602\company_selector_only\phase3e_selector_audit.csv,agnostic-freeform-921e7c015bbd,agnostic_freeform_ast,agnostic_freeform_ast,7.0,"CSRank(CSResidual(Sign(Delta($volume,3)),CSRank(Mean($turnover_rate,13))))",turnover_rate|volume
runtime\cn_zzshare_limit_sentiment_selector_only_v1_20260602\company_selector_only\phase3e_selector_audit.csv,agnostic-freeform-de6f934b0204,agnostic_freeform_ast,agnostic_freeform_ast,64.0,"CSRank(Add(ZScore(Mean($high,8)),ZScore(Delta($turnover_rate,3))))",high|turnover_rate
runtime\cn_zzshare_limit_sentiment_selector_only_v1_20260602\company_selector_only\phase3e_selector_audit.csv,phase3repair-failure_detail-duplicate_escape-c3a2c27075ef,ast_failure_aware_repair,ast_failure_aware_repair,30.0,"CSRank(Delta($final_total_market_cap,21))",final_total_market_cap
runtime\cn_zzshare_limit_sentiment_selector_only_v1_20260602\company_selector_only\phase3e_selector_audit.csv,stockpit-cem_adaptive_grammar-4338214cea60,cem_adaptive_grammar,r0_cem_led,49.0,"Neg(CSRank(Mul(ZScore(Std($volume,34)),ZScore(Std($close,34)))))",close|volume
runtime\cn_zzshare_limit_sentiment_selector_only_v1_20260602\company_selector_only\phase3e_selector_audit.csv,stockpit-cem_adaptive_grammar-7539da0e3e01,cem_adaptive_grammar,r0_cem_led,48.0,"CSRank(Mul(ZScore(Mean(Abs($volume),8)),ZScore(Mean(Abs($amount),8))))",amount|volume
runtime\cn_zzshare_limit_sentiment_selector_only_v1_20260602\company_selector_only\phase3e_selector_audit.csv,phase3repair-failure_detail-operator_sanitize-3fe3add38cb8,ast_failure_aware_repair,ast_failure_aware_repair,31.0,"CSRank(Div(Delta($ret,11),Add(Abs(Mean($ret,8)),0.000001)))",ret
runtime\cn_zzshare_limit_sentiment_selector_only_v1_20260602\company_selector_only\phase3e_selector_audit.csv,stockpit-cem_adaptive_grammar-159c59c2c671,cem_adaptive_grammar,r0_cem_led,25.0,"Neg(CSRank(CSResidual(CSRank(Mom($volume,21)),CSRank(Mom($close,5)))))",close|volume
runtime\cn_zzshare_limit_sentiment_selector_only_v1_20260602\company_selector_only_lag1_alias\phase3e_selector_audit.csv,phase3aa_event_0048_cn_zls_v1_zls_hot_rank_inverse_00048,cn_zzshare_limit_sentiment_factor_pack_v1,event_derived_feature_layer,20.0,CSRank(Neg($ctx_zls_rank_lag1)),ctx_zls_rank_lag1
runtime\cn_zzshare_limit_sentiment_selector_only_v1_20260602\company_selector_only_lag1_alias\phase3e_selector_audit.csv,phase3aa_event_0047_cn_zls_v1_zls_hot_rank_direct_00047,cn_zzshare_limit_sentiment_factor_pack_v1,event_derived_feature_layer,45.0,CSRank($ctx_zls_last_pct_lag1),ctx_zls_last_pct_lag1
runtime\cn_zzshare_limit_sentiment_selector_only_v1_20260602\company_selector_only_lag1_alias\phase3e_selector_audit.csv,phase3aa_event_0039_cn_zls_v1_zls_open_board_rate_00039,cn_zzshare_limit_sentiment_factor_pack_v1,event_derived_feature_layer,15.0,"CSRank(Div($ctx_zls_zb_num_lag1,Add(Abs($ctx_zls_uplimit_num_lag1),0.000001)))",ctx_zls_uplimit_num_lag1|ctx_zls_zb_num_lag1
runtime\cn_zzshare_limit_sentiment_selector_only_v1_20260602\company_selector_only_lag1_alias\phase3e_selector_audit.csv,phase3aa_event_0037_cn_zls_v1_zls_sentiment_direct_zrank_00037,cn_zzshare_limit_sentiment_factor_pack_v1,event_derived_feature_layer,37.0,CSRank(ZScore($ctx_zls_ztjs_lag1)),ctx_zls_ztjs_lag1
runtime\cn_zzshare_limit_sentiment_selector_only_v1_20260602\company_selector_only_lag1_alias\phase3e_selector_audit.csv,phase3aa_event_0035_cn_zls_v1_zls_sentiment_direct_zrank_00035,cn_zzshare_limit_sentiment_factor_pack_v1,event_derived_feature_layer,34.0,CSRank(ZScore($ctx_zls_strong_lag1)),ctx_zls_strong_lag1
runtime\cn_zzshare_limit_sentiment_selector_only_v1_20260602\company_selector_only_lag1_alias\phase3e_selector_audit.csv,phase3aa_event_0033_cn_zls_v1_zls_sentiment_direct_zrank_00033,cn_zzshare_limit_sentiment_factor_pack_v1,event_derived_feature_layer,32.0,CSRank(ZScore($ctx_zls_lbgd_lag1)),ctx_zls_lbgd_lag1
runtime\cn_zzshare_limit_sentiment_selector_only_v1_20260602\company_selector_only_lag1_alias\phase3e_selector_audit.csv,phase3aa_event_0031_cn_zls_v1_zls_sentiment_direct_zrank_00031,cn_zzshare_limit_sentiment_factor_pack_v1,event_derived_feature_layer,35.0,CSRank(ZScore($ctx_zls_zb_num_lag1)),ctx_zls_zb_num_lag1
runtime\cn_zzshare_limit_sentiment_selector_only_v1_20260602\company_selector_only_lag1_alias\phase3e_selector_audit.csv,phase3aa_event_0029_cn_zls_v1_zls_sentiment_direct_zrank_00029,cn_zzshare_limit_sentiment_factor_pack_v1,event_derived_feature_layer,27.0,CSRank(ZScore($ctx_zls_uplimit_num_lag1)),ctx_zls_uplimit_num_lag1
runtime\cn_zzshare_limit_sentiment_selector_only_v1_20260602\company_selector_only_lag1_alias\phase3e_selector_audit.csv,phase3aa_event_0027_cn_zls_v1_zls_sentiment_direct_zrank_00027,cn_zzshare_limit_sentiment_factor_pack_v1,event_derived_feature_layer,17.0,CSRank(ZScore($ctx_zls_lb_h_num_lag1)),ctx_zls_lb_h_num_lag1
runtime\cn_zzshare_limit_sentiment_selector_only_v1_20260602\company_selector_only_lag1_alias\phase3e_selector_audit.csv,phase3aa_event_0025_cn_zls_v1_zls_sentiment_direct_zrank_00025,cn_zzshare_limit_sentiment_factor_pack_v1,event_derived_feature_layer,33.0,CSRank(ZScore($ctx_zls_lb_3_num_lag1)),ctx_zls_lb_3_num_lag1
runtime\cn_zzshare_limit_sentiment_selector_only_v1_20260602\company_selector_only_lag1_alias\phase3e_selector_audit.csv,phase3aa_event_0023_cn_zls_v1_zls_sentiment_direct_zrank_00023,cn_zzshare_limit_sentiment_factor_pack_v1,event_derived_feature_layer,36.0,CSRank(ZScore($ctx_zls_downlimit_num_lag1)),ctx_zls_downlimit_num_lag1
runtime\cn_zzshare_limit_sentiment_selector_only_v1_20260602\company_selector_only_lag1_alias\phase3e_selector_audit.csv,phase3aa_event_0021_cn_zls_v1_zls_sentiment_direct_zrank_00021,cn_zzshare_limit_sentiment_factor_pack_v1,event_derived_feature_layer,41.0,CSRank(ZScore($ctx_zls_max_lb_num_lag1)),ctx_zls_max_lb_num_lag1
runtime\cn_zzshare_limit_sentiment_selector_only_v1_20260602\company_selector_only_lag1_alias\phase3e_selector_audit.csv,phase3aa_event_0019_cn_zls_v1_zls_sentiment_direct_zrank_00019,cn_zzshare_limit_sentiment_factor_pack_v1,event_derived_feature_layer,40.0,CSRank(ZScore($ctx_zls_lb_2_num_lag1)),ctx_zls_lb_2_num_lag1
runtime\cn_zzshare_limit_sentiment_selector_only_v1_20260602\company_selector_only_lag1_alias\phase3e_selector_audit.csv,phase3aa_event_0016_cn_zls_v1_zls_auction_turnover_to_amount_00016,cn_zzshare_limit_sentiment_factor_pack_v1,event_derived_feature_layer,57.0,"CSRank(Div($ctx_zls_evt_auction_turnover_lag1,Add(Abs($ctx_zls_evt_amount_lag1),0.000001)))",ctx_zls_evt_amount_lag1|ctx_zls_evt_auction_turnover_lag1
runtime\cn_zzshare_limit_sentiment_selector_only_v1_20260602\company_selector_only_lag1_alias\phase3e_selector_audit.csv,phase3aa_event_0015_cn_zls_v1_zls_auction_money_to_offer_00015,cn_zzshare_limit_sentiment_factor_pack_v1,event_derived_feature_layer,44.0,"CSRank(Div($ctx_zls_evt_auction_money_lag1,Add(Abs($ctx_zls_evt_auction_offer_lag1),0.000001)))",ctx_zls_evt_auction_money_lag1|ctx_zls_evt_auction_offer_lag1
runtime\cn_zzshare_limit_sentiment_selector_only_v1_20260602\company_selector_only_lag1_alias\phase3e_selector_audit.csv,phase3aa_event_0014_cn_zls_v1_zls_max_seal_to_amount_00014,cn_zzshare_limit_sentiment_factor_pack_v1,event_derived_feature_layer,30.0,"CSRank(Div($ctx_zls_evt_fd_max_lag1,Add(Abs($ctx_zls_evt_amount_lag1),0.000001)))",ctx_zls_evt_amount_lag1|ctx_zls_evt_fd_max_lag1
runtime\cn_zzshare_limit_sentiment_selector_only_v1_20260602\company_selector_only_lag1_alias\phase3e_selector_audit.csv,phase3aa_event_0013_cn_zls_v1_zls_seal_to_amount_00013,cn_zzshare_limit_sentiment_factor_pack_v1,event_derived_feature_layer,56.0,"CSRank(Div($ctx_zls_evt_fd_close_lag1,Add(Abs($ctx_zls_evt_amount_lag1),0.000001)))",ctx_zls_evt_amount_lag1|ctx_zls_evt_fd_close_lag1
runtime\cn_zzshare_limit_sentiment_selector_only_v1_20260602\company_selector_only_lag1_alias\phase3e_selector_audit.csv,phase3aa_event_0012_cn_zls_v1_zls_event_direct_zrank_00012,cn_zzshare_limit_sentiment_factor_pack_v1,event_derived_feature_layer,38.0,CSRank(ZScore($ctx_zls_evt_up_limit_keep_times_lag1)),ctx_zls_evt_up_limit_keep_times_lag1
runtime\cn_zzshare_limit_sentiment_selector_only_v1_20260602\company_selector_only_lag1_alias\phase3e_selector_audit.csv,phase3aa_event_0011_cn_zls_v1_zls_event_direct_00011,cn_zzshare_limit_sentiment_factor_pack_v1,event_derived_feature_layer,22.0,CSRank($ctx_zls_evt_up_limit_keep_times_lag1),ctx_zls_evt_up_limit_keep_times_lag1
runtime\cn_zzshare_limit_sentiment_selector_only_v1_20260602\company_selector_only_lag1_alias\phase3e_selector_audit.csv,phase3aa_event_0010_cn_zls_v1_zls_event_direct_zrank_00010,cn_zzshare_limit_sentiment_factor_pack_v1,event_derived_feature_layer,39.0,CSRank(ZScore($ctx_zls_evt_fd_max_lag1)),ctx_zls_evt_fd_max_lag1
runtime\cn_zzshare_limit_sentiment_selector_only_v1_20260602\company_selector_only_lag1_alias\phase3e_selector_audit.csv,phase3aa_event_0009_cn_zls_v1_zls_event_direct_00009,cn_zzshare_limit_sentiment_factor_pack_v1,event_derived_feature_layer,23.0,CSRank($ctx_zls_evt_fd_max_lag1),ctx_zls_evt_fd_max_lag1
runtime\cn_zzshare_limit_sentiment_selector_only_v1_20260602\company_selector_only_lag1_alias\phase3e_selector_audit.csv,phase3aa_event_0008_cn_zls_v1_zls_event_direct_zrank_00008,cn_zzshare_limit_sentiment_factor_pack_v1,event_derived_feature_layer,60.0,CSRank(ZScore($ctx_zls_evt_fd_close_lag1)),ctx_zls_evt_fd_close_lag1
runtime\cn_zzshare_limit_sentiment_selector_only_v1_20260602\company_selector_only_lag1_alias\phase3e_selector_audit.csv,phase3aa_event_0007_cn_zls_v1_zls_event_direct_00007,cn_zzshare_limit_sentiment_factor_pack_v1,event_derived_feature_layer,63.0,CSRank($ctx_zls_evt_fd_close_lag1),ctx_zls_evt_fd_close_lag1
runtime\cn_zzshare_limit_sentiment_selector_only_v1_20260602\company_selector_only_lag1_alias\phase3e_selector_audit.csv,phase3aa_event_0005_cn_zls_v1_zls_event_direct_00005,cn_zzshare_limit_sentiment_factor_pack_v1,event_derived_feature_layer,55.0,CSRank($ctx_zls_evt_auction_turnover_lag1),ctx_zls_evt_auction_turnover_lag1
runtime\cn_zzshare_limit_sentiment_selector_only_v1_20260602\company_selector_only_lag1_alias\phase3e_selector_audit.csv,phase3aa_event_0004_cn_zls_v1_zls_event_direct_zrank_00004,cn_zzshare_limit_sentiment_factor_pack_v1,event_derived_feature_layer,59.0,CSRank(ZScore($ctx_zls_evt_auction_money_lag1)),ctx_zls_evt_auction_money_lag1
runtime\cn_zzshare_limit_sentiment_selector_only_v1_20260602\company_selector_only_lag1_alias\phase3e_selector_audit.csv,phase3aa_event_0003_cn_zls_v1_zls_event_direct_00003,cn_zzshare_limit_sentiment_factor_pack_v1,event_derived_feature_layer,62.0,CSRank($ctx_zls_evt_auction_money_lag1),ctx_zls_evt_auction_money_lag1
runtime\cn_zzshare_limit_sentiment_selector_only_v1_20260602\company_selector_only_lag1_alias\phase3e_selector_audit.csv,phase3aa_event_0001_cn_zls_v1_zls_event_direct_00001,cn_zzshare_limit_sentiment_factor_pack_v1,event_derived_feature_layer,61.0,CSRank($ctx_zls_evt_amount_lag1),ctx_zls_evt_amount_lag1
runtime\cn_zzshare_limit_sentiment_selector_only_v1_20260602\company_selector_only_lag1_alias\phase3e_selector_audit.csv,agnostic-freeform-806d5235bba6,agnostic_freeform_ast,agnostic_freeform_ast,8.0,"CSRank(Sub(CSRank(Mom($vwap,34)),ZScore(Std($volume,3))))",volume|vwap
runtime\cn_zzshare_limit_sentiment_selector_only_v1_20260602\company_selector_only_lag1_alias\phase3e_selector_audit.csv,phase3repair-failure_detail-duplicate_escape-7e210d77983c,ast_failure_aware_repair,ast_failure_aware_repair,1.0,"CSRank(Mean($close,34))",close
runtime\cn_zzshare_limit_sentiment_selector_only_v1_20260602\company_selector_only_lag1_alias\phase3e_selector_audit.csv,phase3repair-failure_detail-operator_sanitize-b2b84bc3ef72,ast_failure_aware_repair,ast_failure_aware_repair,25.0,"CSRank(Sub(Mean($amount,6),Mean($amount,3)))",amount
runtime\cn_zzshare_limit_sentiment_selector_only_v1_20260602\company_selector_only_lag1_alias\phase3e_selector_audit.csv,stockpit-template-3640ff7d560d,simple_template,r0_cem_led,2.0,CSRank($close),close
runtime\cn_zzshare_limit_sentiment_selector_only_v1_20260602\company_selector_only_lag1_alias\phase3e_selector_audit.csv,agnostic-freeform-2853176b2b50,agnostic_freeform_ast,agnostic_freeform_ast,10.0,"CSRank(Mul(CSRank(Std($final_float_market_cap,34)),Mul(ZScore(Std($high,21)),Sign(Mean($open,5)))))",final_float_market_cap|high|open
runtime\cn_zzshare_limit_sentiment_selector_only_v1_20260602\company_selector_only_lag1_alias\phase3e_selector_audit.csv,stockpit-cem_adaptive_grammar-8b93b582ec12,cem_adaptive_grammar,r0_cem_led,51.0,"CSRank(Mul(ZScore($final_float_market_cap),ZScore($close)))",close|final_float_market_cap
runtime\cn_zzshare_limit_sentiment_selector_only_v1_20260602\company_selector_only_lag1_alias\phase3e_selector_audit.csv,fgv2-repair-nonlinearize-720a70b84f,formula_gen_v2_repair_expansion,formula_gen_v2_repair_expansion,43.0,"CSRank(Mul(Sign(ZScore(CSRank(Mul(ZScore(Std($close,5)),ZScore(Std($final_float_market_cap,2)))))),Mul(ZScore(CSRank(Mul(ZScore(Std($close,5)),ZScore(Std($final_float_market_cap,2))))),ZScore(CSRank(Mul(ZScore(Std($close,5)),ZScore(Std($final_float_market_cap,2))))))))",close|final_float_market_cap
runtime\cn_zzshare_limit_sentiment_selector_only_v1_20260602\company_selector_only_lag1_alias\phase3e_selector_audit.csv,agnostic-freeform-551385e7478d,agnostic_freeform_ast,agnostic_freeform_ast,12.0,"CSRank(Mul(CSRank(Std($high,34)),Mul(ZScore($vwap),Sign(Std($high,13)))))",high|vwap
runtime\cn_zzshare_limit_sentiment_selector_only_v1_20260602\company_selector_only_lag1_alias\phase3e_selector_audit.csv,agnostic-freeform-a7ad8beeeacf,agnostic_freeform_ast,agnostic_freeform_ast,13.0,"CSRank(Add(CSRank(Mom($final_total_market_cap,13)),CSRank(Mean($vwap,8))))",final_total_market_cap|vwap
runtime\cn_zzshare_limit_sentiment_selector_only_v1_20260602\company_selector_only_lag1_alias\phase3e_selector_audit.csv,agnostic-freeform-042e30be7cdf,agnostic_freeform_ast,agnostic_freeform_ast,5.0,"CSRank(Mul(CSRank(Mean($close,8)),Corr(Mean($volume,3),Std($final_float_market_cap,13),8)))",close|final_float_market_cap|volume
runtime\cn_zzshare_limit_sentiment_selector_only_v1_20260602\company_selector_only_lag1_alias\phase3e_selector_audit.csv,fgv2-repair-add_confirmation-a2ebaeae10,formula_gen_v2_repair_expansion,formula_gen_v2_repair_expansion,47.0,"CSRank(Mul(CSRank(Mean(Abs($close),8)),Sign(Delta($amount,1))))",amount|close
runtime\cn_zzshare_limit_sentiment_selector_only_v1_20260602\company_selector_only_lag1_alias\phase3e_selector_audit.csv,fgv2-repair-nonlinearize-69d3d3bbf5,formula_gen_v2_repair_expansion,formula_gen_v2_repair_expansion,14.0,"CSRank(Mul(Sign(ZScore(CSRank(Mul(ZScore($final_float_market_cap),ZScore($close))))),Mul(ZScore(CSRank(Mul(ZScore($final_float_market_cap),ZScore($close)))),ZScore(CSRank(Mul(ZScore($final_float_market_cap),ZScore($close)))))))",close|final_float_market_cap
runtime\cn_zzshare_limit_sentiment_selector_only_v1_20260602\company_selector_only_lag1_alias\phase3e_selector_audit.csv,stockpit-cem_adaptive_grammar-ad335fa8387e,cem_adaptive_grammar,r0_cem_led,18.0,"Neg(CSRank(Mul(ZScore(Delta($amount,8)),ZScore(Delta($final_float_market_cap,2)))))",amount|final_float_market_cap
runtime\cn_zzshare_limit_sentiment_selector_only_v1_20260602\company_selector_only_lag1_alias\phase3e_selector_audit.csv,stockpit-cem_adaptive_grammar-2cd6edb62448,cem_adaptive_grammar,r0_cem_led,46.0,"Neg(CSRank(Delta($final_float_market_cap,5)))",final_float_market_cap
runtime\cn_zzshare_limit_sentiment_selector_only_v1_20260602\company_selector_only_lag1_alias\phase3e_selector_audit.csv,agnostic-freeform-0b97263ee18f,agnostic_freeform_ast,agnostic_freeform_ast,53.0,"CSRank(Mul(CSRank(Std($vwap,13)),Corr($high,$final_float_market_cap,5)))",final_float_market_cap|high|vwap
runtime\cn_zzshare_limit_sentiment_selector_only_v1_20260602\company_selector_only_lag1_alias\phase3e_selector_audit.csv,phase3repair-failure_detail-duplicate_escape-467a29a8b041,ast_failure_aware_repair,ast_failure_aware_repair,54.0,"CSRank(Mul(ZScore(Mean($close,13)),ZScore(Delta($close,6))))",close
runtime\cn_zzshare_limit_sentiment_selector_only_v1_20260602\company_selector_only_lag1_alias\phase3e_selector_audit.csv,fgv2-repair-nonlinearize-ace579e6fa,formula_gen_v2_repair_expansion,formula_gen_v2_repair_expansion,42.0,"CSRank(Mul(Sign(ZScore(Neg(CSRank(Delta($final_float_market_cap,5))))),Mul(ZScore(Neg(CSRank(Delta($final_float_market_cap,5)))),ZScore(Neg(CSRank(Delta($final_float_market_cap,5)))))))",final_float_market_cap
runtime\cn_zzshare_limit_sentiment_selector_only_v1_20260602\company_selector_only_lag1_alias\phase3e_selector_audit.csv,stockpit-cem_adaptive_grammar-39ba35c18089,cem_adaptive_grammar,r0_cem_led,3.0,"Neg(CSRank(Delta($final_float_market_cap,8)))",final_float_market_cap
runtime\cn_zzshare_limit_sentiment_selector_only_v1_20260602\company_selector_only_lag1_alias\phase3e_selector_audit.csv,stockpit-ast_evolutionary_mutation-1bada91f298a,ast_evolutionary_mutation,r0_cem_led,6.0,"CSRank(CSResidual(CSRank(CSRank(Mean(Abs($ret),21))),CSRank(Log($final_total_market_cap))))",final_total_market_cap|ret
runtime\cn_zzshare_limit_sentiment_selector_only_v1_20260602\company_selector_only_lag1_alias\phase3e_selector_audit.csv,stockpit-ast_evolutionary_mutation-81852aeb8a57,ast_evolutionary_mutation,r0_cem_led,21.0,"CSRank(CSResidual(CSRank(Neg(CSRank(Mom($close,21)))),CSRank(Log($final_total_market_cap))))",close|final_total_market_cap
runtime\cn_zzshare_limit_sentiment_selector_only_v1_20260602\company_selector_only_lag1_alias\phase3e_selector_audit.csv,phase3repair-failure_detail-operator_sanitize-28e642be47c1,ast_failure_aware_repair,ast_failure_aware_repair,4.0,"CSRank(Div(Delta($ret,8),Add(Abs(Mean($ret,5)),0.000001)))",ret
runtime\cn_zzshare_limit_sentiment_selector_only_v1_20260602\company_selector_only_lag1_alias\phase3e_selector_audit.csv,phase3repair-failure_detail-duplicate_escape-e7ff54a0ccde,ast_failure_aware_repair,ast_failure_aware_repair,16.0,"CSRank(Mul(ZScore(Mean($amount,34)),ZScore(Delta($amount,17))))",amount
runtime\cn_zzshare_limit_sentiment_selector_only_v1_20260602\company_selector_only_lag1_alias\phase3e_selector_audit.csv,stockpit-cem_adaptive_grammar-7ad6bf18e0d7,cem_adaptive_grammar,r0_cem_led,50.0,"Neg(CSRank(CSResidual(CSRank(Std($volume,21)),CSRank(Std($close,5)))))",close|volume
runtime\cn_zzshare_limit_sentiment_selector_only_v1_20260602\company_selector_only_lag1_alias\phase3e_selector_audit.csv,agnostic-freeform-7e6b672f25a0,agnostic_freeform_ast,agnostic_freeform_ast,9.0,"CSRank(Mul(Sign(Mom($final_float_market_cap,13)),Mul(ZScore(Delta($close,21)),Sign(Delta($amount,13)))))",amount|close|final_float_market_cap
runtime\cn_zzshare_limit_sentiment_selector_only_v1_20260602\company_selector_only_lag1_alias\phase3e_selector_audit.csv,stockpit-cem_adaptive_grammar-17becd59be2a,cem_adaptive_grammar,r0_cem_led,28.0,"Neg(CSRank(CSResidual(CSRank(Mean($volume,5)),CSRank(Mean($final_float_market_cap,5)))))",final_float_market_cap|volume
runtime\cn_zzshare_limit_sentiment_selector_only_v1_20260602\company_selector_only_lag1_alias\phase3e_selector_audit.csv,stockpit-cem_adaptive_grammar-57145232a53c,cem_adaptive_grammar,r0_cem_led,11.0,"CSRank(Std($final_float_market_cap,8))",final_float_market_cap
runtime\cn_zzshare_limit_sentiment_selector_only_v1_20260602\company_selector_only_lag1_alias\phase3e_selector_audit.csv,agnostic-freeform-c8d24a10ea7a,agnostic_freeform_ast,agnostic_freeform_ast,52.0,"CSRank(Mul(CSRank($vwap),Mul(Sign(Mom($open,21)),Sign(Std($final_float_market_cap,3)))))",final_float_market_cap|open|vwap
runtime\cn_zzshare_limit_sentiment_selector_only_v1_20260602\company_selector_only_lag1_alias\phase3e_selector_audit.csv,agnostic-freeform-43ebc5208a60,agnostic_freeform_ast,agnostic_freeform_ast,58.0,"CSRank(Mul(Sign(ZScore(Delta($vwap,13))),Mul(ZScore(Delta($vwap,13)),ZScore(Delta($vwap,13)))))",vwap
runtime\cn_zzshare_limit_sentiment_selector_only_v1_20260602\company_selector_only_lag1_alias\phase3e_selector_audit.csv,stockpit-template-639c8f3fc646,simple_template,r0_cem_led,26.0,"CSRank(Mean(Abs($ret),21))",ret
runtime\cn_zzshare_limit_sentiment_selector_only_v1_20260602\company_selector_only_lag1_alias\phase3e_selector_audit.csv,phase3repair-failure_detail-duplicate_escape-2c0e37975a80,ast_failure_aware_repair,ast_failure_aware_repair,19.0,"CSRank(Delta($open,3))",open
runtime\cn_zzshare_limit_sentiment_selector_only_v1_20260602\company_selector_only_lag1_alias\phase3e_selector_audit.csv,agnostic-freeform-921e7c015bbd,agnostic_freeform_ast,agnostic_freeform_ast,7.0,"CSRank(CSResidual(Sign(Delta($volume,3)),CSRank(Mean($turnover_rate,13))))",turnover_rate|volume
runtime\cn_zzshare_limit_sentiment_selector_only_v1_20260602\company_selector_only_lag1_alias\phase3e_selector_audit.csv,agnostic-freeform-de6f934b0204,agnostic_freeform_ast,agnostic_freeform_ast,64.0,"CSRank(Add(ZScore(Mean($high,8)),ZScore(Delta($turnover_rate,3))))",high|turnover_rate
runtime\cn_zzshare_limit_sentiment_selector_only_v1_20260602\company_selector_only_lag1_alias\phase3e_selector_audit.csv,phase3repair-failure_detail-duplicate_escape-c3a2c27075ef,ast_failure_aware_repair,ast_failure_aware_repair,29.0,"CSRank(Delta($final_total_market_cap,21))",final_total_market_cap
runtime\cn_zzshare_limit_sentiment_selector_only_v1_20260602\company_selector_only_lag1_alias\phase3e_selector_audit.csv,stockpit-cem_adaptive_grammar-4338214cea60,cem_adaptive_grammar,r0_cem_led,49.0,"Neg(CSRank(Mul(ZScore(Std($volume,34)),ZScore(Std($close,34)))))",close|volume
runtime\cn_zzshare_limit_sentiment_selector_only_v1_20260602\company_selector_only_lag1_alias\phase3e_selector_audit.csv,stockpit-cem_adaptive_grammar-7539da0e3e01,cem_adaptive_grammar,r0_cem_led,48.0,"CSRank(Mul(ZScore(Mean(Abs($volume),8)),ZScore(Mean(Abs($amount),8))))",amount|volume
runtime\cn_zzshare_limit_sentiment_selector_only_v1_20260602\company_selector_only_lag1_alias\phase3e_selector_audit.csv,phase3repair-failure_detail-operator_sanitize-3fe3add38cb8,ast_failure_aware_repair,ast_failure_aware_repair,31.0,"CSRank(Div(Delta($ret,11),Add(Abs(Mean($ret,8)),0.000001)))",ret
runtime\cn_zzshare_limit_sentiment_selector_only_v1_20260602\company_selector_only_lag1_alias\phase3e_selector_audit.csv,stockpit-cem_adaptive_grammar-159c59c2c671,cem_adaptive_grammar,r0_cem_led,24.0,"Neg(CSRank(CSResidual(CSRank(Mom($volume,21)),CSRank(Mom($close,5)))))",close|volume
