pack,candidate_id,factor_lane,candidate_status,field_count,fields,field_routes,field_statuses,expression
cn_flow_liquidity_factor_candidate_pack_v1_20260601_phase3am_sanitized_v1_20260609.json,cn_flow_liq_v1_flow_relative_activity_0001,flow_relative_activity,needs_route_mapping_or_rederivation,1,volume,current_daily_or_derived_panel_only,requires_route_mapping_or_rederivation,"CSRank(Div(Mean($volume,2),Add(Abs(Mean($volume,10)),0.000001)))"
cn_flow_liquidity_factor_candidate_pack_v1_20260601_phase3am_sanitized_v1_20260609.json,cn_flow_liq_v1_flow_relative_activity_0002,flow_relative_activity,needs_route_mapping_or_rederivation,1,volume,current_daily_or_derived_panel_only,requires_route_mapping_or_rederivation,"CSRank(Sub(ZScore(Mean($volume,2)),ZScore(Mean($volume,10))))"
cn_flow_liquidity_factor_candidate_pack_v1_20260601_phase3am_sanitized_v1_20260609.json,cn_flow_liq_v1_flow_relative_activity_0003,flow_relative_activity,needs_route_mapping_or_rederivation,1,volume,current_daily_or_derived_panel_only,requires_route_mapping_or_rederivation,"CSRank(Div(Mean($volume,3),Add(Abs(Mean($volume,20)),0.000001)))"
cn_flow_liquidity_factor_candidate_pack_v1_20260601_phase3am_sanitized_v1_20260609.json,cn_flow_liq_v1_flow_relative_activity_0004,flow_relative_activity,needs_route_mapping_or_rederivation,1,volume,current_daily_or_derived_panel_only,requires_route_mapping_or_rederivation,"CSRank(Sub(ZScore(Mean($volume,3)),ZScore(Mean($volume,20))))"
cn_flow_liquidity_factor_candidate_pack_v1_20260601_phase3am_sanitized_v1_20260609.json,cn_flow_liq_v1_flow_relative_activity_0005,flow_relative_activity,needs_route_mapping_or_rederivation,1,volume,current_daily_or_derived_panel_only,requires_route_mapping_or_rederivation,"CSRank(Div(Mean($volume,5),Add(Abs(Mean($volume,20)),0.000001)))"
cn_flow_liquidity_factor_candidate_pack_v1_20260601_phase3am_sanitized_v1_20260609.json,cn_flow_liq_v1_flow_relative_activity_0006,flow_relative_activity,needs_route_mapping_or_rederivation,1,volume,current_daily_or_derived_panel_only,requires_route_mapping_or_rederivation,"CSRank(Sub(ZScore(Mean($volume,5)),ZScore(Mean($volume,20))))"
cn_flow_liquidity_factor_candidate_pack_v1_20260601_phase3am_sanitized_v1_20260609.json,cn_flow_liq_v1_flow_relative_activity_0007,flow_relative_activity,needs_route_mapping_or_rederivation,1,volume,current_daily_or_derived_panel_only,requires_route_mapping_or_rederivation,"CSRank(Div(Mean($volume,10),Add(Abs(Mean($volume,60)),0.000001)))"
cn_flow_liquidity_factor_candidate_pack_v1_20260601_phase3am_sanitized_v1_20260609.json,cn_flow_liq_v1_flow_relative_activity_0008,flow_relative_activity,needs_route_mapping_or_rederivation,1,volume,current_daily_or_derived_panel_only,requires_route_mapping_or_rederivation,"CSRank(Sub(ZScore(Mean($volume,10)),ZScore(Mean($volume,60))))"
cn_flow_liquidity_factor_candidate_pack_v1_20260601_phase3am_sanitized_v1_20260609.json,cn_flow_liq_v1_flow_impulse_0009,flow_impulse,needs_route_mapping_or_rederivation,1,volume,current_daily_or_derived_panel_only,requires_route_mapping_or_rederivation,"CSRank(Delta($volume,3))"
cn_flow_liquidity_factor_candidate_pack_v1_20260601_phase3am_sanitized_v1_20260609.json,cn_flow_liq_v1_flow_volatility_0010,flow_volatility,needs_route_mapping_or_rederivation,1,volume,current_daily_or_derived_panel_only,requires_route_mapping_or_rederivation,"CSRank(Std($volume,3))"
cn_flow_liquidity_factor_candidate_pack_v1_20260601_phase3am_sanitized_v1_20260609.json,cn_flow_liq_v1_flow_impulse_0011,flow_impulse,needs_route_mapping_or_rederivation,1,volume,current_daily_or_derived_panel_only,requires_route_mapping_or_rederivation,"CSRank(Delta($volume,5))"
cn_flow_liquidity_factor_candidate_pack_v1_20260601_phase3am_sanitized_v1_20260609.json,cn_flow_liq_v1_flow_volatility_0012,flow_volatility,needs_route_mapping_or_rederivation,1,volume,current_daily_or_derived_panel_only,requires_route_mapping_or_rederivation,"CSRank(Std($volume,5))"
cn_flow_liquidity_factor_candidate_pack_v1_20260601_phase3am_sanitized_v1_20260609.json,cn_flow_liq_v1_flow_impulse_0013,flow_impulse,needs_route_mapping_or_rederivation,1,volume,current_daily_or_derived_panel_only,requires_route_mapping_or_rederivation,"CSRank(Delta($volume,10))"
cn_flow_liquidity_factor_candidate_pack_v1_20260601_phase3am_sanitized_v1_20260609.json,cn_flow_liq_v1_flow_volatility_0014,flow_volatility,needs_route_mapping_or_rederivation,1,volume,current_daily_or_derived_panel_only,requires_route_mapping_or_rederivation,"CSRank(Std($volume,10))"
cn_flow_liquidity_factor_candidate_pack_v1_20260601_phase3am_sanitized_v1_20260609.json,cn_flow_liq_v1_flow_impulse_0015,flow_impulse,needs_route_mapping_or_rederivation,1,volume,current_daily_or_derived_panel_only,requires_route_mapping_or_rederivation,"CSRank(Delta($volume,20))"
cn_flow_liquidity_factor_candidate_pack_v1_20260601_phase3am_sanitized_v1_20260609.json,cn_flow_liq_v1_flow_volatility_0016,flow_volatility,needs_route_mapping_or_rederivation,1,volume,current_daily_or_derived_panel_only,requires_route_mapping_or_rederivation,"CSRank(Std($volume,20))"
cn_flow_liquidity_factor_candidate_pack_v1_20260601_phase3am_sanitized_v1_20260609.json,cn_flow_liq_v1_flow_relative_activity_0017,flow_relative_activity,direct_true_1min_ready,1,amount,raw_true_1min_column,direct_with_trade_time_semantics,"CSRank(Div(Mean($amount,2),Add(Abs(Mean($amount,10)),0.000001)))"
cn_flow_liquidity_factor_candidate_pack_v1_20260601_phase3am_sanitized_v1_20260609.json,cn_flow_liq_v1_flow_relative_activity_0018,flow_relative_activity,direct_true_1min_ready,1,amount,raw_true_1min_column,direct_with_trade_time_semantics,"CSRank(Sub(ZScore(Mean($amount,2)),ZScore(Mean($amount,10))))"
cn_flow_liquidity_factor_candidate_pack_v1_20260601_phase3am_sanitized_v1_20260609.json,cn_flow_liq_v1_flow_relative_activity_0019,flow_relative_activity,direct_true_1min_ready,1,amount,raw_true_1min_column,direct_with_trade_time_semantics,"CSRank(Div(Mean($amount,3),Add(Abs(Mean($amount,20)),0.000001)))"
cn_flow_liquidity_factor_candidate_pack_v1_20260601_phase3am_sanitized_v1_20260609.json,cn_flow_liq_v1_flow_relative_activity_0020,flow_relative_activity,direct_true_1min_ready,1,amount,raw_true_1min_column,direct_with_trade_time_semantics,"CSRank(Sub(ZScore(Mean($amount,3)),ZScore(Mean($amount,20))))"
cn_flow_liquidity_factor_candidate_pack_v1_20260601_phase3am_sanitized_v1_20260609.json,cn_flow_liq_v1_flow_relative_activity_0021,flow_relative_activity,direct_true_1min_ready,1,amount,raw_true_1min_column,direct_with_trade_time_semantics,"CSRank(Div(Mean($amount,5),Add(Abs(Mean($amount,20)),0.000001)))"
cn_flow_liquidity_factor_candidate_pack_v1_20260601_phase3am_sanitized_v1_20260609.json,cn_flow_liq_v1_flow_relative_activity_0022,flow_relative_activity,direct_true_1min_ready,1,amount,raw_true_1min_column,direct_with_trade_time_semantics,"CSRank(Sub(ZScore(Mean($amount,5)),ZScore(Mean($amount,20))))"
cn_flow_liquidity_factor_candidate_pack_v1_20260601_phase3am_sanitized_v1_20260609.json,cn_flow_liq_v1_flow_relative_activity_0023,flow_relative_activity,direct_true_1min_ready,1,amount,raw_true_1min_column,direct_with_trade_time_semantics,"CSRank(Div(Mean($amount,10),Add(Abs(Mean($amount,60)),0.000001)))"
cn_flow_liquidity_factor_candidate_pack_v1_20260601_phase3am_sanitized_v1_20260609.json,cn_flow_liq_v1_flow_relative_activity_0024,flow_relative_activity,direct_true_1min_ready,1,amount,raw_true_1min_column,direct_with_trade_time_semantics,"CSRank(Sub(ZScore(Mean($amount,10)),ZScore(Mean($amount,60))))"
cn_flow_liquidity_factor_candidate_pack_v1_20260601_phase3am_sanitized_v1_20260609.json,cn_flow_liq_v1_flow_impulse_0025,flow_impulse,direct_true_1min_ready,1,amount,raw_true_1min_column,direct_with_trade_time_semantics,"CSRank(Delta($amount,3))"
cn_flow_liquidity_factor_candidate_pack_v1_20260601_phase3am_sanitized_v1_20260609.json,cn_flow_liq_v1_flow_volatility_0026,flow_volatility,direct_true_1min_ready,1,amount,raw_true_1min_column,direct_with_trade_time_semantics,"CSRank(Std($amount,3))"
cn_flow_liquidity_factor_candidate_pack_v1_20260601_phase3am_sanitized_v1_20260609.json,cn_flow_liq_v1_flow_impulse_0027,flow_impulse,direct_true_1min_ready,1,amount,raw_true_1min_column,direct_with_trade_time_semantics,"CSRank(Delta($amount,5))"
cn_flow_liquidity_factor_candidate_pack_v1_20260601_phase3am_sanitized_v1_20260609.json,cn_flow_liq_v1_flow_volatility_0028,flow_volatility,direct_true_1min_ready,1,amount,raw_true_1min_column,direct_with_trade_time_semantics,"CSRank(Std($amount,5))"
cn_flow_liquidity_factor_candidate_pack_v1_20260601_phase3am_sanitized_v1_20260609.json,cn_flow_liq_v1_flow_impulse_0029,flow_impulse,direct_true_1min_ready,1,amount,raw_true_1min_column,direct_with_trade_time_semantics,"CSRank(Delta($amount,10))"
cn_flow_liquidity_factor_candidate_pack_v1_20260601_phase3am_sanitized_v1_20260609.json,cn_flow_liq_v1_flow_volatility_0030,flow_volatility,direct_true_1min_ready,1,amount,raw_true_1min_column,direct_with_trade_time_semantics,"CSRank(Std($amount,10))"
cn_flow_liquidity_factor_candidate_pack_v1_20260601_phase3am_sanitized_v1_20260609.json,cn_flow_liq_v1_flow_impulse_0031,flow_impulse,direct_true_1min_ready,1,amount,raw_true_1min_column,direct_with_trade_time_semantics,"CSRank(Delta($amount,20))"
cn_flow_liquidity_factor_candidate_pack_v1_20260601_phase3am_sanitized_v1_20260609.json,cn_flow_liq_v1_flow_volatility_0032,flow_volatility,direct_true_1min_ready,1,amount,raw_true_1min_column,direct_with_trade_time_semantics,"CSRank(Std($amount,20))"
cn_flow_liquidity_factor_candidate_pack_v1_20260601_phase3am_sanitized_v1_20260609.json,cn_flow_liq_v1_price_flow_divergence_0065,price_flow_divergence,direct_true_1min_ready,2,amount|close,raw_true_1min_column,direct_with_trade_time_semantics,"CSRank(Mul(ZScore(Delta($amount,3)),Neg(ZScore(Delta($close,3)))))"
cn_flow_liquidity_factor_candidate_pack_v1_20260601_phase3am_sanitized_v1_20260609.json,cn_flow_liq_v1_price_flow_confirmation_0066,price_flow_confirmation,direct_true_1min_ready,2,amount|close,raw_true_1min_column,direct_with_trade_time_semantics,"CSRank(Corr(Delta($amount,1),Delta($close,1),3))"
cn_flow_liquidity_factor_candidate_pack_v1_20260601_phase3am_sanitized_v1_20260609.json,cn_flow_liq_v1_price_flow_divergence_0067,price_flow_divergence,direct_true_1min_ready,2,amount|close,raw_true_1min_column,direct_with_trade_time_semantics,"CSRank(Mul(ZScore(Delta($amount,5)),Neg(ZScore(Delta($close,5)))))"
cn_flow_liquidity_factor_candidate_pack_v1_20260601_phase3am_sanitized_v1_20260609.json,cn_flow_liq_v1_price_flow_confirmation_0068,price_flow_confirmation,direct_true_1min_ready,2,amount|close,raw_true_1min_column,direct_with_trade_time_semantics,"CSRank(Corr(Delta($amount,1),Delta($close,1),5))"
cn_flow_liquidity_factor_candidate_pack_v1_20260601_phase3am_sanitized_v1_20260609.json,cn_flow_liq_v1_price_flow_divergence_0069,price_flow_divergence,direct_true_1min_ready,2,amount|close,raw_true_1min_column,direct_with_trade_time_semantics,"CSRank(Mul(ZScore(Delta($amount,10)),Neg(ZScore(Delta($close,10)))))"
cn_flow_liquidity_factor_candidate_pack_v1_20260601_phase3am_sanitized_v1_20260609.json,cn_flow_liq_v1_price_flow_confirmation_0070,price_flow_confirmation,direct_true_1min_ready,2,amount|close,raw_true_1min_column,direct_with_trade_time_semantics,"CSRank(Corr(Delta($amount,1),Delta($close,1),10))"
cn_flow_liquidity_factor_candidate_pack_v1_20260601_phase3am_sanitized_v1_20260609.json,cn_flow_liq_v1_price_flow_divergence_0071,price_flow_divergence,direct_true_1min_ready,2,amount|close,raw_true_1min_column,direct_with_trade_time_semantics,"CSRank(Mul(ZScore(Delta($amount,20)),Neg(ZScore(Delta($close,20)))))"
cn_flow_liquidity_factor_candidate_pack_v1_20260601_phase3am_sanitized_v1_20260609.json,cn_flow_liq_v1_price_flow_confirmation_0072,price_flow_confirmation,direct_true_1min_ready,2,amount|close,raw_true_1min_column,direct_with_trade_time_semantics,"CSRank(Corr(Delta($amount,1),Delta($close,1),20))"
cn_flow_liquidity_factor_candidate_pack_v1_20260601_phase3am_sanitized_v1_20260609.json,cn_flow_liq_v1_price_flow_divergence_0073,price_flow_divergence,needs_route_mapping_or_rederivation,2,close|volume,current_daily_or_derived_panel_only|raw_true_1min_column,direct_with_trade_time_semantics|requires_route_mapping_or_rederivation,"CSRank(Mul(ZScore(Delta($volume,3)),Neg(ZScore(Delta($close,3)))))"
cn_flow_liquidity_factor_candidate_pack_v1_20260601_phase3am_sanitized_v1_20260609.json,cn_flow_liq_v1_price_flow_confirmation_0074,price_flow_confirmation,needs_route_mapping_or_rederivation,2,close|volume,current_daily_or_derived_panel_only|raw_true_1min_column,direct_with_trade_time_semantics|requires_route_mapping_or_rederivation,"CSRank(Corr(Delta($volume,1),Delta($close,1),3))"
cn_flow_liquidity_factor_candidate_pack_v1_20260601_phase3am_sanitized_v1_20260609.json,cn_flow_liq_v1_price_flow_divergence_0075,price_flow_divergence,needs_route_mapping_or_rederivation,2,close|volume,current_daily_or_derived_panel_only|raw_true_1min_column,direct_with_trade_time_semantics|requires_route_mapping_or_rederivation,"CSRank(Mul(ZScore(Delta($volume,5)),Neg(ZScore(Delta($close,5)))))"
cn_flow_liquidity_factor_candidate_pack_v1_20260601_phase3am_sanitized_v1_20260609.json,cn_flow_liq_v1_price_flow_confirmation_0076,price_flow_confirmation,needs_route_mapping_or_rederivation,2,close|volume,current_daily_or_derived_panel_only|raw_true_1min_column,direct_with_trade_time_semantics|requires_route_mapping_or_rederivation,"CSRank(Corr(Delta($volume,1),Delta($close,1),5))"
cn_flow_liquidity_factor_candidate_pack_v1_20260601_phase3am_sanitized_v1_20260609.json,cn_flow_liq_v1_price_flow_divergence_0077,price_flow_divergence,needs_route_mapping_or_rederivation,2,close|volume,current_daily_or_derived_panel_only|raw_true_1min_column,direct_with_trade_time_semantics|requires_route_mapping_or_rederivation,"CSRank(Mul(ZScore(Delta($volume,10)),Neg(ZScore(Delta($close,10)))))"
cn_flow_liquidity_factor_candidate_pack_v1_20260601_phase3am_sanitized_v1_20260609.json,cn_flow_liq_v1_price_flow_confirmation_0078,price_flow_confirmation,needs_route_mapping_or_rederivation,2,close|volume,current_daily_or_derived_panel_only|raw_true_1min_column,direct_with_trade_time_semantics|requires_route_mapping_or_rederivation,"CSRank(Corr(Delta($volume,1),Delta($close,1),10))"
cn_flow_liquidity_factor_candidate_pack_v1_20260601_phase3am_sanitized_v1_20260609.json,cn_flow_liq_v1_price_flow_divergence_0079,price_flow_divergence,needs_route_mapping_or_rederivation,2,close|volume,current_daily_or_derived_panel_only|raw_true_1min_column,direct_with_trade_time_semantics|requires_route_mapping_or_rederivation,"CSRank(Mul(ZScore(Delta($volume,20)),Neg(ZScore(Delta($close,20)))))"
cn_flow_liquidity_factor_candidate_pack_v1_20260601_phase3am_sanitized_v1_20260609.json,cn_flow_liq_v1_price_flow_confirmation_0080,price_flow_confirmation,needs_route_mapping_or_rederivation,2,close|volume,current_daily_or_derived_panel_only|raw_true_1min_column,direct_with_trade_time_semantics|requires_route_mapping_or_rederivation,"CSRank(Corr(Delta($volume,1),Delta($close,1),20))"
cn_flow_liquidity_factor_candidate_pack_v1_20260601_phase3am_sanitized_v1_20260609.json,cn_flow_liq_v1_capacity_normalized_flow_0081,capacity_normalized_flow,needs_route_mapping_or_rederivation,2,amount|final_float_market_cap,current_daily_or_derived_panel_only|raw_true_1min_column,direct_with_trade_time_semantics|requires_route_mapping_or_rederivation,"CSRank(Div(Mean($amount,3),Add(Abs(Mean($final_float_market_cap,3)),0.000001)))"
cn_flow_liquidity_factor_candidate_pack_v1_20260601_phase3am_sanitized_v1_20260609.json,cn_flow_liq_v1_capacity_residual_flow_0082,capacity_residual_flow,needs_route_mapping_or_rederivation,2,amount|final_float_market_cap,current_daily_or_derived_panel_only|raw_true_1min_column,direct_with_trade_time_semantics|requires_route_mapping_or_rederivation,"CSRank(CSResidual(ZScore(Mean($amount,3)),ZScore(Mean($final_float_market_cap,3))))"
cn_flow_liquidity_factor_candidate_pack_v1_20260601_phase3am_sanitized_v1_20260609.json,cn_flow_liq_v1_capacity_normalized_flow_0083,capacity_normalized_flow,needs_route_mapping_or_rederivation,2,amount|final_float_market_cap,current_daily_or_derived_panel_only|raw_true_1min_column,direct_with_trade_time_semantics|requires_route_mapping_or_rederivation,"CSRank(Div(Mean($amount,5),Add(Abs(Mean($final_float_market_cap,5)),0.000001)))"
cn_flow_liquidity_factor_candidate_pack_v1_20260601_phase3am_sanitized_v1_20260609.json,cn_flow_liq_v1_capacity_residual_flow_0084,capacity_residual_flow,needs_route_mapping_or_rederivation,2,amount|final_float_market_cap,current_daily_or_derived_panel_only|raw_true_1min_column,direct_with_trade_time_semantics|requires_route_mapping_or_rederivation,"CSRank(CSResidual(ZScore(Mean($amount,5)),ZScore(Mean($final_float_market_cap,5))))"
cn_flow_liquidity_factor_candidate_pack_v1_20260601_phase3am_sanitized_v1_20260609.json,cn_flow_liq_v1_capacity_normalized_flow_0085,capacity_normalized_flow,needs_route_mapping_or_rederivation,2,amount|final_float_market_cap,current_daily_or_derived_panel_only|raw_true_1min_column,direct_with_trade_time_semantics|requires_route_mapping_or_rederivation,"CSRank(Div(Mean($amount,10),Add(Abs(Mean($final_float_market_cap,10)),0.000001)))"
cn_flow_liquidity_factor_candidate_pack_v1_20260601_phase3am_sanitized_v1_20260609.json,cn_flow_liq_v1_capacity_residual_flow_0086,capacity_residual_flow,needs_route_mapping_or_rederivation,2,amount|final_float_market_cap,current_daily_or_derived_panel_only|raw_true_1min_column,direct_with_trade_time_semantics|requires_route_mapping_or_rederivation,"CSRank(CSResidual(ZScore(Mean($amount,10)),ZScore(Mean($final_float_market_cap,10))))"
cn_flow_liquidity_factor_candidate_pack_v1_20260601_phase3am_sanitized_v1_20260609.json,cn_flow_liq_v1_capacity_normalized_flow_0087,capacity_normalized_flow,needs_route_mapping_or_rederivation,2,amount|final_float_market_cap,current_daily_or_derived_panel_only|raw_true_1min_column,direct_with_trade_time_semantics|requires_route_mapping_or_rederivation,"CSRank(Div(Mean($amount,20),Add(Abs(Mean($final_float_market_cap,20)),0.000001)))"
cn_flow_liquidity_factor_candidate_pack_v1_20260601_phase3am_sanitized_v1_20260609.json,cn_flow_liq_v1_capacity_residual_flow_0088,capacity_residual_flow,needs_route_mapping_or_rederivation,2,amount|final_float_market_cap,current_daily_or_derived_panel_only|raw_true_1min_column,direct_with_trade_time_semantics|requires_route_mapping_or_rederivation,"CSRank(CSResidual(ZScore(Mean($amount,20)),ZScore(Mean($final_float_market_cap,20))))"
cn_flow_liquidity_factor_candidate_pack_v1_20260601_phase3am_sanitized_v1_20260609.json,cn_flow_liq_v1_capacity_normalized_flow_0089,capacity_normalized_flow,needs_route_mapping_or_rederivation,2,float_share|volume,current_daily_or_derived_panel_only,requires_route_mapping_or_rederivation,"CSRank(Div(Mean($volume,3),Add(Abs(Mean($float_share,3)),0.000001)))"
cn_flow_liquidity_factor_candidate_pack_v1_20260601_phase3am_sanitized_v1_20260609.json,cn_flow_liq_v1_capacity_normalized_flow_0090,capacity_normalized_flow,needs_route_mapping_or_rederivation,2,float_share|volume,current_daily_or_derived_panel_only,requires_route_mapping_or_rederivation,"CSRank(Div(Mean($volume,5),Add(Abs(Mean($float_share,5)),0.000001)))"
cn_flow_liquidity_factor_candidate_pack_v1_20260601_phase3am_sanitized_v1_20260609.json,cn_flow_liq_v1_capacity_normalized_flow_0091,capacity_normalized_flow,needs_route_mapping_or_rederivation,2,float_share|volume,current_daily_or_derived_panel_only,requires_route_mapping_or_rederivation,"CSRank(Div(Mean($volume,10),Add(Abs(Mean($float_share,10)),0.000001)))"
cn_flow_liquidity_factor_candidate_pack_v1_20260601_phase3am_sanitized_v1_20260609.json,cn_flow_liq_v1_capacity_normalized_flow_0092,capacity_normalized_flow,needs_route_mapping_or_rederivation,2,float_share|volume,current_daily_or_derived_panel_only,requires_route_mapping_or_rederivation,"CSRank(Div(Mean($volume,20),Add(Abs(Mean($float_share,20)),0.000001)))"
cn_flow_liquidity_factor_candidate_pack_v1_20260601_phase3am_sanitized_v1_20260609.json,cn_flow_liq_v1_amihud_illiquidity_0093,amihud_illiquidity,needs_route_mapping_or_rederivation,2,amount|daily_ret,current_daily_or_derived_panel_only|raw_true_1min_column,direct_with_trade_time_semantics|requires_route_mapping_or_rederivation,"CSRank(Div(Mean(Abs($daily_ret),3),Add(Abs(Mean($amount,3)),0.000001)))"
cn_flow_liquidity_factor_candidate_pack_v1_20260601_phase3am_sanitized_v1_20260609.json,cn_flow_liq_v1_amihud_illiquidity_0094,amihud_illiquidity,needs_route_mapping_or_rederivation,2,amount|daily_ret,current_daily_or_derived_panel_only|raw_true_1min_column,direct_with_trade_time_semantics|requires_route_mapping_or_rederivation,"CSRank(Div(Mean(Abs($daily_ret),5),Add(Abs(Mean($amount,5)),0.000001)))"
cn_flow_liquidity_factor_candidate_pack_v1_20260601_phase3am_sanitized_v1_20260609.json,cn_flow_liq_v1_amihud_illiquidity_0095,amihud_illiquidity,needs_route_mapping_or_rederivation,2,amount|daily_ret,current_daily_or_derived_panel_only|raw_true_1min_column,direct_with_trade_time_semantics|requires_route_mapping_or_rederivation,"CSRank(Div(Mean(Abs($daily_ret),10),Add(Abs(Mean($amount,10)),0.000001)))"
cn_flow_liquidity_factor_candidate_pack_v1_20260601_phase3am_sanitized_v1_20260609.json,cn_flow_liq_v1_amihud_illiquidity_0096,amihud_illiquidity,needs_route_mapping_or_rederivation,2,amount|daily_ret,current_daily_or_derived_panel_only|raw_true_1min_column,direct_with_trade_time_semantics|requires_route_mapping_or_rederivation,"CSRank(Div(Mean(Abs($daily_ret),20),Add(Abs(Mean($amount,20)),0.000001)))"
cn_integrated_feature_factor_candidate_pack_v2_coverage_aware_20260603_phase3am_sanitized_v1_20260609.json,cn_integrated_v2_quality_direct_control_00001,quality_direct_control,adaptable_with_lagged_context_sidecar,1,ctx_fund_ps_operate_profit_margin,nonminute_pit_context,lagged_context_sidecar_allowed,CSRank($ctx_fund_ps_operate_profit_margin)
cn_integrated_feature_factor_candidate_pack_v2_coverage_aware_20260603_phase3am_sanitized_v1_20260609.json,cn_integrated_v2_quality_size_residual_00002,quality_size_residual,needs_route_mapping_or_rederivation,2,ctx_fund_ps_operate_profit_margin|final_float_market_cap,current_daily_or_derived_panel_only|nonminute_pit_context,lagged_context_sidecar_allowed|requires_route_mapping_or_rederivation,"CSRank(Sub(ZScore($ctx_fund_ps_operate_profit_margin),ZScore($final_float_market_cap)))"
cn_integrated_feature_factor_candidate_pack_v2_coverage_aware_20260603_phase3am_sanitized_v1_20260609.json,cn_integrated_v2_quality_size_residual_00003,quality_size_residual,needs_route_mapping_or_rederivation,2,ctx_fund_ps_operate_profit_margin|final_total_market_cap,current_daily_or_derived_panel_only|nonminute_pit_context,lagged_context_sidecar_allowed|requires_route_mapping_or_rederivation,"CSRank(Sub(ZScore($ctx_fund_ps_operate_profit_margin),ZScore($final_total_market_cap)))"
cn_integrated_feature_factor_candidate_pack_v2_coverage_aware_20260603_phase3am_sanitized_v1_20260609.json,cn_integrated_v2_quality_size_residual_00004,quality_size_residual,adaptable_with_lagged_context_sidecar,2,amount|ctx_fund_ps_operate_profit_margin,nonminute_pit_context|raw_true_1min_column,direct_with_trade_time_semantics|lagged_context_sidecar_allowed,"CSRank(Sub(ZScore($ctx_fund_ps_operate_profit_margin),ZScore($amount)))"
cn_integrated_feature_factor_candidate_pack_v2_coverage_aware_20260603_phase3am_sanitized_v1_20260609.json,cn_integrated_v2_quality_minus_balance_risk_00005,quality_minus_balance_risk,adaptable_with_lagged_context_sidecar,2,ctx_fund_bs_debt_to_assets|ctx_fund_ps_operate_profit_margin,nonminute_pit_context,lagged_context_sidecar_allowed,"CSRank(Sub(ZScore($ctx_fund_ps_operate_profit_margin),ZScore($ctx_fund_bs_debt_to_assets)))"
cn_integrated_feature_factor_candidate_pack_v2_coverage_aware_20260603_phase3am_sanitized_v1_20260609.json,cn_integrated_v2_quality_minus_balance_risk_00006,quality_minus_balance_risk,adaptable_with_lagged_context_sidecar,2,ctx_fund_bs_goodwill_to_assets|ctx_fund_ps_operate_profit_margin,nonminute_pit_context,lagged_context_sidecar_allowed,"CSRank(Sub(ZScore($ctx_fund_ps_operate_profit_margin),ZScore($ctx_fund_bs_goodwill_to_assets)))"
cn_integrated_feature_factor_candidate_pack_v2_coverage_aware_20260603_phase3am_sanitized_v1_20260609.json,cn_integrated_v2_quality_minus_balance_risk_00007,quality_minus_balance_risk,adaptable_with_lagged_context_sidecar,2,ctx_fund_bs_inventory_to_assets|ctx_fund_ps_operate_profit_margin,nonminute_pit_context,lagged_context_sidecar_allowed,"CSRank(Sub(ZScore($ctx_fund_ps_operate_profit_margin),ZScore($ctx_fund_bs_inventory_to_assets)))"
cn_integrated_feature_factor_candidate_pack_v2_coverage_aware_20260603_phase3am_sanitized_v1_20260609.json,cn_integrated_v2_quality_holder_residual_00008,quality_holder_residual,adaptable_with_lagged_context_sidecar,2,ctx_fund_ps_operate_profit_margin|ctx_holder_avg_market_cap,nonminute_pit_context,lagged_context_sidecar_allowed,"CSRank(Sub(ZScore($ctx_fund_ps_operate_profit_margin),ZScore($ctx_holder_avg_market_cap)))"
cn_integrated_feature_factor_candidate_pack_v2_coverage_aware_20260603_phase3am_sanitized_v1_20260609.json,cn_integrated_v2_quality_holder_residual_00009,quality_holder_residual,adaptable_with_lagged_context_sidecar,2,ctx_fund_ps_operate_profit_margin|ctx_holder_holder_num,nonminute_pit_context,lagged_context_sidecar_allowed,"CSRank(Sub(ZScore($ctx_fund_ps_operate_profit_margin),ZScore($ctx_holder_holder_num)))"
cn_integrated_feature_factor_candidate_pack_v2_coverage_aware_20260603_phase3am_sanitized_v1_20260609.json,cn_integrated_v2_quality_holder_residual_00010,quality_holder_residual,adaptable_with_lagged_context_sidecar,2,ctx_fund_ps_operate_profit_margin|ctx_holder_holder_num_change,nonminute_pit_context,lagged_context_sidecar_allowed,"CSRank(Sub(ZScore($ctx_fund_ps_operate_profit_margin),ZScore($ctx_holder_holder_num_change)))"
cn_integrated_feature_factor_candidate_pack_v2_coverage_aware_20260603_phase3am_sanitized_v1_20260609.json,cn_integrated_v2_quality_holder_residual_00011,quality_holder_residual,adaptable_with_lagged_context_sidecar,2,ctx_fund_ps_operate_profit_margin|ctx_holder_holder_num_ratio,nonminute_pit_context,lagged_context_sidecar_allowed,"CSRank(Sub(ZScore($ctx_fund_ps_operate_profit_margin),ZScore($ctx_holder_holder_num_ratio)))"
cn_integrated_feature_factor_candidate_pack_v2_coverage_aware_20260603_phase3am_sanitized_v1_20260609.json,cn_integrated_v2_quality_holder_residual_00012,quality_holder_residual,adaptable_with_lagged_context_sidecar,2,ctx_fund_ps_operate_profit_margin|ctx_holder_interval_chrate,nonminute_pit_context,lagged_context_sidecar_allowed,"CSRank(Sub(ZScore($ctx_fund_ps_operate_profit_margin),ZScore($ctx_holder_interval_chrate)))"
cn_integrated_feature_factor_candidate_pack_v2_coverage_aware_20260603_phase3am_sanitized_v1_20260609.json,cn_integrated_v2_quality_holder_residual_00013,quality_holder_residual,adaptable_with_lagged_context_sidecar,2,ctx_fund_ps_operate_profit_margin|ctx_holder_pre_holder_num,nonminute_pit_context,lagged_context_sidecar_allowed,"CSRank(Sub(ZScore($ctx_fund_ps_operate_profit_margin),ZScore($ctx_holder_pre_holder_num)))"
cn_integrated_feature_factor_candidate_pack_v2_coverage_aware_20260603_phase3am_sanitized_v1_20260609.json,cn_integrated_v2_quality_x_minute_pressure_00014,quality_x_minute_pressure,blocked_for_true_1min_search,2,ctx_fund_ps_operate_profit_margin|m1_amount_day,minute_derived_after_close_or_label|nonminute_pit_context,forbidden|lagged_context_sidecar_allowed,"CSRank(Mul(ZScore($ctx_fund_ps_operate_profit_margin),ZScore($m1_amount_day)))"
cn_integrated_feature_factor_candidate_pack_v2_coverage_aware_20260603_phase3am_sanitized_v1_20260609.json,cn_integrated_v2_quality_x_minute_pressure_00015,quality_x_minute_pressure,adaptable_after_recompute_on_trade_time,2,ctx_fund_ps_operate_profit_margin|m1_first15_amount,nonminute_pit_context|opening_window_feature,lagged_context_sidecar_allowed|recompute_on_trade_time_backbone_required,"CSRank(Mul(ZScore($ctx_fund_ps_operate_profit_margin),ZScore($m1_first15_amount)))"
cn_integrated_feature_factor_candidate_pack_v2_coverage_aware_20260603_phase3am_sanitized_v1_20260609.json,cn_integrated_v2_quality_x_minute_pressure_00016,quality_x_minute_pressure,adaptable_after_recompute_on_trade_time,2,ctx_fund_ps_operate_profit_margin|m1_first15_high,nonminute_pit_context|opening_window_feature,lagged_context_sidecar_allowed|recompute_on_trade_time_backbone_required,"CSRank(Mul(ZScore($ctx_fund_ps_operate_profit_margin),ZScore($m1_first15_high)))"
cn_integrated_feature_factor_candidate_pack_v2_coverage_aware_20260603_phase3am_sanitized_v1_20260609.json,cn_integrated_v2_quality_x_minute_pressure_00017,quality_x_minute_pressure,adaptable_after_recompute_on_trade_time,2,ctx_fund_ps_operate_profit_margin|m1_first15_last_return_vs_open,nonminute_pit_context|opening_window_feature,lagged_context_sidecar_allowed|recompute_on_trade_time_backbone_required,"CSRank(Mul(ZScore($ctx_fund_ps_operate_profit_margin),ZScore($m1_first15_last_return_vs_open)))"
cn_integrated_feature_factor_candidate_pack_v2_coverage_aware_20260603_phase3am_sanitized_v1_20260609.json,cn_integrated_v2_quality_x_minute_pressure_00018,quality_x_minute_pressure,adaptable_after_recompute_on_trade_time,2,ctx_fund_ps_operate_profit_margin|m1_first15_low,nonminute_pit_context|opening_window_feature,lagged_context_sidecar_allowed|recompute_on_trade_time_backbone_required,"CSRank(Mul(ZScore($ctx_fund_ps_operate_profit_margin),ZScore($m1_first15_low)))"
cn_integrated_feature_factor_candidate_pack_v2_coverage_aware_20260603_phase3am_sanitized_v1_20260609.json,cn_integrated_v2_quality_x_minute_pressure_00019,quality_x_minute_pressure,adaptable_after_recompute_on_trade_time,2,ctx_fund_ps_operate_profit_margin|m1_first15_range,nonminute_pit_context|opening_window_feature,lagged_context_sidecar_allowed|recompute_on_trade_time_backbone_required,"CSRank(Mul(ZScore($ctx_fund_ps_operate_profit_margin),ZScore($m1_first15_range)))"
cn_integrated_feature_factor_candidate_pack_v2_coverage_aware_20260603_phase3am_sanitized_v1_20260609.json,cn_integrated_v2_quality_x_minute_pressure_00020,quality_x_minute_pressure,adaptable_after_recompute_on_trade_time,2,ctx_fund_ps_operate_profit_margin|m1_first15_vol,nonminute_pit_context|opening_window_feature,lagged_context_sidecar_allowed|recompute_on_trade_time_backbone_required,"CSRank(Mul(ZScore($ctx_fund_ps_operate_profit_margin),ZScore($m1_first15_vol)))"
cn_integrated_feature_factor_candidate_pack_v2_coverage_aware_20260603_phase3am_sanitized_v1_20260609.json,cn_integrated_v2_quality_x_minute_pressure_00021,quality_x_minute_pressure,adaptable_after_recompute_on_trade_time,2,ctx_fund_ps_operate_profit_margin|m1_first15_vwap,nonminute_pit_context|opening_window_feature,lagged_context_sidecar_allowed|recompute_on_trade_time_backbone_required,"CSRank(Mul(ZScore($ctx_fund_ps_operate_profit_margin),ZScore($m1_first15_vwap)))"
cn_integrated_feature_factor_candidate_pack_v2_coverage_aware_20260603_phase3am_sanitized_v1_20260609.json,cn_integrated_v2_quality_x_minute_pressure_00022,quality_x_minute_pressure,adaptable_after_recompute_on_trade_time,2,ctx_fund_ps_operate_profit_margin|m1_first15_vwap_return_vs_open,nonminute_pit_context|opening_window_feature,lagged_context_sidecar_allowed|recompute_on_trade_time_backbone_required,"CSRank(Mul(ZScore($ctx_fund_ps_operate_profit_margin),ZScore($m1_first15_vwap_return_vs_open)))"
cn_integrated_feature_factor_candidate_pack_v2_coverage_aware_20260603_phase3am_sanitized_v1_20260609.json,cn_integrated_v2_quality_x_minute_pressure_00023,quality_x_minute_pressure,adaptable_after_recompute_on_trade_time,2,ctx_fund_ps_operate_profit_margin|m1_first30_amount,nonminute_pit_context|opening_window_feature,lagged_context_sidecar_allowed|recompute_on_trade_time_backbone_required,"CSRank(Mul(ZScore($ctx_fund_ps_operate_profit_margin),ZScore($m1_first30_amount)))"
cn_integrated_feature_factor_candidate_pack_v2_coverage_aware_20260603_phase3am_sanitized_v1_20260609.json,cn_integrated_v2_quality_x_minute_pressure_00024,quality_x_minute_pressure,adaptable_after_recompute_on_trade_time,2,ctx_fund_ps_operate_profit_margin|m1_first30_high,nonminute_pit_context|opening_window_feature,lagged_context_sidecar_allowed|recompute_on_trade_time_backbone_required,"CSRank(Mul(ZScore($ctx_fund_ps_operate_profit_margin),ZScore($m1_first30_high)))"
cn_integrated_feature_factor_candidate_pack_v2_coverage_aware_20260603_phase3am_sanitized_v1_20260609.json,cn_integrated_v2_quality_x_minute_pressure_00025,quality_x_minute_pressure,adaptable_after_recompute_on_trade_time,2,ctx_fund_ps_operate_profit_margin|m1_first30_last_return_vs_open,nonminute_pit_context|opening_window_feature,lagged_context_sidecar_allowed|recompute_on_trade_time_backbone_required,"CSRank(Mul(ZScore($ctx_fund_ps_operate_profit_margin),ZScore($m1_first30_last_return_vs_open)))"
cn_integrated_feature_factor_candidate_pack_v2_coverage_aware_20260603_phase3am_sanitized_v1_20260609.json,cn_integrated_v2_quality_x_minute_pressure_00026,quality_x_minute_pressure,adaptable_after_recompute_on_trade_time,2,ctx_fund_ps_operate_profit_margin|m1_first30_low,nonminute_pit_context|opening_window_feature,lagged_context_sidecar_allowed|recompute_on_trade_time_backbone_required,"CSRank(Mul(ZScore($ctx_fund_ps_operate_profit_margin),ZScore($m1_first30_low)))"
cn_integrated_feature_factor_candidate_pack_v2_coverage_aware_20260603_phase3am_sanitized_v1_20260609.json,cn_integrated_v2_quality_x_minute_pressure_00027,quality_x_minute_pressure,adaptable_after_recompute_on_trade_time,2,ctx_fund_ps_operate_profit_margin|m1_first30_range,nonminute_pit_context|opening_window_feature,lagged_context_sidecar_allowed|recompute_on_trade_time_backbone_required,"CSRank(Mul(ZScore($ctx_fund_ps_operate_profit_margin),ZScore($m1_first30_range)))"
cn_integrated_feature_factor_candidate_pack_v2_coverage_aware_20260603_phase3am_sanitized_v1_20260609.json,cn_integrated_v2_quality_x_minute_pressure_00028,quality_x_minute_pressure,adaptable_after_recompute_on_trade_time,2,ctx_fund_ps_operate_profit_margin|m1_first30_vol,nonminute_pit_context|opening_window_feature,lagged_context_sidecar_allowed|recompute_on_trade_time_backbone_required,"CSRank(Mul(ZScore($ctx_fund_ps_operate_profit_margin),ZScore($m1_first30_vol)))"
cn_integrated_feature_factor_candidate_pack_v2_coverage_aware_20260603_phase3am_sanitized_v1_20260609.json,cn_integrated_v2_quality_x_minute_pressure_00029,quality_x_minute_pressure,adaptable_after_recompute_on_trade_time,2,ctx_fund_ps_operate_profit_margin|m1_first30_vwap,nonminute_pit_context|opening_window_feature,lagged_context_sidecar_allowed|recompute_on_trade_time_backbone_required,"CSRank(Mul(ZScore($ctx_fund_ps_operate_profit_margin),ZScore($m1_first30_vwap)))"
cn_integrated_feature_factor_candidate_pack_v2_coverage_aware_20260603_phase3am_sanitized_v1_20260609.json,cn_integrated_v2_quality_x_minute_pressure_00030,quality_x_minute_pressure,adaptable_after_recompute_on_trade_time,2,ctx_fund_ps_operate_profit_margin|m1_first30_vwap_return_vs_open,nonminute_pit_context|opening_window_feature,lagged_context_sidecar_allowed|recompute_on_trade_time_backbone_required,"CSRank(Mul(ZScore($ctx_fund_ps_operate_profit_margin),ZScore($m1_first30_vwap_return_vs_open)))"
cn_integrated_feature_factor_candidate_pack_v2_coverage_aware_20260603_phase3am_sanitized_v1_20260609.json,cn_integrated_v2_quality_x_minute_pressure_00031,quality_x_minute_pressure,adaptable_after_recompute_on_trade_time,2,ctx_fund_ps_operate_profit_margin|m1_first5_amount,nonminute_pit_context|opening_window_feature,lagged_context_sidecar_allowed|recompute_on_trade_time_backbone_required,"CSRank(Mul(ZScore($ctx_fund_ps_operate_profit_margin),ZScore($m1_first5_amount)))"
cn_integrated_feature_factor_candidate_pack_v2_coverage_aware_20260603_phase3am_sanitized_v1_20260609.json,cn_integrated_v2_quality_x_rzrq_flow_00032,quality_x_rzrq_flow,adaptable_with_lagged_context_sidecar,2,ctx_fund_ps_operate_profit_margin|ctx_rzrq_rqjmg,nonminute_pit_context,blocked_or_context_only|lagged_context_sidecar_allowed,"CSRank(Mul(ZScore($ctx_fund_ps_operate_profit_margin),ZScore($ctx_rzrq_rqjmg)))"
cn_integrated_feature_factor_candidate_pack_v2_coverage_aware_20260603_phase3am_sanitized_v1_20260609.json,cn_integrated_v2_quality_x_rzrq_flow_00033,quality_x_rzrq_flow,adaptable_with_lagged_context_sidecar,2,ctx_fund_ps_operate_profit_margin|ctx_rzrq_rqjmg10d,nonminute_pit_context,blocked_or_context_only|lagged_context_sidecar_allowed,"CSRank(Mul(ZScore($ctx_fund_ps_operate_profit_margin),ZScore($ctx_rzrq_rqjmg10d)))"
cn_integrated_feature_factor_candidate_pack_v2_coverage_aware_20260603_phase3am_sanitized_v1_20260609.json,cn_integrated_v2_quality_x_rzrq_flow_00034,quality_x_rzrq_flow,adaptable_with_lagged_context_sidecar,2,ctx_fund_ps_operate_profit_margin|ctx_rzrq_rqjmg3d,nonminute_pit_context,blocked_or_context_only|lagged_context_sidecar_allowed,"CSRank(Mul(ZScore($ctx_fund_ps_operate_profit_margin),ZScore($ctx_rzrq_rqjmg3d)))"
cn_integrated_feature_factor_candidate_pack_v2_coverage_aware_20260603_phase3am_sanitized_v1_20260609.json,cn_integrated_v2_quality_x_rzrq_flow_00035,quality_x_rzrq_flow,adaptable_with_lagged_context_sidecar,2,ctx_fund_ps_operate_profit_margin|ctx_rzrq_rqjmg5d,nonminute_pit_context,blocked_or_context_only|lagged_context_sidecar_allowed,"CSRank(Mul(ZScore($ctx_fund_ps_operate_profit_margin),ZScore($ctx_rzrq_rqjmg5d)))"
cn_integrated_feature_factor_candidate_pack_v2_coverage_aware_20260603_phase3am_sanitized_v1_20260609.json,cn_integrated_v2_quality_x_rzrq_flow_00036,quality_x_rzrq_flow,adaptable_with_lagged_context_sidecar,2,ctx_fund_ps_operate_profit_margin|ctx_rzrq_rqmcl,nonminute_pit_context,blocked_or_context_only|lagged_context_sidecar_allowed,"CSRank(Mul(ZScore($ctx_fund_ps_operate_profit_margin),ZScore($ctx_rzrq_rqmcl)))"
cn_integrated_feature_factor_candidate_pack_v2_coverage_aware_20260603_phase3am_sanitized_v1_20260609.json,cn_integrated_v2_quality_x_rzrq_flow_00037,quality_x_rzrq_flow,adaptable_with_lagged_context_sidecar,2,ctx_fund_ps_operate_profit_margin|ctx_rzrq_rqmcl10d,nonminute_pit_context,blocked_or_context_only|lagged_context_sidecar_allowed,"CSRank(Mul(ZScore($ctx_fund_ps_operate_profit_margin),ZScore($ctx_rzrq_rqmcl10d)))"
cn_integrated_feature_factor_candidate_pack_v2_coverage_aware_20260603_phase3am_sanitized_v1_20260609.json,cn_integrated_v2_quality_x_rzrq_flow_00038,quality_x_rzrq_flow,adaptable_with_lagged_context_sidecar,2,ctx_fund_ps_operate_profit_margin|ctx_rzrq_rqmcl3d,nonminute_pit_context,blocked_or_context_only|lagged_context_sidecar_allowed,"CSRank(Mul(ZScore($ctx_fund_ps_operate_profit_margin),ZScore($ctx_rzrq_rqmcl3d)))"
cn_integrated_feature_factor_candidate_pack_v2_coverage_aware_20260603_phase3am_sanitized_v1_20260609.json,cn_integrated_v2_quality_x_rzrq_flow_00039,quality_x_rzrq_flow,adaptable_with_lagged_context_sidecar,2,ctx_fund_ps_operate_profit_margin|ctx_rzrq_rqmcl5d,nonminute_pit_context,blocked_or_context_only|lagged_context_sidecar_allowed,"CSRank(Mul(ZScore($ctx_fund_ps_operate_profit_margin),ZScore($ctx_rzrq_rqmcl5d)))"
cn_integrated_feature_factor_candidate_pack_v2_coverage_aware_20260603_phase3am_sanitized_v1_20260609.json,cn_integrated_v2_quality_x_rzrq_flow_00040,quality_x_rzrq_flow,adaptable_with_lagged_context_sidecar,2,ctx_fund_ps_operate_profit_margin|ctx_rzrq_rqye,nonminute_pit_context,blocked_or_context_only|lagged_context_sidecar_allowed,"CSRank(Mul(ZScore($ctx_fund_ps_operate_profit_margin),ZScore($ctx_rzrq_rqye)))"
cn_integrated_feature_factor_candidate_pack_v2_coverage_aware_20260603_phase3am_sanitized_v1_20260609.json,cn_integrated_v2_quality_x_rzrq_flow_00041,quality_x_rzrq_flow,adaptable_with_lagged_context_sidecar,2,ctx_fund_ps_operate_profit_margin|ctx_rzrq_rzche,nonminute_pit_context,blocked_or_context_only|lagged_context_sidecar_allowed,"CSRank(Mul(ZScore($ctx_fund_ps_operate_profit_margin),ZScore($ctx_rzrq_rzche)))"
cn_integrated_feature_factor_candidate_pack_v2_coverage_aware_20260603_phase3am_sanitized_v1_20260609.json,cn_integrated_v2_quality_x_rzrq_flow_00042,quality_x_rzrq_flow,adaptable_with_lagged_context_sidecar,2,ctx_fund_ps_operate_profit_margin|ctx_rzrq_rzche10d,nonminute_pit_context,blocked_or_context_only|lagged_context_sidecar_allowed,"CSRank(Mul(ZScore($ctx_fund_ps_operate_profit_margin),ZScore($ctx_rzrq_rzche10d)))"
cn_integrated_feature_factor_candidate_pack_v2_coverage_aware_20260603_phase3am_sanitized_v1_20260609.json,cn_integrated_v2_quality_x_rzrq_flow_00043,quality_x_rzrq_flow,adaptable_with_lagged_context_sidecar,2,ctx_fund_ps_operate_profit_margin|ctx_rzrq_rzche3d,nonminute_pit_context,blocked_or_context_only|lagged_context_sidecar_allowed,"CSRank(Mul(ZScore($ctx_fund_ps_operate_profit_margin),ZScore($ctx_rzrq_rzche3d)))"
cn_integrated_feature_factor_candidate_pack_v2_coverage_aware_20260603_phase3am_sanitized_v1_20260609.json,cn_integrated_v2_quality_x_rzrq_flow_00044,quality_x_rzrq_flow,adaptable_with_lagged_context_sidecar,2,ctx_fund_ps_operate_profit_margin|ctx_rzrq_rzche5d,nonminute_pit_context,blocked_or_context_only|lagged_context_sidecar_allowed,"CSRank(Mul(ZScore($ctx_fund_ps_operate_profit_margin),ZScore($ctx_rzrq_rzche5d)))"
cn_integrated_feature_factor_candidate_pack_v2_coverage_aware_20260603_phase3am_sanitized_v1_20260609.json,cn_integrated_v2_quality_x_rzrq_flow_00045,quality_x_rzrq_flow,adaptable_with_lagged_context_sidecar,2,ctx_fund_ps_operate_profit_margin|ctx_rzrq_rzjme,nonminute_pit_context,blocked_or_context_only|lagged_context_sidecar_allowed,"CSRank(Mul(ZScore($ctx_fund_ps_operate_profit_margin),ZScore($ctx_rzrq_rzjme)))"
cn_integrated_feature_factor_candidate_pack_v2_coverage_aware_20260603_phase3am_sanitized_v1_20260609.json,cn_integrated_v2_quality_x_rzrq_flow_00046,quality_x_rzrq_flow,adaptable_with_lagged_context_sidecar,2,ctx_fund_ps_operate_profit_margin|ctx_rzrq_rzjme10d,nonminute_pit_context,blocked_or_context_only|lagged_context_sidecar_allowed,"CSRank(Mul(ZScore($ctx_fund_ps_operate_profit_margin),ZScore($ctx_rzrq_rzjme10d)))"
cn_integrated_feature_factor_candidate_pack_v2_coverage_aware_20260603_phase3am_sanitized_v1_20260609.json,cn_integrated_v2_quality_x_rzrq_flow_00047,quality_x_rzrq_flow,adaptable_with_lagged_context_sidecar,2,ctx_fund_ps_operate_profit_margin|ctx_rzrq_rzjme3d,nonminute_pit_context,blocked_or_context_only|lagged_context_sidecar_allowed,"CSRank(Mul(ZScore($ctx_fund_ps_operate_profit_margin),ZScore($ctx_rzrq_rzjme3d)))"
cn_integrated_feature_factor_candidate_pack_v2_coverage_aware_20260603_phase3am_sanitized_v1_20260609.json,cn_integrated_v2_quality_x_rzrq_flow_00048,quality_x_rzrq_flow,adaptable_with_lagged_context_sidecar,2,ctx_fund_ps_operate_profit_margin|ctx_rzrq_rzjme5d,nonminute_pit_context,blocked_or_context_only|lagged_context_sidecar_allowed,"CSRank(Mul(ZScore($ctx_fund_ps_operate_profit_margin),ZScore($ctx_rzrq_rzjme5d)))"
cn_integrated_feature_factor_candidate_pack_v2_coverage_aware_20260603_phase3am_sanitized_v1_20260609.json,cn_integrated_v2_quality_x_rzrq_flow_00049,quality_x_rzrq_flow,adaptable_with_lagged_context_sidecar,2,ctx_fund_ps_operate_profit_margin|ctx_rzrq_rzmre,nonminute_pit_context,blocked_or_context_only|lagged_context_sidecar_allowed,"CSRank(Mul(ZScore($ctx_fund_ps_operate_profit_margin),ZScore($ctx_rzrq_rzmre)))"
cn_integrated_feature_factor_candidate_pack_v2_coverage_aware_20260603_phase3am_sanitized_v1_20260609.json,cn_integrated_v2_quality_x_market_breadth_00050,quality_x_market_breadth,adaptable_with_lagged_context_sidecar,2,ctx_fund_ps_operate_profit_margin|ctx_mkt_updown_dt,nonminute_pit_context,blocked_or_context_only|lagged_context_sidecar_allowed,"CSRank(Mul(ZScore($ctx_fund_ps_operate_profit_margin),ZScore($ctx_mkt_updown_dt)))"
cn_integrated_feature_factor_candidate_pack_v2_coverage_aware_20260603_phase3am_sanitized_v1_20260609.json,cn_integrated_v2_quality_x_market_breadth_00051,quality_x_market_breadth,adaptable_with_lagged_context_sidecar,2,ctx_fund_ps_operate_profit_margin|ctx_mkt_updown_q_zrcs,nonminute_pit_context,blocked_or_context_only|lagged_context_sidecar_allowed,"CSRank(Mul(ZScore($ctx_fund_ps_operate_profit_margin),ZScore($ctx_mkt_updown_q_zrcs)))"
cn_integrated_feature_factor_candidate_pack_v2_coverage_aware_20260603_phase3am_sanitized_v1_20260609.json,cn_integrated_v2_quality_x_market_breadth_00052,quality_x_market_breadth,adaptable_with_lagged_context_sidecar,2,ctx_fund_ps_operate_profit_margin|ctx_mkt_updown_q_zrtj,nonminute_pit_context,blocked_or_context_only|lagged_context_sidecar_allowed,"CSRank(Mul(ZScore($ctx_fund_ps_operate_profit_margin),ZScore($ctx_mkt_updown_q_zrtj)))"
cn_integrated_feature_factor_candidate_pack_v2_coverage_aware_20260603_phase3am_sanitized_v1_20260609.json,cn_integrated_v2_quality_x_market_breadth_00053,quality_x_market_breadth,adaptable_with_lagged_context_sidecar,2,ctx_fund_ps_operate_profit_margin|ctx_mkt_updown_s_zrcs,nonminute_pit_context,blocked_or_context_only|lagged_context_sidecar_allowed,"CSRank(Mul(ZScore($ctx_fund_ps_operate_profit_margin),ZScore($ctx_mkt_updown_s_zrcs)))"
cn_integrated_feature_factor_candidate_pack_v2_coverage_aware_20260603_phase3am_sanitized_v1_20260609.json,cn_integrated_v2_quality_x_market_breadth_00054,quality_x_market_breadth,adaptable_with_lagged_context_sidecar,2,ctx_fund_ps_operate_profit_margin|ctx_mkt_updown_s_zrtj,nonminute_pit_context,blocked_or_context_only|lagged_context_sidecar_allowed,"CSRank(Mul(ZScore($ctx_fund_ps_operate_profit_margin),ZScore($ctx_mkt_updown_s_zrtj)))"
cn_integrated_feature_factor_candidate_pack_v2_coverage_aware_20260603_phase3am_sanitized_v1_20260609.json,cn_integrated_v2_quality_x_market_breadth_00055,quality_x_market_breadth,adaptable_with_lagged_context_sidecar,2,ctx_fund_ps_operate_profit_margin|ctx_mkt_updown_sjdt,nonminute_pit_context,blocked_or_context_only|lagged_context_sidecar_allowed,"CSRank(Mul(ZScore($ctx_fund_ps_operate_profit_margin),ZScore($ctx_mkt_updown_sjdt)))"
cn_integrated_feature_factor_candidate_pack_v2_coverage_aware_20260603_phase3am_sanitized_v1_20260609.json,cn_integrated_v2_quality_x_market_breadth_00056,quality_x_market_breadth,adaptable_with_lagged_context_sidecar,2,ctx_fund_ps_operate_profit_margin|ctx_mkt_updown_sjzt,nonminute_pit_context,blocked_or_context_only|lagged_context_sidecar_allowed,"CSRank(Mul(ZScore($ctx_fund_ps_operate_profit_margin),ZScore($ctx_mkt_updown_sjzt)))"
cn_integrated_feature_factor_candidate_pack_v2_coverage_aware_20260603_phase3am_sanitized_v1_20260609.json,cn_integrated_v2_quality_x_market_breadth_00057,quality_x_market_breadth,adaptable_with_lagged_context_sidecar,2,ctx_fund_ps_operate_profit_margin|ctx_mkt_updown_stdt,nonminute_pit_context,blocked_or_context_only|lagged_context_sidecar_allowed,"CSRank(Mul(ZScore($ctx_fund_ps_operate_profit_margin),ZScore($ctx_mkt_updown_stdt)))"
cn_integrated_feature_factor_candidate_pack_v2_coverage_aware_20260603_phase3am_sanitized_v1_20260609.json,cn_integrated_v2_quality_x_market_breadth_00058,quality_x_market_breadth,adaptable_with_lagged_context_sidecar,2,ctx_fund_ps_operate_profit_margin|ctx_mkt_updown_stzt,nonminute_pit_context,blocked_or_context_only|lagged_context_sidecar_allowed,"CSRank(Mul(ZScore($ctx_fund_ps_operate_profit_margin),ZScore($ctx_mkt_updown_stzt)))"
cn_integrated_feature_factor_candidate_pack_v2_coverage_aware_20260603_phase3am_sanitized_v1_20260609.json,cn_integrated_v2_quality_x_market_breadth_00059,quality_x_market_breadth,adaptable_with_lagged_context_sidecar,2,ctx_fund_ps_operate_profit_margin|ctx_mkt_updown_szjs,nonminute_pit_context,blocked_or_context_only|lagged_context_sidecar_allowed,"CSRank(Mul(ZScore($ctx_fund_ps_operate_profit_margin),ZScore($ctx_mkt_updown_szjs)))"
cn_integrated_feature_factor_candidate_pack_v2_coverage_aware_20260603_phase3am_sanitized_v1_20260609.json,cn_integrated_v2_quality_x_market_breadth_00060,quality_x_market_breadth,adaptable_with_lagged_context_sidecar,2,ctx_fund_ps_operate_profit_margin|ctx_mkt_updown_xdjs,nonminute_pit_context,blocked_or_context_only|lagged_context_sidecar_allowed,"CSRank(Mul(ZScore($ctx_fund_ps_operate_profit_margin),ZScore($ctx_mkt_updown_xdjs)))"
cn_integrated_feature_factor_candidate_pack_v2_coverage_aware_20260603_phase3am_sanitized_v1_20260609.json,cn_integrated_v2_quality_x_market_breadth_00061,quality_x_market_breadth,adaptable_with_lagged_context_sidecar,2,ctx_fund_ps_operate_profit_margin|ctx_mkt_updown_zt,nonminute_pit_context,blocked_or_context_only|lagged_context_sidecar_allowed,"CSRank(Mul(ZScore($ctx_fund_ps_operate_profit_margin),ZScore($ctx_mkt_updown_zt)))"
cn_integrated_feature_factor_candidate_pack_v2_coverage_aware_20260603_phase3am_sanitized_v1_20260609.json,cn_integrated_v2_quality_direct_control_00062,quality_direct_control,adaptable_with_lagged_context_sidecar,1,ctx_fund_ps_netprofit_margin,nonminute_pit_context,lagged_context_sidecar_allowed,CSRank($ctx_fund_ps_netprofit_margin)
cn_integrated_feature_factor_candidate_pack_v2_coverage_aware_20260603_phase3am_sanitized_v1_20260609.json,cn_integrated_v2_quality_size_residual_00063,quality_size_residual,needs_route_mapping_or_rederivation,2,ctx_fund_ps_netprofit_margin|final_float_market_cap,current_daily_or_derived_panel_only|nonminute_pit_context,lagged_context_sidecar_allowed|requires_route_mapping_or_rederivation,"CSRank(Sub(ZScore($ctx_fund_ps_netprofit_margin),ZScore($final_float_market_cap)))"
cn_integrated_feature_factor_candidate_pack_v2_coverage_aware_20260603_phase3am_sanitized_v1_20260609.json,cn_integrated_v2_quality_size_residual_00064,quality_size_residual,needs_route_mapping_or_rederivation,2,ctx_fund_ps_netprofit_margin|final_total_market_cap,current_daily_or_derived_panel_only|nonminute_pit_context,lagged_context_sidecar_allowed|requires_route_mapping_or_rederivation,"CSRank(Sub(ZScore($ctx_fund_ps_netprofit_margin),ZScore($final_total_market_cap)))"
cn_integrated_feature_factor_candidate_pack_v2_coverage_aware_20260603_phase3am_sanitized_v1_20260609.json,cn_integrated_v2_quality_size_residual_00065,quality_size_residual,adaptable_with_lagged_context_sidecar,2,amount|ctx_fund_ps_netprofit_margin,nonminute_pit_context|raw_true_1min_column,direct_with_trade_time_semantics|lagged_context_sidecar_allowed,"CSRank(Sub(ZScore($ctx_fund_ps_netprofit_margin),ZScore($amount)))"
cn_integrated_feature_factor_candidate_pack_v2_coverage_aware_20260603_phase3am_sanitized_v1_20260609.json,cn_integrated_v2_quality_minus_balance_risk_00066,quality_minus_balance_risk,adaptable_with_lagged_context_sidecar,2,ctx_fund_bs_debt_to_assets|ctx_fund_ps_netprofit_margin,nonminute_pit_context,lagged_context_sidecar_allowed,"CSRank(Sub(ZScore($ctx_fund_ps_netprofit_margin),ZScore($ctx_fund_bs_debt_to_assets)))"
cn_integrated_feature_factor_candidate_pack_v2_coverage_aware_20260603_phase3am_sanitized_v1_20260609.json,cn_integrated_v2_quality_minus_balance_risk_00067,quality_minus_balance_risk,adaptable_with_lagged_context_sidecar,2,ctx_fund_bs_goodwill_to_assets|ctx_fund_ps_netprofit_margin,nonminute_pit_context,lagged_context_sidecar_allowed,"CSRank(Sub(ZScore($ctx_fund_ps_netprofit_margin),ZScore($ctx_fund_bs_goodwill_to_assets)))"
cn_integrated_feature_factor_candidate_pack_v2_coverage_aware_20260603_phase3am_sanitized_v1_20260609.json,cn_integrated_v2_quality_minus_balance_risk_00068,quality_minus_balance_risk,adaptable_with_lagged_context_sidecar,2,ctx_fund_bs_inventory_to_assets|ctx_fund_ps_netprofit_margin,nonminute_pit_context,lagged_context_sidecar_allowed,"CSRank(Sub(ZScore($ctx_fund_ps_netprofit_margin),ZScore($ctx_fund_bs_inventory_to_assets)))"
cn_integrated_feature_factor_candidate_pack_v2_coverage_aware_20260603_phase3am_sanitized_v1_20260609.json,cn_integrated_v2_quality_holder_residual_00069,quality_holder_residual,adaptable_with_lagged_context_sidecar,2,ctx_fund_ps_netprofit_margin|ctx_holder_avg_market_cap,nonminute_pit_context,lagged_context_sidecar_allowed,"CSRank(Sub(ZScore($ctx_fund_ps_netprofit_margin),ZScore($ctx_holder_avg_market_cap)))"
cn_integrated_feature_factor_candidate_pack_v2_coverage_aware_20260603_phase3am_sanitized_v1_20260609.json,cn_integrated_v2_quality_holder_residual_00070,quality_holder_residual,adaptable_with_lagged_context_sidecar,2,ctx_fund_ps_netprofit_margin|ctx_holder_holder_num,nonminute_pit_context,lagged_context_sidecar_allowed,"CSRank(Sub(ZScore($ctx_fund_ps_netprofit_margin),ZScore($ctx_holder_holder_num)))"
cn_integrated_feature_factor_candidate_pack_v2_coverage_aware_20260603_phase3am_sanitized_v1_20260609.json,cn_integrated_v2_quality_holder_residual_00071,quality_holder_residual,adaptable_with_lagged_context_sidecar,2,ctx_fund_ps_netprofit_margin|ctx_holder_holder_num_change,nonminute_pit_context,lagged_context_sidecar_allowed,"CSRank(Sub(ZScore($ctx_fund_ps_netprofit_margin),ZScore($ctx_holder_holder_num_change)))"
cn_integrated_feature_factor_candidate_pack_v2_coverage_aware_20260603_phase3am_sanitized_v1_20260609.json,cn_integrated_v2_quality_holder_residual_00072,quality_holder_residual,adaptable_with_lagged_context_sidecar,2,ctx_fund_ps_netprofit_margin|ctx_holder_holder_num_ratio,nonminute_pit_context,lagged_context_sidecar_allowed,"CSRank(Sub(ZScore($ctx_fund_ps_netprofit_margin),ZScore($ctx_holder_holder_num_ratio)))"
cn_integrated_feature_factor_candidate_pack_v2_coverage_aware_20260603_phase3am_sanitized_v1_20260609.json,cn_integrated_v2_quality_holder_residual_00073,quality_holder_residual,adaptable_with_lagged_context_sidecar,2,ctx_fund_ps_netprofit_margin|ctx_holder_interval_chrate,nonminute_pit_context,lagged_context_sidecar_allowed,"CSRank(Sub(ZScore($ctx_fund_ps_netprofit_margin),ZScore($ctx_holder_interval_chrate)))"
cn_integrated_feature_factor_candidate_pack_v2_coverage_aware_20260603_phase3am_sanitized_v1_20260609.json,cn_integrated_v2_quality_holder_residual_00074,quality_holder_residual,adaptable_with_lagged_context_sidecar,2,ctx_fund_ps_netprofit_margin|ctx_holder_pre_holder_num,nonminute_pit_context,lagged_context_sidecar_allowed,"CSRank(Sub(ZScore($ctx_fund_ps_netprofit_margin),ZScore($ctx_holder_pre_holder_num)))"
cn_integrated_feature_factor_candidate_pack_v2_coverage_aware_20260603_phase3am_sanitized_v1_20260609.json,cn_integrated_v2_quality_x_minute_pressure_00075,quality_x_minute_pressure,blocked_for_true_1min_search,2,ctx_fund_ps_netprofit_margin|m1_amount_day,minute_derived_after_close_or_label|nonminute_pit_context,forbidden|lagged_context_sidecar_allowed,"CSRank(Mul(ZScore($ctx_fund_ps_netprofit_margin),ZScore($m1_amount_day)))"
cn_integrated_feature_factor_candidate_pack_v2_coverage_aware_20260603_phase3am_sanitized_v1_20260609.json,cn_integrated_v2_quality_x_minute_pressure_00076,quality_x_minute_pressure,adaptable_after_recompute_on_trade_time,2,ctx_fund_ps_netprofit_margin|m1_first15_amount,nonminute_pit_context|opening_window_feature,lagged_context_sidecar_allowed|recompute_on_trade_time_backbone_required,"CSRank(Mul(ZScore($ctx_fund_ps_netprofit_margin),ZScore($m1_first15_amount)))"
cn_integrated_feature_factor_candidate_pack_v2_coverage_aware_20260603_phase3am_sanitized_v1_20260609.json,cn_integrated_v2_quality_x_minute_pressure_00077,quality_x_minute_pressure,adaptable_after_recompute_on_trade_time,2,ctx_fund_ps_netprofit_margin|m1_first15_high,nonminute_pit_context|opening_window_feature,lagged_context_sidecar_allowed|recompute_on_trade_time_backbone_required,"CSRank(Mul(ZScore($ctx_fund_ps_netprofit_margin),ZScore($m1_first15_high)))"
cn_integrated_feature_factor_candidate_pack_v2_coverage_aware_20260603_phase3am_sanitized_v1_20260609.json,cn_integrated_v2_quality_x_minute_pressure_00078,quality_x_minute_pressure,adaptable_after_recompute_on_trade_time,2,ctx_fund_ps_netprofit_margin|m1_first15_last_return_vs_open,nonminute_pit_context|opening_window_feature,lagged_context_sidecar_allowed|recompute_on_trade_time_backbone_required,"CSRank(Mul(ZScore($ctx_fund_ps_netprofit_margin),ZScore($m1_first15_last_return_vs_open)))"
cn_integrated_feature_factor_candidate_pack_v2_coverage_aware_20260603_phase3am_sanitized_v1_20260609.json,cn_integrated_v2_quality_x_minute_pressure_00079,quality_x_minute_pressure,adaptable_after_recompute_on_trade_time,2,ctx_fund_ps_netprofit_margin|m1_first15_low,nonminute_pit_context|opening_window_feature,lagged_context_sidecar_allowed|recompute_on_trade_time_backbone_required,"CSRank(Mul(ZScore($ctx_fund_ps_netprofit_margin),ZScore($m1_first15_low)))"
cn_integrated_feature_factor_candidate_pack_v2_coverage_aware_20260603_phase3am_sanitized_v1_20260609.json,cn_integrated_v2_quality_x_minute_pressure_00080,quality_x_minute_pressure,adaptable_after_recompute_on_trade_time,2,ctx_fund_ps_netprofit_margin|m1_first15_range,nonminute_pit_context|opening_window_feature,lagged_context_sidecar_allowed|recompute_on_trade_time_backbone_required,"CSRank(Mul(ZScore($ctx_fund_ps_netprofit_margin),ZScore($m1_first15_range)))"
cn_integrated_feature_factor_candidate_pack_v2_coverage_aware_20260603_phase3am_sanitized_v1_20260609.json,cn_integrated_v2_quality_x_minute_pressure_00081,quality_x_minute_pressure,adaptable_after_recompute_on_trade_time,2,ctx_fund_ps_netprofit_margin|m1_first15_vol,nonminute_pit_context|opening_window_feature,lagged_context_sidecar_allowed|recompute_on_trade_time_backbone_required,"CSRank(Mul(ZScore($ctx_fund_ps_netprofit_margin),ZScore($m1_first15_vol)))"
cn_integrated_feature_factor_candidate_pack_v2_coverage_aware_20260603_phase3am_sanitized_v1_20260609.json,cn_integrated_v2_quality_x_minute_pressure_00082,quality_x_minute_pressure,adaptable_after_recompute_on_trade_time,2,ctx_fund_ps_netprofit_margin|m1_first15_vwap,nonminute_pit_context|opening_window_feature,lagged_context_sidecar_allowed|recompute_on_trade_time_backbone_required,"CSRank(Mul(ZScore($ctx_fund_ps_netprofit_margin),ZScore($m1_first15_vwap)))"
cn_integrated_feature_factor_candidate_pack_v2_coverage_aware_20260603_phase3am_sanitized_v1_20260609.json,cn_integrated_v2_quality_x_minute_pressure_00083,quality_x_minute_pressure,adaptable_after_recompute_on_trade_time,2,ctx_fund_ps_netprofit_margin|m1_first15_vwap_return_vs_open,nonminute_pit_context|opening_window_feature,lagged_context_sidecar_allowed|recompute_on_trade_time_backbone_required,"CSRank(Mul(ZScore($ctx_fund_ps_netprofit_margin),ZScore($m1_first15_vwap_return_vs_open)))"
cn_integrated_feature_factor_candidate_pack_v2_coverage_aware_20260603_phase3am_sanitized_v1_20260609.json,cn_integrated_v2_quality_x_minute_pressure_00084,quality_x_minute_pressure,adaptable_after_recompute_on_trade_time,2,ctx_fund_ps_netprofit_margin|m1_first30_amount,nonminute_pit_context|opening_window_feature,lagged_context_sidecar_allowed|recompute_on_trade_time_backbone_required,"CSRank(Mul(ZScore($ctx_fund_ps_netprofit_margin),ZScore($m1_first30_amount)))"
cn_integrated_feature_factor_candidate_pack_v2_coverage_aware_20260603_phase3am_sanitized_v1_20260609.json,cn_integrated_v2_quality_x_minute_pressure_00085,quality_x_minute_pressure,adaptable_after_recompute_on_trade_time,2,ctx_fund_ps_netprofit_margin|m1_first30_high,nonminute_pit_context|opening_window_feature,lagged_context_sidecar_allowed|recompute_on_trade_time_backbone_required,"CSRank(Mul(ZScore($ctx_fund_ps_netprofit_margin),ZScore($m1_first30_high)))"
cn_integrated_feature_factor_candidate_pack_v2_coverage_aware_20260603_phase3am_sanitized_v1_20260609.json,cn_integrated_v2_quality_x_minute_pressure_00086,quality_x_minute_pressure,adaptable_after_recompute_on_trade_time,2,ctx_fund_ps_netprofit_margin|m1_first30_last_return_vs_open,nonminute_pit_context|opening_window_feature,lagged_context_sidecar_allowed|recompute_on_trade_time_backbone_required,"CSRank(Mul(ZScore($ctx_fund_ps_netprofit_margin),ZScore($m1_first30_last_return_vs_open)))"
cn_integrated_feature_factor_candidate_pack_v2_coverage_aware_20260603_phase3am_sanitized_v1_20260609.json,cn_integrated_v2_quality_x_minute_pressure_00087,quality_x_minute_pressure,adaptable_after_recompute_on_trade_time,2,ctx_fund_ps_netprofit_margin|m1_first30_low,nonminute_pit_context|opening_window_feature,lagged_context_sidecar_allowed|recompute_on_trade_time_backbone_required,"CSRank(Mul(ZScore($ctx_fund_ps_netprofit_margin),ZScore($m1_first30_low)))"
cn_integrated_feature_factor_candidate_pack_v2_coverage_aware_20260603_phase3am_sanitized_v1_20260609.json,cn_integrated_v2_quality_x_minute_pressure_00088,quality_x_minute_pressure,adaptable_after_recompute_on_trade_time,2,ctx_fund_ps_netprofit_margin|m1_first30_range,nonminute_pit_context|opening_window_feature,lagged_context_sidecar_allowed|recompute_on_trade_time_backbone_required,"CSRank(Mul(ZScore($ctx_fund_ps_netprofit_margin),ZScore($m1_first30_range)))"
cn_integrated_feature_factor_candidate_pack_v2_coverage_aware_20260603_phase3am_sanitized_v1_20260609.json,cn_integrated_v2_quality_x_minute_pressure_00089,quality_x_minute_pressure,adaptable_after_recompute_on_trade_time,2,ctx_fund_ps_netprofit_margin|m1_first30_vol,nonminute_pit_context|opening_window_feature,lagged_context_sidecar_allowed|recompute_on_trade_time_backbone_required,"CSRank(Mul(ZScore($ctx_fund_ps_netprofit_margin),ZScore($m1_first30_vol)))"
cn_integrated_feature_factor_candidate_pack_v2_coverage_aware_20260603_phase3am_sanitized_v1_20260609.json,cn_integrated_v2_quality_x_minute_pressure_00090,quality_x_minute_pressure,adaptable_after_recompute_on_trade_time,2,ctx_fund_ps_netprofit_margin|m1_first30_vwap,nonminute_pit_context|opening_window_feature,lagged_context_sidecar_allowed|recompute_on_trade_time_backbone_required,"CSRank(Mul(ZScore($ctx_fund_ps_netprofit_margin),ZScore($m1_first30_vwap)))"
cn_integrated_feature_factor_candidate_pack_v2_coverage_aware_20260603_phase3am_sanitized_v1_20260609.json,cn_integrated_v2_quality_x_minute_pressure_00091,quality_x_minute_pressure,adaptable_after_recompute_on_trade_time,2,ctx_fund_ps_netprofit_margin|m1_first30_vwap_return_vs_open,nonminute_pit_context|opening_window_feature,lagged_context_sidecar_allowed|recompute_on_trade_time_backbone_required,"CSRank(Mul(ZScore($ctx_fund_ps_netprofit_margin),ZScore($m1_first30_vwap_return_vs_open)))"
cn_integrated_feature_factor_candidate_pack_v2_coverage_aware_20260603_phase3am_sanitized_v1_20260609.json,cn_integrated_v2_quality_x_minute_pressure_00092,quality_x_minute_pressure,adaptable_after_recompute_on_trade_time,2,ctx_fund_ps_netprofit_margin|m1_first5_amount,nonminute_pit_context|opening_window_feature,lagged_context_sidecar_allowed|recompute_on_trade_time_backbone_required,"CSRank(Mul(ZScore($ctx_fund_ps_netprofit_margin),ZScore($m1_first5_amount)))"
cn_integrated_feature_factor_candidate_pack_v2_coverage_aware_20260603_phase3am_sanitized_v1_20260609.json,cn_integrated_v2_quality_x_rzrq_flow_00093,quality_x_rzrq_flow,adaptable_with_lagged_context_sidecar,2,ctx_fund_ps_netprofit_margin|ctx_rzrq_rqjmg,nonminute_pit_context,blocked_or_context_only|lagged_context_sidecar_allowed,"CSRank(Mul(ZScore($ctx_fund_ps_netprofit_margin),ZScore($ctx_rzrq_rqjmg)))"
cn_integrated_feature_factor_candidate_pack_v2_coverage_aware_20260603_phase3am_sanitized_v1_20260609.json,cn_integrated_v2_quality_x_rzrq_flow_00094,quality_x_rzrq_flow,adaptable_with_lagged_context_sidecar,2,ctx_fund_ps_netprofit_margin|ctx_rzrq_rqjmg10d,nonminute_pit_context,blocked_or_context_only|lagged_context_sidecar_allowed,"CSRank(Mul(ZScore($ctx_fund_ps_netprofit_margin),ZScore($ctx_rzrq_rqjmg10d)))"
cn_integrated_feature_factor_candidate_pack_v2_coverage_aware_20260603_phase3am_sanitized_v1_20260609.json,cn_integrated_v2_quality_x_rzrq_flow_00095,quality_x_rzrq_flow,adaptable_with_lagged_context_sidecar,2,ctx_fund_ps_netprofit_margin|ctx_rzrq_rqjmg3d,nonminute_pit_context,blocked_or_context_only|lagged_context_sidecar_allowed,"CSRank(Mul(ZScore($ctx_fund_ps_netprofit_margin),ZScore($ctx_rzrq_rqjmg3d)))"
cn_integrated_feature_factor_candidate_pack_v2_coverage_aware_20260603_phase3am_sanitized_v1_20260609.json,cn_integrated_v2_quality_x_rzrq_flow_00096,quality_x_rzrq_flow,adaptable_with_lagged_context_sidecar,2,ctx_fund_ps_netprofit_margin|ctx_rzrq_rqjmg5d,nonminute_pit_context,blocked_or_context_only|lagged_context_sidecar_allowed,"CSRank(Mul(ZScore($ctx_fund_ps_netprofit_margin),ZScore($ctx_rzrq_rqjmg5d)))"
cn_integrated_feature_factor_candidate_pack_v2_coverage_aware_20260603_phase3am_sanitized_v1_20260609.json,cn_integrated_v2_quality_x_rzrq_flow_00097,quality_x_rzrq_flow,adaptable_with_lagged_context_sidecar,2,ctx_fund_ps_netprofit_margin|ctx_rzrq_rqmcl,nonminute_pit_context,blocked_or_context_only|lagged_context_sidecar_allowed,"CSRank(Mul(ZScore($ctx_fund_ps_netprofit_margin),ZScore($ctx_rzrq_rqmcl)))"
cn_integrated_feature_factor_candidate_pack_v2_coverage_aware_20260603_phase3am_sanitized_v1_20260609.json,cn_integrated_v2_quality_x_rzrq_flow_00098,quality_x_rzrq_flow,adaptable_with_lagged_context_sidecar,2,ctx_fund_ps_netprofit_margin|ctx_rzrq_rqmcl10d,nonminute_pit_context,blocked_or_context_only|lagged_context_sidecar_allowed,"CSRank(Mul(ZScore($ctx_fund_ps_netprofit_margin),ZScore($ctx_rzrq_rqmcl10d)))"
cn_integrated_feature_factor_candidate_pack_v2_coverage_aware_20260603_phase3am_sanitized_v1_20260609.json,cn_integrated_v2_quality_x_rzrq_flow_00099,quality_x_rzrq_flow,adaptable_with_lagged_context_sidecar,2,ctx_fund_ps_netprofit_margin|ctx_rzrq_rqmcl3d,nonminute_pit_context,blocked_or_context_only|lagged_context_sidecar_allowed,"CSRank(Mul(ZScore($ctx_fund_ps_netprofit_margin),ZScore($ctx_rzrq_rqmcl3d)))"
cn_integrated_feature_factor_candidate_pack_v2_coverage_aware_20260603_phase3am_sanitized_v1_20260609.json,cn_integrated_v2_quality_x_rzrq_flow_00100,quality_x_rzrq_flow,adaptable_with_lagged_context_sidecar,2,ctx_fund_ps_netprofit_margin|ctx_rzrq_rqmcl5d,nonminute_pit_context,blocked_or_context_only|lagged_context_sidecar_allowed,"CSRank(Mul(ZScore($ctx_fund_ps_netprofit_margin),ZScore($ctx_rzrq_rqmcl5d)))"
cn_integrated_feature_factor_candidate_pack_v2_coverage_aware_20260603_phase3am_sanitized_v1_20260609.json,cn_integrated_v2_quality_x_rzrq_flow_00101,quality_x_rzrq_flow,adaptable_with_lagged_context_sidecar,2,ctx_fund_ps_netprofit_margin|ctx_rzrq_rqye,nonminute_pit_context,blocked_or_context_only|lagged_context_sidecar_allowed,"CSRank(Mul(ZScore($ctx_fund_ps_netprofit_margin),ZScore($ctx_rzrq_rqye)))"
cn_integrated_feature_factor_candidate_pack_v2_coverage_aware_20260603_phase3am_sanitized_v1_20260609.json,cn_integrated_v2_quality_x_rzrq_flow_00102,quality_x_rzrq_flow,adaptable_with_lagged_context_sidecar,2,ctx_fund_ps_netprofit_margin|ctx_rzrq_rzche,nonminute_pit_context,blocked_or_context_only|lagged_context_sidecar_allowed,"CSRank(Mul(ZScore($ctx_fund_ps_netprofit_margin),ZScore($ctx_rzrq_rzche)))"
cn_integrated_feature_factor_candidate_pack_v2_coverage_aware_20260603_phase3am_sanitized_v1_20260609.json,cn_integrated_v2_quality_x_rzrq_flow_00103,quality_x_rzrq_flow,adaptable_with_lagged_context_sidecar,2,ctx_fund_ps_netprofit_margin|ctx_rzrq_rzche10d,nonminute_pit_context,blocked_or_context_only|lagged_context_sidecar_allowed,"CSRank(Mul(ZScore($ctx_fund_ps_netprofit_margin),ZScore($ctx_rzrq_rzche10d)))"
cn_integrated_feature_factor_candidate_pack_v2_coverage_aware_20260603_phase3am_sanitized_v1_20260609.json,cn_integrated_v2_quality_x_rzrq_flow_00104,quality_x_rzrq_flow,adaptable_with_lagged_context_sidecar,2,ctx_fund_ps_netprofit_margin|ctx_rzrq_rzche3d,nonminute_pit_context,blocked_or_context_only|lagged_context_sidecar_allowed,"CSRank(Mul(ZScore($ctx_fund_ps_netprofit_margin),ZScore($ctx_rzrq_rzche3d)))"
cn_integrated_feature_factor_candidate_pack_v2_coverage_aware_20260603_phase3am_sanitized_v1_20260609.json,cn_integrated_v2_quality_x_rzrq_flow_00105,quality_x_rzrq_flow,adaptable_with_lagged_context_sidecar,2,ctx_fund_ps_netprofit_margin|ctx_rzrq_rzche5d,nonminute_pit_context,blocked_or_context_only|lagged_context_sidecar_allowed,"CSRank(Mul(ZScore($ctx_fund_ps_netprofit_margin),ZScore($ctx_rzrq_rzche5d)))"
cn_integrated_feature_factor_candidate_pack_v2_coverage_aware_20260603_phase3am_sanitized_v1_20260609.json,cn_integrated_v2_quality_x_rzrq_flow_00106,quality_x_rzrq_flow,adaptable_with_lagged_context_sidecar,2,ctx_fund_ps_netprofit_margin|ctx_rzrq_rzjme,nonminute_pit_context,blocked_or_context_only|lagged_context_sidecar_allowed,"CSRank(Mul(ZScore($ctx_fund_ps_netprofit_margin),ZScore($ctx_rzrq_rzjme)))"
cn_integrated_feature_factor_candidate_pack_v2_coverage_aware_20260603_phase3am_sanitized_v1_20260609.json,cn_integrated_v2_quality_x_rzrq_flow_00107,quality_x_rzrq_flow,adaptable_with_lagged_context_sidecar,2,ctx_fund_ps_netprofit_margin|ctx_rzrq_rzjme10d,nonminute_pit_context,blocked_or_context_only|lagged_context_sidecar_allowed,"CSRank(Mul(ZScore($ctx_fund_ps_netprofit_margin),ZScore($ctx_rzrq_rzjme10d)))"
cn_integrated_feature_factor_candidate_pack_v2_coverage_aware_20260603_phase3am_sanitized_v1_20260609.json,cn_integrated_v2_quality_x_rzrq_flow_00108,quality_x_rzrq_flow,adaptable_with_lagged_context_sidecar,2,ctx_fund_ps_netprofit_margin|ctx_rzrq_rzjme3d,nonminute_pit_context,blocked_or_context_only|lagged_context_sidecar_allowed,"CSRank(Mul(ZScore($ctx_fund_ps_netprofit_margin),ZScore($ctx_rzrq_rzjme3d)))"
cn_integrated_feature_factor_candidate_pack_v2_coverage_aware_20260603_phase3am_sanitized_v1_20260609.json,cn_integrated_v2_quality_x_rzrq_flow_00109,quality_x_rzrq_flow,adaptable_with_lagged_context_sidecar,2,ctx_fund_ps_netprofit_margin|ctx_rzrq_rzjme5d,nonminute_pit_context,blocked_or_context_only|lagged_context_sidecar_allowed,"CSRank(Mul(ZScore($ctx_fund_ps_netprofit_margin),ZScore($ctx_rzrq_rzjme5d)))"
cn_integrated_feature_factor_candidate_pack_v2_coverage_aware_20260603_phase3am_sanitized_v1_20260609.json,cn_integrated_v2_quality_x_rzrq_flow_00110,quality_x_rzrq_flow,adaptable_with_lagged_context_sidecar,2,ctx_fund_ps_netprofit_margin|ctx_rzrq_rzmre,nonminute_pit_context,blocked_or_context_only|lagged_context_sidecar_allowed,"CSRank(Mul(ZScore($ctx_fund_ps_netprofit_margin),ZScore($ctx_rzrq_rzmre)))"
cn_integrated_feature_factor_candidate_pack_v2_coverage_aware_20260603_phase3am_sanitized_v1_20260609.json,cn_integrated_v2_quality_x_market_breadth_00111,quality_x_market_breadth,adaptable_with_lagged_context_sidecar,2,ctx_fund_ps_netprofit_margin|ctx_mkt_updown_dt,nonminute_pit_context,blocked_or_context_only|lagged_context_sidecar_allowed,"CSRank(Mul(ZScore($ctx_fund_ps_netprofit_margin),ZScore($ctx_mkt_updown_dt)))"
cn_integrated_feature_factor_candidate_pack_v2_coverage_aware_20260603_phase3am_sanitized_v1_20260609.json,cn_integrated_v2_quality_x_market_breadth_00112,quality_x_market_breadth,adaptable_with_lagged_context_sidecar,2,ctx_fund_ps_netprofit_margin|ctx_mkt_updown_q_zrcs,nonminute_pit_context,blocked_or_context_only|lagged_context_sidecar_allowed,"CSRank(Mul(ZScore($ctx_fund_ps_netprofit_margin),ZScore($ctx_mkt_updown_q_zrcs)))"
cn_integrated_feature_factor_candidate_pack_v2_coverage_aware_20260603_phase3am_sanitized_v1_20260609.json,cn_integrated_v2_quality_x_market_breadth_00113,quality_x_market_breadth,adaptable_with_lagged_context_sidecar,2,ctx_fund_ps_netprofit_margin|ctx_mkt_updown_q_zrtj,nonminute_pit_context,blocked_or_context_only|lagged_context_sidecar_allowed,"CSRank(Mul(ZScore($ctx_fund_ps_netprofit_margin),ZScore($ctx_mkt_updown_q_zrtj)))"
cn_integrated_feature_factor_candidate_pack_v2_coverage_aware_20260603_phase3am_sanitized_v1_20260609.json,cn_integrated_v2_quality_x_market_breadth_00114,quality_x_market_breadth,adaptable_with_lagged_context_sidecar,2,ctx_fund_ps_netprofit_margin|ctx_mkt_updown_s_zrcs,nonminute_pit_context,blocked_or_context_only|lagged_context_sidecar_allowed,"CSRank(Mul(ZScore($ctx_fund_ps_netprofit_margin),ZScore($ctx_mkt_updown_s_zrcs)))"
cn_integrated_feature_factor_candidate_pack_v2_coverage_aware_20260603_phase3am_sanitized_v1_20260609.json,cn_integrated_v2_quality_x_market_breadth_00115,quality_x_market_breadth,adaptable_with_lagged_context_sidecar,2,ctx_fund_ps_netprofit_margin|ctx_mkt_updown_s_zrtj,nonminute_pit_context,blocked_or_context_only|lagged_context_sidecar_allowed,"CSRank(Mul(ZScore($ctx_fund_ps_netprofit_margin),ZScore($ctx_mkt_updown_s_zrtj)))"
cn_integrated_feature_factor_candidate_pack_v2_coverage_aware_20260603_phase3am_sanitized_v1_20260609.json,cn_integrated_v2_quality_x_market_breadth_00116,quality_x_market_breadth,adaptable_with_lagged_context_sidecar,2,ctx_fund_ps_netprofit_margin|ctx_mkt_updown_sjdt,nonminute_pit_context,blocked_or_context_only|lagged_context_sidecar_allowed,"CSRank(Mul(ZScore($ctx_fund_ps_netprofit_margin),ZScore($ctx_mkt_updown_sjdt)))"
cn_integrated_feature_factor_candidate_pack_v2_coverage_aware_20260603_phase3am_sanitized_v1_20260609.json,cn_integrated_v2_quality_x_market_breadth_00117,quality_x_market_breadth,adaptable_with_lagged_context_sidecar,2,ctx_fund_ps_netprofit_margin|ctx_mkt_updown_sjzt,nonminute_pit_context,blocked_or_context_only|lagged_context_sidecar_allowed,"CSRank(Mul(ZScore($ctx_fund_ps_netprofit_margin),ZScore($ctx_mkt_updown_sjzt)))"
cn_integrated_feature_factor_candidate_pack_v2_coverage_aware_20260603_phase3am_sanitized_v1_20260609.json,cn_integrated_v2_quality_x_market_breadth_00118,quality_x_market_breadth,adaptable_with_lagged_context_sidecar,2,ctx_fund_ps_netprofit_margin|ctx_mkt_updown_stdt,nonminute_pit_context,blocked_or_context_only|lagged_context_sidecar_allowed,"CSRank(Mul(ZScore($ctx_fund_ps_netprofit_margin),ZScore($ctx_mkt_updown_stdt)))"
cn_integrated_feature_factor_candidate_pack_v2_coverage_aware_20260603_phase3am_sanitized_v1_20260609.json,cn_integrated_v2_quality_x_market_breadth_00119,quality_x_market_breadth,adaptable_with_lagged_context_sidecar,2,ctx_fund_ps_netprofit_margin|ctx_mkt_updown_stzt,nonminute_pit_context,blocked_or_context_only|lagged_context_sidecar_allowed,"CSRank(Mul(ZScore($ctx_fund_ps_netprofit_margin),ZScore($ctx_mkt_updown_stzt)))"
cn_integrated_feature_factor_candidate_pack_v2_coverage_aware_20260603_phase3am_sanitized_v1_20260609.json,cn_integrated_v2_quality_x_market_breadth_00120,quality_x_market_breadth,adaptable_with_lagged_context_sidecar,2,ctx_fund_ps_netprofit_margin|ctx_mkt_updown_szjs,nonminute_pit_context,blocked_or_context_only|lagged_context_sidecar_allowed,"CSRank(Mul(ZScore($ctx_fund_ps_netprofit_margin),ZScore($ctx_mkt_updown_szjs)))"
cn_integrated_feature_factor_candidate_pack_v2_coverage_aware_20260603_phase3am_sanitized_v1_20260609.json,cn_integrated_v2_quality_x_market_breadth_00121,quality_x_market_breadth,adaptable_with_lagged_context_sidecar,2,ctx_fund_ps_netprofit_margin|ctx_mkt_updown_xdjs,nonminute_pit_context,blocked_or_context_only|lagged_context_sidecar_allowed,"CSRank(Mul(ZScore($ctx_fund_ps_netprofit_margin),ZScore($ctx_mkt_updown_xdjs)))"
cn_integrated_feature_factor_candidate_pack_v2_coverage_aware_20260603_phase3am_sanitized_v1_20260609.json,cn_integrated_v2_quality_x_market_breadth_00122,quality_x_market_breadth,adaptable_with_lagged_context_sidecar,2,ctx_fund_ps_netprofit_margin|ctx_mkt_updown_zt,nonminute_pit_context,blocked_or_context_only|lagged_context_sidecar_allowed,"CSRank(Mul(ZScore($ctx_fund_ps_netprofit_margin),ZScore($ctx_mkt_updown_zt)))"
cn_integrated_feature_factor_candidate_pack_v2_coverage_aware_20260603_phase3am_sanitized_v1_20260609.json,cn_integrated_v2_quality_direct_control_00184,quality_direct_control,adaptable_with_lagged_context_sidecar,1,ctx_fund_ps_research_to_income,nonminute_pit_context,lagged_context_sidecar_allowed,CSRank($ctx_fund_ps_research_to_income)
cn_integrated_feature_factor_candidate_pack_v2_coverage_aware_20260603_phase3am_sanitized_v1_20260609.json,cn_integrated_v2_quality_size_residual_00185,quality_size_residual,needs_route_mapping_or_rederivation,2,ctx_fund_ps_research_to_income|final_float_market_cap,current_daily_or_derived_panel_only|nonminute_pit_context,lagged_context_sidecar_allowed|requires_route_mapping_or_rederivation,"CSRank(Sub(ZScore($ctx_fund_ps_research_to_income),ZScore($final_float_market_cap)))"
cn_integrated_feature_factor_candidate_pack_v2_coverage_aware_20260603_phase3am_sanitized_v1_20260609.json,cn_integrated_v2_quality_size_residual_00186,quality_size_residual,needs_route_mapping_or_rederivation,2,ctx_fund_ps_research_to_income|final_total_market_cap,current_daily_or_derived_panel_only|nonminute_pit_context,lagged_context_sidecar_allowed|requires_route_mapping_or_rederivation,"CSRank(Sub(ZScore($ctx_fund_ps_research_to_income),ZScore($final_total_market_cap)))"
cn_integrated_feature_factor_candidate_pack_v2_coverage_aware_20260603_phase3am_sanitized_v1_20260609.json,cn_integrated_v2_quality_size_residual_00187,quality_size_residual,adaptable_with_lagged_context_sidecar,2,amount|ctx_fund_ps_research_to_income,nonminute_pit_context|raw_true_1min_column,direct_with_trade_time_semantics|lagged_context_sidecar_allowed,"CSRank(Sub(ZScore($ctx_fund_ps_research_to_income),ZScore($amount)))"
cn_integrated_feature_factor_candidate_pack_v2_coverage_aware_20260603_phase3am_sanitized_v1_20260609.json,cn_integrated_v2_quality_minus_balance_risk_00188,quality_minus_balance_risk,adaptable_with_lagged_context_sidecar,2,ctx_fund_bs_debt_to_assets|ctx_fund_ps_research_to_income,nonminute_pit_context,lagged_context_sidecar_allowed,"CSRank(Sub(ZScore($ctx_fund_ps_research_to_income),ZScore($ctx_fund_bs_debt_to_assets)))"
cn_integrated_feature_factor_candidate_pack_v2_coverage_aware_20260603_phase3am_sanitized_v1_20260609.json,cn_integrated_v2_quality_minus_balance_risk_00189,quality_minus_balance_risk,adaptable_with_lagged_context_sidecar,2,ctx_fund_bs_goodwill_to_assets|ctx_fund_ps_research_to_income,nonminute_pit_context,lagged_context_sidecar_allowed,"CSRank(Sub(ZScore($ctx_fund_ps_research_to_income),ZScore($ctx_fund_bs_goodwill_to_assets)))"
cn_integrated_feature_factor_candidate_pack_v2_coverage_aware_20260603_phase3am_sanitized_v1_20260609.json,cn_integrated_v2_quality_minus_balance_risk_00190,quality_minus_balance_risk,adaptable_with_lagged_context_sidecar,2,ctx_fund_bs_inventory_to_assets|ctx_fund_ps_research_to_income,nonminute_pit_context,lagged_context_sidecar_allowed,"CSRank(Sub(ZScore($ctx_fund_ps_research_to_income),ZScore($ctx_fund_bs_inventory_to_assets)))"
cn_integrated_feature_factor_candidate_pack_v2_coverage_aware_20260603_phase3am_sanitized_v1_20260609.json,cn_integrated_v2_quality_holder_residual_00191,quality_holder_residual,adaptable_with_lagged_context_sidecar,2,ctx_fund_ps_research_to_income|ctx_holder_avg_market_cap,nonminute_pit_context,lagged_context_sidecar_allowed,"CSRank(Sub(ZScore($ctx_fund_ps_research_to_income),ZScore($ctx_holder_avg_market_cap)))"
cn_integrated_feature_factor_candidate_pack_v2_coverage_aware_20260603_phase3am_sanitized_v1_20260609.json,cn_integrated_v2_quality_holder_residual_00192,quality_holder_residual,adaptable_with_lagged_context_sidecar,2,ctx_fund_ps_research_to_income|ctx_holder_holder_num,nonminute_pit_context,lagged_context_sidecar_allowed,"CSRank(Sub(ZScore($ctx_fund_ps_research_to_income),ZScore($ctx_holder_holder_num)))"
cn_integrated_feature_factor_candidate_pack_v2_coverage_aware_20260603_phase3am_sanitized_v1_20260609.json,cn_integrated_v2_quality_holder_residual_00193,quality_holder_residual,adaptable_with_lagged_context_sidecar,2,ctx_fund_ps_research_to_income|ctx_holder_holder_num_change,nonminute_pit_context,lagged_context_sidecar_allowed,"CSRank(Sub(ZScore($ctx_fund_ps_research_to_income),ZScore($ctx_holder_holder_num_change)))"
cn_integrated_feature_factor_candidate_pack_v2_coverage_aware_20260603_phase3am_sanitized_v1_20260609.json,cn_integrated_v2_quality_holder_residual_00194,quality_holder_residual,adaptable_with_lagged_context_sidecar,2,ctx_fund_ps_research_to_income|ctx_holder_holder_num_ratio,nonminute_pit_context,lagged_context_sidecar_allowed,"CSRank(Sub(ZScore($ctx_fund_ps_research_to_income),ZScore($ctx_holder_holder_num_ratio)))"
cn_integrated_feature_factor_candidate_pack_v2_coverage_aware_20260603_phase3am_sanitized_v1_20260609.json,cn_integrated_v2_quality_holder_residual_00195,quality_holder_residual,adaptable_with_lagged_context_sidecar,2,ctx_fund_ps_research_to_income|ctx_holder_interval_chrate,nonminute_pit_context,lagged_context_sidecar_allowed,"CSRank(Sub(ZScore($ctx_fund_ps_research_to_income),ZScore($ctx_holder_interval_chrate)))"
cn_integrated_feature_factor_candidate_pack_v2_coverage_aware_20260603_phase3am_sanitized_v1_20260609.json,cn_integrated_v2_quality_holder_residual_00196,quality_holder_residual,adaptable_with_lagged_context_sidecar,2,ctx_fund_ps_research_to_income|ctx_holder_pre_holder_num,nonminute_pit_context,lagged_context_sidecar_allowed,"CSRank(Sub(ZScore($ctx_fund_ps_research_to_income),ZScore($ctx_holder_pre_holder_num)))"
cn_integrated_feature_factor_candidate_pack_v2_coverage_aware_20260603_phase3am_sanitized_v1_20260609.json,cn_integrated_v2_quality_x_minute_pressure_00197,quality_x_minute_pressure,blocked_for_true_1min_search,2,ctx_fund_ps_research_to_income|m1_amount_day,minute_derived_after_close_or_label|nonminute_pit_context,forbidden|lagged_context_sidecar_allowed,"CSRank(Mul(ZScore($ctx_fund_ps_research_to_income),ZScore($m1_amount_day)))"
cn_integrated_feature_factor_candidate_pack_v2_coverage_aware_20260603_phase3am_sanitized_v1_20260609.json,cn_integrated_v2_quality_x_minute_pressure_00198,quality_x_minute_pressure,adaptable_after_recompute_on_trade_time,2,ctx_fund_ps_research_to_income|m1_first15_amount,nonminute_pit_context|opening_window_feature,lagged_context_sidecar_allowed|recompute_on_trade_time_backbone_required,"CSRank(Mul(ZScore($ctx_fund_ps_research_to_income),ZScore($m1_first15_amount)))"
cn_integrated_feature_factor_candidate_pack_v2_coverage_aware_20260603_phase3am_sanitized_v1_20260609.json,cn_integrated_v2_quality_x_minute_pressure_00199,quality_x_minute_pressure,adaptable_after_recompute_on_trade_time,2,ctx_fund_ps_research_to_income|m1_first15_high,nonminute_pit_context|opening_window_feature,lagged_context_sidecar_allowed|recompute_on_trade_time_backbone_required,"CSRank(Mul(ZScore($ctx_fund_ps_research_to_income),ZScore($m1_first15_high)))"
cn_integrated_feature_factor_candidate_pack_v2_coverage_aware_20260603_phase3am_sanitized_v1_20260609.json,cn_integrated_v2_quality_x_minute_pressure_00200,quality_x_minute_pressure,adaptable_after_recompute_on_trade_time,2,ctx_fund_ps_research_to_income|m1_first15_last_return_vs_open,nonminute_pit_context|opening_window_feature,lagged_context_sidecar_allowed|recompute_on_trade_time_backbone_required,"CSRank(Mul(ZScore($ctx_fund_ps_research_to_income),ZScore($m1_first15_last_return_vs_open)))"
cn_integrated_feature_factor_candidate_pack_v2_coverage_aware_20260603_phase3am_sanitized_v1_20260609.json,cn_integrated_v2_quality_x_minute_pressure_00201,quality_x_minute_pressure,adaptable_after_recompute_on_trade_time,2,ctx_fund_ps_research_to_income|m1_first15_low,nonminute_pit_context|opening_window_feature,lagged_context_sidecar_allowed|recompute_on_trade_time_backbone_required,"CSRank(Mul(ZScore($ctx_fund_ps_research_to_income),ZScore($m1_first15_low)))"
cn_integrated_feature_factor_candidate_pack_v2_coverage_aware_20260603_phase3am_sanitized_v1_20260609.json,cn_integrated_v2_quality_x_minute_pressure_00202,quality_x_minute_pressure,adaptable_after_recompute_on_trade_time,2,ctx_fund_ps_research_to_income|m1_first15_range,nonminute_pit_context|opening_window_feature,lagged_context_sidecar_allowed|recompute_on_trade_time_backbone_required,"CSRank(Mul(ZScore($ctx_fund_ps_research_to_income),ZScore($m1_first15_range)))"
cn_integrated_feature_factor_candidate_pack_v2_coverage_aware_20260603_phase3am_sanitized_v1_20260609.json,cn_integrated_v2_quality_x_minute_pressure_00203,quality_x_minute_pressure,adaptable_after_recompute_on_trade_time,2,ctx_fund_ps_research_to_income|m1_first15_vol,nonminute_pit_context|opening_window_feature,lagged_context_sidecar_allowed|recompute_on_trade_time_backbone_required,"CSRank(Mul(ZScore($ctx_fund_ps_research_to_income),ZScore($m1_first15_vol)))"
cn_integrated_feature_factor_candidate_pack_v2_coverage_aware_20260603_phase3am_sanitized_v1_20260609.json,cn_integrated_v2_quality_x_minute_pressure_00204,quality_x_minute_pressure,adaptable_after_recompute_on_trade_time,2,ctx_fund_ps_research_to_income|m1_first15_vwap,nonminute_pit_context|opening_window_feature,lagged_context_sidecar_allowed|recompute_on_trade_time_backbone_required,"CSRank(Mul(ZScore($ctx_fund_ps_research_to_income),ZScore($m1_first15_vwap)))"
cn_integrated_feature_factor_candidate_pack_v2_coverage_aware_20260603_phase3am_sanitized_v1_20260609.json,cn_integrated_v2_quality_x_minute_pressure_00205,quality_x_minute_pressure,adaptable_after_recompute_on_trade_time,2,ctx_fund_ps_research_to_income|m1_first15_vwap_return_vs_open,nonminute_pit_context|opening_window_feature,lagged_context_sidecar_allowed|recompute_on_trade_time_backbone_required,"CSRank(Mul(ZScore($ctx_fund_ps_research_to_income),ZScore($m1_first15_vwap_return_vs_open)))"
cn_integrated_feature_factor_candidate_pack_v2_coverage_aware_20260603_phase3am_sanitized_v1_20260609.json,cn_integrated_v2_quality_x_minute_pressure_00206,quality_x_minute_pressure,adaptable_after_recompute_on_trade_time,2,ctx_fund_ps_research_to_income|m1_first30_amount,nonminute_pit_context|opening_window_feature,lagged_context_sidecar_allowed|recompute_on_trade_time_backbone_required,"CSRank(Mul(ZScore($ctx_fund_ps_research_to_income),ZScore($m1_first30_amount)))"
cn_integrated_feature_factor_candidate_pack_v2_coverage_aware_20260603_phase3am_sanitized_v1_20260609.json,cn_integrated_v2_quality_x_minute_pressure_00207,quality_x_minute_pressure,adaptable_after_recompute_on_trade_time,2,ctx_fund_ps_research_to_income|m1_first30_high,nonminute_pit_context|opening_window_feature,lagged_context_sidecar_allowed|recompute_on_trade_time_backbone_required,"CSRank(Mul(ZScore($ctx_fund_ps_research_to_income),ZScore($m1_first30_high)))"
cn_integrated_feature_factor_candidate_pack_v2_coverage_aware_20260603_phase3am_sanitized_v1_20260609.json,cn_integrated_v2_quality_x_minute_pressure_00208,quality_x_minute_pressure,adaptable_after_recompute_on_trade_time,2,ctx_fund_ps_research_to_income|m1_first30_last_return_vs_open,nonminute_pit_context|opening_window_feature,lagged_context_sidecar_allowed|recompute_on_trade_time_backbone_required,"CSRank(Mul(ZScore($ctx_fund_ps_research_to_income),ZScore($m1_first30_last_return_vs_open)))"
cn_integrated_feature_factor_candidate_pack_v2_coverage_aware_20260603_phase3am_sanitized_v1_20260609.json,cn_integrated_v2_quality_x_minute_pressure_00209,quality_x_minute_pressure,adaptable_after_recompute_on_trade_time,2,ctx_fund_ps_research_to_income|m1_first30_low,nonminute_pit_context|opening_window_feature,lagged_context_sidecar_allowed|recompute_on_trade_time_backbone_required,"CSRank(Mul(ZScore($ctx_fund_ps_research_to_income),ZScore($m1_first30_low)))"
cn_integrated_feature_factor_candidate_pack_v2_coverage_aware_20260603_phase3am_sanitized_v1_20260609.json,cn_integrated_v2_quality_x_minute_pressure_00210,quality_x_minute_pressure,adaptable_after_recompute_on_trade_time,2,ctx_fund_ps_research_to_income|m1_first30_range,nonminute_pit_context|opening_window_feature,lagged_context_sidecar_allowed|recompute_on_trade_time_backbone_required,"CSRank(Mul(ZScore($ctx_fund_ps_research_to_income),ZScore($m1_first30_range)))"
cn_integrated_feature_factor_candidate_pack_v2_coverage_aware_20260603_phase3am_sanitized_v1_20260609.json,cn_integrated_v2_quality_x_minute_pressure_00211,quality_x_minute_pressure,adaptable_after_recompute_on_trade_time,2,ctx_fund_ps_research_to_income|m1_first30_vol,nonminute_pit_context|opening_window_feature,lagged_context_sidecar_allowed|recompute_on_trade_time_backbone_required,"CSRank(Mul(ZScore($ctx_fund_ps_research_to_income),ZScore($m1_first30_vol)))"
cn_integrated_feature_factor_candidate_pack_v2_coverage_aware_20260603_phase3am_sanitized_v1_20260609.json,cn_integrated_v2_quality_x_minute_pressure_00212,quality_x_minute_pressure,adaptable_after_recompute_on_trade_time,2,ctx_fund_ps_research_to_income|m1_first30_vwap,nonminute_pit_context|opening_window_feature,lagged_context_sidecar_allowed|recompute_on_trade_time_backbone_required,"CSRank(Mul(ZScore($ctx_fund_ps_research_to_income),ZScore($m1_first30_vwap)))"
cn_integrated_feature_factor_candidate_pack_v2_coverage_aware_20260603_phase3am_sanitized_v1_20260609.json,cn_integrated_v2_quality_x_minute_pressure_00213,quality_x_minute_pressure,adaptable_after_recompute_on_trade_time,2,ctx_fund_ps_research_to_income|m1_first30_vwap_return_vs_open,nonminute_pit_context|opening_window_feature,lagged_context_sidecar_allowed|recompute_on_trade_time_backbone_required,"CSRank(Mul(ZScore($ctx_fund_ps_research_to_income),ZScore($m1_first30_vwap_return_vs_open)))"
cn_integrated_feature_factor_candidate_pack_v2_coverage_aware_20260603_phase3am_sanitized_v1_20260609.json,cn_integrated_v2_quality_x_minute_pressure_00214,quality_x_minute_pressure,adaptable_after_recompute_on_trade_time,2,ctx_fund_ps_research_to_income|m1_first5_amount,nonminute_pit_context|opening_window_feature,lagged_context_sidecar_allowed|recompute_on_trade_time_backbone_required,"CSRank(Mul(ZScore($ctx_fund_ps_research_to_income),ZScore($m1_first5_amount)))"
cn_integrated_feature_factor_candidate_pack_v2_coverage_aware_20260603_phase3am_sanitized_v1_20260609.json,cn_integrated_v2_quality_x_rzrq_flow_00215,quality_x_rzrq_flow,adaptable_with_lagged_context_sidecar,2,ctx_fund_ps_research_to_income|ctx_rzrq_rqjmg,nonminute_pit_context,blocked_or_context_only|lagged_context_sidecar_allowed,"CSRank(Mul(ZScore($ctx_fund_ps_research_to_income),ZScore($ctx_rzrq_rqjmg)))"
cn_integrated_feature_factor_candidate_pack_v2_coverage_aware_20260603_phase3am_sanitized_v1_20260609.json,cn_integrated_v2_quality_x_rzrq_flow_00216,quality_x_rzrq_flow,adaptable_with_lagged_context_sidecar,2,ctx_fund_ps_research_to_income|ctx_rzrq_rqjmg10d,nonminute_pit_context,blocked_or_context_only|lagged_context_sidecar_allowed,"CSRank(Mul(ZScore($ctx_fund_ps_research_to_income),ZScore($ctx_rzrq_rqjmg10d)))"
cn_integrated_feature_factor_candidate_pack_v2_coverage_aware_20260603_phase3am_sanitized_v1_20260609.json,cn_integrated_v2_quality_x_rzrq_flow_00217,quality_x_rzrq_flow,adaptable_with_lagged_context_sidecar,2,ctx_fund_ps_research_to_income|ctx_rzrq_rqjmg3d,nonminute_pit_context,blocked_or_context_only|lagged_context_sidecar_allowed,"CSRank(Mul(ZScore($ctx_fund_ps_research_to_income),ZScore($ctx_rzrq_rqjmg3d)))"
cn_integrated_feature_factor_candidate_pack_v2_coverage_aware_20260603_phase3am_sanitized_v1_20260609.json,cn_integrated_v2_quality_x_rzrq_flow_00218,quality_x_rzrq_flow,adaptable_with_lagged_context_sidecar,2,ctx_fund_ps_research_to_income|ctx_rzrq_rqjmg5d,nonminute_pit_context,blocked_or_context_only|lagged_context_sidecar_allowed,"CSRank(Mul(ZScore($ctx_fund_ps_research_to_income),ZScore($ctx_rzrq_rqjmg5d)))"
cn_integrated_feature_factor_candidate_pack_v2_coverage_aware_20260603_phase3am_sanitized_v1_20260609.json,cn_integrated_v2_quality_x_rzrq_flow_00219,quality_x_rzrq_flow,adaptable_with_lagged_context_sidecar,2,ctx_fund_ps_research_to_income|ctx_rzrq_rqmcl,nonminute_pit_context,blocked_or_context_only|lagged_context_sidecar_allowed,"CSRank(Mul(ZScore($ctx_fund_ps_research_to_income),ZScore($ctx_rzrq_rqmcl)))"
cn_integrated_feature_factor_candidate_pack_v2_coverage_aware_20260603_phase3am_sanitized_v1_20260609.json,cn_integrated_v2_quality_x_rzrq_flow_00220,quality_x_rzrq_flow,adaptable_with_lagged_context_sidecar,2,ctx_fund_ps_research_to_income|ctx_rzrq_rqmcl10d,nonminute_pit_context,blocked_or_context_only|lagged_context_sidecar_allowed,"CSRank(Mul(ZScore($ctx_fund_ps_research_to_income),ZScore($ctx_rzrq_rqmcl10d)))"
cn_integrated_feature_factor_candidate_pack_v2_coverage_aware_20260603_phase3am_sanitized_v1_20260609.json,cn_integrated_v2_quality_x_rzrq_flow_00221,quality_x_rzrq_flow,adaptable_with_lagged_context_sidecar,2,ctx_fund_ps_research_to_income|ctx_rzrq_rqmcl3d,nonminute_pit_context,blocked_or_context_only|lagged_context_sidecar_allowed,"CSRank(Mul(ZScore($ctx_fund_ps_research_to_income),ZScore($ctx_rzrq_rqmcl3d)))"
cn_integrated_feature_factor_candidate_pack_v2_coverage_aware_20260603_phase3am_sanitized_v1_20260609.json,cn_integrated_v2_quality_x_rzrq_flow_00222,quality_x_rzrq_flow,adaptable_with_lagged_context_sidecar,2,ctx_fund_ps_research_to_income|ctx_rzrq_rqmcl5d,nonminute_pit_context,blocked_or_context_only|lagged_context_sidecar_allowed,"CSRank(Mul(ZScore($ctx_fund_ps_research_to_income),ZScore($ctx_rzrq_rqmcl5d)))"
cn_integrated_feature_factor_candidate_pack_v2_coverage_aware_20260603_phase3am_sanitized_v1_20260609.json,cn_integrated_v2_quality_x_rzrq_flow_00223,quality_x_rzrq_flow,adaptable_with_lagged_context_sidecar,2,ctx_fund_ps_research_to_income|ctx_rzrq_rqye,nonminute_pit_context,blocked_or_context_only|lagged_context_sidecar_allowed,"CSRank(Mul(ZScore($ctx_fund_ps_research_to_income),ZScore($ctx_rzrq_rqye)))"
cn_integrated_feature_factor_candidate_pack_v2_coverage_aware_20260603_phase3am_sanitized_v1_20260609.json,cn_integrated_v2_quality_x_rzrq_flow_00224,quality_x_rzrq_flow,adaptable_with_lagged_context_sidecar,2,ctx_fund_ps_research_to_income|ctx_rzrq_rzche,nonminute_pit_context,blocked_or_context_only|lagged_context_sidecar_allowed,"CSRank(Mul(ZScore($ctx_fund_ps_research_to_income),ZScore($ctx_rzrq_rzche)))"
cn_integrated_feature_factor_candidate_pack_v2_coverage_aware_20260603_phase3am_sanitized_v1_20260609.json,cn_integrated_v2_quality_x_rzrq_flow_00225,quality_x_rzrq_flow,adaptable_with_lagged_context_sidecar,2,ctx_fund_ps_research_to_income|ctx_rzrq_rzche10d,nonminute_pit_context,blocked_or_context_only|lagged_context_sidecar_allowed,"CSRank(Mul(ZScore($ctx_fund_ps_research_to_income),ZScore($ctx_rzrq_rzche10d)))"
cn_integrated_feature_factor_candidate_pack_v2_coverage_aware_20260603_phase3am_sanitized_v1_20260609.json,cn_integrated_v2_quality_x_rzrq_flow_00226,quality_x_rzrq_flow,adaptable_with_lagged_context_sidecar,2,ctx_fund_ps_research_to_income|ctx_rzrq_rzche3d,nonminute_pit_context,blocked_or_context_only|lagged_context_sidecar_allowed,"CSRank(Mul(ZScore($ctx_fund_ps_research_to_income),ZScore($ctx_rzrq_rzche3d)))"
cn_integrated_feature_factor_candidate_pack_v2_coverage_aware_20260603_phase3am_sanitized_v1_20260609.json,cn_integrated_v2_quality_x_rzrq_flow_00227,quality_x_rzrq_flow,adaptable_with_lagged_context_sidecar,2,ctx_fund_ps_research_to_income|ctx_rzrq_rzche5d,nonminute_pit_context,blocked_or_context_only|lagged_context_sidecar_allowed,"CSRank(Mul(ZScore($ctx_fund_ps_research_to_income),ZScore($ctx_rzrq_rzche5d)))"
cn_integrated_feature_factor_candidate_pack_v2_coverage_aware_20260603_phase3am_sanitized_v1_20260609.json,cn_integrated_v2_quality_x_rzrq_flow_00228,quality_x_rzrq_flow,adaptable_with_lagged_context_sidecar,2,ctx_fund_ps_research_to_income|ctx_rzrq_rzjme,nonminute_pit_context,blocked_or_context_only|lagged_context_sidecar_allowed,"CSRank(Mul(ZScore($ctx_fund_ps_research_to_income),ZScore($ctx_rzrq_rzjme)))"
cn_integrated_feature_factor_candidate_pack_v2_coverage_aware_20260603_phase3am_sanitized_v1_20260609.json,cn_integrated_v2_quality_x_rzrq_flow_00229,quality_x_rzrq_flow,adaptable_with_lagged_context_sidecar,2,ctx_fund_ps_research_to_income|ctx_rzrq_rzjme10d,nonminute_pit_context,blocked_or_context_only|lagged_context_sidecar_allowed,"CSRank(Mul(ZScore($ctx_fund_ps_research_to_income),ZScore($ctx_rzrq_rzjme10d)))"
cn_integrated_feature_factor_candidate_pack_v2_coverage_aware_20260603_phase3am_sanitized_v1_20260609.json,cn_integrated_v2_quality_x_rzrq_flow_00230,quality_x_rzrq_flow,adaptable_with_lagged_context_sidecar,2,ctx_fund_ps_research_to_income|ctx_rzrq_rzjme3d,nonminute_pit_context,blocked_or_context_only|lagged_context_sidecar_allowed,"CSRank(Mul(ZScore($ctx_fund_ps_research_to_income),ZScore($ctx_rzrq_rzjme3d)))"
cn_integrated_feature_factor_candidate_pack_v2_coverage_aware_20260603_phase3am_sanitized_v1_20260609.json,cn_integrated_v2_quality_x_rzrq_flow_00231,quality_x_rzrq_flow,adaptable_with_lagged_context_sidecar,2,ctx_fund_ps_research_to_income|ctx_rzrq_rzjme5d,nonminute_pit_context,blocked_or_context_only|lagged_context_sidecar_allowed,"CSRank(Mul(ZScore($ctx_fund_ps_research_to_income),ZScore($ctx_rzrq_rzjme5d)))"
cn_integrated_feature_factor_candidate_pack_v2_coverage_aware_20260603_phase3am_sanitized_v1_20260609.json,cn_integrated_v2_quality_x_rzrq_flow_00232,quality_x_rzrq_flow,adaptable_with_lagged_context_sidecar,2,ctx_fund_ps_research_to_income|ctx_rzrq_rzmre,nonminute_pit_context,blocked_or_context_only|lagged_context_sidecar_allowed,"CSRank(Mul(ZScore($ctx_fund_ps_research_to_income),ZScore($ctx_rzrq_rzmre)))"
cn_integrated_feature_factor_candidate_pack_v2_coverage_aware_20260603_phase3am_sanitized_v1_20260609.json,cn_integrated_v2_quality_x_market_breadth_00233,quality_x_market_breadth,adaptable_with_lagged_context_sidecar,2,ctx_fund_ps_research_to_income|ctx_mkt_updown_dt,nonminute_pit_context,blocked_or_context_only|lagged_context_sidecar_allowed,"CSRank(Mul(ZScore($ctx_fund_ps_research_to_income),ZScore($ctx_mkt_updown_dt)))"
cn_integrated_feature_factor_candidate_pack_v2_coverage_aware_20260603_phase3am_sanitized_v1_20260609.json,cn_integrated_v2_quality_x_market_breadth_00234,quality_x_market_breadth,adaptable_with_lagged_context_sidecar,2,ctx_fund_ps_research_to_income|ctx_mkt_updown_q_zrcs,nonminute_pit_context,blocked_or_context_only|lagged_context_sidecar_allowed,"CSRank(Mul(ZScore($ctx_fund_ps_research_to_income),ZScore($ctx_mkt_updown_q_zrcs)))"
cn_integrated_feature_factor_candidate_pack_v2_coverage_aware_20260603_phase3am_sanitized_v1_20260609.json,cn_integrated_v2_quality_x_market_breadth_00235,quality_x_market_breadth,adaptable_with_lagged_context_sidecar,2,ctx_fund_ps_research_to_income|ctx_mkt_updown_q_zrtj,nonminute_pit_context,blocked_or_context_only|lagged_context_sidecar_allowed,"CSRank(Mul(ZScore($ctx_fund_ps_research_to_income),ZScore($ctx_mkt_updown_q_zrtj)))"
cn_integrated_feature_factor_candidate_pack_v2_coverage_aware_20260603_phase3am_sanitized_v1_20260609.json,cn_integrated_v2_quality_x_market_breadth_00236,quality_x_market_breadth,adaptable_with_lagged_context_sidecar,2,ctx_fund_ps_research_to_income|ctx_mkt_updown_s_zrcs,nonminute_pit_context,blocked_or_context_only|lagged_context_sidecar_allowed,"CSRank(Mul(ZScore($ctx_fund_ps_research_to_income),ZScore($ctx_mkt_updown_s_zrcs)))"
cn_integrated_feature_factor_candidate_pack_v2_coverage_aware_20260603_phase3am_sanitized_v1_20260609.json,cn_integrated_v2_quality_x_market_breadth_00237,quality_x_market_breadth,adaptable_with_lagged_context_sidecar,2,ctx_fund_ps_research_to_income|ctx_mkt_updown_s_zrtj,nonminute_pit_context,blocked_or_context_only|lagged_context_sidecar_allowed,"CSRank(Mul(ZScore($ctx_fund_ps_research_to_income),ZScore($ctx_mkt_updown_s_zrtj)))"
cn_integrated_feature_factor_candidate_pack_v2_coverage_aware_20260603_phase3am_sanitized_v1_20260609.json,cn_integrated_v2_quality_x_market_breadth_00238,quality_x_market_breadth,adaptable_with_lagged_context_sidecar,2,ctx_fund_ps_research_to_income|ctx_mkt_updown_sjdt,nonminute_pit_context,blocked_or_context_only|lagged_context_sidecar_allowed,"CSRank(Mul(ZScore($ctx_fund_ps_research_to_income),ZScore($ctx_mkt_updown_sjdt)))"
cn_integrated_feature_factor_candidate_pack_v2_coverage_aware_20260603_phase3am_sanitized_v1_20260609.json,cn_integrated_v2_quality_x_market_breadth_00239,quality_x_market_breadth,adaptable_with_lagged_context_sidecar,2,ctx_fund_ps_research_to_income|ctx_mkt_updown_sjzt,nonminute_pit_context,blocked_or_context_only|lagged_context_sidecar_allowed,"CSRank(Mul(ZScore($ctx_fund_ps_research_to_income),ZScore($ctx_mkt_updown_sjzt)))"
cn_integrated_feature_factor_candidate_pack_v2_coverage_aware_20260603_phase3am_sanitized_v1_20260609.json,cn_integrated_v2_quality_x_market_breadth_00240,quality_x_market_breadth,adaptable_with_lagged_context_sidecar,2,ctx_fund_ps_research_to_income|ctx_mkt_updown_stdt,nonminute_pit_context,blocked_or_context_only|lagged_context_sidecar_allowed,"CSRank(Mul(ZScore($ctx_fund_ps_research_to_income),ZScore($ctx_mkt_updown_stdt)))"
cn_integrated_feature_factor_candidate_pack_v2_coverage_aware_20260603_phase3am_sanitized_v1_20260609.json,cn_integrated_v2_quality_x_market_breadth_00241,quality_x_market_breadth,adaptable_with_lagged_context_sidecar,2,ctx_fund_ps_research_to_income|ctx_mkt_updown_stzt,nonminute_pit_context,blocked_or_context_only|lagged_context_sidecar_allowed,"CSRank(Mul(ZScore($ctx_fund_ps_research_to_income),ZScore($ctx_mkt_updown_stzt)))"
cn_integrated_feature_factor_candidate_pack_v2_coverage_aware_20260603_phase3am_sanitized_v1_20260609.json,cn_integrated_v2_quality_x_market_breadth_00242,quality_x_market_breadth,adaptable_with_lagged_context_sidecar,2,ctx_fund_ps_research_to_income|ctx_mkt_updown_szjs,nonminute_pit_context,blocked_or_context_only|lagged_context_sidecar_allowed,"CSRank(Mul(ZScore($ctx_fund_ps_research_to_income),ZScore($ctx_mkt_updown_szjs)))"
cn_integrated_feature_factor_candidate_pack_v2_coverage_aware_20260603_phase3am_sanitized_v1_20260609.json,cn_integrated_v2_quality_x_market_breadth_00243,quality_x_market_breadth,adaptable_with_lagged_context_sidecar,2,ctx_fund_ps_research_to_income|ctx_mkt_updown_xdjs,nonminute_pit_context,blocked_or_context_only|lagged_context_sidecar_allowed,"CSRank(Mul(ZScore($ctx_fund_ps_research_to_income),ZScore($ctx_mkt_updown_xdjs)))"
cn_integrated_feature_factor_candidate_pack_v2_coverage_aware_20260603_phase3am_sanitized_v1_20260609.json,cn_integrated_v2_quality_x_market_breadth_00244,quality_x_market_breadth,adaptable_with_lagged_context_sidecar,2,ctx_fund_ps_research_to_income|ctx_mkt_updown_zt,nonminute_pit_context,blocked_or_context_only|lagged_context_sidecar_allowed,"CSRank(Mul(ZScore($ctx_fund_ps_research_to_income),ZScore($ctx_mkt_updown_zt)))"
cn_integrated_feature_factor_candidate_pack_v2_coverage_aware_20260603_phase3am_sanitized_v1_20260609.json,cn_integrated_v2_quality_direct_control_00245,quality_direct_control,adaptable_with_lagged_context_sidecar,1,ctx_fund_bs_cash_to_assets,nonminute_pit_context,lagged_context_sidecar_allowed,CSRank($ctx_fund_bs_cash_to_assets)
cn_integrated_feature_factor_candidate_pack_v2_coverage_aware_20260603_phase3am_sanitized_v1_20260609.json,cn_integrated_v2_quality_size_residual_00246,quality_size_residual,needs_route_mapping_or_rederivation,2,ctx_fund_bs_cash_to_assets|final_float_market_cap,current_daily_or_derived_panel_only|nonminute_pit_context,lagged_context_sidecar_allowed|requires_route_mapping_or_rederivation,"CSRank(Sub(ZScore($ctx_fund_bs_cash_to_assets),ZScore($final_float_market_cap)))"
cn_integrated_feature_factor_candidate_pack_v2_coverage_aware_20260603_phase3am_sanitized_v1_20260609.json,cn_integrated_v2_quality_size_residual_00247,quality_size_residual,needs_route_mapping_or_rederivation,2,ctx_fund_bs_cash_to_assets|final_total_market_cap,current_daily_or_derived_panel_only|nonminute_pit_context,lagged_context_sidecar_allowed|requires_route_mapping_or_rederivation,"CSRank(Sub(ZScore($ctx_fund_bs_cash_to_assets),ZScore($final_total_market_cap)))"
cn_integrated_feature_factor_candidate_pack_v2_coverage_aware_20260603_phase3am_sanitized_v1_20260609.json,cn_integrated_v2_quality_size_residual_00248,quality_size_residual,adaptable_with_lagged_context_sidecar,2,amount|ctx_fund_bs_cash_to_assets,nonminute_pit_context|raw_true_1min_column,direct_with_trade_time_semantics|lagged_context_sidecar_allowed,"CSRank(Sub(ZScore($ctx_fund_bs_cash_to_assets),ZScore($amount)))"
cn_integrated_feature_factor_candidate_pack_v2_coverage_aware_20260603_phase3am_sanitized_v1_20260609.json,cn_integrated_v2_quality_minus_balance_risk_00249,quality_minus_balance_risk,adaptable_with_lagged_context_sidecar,2,ctx_fund_bs_cash_to_assets|ctx_fund_bs_debt_to_assets,nonminute_pit_context,lagged_context_sidecar_allowed,"CSRank(Sub(ZScore($ctx_fund_bs_cash_to_assets),ZScore($ctx_fund_bs_debt_to_assets)))"
cn_integrated_feature_factor_candidate_pack_v2_coverage_aware_20260603_phase3am_sanitized_v1_20260609.json,cn_integrated_v2_quality_minus_balance_risk_00250,quality_minus_balance_risk,adaptable_with_lagged_context_sidecar,2,ctx_fund_bs_cash_to_assets|ctx_fund_bs_goodwill_to_assets,nonminute_pit_context,lagged_context_sidecar_allowed,"CSRank(Sub(ZScore($ctx_fund_bs_cash_to_assets),ZScore($ctx_fund_bs_goodwill_to_assets)))"
cn_integrated_feature_factor_candidate_pack_v2_coverage_aware_20260603_phase3am_sanitized_v1_20260609.json,cn_integrated_v2_quality_minus_balance_risk_00251,quality_minus_balance_risk,adaptable_with_lagged_context_sidecar,2,ctx_fund_bs_cash_to_assets|ctx_fund_bs_inventory_to_assets,nonminute_pit_context,lagged_context_sidecar_allowed,"CSRank(Sub(ZScore($ctx_fund_bs_cash_to_assets),ZScore($ctx_fund_bs_inventory_to_assets)))"
cn_integrated_feature_factor_candidate_pack_v2_coverage_aware_20260603_phase3am_sanitized_v1_20260609.json,cn_integrated_v2_quality_holder_residual_00252,quality_holder_residual,adaptable_with_lagged_context_sidecar,2,ctx_fund_bs_cash_to_assets|ctx_holder_avg_market_cap,nonminute_pit_context,lagged_context_sidecar_allowed,"CSRank(Sub(ZScore($ctx_fund_bs_cash_to_assets),ZScore($ctx_holder_avg_market_cap)))"
cn_integrated_feature_factor_candidate_pack_v2_coverage_aware_20260603_phase3am_sanitized_v1_20260609.json,cn_integrated_v2_quality_holder_residual_00253,quality_holder_residual,adaptable_with_lagged_context_sidecar,2,ctx_fund_bs_cash_to_assets|ctx_holder_holder_num,nonminute_pit_context,lagged_context_sidecar_allowed,"CSRank(Sub(ZScore($ctx_fund_bs_cash_to_assets),ZScore($ctx_holder_holder_num)))"
cn_integrated_feature_factor_candidate_pack_v2_coverage_aware_20260603_phase3am_sanitized_v1_20260609.json,cn_integrated_v2_quality_holder_residual_00254,quality_holder_residual,adaptable_with_lagged_context_sidecar,2,ctx_fund_bs_cash_to_assets|ctx_holder_holder_num_change,nonminute_pit_context,lagged_context_sidecar_allowed,"CSRank(Sub(ZScore($ctx_fund_bs_cash_to_assets),ZScore($ctx_holder_holder_num_change)))"
cn_integrated_feature_factor_candidate_pack_v2_coverage_aware_20260603_phase3am_sanitized_v1_20260609.json,cn_integrated_v2_quality_holder_residual_00255,quality_holder_residual,adaptable_with_lagged_context_sidecar,2,ctx_fund_bs_cash_to_assets|ctx_holder_holder_num_ratio,nonminute_pit_context,lagged_context_sidecar_allowed,"CSRank(Sub(ZScore($ctx_fund_bs_cash_to_assets),ZScore($ctx_holder_holder_num_ratio)))"
cn_integrated_feature_factor_candidate_pack_v2_coverage_aware_20260603_phase3am_sanitized_v1_20260609.json,cn_integrated_v2_quality_holder_residual_00256,quality_holder_residual,adaptable_with_lagged_context_sidecar,2,ctx_fund_bs_cash_to_assets|ctx_holder_interval_chrate,nonminute_pit_context,lagged_context_sidecar_allowed,"CSRank(Sub(ZScore($ctx_fund_bs_cash_to_assets),ZScore($ctx_holder_interval_chrate)))"
cn_integrated_feature_factor_candidate_pack_v2_coverage_aware_20260603_phase3am_sanitized_v1_20260609.json,cn_integrated_v2_quality_holder_residual_00257,quality_holder_residual,adaptable_with_lagged_context_sidecar,2,ctx_fund_bs_cash_to_assets|ctx_holder_pre_holder_num,nonminute_pit_context,lagged_context_sidecar_allowed,"CSRank(Sub(ZScore($ctx_fund_bs_cash_to_assets),ZScore($ctx_holder_pre_holder_num)))"
cn_integrated_feature_factor_candidate_pack_v2_coverage_aware_20260603_phase3am_sanitized_v1_20260609.json,cn_integrated_v2_quality_x_minute_pressure_00258,quality_x_minute_pressure,blocked_for_true_1min_search,2,ctx_fund_bs_cash_to_assets|m1_amount_day,minute_derived_after_close_or_label|nonminute_pit_context,forbidden|lagged_context_sidecar_allowed,"CSRank(Mul(ZScore($ctx_fund_bs_cash_to_assets),ZScore($m1_amount_day)))"
cn_integrated_feature_factor_candidate_pack_v2_coverage_aware_20260603_phase3am_sanitized_v1_20260609.json,cn_integrated_v2_quality_x_minute_pressure_00259,quality_x_minute_pressure,adaptable_after_recompute_on_trade_time,2,ctx_fund_bs_cash_to_assets|m1_first15_amount,nonminute_pit_context|opening_window_feature,lagged_context_sidecar_allowed|recompute_on_trade_time_backbone_required,"CSRank(Mul(ZScore($ctx_fund_bs_cash_to_assets),ZScore($m1_first15_amount)))"
cn_integrated_feature_factor_candidate_pack_v2_coverage_aware_20260603_phase3am_sanitized_v1_20260609.json,cn_integrated_v2_quality_x_minute_pressure_00260,quality_x_minute_pressure,adaptable_after_recompute_on_trade_time,2,ctx_fund_bs_cash_to_assets|m1_first15_high,nonminute_pit_context|opening_window_feature,lagged_context_sidecar_allowed|recompute_on_trade_time_backbone_required,"CSRank(Mul(ZScore($ctx_fund_bs_cash_to_assets),ZScore($m1_first15_high)))"
cn_integrated_feature_factor_candidate_pack_v2_coverage_aware_20260603_phase3am_sanitized_v1_20260609.json,cn_integrated_v2_quality_x_minute_pressure_00261,quality_x_minute_pressure,adaptable_after_recompute_on_trade_time,2,ctx_fund_bs_cash_to_assets|m1_first15_last_return_vs_open,nonminute_pit_context|opening_window_feature,lagged_context_sidecar_allowed|recompute_on_trade_time_backbone_required,"CSRank(Mul(ZScore($ctx_fund_bs_cash_to_assets),ZScore($m1_first15_last_return_vs_open)))"
cn_integrated_feature_factor_candidate_pack_v2_coverage_aware_20260603_phase3am_sanitized_v1_20260609.json,cn_integrated_v2_quality_x_minute_pressure_00262,quality_x_minute_pressure,adaptable_after_recompute_on_trade_time,2,ctx_fund_bs_cash_to_assets|m1_first15_low,nonminute_pit_context|opening_window_feature,lagged_context_sidecar_allowed|recompute_on_trade_time_backbone_required,"CSRank(Mul(ZScore($ctx_fund_bs_cash_to_assets),ZScore($m1_first15_low)))"
cn_integrated_feature_factor_candidate_pack_v2_coverage_aware_20260603_phase3am_sanitized_v1_20260609.json,cn_integrated_v2_quality_x_minute_pressure_00263,quality_x_minute_pressure,adaptable_after_recompute_on_trade_time,2,ctx_fund_bs_cash_to_assets|m1_first15_range,nonminute_pit_context|opening_window_feature,lagged_context_sidecar_allowed|recompute_on_trade_time_backbone_required,"CSRank(Mul(ZScore($ctx_fund_bs_cash_to_assets),ZScore($m1_first15_range)))"
cn_integrated_feature_factor_candidate_pack_v2_coverage_aware_20260603_phase3am_sanitized_v1_20260609.json,cn_integrated_v2_quality_x_minute_pressure_00264,quality_x_minute_pressure,adaptable_after_recompute_on_trade_time,2,ctx_fund_bs_cash_to_assets|m1_first15_vol,nonminute_pit_context|opening_window_feature,lagged_context_sidecar_allowed|recompute_on_trade_time_backbone_required,"CSRank(Mul(ZScore($ctx_fund_bs_cash_to_assets),ZScore($m1_first15_vol)))"
cn_integrated_feature_factor_candidate_pack_v2_coverage_aware_20260603_phase3am_sanitized_v1_20260609.json,cn_integrated_v2_quality_x_minute_pressure_00265,quality_x_minute_pressure,adaptable_after_recompute_on_trade_time,2,ctx_fund_bs_cash_to_assets|m1_first15_vwap,nonminute_pit_context|opening_window_feature,lagged_context_sidecar_allowed|recompute_on_trade_time_backbone_required,"CSRank(Mul(ZScore($ctx_fund_bs_cash_to_assets),ZScore($m1_first15_vwap)))"
cn_integrated_feature_factor_candidate_pack_v2_coverage_aware_20260603_phase3am_sanitized_v1_20260609.json,cn_integrated_v2_quality_x_minute_pressure_00266,quality_x_minute_pressure,adaptable_after_recompute_on_trade_time,2,ctx_fund_bs_cash_to_assets|m1_first15_vwap_return_vs_open,nonminute_pit_context|opening_window_feature,lagged_context_sidecar_allowed|recompute_on_trade_time_backbone_required,"CSRank(Mul(ZScore($ctx_fund_bs_cash_to_assets),ZScore($m1_first15_vwap_return_vs_open)))"
cn_integrated_feature_factor_candidate_pack_v2_coverage_aware_20260603_phase3am_sanitized_v1_20260609.json,cn_integrated_v2_quality_x_minute_pressure_00267,quality_x_minute_pressure,adaptable_after_recompute_on_trade_time,2,ctx_fund_bs_cash_to_assets|m1_first30_amount,nonminute_pit_context|opening_window_feature,lagged_context_sidecar_allowed|recompute_on_trade_time_backbone_required,"CSRank(Mul(ZScore($ctx_fund_bs_cash_to_assets),ZScore($m1_first30_amount)))"
cn_integrated_feature_factor_candidate_pack_v2_coverage_aware_20260603_phase3am_sanitized_v1_20260609.json,cn_integrated_v2_quality_x_minute_pressure_00268,quality_x_minute_pressure,adaptable_after_recompute_on_trade_time,2,ctx_fund_bs_cash_to_assets|m1_first30_high,nonminute_pit_context|opening_window_feature,lagged_context_sidecar_allowed|recompute_on_trade_time_backbone_required,"CSRank(Mul(ZScore($ctx_fund_bs_cash_to_assets),ZScore($m1_first30_high)))"
cn_integrated_feature_factor_candidate_pack_v2_coverage_aware_20260603_phase3am_sanitized_v1_20260609.json,cn_integrated_v2_quality_x_minute_pressure_00269,quality_x_minute_pressure,adaptable_after_recompute_on_trade_time,2,ctx_fund_bs_cash_to_assets|m1_first30_last_return_vs_open,nonminute_pit_context|opening_window_feature,lagged_context_sidecar_allowed|recompute_on_trade_time_backbone_required,"CSRank(Mul(ZScore($ctx_fund_bs_cash_to_assets),ZScore($m1_first30_last_return_vs_open)))"
cn_integrated_feature_factor_candidate_pack_v2_coverage_aware_20260603_phase3am_sanitized_v1_20260609.json,cn_integrated_v2_quality_x_minute_pressure_00270,quality_x_minute_pressure,adaptable_after_recompute_on_trade_time,2,ctx_fund_bs_cash_to_assets|m1_first30_low,nonminute_pit_context|opening_window_feature,lagged_context_sidecar_allowed|recompute_on_trade_time_backbone_required,"CSRank(Mul(ZScore($ctx_fund_bs_cash_to_assets),ZScore($m1_first30_low)))"
cn_integrated_feature_factor_candidate_pack_v2_coverage_aware_20260603_phase3am_sanitized_v1_20260609.json,cn_integrated_v2_quality_x_minute_pressure_00271,quality_x_minute_pressure,adaptable_after_recompute_on_trade_time,2,ctx_fund_bs_cash_to_assets|m1_first30_range,nonminute_pit_context|opening_window_feature,lagged_context_sidecar_allowed|recompute_on_trade_time_backbone_required,"CSRank(Mul(ZScore($ctx_fund_bs_cash_to_assets),ZScore($m1_first30_range)))"
cn_integrated_feature_factor_candidate_pack_v2_coverage_aware_20260603_phase3am_sanitized_v1_20260609.json,cn_integrated_v2_quality_x_minute_pressure_00272,quality_x_minute_pressure,adaptable_after_recompute_on_trade_time,2,ctx_fund_bs_cash_to_assets|m1_first30_vol,nonminute_pit_context|opening_window_feature,lagged_context_sidecar_allowed|recompute_on_trade_time_backbone_required,"CSRank(Mul(ZScore($ctx_fund_bs_cash_to_assets),ZScore($m1_first30_vol)))"
cn_integrated_feature_factor_candidate_pack_v2_coverage_aware_20260603_phase3am_sanitized_v1_20260609.json,cn_integrated_v2_quality_x_minute_pressure_00273,quality_x_minute_pressure,adaptable_after_recompute_on_trade_time,2,ctx_fund_bs_cash_to_assets|m1_first30_vwap,nonminute_pit_context|opening_window_feature,lagged_context_sidecar_allowed|recompute_on_trade_time_backbone_required,"CSRank(Mul(ZScore($ctx_fund_bs_cash_to_assets),ZScore($m1_first30_vwap)))"
cn_integrated_feature_factor_candidate_pack_v2_coverage_aware_20260603_phase3am_sanitized_v1_20260609.json,cn_integrated_v2_quality_x_minute_pressure_00274,quality_x_minute_pressure,adaptable_after_recompute_on_trade_time,2,ctx_fund_bs_cash_to_assets|m1_first30_vwap_return_vs_open,nonminute_pit_context|opening_window_feature,lagged_context_sidecar_allowed|recompute_on_trade_time_backbone_required,"CSRank(Mul(ZScore($ctx_fund_bs_cash_to_assets),ZScore($m1_first30_vwap_return_vs_open)))"
cn_integrated_feature_factor_candidate_pack_v2_coverage_aware_20260603_phase3am_sanitized_v1_20260609.json,cn_integrated_v2_quality_x_minute_pressure_00275,quality_x_minute_pressure,adaptable_after_recompute_on_trade_time,2,ctx_fund_bs_cash_to_assets|m1_first5_amount,nonminute_pit_context|opening_window_feature,lagged_context_sidecar_allowed|recompute_on_trade_time_backbone_required,"CSRank(Mul(ZScore($ctx_fund_bs_cash_to_assets),ZScore($m1_first5_amount)))"
cn_integrated_feature_factor_candidate_pack_v2_coverage_aware_20260603_phase3am_sanitized_v1_20260609.json,cn_integrated_v2_quality_x_rzrq_flow_00276,quality_x_rzrq_flow,adaptable_with_lagged_context_sidecar,2,ctx_fund_bs_cash_to_assets|ctx_rzrq_rqjmg,nonminute_pit_context,blocked_or_context_only|lagged_context_sidecar_allowed,"CSRank(Mul(ZScore($ctx_fund_bs_cash_to_assets),ZScore($ctx_rzrq_rqjmg)))"
cn_integrated_feature_factor_candidate_pack_v2_coverage_aware_20260603_phase3am_sanitized_v1_20260609.json,cn_integrated_v2_quality_x_rzrq_flow_00277,quality_x_rzrq_flow,adaptable_with_lagged_context_sidecar,2,ctx_fund_bs_cash_to_assets|ctx_rzrq_rqjmg10d,nonminute_pit_context,blocked_or_context_only|lagged_context_sidecar_allowed,"CSRank(Mul(ZScore($ctx_fund_bs_cash_to_assets),ZScore($ctx_rzrq_rqjmg10d)))"
cn_integrated_feature_factor_candidate_pack_v2_coverage_aware_20260603_phase3am_sanitized_v1_20260609.json,cn_integrated_v2_quality_x_rzrq_flow_00278,quality_x_rzrq_flow,adaptable_with_lagged_context_sidecar,2,ctx_fund_bs_cash_to_assets|ctx_rzrq_rqjmg3d,nonminute_pit_context,blocked_or_context_only|lagged_context_sidecar_allowed,"CSRank(Mul(ZScore($ctx_fund_bs_cash_to_assets),ZScore($ctx_rzrq_rqjmg3d)))"
cn_integrated_feature_factor_candidate_pack_v2_coverage_aware_20260603_phase3am_sanitized_v1_20260609.json,cn_integrated_v2_quality_x_rzrq_flow_00279,quality_x_rzrq_flow,adaptable_with_lagged_context_sidecar,2,ctx_fund_bs_cash_to_assets|ctx_rzrq_rqjmg5d,nonminute_pit_context,blocked_or_context_only|lagged_context_sidecar_allowed,"CSRank(Mul(ZScore($ctx_fund_bs_cash_to_assets),ZScore($ctx_rzrq_rqjmg5d)))"
cn_integrated_feature_factor_candidate_pack_v2_coverage_aware_20260603_phase3am_sanitized_v1_20260609.json,cn_integrated_v2_quality_x_rzrq_flow_00280,quality_x_rzrq_flow,adaptable_with_lagged_context_sidecar,2,ctx_fund_bs_cash_to_assets|ctx_rzrq_rqmcl,nonminute_pit_context,blocked_or_context_only|lagged_context_sidecar_allowed,"CSRank(Mul(ZScore($ctx_fund_bs_cash_to_assets),ZScore($ctx_rzrq_rqmcl)))"
cn_integrated_feature_factor_candidate_pack_v2_coverage_aware_20260603_phase3am_sanitized_v1_20260609.json,cn_integrated_v2_quality_x_rzrq_flow_00281,quality_x_rzrq_flow,adaptable_with_lagged_context_sidecar,2,ctx_fund_bs_cash_to_assets|ctx_rzrq_rqmcl10d,nonminute_pit_context,blocked_or_context_only|lagged_context_sidecar_allowed,"CSRank(Mul(ZScore($ctx_fund_bs_cash_to_assets),ZScore($ctx_rzrq_rqmcl10d)))"
cn_integrated_feature_factor_candidate_pack_v2_coverage_aware_20260603_phase3am_sanitized_v1_20260609.json,cn_integrated_v2_quality_x_rzrq_flow_00282,quality_x_rzrq_flow,adaptable_with_lagged_context_sidecar,2,ctx_fund_bs_cash_to_assets|ctx_rzrq_rqmcl3d,nonminute_pit_context,blocked_or_context_only|lagged_context_sidecar_allowed,"CSRank(Mul(ZScore($ctx_fund_bs_cash_to_assets),ZScore($ctx_rzrq_rqmcl3d)))"
cn_integrated_feature_factor_candidate_pack_v2_coverage_aware_20260603_phase3am_sanitized_v1_20260609.json,cn_integrated_v2_quality_x_rzrq_flow_00283,quality_x_rzrq_flow,adaptable_with_lagged_context_sidecar,2,ctx_fund_bs_cash_to_assets|ctx_rzrq_rqmcl5d,nonminute_pit_context,blocked_or_context_only|lagged_context_sidecar_allowed,"CSRank(Mul(ZScore($ctx_fund_bs_cash_to_assets),ZScore($ctx_rzrq_rqmcl5d)))"
cn_integrated_feature_factor_candidate_pack_v2_coverage_aware_20260603_phase3am_sanitized_v1_20260609.json,cn_integrated_v2_quality_x_rzrq_flow_00284,quality_x_rzrq_flow,adaptable_with_lagged_context_sidecar,2,ctx_fund_bs_cash_to_assets|ctx_rzrq_rqye,nonminute_pit_context,blocked_or_context_only|lagged_context_sidecar_allowed,"CSRank(Mul(ZScore($ctx_fund_bs_cash_to_assets),ZScore($ctx_rzrq_rqye)))"
cn_integrated_feature_factor_candidate_pack_v2_coverage_aware_20260603_phase3am_sanitized_v1_20260609.json,cn_integrated_v2_quality_x_rzrq_flow_00285,quality_x_rzrq_flow,adaptable_with_lagged_context_sidecar,2,ctx_fund_bs_cash_to_assets|ctx_rzrq_rzche,nonminute_pit_context,blocked_or_context_only|lagged_context_sidecar_allowed,"CSRank(Mul(ZScore($ctx_fund_bs_cash_to_assets),ZScore($ctx_rzrq_rzche)))"
cn_integrated_feature_factor_candidate_pack_v2_coverage_aware_20260603_phase3am_sanitized_v1_20260609.json,cn_integrated_v2_quality_x_rzrq_flow_00286,quality_x_rzrq_flow,adaptable_with_lagged_context_sidecar,2,ctx_fund_bs_cash_to_assets|ctx_rzrq_rzche10d,nonminute_pit_context,blocked_or_context_only|lagged_context_sidecar_allowed,"CSRank(Mul(ZScore($ctx_fund_bs_cash_to_assets),ZScore($ctx_rzrq_rzche10d)))"
cn_integrated_feature_factor_candidate_pack_v2_coverage_aware_20260603_phase3am_sanitized_v1_20260609.json,cn_integrated_v2_quality_x_rzrq_flow_00287,quality_x_rzrq_flow,adaptable_with_lagged_context_sidecar,2,ctx_fund_bs_cash_to_assets|ctx_rzrq_rzche3d,nonminute_pit_context,blocked_or_context_only|lagged_context_sidecar_allowed,"CSRank(Mul(ZScore($ctx_fund_bs_cash_to_assets),ZScore($ctx_rzrq_rzche3d)))"
cn_integrated_feature_factor_candidate_pack_v2_coverage_aware_20260603_phase3am_sanitized_v1_20260609.json,cn_integrated_v2_quality_x_rzrq_flow_00288,quality_x_rzrq_flow,adaptable_with_lagged_context_sidecar,2,ctx_fund_bs_cash_to_assets|ctx_rzrq_rzche5d,nonminute_pit_context,blocked_or_context_only|lagged_context_sidecar_allowed,"CSRank(Mul(ZScore($ctx_fund_bs_cash_to_assets),ZScore($ctx_rzrq_rzche5d)))"
cn_integrated_feature_factor_candidate_pack_v2_coverage_aware_20260603_phase3am_sanitized_v1_20260609.json,cn_integrated_v2_quality_x_rzrq_flow_00289,quality_x_rzrq_flow,adaptable_with_lagged_context_sidecar,2,ctx_fund_bs_cash_to_assets|ctx_rzrq_rzjme,nonminute_pit_context,blocked_or_context_only|lagged_context_sidecar_allowed,"CSRank(Mul(ZScore($ctx_fund_bs_cash_to_assets),ZScore($ctx_rzrq_rzjme)))"
cn_integrated_feature_factor_candidate_pack_v2_coverage_aware_20260603_phase3am_sanitized_v1_20260609.json,cn_integrated_v2_quality_x_rzrq_flow_00290,quality_x_rzrq_flow,adaptable_with_lagged_context_sidecar,2,ctx_fund_bs_cash_to_assets|ctx_rzrq_rzjme10d,nonminute_pit_context,blocked_or_context_only|lagged_context_sidecar_allowed,"CSRank(Mul(ZScore($ctx_fund_bs_cash_to_assets),ZScore($ctx_rzrq_rzjme10d)))"
cn_integrated_feature_factor_candidate_pack_v2_coverage_aware_20260603_phase3am_sanitized_v1_20260609.json,cn_integrated_v2_quality_x_rzrq_flow_00291,quality_x_rzrq_flow,adaptable_with_lagged_context_sidecar,2,ctx_fund_bs_cash_to_assets|ctx_rzrq_rzjme3d,nonminute_pit_context,blocked_or_context_only|lagged_context_sidecar_allowed,"CSRank(Mul(ZScore($ctx_fund_bs_cash_to_assets),ZScore($ctx_rzrq_rzjme3d)))"
cn_integrated_feature_factor_candidate_pack_v2_coverage_aware_20260603_phase3am_sanitized_v1_20260609.json,cn_integrated_v2_quality_x_rzrq_flow_00292,quality_x_rzrq_flow,adaptable_with_lagged_context_sidecar,2,ctx_fund_bs_cash_to_assets|ctx_rzrq_rzjme5d,nonminute_pit_context,blocked_or_context_only|lagged_context_sidecar_allowed,"CSRank(Mul(ZScore($ctx_fund_bs_cash_to_assets),ZScore($ctx_rzrq_rzjme5d)))"
cn_integrated_feature_factor_candidate_pack_v2_coverage_aware_20260603_phase3am_sanitized_v1_20260609.json,cn_integrated_v2_quality_x_rzrq_flow_00293,quality_x_rzrq_flow,adaptable_with_lagged_context_sidecar,2,ctx_fund_bs_cash_to_assets|ctx_rzrq_rzmre,nonminute_pit_context,blocked_or_context_only|lagged_context_sidecar_allowed,"CSRank(Mul(ZScore($ctx_fund_bs_cash_to_assets),ZScore($ctx_rzrq_rzmre)))"
cn_integrated_feature_factor_candidate_pack_v2_coverage_aware_20260603_phase3am_sanitized_v1_20260609.json,cn_integrated_v2_quality_x_market_breadth_00294,quality_x_market_breadth,adaptable_with_lagged_context_sidecar,2,ctx_fund_bs_cash_to_assets|ctx_mkt_updown_dt,nonminute_pit_context,blocked_or_context_only|lagged_context_sidecar_allowed,"CSRank(Mul(ZScore($ctx_fund_bs_cash_to_assets),ZScore($ctx_mkt_updown_dt)))"
cn_integrated_feature_factor_candidate_pack_v2_coverage_aware_20260603_phase3am_sanitized_v1_20260609.json,cn_integrated_v2_quality_x_market_breadth_00295,quality_x_market_breadth,adaptable_with_lagged_context_sidecar,2,ctx_fund_bs_cash_to_assets|ctx_mkt_updown_q_zrcs,nonminute_pit_context,blocked_or_context_only|lagged_context_sidecar_allowed,"CSRank(Mul(ZScore($ctx_fund_bs_cash_to_assets),ZScore($ctx_mkt_updown_q_zrcs)))"
cn_integrated_feature_factor_candidate_pack_v2_coverage_aware_20260603_phase3am_sanitized_v1_20260609.json,cn_integrated_v2_quality_x_market_breadth_00296,quality_x_market_breadth,adaptable_with_lagged_context_sidecar,2,ctx_fund_bs_cash_to_assets|ctx_mkt_updown_q_zrtj,nonminute_pit_context,blocked_or_context_only|lagged_context_sidecar_allowed,"CSRank(Mul(ZScore($ctx_fund_bs_cash_to_assets),ZScore($ctx_mkt_updown_q_zrtj)))"
cn_integrated_feature_factor_candidate_pack_v2_coverage_aware_20260603_phase3am_sanitized_v1_20260609.json,cn_integrated_v2_quality_x_market_breadth_00297,quality_x_market_breadth,adaptable_with_lagged_context_sidecar,2,ctx_fund_bs_cash_to_assets|ctx_mkt_updown_s_zrcs,nonminute_pit_context,blocked_or_context_only|lagged_context_sidecar_allowed,"CSRank(Mul(ZScore($ctx_fund_bs_cash_to_assets),ZScore($ctx_mkt_updown_s_zrcs)))"
cn_integrated_feature_factor_candidate_pack_v2_coverage_aware_20260603_phase3am_sanitized_v1_20260609.json,cn_integrated_v2_quality_x_market_breadth_00298,quality_x_market_breadth,adaptable_with_lagged_context_sidecar,2,ctx_fund_bs_cash_to_assets|ctx_mkt_updown_s_zrtj,nonminute_pit_context,blocked_or_context_only|lagged_context_sidecar_allowed,"CSRank(Mul(ZScore($ctx_fund_bs_cash_to_assets),ZScore($ctx_mkt_updown_s_zrtj)))"
cn_integrated_feature_factor_candidate_pack_v2_coverage_aware_20260603_phase3am_sanitized_v1_20260609.json,cn_integrated_v2_quality_x_market_breadth_00299,quality_x_market_breadth,adaptable_with_lagged_context_sidecar,2,ctx_fund_bs_cash_to_assets|ctx_mkt_updown_sjdt,nonminute_pit_context,blocked_or_context_only|lagged_context_sidecar_allowed,"CSRank(Mul(ZScore($ctx_fund_bs_cash_to_assets),ZScore($ctx_mkt_updown_sjdt)))"
cn_integrated_feature_factor_candidate_pack_v2_coverage_aware_20260603_phase3am_sanitized_v1_20260609.json,cn_integrated_v2_quality_x_market_breadth_00300,quality_x_market_breadth,adaptable_with_lagged_context_sidecar,2,ctx_fund_bs_cash_to_assets|ctx_mkt_updown_sjzt,nonminute_pit_context,blocked_or_context_only|lagged_context_sidecar_allowed,"CSRank(Mul(ZScore($ctx_fund_bs_cash_to_assets),ZScore($ctx_mkt_updown_sjzt)))"
cn_integrated_feature_factor_candidate_pack_v2_coverage_aware_20260603_phase3am_sanitized_v1_20260609.json,cn_integrated_v2_quality_x_market_breadth_00301,quality_x_market_breadth,adaptable_with_lagged_context_sidecar,2,ctx_fund_bs_cash_to_assets|ctx_mkt_updown_stdt,nonminute_pit_context,blocked_or_context_only|lagged_context_sidecar_allowed,"CSRank(Mul(ZScore($ctx_fund_bs_cash_to_assets),ZScore($ctx_mkt_updown_stdt)))"
cn_integrated_feature_factor_candidate_pack_v2_coverage_aware_20260603_phase3am_sanitized_v1_20260609.json,cn_integrated_v2_quality_x_market_breadth_00302,quality_x_market_breadth,adaptable_with_lagged_context_sidecar,2,ctx_fund_bs_cash_to_assets|ctx_mkt_updown_stzt,nonminute_pit_context,blocked_or_context_only|lagged_context_sidecar_allowed,"CSRank(Mul(ZScore($ctx_fund_bs_cash_to_assets),ZScore($ctx_mkt_updown_stzt)))"
cn_integrated_feature_factor_candidate_pack_v2_coverage_aware_20260603_phase3am_sanitized_v1_20260609.json,cn_integrated_v2_quality_x_market_breadth_00303,quality_x_market_breadth,adaptable_with_lagged_context_sidecar,2,ctx_fund_bs_cash_to_assets|ctx_mkt_updown_szjs,nonminute_pit_context,blocked_or_context_only|lagged_context_sidecar_allowed,"CSRank(Mul(ZScore($ctx_fund_bs_cash_to_assets),ZScore($ctx_mkt_updown_szjs)))"
cn_integrated_feature_factor_candidate_pack_v2_coverage_aware_20260603_phase3am_sanitized_v1_20260609.json,cn_integrated_v2_quality_x_market_breadth_00304,quality_x_market_breadth,adaptable_with_lagged_context_sidecar,2,ctx_fund_bs_cash_to_assets|ctx_mkt_updown_xdjs,nonminute_pit_context,blocked_or_context_only|lagged_context_sidecar_allowed,"CSRank(Mul(ZScore($ctx_fund_bs_cash_to_assets),ZScore($ctx_mkt_updown_xdjs)))"
cn_integrated_feature_factor_candidate_pack_v2_coverage_aware_20260603_phase3am_sanitized_v1_20260609.json,cn_integrated_v2_quality_x_market_breadth_00305,quality_x_market_breadth,adaptable_with_lagged_context_sidecar,2,ctx_fund_bs_cash_to_assets|ctx_mkt_updown_zt,nonminute_pit_context,blocked_or_context_only|lagged_context_sidecar_allowed,"CSRank(Mul(ZScore($ctx_fund_bs_cash_to_assets),ZScore($ctx_mkt_updown_zt)))"
cn_integrated_feature_factor_candidate_pack_v2_coverage_aware_20260603_phase3am_sanitized_v1_20260609.json,cn_integrated_v2_rzrq_size_normalized_00306,rzrq_size_normalized,needs_route_mapping_or_rederivation,2,ctx_rzrq_rqjmg|final_float_market_cap,current_daily_or_derived_panel_only|nonminute_pit_context,blocked_or_context_only|requires_route_mapping_or_rederivation,"CSRank(Div($ctx_rzrq_rqjmg,Add(Abs($final_float_market_cap),0.000001)))"
cn_integrated_feature_factor_candidate_pack_v2_coverage_aware_20260603_phase3am_sanitized_v1_20260609.json,cn_integrated_v2_rzrq_size_normalized_00307,rzrq_size_normalized,direct_true_1min_ready,2,amount|ctx_rzrq_rqjmg,nonminute_pit_context|raw_true_1min_column,blocked_or_context_only|direct_with_trade_time_semantics,"CSRank(Div($ctx_rzrq_rqjmg,Add(Abs($amount),0.000001)))"
cn_integrated_feature_factor_candidate_pack_v2_coverage_aware_20260603_phase3am_sanitized_v1_20260609.json,cn_integrated_v2_rzrq_size_normalized_00308,rzrq_size_normalized,needs_route_mapping_or_rederivation,2,ctx_rzrq_rqjmg10d|final_float_market_cap,current_daily_or_derived_panel_only|nonminute_pit_context,blocked_or_context_only|requires_route_mapping_or_rederivation,"CSRank(Div($ctx_rzrq_rqjmg10d,Add(Abs($final_float_market_cap),0.000001)))"
cn_integrated_feature_factor_candidate_pack_v2_coverage_aware_20260603_phase3am_sanitized_v1_20260609.json,cn_integrated_v2_rzrq_size_normalized_00309,rzrq_size_normalized,direct_true_1min_ready,2,amount|ctx_rzrq_rqjmg10d,nonminute_pit_context|raw_true_1min_column,blocked_or_context_only|direct_with_trade_time_semantics,"CSRank(Div($ctx_rzrq_rqjmg10d,Add(Abs($amount),0.000001)))"
cn_integrated_feature_factor_candidate_pack_v2_coverage_aware_20260603_phase3am_sanitized_v1_20260609.json,cn_integrated_v2_rzrq_size_normalized_00310,rzrq_size_normalized,needs_route_mapping_or_rederivation,2,ctx_rzrq_rqjmg3d|final_float_market_cap,current_daily_or_derived_panel_only|nonminute_pit_context,blocked_or_context_only|requires_route_mapping_or_rederivation,"CSRank(Div($ctx_rzrq_rqjmg3d,Add(Abs($final_float_market_cap),0.000001)))"
cn_integrated_feature_factor_candidate_pack_v2_coverage_aware_20260603_phase3am_sanitized_v1_20260609.json,cn_integrated_v2_rzrq_size_normalized_00311,rzrq_size_normalized,direct_true_1min_ready,2,amount|ctx_rzrq_rqjmg3d,nonminute_pit_context|raw_true_1min_column,blocked_or_context_only|direct_with_trade_time_semantics,"CSRank(Div($ctx_rzrq_rqjmg3d,Add(Abs($amount),0.000001)))"
cn_integrated_feature_factor_candidate_pack_v2_coverage_aware_20260603_phase3am_sanitized_v1_20260609.json,cn_integrated_v2_rzrq_size_normalized_00312,rzrq_size_normalized,needs_route_mapping_or_rederivation,2,ctx_rzrq_rqjmg5d|final_float_market_cap,current_daily_or_derived_panel_only|nonminute_pit_context,blocked_or_context_only|requires_route_mapping_or_rederivation,"CSRank(Div($ctx_rzrq_rqjmg5d,Add(Abs($final_float_market_cap),0.000001)))"
cn_integrated_feature_factor_candidate_pack_v2_coverage_aware_20260603_phase3am_sanitized_v1_20260609.json,cn_integrated_v2_rzrq_size_normalized_00313,rzrq_size_normalized,direct_true_1min_ready,2,amount|ctx_rzrq_rqjmg5d,nonminute_pit_context|raw_true_1min_column,blocked_or_context_only|direct_with_trade_time_semantics,"CSRank(Div($ctx_rzrq_rqjmg5d,Add(Abs($amount),0.000001)))"
cn_integrated_feature_factor_candidate_pack_v2_coverage_aware_20260603_phase3am_sanitized_v1_20260609.json,cn_integrated_v2_rzrq_size_normalized_00314,rzrq_size_normalized,needs_route_mapping_or_rederivation,2,ctx_rzrq_rqmcl|final_float_market_cap,current_daily_or_derived_panel_only|nonminute_pit_context,blocked_or_context_only|requires_route_mapping_or_rederivation,"CSRank(Div($ctx_rzrq_rqmcl,Add(Abs($final_float_market_cap),0.000001)))"
cn_integrated_feature_factor_candidate_pack_v2_coverage_aware_20260603_phase3am_sanitized_v1_20260609.json,cn_integrated_v2_rzrq_size_normalized_00315,rzrq_size_normalized,direct_true_1min_ready,2,amount|ctx_rzrq_rqmcl,nonminute_pit_context|raw_true_1min_column,blocked_or_context_only|direct_with_trade_time_semantics,"CSRank(Div($ctx_rzrq_rqmcl,Add(Abs($amount),0.000001)))"
cn_integrated_feature_factor_candidate_pack_v2_coverage_aware_20260603_phase3am_sanitized_v1_20260609.json,cn_integrated_v2_rzrq_size_normalized_00316,rzrq_size_normalized,needs_route_mapping_or_rederivation,2,ctx_rzrq_rqmcl10d|final_float_market_cap,current_daily_or_derived_panel_only|nonminute_pit_context,blocked_or_context_only|requires_route_mapping_or_rederivation,"CSRank(Div($ctx_rzrq_rqmcl10d,Add(Abs($final_float_market_cap),0.000001)))"
cn_integrated_feature_factor_candidate_pack_v2_coverage_aware_20260603_phase3am_sanitized_v1_20260609.json,cn_integrated_v2_rzrq_size_normalized_00317,rzrq_size_normalized,direct_true_1min_ready,2,amount|ctx_rzrq_rqmcl10d,nonminute_pit_context|raw_true_1min_column,blocked_or_context_only|direct_with_trade_time_semantics,"CSRank(Div($ctx_rzrq_rqmcl10d,Add(Abs($amount),0.000001)))"
cn_integrated_feature_factor_candidate_pack_v2_coverage_aware_20260603_phase3am_sanitized_v1_20260609.json,cn_integrated_v2_rzrq_size_normalized_00318,rzrq_size_normalized,needs_route_mapping_or_rederivation,2,ctx_rzrq_rqmcl3d|final_float_market_cap,current_daily_or_derived_panel_only|nonminute_pit_context,blocked_or_context_only|requires_route_mapping_or_rederivation,"CSRank(Div($ctx_rzrq_rqmcl3d,Add(Abs($final_float_market_cap),0.000001)))"
cn_integrated_feature_factor_candidate_pack_v2_coverage_aware_20260603_phase3am_sanitized_v1_20260609.json,cn_integrated_v2_rzrq_size_normalized_00319,rzrq_size_normalized,direct_true_1min_ready,2,amount|ctx_rzrq_rqmcl3d,nonminute_pit_context|raw_true_1min_column,blocked_or_context_only|direct_with_trade_time_semantics,"CSRank(Div($ctx_rzrq_rqmcl3d,Add(Abs($amount),0.000001)))"
cn_integrated_feature_factor_candidate_pack_v2_coverage_aware_20260603_phase3am_sanitized_v1_20260609.json,cn_integrated_v2_rzrq_size_normalized_00320,rzrq_size_normalized,needs_route_mapping_or_rederivation,2,ctx_rzrq_rqmcl5d|final_float_market_cap,current_daily_or_derived_panel_only|nonminute_pit_context,blocked_or_context_only|requires_route_mapping_or_rederivation,"CSRank(Div($ctx_rzrq_rqmcl5d,Add(Abs($final_float_market_cap),0.000001)))"
cn_integrated_feature_factor_candidate_pack_v2_coverage_aware_20260603_phase3am_sanitized_v1_20260609.json,cn_integrated_v2_rzrq_size_normalized_00321,rzrq_size_normalized,direct_true_1min_ready,2,amount|ctx_rzrq_rqmcl5d,nonminute_pit_context|raw_true_1min_column,blocked_or_context_only|direct_with_trade_time_semantics,"CSRank(Div($ctx_rzrq_rqmcl5d,Add(Abs($amount),0.000001)))"
cn_integrated_feature_factor_candidate_pack_v2_coverage_aware_20260603_phase3am_sanitized_v1_20260609.json,cn_integrated_v2_rzrq_size_normalized_00322,rzrq_size_normalized,needs_route_mapping_or_rederivation,2,ctx_rzrq_rqye|final_float_market_cap,current_daily_or_derived_panel_only|nonminute_pit_context,blocked_or_context_only|requires_route_mapping_or_rederivation,"CSRank(Div($ctx_rzrq_rqye,Add(Abs($final_float_market_cap),0.000001)))"
cn_integrated_feature_factor_candidate_pack_v2_coverage_aware_20260603_phase3am_sanitized_v1_20260609.json,cn_integrated_v2_rzrq_size_normalized_00323,rzrq_size_normalized,direct_true_1min_ready,2,amount|ctx_rzrq_rqye,nonminute_pit_context|raw_true_1min_column,blocked_or_context_only|direct_with_trade_time_semantics,"CSRank(Div($ctx_rzrq_rqye,Add(Abs($amount),0.000001)))"
cn_integrated_feature_factor_candidate_pack_v2_coverage_aware_20260603_phase3am_sanitized_v1_20260609.json,cn_integrated_v2_rzrq_size_normalized_00324,rzrq_size_normalized,needs_route_mapping_or_rederivation,2,ctx_rzrq_rzche|final_float_market_cap,current_daily_or_derived_panel_only|nonminute_pit_context,blocked_or_context_only|requires_route_mapping_or_rederivation,"CSRank(Div($ctx_rzrq_rzche,Add(Abs($final_float_market_cap),0.000001)))"
cn_integrated_feature_factor_candidate_pack_v2_coverage_aware_20260603_phase3am_sanitized_v1_20260609.json,cn_integrated_v2_rzrq_size_normalized_00325,rzrq_size_normalized,direct_true_1min_ready,2,amount|ctx_rzrq_rzche,nonminute_pit_context|raw_true_1min_column,blocked_or_context_only|direct_with_trade_time_semantics,"CSRank(Div($ctx_rzrq_rzche,Add(Abs($amount),0.000001)))"
cn_integrated_feature_factor_candidate_pack_v2_coverage_aware_20260603_phase3am_sanitized_v1_20260609.json,cn_integrated_v2_rzrq_size_normalized_00326,rzrq_size_normalized,needs_route_mapping_or_rederivation,2,ctx_rzrq_rzche10d|final_float_market_cap,current_daily_or_derived_panel_only|nonminute_pit_context,blocked_or_context_only|requires_route_mapping_or_rederivation,"CSRank(Div($ctx_rzrq_rzche10d,Add(Abs($final_float_market_cap),0.000001)))"
cn_integrated_feature_factor_candidate_pack_v2_coverage_aware_20260603_phase3am_sanitized_v1_20260609.json,cn_integrated_v2_rzrq_size_normalized_00327,rzrq_size_normalized,direct_true_1min_ready,2,amount|ctx_rzrq_rzche10d,nonminute_pit_context|raw_true_1min_column,blocked_or_context_only|direct_with_trade_time_semantics,"CSRank(Div($ctx_rzrq_rzche10d,Add(Abs($amount),0.000001)))"
cn_integrated_feature_factor_candidate_pack_v2_coverage_aware_20260603_phase3am_sanitized_v1_20260609.json,cn_integrated_v2_rzrq_size_normalized_00328,rzrq_size_normalized,needs_route_mapping_or_rederivation,2,ctx_rzrq_rzche3d|final_float_market_cap,current_daily_or_derived_panel_only|nonminute_pit_context,blocked_or_context_only|requires_route_mapping_or_rederivation,"CSRank(Div($ctx_rzrq_rzche3d,Add(Abs($final_float_market_cap),0.000001)))"
cn_integrated_feature_factor_candidate_pack_v2_coverage_aware_20260603_phase3am_sanitized_v1_20260609.json,cn_integrated_v2_rzrq_size_normalized_00329,rzrq_size_normalized,direct_true_1min_ready,2,amount|ctx_rzrq_rzche3d,nonminute_pit_context|raw_true_1min_column,blocked_or_context_only|direct_with_trade_time_semantics,"CSRank(Div($ctx_rzrq_rzche3d,Add(Abs($amount),0.000001)))"
cn_integrated_feature_factor_candidate_pack_v2_coverage_aware_20260603_phase3am_sanitized_v1_20260609.json,cn_integrated_v2_rzrq_size_normalized_00330,rzrq_size_normalized,needs_route_mapping_or_rederivation,2,ctx_rzrq_rzche5d|final_float_market_cap,current_daily_or_derived_panel_only|nonminute_pit_context,blocked_or_context_only|requires_route_mapping_or_rederivation,"CSRank(Div($ctx_rzrq_rzche5d,Add(Abs($final_float_market_cap),0.000001)))"
cn_integrated_feature_factor_candidate_pack_v2_coverage_aware_20260603_phase3am_sanitized_v1_20260609.json,cn_integrated_v2_rzrq_size_normalized_00331,rzrq_size_normalized,direct_true_1min_ready,2,amount|ctx_rzrq_rzche5d,nonminute_pit_context|raw_true_1min_column,blocked_or_context_only|direct_with_trade_time_semantics,"CSRank(Div($ctx_rzrq_rzche5d,Add(Abs($amount),0.000001)))"
cn_integrated_feature_factor_candidate_pack_v2_coverage_aware_20260603_phase3am_sanitized_v1_20260609.json,cn_integrated_v2_rzrq_size_normalized_00332,rzrq_size_normalized,needs_route_mapping_or_rederivation,2,ctx_rzrq_rzjme|final_float_market_cap,current_daily_or_derived_panel_only|nonminute_pit_context,blocked_or_context_only|requires_route_mapping_or_rederivation,"CSRank(Div($ctx_rzrq_rzjme,Add(Abs($final_float_market_cap),0.000001)))"
cn_integrated_feature_factor_candidate_pack_v2_coverage_aware_20260603_phase3am_sanitized_v1_20260609.json,cn_integrated_v2_rzrq_size_normalized_00333,rzrq_size_normalized,direct_true_1min_ready,2,amount|ctx_rzrq_rzjme,nonminute_pit_context|raw_true_1min_column,blocked_or_context_only|direct_with_trade_time_semantics,"CSRank(Div($ctx_rzrq_rzjme,Add(Abs($amount),0.000001)))"
cn_integrated_feature_factor_candidate_pack_v2_coverage_aware_20260603_phase3am_sanitized_v1_20260609.json,cn_integrated_v2_rzrq_size_normalized_00334,rzrq_size_normalized,needs_route_mapping_or_rederivation,2,ctx_rzrq_rzjme10d|final_float_market_cap,current_daily_or_derived_panel_only|nonminute_pit_context,blocked_or_context_only|requires_route_mapping_or_rederivation,"CSRank(Div($ctx_rzrq_rzjme10d,Add(Abs($final_float_market_cap),0.000001)))"
cn_integrated_feature_factor_candidate_pack_v2_coverage_aware_20260603_phase3am_sanitized_v1_20260609.json,cn_integrated_v2_rzrq_size_normalized_00335,rzrq_size_normalized,direct_true_1min_ready,2,amount|ctx_rzrq_rzjme10d,nonminute_pit_context|raw_true_1min_column,blocked_or_context_only|direct_with_trade_time_semantics,"CSRank(Div($ctx_rzrq_rzjme10d,Add(Abs($amount),0.000001)))"
cn_integrated_feature_factor_candidate_pack_v2_coverage_aware_20260603_phase3am_sanitized_v1_20260609.json,cn_integrated_v2_rzrq_size_normalized_00336,rzrq_size_normalized,needs_route_mapping_or_rederivation,2,ctx_rzrq_rzjme3d|final_float_market_cap,current_daily_or_derived_panel_only|nonminute_pit_context,blocked_or_context_only|requires_route_mapping_or_rederivation,"CSRank(Div($ctx_rzrq_rzjme3d,Add(Abs($final_float_market_cap),0.000001)))"
cn_integrated_feature_factor_candidate_pack_v2_coverage_aware_20260603_phase3am_sanitized_v1_20260609.json,cn_integrated_v2_rzrq_size_normalized_00337,rzrq_size_normalized,direct_true_1min_ready,2,amount|ctx_rzrq_rzjme3d,nonminute_pit_context|raw_true_1min_column,blocked_or_context_only|direct_with_trade_time_semantics,"CSRank(Div($ctx_rzrq_rzjme3d,Add(Abs($amount),0.000001)))"
cn_integrated_feature_factor_candidate_pack_v2_coverage_aware_20260603_phase3am_sanitized_v1_20260609.json,cn_integrated_v2_rzrq_size_normalized_00338,rzrq_size_normalized,needs_route_mapping_or_rederivation,2,ctx_rzrq_rzjme5d|final_float_market_cap,current_daily_or_derived_panel_only|nonminute_pit_context,blocked_or_context_only|requires_route_mapping_or_rederivation,"CSRank(Div($ctx_rzrq_rzjme5d,Add(Abs($final_float_market_cap),0.000001)))"
cn_integrated_feature_factor_candidate_pack_v2_coverage_aware_20260603_phase3am_sanitized_v1_20260609.json,cn_integrated_v2_rzrq_size_normalized_00339,rzrq_size_normalized,direct_true_1min_ready,2,amount|ctx_rzrq_rzjme5d,nonminute_pit_context|raw_true_1min_column,blocked_or_context_only|direct_with_trade_time_semantics,"CSRank(Div($ctx_rzrq_rzjme5d,Add(Abs($amount),0.000001)))"
cn_integrated_feature_factor_candidate_pack_v2_coverage_aware_20260603_phase3am_sanitized_v1_20260609.json,cn_integrated_v2_rzrq_size_normalized_00340,rzrq_size_normalized,needs_route_mapping_or_rederivation,2,ctx_rzrq_rzmre|final_float_market_cap,current_daily_or_derived_panel_only|nonminute_pit_context,blocked_or_context_only|requires_route_mapping_or_rederivation,"CSRank(Div($ctx_rzrq_rzmre,Add(Abs($final_float_market_cap),0.000001)))"
cn_integrated_feature_factor_candidate_pack_v2_coverage_aware_20260603_phase3am_sanitized_v1_20260609.json,cn_integrated_v2_rzrq_size_normalized_00341,rzrq_size_normalized,direct_true_1min_ready,2,amount|ctx_rzrq_rzmre,nonminute_pit_context|raw_true_1min_column,blocked_or_context_only|direct_with_trade_time_semantics,"CSRank(Div($ctx_rzrq_rzmre,Add(Abs($amount),0.000001)))"
cn_integrated_feature_factor_candidate_pack_v2_coverage_aware_20260603_phase3am_sanitized_v1_20260609.json,cn_integrated_v2_minute_amount_share_daily_00342,minute_amount_share_daily,blocked_for_true_1min_search,2,amount|m1_amount_day,minute_derived_after_close_or_label|raw_true_1min_column,direct_with_trade_time_semantics|forbidden,"CSRank(Div($m1_amount_day,Add(Abs($amount),0.000001)))"
cn_integrated_feature_factor_candidate_pack_v2_coverage_aware_20260603_phase3am_sanitized_v1_20260609.json,cn_integrated_v2_minute_amount_share_daily_00343,minute_amount_share_daily,adaptable_after_recompute_on_trade_time,2,amount|m1_first15_amount,opening_window_feature|raw_true_1min_column,direct_with_trade_time_semantics|recompute_on_trade_time_backbone_required,"CSRank(Div($m1_first15_amount,Add(Abs($amount),0.000001)))"
cn_integrated_feature_factor_candidate_pack_v2_coverage_aware_20260603_phase3am_sanitized_v1_20260609.json,cn_integrated_v2_minute_vs_daily_vwap_residual_00344,minute_vs_daily_vwap_residual,needs_route_mapping_or_rederivation,2,m1_first15_last_return_vs_open|vwap,current_daily_or_derived_panel_only|opening_window_feature,recompute_on_trade_time_backbone_required|requires_route_mapping_or_rederivation,"CSRank(Sub(ZScore($m1_first15_last_return_vs_open),ZScore($vwap)))"
cn_integrated_feature_factor_candidate_pack_v2_coverage_aware_20260603_phase3am_sanitized_v1_20260609.json,cn_integrated_v2_minute_vs_daily_vwap_residual_00345,minute_vs_daily_vwap_residual,needs_route_mapping_or_rederivation,2,m1_first15_range|vwap,current_daily_or_derived_panel_only|opening_window_feature,recompute_on_trade_time_backbone_required|requires_route_mapping_or_rederivation,"CSRank(Sub(ZScore($m1_first15_range),ZScore($vwap)))"
cn_integrated_feature_factor_candidate_pack_v2_coverage_aware_20260603_phase3am_sanitized_v1_20260609.json,cn_integrated_v2_minute_amount_share_daily_00346,minute_amount_share_daily,adaptable_after_recompute_on_trade_time,2,amount|m1_first15_vol,opening_window_feature|raw_true_1min_column,direct_with_trade_time_semantics|recompute_on_trade_time_backbone_required,"CSRank(Div($m1_first15_vol,Add(Abs($amount),0.000001)))"
cn_integrated_feature_factor_candidate_pack_v2_coverage_aware_20260603_phase3am_sanitized_v1_20260609.json,cn_integrated_v2_minute_vs_daily_vwap_residual_00347,minute_vs_daily_vwap_residual,needs_route_mapping_or_rederivation,2,m1_first15_vwap|vwap,current_daily_or_derived_panel_only|opening_window_feature,recompute_on_trade_time_backbone_required|requires_route_mapping_or_rederivation,"CSRank(Sub(ZScore($m1_first15_vwap),ZScore($vwap)))"
cn_integrated_feature_factor_candidate_pack_v2_coverage_aware_20260603_phase3am_sanitized_v1_20260609.json,cn_integrated_v2_minute_vs_daily_vwap_residual_00348,minute_vs_daily_vwap_residual,needs_route_mapping_or_rederivation,2,m1_first15_vwap_return_vs_open|vwap,current_daily_or_derived_panel_only|opening_window_feature,recompute_on_trade_time_backbone_required|requires_route_mapping_or_rederivation,"CSRank(Sub(ZScore($m1_first15_vwap_return_vs_open),ZScore($vwap)))"
cn_integrated_feature_factor_candidate_pack_v2_coverage_aware_20260603_phase3am_sanitized_v1_20260609.json,cn_integrated_v2_minute_amount_share_daily_00349,minute_amount_share_daily,adaptable_after_recompute_on_trade_time,2,amount|m1_first30_amount,opening_window_feature|raw_true_1min_column,direct_with_trade_time_semantics|recompute_on_trade_time_backbone_required,"CSRank(Div($m1_first30_amount,Add(Abs($amount),0.000001)))"
cn_integrated_feature_factor_candidate_pack_v2_coverage_aware_20260603_phase3am_sanitized_v1_20260609.json,cn_integrated_v2_minute_vs_daily_vwap_residual_00350,minute_vs_daily_vwap_residual,needs_route_mapping_or_rederivation,2,m1_first30_last_return_vs_open|vwap,current_daily_or_derived_panel_only|opening_window_feature,recompute_on_trade_time_backbone_required|requires_route_mapping_or_rederivation,"CSRank(Sub(ZScore($m1_first30_last_return_vs_open),ZScore($vwap)))"
cn_integrated_feature_factor_candidate_pack_v2_coverage_aware_20260603_phase3am_sanitized_v1_20260609.json,cn_integrated_v2_minute_vs_daily_vwap_residual_00351,minute_vs_daily_vwap_residual,needs_route_mapping_or_rederivation,2,m1_first30_range|vwap,current_daily_or_derived_panel_only|opening_window_feature,recompute_on_trade_time_backbone_required|requires_route_mapping_or_rederivation,"CSRank(Sub(ZScore($m1_first30_range),ZScore($vwap)))"
cn_integrated_feature_factor_candidate_pack_v2_coverage_aware_20260603_phase3am_sanitized_v1_20260609.json,cn_integrated_v2_minute_amount_share_daily_00352,minute_amount_share_daily,adaptable_after_recompute_on_trade_time,2,amount|m1_first30_vol,opening_window_feature|raw_true_1min_column,direct_with_trade_time_semantics|recompute_on_trade_time_backbone_required,"CSRank(Div($m1_first30_vol,Add(Abs($amount),0.000001)))"
cn_integrated_feature_factor_candidate_pack_v2_coverage_aware_20260603_phase3am_sanitized_v1_20260609.json,cn_integrated_v2_minute_vs_daily_vwap_residual_00353,minute_vs_daily_vwap_residual,needs_route_mapping_or_rederivation,2,m1_first30_vwap|vwap,current_daily_or_derived_panel_only|opening_window_feature,recompute_on_trade_time_backbone_required|requires_route_mapping_or_rederivation,"CSRank(Sub(ZScore($m1_first30_vwap),ZScore($vwap)))"
cn_integrated_feature_factor_candidate_pack_v2_coverage_aware_20260603_phase3am_sanitized_v1_20260609.json,cn_integrated_v2_minute_vs_daily_vwap_residual_00354,minute_vs_daily_vwap_residual,needs_route_mapping_or_rederivation,2,m1_first30_vwap_return_vs_open|vwap,current_daily_or_derived_panel_only|opening_window_feature,recompute_on_trade_time_backbone_required|requires_route_mapping_or_rederivation,"CSRank(Sub(ZScore($m1_first30_vwap_return_vs_open),ZScore($vwap)))"
cn_integrated_feature_factor_candidate_pack_v2_coverage_aware_20260603_phase3am_sanitized_v1_20260609.json,cn_integrated_v2_minute_amount_share_daily_00355,minute_amount_share_daily,adaptable_after_recompute_on_trade_time,2,amount|m1_first5_amount,opening_window_feature|raw_true_1min_column,direct_with_trade_time_semantics|recompute_on_trade_time_backbone_required,"CSRank(Div($m1_first5_amount,Add(Abs($amount),0.000001)))"
cn_phase3ad_new_data_factor_candidate_pack_coverage_filtered_v1_20260603_phase3am_sanitized_v1_20260609.json,phase3ad_newdata_fundamental_debt_asset_inverse_00001,fundamental_debt_asset_inverse,needs_route_mapping_or_rederivation,2,ctx_fulla_bs_total_assets|ctx_fulla_bs_total_liabilities,current_daily_or_derived_panel_only,requires_route_mapping_or_rederivation,"CSRank(Neg(Div($ctx_fulla_bs_total_liabilities,Add(Abs($ctx_fulla_bs_total_assets),0.000001))))"
cn_phase3ad_new_data_factor_candidate_pack_coverage_filtered_v1_20260603_phase3am_sanitized_v1_20260609.json,phase3ad_newdata_fundamental_cash_asset_quality_00002,fundamental_cash_asset_quality,needs_route_mapping_or_rederivation,2,ctx_fulla_bs_monetaryfunds|ctx_fulla_bs_total_assets,current_daily_or_derived_panel_only,requires_route_mapping_or_rederivation,"CSRank(Div($ctx_fulla_bs_monetaryfunds,Add(Abs($ctx_fulla_bs_total_assets),0.000001)))"
cn_phase3ad_new_data_factor_candidate_pack_coverage_filtered_v1_20260603_phase3am_sanitized_v1_20260609.json,phase3ad_newdata_fundamental_goodwill_asset_inverse_00003,fundamental_goodwill_asset_inverse,needs_route_mapping_or_rederivation,2,ctx_fulla_bs_goodwill|ctx_fulla_bs_total_assets,current_daily_or_derived_panel_only,requires_route_mapping_or_rederivation,"CSRank(Neg(Div($ctx_fulla_bs_goodwill,Add(Abs($ctx_fulla_bs_total_assets),0.000001))))"
cn_phase3ad_new_data_factor_candidate_pack_coverage_filtered_v1_20260603_phase3am_sanitized_v1_20260609.json,phase3ad_newdata_fundamental_inventory_asset_inverse_00004,fundamental_inventory_asset_inverse,needs_route_mapping_or_rederivation,2,ctx_fulla_bs_inventory|ctx_fulla_bs_total_assets,current_daily_or_derived_panel_only,requires_route_mapping_or_rederivation,"CSRank(Neg(Div($ctx_fulla_bs_inventory,Add(Abs($ctx_fulla_bs_total_assets),0.000001))))"
cn_phase3ad_new_data_factor_candidate_pack_coverage_filtered_v1_20260603_phase3am_sanitized_v1_20260609.json,phase3ad_newdata_fundamental_current_ratio_00005,fundamental_current_ratio,needs_route_mapping_or_rederivation,2,ctx_fulla_bs_total_current_assets|ctx_fulla_bs_total_current_liab,current_daily_or_derived_panel_only,requires_route_mapping_or_rederivation,"CSRank(Div($ctx_fulla_bs_total_current_assets,Add(Abs($ctx_fulla_bs_total_current_liab),0.000001)))"
cn_phase3ad_new_data_factor_candidate_pack_coverage_filtered_v1_20260603_phase3am_sanitized_v1_20260609.json,phase3ad_newdata_fundamental_equity_asset_quality_00006,fundamental_equity_asset_quality,needs_route_mapping_or_rederivation,2,ctx_fulla_bs_total_assets|ctx_fulla_bs_total_equity,current_daily_or_derived_panel_only,requires_route_mapping_or_rederivation,"CSRank(Div($ctx_fulla_bs_total_equity,Add(Abs($ctx_fulla_bs_total_assets),0.000001)))"
cn_phase3ad_new_data_factor_candidate_pack_coverage_filtered_v1_20260603_phase3am_sanitized_v1_20260609.json,phase3ad_newdata_fundamental_fixed_asset_intensity_00007,fundamental_fixed_asset_intensity,needs_route_mapping_or_rederivation,2,ctx_fulla_bs_fixed_asset|ctx_fulla_bs_total_assets,current_daily_or_derived_panel_only,requires_route_mapping_or_rederivation,"CSRank(Div($ctx_fulla_bs_fixed_asset,Add(Abs($ctx_fulla_bs_total_assets),0.000001)))"
cn_phase3ad_new_data_factor_candidate_pack_coverage_filtered_v1_20260603_phase3am_sanitized_v1_20260609.json,phase3ad_newdata_fundamental_intangible_asset_inverse_00008,fundamental_intangible_asset_inverse,needs_route_mapping_or_rederivation,2,ctx_fulla_bs_intangible_asset|ctx_fulla_bs_total_assets,current_daily_or_derived_panel_only,requires_route_mapping_or_rederivation,"CSRank(Neg(Div($ctx_fulla_bs_intangible_asset,Add(Abs($ctx_fulla_bs_total_assets),0.000001))))"
cn_phase3ad_new_data_factor_candidate_pack_coverage_filtered_v1_20260603_phase3am_sanitized_v1_20260609.json,phase3ad_newdata_fundamental_netprofit_margin_00009,fundamental_netprofit_margin,needs_route_mapping_or_rederivation,2,ctx_fulla_ps_netprofit|ctx_fulla_ps_total_operate_income,current_daily_or_derived_panel_only,requires_route_mapping_or_rederivation,"CSRank(Div($ctx_fulla_ps_netprofit,Add(Abs($ctx_fulla_ps_total_operate_income),0.000001)))"
cn_phase3ad_new_data_factor_candidate_pack_coverage_filtered_v1_20260603_phase3am_sanitized_v1_20260609.json,phase3ad_newdata_fundamental_parent_netprofit_margin_00010,fundamental_parent_netprofit_margin,needs_route_mapping_or_rederivation,2,ctx_fulla_ps_parent_netprofit|ctx_fulla_ps_total_operate_income,current_daily_or_derived_panel_only,requires_route_mapping_or_rederivation,"CSRank(Div($ctx_fulla_ps_parent_netprofit,Add(Abs($ctx_fulla_ps_total_operate_income),0.000001)))"
cn_phase3ad_new_data_factor_candidate_pack_coverage_filtered_v1_20260603_phase3am_sanitized_v1_20260609.json,phase3ad_newdata_fundamental_operate_profit_margin_00011,fundamental_operate_profit_margin,needs_route_mapping_or_rederivation,2,ctx_fulla_ps_operate_profit|ctx_fulla_ps_total_operate_income,current_daily_or_derived_panel_only,requires_route_mapping_or_rederivation,"CSRank(Div($ctx_fulla_ps_operate_profit,Add(Abs($ctx_fulla_ps_total_operate_income),0.000001)))"
cn_phase3ad_new_data_factor_candidate_pack_coverage_filtered_v1_20260603_phase3am_sanitized_v1_20260609.json,phase3ad_newdata_fundamental_total_profit_margin_00012,fundamental_total_profit_margin,needs_route_mapping_or_rederivation,2,ctx_fulla_ps_total_operate_income|ctx_fulla_ps_total_profit,current_daily_or_derived_panel_only,requires_route_mapping_or_rederivation,"CSRank(Div($ctx_fulla_ps_total_profit,Add(Abs($ctx_fulla_ps_total_operate_income),0.000001)))"
cn_phase3ad_new_data_factor_candidate_pack_coverage_filtered_v1_20260603_phase3am_sanitized_v1_20260609.json,phase3ad_newdata_fundamental_cost_intensity_inverse_00013,fundamental_cost_intensity_inverse,needs_route_mapping_or_rederivation,2,ctx_fulla_ps_operate_cost|ctx_fulla_ps_total_operate_income,current_daily_or_derived_panel_only,requires_route_mapping_or_rederivation,"CSRank(Neg(Div($ctx_fulla_ps_operate_cost,Add(Abs($ctx_fulla_ps_total_operate_income),0.000001))))"
cn_phase3ad_new_data_factor_candidate_pack_coverage_filtered_v1_20260603_phase3am_sanitized_v1_20260609.json,phase3ad_newdata_fundamental_sales_expense_intensity_inverse_00014,fundamental_sales_expense_intensity_inverse,needs_route_mapping_or_rederivation,2,ctx_fulla_ps_sale_expense|ctx_fulla_ps_total_operate_income,current_daily_or_derived_panel_only,requires_route_mapping_or_rederivation,"CSRank(Neg(Div($ctx_fulla_ps_sale_expense,Add(Abs($ctx_fulla_ps_total_operate_income),0.000001))))"
cn_phase3ad_new_data_factor_candidate_pack_coverage_filtered_v1_20260603_phase3am_sanitized_v1_20260609.json,phase3ad_newdata_fundamental_manage_expense_intensity_inverse_00015,fundamental_manage_expense_intensity_inverse,needs_route_mapping_or_rederivation,2,ctx_fulla_ps_manage_expense|ctx_fulla_ps_total_operate_income,current_daily_or_derived_panel_only,requires_route_mapping_or_rederivation,"CSRank(Neg(Div($ctx_fulla_ps_manage_expense,Add(Abs($ctx_fulla_ps_total_operate_income),0.000001))))"
cn_phase3ad_new_data_factor_candidate_pack_coverage_filtered_v1_20260603_phase3am_sanitized_v1_20260609.json,phase3ad_newdata_fundamental_research_intensity_00016,fundamental_research_intensity,needs_route_mapping_or_rederivation,2,ctx_fulla_ps_research_expense|ctx_fulla_ps_total_operate_income,current_daily_or_derived_panel_only,requires_route_mapping_or_rederivation,"CSRank(Div($ctx_fulla_ps_research_expense,Add(Abs($ctx_fulla_ps_total_operate_income),0.000001)))"
cn_phase3ad_new_data_factor_candidate_pack_coverage_filtered_v1_20260603_phase3am_sanitized_v1_20260609.json,phase3ad_newdata_fundamental_finance_expense_inverse_00017,fundamental_finance_expense_inverse,needs_route_mapping_or_rederivation,2,ctx_fulla_ps_finance_expense|ctx_fulla_ps_total_operate_income,current_daily_or_derived_panel_only,requires_route_mapping_or_rederivation,"CSRank(Neg(Div($ctx_fulla_ps_finance_expense,Add(Abs($ctx_fulla_ps_total_operate_income),0.000001))))"
cn_phase3ad_new_data_factor_candidate_pack_coverage_filtered_v1_20260603_phase3am_sanitized_v1_20260609.json,phase3ad_newdata_fundamental_yoy_total_operate_income_yoy_00018,fundamental_yoy_total_operate_income_yoy,needs_route_mapping_or_rederivation,1,ctx_fulla_ps_total_operate_income_yoy,current_daily_or_derived_panel_only,requires_route_mapping_or_rederivation,CSRank($ctx_fulla_ps_total_operate_income_yoy)
cn_phase3ad_new_data_factor_candidate_pack_coverage_filtered_v1_20260603_phase3am_sanitized_v1_20260609.json,phase3ad_newdata_fundamental_yoy_operate_profit_yoy_00019,fundamental_yoy_operate_profit_yoy,needs_route_mapping_or_rederivation,1,ctx_fulla_ps_operate_profit_yoy,current_daily_or_derived_panel_only,requires_route_mapping_or_rederivation,CSRank($ctx_fulla_ps_operate_profit_yoy)
cn_phase3ad_new_data_factor_candidate_pack_coverage_filtered_v1_20260603_phase3am_sanitized_v1_20260609.json,phase3ad_newdata_fundamental_yoy_netprofit_yoy_00020,fundamental_yoy_netprofit_yoy,needs_route_mapping_or_rederivation,1,ctx_fulla_ps_netprofit_yoy,current_daily_or_derived_panel_only,requires_route_mapping_or_rederivation,CSRank($ctx_fulla_ps_netprofit_yoy)
cn_phase3ad_new_data_factor_candidate_pack_coverage_filtered_v1_20260603_phase3am_sanitized_v1_20260609.json,phase3ad_newdata_fundamental_yoy_parent_netprofit_yoy_00021,fundamental_yoy_parent_netprofit_yoy,needs_route_mapping_or_rederivation,1,ctx_fulla_ps_parent_netprofit_yoy,current_daily_or_derived_panel_only,requires_route_mapping_or_rederivation,CSRank($ctx_fulla_ps_parent_netprofit_yoy)
cn_phase3ad_new_data_factor_candidate_pack_coverage_filtered_v1_20260603_phase3am_sanitized_v1_20260609.json,phase3ad_newdata_fundamental_yoy_total_assets_yoy_00022,fundamental_yoy_total_assets_yoy,needs_route_mapping_or_rederivation,1,ctx_fulla_bs_total_assets_yoy,current_daily_or_derived_panel_only,requires_route_mapping_or_rederivation,CSRank(Neg($ctx_fulla_bs_total_assets_yoy))
cn_phase3ad_new_data_factor_candidate_pack_coverage_filtered_v1_20260603_phase3am_sanitized_v1_20260609.json,phase3ad_newdata_fundamental_yoy_total_liabilities_yoy_00023,fundamental_yoy_total_liabilities_yoy,needs_route_mapping_or_rederivation,1,ctx_fulla_bs_total_liabilities_yoy,current_daily_or_derived_panel_only,requires_route_mapping_or_rederivation,CSRank(Neg($ctx_fulla_bs_total_liabilities_yoy))
cn_phase3ad_new_data_factor_candidate_pack_coverage_filtered_v1_20260603_phase3am_sanitized_v1_20260609.json,phase3ad_newdata_fundamental_yoy_goodwill_yoy_00024,fundamental_yoy_goodwill_yoy,needs_route_mapping_or_rederivation,1,ctx_fulla_bs_goodwill_yoy,current_daily_or_derived_panel_only,requires_route_mapping_or_rederivation,CSRank(Neg($ctx_fulla_bs_goodwill_yoy))
cn_phase3ad_new_data_factor_candidate_pack_coverage_filtered_v1_20260603_phase3am_sanitized_v1_20260609.json,phase3ad_newdata_fundamental_yoy_inventory_yoy_00025,fundamental_yoy_inventory_yoy,needs_route_mapping_or_rederivation,1,ctx_fulla_bs_inventory_yoy,current_daily_or_derived_panel_only,requires_route_mapping_or_rederivation,CSRank(Neg($ctx_fulla_bs_inventory_yoy))
cn_phase3ad_new_data_factor_candidate_pack_coverage_filtered_v1_20260603_phase3am_sanitized_v1_20260609.json,phase3ad_newdata_sentiment_limit_density_00032,sentiment_limit_density,needs_route_mapping_or_rederivation,3,ctx_sent_down_num|ctx_sent_up_num|ctx_sent_uplimit_num,current_daily_or_derived_panel_only,requires_route_mapping_or_rederivation,"CSRank(Div($ctx_sent_uplimit_num,Add(Abs(Add(Add($ctx_sent_up_num,$ctx_sent_down_num),0.000001)),0.000001)))"
cn_phase3ad_new_data_factor_candidate_pack_coverage_filtered_v1_20260603_phase3am_sanitized_v1_20260609.json,phase3ad_newdata_sentiment_downlimit_pressure_inverse_00033,sentiment_downlimit_pressure_inverse,needs_route_mapping_or_rederivation,3,ctx_sent_down_num|ctx_sent_downlimit_num|ctx_sent_up_num,current_daily_or_derived_panel_only,requires_route_mapping_or_rederivation,"CSRank(Neg(Div($ctx_sent_downlimit_num,Add(Abs(Add(Add($ctx_sent_up_num,$ctx_sent_down_num),0.000001)),0.000001))))"
cn_phase3ad_new_data_factor_candidate_pack_coverage_filtered_v1_20260603_phase3am_sanitized_v1_20260609.json,phase3ad_newdata_sentiment_board_continuation_ratio_00034,sentiment_board_continuation_ratio,needs_route_mapping_or_rederivation,3,ctx_sent_lb_2_num|ctx_sent_lb_3_num|ctx_sent_uplimit_num,current_daily_or_derived_panel_only,requires_route_mapping_or_rederivation,"CSRank(Div(Add($ctx_sent_lb_2_num,Mul(2.0,$ctx_sent_lb_3_num)),Add(Abs($ctx_sent_uplimit_num),0.000001)))"
cn_phase3ad_new_data_factor_candidate_pack_coverage_filtered_v1_20260603_phase3am_sanitized_v1_20260609.json,phase3ad_newdata_sentiment_market_high_board_00035,sentiment_market_high_board,needs_route_mapping_or_rederivation,1,ctx_sent_max_lb_num,current_daily_or_derived_panel_only,requires_route_mapping_or_rederivation,CSRank($ctx_sent_max_lb_num)
cn_phase3ad_new_data_factor_candidate_pack_coverage_filtered_v1_20260603_phase3am_sanitized_v1_20260609.json,phase3ad_newdata_sentiment_open_board_pressure_inverse_00036,sentiment_open_board_pressure_inverse,needs_route_mapping_or_rederivation,1,ctx_sent_zb_num,current_daily_or_derived_panel_only,requires_route_mapping_or_rederivation,CSRank(Neg($ctx_sent_zb_num))
cn_phase3ad_new_data_factor_candidate_pack_coverage_filtered_v1_20260603_phase3am_sanitized_v1_20260609.json,phase3ad_newdata_sentiment_big_fail_pressure_inverse_00037,sentiment_big_fail_pressure_inverse,needs_route_mapping_or_rederivation,1,ctx_sent_damian_num,current_daily_or_derived_panel_only,requires_route_mapping_or_rederivation,CSRank(Neg($ctx_sent_damian_num))
cn_phase3ad_new_data_factor_candidate_pack_coverage_filtered_v1_20260603_phase3am_sanitized_v1_20260609.json,phase3ad_newdata_sentiment_heaven_earth_inverse_00038,sentiment_heaven_earth_inverse,needs_route_mapping_or_rederivation,1,ctx_sent_tiandi_num,current_daily_or_derived_panel_only,requires_route_mapping_or_rederivation,CSRank(Neg($ctx_sent_tiandi_num))
cn_phase3ad_new_data_factor_candidate_pack_coverage_filtered_v1_20260603_phase3am_sanitized_v1_20260609.json,phase3ad_newdata_sentiment_floor_to_ceiling_strength_00039,sentiment_floor_to_ceiling_strength,needs_route_mapping_or_rederivation,1,ctx_sent_ditian_num,current_daily_or_derived_panel_only,requires_route_mapping_or_rederivation,CSRank($ctx_sent_ditian_num)
cn_phase3ad_new_data_factor_candidate_pack_coverage_filtered_v1_20260603_phase3am_sanitized_v1_20260609.json,phase3ad_newdata_atomic_direct_rank_00070,atomic_direct_rank,needs_route_mapping_or_rederivation,1,ctx_fulla_bs_accounts_payable,current_daily_or_derived_panel_only,requires_route_mapping_or_rederivation,CSRank($ctx_fulla_bs_accounts_payable)
cn_phase3ad_new_data_factor_candidate_pack_coverage_filtered_v1_20260603_phase3am_sanitized_v1_20260609.json,phase3ad_newdata_atomic_inverse_rank_00071,atomic_inverse_rank,needs_route_mapping_or_rederivation,1,ctx_fulla_bs_accounts_payable,current_daily_or_derived_panel_only,requires_route_mapping_or_rederivation,CSRank(Neg($ctx_fulla_bs_accounts_payable))
cn_phase3ad_new_data_factor_candidate_pack_coverage_filtered_v1_20260603_phase3am_sanitized_v1_20260609.json,phase3ad_newdata_atomic_direct_rank_00072,atomic_direct_rank,needs_route_mapping_or_rederivation,1,ctx_fulla_bs_accounts_rece,current_daily_or_derived_panel_only,requires_route_mapping_or_rederivation,CSRank($ctx_fulla_bs_accounts_rece)
cn_phase3ad_new_data_factor_candidate_pack_coverage_filtered_v1_20260603_phase3am_sanitized_v1_20260609.json,phase3ad_newdata_atomic_inverse_rank_00073,atomic_inverse_rank,needs_route_mapping_or_rederivation,1,ctx_fulla_bs_accounts_rece,current_daily_or_derived_panel_only,requires_route_mapping_or_rederivation,CSRank(Neg($ctx_fulla_bs_accounts_rece))
cn_phase3ad_new_data_factor_candidate_pack_coverage_filtered_v1_20260603_phase3am_sanitized_v1_20260609.json,phase3ad_newdata_atomic_direct_rank_00076,atomic_direct_rank,needs_route_mapping_or_rederivation,1,ctx_fulla_bs_advance_receivables,current_daily_or_derived_panel_only,requires_route_mapping_or_rederivation,CSRank($ctx_fulla_bs_advance_receivables)
cn_phase3ad_new_data_factor_candidate_pack_coverage_filtered_v1_20260603_phase3am_sanitized_v1_20260609.json,phase3ad_newdata_atomic_inverse_rank_00077,atomic_inverse_rank,needs_route_mapping_or_rederivation,1,ctx_fulla_bs_advance_receivables,current_daily_or_derived_panel_only,requires_route_mapping_or_rederivation,CSRank(Neg($ctx_fulla_bs_advance_receivables))
cn_phase3ad_new_data_factor_candidate_pack_coverage_filtered_v1_20260603_phase3am_sanitized_v1_20260609.json,phase3ad_newdata_atomic_direct_rank_00094,atomic_direct_rank,needs_route_mapping_or_rederivation,1,ctx_fulla_bs_asset_balance,current_daily_or_derived_panel_only,requires_route_mapping_or_rederivation,CSRank($ctx_fulla_bs_asset_balance)
cn_phase3ad_new_data_factor_candidate_pack_coverage_filtered_v1_20260603_phase3am_sanitized_v1_20260609.json,phase3ad_newdata_atomic_inverse_rank_00095,atomic_inverse_rank,needs_route_mapping_or_rederivation,1,ctx_fulla_bs_asset_balance,current_daily_or_derived_panel_only,requires_route_mapping_or_rederivation,CSRank(Neg($ctx_fulla_bs_asset_balance))
cn_phase3ad_new_data_factor_candidate_pack_coverage_filtered_v1_20260603_phase3am_sanitized_v1_20260609.json,phase3ad_newdata_atomic_direct_rank_00102,atomic_direct_rank,needs_route_mapping_or_rederivation,1,ctx_fulla_bs_bond_payable,current_daily_or_derived_panel_only,requires_route_mapping_or_rederivation,CSRank($ctx_fulla_bs_bond_payable)
cn_phase3ad_new_data_factor_candidate_pack_coverage_filtered_v1_20260603_phase3am_sanitized_v1_20260609.json,phase3ad_newdata_atomic_inverse_rank_00103,atomic_inverse_rank,needs_route_mapping_or_rederivation,1,ctx_fulla_bs_bond_payable,current_daily_or_derived_panel_only,requires_route_mapping_or_rederivation,CSRank(Neg($ctx_fulla_bs_bond_payable))
cn_phase3ad_new_data_factor_candidate_pack_coverage_filtered_v1_20260603_phase3am_sanitized_v1_20260609.json,phase3ad_newdata_atomic_direct_rank_00108,atomic_direct_rank,needs_route_mapping_or_rederivation,1,ctx_fulla_bs_capital_reserve,current_daily_or_derived_panel_only,requires_route_mapping_or_rederivation,CSRank($ctx_fulla_bs_capital_reserve)
cn_phase3ad_new_data_factor_candidate_pack_coverage_filtered_v1_20260603_phase3am_sanitized_v1_20260609.json,phase3ad_newdata_atomic_inverse_rank_00109,atomic_inverse_rank,needs_route_mapping_or_rederivation,1,ctx_fulla_bs_capital_reserve,current_daily_or_derived_panel_only,requires_route_mapping_or_rederivation,CSRank(Neg($ctx_fulla_bs_capital_reserve))
cn_phase3ad_new_data_factor_candidate_pack_coverage_filtered_v1_20260603_phase3am_sanitized_v1_20260609.json,phase3ad_newdata_atomic_direct_rank_00110,atomic_direct_rank,needs_route_mapping_or_rederivation,1,ctx_fulla_bs_cip,current_daily_or_derived_panel_only,requires_route_mapping_or_rederivation,CSRank($ctx_fulla_bs_cip)
cn_phase3ad_new_data_factor_candidate_pack_coverage_filtered_v1_20260603_phase3am_sanitized_v1_20260609.json,phase3ad_newdata_atomic_inverse_rank_00111,atomic_inverse_rank,needs_route_mapping_or_rederivation,1,ctx_fulla_bs_cip,current_daily_or_derived_panel_only,requires_route_mapping_or_rederivation,CSRank(Neg($ctx_fulla_bs_cip))
cn_phase3ad_new_data_factor_candidate_pack_coverage_filtered_v1_20260603_phase3am_sanitized_v1_20260609.json,phase3ad_newdata_atomic_direct_rank_00114,atomic_direct_rank,needs_route_mapping_or_rederivation,1,ctx_fulla_bs_contract_asset,current_daily_or_derived_panel_only,requires_route_mapping_or_rederivation,CSRank($ctx_fulla_bs_contract_asset)
cn_phase3ad_new_data_factor_candidate_pack_coverage_filtered_v1_20260603_phase3am_sanitized_v1_20260609.json,phase3ad_newdata_atomic_inverse_rank_00115,atomic_inverse_rank,needs_route_mapping_or_rederivation,1,ctx_fulla_bs_contract_asset,current_daily_or_derived_panel_only,requires_route_mapping_or_rederivation,CSRank(Neg($ctx_fulla_bs_contract_asset))
cn_phase3ad_new_data_factor_candidate_pack_coverage_filtered_v1_20260603_phase3am_sanitized_v1_20260609.json,phase3ad_newdata_atomic_direct_rank_00116,atomic_direct_rank,needs_route_mapping_or_rederivation,1,ctx_fulla_bs_contract_liab,current_daily_or_derived_panel_only,requires_route_mapping_or_rederivation,CSRank($ctx_fulla_bs_contract_liab)
cn_phase3ad_new_data_factor_candidate_pack_coverage_filtered_v1_20260603_phase3am_sanitized_v1_20260609.json,phase3ad_newdata_atomic_inverse_rank_00117,atomic_inverse_rank,needs_route_mapping_or_rederivation,1,ctx_fulla_bs_contract_liab,current_daily_or_derived_panel_only,requires_route_mapping_or_rederivation,CSRank(Neg($ctx_fulla_bs_contract_liab))
cn_phase3ad_new_data_factor_candidate_pack_coverage_filtered_v1_20260603_phase3am_sanitized_v1_20260609.json,phase3ad_newdata_atomic_direct_rank_00120,atomic_direct_rank,needs_route_mapping_or_rederivation,1,ctx_fulla_bs_creditor_invest,current_daily_or_derived_panel_only,requires_route_mapping_or_rederivation,CSRank($ctx_fulla_bs_creditor_invest)
cn_phase3ad_new_data_factor_candidate_pack_coverage_filtered_v1_20260603_phase3am_sanitized_v1_20260609.json,phase3ad_newdata_atomic_inverse_rank_00121,atomic_inverse_rank,needs_route_mapping_or_rederivation,1,ctx_fulla_bs_creditor_invest,current_daily_or_derived_panel_only,requires_route_mapping_or_rederivation,CSRank(Neg($ctx_fulla_bs_creditor_invest))
cn_phase3ad_new_data_factor_candidate_pack_coverage_filtered_v1_20260603_phase3am_sanitized_v1_20260609.json,phase3ad_newdata_atomic_direct_rank_00122,atomic_direct_rank,needs_route_mapping_or_rederivation,1,ctx_fulla_bs_current_asset_balance,current_daily_or_derived_panel_only,requires_route_mapping_or_rederivation,CSRank($ctx_fulla_bs_current_asset_balance)
cn_phase3ad_new_data_factor_candidate_pack_coverage_filtered_v1_20260603_phase3am_sanitized_v1_20260609.json,phase3ad_newdata_atomic_inverse_rank_00123,atomic_inverse_rank,needs_route_mapping_or_rederivation,1,ctx_fulla_bs_current_asset_balance,current_daily_or_derived_panel_only,requires_route_mapping_or_rederivation,CSRank(Neg($ctx_fulla_bs_current_asset_balance))
cn_phase3ad_new_data_factor_candidate_pack_coverage_filtered_v1_20260603_phase3am_sanitized_v1_20260609.json,phase3ad_newdata_atomic_direct_rank_00126,atomic_direct_rank,needs_route_mapping_or_rederivation,1,ctx_fulla_bs_current_liab_balance,current_daily_or_derived_panel_only,requires_route_mapping_or_rederivation,CSRank($ctx_fulla_bs_current_liab_balance)
cn_phase3ad_new_data_factor_candidate_pack_coverage_filtered_v1_20260603_phase3am_sanitized_v1_20260609.json,phase3ad_newdata_atomic_inverse_rank_00127,atomic_inverse_rank,needs_route_mapping_or_rederivation,1,ctx_fulla_bs_current_liab_balance,current_daily_or_derived_panel_only,requires_route_mapping_or_rederivation,CSRank(Neg($ctx_fulla_bs_current_liab_balance))
cn_phase3ad_new_data_factor_candidate_pack_coverage_filtered_v1_20260603_phase3am_sanitized_v1_20260609.json,phase3ad_newdata_atomic_direct_rank_00130,atomic_direct_rank,needs_route_mapping_or_rederivation,1,ctx_fulla_bs_defer_income,current_daily_or_derived_panel_only,requires_route_mapping_or_rederivation,CSRank($ctx_fulla_bs_defer_income)
cn_phase3ad_new_data_factor_candidate_pack_coverage_filtered_v1_20260603_phase3am_sanitized_v1_20260609.json,phase3ad_newdata_atomic_inverse_rank_00131,atomic_inverse_rank,needs_route_mapping_or_rederivation,1,ctx_fulla_bs_defer_income,current_daily_or_derived_panel_only,requires_route_mapping_or_rederivation,CSRank(Neg($ctx_fulla_bs_defer_income))
cn_phase3ad_new_data_factor_candidate_pack_coverage_filtered_v1_20260603_phase3am_sanitized_v1_20260609.json,phase3ad_newdata_atomic_direct_rank_00134,atomic_direct_rank,needs_route_mapping_or_rederivation,1,ctx_fulla_bs_defer_tax_asset,current_daily_or_derived_panel_only,requires_route_mapping_or_rederivation,CSRank($ctx_fulla_bs_defer_tax_asset)
cn_phase3ad_new_data_factor_candidate_pack_coverage_filtered_v1_20260603_phase3am_sanitized_v1_20260609.json,phase3ad_newdata_atomic_inverse_rank_00135,atomic_inverse_rank,needs_route_mapping_or_rederivation,1,ctx_fulla_bs_defer_tax_asset,current_daily_or_derived_panel_only,requires_route_mapping_or_rederivation,CSRank(Neg($ctx_fulla_bs_defer_tax_asset))
cn_phase3ad_new_data_factor_candidate_pack_coverage_filtered_v1_20260603_phase3am_sanitized_v1_20260609.json,phase3ad_newdata_atomic_direct_rank_00136,atomic_direct_rank,needs_route_mapping_or_rederivation,1,ctx_fulla_bs_defer_tax_liab,current_daily_or_derived_panel_only,requires_route_mapping_or_rederivation,CSRank($ctx_fulla_bs_defer_tax_liab)
cn_phase3ad_new_data_factor_candidate_pack_coverage_filtered_v1_20260603_phase3am_sanitized_v1_20260609.json,phase3ad_newdata_atomic_inverse_rank_00137,atomic_inverse_rank,needs_route_mapping_or_rederivation,1,ctx_fulla_bs_defer_tax_liab,current_daily_or_derived_panel_only,requires_route_mapping_or_rederivation,CSRank(Neg($ctx_fulla_bs_defer_tax_liab))
cn_phase3ad_new_data_factor_candidate_pack_coverage_filtered_v1_20260603_phase3am_sanitized_v1_20260609.json,phase3ad_newdata_atomic_direct_rank_00138,atomic_direct_rank,needs_route_mapping_or_rederivation,1,ctx_fulla_bs_derive_finasset,current_daily_or_derived_panel_only,requires_route_mapping_or_rederivation,CSRank($ctx_fulla_bs_derive_finasset)
cn_phase3ad_new_data_factor_candidate_pack_coverage_filtered_v1_20260603_phase3am_sanitized_v1_20260609.json,phase3ad_newdata_atomic_inverse_rank_00139,atomic_inverse_rank,needs_route_mapping_or_rederivation,1,ctx_fulla_bs_derive_finasset,current_daily_or_derived_panel_only,requires_route_mapping_or_rederivation,CSRank(Neg($ctx_fulla_bs_derive_finasset))
cn_phase3ad_new_data_factor_candidate_pack_coverage_filtered_v1_20260603_phase3am_sanitized_v1_20260609.json,phase3ad_newdata_atomic_direct_rank_00140,atomic_direct_rank,needs_route_mapping_or_rederivation,1,ctx_fulla_bs_derive_finliab,current_daily_or_derived_panel_only,requires_route_mapping_or_rederivation,CSRank($ctx_fulla_bs_derive_finliab)
cn_phase3ad_new_data_factor_candidate_pack_coverage_filtered_v1_20260603_phase3am_sanitized_v1_20260609.json,phase3ad_newdata_atomic_inverse_rank_00141,atomic_inverse_rank,needs_route_mapping_or_rederivation,1,ctx_fulla_bs_derive_finliab,current_daily_or_derived_panel_only,requires_route_mapping_or_rederivation,CSRank(Neg($ctx_fulla_bs_derive_finliab))
cn_phase3ad_new_data_factor_candidate_pack_coverage_filtered_v1_20260603_phase3am_sanitized_v1_20260609.json,phase3ad_newdata_atomic_direct_rank_00142,atomic_direct_rank,needs_route_mapping_or_rederivation,1,ctx_fulla_bs_develop_expense,current_daily_or_derived_panel_only,requires_route_mapping_or_rederivation,CSRank($ctx_fulla_bs_develop_expense)
cn_phase3ad_new_data_factor_candidate_pack_coverage_filtered_v1_20260603_phase3am_sanitized_v1_20260609.json,phase3ad_newdata_atomic_inverse_rank_00143,atomic_inverse_rank,needs_route_mapping_or_rederivation,1,ctx_fulla_bs_develop_expense,current_daily_or_derived_panel_only,requires_route_mapping_or_rederivation,CSRank(Neg($ctx_fulla_bs_develop_expense))
cn_phase3ad_new_data_factor_candidate_pack_coverage_filtered_v1_20260603_phase3am_sanitized_v1_20260609.json,phase3ad_newdata_atomic_direct_rank_00148,atomic_direct_rank,needs_route_mapping_or_rederivation,1,ctx_fulla_bs_dividend_payable,current_daily_or_derived_panel_only,requires_route_mapping_or_rederivation,CSRank($ctx_fulla_bs_dividend_payable)
cn_phase3ad_new_data_factor_candidate_pack_coverage_filtered_v1_20260603_phase3am_sanitized_v1_20260609.json,phase3ad_newdata_atomic_inverse_rank_00149,atomic_inverse_rank,needs_route_mapping_or_rederivation,1,ctx_fulla_bs_dividend_payable,current_daily_or_derived_panel_only,requires_route_mapping_or_rederivation,CSRank(Neg($ctx_fulla_bs_dividend_payable))
cn_phase3ad_new_data_factor_candidate_pack_coverage_filtered_v1_20260603_phase3am_sanitized_v1_20260609.json,phase3ad_newdata_atomic_direct_rank_00150,atomic_direct_rank,needs_route_mapping_or_rederivation,1,ctx_fulla_bs_dividend_rece,current_daily_or_derived_panel_only,requires_route_mapping_or_rederivation,CSRank($ctx_fulla_bs_dividend_rece)
cn_phase3ad_new_data_factor_candidate_pack_coverage_filtered_v1_20260603_phase3am_sanitized_v1_20260609.json,phase3ad_newdata_atomic_inverse_rank_00151,atomic_inverse_rank,needs_route_mapping_or_rederivation,1,ctx_fulla_bs_dividend_rece,current_daily_or_derived_panel_only,requires_route_mapping_or_rederivation,CSRank(Neg($ctx_fulla_bs_dividend_rece))
cn_phase3ad_new_data_factor_candidate_pack_coverage_filtered_v1_20260603_phase3am_sanitized_v1_20260609.json,phase3ad_newdata_atomic_direct_rank_00152,atomic_direct_rank,needs_route_mapping_or_rederivation,1,ctx_fulla_bs_equity_balance,current_daily_or_derived_panel_only,requires_route_mapping_or_rederivation,CSRank($ctx_fulla_bs_equity_balance)
cn_phase3ad_new_data_factor_candidate_pack_coverage_filtered_v1_20260603_phase3am_sanitized_v1_20260609.json,phase3ad_newdata_atomic_inverse_rank_00153,atomic_inverse_rank,needs_route_mapping_or_rederivation,1,ctx_fulla_bs_equity_balance,current_daily_or_derived_panel_only,requires_route_mapping_or_rederivation,CSRank(Neg($ctx_fulla_bs_equity_balance))
cn_phase3ad_new_data_factor_candidate_pack_coverage_filtered_v1_20260603_phase3am_sanitized_v1_20260609.json,phase3ad_newdata_atomic_direct_rank_00162,atomic_direct_rank,needs_route_mapping_or_rederivation,1,ctx_fulla_bs_finance_rece,current_daily_or_derived_panel_only,requires_route_mapping_or_rederivation,CSRank($ctx_fulla_bs_finance_rece)
cn_phase3ad_new_data_factor_candidate_pack_coverage_filtered_v1_20260603_phase3am_sanitized_v1_20260609.json,phase3ad_newdata_atomic_inverse_rank_00163,atomic_inverse_rank,needs_route_mapping_or_rederivation,1,ctx_fulla_bs_finance_rece,current_daily_or_derived_panel_only,requires_route_mapping_or_rederivation,CSRank(Neg($ctx_fulla_bs_finance_rece))
cn_phase3ad_new_data_factor_candidate_pack_coverage_filtered_v1_20260603_phase3am_sanitized_v1_20260609.json,phase3ad_newdata_atomic_direct_rank_00164,atomic_direct_rank,needs_route_mapping_or_rederivation,1,ctx_fulla_bs_fixed_asset,current_daily_or_derived_panel_only,requires_route_mapping_or_rederivation,CSRank($ctx_fulla_bs_fixed_asset)
cn_phase3ad_new_data_factor_candidate_pack_coverage_filtered_v1_20260603_phase3am_sanitized_v1_20260609.json,phase3ad_newdata_atomic_inverse_rank_00165,atomic_inverse_rank,needs_route_mapping_or_rederivation,1,ctx_fulla_bs_fixed_asset,current_daily_or_derived_panel_only,requires_route_mapping_or_rederivation,CSRank(Neg($ctx_fulla_bs_fixed_asset))
cn_phase3ad_new_data_factor_candidate_pack_coverage_filtered_v1_20260603_phase3am_sanitized_v1_20260609.json,phase3ad_newdata_atomic_direct_rank_00178,atomic_direct_rank,needs_route_mapping_or_rederivation,1,ctx_fulla_bs_goodwill,current_daily_or_derived_panel_only,requires_route_mapping_or_rederivation,CSRank($ctx_fulla_bs_goodwill)
cn_phase3ad_new_data_factor_candidate_pack_coverage_filtered_v1_20260603_phase3am_sanitized_v1_20260609.json,phase3ad_newdata_atomic_inverse_rank_00179,atomic_inverse_rank,needs_route_mapping_or_rederivation,1,ctx_fulla_bs_goodwill,current_daily_or_derived_panel_only,requires_route_mapping_or_rederivation,CSRank(Neg($ctx_fulla_bs_goodwill))
cn_phase3ad_new_data_factor_candidate_pack_coverage_filtered_v1_20260603_phase3am_sanitized_v1_20260609.json,phase3ad_newdata_atomic_direct_rank_00188,atomic_direct_rank,needs_route_mapping_or_rederivation,1,ctx_fulla_bs_intangible_asset,current_daily_or_derived_panel_only,requires_route_mapping_or_rederivation,CSRank($ctx_fulla_bs_intangible_asset)
cn_phase3ad_new_data_factor_candidate_pack_coverage_filtered_v1_20260603_phase3am_sanitized_v1_20260609.json,phase3ad_newdata_atomic_inverse_rank_00189,atomic_inverse_rank,needs_route_mapping_or_rederivation,1,ctx_fulla_bs_intangible_asset,current_daily_or_derived_panel_only,requires_route_mapping_or_rederivation,CSRank(Neg($ctx_fulla_bs_intangible_asset))
cn_phase3ad_new_data_factor_candidate_pack_coverage_filtered_v1_20260603_phase3am_sanitized_v1_20260609.json,phase3ad_newdata_atomic_direct_rank_00190,atomic_direct_rank,needs_route_mapping_or_rederivation,1,ctx_fulla_bs_interest_payable,current_daily_or_derived_panel_only,requires_route_mapping_or_rederivation,CSRank($ctx_fulla_bs_interest_payable)
cn_phase3ad_new_data_factor_candidate_pack_coverage_filtered_v1_20260603_phase3am_sanitized_v1_20260609.json,phase3ad_newdata_atomic_inverse_rank_00191,atomic_inverse_rank,needs_route_mapping_or_rederivation,1,ctx_fulla_bs_interest_payable,current_daily_or_derived_panel_only,requires_route_mapping_or_rederivation,CSRank(Neg($ctx_fulla_bs_interest_payable))
cn_phase3ad_new_data_factor_candidate_pack_coverage_filtered_v1_20260603_phase3am_sanitized_v1_20260609.json,phase3ad_newdata_atomic_direct_rank_00192,atomic_direct_rank,needs_route_mapping_or_rederivation,1,ctx_fulla_bs_interest_rece,current_daily_or_derived_panel_only,requires_route_mapping_or_rederivation,CSRank($ctx_fulla_bs_interest_rece)
cn_phase3ad_new_data_factor_candidate_pack_coverage_filtered_v1_20260603_phase3am_sanitized_v1_20260609.json,phase3ad_newdata_atomic_inverse_rank_00193,atomic_inverse_rank,needs_route_mapping_or_rederivation,1,ctx_fulla_bs_interest_rece,current_daily_or_derived_panel_only,requires_route_mapping_or_rederivation,CSRank(Neg($ctx_fulla_bs_interest_rece))
cn_phase3ad_new_data_factor_candidate_pack_coverage_filtered_v1_20260603_phase3am_sanitized_v1_20260609.json,phase3ad_newdata_atomic_direct_rank_00198,atomic_direct_rank,needs_route_mapping_or_rederivation,1,ctx_fulla_bs_inventory,current_daily_or_derived_panel_only,requires_route_mapping_or_rederivation,CSRank($ctx_fulla_bs_inventory)
cn_phase3ad_new_data_factor_candidate_pack_coverage_filtered_v1_20260603_phase3am_sanitized_v1_20260609.json,phase3ad_newdata_atomic_inverse_rank_00199,atomic_inverse_rank,needs_route_mapping_or_rederivation,1,ctx_fulla_bs_inventory,current_daily_or_derived_panel_only,requires_route_mapping_or_rederivation,CSRank(Neg($ctx_fulla_bs_inventory))
cn_phase3ad_new_data_factor_candidate_pack_coverage_filtered_v1_20260603_phase3am_sanitized_v1_20260609.json,phase3ad_newdata_atomic_direct_rank_00200,atomic_direct_rank,needs_route_mapping_or_rederivation,1,ctx_fulla_bs_invest_realestate,current_daily_or_derived_panel_only,requires_route_mapping_or_rederivation,CSRank($ctx_fulla_bs_invest_realestate)
cn_phase3ad_new_data_factor_candidate_pack_coverage_filtered_v1_20260603_phase3am_sanitized_v1_20260609.json,phase3ad_newdata_atomic_inverse_rank_00201,atomic_inverse_rank,needs_route_mapping_or_rederivation,1,ctx_fulla_bs_invest_realestate,current_daily_or_derived_panel_only,requires_route_mapping_or_rederivation,CSRank(Neg($ctx_fulla_bs_invest_realestate))
cn_phase3ad_new_data_factor_candidate_pack_coverage_filtered_v1_20260603_phase3am_sanitized_v1_20260609.json,phase3ad_newdata_atomic_direct_rank_00202,atomic_direct_rank,needs_route_mapping_or_rederivation,1,ctx_fulla_bs_lease_liab,current_daily_or_derived_panel_only,requires_route_mapping_or_rederivation,CSRank($ctx_fulla_bs_lease_liab)
cn_phase3ad_new_data_factor_candidate_pack_coverage_filtered_v1_20260603_phase3am_sanitized_v1_20260609.json,phase3ad_newdata_atomic_inverse_rank_00203,atomic_inverse_rank,needs_route_mapping_or_rederivation,1,ctx_fulla_bs_lease_liab,current_daily_or_derived_panel_only,requires_route_mapping_or_rederivation,CSRank(Neg($ctx_fulla_bs_lease_liab))
cn_phase3ad_new_data_factor_candidate_pack_coverage_filtered_v1_20260603_phase3am_sanitized_v1_20260609.json,phase3ad_newdata_atomic_direct_rank_00206,atomic_direct_rank,needs_route_mapping_or_rederivation,1,ctx_fulla_bs_liab_balance,current_daily_or_derived_panel_only,requires_route_mapping_or_rederivation,CSRank($ctx_fulla_bs_liab_balance)
cn_phase3ad_new_data_factor_candidate_pack_coverage_filtered_v1_20260603_phase3am_sanitized_v1_20260609.json,phase3ad_newdata_atomic_inverse_rank_00207,atomic_inverse_rank,needs_route_mapping_or_rederivation,1,ctx_fulla_bs_liab_balance,current_daily_or_derived_panel_only,requires_route_mapping_or_rederivation,CSRank(Neg($ctx_fulla_bs_liab_balance))
cn_phase3ad_new_data_factor_candidate_pack_coverage_filtered_v1_20260603_phase3am_sanitized_v1_20260609.json,phase3ad_newdata_atomic_direct_rank_00218,atomic_direct_rank,needs_route_mapping_or_rederivation,1,ctx_fulla_bs_long_equity_invest,current_daily_or_derived_panel_only,requires_route_mapping_or_rederivation,CSRank($ctx_fulla_bs_long_equity_invest)
cn_phase3ad_new_data_factor_candidate_pack_coverage_filtered_v1_20260603_phase3am_sanitized_v1_20260609.json,phase3ad_newdata_atomic_inverse_rank_00219,atomic_inverse_rank,needs_route_mapping_or_rederivation,1,ctx_fulla_bs_long_equity_invest,current_daily_or_derived_panel_only,requires_route_mapping_or_rederivation,CSRank(Neg($ctx_fulla_bs_long_equity_invest))
cn_phase3ad_new_data_factor_candidate_pack_coverage_filtered_v1_20260603_phase3am_sanitized_v1_20260609.json,phase3ad_newdata_atomic_direct_rank_00220,atomic_direct_rank,needs_route_mapping_or_rederivation,1,ctx_fulla_bs_long_loan,current_daily_or_derived_panel_only,requires_route_mapping_or_rederivation,CSRank($ctx_fulla_bs_long_loan)
cn_phase3ad_new_data_factor_candidate_pack_coverage_filtered_v1_20260603_phase3am_sanitized_v1_20260609.json,phase3ad_newdata_atomic_inverse_rank_00221,atomic_inverse_rank,needs_route_mapping_or_rederivation,1,ctx_fulla_bs_long_loan,current_daily_or_derived_panel_only,requires_route_mapping_or_rederivation,CSRank(Neg($ctx_fulla_bs_long_loan))
cn_phase3ad_new_data_factor_candidate_pack_coverage_filtered_v1_20260603_phase3am_sanitized_v1_20260609.json,phase3ad_newdata_atomic_direct_rank_00222,atomic_direct_rank,needs_route_mapping_or_rederivation,1,ctx_fulla_bs_long_payable,current_daily_or_derived_panel_only,requires_route_mapping_or_rederivation,CSRank($ctx_fulla_bs_long_payable)
cn_phase3ad_new_data_factor_candidate_pack_coverage_filtered_v1_20260603_phase3am_sanitized_v1_20260609.json,phase3ad_newdata_atomic_inverse_rank_00223,atomic_inverse_rank,needs_route_mapping_or_rederivation,1,ctx_fulla_bs_long_payable,current_daily_or_derived_panel_only,requires_route_mapping_or_rederivation,CSRank(Neg($ctx_fulla_bs_long_payable))
cn_phase3ad_new_data_factor_candidate_pack_coverage_filtered_v1_20260603_phase3am_sanitized_v1_20260609.json,phase3ad_newdata_atomic_direct_rank_00224,atomic_direct_rank,needs_route_mapping_or_rederivation,1,ctx_fulla_bs_long_prepaid_expense,current_daily_or_derived_panel_only,requires_route_mapping_or_rederivation,CSRank($ctx_fulla_bs_long_prepaid_expense)
cn_phase3ad_new_data_factor_candidate_pack_coverage_filtered_v1_20260603_phase3am_sanitized_v1_20260609.json,phase3ad_newdata_atomic_inverse_rank_00225,atomic_inverse_rank,needs_route_mapping_or_rederivation,1,ctx_fulla_bs_long_prepaid_expense,current_daily_or_derived_panel_only,requires_route_mapping_or_rederivation,CSRank(Neg($ctx_fulla_bs_long_prepaid_expense))
cn_phase3ad_new_data_factor_candidate_pack_coverage_filtered_v1_20260603_phase3am_sanitized_v1_20260609.json,phase3ad_newdata_atomic_direct_rank_00226,atomic_direct_rank,needs_route_mapping_or_rederivation,1,ctx_fulla_bs_long_rece,current_daily_or_derived_panel_only,requires_route_mapping_or_rederivation,CSRank($ctx_fulla_bs_long_rece)
cn_phase3ad_new_data_factor_candidate_pack_coverage_filtered_v1_20260603_phase3am_sanitized_v1_20260609.json,phase3ad_newdata_atomic_inverse_rank_00227,atomic_inverse_rank,needs_route_mapping_or_rederivation,1,ctx_fulla_bs_long_rece,current_daily_or_derived_panel_only,requires_route_mapping_or_rederivation,CSRank(Neg($ctx_fulla_bs_long_rece))
cn_phase3ad_new_data_factor_candidate_pack_coverage_filtered_v1_20260603_phase3am_sanitized_v1_20260609.json,phase3ad_newdata_atomic_direct_rank_00228,atomic_direct_rank,needs_route_mapping_or_rederivation,1,ctx_fulla_bs_long_staffsalary_payable,current_daily_or_derived_panel_only,requires_route_mapping_or_rederivation,CSRank($ctx_fulla_bs_long_staffsalary_payable)
cn_phase3ad_new_data_factor_candidate_pack_coverage_filtered_v1_20260603_phase3am_sanitized_v1_20260609.json,phase3ad_newdata_atomic_inverse_rank_00229,atomic_inverse_rank,needs_route_mapping_or_rederivation,1,ctx_fulla_bs_long_staffsalary_payable,current_daily_or_derived_panel_only,requires_route_mapping_or_rederivation,CSRank(Neg($ctx_fulla_bs_long_staffsalary_payable))
cn_phase3ad_new_data_factor_candidate_pack_coverage_filtered_v1_20260603_phase3am_sanitized_v1_20260609.json,phase3ad_newdata_atomic_direct_rank_00230,atomic_direct_rank,needs_route_mapping_or_rederivation,1,ctx_fulla_bs_minority_equity,current_daily_or_derived_panel_only,requires_route_mapping_or_rederivation,CSRank($ctx_fulla_bs_minority_equity)
cn_phase3ad_new_data_factor_candidate_pack_coverage_filtered_v1_20260603_phase3am_sanitized_v1_20260609.json,phase3ad_newdata_atomic_inverse_rank_00231,atomic_inverse_rank,needs_route_mapping_or_rederivation,1,ctx_fulla_bs_minority_equity,current_daily_or_derived_panel_only,requires_route_mapping_or_rederivation,CSRank(Neg($ctx_fulla_bs_minority_equity))
cn_phase3ad_new_data_factor_candidate_pack_coverage_filtered_v1_20260603_phase3am_sanitized_v1_20260609.json,phase3ad_newdata_atomic_direct_rank_00232,atomic_direct_rank,needs_route_mapping_or_rederivation,1,ctx_fulla_bs_monetaryfunds,current_daily_or_derived_panel_only,requires_route_mapping_or_rederivation,CSRank($ctx_fulla_bs_monetaryfunds)
cn_phase3ad_new_data_factor_candidate_pack_coverage_filtered_v1_20260603_phase3am_sanitized_v1_20260609.json,phase3ad_newdata_atomic_inverse_rank_00233,atomic_inverse_rank,needs_route_mapping_or_rederivation,1,ctx_fulla_bs_monetaryfunds,current_daily_or_derived_panel_only,requires_route_mapping_or_rederivation,CSRank(Neg($ctx_fulla_bs_monetaryfunds))
cn_phase3ad_new_data_factor_candidate_pack_coverage_filtered_v1_20260603_phase3am_sanitized_v1_20260609.json,phase3ad_newdata_atomic_direct_rank_00234,atomic_direct_rank,needs_route_mapping_or_rederivation,1,ctx_fulla_bs_noncurrent_asset_1year,current_daily_or_derived_panel_only,requires_route_mapping_or_rederivation,CSRank($ctx_fulla_bs_noncurrent_asset_1year)
cn_phase3ad_new_data_factor_candidate_pack_coverage_filtered_v1_20260603_phase3am_sanitized_v1_20260609.json,phase3ad_newdata_atomic_inverse_rank_00235,atomic_inverse_rank,needs_route_mapping_or_rederivation,1,ctx_fulla_bs_noncurrent_asset_1year,current_daily_or_derived_panel_only,requires_route_mapping_or_rederivation,CSRank(Neg($ctx_fulla_bs_noncurrent_asset_1year))
cn_phase3ad_new_data_factor_candidate_pack_coverage_filtered_v1_20260603_phase3am_sanitized_v1_20260609.json,phase3ad_newdata_atomic_direct_rank_00236,atomic_direct_rank,needs_route_mapping_or_rederivation,1,ctx_fulla_bs_noncurrent_asset_balance,current_daily_or_derived_panel_only,requires_route_mapping_or_rederivation,CSRank($ctx_fulla_bs_noncurrent_asset_balance)
cn_phase3ad_new_data_factor_candidate_pack_coverage_filtered_v1_20260603_phase3am_sanitized_v1_20260609.json,phase3ad_newdata_atomic_inverse_rank_00237,atomic_inverse_rank,needs_route_mapping_or_rederivation,1,ctx_fulla_bs_noncurrent_asset_balance,current_daily_or_derived_panel_only,requires_route_mapping_or_rederivation,CSRank(Neg($ctx_fulla_bs_noncurrent_asset_balance))
cn_phase3ad_new_data_factor_candidate_pack_coverage_filtered_v1_20260603_phase3am_sanitized_v1_20260609.json,phase3ad_newdata_atomic_direct_rank_00240,atomic_direct_rank,needs_route_mapping_or_rederivation,1,ctx_fulla_bs_noncurrent_liab_1year,current_daily_or_derived_panel_only,requires_route_mapping_or_rederivation,CSRank($ctx_fulla_bs_noncurrent_liab_1year)
cn_phase3ad_new_data_factor_candidate_pack_coverage_filtered_v1_20260603_phase3am_sanitized_v1_20260609.json,phase3ad_newdata_atomic_inverse_rank_00241,atomic_inverse_rank,needs_route_mapping_or_rederivation,1,ctx_fulla_bs_noncurrent_liab_1year,current_daily_or_derived_panel_only,requires_route_mapping_or_rederivation,CSRank(Neg($ctx_fulla_bs_noncurrent_liab_1year))
cn_phase3ad_new_data_factor_candidate_pack_coverage_filtered_v1_20260603_phase3am_sanitized_v1_20260609.json,phase3ad_newdata_atomic_direct_rank_00242,atomic_direct_rank,needs_route_mapping_or_rederivation,1,ctx_fulla_bs_noncurrent_liab_balance,current_daily_or_derived_panel_only,requires_route_mapping_or_rederivation,CSRank($ctx_fulla_bs_noncurrent_liab_balance)
cn_phase3ad_new_data_factor_candidate_pack_coverage_filtered_v1_20260603_phase3am_sanitized_v1_20260609.json,phase3ad_newdata_atomic_inverse_rank_00243,atomic_inverse_rank,needs_route_mapping_or_rederivation,1,ctx_fulla_bs_noncurrent_liab_balance,current_daily_or_derived_panel_only,requires_route_mapping_or_rederivation,CSRank(Neg($ctx_fulla_bs_noncurrent_liab_balance))
cn_phase3ad_new_data_factor_candidate_pack_coverage_filtered_v1_20260603_phase3am_sanitized_v1_20260609.json,phase3ad_newdata_atomic_direct_rank_00246,atomic_direct_rank,needs_route_mapping_or_rederivation,1,ctx_fulla_bs_note_accounts_payable,current_daily_or_derived_panel_only,requires_route_mapping_or_rederivation,CSRank($ctx_fulla_bs_note_accounts_payable)
cn_phase3ad_new_data_factor_candidate_pack_coverage_filtered_v1_20260603_phase3am_sanitized_v1_20260609.json,phase3ad_newdata_atomic_inverse_rank_00247,atomic_inverse_rank,needs_route_mapping_or_rederivation,1,ctx_fulla_bs_note_accounts_payable,current_daily_or_derived_panel_only,requires_route_mapping_or_rederivation,CSRank(Neg($ctx_fulla_bs_note_accounts_payable))
cn_phase3ad_new_data_factor_candidate_pack_coverage_filtered_v1_20260603_phase3am_sanitized_v1_20260609.json,phase3ad_newdata_atomic_direct_rank_00248,atomic_direct_rank,needs_route_mapping_or_rederivation,1,ctx_fulla_bs_note_accounts_rece,current_daily_or_derived_panel_only,requires_route_mapping_or_rederivation,CSRank($ctx_fulla_bs_note_accounts_rece)
cn_phase3ad_new_data_factor_candidate_pack_coverage_filtered_v1_20260603_phase3am_sanitized_v1_20260609.json,phase3ad_newdata_atomic_inverse_rank_00249,atomic_inverse_rank,needs_route_mapping_or_rederivation,1,ctx_fulla_bs_note_accounts_rece,current_daily_or_derived_panel_only,requires_route_mapping_or_rederivation,CSRank(Neg($ctx_fulla_bs_note_accounts_rece))
cn_phase3ad_new_data_factor_candidate_pack_coverage_filtered_v1_20260603_phase3am_sanitized_v1_20260609.json,phase3ad_newdata_atomic_direct_rank_00250,atomic_direct_rank,needs_route_mapping_or_rederivation,1,ctx_fulla_bs_note_payable,current_daily_or_derived_panel_only,requires_route_mapping_or_rederivation,CSRank($ctx_fulla_bs_note_payable)
cn_phase3ad_new_data_factor_candidate_pack_coverage_filtered_v1_20260603_phase3am_sanitized_v1_20260609.json,phase3ad_newdata_atomic_inverse_rank_00251,atomic_inverse_rank,needs_route_mapping_or_rederivation,1,ctx_fulla_bs_note_payable,current_daily_or_derived_panel_only,requires_route_mapping_or_rederivation,CSRank(Neg($ctx_fulla_bs_note_payable))
cn_phase3ad_new_data_factor_candidate_pack_coverage_filtered_v1_20260603_phase3am_sanitized_v1_20260609.json,phase3ad_newdata_atomic_direct_rank_00252,atomic_direct_rank,needs_route_mapping_or_rederivation,1,ctx_fulla_bs_note_rece,current_daily_or_derived_panel_only,requires_route_mapping_or_rederivation,CSRank($ctx_fulla_bs_note_rece)
cn_phase3ad_new_data_factor_candidate_pack_coverage_filtered_v1_20260603_phase3am_sanitized_v1_20260609.json,phase3ad_newdata_atomic_inverse_rank_00253,atomic_inverse_rank,needs_route_mapping_or_rederivation,1,ctx_fulla_bs_note_rece,current_daily_or_derived_panel_only,requires_route_mapping_or_rederivation,CSRank(Neg($ctx_fulla_bs_note_rece))
cn_phase3ad_new_data_factor_candidate_pack_coverage_filtered_v1_20260603_phase3am_sanitized_v1_20260609.json,phase3ad_newdata_atomic_direct_rank_00256,atomic_direct_rank,needs_route_mapping_or_rederivation,1,ctx_fulla_bs_other_compre_income,current_daily_or_derived_panel_only,requires_route_mapping_or_rederivation,CSRank($ctx_fulla_bs_other_compre_income)
cn_phase3ad_new_data_factor_candidate_pack_coverage_filtered_v1_20260603_phase3am_sanitized_v1_20260609.json,phase3ad_newdata_atomic_inverse_rank_00257,atomic_inverse_rank,needs_route_mapping_or_rederivation,1,ctx_fulla_bs_other_compre_income,current_daily_or_derived_panel_only,requires_route_mapping_or_rederivation,CSRank(Neg($ctx_fulla_bs_other_compre_income))
cn_phase3ad_new_data_factor_candidate_pack_coverage_filtered_v1_20260603_phase3am_sanitized_v1_20260609.json,phase3ad_newdata_atomic_direct_rank_00260,atomic_direct_rank,needs_route_mapping_or_rederivation,1,ctx_fulla_bs_other_current_asset,current_daily_or_derived_panel_only,requires_route_mapping_or_rederivation,CSRank($ctx_fulla_bs_other_current_asset)
cn_phase3ad_new_data_factor_candidate_pack_coverage_filtered_v1_20260603_phase3am_sanitized_v1_20260609.json,phase3ad_newdata_atomic_inverse_rank_00261,atomic_inverse_rank,needs_route_mapping_or_rederivation,1,ctx_fulla_bs_other_current_asset,current_daily_or_derived_panel_only,requires_route_mapping_or_rederivation,CSRank(Neg($ctx_fulla_bs_other_current_asset))
cn_phase3ad_new_data_factor_candidate_pack_coverage_filtered_v1_20260603_phase3am_sanitized_v1_20260609.json,phase3ad_newdata_atomic_direct_rank_00262,atomic_direct_rank,needs_route_mapping_or_rederivation,1,ctx_fulla_bs_other_current_liab,current_daily_or_derived_panel_only,requires_route_mapping_or_rederivation,CSRank($ctx_fulla_bs_other_current_liab)
cn_phase3ad_new_data_factor_candidate_pack_coverage_filtered_v1_20260603_phase3am_sanitized_v1_20260609.json,phase3ad_newdata_atomic_inverse_rank_00263,atomic_inverse_rank,needs_route_mapping_or_rederivation,1,ctx_fulla_bs_other_current_liab,current_daily_or_derived_panel_only,requires_route_mapping_or_rederivation,CSRank(Neg($ctx_fulla_bs_other_current_liab))
cn_phase3ad_new_data_factor_candidate_pack_coverage_filtered_v1_20260603_phase3am_sanitized_v1_20260609.json,phase3ad_newdata_atomic_direct_rank_00264,atomic_direct_rank,needs_route_mapping_or_rederivation,1,ctx_fulla_bs_other_equity_invest,current_daily_or_derived_panel_only,requires_route_mapping_or_rederivation,CSRank($ctx_fulla_bs_other_equity_invest)
cn_phase3ad_new_data_factor_candidate_pack_coverage_filtered_v1_20260603_phase3am_sanitized_v1_20260609.json,phase3ad_newdata_atomic_inverse_rank_00265,atomic_inverse_rank,needs_route_mapping_or_rederivation,1,ctx_fulla_bs_other_equity_invest,current_daily_or_derived_panel_only,requires_route_mapping_or_rederivation,CSRank(Neg($ctx_fulla_bs_other_equity_invest))
cn_phase3ad_new_data_factor_candidate_pack_coverage_filtered_v1_20260603_phase3am_sanitized_v1_20260609.json,phase3ad_newdata_atomic_direct_rank_00268,atomic_direct_rank,needs_route_mapping_or_rederivation,1,ctx_fulla_bs_other_equity_tool,current_daily_or_derived_panel_only,requires_route_mapping_or_rederivation,CSRank($ctx_fulla_bs_other_equity_tool)
cn_phase3ad_new_data_factor_candidate_pack_coverage_filtered_v1_20260603_phase3am_sanitized_v1_20260609.json,phase3ad_newdata_atomic_inverse_rank_00269,atomic_inverse_rank,needs_route_mapping_or_rederivation,1,ctx_fulla_bs_other_equity_tool,current_daily_or_derived_panel_only,requires_route_mapping_or_rederivation,CSRank(Neg($ctx_fulla_bs_other_equity_tool))
cn_phase3ad_new_data_factor_candidate_pack_coverage_filtered_v1_20260603_phase3am_sanitized_v1_20260609.json,phase3ad_newdata_atomic_direct_rank_00270,atomic_direct_rank,needs_route_mapping_or_rederivation,1,ctx_fulla_bs_other_noncurrent_asset,current_daily_or_derived_panel_only,requires_route_mapping_or_rederivation,CSRank($ctx_fulla_bs_other_noncurrent_asset)
cn_phase3ad_new_data_factor_candidate_pack_coverage_filtered_v1_20260603_phase3am_sanitized_v1_20260609.json,phase3ad_newdata_atomic_inverse_rank_00271,atomic_inverse_rank,needs_route_mapping_or_rederivation,1,ctx_fulla_bs_other_noncurrent_asset,current_daily_or_derived_panel_only,requires_route_mapping_or_rederivation,CSRank(Neg($ctx_fulla_bs_other_noncurrent_asset))
cn_phase3ad_new_data_factor_candidate_pack_coverage_filtered_v1_20260603_phase3am_sanitized_v1_20260609.json,phase3ad_newdata_atomic_direct_rank_00272,atomic_direct_rank,needs_route_mapping_or_rederivation,1,ctx_fulla_bs_other_noncurrent_finasset,current_daily_or_derived_panel_only,requires_route_mapping_or_rederivation,CSRank($ctx_fulla_bs_other_noncurrent_finasset)
cn_phase3ad_new_data_factor_candidate_pack_coverage_filtered_v1_20260603_phase3am_sanitized_v1_20260609.json,phase3ad_newdata_atomic_inverse_rank_00273,atomic_inverse_rank,needs_route_mapping_or_rederivation,1,ctx_fulla_bs_other_noncurrent_finasset,current_daily_or_derived_panel_only,requires_route_mapping_or_rederivation,CSRank(Neg($ctx_fulla_bs_other_noncurrent_finasset))
cn_phase3ad_new_data_factor_candidate_pack_coverage_filtered_v1_20260603_phase3am_sanitized_v1_20260609.json,phase3ad_newdata_atomic_direct_rank_00274,atomic_direct_rank,needs_route_mapping_or_rederivation,1,ctx_fulla_bs_other_noncurrent_liab,current_daily_or_derived_panel_only,requires_route_mapping_or_rederivation,CSRank($ctx_fulla_bs_other_noncurrent_liab)
cn_phase3ad_new_data_factor_candidate_pack_coverage_filtered_v1_20260603_phase3am_sanitized_v1_20260609.json,phase3ad_newdata_atomic_inverse_rank_00275,atomic_inverse_rank,needs_route_mapping_or_rederivation,1,ctx_fulla_bs_other_noncurrent_liab,current_daily_or_derived_panel_only,requires_route_mapping_or_rederivation,CSRank(Neg($ctx_fulla_bs_other_noncurrent_liab))
cn_phase3ad_new_data_factor_candidate_pack_coverage_filtered_v1_20260603_phase3am_sanitized_v1_20260609.json,phase3ad_newdata_atomic_direct_rank_00280,atomic_direct_rank,needs_route_mapping_or_rederivation,1,ctx_fulla_bs_parent_equity_balance,current_daily_or_derived_panel_only,requires_route_mapping_or_rederivation,CSRank($ctx_fulla_bs_parent_equity_balance)
cn_phase3ad_new_data_factor_candidate_pack_coverage_filtered_v1_20260603_phase3am_sanitized_v1_20260609.json,phase3ad_newdata_atomic_inverse_rank_00281,atomic_inverse_rank,needs_route_mapping_or_rederivation,1,ctx_fulla_bs_parent_equity_balance,current_daily_or_derived_panel_only,requires_route_mapping_or_rederivation,CSRank(Neg($ctx_fulla_bs_parent_equity_balance))
cn_phase3ad_new_data_factor_candidate_pack_coverage_filtered_v1_20260603_phase3am_sanitized_v1_20260609.json,phase3ad_newdata_atomic_direct_rank_00290,atomic_direct_rank,needs_route_mapping_or_rederivation,1,ctx_fulla_bs_predict_liab,current_daily_or_derived_panel_only,requires_route_mapping_or_rederivation,CSRank($ctx_fulla_bs_predict_liab)
cn_phase3ad_new_data_factor_candidate_pack_coverage_filtered_v1_20260603_phase3am_sanitized_v1_20260609.json,phase3ad_newdata_atomic_inverse_rank_00291,atomic_inverse_rank,needs_route_mapping_or_rederivation,1,ctx_fulla_bs_predict_liab,current_daily_or_derived_panel_only,requires_route_mapping_or_rederivation,CSRank(Neg($ctx_fulla_bs_predict_liab))
cn_phase3ad_new_data_factor_candidate_pack_coverage_filtered_v1_20260603_phase3am_sanitized_v1_20260609.json,phase3ad_newdata_atomic_direct_rank_00298,atomic_direct_rank,needs_route_mapping_or_rederivation,1,ctx_fulla_bs_prepayment,current_daily_or_derived_panel_only,requires_route_mapping_or_rederivation,CSRank($ctx_fulla_bs_prepayment)
cn_phase3ad_new_data_factor_candidate_pack_coverage_filtered_v1_20260603_phase3am_sanitized_v1_20260609.json,phase3ad_newdata_atomic_inverse_rank_00299,atomic_inverse_rank,needs_route_mapping_or_rederivation,1,ctx_fulla_bs_prepayment,current_daily_or_derived_panel_only,requires_route_mapping_or_rederivation,CSRank(Neg($ctx_fulla_bs_prepayment))
cn_phase3ad_new_data_factor_candidate_pack_coverage_filtered_v1_20260603_phase3am_sanitized_v1_20260609.json,phase3ad_newdata_atomic_direct_rank_00300,atomic_direct_rank,needs_route_mapping_or_rederivation,1,ctx_fulla_bs_productive_biology_asset,current_daily_or_derived_panel_only,requires_route_mapping_or_rederivation,CSRank($ctx_fulla_bs_productive_biology_asset)
cn_phase3ad_new_data_factor_candidate_pack_coverage_filtered_v1_20260603_phase3am_sanitized_v1_20260609.json,phase3ad_newdata_atomic_inverse_rank_00301,atomic_inverse_rank,needs_route_mapping_or_rederivation,1,ctx_fulla_bs_productive_biology_asset,current_daily_or_derived_panel_only,requires_route_mapping_or_rederivation,CSRank(Neg($ctx_fulla_bs_productive_biology_asset))
cn_phase3ad_new_data_factor_candidate_pack_coverage_filtered_v1_20260603_phase3am_sanitized_v1_20260609.json,phase3ad_newdata_atomic_direct_rank_00314,atomic_direct_rank,needs_route_mapping_or_rederivation,1,ctx_fulla_bs_share_capital,current_daily_or_derived_panel_only,requires_route_mapping_or_rederivation,CSRank($ctx_fulla_bs_share_capital)
cn_phase3ad_new_data_factor_candidate_pack_coverage_filtered_v1_20260603_phase3am_sanitized_v1_20260609.json,phase3ad_newdata_atomic_inverse_rank_00315,atomic_inverse_rank,needs_route_mapping_or_rederivation,1,ctx_fulla_bs_share_capital,current_daily_or_derived_panel_only,requires_route_mapping_or_rederivation,CSRank(Neg($ctx_fulla_bs_share_capital))
cn_phase3ad_new_data_factor_candidate_pack_coverage_filtered_v1_20260603_phase3am_sanitized_v1_20260609.json,phase3ad_newdata_atomic_direct_rank_00320,atomic_direct_rank,needs_route_mapping_or_rederivation,1,ctx_fulla_bs_short_loan,current_daily_or_derived_panel_only,requires_route_mapping_or_rederivation,CSRank($ctx_fulla_bs_short_loan)
cn_phase3ad_new_data_factor_candidate_pack_coverage_filtered_v1_20260603_phase3am_sanitized_v1_20260609.json,phase3ad_newdata_atomic_inverse_rank_00321,atomic_inverse_rank,needs_route_mapping_or_rederivation,1,ctx_fulla_bs_short_loan,current_daily_or_derived_panel_only,requires_route_mapping_or_rederivation,CSRank(Neg($ctx_fulla_bs_short_loan))
cn_phase3ad_new_data_factor_candidate_pack_coverage_filtered_v1_20260603_phase3am_sanitized_v1_20260609.json,phase3ad_newdata_atomic_direct_rank_00324,atomic_direct_rank,needs_route_mapping_or_rederivation,1,ctx_fulla_bs_special_reserve,current_daily_or_derived_panel_only,requires_route_mapping_or_rederivation,CSRank($ctx_fulla_bs_special_reserve)
cn_phase3ad_new_data_factor_candidate_pack_coverage_filtered_v1_20260603_phase3am_sanitized_v1_20260609.json,phase3ad_newdata_atomic_inverse_rank_00325,atomic_inverse_rank,needs_route_mapping_or_rederivation,1,ctx_fulla_bs_special_reserve,current_daily_or_derived_panel_only,requires_route_mapping_or_rederivation,CSRank(Neg($ctx_fulla_bs_special_reserve))
cn_phase3ad_new_data_factor_candidate_pack_coverage_filtered_v1_20260603_phase3am_sanitized_v1_20260609.json,phase3ad_newdata_atomic_direct_rank_00326,atomic_direct_rank,needs_route_mapping_or_rederivation,1,ctx_fulla_bs_staff_salary_payable,current_daily_or_derived_panel_only,requires_route_mapping_or_rederivation,CSRank($ctx_fulla_bs_staff_salary_payable)
cn_phase3ad_new_data_factor_candidate_pack_coverage_filtered_v1_20260603_phase3am_sanitized_v1_20260609.json,phase3ad_newdata_atomic_inverse_rank_00327,atomic_inverse_rank,needs_route_mapping_or_rederivation,1,ctx_fulla_bs_staff_salary_payable,current_daily_or_derived_panel_only,requires_route_mapping_or_rederivation,CSRank(Neg($ctx_fulla_bs_staff_salary_payable))
cn_phase3ad_new_data_factor_candidate_pack_coverage_filtered_v1_20260603_phase3am_sanitized_v1_20260609.json,phase3ad_newdata_atomic_direct_rank_00330,atomic_direct_rank,needs_route_mapping_or_rederivation,1,ctx_fulla_bs_surplus_reserve,current_daily_or_derived_panel_only,requires_route_mapping_or_rederivation,CSRank($ctx_fulla_bs_surplus_reserve)
cn_phase3ad_new_data_factor_candidate_pack_coverage_filtered_v1_20260603_phase3am_sanitized_v1_20260609.json,phase3ad_newdata_atomic_inverse_rank_00331,atomic_inverse_rank,needs_route_mapping_or_rederivation,1,ctx_fulla_bs_surplus_reserve,current_daily_or_derived_panel_only,requires_route_mapping_or_rederivation,CSRank(Neg($ctx_fulla_bs_surplus_reserve))
cn_phase3ad_new_data_factor_candidate_pack_coverage_filtered_v1_20260603_phase3am_sanitized_v1_20260609.json,phase3ad_newdata_atomic_direct_rank_00332,atomic_direct_rank,needs_route_mapping_or_rederivation,1,ctx_fulla_bs_tax_payable,current_daily_or_derived_panel_only,requires_route_mapping_or_rederivation,CSRank($ctx_fulla_bs_tax_payable)
cn_phase3ad_new_data_factor_candidate_pack_coverage_filtered_v1_20260603_phase3am_sanitized_v1_20260609.json,phase3ad_newdata_atomic_inverse_rank_00333,atomic_inverse_rank,needs_route_mapping_or_rederivation,1,ctx_fulla_bs_tax_payable,current_daily_or_derived_panel_only,requires_route_mapping_or_rederivation,CSRank(Neg($ctx_fulla_bs_tax_payable))
cn_phase3ad_new_data_factor_candidate_pack_coverage_filtered_v1_20260603_phase3am_sanitized_v1_20260609.json,phase3ad_newdata_atomic_direct_rank_00334,atomic_direct_rank,needs_route_mapping_or_rederivation,1,ctx_fulla_bs_total_assets,current_daily_or_derived_panel_only,requires_route_mapping_or_rederivation,CSRank($ctx_fulla_bs_total_assets)
cn_phase3ad_new_data_factor_candidate_pack_coverage_filtered_v1_20260603_phase3am_sanitized_v1_20260609.json,phase3ad_newdata_atomic_inverse_rank_00335,atomic_inverse_rank,needs_route_mapping_or_rederivation,1,ctx_fulla_bs_total_assets,current_daily_or_derived_panel_only,requires_route_mapping_or_rederivation,CSRank(Neg($ctx_fulla_bs_total_assets))
cn_phase3ad_new_data_factor_candidate_pack_coverage_filtered_v1_20260603_phase3am_sanitized_v1_20260609.json,phase3ad_newdata_atomic_direct_rank_00336,atomic_direct_rank,needs_route_mapping_or_rederivation,1,ctx_fulla_bs_total_current_assets,current_daily_or_derived_panel_only,requires_route_mapping_or_rederivation,CSRank($ctx_fulla_bs_total_current_assets)
cn_phase3ad_new_data_factor_candidate_pack_coverage_filtered_v1_20260603_phase3am_sanitized_v1_20260609.json,phase3ad_newdata_atomic_inverse_rank_00337,atomic_inverse_rank,needs_route_mapping_or_rederivation,1,ctx_fulla_bs_total_current_assets,current_daily_or_derived_panel_only,requires_route_mapping_or_rederivation,CSRank(Neg($ctx_fulla_bs_total_current_assets))
cn_phase3ad_new_data_factor_candidate_pack_coverage_filtered_v1_20260603_phase3am_sanitized_v1_20260609.json,phase3ad_newdata_atomic_direct_rank_00338,atomic_direct_rank,needs_route_mapping_or_rederivation,1,ctx_fulla_bs_total_current_liab,current_daily_or_derived_panel_only,requires_route_mapping_or_rederivation,CSRank($ctx_fulla_bs_total_current_liab)
cn_phase3ad_new_data_factor_candidate_pack_coverage_filtered_v1_20260603_phase3am_sanitized_v1_20260609.json,phase3ad_newdata_atomic_inverse_rank_00339,atomic_inverse_rank,needs_route_mapping_or_rederivation,1,ctx_fulla_bs_total_current_liab,current_daily_or_derived_panel_only,requires_route_mapping_or_rederivation,CSRank(Neg($ctx_fulla_bs_total_current_liab))
cn_phase3ad_new_data_factor_candidate_pack_coverage_filtered_v1_20260603_phase3am_sanitized_v1_20260609.json,phase3ad_newdata_atomic_direct_rank_00340,atomic_direct_rank,needs_route_mapping_or_rederivation,1,ctx_fulla_bs_total_equity,current_daily_or_derived_panel_only,requires_route_mapping_or_rederivation,CSRank($ctx_fulla_bs_total_equity)
cn_phase3ad_new_data_factor_candidate_pack_coverage_filtered_v1_20260603_phase3am_sanitized_v1_20260609.json,phase3ad_newdata_atomic_inverse_rank_00341,atomic_inverse_rank,needs_route_mapping_or_rederivation,1,ctx_fulla_bs_total_equity,current_daily_or_derived_panel_only,requires_route_mapping_or_rederivation,CSRank(Neg($ctx_fulla_bs_total_equity))
cn_phase3ad_new_data_factor_candidate_pack_coverage_filtered_v1_20260603_phase3am_sanitized_v1_20260609.json,phase3ad_newdata_atomic_direct_rank_00342,atomic_direct_rank,needs_route_mapping_or_rederivation,1,ctx_fulla_bs_total_liab_equity,current_daily_or_derived_panel_only,requires_route_mapping_or_rederivation,CSRank($ctx_fulla_bs_total_liab_equity)
cn_phase3ad_new_data_factor_candidate_pack_coverage_filtered_v1_20260603_phase3am_sanitized_v1_20260609.json,phase3ad_newdata_atomic_inverse_rank_00343,atomic_inverse_rank,needs_route_mapping_or_rederivation,1,ctx_fulla_bs_total_liab_equity,current_daily_or_derived_panel_only,requires_route_mapping_or_rederivation,CSRank(Neg($ctx_fulla_bs_total_liab_equity))
cn_phase3ad_new_data_factor_candidate_pack_coverage_filtered_v1_20260603_phase3am_sanitized_v1_20260609.json,phase3ad_newdata_atomic_direct_rank_00344,atomic_direct_rank,needs_route_mapping_or_rederivation,1,ctx_fulla_bs_total_liabilities,current_daily_or_derived_panel_only,requires_route_mapping_or_rederivation,CSRank($ctx_fulla_bs_total_liabilities)
cn_phase3ad_new_data_factor_candidate_pack_coverage_filtered_v1_20260603_phase3am_sanitized_v1_20260609.json,phase3ad_newdata_atomic_inverse_rank_00345,atomic_inverse_rank,needs_route_mapping_or_rederivation,1,ctx_fulla_bs_total_liabilities,current_daily_or_derived_panel_only,requires_route_mapping_or_rederivation,CSRank(Neg($ctx_fulla_bs_total_liabilities))
cn_phase3ad_new_data_factor_candidate_pack_coverage_filtered_v1_20260603_phase3am_sanitized_v1_20260609.json,phase3ad_newdata_atomic_direct_rank_00346,atomic_direct_rank,needs_route_mapping_or_rederivation,1,ctx_fulla_bs_total_noncurrent_assets,current_daily_or_derived_panel_only,requires_route_mapping_or_rederivation,CSRank($ctx_fulla_bs_total_noncurrent_assets)
cn_phase3ad_new_data_factor_candidate_pack_coverage_filtered_v1_20260603_phase3am_sanitized_v1_20260609.json,phase3ad_newdata_atomic_inverse_rank_00347,atomic_inverse_rank,needs_route_mapping_or_rederivation,1,ctx_fulla_bs_total_noncurrent_assets,current_daily_or_derived_panel_only,requires_route_mapping_or_rederivation,CSRank(Neg($ctx_fulla_bs_total_noncurrent_assets))
cn_phase3ad_new_data_factor_candidate_pack_coverage_filtered_v1_20260603_phase3am_sanitized_v1_20260609.json,phase3ad_newdata_atomic_direct_rank_00348,atomic_direct_rank,needs_route_mapping_or_rederivation,1,ctx_fulla_bs_total_noncurrent_liab,current_daily_or_derived_panel_only,requires_route_mapping_or_rederivation,CSRank($ctx_fulla_bs_total_noncurrent_liab)
cn_phase3ad_new_data_factor_candidate_pack_coverage_filtered_v1_20260603_phase3am_sanitized_v1_20260609.json,phase3ad_newdata_atomic_inverse_rank_00349,atomic_inverse_rank,needs_route_mapping_or_rederivation,1,ctx_fulla_bs_total_noncurrent_liab,current_daily_or_derived_panel_only,requires_route_mapping_or_rederivation,CSRank(Neg($ctx_fulla_bs_total_noncurrent_liab))
cn_phase3ad_new_data_factor_candidate_pack_coverage_filtered_v1_20260603_phase3am_sanitized_v1_20260609.json,phase3ad_newdata_atomic_direct_rank_00350,atomic_direct_rank,needs_route_mapping_or_rederivation,1,ctx_fulla_bs_total_other_payable,current_daily_or_derived_panel_only,requires_route_mapping_or_rederivation,CSRank($ctx_fulla_bs_total_other_payable)
cn_phase3ad_new_data_factor_candidate_pack_coverage_filtered_v1_20260603_phase3am_sanitized_v1_20260609.json,phase3ad_newdata_atomic_inverse_rank_00351,atomic_inverse_rank,needs_route_mapping_or_rederivation,1,ctx_fulla_bs_total_other_payable,current_daily_or_derived_panel_only,requires_route_mapping_or_rederivation,CSRank(Neg($ctx_fulla_bs_total_other_payable))
cn_phase3ad_new_data_factor_candidate_pack_coverage_filtered_v1_20260603_phase3am_sanitized_v1_20260609.json,phase3ad_newdata_atomic_direct_rank_00352,atomic_direct_rank,needs_route_mapping_or_rederivation,1,ctx_fulla_bs_total_other_rece,current_daily_or_derived_panel_only,requires_route_mapping_or_rederivation,CSRank($ctx_fulla_bs_total_other_rece)
cn_phase3ad_new_data_factor_candidate_pack_coverage_filtered_v1_20260603_phase3am_sanitized_v1_20260609.json,phase3ad_newdata_atomic_inverse_rank_00353,atomic_inverse_rank,needs_route_mapping_or_rederivation,1,ctx_fulla_bs_total_other_rece,current_daily_or_derived_panel_only,requires_route_mapping_or_rederivation,CSRank(Neg($ctx_fulla_bs_total_other_rece))
cn_phase3ad_new_data_factor_candidate_pack_coverage_filtered_v1_20260603_phase3am_sanitized_v1_20260609.json,phase3ad_newdata_atomic_direct_rank_00354,atomic_direct_rank,needs_route_mapping_or_rederivation,1,ctx_fulla_bs_total_parent_equity,current_daily_or_derived_panel_only,requires_route_mapping_or_rederivation,CSRank($ctx_fulla_bs_total_parent_equity)
cn_phase3ad_new_data_factor_candidate_pack_coverage_filtered_v1_20260603_phase3am_sanitized_v1_20260609.json,phase3ad_newdata_atomic_inverse_rank_00355,atomic_inverse_rank,needs_route_mapping_or_rederivation,1,ctx_fulla_bs_total_parent_equity,current_daily_or_derived_panel_only,requires_route_mapping_or_rederivation,CSRank(Neg($ctx_fulla_bs_total_parent_equity))
cn_phase3ad_new_data_factor_candidate_pack_coverage_filtered_v1_20260603_phase3am_sanitized_v1_20260609.json,phase3ad_newdata_atomic_direct_rank_00358,atomic_direct_rank,needs_route_mapping_or_rederivation,1,ctx_fulla_bs_trade_finasset_notfvtpl,current_daily_or_derived_panel_only,requires_route_mapping_or_rederivation,CSRank($ctx_fulla_bs_trade_finasset_notfvtpl)
cn_phase3ad_new_data_factor_candidate_pack_coverage_filtered_v1_20260603_phase3am_sanitized_v1_20260609.json,phase3ad_newdata_atomic_inverse_rank_00359,atomic_inverse_rank,needs_route_mapping_or_rederivation,1,ctx_fulla_bs_trade_finasset_notfvtpl,current_daily_or_derived_panel_only,requires_route_mapping_or_rederivation,CSRank(Neg($ctx_fulla_bs_trade_finasset_notfvtpl))
cn_phase3ad_new_data_factor_candidate_pack_coverage_filtered_v1_20260603_phase3am_sanitized_v1_20260609.json,phase3ad_newdata_atomic_direct_rank_00362,atomic_direct_rank,needs_route_mapping_or_rederivation,1,ctx_fulla_bs_trade_finliab_notfvtpl,current_daily_or_derived_panel_only,requires_route_mapping_or_rederivation,CSRank($ctx_fulla_bs_trade_finliab_notfvtpl)
cn_phase3ad_new_data_factor_candidate_pack_coverage_filtered_v1_20260603_phase3am_sanitized_v1_20260609.json,phase3ad_newdata_atomic_inverse_rank_00363,atomic_inverse_rank,needs_route_mapping_or_rederivation,1,ctx_fulla_bs_trade_finliab_notfvtpl,current_daily_or_derived_panel_only,requires_route_mapping_or_rederivation,CSRank(Neg($ctx_fulla_bs_trade_finliab_notfvtpl))
cn_phase3ad_new_data_factor_candidate_pack_coverage_filtered_v1_20260603_phase3am_sanitized_v1_20260609.json,phase3ad_newdata_atomic_direct_rank_00364,atomic_direct_rank,needs_route_mapping_or_rederivation,1,ctx_fulla_bs_treasury_shares,current_daily_or_derived_panel_only,requires_route_mapping_or_rederivation,CSRank($ctx_fulla_bs_treasury_shares)
cn_phase3ad_new_data_factor_candidate_pack_coverage_filtered_v1_20260603_phase3am_sanitized_v1_20260609.json,phase3ad_newdata_atomic_inverse_rank_00365,atomic_inverse_rank,needs_route_mapping_or_rederivation,1,ctx_fulla_bs_treasury_shares,current_daily_or_derived_panel_only,requires_route_mapping_or_rederivation,CSRank(Neg($ctx_fulla_bs_treasury_shares))
cn_phase3ad_new_data_factor_candidate_pack_coverage_filtered_v1_20260603_phase3am_sanitized_v1_20260609.json,phase3ad_newdata_atomic_direct_rank_00366,atomic_direct_rank,needs_route_mapping_or_rederivation,1,ctx_fulla_bs_unassign_rpofit,current_daily_or_derived_panel_only,requires_route_mapping_or_rederivation,CSRank($ctx_fulla_bs_unassign_rpofit)
cn_phase3ad_new_data_factor_candidate_pack_coverage_filtered_v1_20260603_phase3am_sanitized_v1_20260609.json,phase3ad_newdata_atomic_inverse_rank_00367,atomic_inverse_rank,needs_route_mapping_or_rederivation,1,ctx_fulla_bs_unassign_rpofit,current_daily_or_derived_panel_only,requires_route_mapping_or_rederivation,CSRank(Neg($ctx_fulla_bs_unassign_rpofit))
cn_phase3ad_new_data_factor_candidate_pack_coverage_filtered_v1_20260603_phase3am_sanitized_v1_20260609.json,phase3ad_newdata_atomic_direct_rank_00370,atomic_direct_rank,needs_route_mapping_or_rederivation,1,ctx_fulla_bs_useright_asset,current_daily_or_derived_panel_only,requires_route_mapping_or_rederivation,CSRank($ctx_fulla_bs_useright_asset)
cn_phase3ad_new_data_factor_candidate_pack_coverage_filtered_v1_20260603_phase3am_sanitized_v1_20260609.json,phase3ad_newdata_atomic_inverse_rank_00371,atomic_inverse_rank,needs_route_mapping_or_rederivation,1,ctx_fulla_bs_useright_asset,current_daily_or_derived_panel_only,requires_route_mapping_or_rederivation,CSRank(Neg($ctx_fulla_bs_useright_asset))
cn_phase3ad_new_data_factor_candidate_pack_coverage_filtered_v1_20260603_phase3am_sanitized_v1_20260609.json,phase3ad_newdata_atomic_direct_rank_00374,atomic_direct_rank,needs_route_mapping_or_rederivation,1,ctx_fulla_bs_accounts_payable_yoy,current_daily_or_derived_panel_only,requires_route_mapping_or_rederivation,CSRank($ctx_fulla_bs_accounts_payable_yoy)
cn_phase3ad_new_data_factor_candidate_pack_coverage_filtered_v1_20260603_phase3am_sanitized_v1_20260609.json,phase3ad_newdata_atomic_inverse_rank_00375,atomic_inverse_rank,needs_route_mapping_or_rederivation,1,ctx_fulla_bs_accounts_payable_yoy,current_daily_or_derived_panel_only,requires_route_mapping_or_rederivation,CSRank(Neg($ctx_fulla_bs_accounts_payable_yoy))
cn_phase3ad_new_data_factor_candidate_pack_coverage_filtered_v1_20260603_phase3am_sanitized_v1_20260609.json,phase3ad_newdata_atomic_direct_rank_00376,atomic_direct_rank,needs_route_mapping_or_rederivation,1,ctx_fulla_bs_accounts_rece_yoy,current_daily_or_derived_panel_only,requires_route_mapping_or_rederivation,CSRank($ctx_fulla_bs_accounts_rece_yoy)
cn_phase3ad_new_data_factor_candidate_pack_coverage_filtered_v1_20260603_phase3am_sanitized_v1_20260609.json,phase3ad_newdata_atomic_inverse_rank_00377,atomic_inverse_rank,needs_route_mapping_or_rederivation,1,ctx_fulla_bs_accounts_rece_yoy,current_daily_or_derived_panel_only,requires_route_mapping_or_rederivation,CSRank(Neg($ctx_fulla_bs_accounts_rece_yoy))
cn_phase3ad_new_data_factor_candidate_pack_coverage_filtered_v1_20260603_phase3am_sanitized_v1_20260609.json,phase3ad_newdata_atomic_direct_rank_00380,atomic_direct_rank,needs_route_mapping_or_rederivation,1,ctx_fulla_bs_advance_receivables_yoy,current_daily_or_derived_panel_only,requires_route_mapping_or_rederivation,CSRank($ctx_fulla_bs_advance_receivables_yoy)
cn_phase3ad_new_data_factor_candidate_pack_coverage_filtered_v1_20260603_phase3am_sanitized_v1_20260609.json,phase3ad_newdata_atomic_inverse_rank_00381,atomic_inverse_rank,needs_route_mapping_or_rederivation,1,ctx_fulla_bs_advance_receivables_yoy,current_daily_or_derived_panel_only,requires_route_mapping_or_rederivation,CSRank(Neg($ctx_fulla_bs_advance_receivables_yoy))
cn_phase3ad_new_data_factor_candidate_pack_coverage_filtered_v1_20260603_phase3am_sanitized_v1_20260609.json,phase3ad_newdata_atomic_direct_rank_00406,atomic_direct_rank,needs_route_mapping_or_rederivation,1,ctx_fulla_bs_bond_payable_yoy,current_daily_or_derived_panel_only,requires_route_mapping_or_rederivation,CSRank($ctx_fulla_bs_bond_payable_yoy)
cn_phase3ad_new_data_factor_candidate_pack_coverage_filtered_v1_20260603_phase3am_sanitized_v1_20260609.json,phase3ad_newdata_atomic_inverse_rank_00407,atomic_inverse_rank,needs_route_mapping_or_rederivation,1,ctx_fulla_bs_bond_payable_yoy,current_daily_or_derived_panel_only,requires_route_mapping_or_rederivation,CSRank(Neg($ctx_fulla_bs_bond_payable_yoy))
cn_phase3ad_new_data_factor_candidate_pack_coverage_filtered_v1_20260603_phase3am_sanitized_v1_20260609.json,phase3ad_newdata_atomic_direct_rank_00412,atomic_direct_rank,needs_route_mapping_or_rederivation,1,ctx_fulla_bs_capital_reserve_yoy,current_daily_or_derived_panel_only,requires_route_mapping_or_rederivation,CSRank($ctx_fulla_bs_capital_reserve_yoy)
cn_phase3ad_new_data_factor_candidate_pack_coverage_filtered_v1_20260603_phase3am_sanitized_v1_20260609.json,phase3ad_newdata_atomic_inverse_rank_00413,atomic_inverse_rank,needs_route_mapping_or_rederivation,1,ctx_fulla_bs_capital_reserve_yoy,current_daily_or_derived_panel_only,requires_route_mapping_or_rederivation,CSRank(Neg($ctx_fulla_bs_capital_reserve_yoy))
cn_phase3ad_new_data_factor_candidate_pack_coverage_filtered_v1_20260603_phase3am_sanitized_v1_20260609.json,phase3ad_newdata_atomic_direct_rank_00414,atomic_direct_rank,needs_route_mapping_or_rederivation,1,ctx_fulla_bs_cip_yoy,current_daily_or_derived_panel_only,requires_route_mapping_or_rederivation,CSRank($ctx_fulla_bs_cip_yoy)
cn_phase3ad_new_data_factor_candidate_pack_coverage_filtered_v1_20260603_phase3am_sanitized_v1_20260609.json,phase3ad_newdata_atomic_inverse_rank_00415,atomic_inverse_rank,needs_route_mapping_or_rederivation,1,ctx_fulla_bs_cip_yoy,current_daily_or_derived_panel_only,requires_route_mapping_or_rederivation,CSRank(Neg($ctx_fulla_bs_cip_yoy))
cn_phase3ad_new_data_factor_candidate_pack_coverage_filtered_v1_20260603_phase3am_sanitized_v1_20260609.json,phase3ad_newdata_atomic_direct_rank_00418,atomic_direct_rank,needs_route_mapping_or_rederivation,1,ctx_fulla_bs_contract_asset_yoy,current_daily_or_derived_panel_only,requires_route_mapping_or_rederivation,CSRank($ctx_fulla_bs_contract_asset_yoy)
cn_phase3ad_new_data_factor_candidate_pack_coverage_filtered_v1_20260603_phase3am_sanitized_v1_20260609.json,phase3ad_newdata_atomic_inverse_rank_00419,atomic_inverse_rank,needs_route_mapping_or_rederivation,1,ctx_fulla_bs_contract_asset_yoy,current_daily_or_derived_panel_only,requires_route_mapping_or_rederivation,CSRank(Neg($ctx_fulla_bs_contract_asset_yoy))
cn_phase3ad_new_data_factor_candidate_pack_coverage_filtered_v1_20260603_phase3am_sanitized_v1_20260609.json,phase3ad_newdata_atomic_direct_rank_00420,atomic_direct_rank,needs_route_mapping_or_rederivation,1,ctx_fulla_bs_contract_liab_yoy,current_daily_or_derived_panel_only,requires_route_mapping_or_rederivation,CSRank($ctx_fulla_bs_contract_liab_yoy)
cn_phase3ad_new_data_factor_candidate_pack_coverage_filtered_v1_20260603_phase3am_sanitized_v1_20260609.json,phase3ad_newdata_atomic_inverse_rank_00421,atomic_inverse_rank,needs_route_mapping_or_rederivation,1,ctx_fulla_bs_contract_liab_yoy,current_daily_or_derived_panel_only,requires_route_mapping_or_rederivation,CSRank(Neg($ctx_fulla_bs_contract_liab_yoy))
cn_phase3ad_new_data_factor_candidate_pack_coverage_filtered_v1_20260603_phase3am_sanitized_v1_20260609.json,phase3ad_newdata_atomic_direct_rank_00436,atomic_direct_rank,needs_route_mapping_or_rederivation,1,ctx_fulla_bs_defer_income_yoy,current_daily_or_derived_panel_only,requires_route_mapping_or_rederivation,CSRank($ctx_fulla_bs_defer_income_yoy)
cn_phase3ad_new_data_factor_candidate_pack_coverage_filtered_v1_20260603_phase3am_sanitized_v1_20260609.json,phase3ad_newdata_atomic_inverse_rank_00437,atomic_inverse_rank,needs_route_mapping_or_rederivation,1,ctx_fulla_bs_defer_income_yoy,current_daily_or_derived_panel_only,requires_route_mapping_or_rederivation,CSRank(Neg($ctx_fulla_bs_defer_income_yoy))
cn_phase3ad_new_data_factor_candidate_pack_coverage_filtered_v1_20260603_phase3am_sanitized_v1_20260609.json,phase3ad_newdata_atomic_direct_rank_00438,atomic_direct_rank,needs_route_mapping_or_rederivation,1,ctx_fulla_bs_defer_tax_asset_yoy,current_daily_or_derived_panel_only,requires_route_mapping_or_rederivation,CSRank($ctx_fulla_bs_defer_tax_asset_yoy)
cn_phase3ad_new_data_factor_candidate_pack_coverage_filtered_v1_20260603_phase3am_sanitized_v1_20260609.json,phase3ad_newdata_atomic_inverse_rank_00439,atomic_inverse_rank,needs_route_mapping_or_rederivation,1,ctx_fulla_bs_defer_tax_asset_yoy,current_daily_or_derived_panel_only,requires_route_mapping_or_rederivation,CSRank(Neg($ctx_fulla_bs_defer_tax_asset_yoy))
cn_phase3ad_new_data_factor_candidate_pack_coverage_filtered_v1_20260603_phase3am_sanitized_v1_20260609.json,phase3ad_newdata_atomic_direct_rank_00440,atomic_direct_rank,needs_route_mapping_or_rederivation,1,ctx_fulla_bs_defer_tax_liab_yoy,current_daily_or_derived_panel_only,requires_route_mapping_or_rederivation,CSRank($ctx_fulla_bs_defer_tax_liab_yoy)
cn_phase3ad_new_data_factor_candidate_pack_coverage_filtered_v1_20260603_phase3am_sanitized_v1_20260609.json,phase3ad_newdata_atomic_inverse_rank_00441,atomic_inverse_rank,needs_route_mapping_or_rederivation,1,ctx_fulla_bs_defer_tax_liab_yoy,current_daily_or_derived_panel_only,requires_route_mapping_or_rederivation,CSRank(Neg($ctx_fulla_bs_defer_tax_liab_yoy))
cn_phase3ad_new_data_factor_candidate_pack_coverage_filtered_v1_20260603_phase3am_sanitized_v1_20260609.json,phase3ad_newdata_atomic_direct_rank_00446,atomic_direct_rank,needs_route_mapping_or_rederivation,1,ctx_fulla_bs_develop_expense_yoy,current_daily_or_derived_panel_only,requires_route_mapping_or_rederivation,CSRank($ctx_fulla_bs_develop_expense_yoy)
cn_phase3ad_new_data_factor_candidate_pack_coverage_filtered_v1_20260603_phase3am_sanitized_v1_20260609.json,phase3ad_newdata_atomic_inverse_rank_00447,atomic_inverse_rank,needs_route_mapping_or_rederivation,1,ctx_fulla_bs_develop_expense_yoy,current_daily_or_derived_panel_only,requires_route_mapping_or_rederivation,CSRank(Neg($ctx_fulla_bs_develop_expense_yoy))
cn_phase3ad_new_data_factor_candidate_pack_coverage_filtered_v1_20260603_phase3am_sanitized_v1_20260609.json,phase3ad_newdata_atomic_direct_rank_00452,atomic_direct_rank,needs_route_mapping_or_rederivation,1,ctx_fulla_bs_dividend_payable_yoy,current_daily_or_derived_panel_only,requires_route_mapping_or_rederivation,CSRank($ctx_fulla_bs_dividend_payable_yoy)
cn_phase3ad_new_data_factor_candidate_pack_coverage_filtered_v1_20260603_phase3am_sanitized_v1_20260609.json,phase3ad_newdata_atomic_inverse_rank_00453,atomic_inverse_rank,needs_route_mapping_or_rederivation,1,ctx_fulla_bs_dividend_payable_yoy,current_daily_or_derived_panel_only,requires_route_mapping_or_rederivation,CSRank(Neg($ctx_fulla_bs_dividend_payable_yoy))
cn_phase3ad_new_data_factor_candidate_pack_coverage_filtered_v1_20260603_phase3am_sanitized_v1_20260609.json,phase3ad_newdata_atomic_direct_rank_00454,atomic_direct_rank,needs_route_mapping_or_rederivation,1,ctx_fulla_bs_dividend_rece_yoy,current_daily_or_derived_panel_only,requires_route_mapping_or_rederivation,CSRank($ctx_fulla_bs_dividend_rece_yoy)
cn_phase3ad_new_data_factor_candidate_pack_coverage_filtered_v1_20260603_phase3am_sanitized_v1_20260609.json,phase3ad_newdata_atomic_inverse_rank_00455,atomic_inverse_rank,needs_route_mapping_or_rederivation,1,ctx_fulla_bs_dividend_rece_yoy,current_daily_or_derived_panel_only,requires_route_mapping_or_rederivation,CSRank(Neg($ctx_fulla_bs_dividend_rece_yoy))
cn_phase3ad_new_data_factor_candidate_pack_coverage_filtered_v1_20260603_phase3am_sanitized_v1_20260609.json,phase3ad_newdata_atomic_direct_rank_00466,atomic_direct_rank,needs_route_mapping_or_rederivation,1,ctx_fulla_bs_finance_rece_yoy,current_daily_or_derived_panel_only,requires_route_mapping_or_rederivation,CSRank($ctx_fulla_bs_finance_rece_yoy)
cn_phase3ad_new_data_factor_candidate_pack_coverage_filtered_v1_20260603_phase3am_sanitized_v1_20260609.json,phase3ad_newdata_atomic_inverse_rank_00467,atomic_inverse_rank,needs_route_mapping_or_rederivation,1,ctx_fulla_bs_finance_rece_yoy,current_daily_or_derived_panel_only,requires_route_mapping_or_rederivation,CSRank(Neg($ctx_fulla_bs_finance_rece_yoy))
cn_phase3ad_new_data_factor_candidate_pack_coverage_filtered_v1_20260603_phase3am_sanitized_v1_20260609.json,phase3ad_newdata_atomic_direct_rank_00470,atomic_direct_rank,needs_route_mapping_or_rederivation,1,ctx_fulla_bs_fixed_asset_yoy,current_daily_or_derived_panel_only,requires_route_mapping_or_rederivation,CSRank($ctx_fulla_bs_fixed_asset_yoy)
cn_phase3ad_new_data_factor_candidate_pack_coverage_filtered_v1_20260603_phase3am_sanitized_v1_20260609.json,phase3ad_newdata_atomic_inverse_rank_00471,atomic_inverse_rank,needs_route_mapping_or_rederivation,1,ctx_fulla_bs_fixed_asset_yoy,current_daily_or_derived_panel_only,requires_route_mapping_or_rederivation,CSRank(Neg($ctx_fulla_bs_fixed_asset_yoy))
cn_phase3ad_new_data_factor_candidate_pack_coverage_filtered_v1_20260603_phase3am_sanitized_v1_20260609.json,phase3ad_newdata_atomic_direct_rank_00482,atomic_direct_rank,needs_route_mapping_or_rederivation,1,ctx_fulla_bs_goodwill_yoy,current_daily_or_derived_panel_only,requires_route_mapping_or_rederivation,CSRank($ctx_fulla_bs_goodwill_yoy)
cn_phase3ad_new_data_factor_candidate_pack_coverage_filtered_v1_20260603_phase3am_sanitized_v1_20260609.json,phase3ad_newdata_atomic_direct_rank_00491,atomic_direct_rank,needs_route_mapping_or_rederivation,1,ctx_fulla_bs_intangible_asset_yoy,current_daily_or_derived_panel_only,requires_route_mapping_or_rederivation,CSRank($ctx_fulla_bs_intangible_asset_yoy)
cn_phase3ad_new_data_factor_candidate_pack_coverage_filtered_v1_20260603_phase3am_sanitized_v1_20260609.json,phase3ad_newdata_atomic_inverse_rank_00492,atomic_inverse_rank,needs_route_mapping_or_rederivation,1,ctx_fulla_bs_intangible_asset_yoy,current_daily_or_derived_panel_only,requires_route_mapping_or_rederivation,CSRank(Neg($ctx_fulla_bs_intangible_asset_yoy))
cn_phase3ad_new_data_factor_candidate_pack_coverage_filtered_v1_20260603_phase3am_sanitized_v1_20260609.json,phase3ad_newdata_atomic_direct_rank_00501,atomic_direct_rank,needs_route_mapping_or_rederivation,1,ctx_fulla_bs_inventory_yoy,current_daily_or_derived_panel_only,requires_route_mapping_or_rederivation,CSRank($ctx_fulla_bs_inventory_yoy)
cn_phase3ad_new_data_factor_candidate_pack_coverage_filtered_v1_20260603_phase3am_sanitized_v1_20260609.json,phase3ad_newdata_atomic_direct_rank_00502,atomic_direct_rank,needs_route_mapping_or_rederivation,1,ctx_fulla_bs_invest_realestate_yoy,current_daily_or_derived_panel_only,requires_route_mapping_or_rederivation,CSRank($ctx_fulla_bs_invest_realestate_yoy)
cn_phase3ad_new_data_factor_candidate_pack_coverage_filtered_v1_20260603_phase3am_sanitized_v1_20260609.json,phase3ad_newdata_atomic_inverse_rank_00503,atomic_inverse_rank,needs_route_mapping_or_rederivation,1,ctx_fulla_bs_invest_realestate_yoy,current_daily_or_derived_panel_only,requires_route_mapping_or_rederivation,CSRank(Neg($ctx_fulla_bs_invest_realestate_yoy))
cn_phase3ad_new_data_factor_candidate_pack_coverage_filtered_v1_20260603_phase3am_sanitized_v1_20260609.json,phase3ad_newdata_atomic_direct_rank_00504,atomic_direct_rank,needs_route_mapping_or_rederivation,1,ctx_fulla_bs_lease_liab_yoy,current_daily_or_derived_panel_only,requires_route_mapping_or_rederivation,CSRank($ctx_fulla_bs_lease_liab_yoy)
cn_phase3ad_new_data_factor_candidate_pack_coverage_filtered_v1_20260603_phase3am_sanitized_v1_20260609.json,phase3ad_newdata_atomic_inverse_rank_00505,atomic_inverse_rank,needs_route_mapping_or_rederivation,1,ctx_fulla_bs_lease_liab_yoy,current_daily_or_derived_panel_only,requires_route_mapping_or_rederivation,CSRank(Neg($ctx_fulla_bs_lease_liab_yoy))
cn_phase3ad_new_data_factor_candidate_pack_coverage_filtered_v1_20260603_phase3am_sanitized_v1_20260609.json,phase3ad_newdata_atomic_direct_rank_00520,atomic_direct_rank,needs_route_mapping_or_rederivation,1,ctx_fulla_bs_long_equity_invest_yoy,current_daily_or_derived_panel_only,requires_route_mapping_or_rederivation,CSRank($ctx_fulla_bs_long_equity_invest_yoy)
cn_phase3ad_new_data_factor_candidate_pack_coverage_filtered_v1_20260603_phase3am_sanitized_v1_20260609.json,phase3ad_newdata_atomic_inverse_rank_00521,atomic_inverse_rank,needs_route_mapping_or_rederivation,1,ctx_fulla_bs_long_equity_invest_yoy,current_daily_or_derived_panel_only,requires_route_mapping_or_rederivation,CSRank(Neg($ctx_fulla_bs_long_equity_invest_yoy))
cn_phase3ad_new_data_factor_candidate_pack_coverage_filtered_v1_20260603_phase3am_sanitized_v1_20260609.json,phase3ad_newdata_atomic_direct_rank_00522,atomic_direct_rank,needs_route_mapping_or_rederivation,1,ctx_fulla_bs_long_loan_yoy,current_daily_or_derived_panel_only,requires_route_mapping_or_rederivation,CSRank($ctx_fulla_bs_long_loan_yoy)
cn_phase3ad_new_data_factor_candidate_pack_coverage_filtered_v1_20260603_phase3am_sanitized_v1_20260609.json,phase3ad_newdata_atomic_inverse_rank_00523,atomic_inverse_rank,needs_route_mapping_or_rederivation,1,ctx_fulla_bs_long_loan_yoy,current_daily_or_derived_panel_only,requires_route_mapping_or_rederivation,CSRank(Neg($ctx_fulla_bs_long_loan_yoy))
cn_phase3ad_new_data_factor_candidate_pack_coverage_filtered_v1_20260603_phase3am_sanitized_v1_20260609.json,phase3ad_newdata_atomic_direct_rank_00524,atomic_direct_rank,needs_route_mapping_or_rederivation,1,ctx_fulla_bs_long_payable_yoy,current_daily_or_derived_panel_only,requires_route_mapping_or_rederivation,CSRank($ctx_fulla_bs_long_payable_yoy)
cn_phase3ad_new_data_factor_candidate_pack_coverage_filtered_v1_20260603_phase3am_sanitized_v1_20260609.json,phase3ad_newdata_atomic_inverse_rank_00525,atomic_inverse_rank,needs_route_mapping_or_rederivation,1,ctx_fulla_bs_long_payable_yoy,current_daily_or_derived_panel_only,requires_route_mapping_or_rederivation,CSRank(Neg($ctx_fulla_bs_long_payable_yoy))
cn_phase3ad_new_data_factor_candidate_pack_coverage_filtered_v1_20260603_phase3am_sanitized_v1_20260609.json,phase3ad_newdata_atomic_direct_rank_00526,atomic_direct_rank,needs_route_mapping_or_rederivation,1,ctx_fulla_bs_long_prepaid_expense_yoy,current_daily_or_derived_panel_only,requires_route_mapping_or_rederivation,CSRank($ctx_fulla_bs_long_prepaid_expense_yoy)
cn_phase3ad_new_data_factor_candidate_pack_coverage_filtered_v1_20260603_phase3am_sanitized_v1_20260609.json,phase3ad_newdata_atomic_inverse_rank_00527,atomic_inverse_rank,needs_route_mapping_or_rederivation,1,ctx_fulla_bs_long_prepaid_expense_yoy,current_daily_or_derived_panel_only,requires_route_mapping_or_rederivation,CSRank(Neg($ctx_fulla_bs_long_prepaid_expense_yoy))
cn_phase3ad_new_data_factor_candidate_pack_coverage_filtered_v1_20260603_phase3am_sanitized_v1_20260609.json,phase3ad_newdata_atomic_direct_rank_00528,atomic_direct_rank,needs_route_mapping_or_rederivation,1,ctx_fulla_bs_long_rece_yoy,current_daily_or_derived_panel_only,requires_route_mapping_or_rederivation,CSRank($ctx_fulla_bs_long_rece_yoy)
cn_phase3ad_new_data_factor_candidate_pack_coverage_filtered_v1_20260603_phase3am_sanitized_v1_20260609.json,phase3ad_newdata_atomic_inverse_rank_00529,atomic_inverse_rank,needs_route_mapping_or_rederivation,1,ctx_fulla_bs_long_rece_yoy,current_daily_or_derived_panel_only,requires_route_mapping_or_rederivation,CSRank(Neg($ctx_fulla_bs_long_rece_yoy))
cn_phase3ad_new_data_factor_candidate_pack_coverage_filtered_v1_20260603_phase3am_sanitized_v1_20260609.json,phase3ad_newdata_atomic_direct_rank_00530,atomic_direct_rank,needs_route_mapping_or_rederivation,1,ctx_fulla_bs_long_staffsalary_payable_yoy,current_daily_or_derived_panel_only,requires_route_mapping_or_rederivation,CSRank($ctx_fulla_bs_long_staffsalary_payable_yoy)
cn_phase3ad_new_data_factor_candidate_pack_coverage_filtered_v1_20260603_phase3am_sanitized_v1_20260609.json,phase3ad_newdata_atomic_inverse_rank_00531,atomic_inverse_rank,needs_route_mapping_or_rederivation,1,ctx_fulla_bs_long_staffsalary_payable_yoy,current_daily_or_derived_panel_only,requires_route_mapping_or_rederivation,CSRank(Neg($ctx_fulla_bs_long_staffsalary_payable_yoy))
cn_phase3ad_new_data_factor_candidate_pack_coverage_filtered_v1_20260603_phase3am_sanitized_v1_20260609.json,phase3ad_newdata_atomic_direct_rank_00532,atomic_direct_rank,needs_route_mapping_or_rederivation,1,ctx_fulla_bs_minority_equity_yoy,current_daily_or_derived_panel_only,requires_route_mapping_or_rederivation,CSRank($ctx_fulla_bs_minority_equity_yoy)
cn_phase3ad_new_data_factor_candidate_pack_coverage_filtered_v1_20260603_phase3am_sanitized_v1_20260609.json,phase3ad_newdata_atomic_inverse_rank_00533,atomic_inverse_rank,needs_route_mapping_or_rederivation,1,ctx_fulla_bs_minority_equity_yoy,current_daily_or_derived_panel_only,requires_route_mapping_or_rederivation,CSRank(Neg($ctx_fulla_bs_minority_equity_yoy))
cn_phase3ad_new_data_factor_candidate_pack_coverage_filtered_v1_20260603_phase3am_sanitized_v1_20260609.json,phase3ad_newdata_atomic_direct_rank_00534,atomic_direct_rank,needs_route_mapping_or_rederivation,1,ctx_fulla_bs_monetaryfunds_yoy,current_daily_or_derived_panel_only,requires_route_mapping_or_rederivation,CSRank($ctx_fulla_bs_monetaryfunds_yoy)
cn_phase3ad_new_data_factor_candidate_pack_coverage_filtered_v1_20260603_phase3am_sanitized_v1_20260609.json,phase3ad_newdata_atomic_inverse_rank_00535,atomic_inverse_rank,needs_route_mapping_or_rederivation,1,ctx_fulla_bs_monetaryfunds_yoy,current_daily_or_derived_panel_only,requires_route_mapping_or_rederivation,CSRank(Neg($ctx_fulla_bs_monetaryfunds_yoy))
cn_phase3ad_new_data_factor_candidate_pack_coverage_filtered_v1_20260603_phase3am_sanitized_v1_20260609.json,phase3ad_newdata_atomic_direct_rank_00536,atomic_direct_rank,needs_route_mapping_or_rederivation,1,ctx_fulla_bs_noncurrent_asset_1year_yoy,current_daily_or_derived_panel_only,requires_route_mapping_or_rederivation,CSRank($ctx_fulla_bs_noncurrent_asset_1year_yoy)
cn_phase3ad_new_data_factor_candidate_pack_coverage_filtered_v1_20260603_phase3am_sanitized_v1_20260609.json,phase3ad_newdata_atomic_inverse_rank_00537,atomic_inverse_rank,needs_route_mapping_or_rederivation,1,ctx_fulla_bs_noncurrent_asset_1year_yoy,current_daily_or_derived_panel_only,requires_route_mapping_or_rederivation,CSRank(Neg($ctx_fulla_bs_noncurrent_asset_1year_yoy))
cn_phase3ad_new_data_factor_candidate_pack_coverage_filtered_v1_20260603_phase3am_sanitized_v1_20260609.json,phase3ad_newdata_atomic_direct_rank_00542,atomic_direct_rank,needs_route_mapping_or_rederivation,1,ctx_fulla_bs_noncurrent_liab_1year_yoy,current_daily_or_derived_panel_only,requires_route_mapping_or_rederivation,CSRank($ctx_fulla_bs_noncurrent_liab_1year_yoy)
cn_phase3ad_new_data_factor_candidate_pack_coverage_filtered_v1_20260603_phase3am_sanitized_v1_20260609.json,phase3ad_newdata_atomic_inverse_rank_00543,atomic_inverse_rank,needs_route_mapping_or_rederivation,1,ctx_fulla_bs_noncurrent_liab_1year_yoy,current_daily_or_derived_panel_only,requires_route_mapping_or_rederivation,CSRank(Neg($ctx_fulla_bs_noncurrent_liab_1year_yoy))
cn_phase3ad_new_data_factor_candidate_pack_coverage_filtered_v1_20260603_phase3am_sanitized_v1_20260609.json,phase3ad_newdata_atomic_direct_rank_00548,atomic_direct_rank,needs_route_mapping_or_rederivation,1,ctx_fulla_bs_note_accounts_payable_yoy,current_daily_or_derived_panel_only,requires_route_mapping_or_rederivation,CSRank($ctx_fulla_bs_note_accounts_payable_yoy)
cn_phase3ad_new_data_factor_candidate_pack_coverage_filtered_v1_20260603_phase3am_sanitized_v1_20260609.json,phase3ad_newdata_atomic_inverse_rank_00549,atomic_inverse_rank,needs_route_mapping_or_rederivation,1,ctx_fulla_bs_note_accounts_payable_yoy,current_daily_or_derived_panel_only,requires_route_mapping_or_rederivation,CSRank(Neg($ctx_fulla_bs_note_accounts_payable_yoy))
cn_phase3ad_new_data_factor_candidate_pack_coverage_filtered_v1_20260603_phase3am_sanitized_v1_20260609.json,phase3ad_newdata_atomic_direct_rank_00550,atomic_direct_rank,needs_route_mapping_or_rederivation,1,ctx_fulla_bs_note_accounts_rece_yoy,current_daily_or_derived_panel_only,requires_route_mapping_or_rederivation,CSRank($ctx_fulla_bs_note_accounts_rece_yoy)
cn_phase3ad_new_data_factor_candidate_pack_coverage_filtered_v1_20260603_phase3am_sanitized_v1_20260609.json,phase3ad_newdata_atomic_inverse_rank_00551,atomic_inverse_rank,needs_route_mapping_or_rederivation,1,ctx_fulla_bs_note_accounts_rece_yoy,current_daily_or_derived_panel_only,requires_route_mapping_or_rederivation,CSRank(Neg($ctx_fulla_bs_note_accounts_rece_yoy))
cn_phase3ad_new_data_factor_candidate_pack_coverage_filtered_v1_20260603_phase3am_sanitized_v1_20260609.json,phase3ad_newdata_atomic_direct_rank_00552,atomic_direct_rank,needs_route_mapping_or_rederivation,1,ctx_fulla_bs_note_payable_yoy,current_daily_or_derived_panel_only,requires_route_mapping_or_rederivation,CSRank($ctx_fulla_bs_note_payable_yoy)
cn_phase3ad_new_data_factor_candidate_pack_coverage_filtered_v1_20260603_phase3am_sanitized_v1_20260609.json,phase3ad_newdata_atomic_inverse_rank_00553,atomic_inverse_rank,needs_route_mapping_or_rederivation,1,ctx_fulla_bs_note_payable_yoy,current_daily_or_derived_panel_only,requires_route_mapping_or_rederivation,CSRank(Neg($ctx_fulla_bs_note_payable_yoy))
cn_phase3ad_new_data_factor_candidate_pack_coverage_filtered_v1_20260603_phase3am_sanitized_v1_20260609.json,phase3ad_newdata_atomic_direct_rank_00554,atomic_direct_rank,needs_route_mapping_or_rederivation,1,ctx_fulla_bs_note_rece_yoy,current_daily_or_derived_panel_only,requires_route_mapping_or_rederivation,CSRank($ctx_fulla_bs_note_rece_yoy)
cn_phase3ad_new_data_factor_candidate_pack_coverage_filtered_v1_20260603_phase3am_sanitized_v1_20260609.json,phase3ad_newdata_atomic_inverse_rank_00555,atomic_inverse_rank,needs_route_mapping_or_rederivation,1,ctx_fulla_bs_note_rece_yoy,current_daily_or_derived_panel_only,requires_route_mapping_or_rederivation,CSRank(Neg($ctx_fulla_bs_note_rece_yoy))
cn_phase3ad_new_data_factor_candidate_pack_coverage_filtered_v1_20260603_phase3am_sanitized_v1_20260609.json,phase3ad_newdata_atomic_direct_rank_00558,atomic_direct_rank,needs_route_mapping_or_rederivation,1,ctx_fulla_bs_other_compre_income_yoy,current_daily_or_derived_panel_only,requires_route_mapping_or_rederivation,CSRank($ctx_fulla_bs_other_compre_income_yoy)
cn_phase3ad_new_data_factor_candidate_pack_coverage_filtered_v1_20260603_phase3am_sanitized_v1_20260609.json,phase3ad_newdata_atomic_inverse_rank_00559,atomic_inverse_rank,needs_route_mapping_or_rederivation,1,ctx_fulla_bs_other_compre_income_yoy,current_daily_or_derived_panel_only,requires_route_mapping_or_rederivation,CSRank(Neg($ctx_fulla_bs_other_compre_income_yoy))
cn_phase3ad_new_data_factor_candidate_pack_coverage_filtered_v1_20260603_phase3am_sanitized_v1_20260609.json,phase3ad_newdata_atomic_direct_rank_00562,atomic_direct_rank,needs_route_mapping_or_rederivation,1,ctx_fulla_bs_other_current_asset_yoy,current_daily_or_derived_panel_only,requires_route_mapping_or_rederivation,CSRank($ctx_fulla_bs_other_current_asset_yoy)
cn_phase3ad_new_data_factor_candidate_pack_coverage_filtered_v1_20260603_phase3am_sanitized_v1_20260609.json,phase3ad_newdata_atomic_inverse_rank_00563,atomic_inverse_rank,needs_route_mapping_or_rederivation,1,ctx_fulla_bs_other_current_asset_yoy,current_daily_or_derived_panel_only,requires_route_mapping_or_rederivation,CSRank(Neg($ctx_fulla_bs_other_current_asset_yoy))
cn_phase3ad_new_data_factor_candidate_pack_coverage_filtered_v1_20260603_phase3am_sanitized_v1_20260609.json,phase3ad_newdata_atomic_direct_rank_00564,atomic_direct_rank,needs_route_mapping_or_rederivation,1,ctx_fulla_bs_other_current_liab_yoy,current_daily_or_derived_panel_only,requires_route_mapping_or_rederivation,CSRank($ctx_fulla_bs_other_current_liab_yoy)
cn_phase3ad_new_data_factor_candidate_pack_coverage_filtered_v1_20260603_phase3am_sanitized_v1_20260609.json,phase3ad_newdata_atomic_inverse_rank_00565,atomic_inverse_rank,needs_route_mapping_or_rederivation,1,ctx_fulla_bs_other_current_liab_yoy,current_daily_or_derived_panel_only,requires_route_mapping_or_rederivation,CSRank(Neg($ctx_fulla_bs_other_current_liab_yoy))
cn_phase3ad_new_data_factor_candidate_pack_coverage_filtered_v1_20260603_phase3am_sanitized_v1_20260609.json,phase3ad_newdata_atomic_direct_rank_00566,atomic_direct_rank,needs_route_mapping_or_rederivation,1,ctx_fulla_bs_other_equity_invest_yoy,current_daily_or_derived_panel_only,requires_route_mapping_or_rederivation,CSRank($ctx_fulla_bs_other_equity_invest_yoy)
cn_phase3ad_new_data_factor_candidate_pack_coverage_filtered_v1_20260603_phase3am_sanitized_v1_20260609.json,phase3ad_newdata_atomic_inverse_rank_00567,atomic_inverse_rank,needs_route_mapping_or_rederivation,1,ctx_fulla_bs_other_equity_invest_yoy,current_daily_or_derived_panel_only,requires_route_mapping_or_rederivation,CSRank(Neg($ctx_fulla_bs_other_equity_invest_yoy))
cn_phase3ad_new_data_factor_candidate_pack_coverage_filtered_v1_20260603_phase3am_sanitized_v1_20260609.json,phase3ad_newdata_atomic_direct_rank_00570,atomic_direct_rank,needs_route_mapping_or_rederivation,1,ctx_fulla_bs_other_equity_tool_yoy,current_daily_or_derived_panel_only,requires_route_mapping_or_rederivation,CSRank($ctx_fulla_bs_other_equity_tool_yoy)
cn_phase3ad_new_data_factor_candidate_pack_coverage_filtered_v1_20260603_phase3am_sanitized_v1_20260609.json,phase3ad_newdata_atomic_inverse_rank_00571,atomic_inverse_rank,needs_route_mapping_or_rederivation,1,ctx_fulla_bs_other_equity_tool_yoy,current_daily_or_derived_panel_only,requires_route_mapping_or_rederivation,CSRank(Neg($ctx_fulla_bs_other_equity_tool_yoy))
cn_phase3ad_new_data_factor_candidate_pack_coverage_filtered_v1_20260603_phase3am_sanitized_v1_20260609.json,phase3ad_newdata_atomic_direct_rank_00572,atomic_direct_rank,needs_route_mapping_or_rederivation,1,ctx_fulla_bs_other_noncurrent_asset_yoy,current_daily_or_derived_panel_only,requires_route_mapping_or_rederivation,CSRank($ctx_fulla_bs_other_noncurrent_asset_yoy)
cn_phase3ad_new_data_factor_candidate_pack_coverage_filtered_v1_20260603_phase3am_sanitized_v1_20260609.json,phase3ad_newdata_atomic_inverse_rank_00573,atomic_inverse_rank,needs_route_mapping_or_rederivation,1,ctx_fulla_bs_other_noncurrent_asset_yoy,current_daily_or_derived_panel_only,requires_route_mapping_or_rederivation,CSRank(Neg($ctx_fulla_bs_other_noncurrent_asset_yoy))
cn_phase3ad_new_data_factor_candidate_pack_coverage_filtered_v1_20260603_phase3am_sanitized_v1_20260609.json,phase3ad_newdata_atomic_direct_rank_00574,atomic_direct_rank,needs_route_mapping_or_rederivation,1,ctx_fulla_bs_other_noncurrent_finasset_yoy,current_daily_or_derived_panel_only,requires_route_mapping_or_rederivation,CSRank($ctx_fulla_bs_other_noncurrent_finasset_yoy)
cn_phase3ad_new_data_factor_candidate_pack_coverage_filtered_v1_20260603_phase3am_sanitized_v1_20260609.json,phase3ad_newdata_atomic_inverse_rank_00575,atomic_inverse_rank,needs_route_mapping_or_rederivation,1,ctx_fulla_bs_other_noncurrent_finasset_yoy,current_daily_or_derived_panel_only,requires_route_mapping_or_rederivation,CSRank(Neg($ctx_fulla_bs_other_noncurrent_finasset_yoy))
cn_phase3ad_new_data_factor_candidate_pack_coverage_filtered_v1_20260603_phase3am_sanitized_v1_20260609.json,phase3ad_newdata_atomic_direct_rank_00576,atomic_direct_rank,needs_route_mapping_or_rederivation,1,ctx_fulla_bs_other_noncurrent_liab_yoy,current_daily_or_derived_panel_only,requires_route_mapping_or_rederivation,CSRank($ctx_fulla_bs_other_noncurrent_liab_yoy)
cn_phase3ad_new_data_factor_candidate_pack_coverage_filtered_v1_20260603_phase3am_sanitized_v1_20260609.json,phase3ad_newdata_atomic_inverse_rank_00577,atomic_inverse_rank,needs_route_mapping_or_rederivation,1,ctx_fulla_bs_other_noncurrent_liab_yoy,current_daily_or_derived_panel_only,requires_route_mapping_or_rederivation,CSRank(Neg($ctx_fulla_bs_other_noncurrent_liab_yoy))
cn_phase3ad_new_data_factor_candidate_pack_coverage_filtered_v1_20260603_phase3am_sanitized_v1_20260609.json,phase3ad_newdata_atomic_direct_rank_00592,atomic_direct_rank,needs_route_mapping_or_rederivation,1,ctx_fulla_bs_predict_liab_yoy,current_daily_or_derived_panel_only,requires_route_mapping_or_rederivation,CSRank($ctx_fulla_bs_predict_liab_yoy)
cn_phase3ad_new_data_factor_candidate_pack_coverage_filtered_v1_20260603_phase3am_sanitized_v1_20260609.json,phase3ad_newdata_atomic_inverse_rank_00593,atomic_inverse_rank,needs_route_mapping_or_rederivation,1,ctx_fulla_bs_predict_liab_yoy,current_daily_or_derived_panel_only,requires_route_mapping_or_rederivation,CSRank(Neg($ctx_fulla_bs_predict_liab_yoy))
cn_phase3ad_new_data_factor_candidate_pack_coverage_filtered_v1_20260603_phase3am_sanitized_v1_20260609.json,phase3ad_newdata_atomic_direct_rank_00600,atomic_direct_rank,needs_route_mapping_or_rederivation,1,ctx_fulla_bs_prepayment_yoy,current_daily_or_derived_panel_only,requires_route_mapping_or_rederivation,CSRank($ctx_fulla_bs_prepayment_yoy)
cn_phase3ad_new_data_factor_candidate_pack_coverage_filtered_v1_20260603_phase3am_sanitized_v1_20260609.json,phase3ad_newdata_atomic_inverse_rank_00601,atomic_inverse_rank,needs_route_mapping_or_rederivation,1,ctx_fulla_bs_prepayment_yoy,current_daily_or_derived_panel_only,requires_route_mapping_or_rederivation,CSRank(Neg($ctx_fulla_bs_prepayment_yoy))
cn_phase3ad_new_data_factor_candidate_pack_coverage_filtered_v1_20260603_phase3am_sanitized_v1_20260609.json,phase3ad_newdata_atomic_direct_rank_00616,atomic_direct_rank,needs_route_mapping_or_rederivation,1,ctx_fulla_bs_share_capital_yoy,current_daily_or_derived_panel_only,requires_route_mapping_or_rederivation,CSRank($ctx_fulla_bs_share_capital_yoy)
cn_phase3ad_new_data_factor_candidate_pack_coverage_filtered_v1_20260603_phase3am_sanitized_v1_20260609.json,phase3ad_newdata_atomic_inverse_rank_00617,atomic_inverse_rank,needs_route_mapping_or_rederivation,1,ctx_fulla_bs_share_capital_yoy,current_daily_or_derived_panel_only,requires_route_mapping_or_rederivation,CSRank(Neg($ctx_fulla_bs_share_capital_yoy))
cn_phase3ad_new_data_factor_candidate_pack_coverage_filtered_v1_20260603_phase3am_sanitized_v1_20260609.json,phase3ad_newdata_atomic_direct_rank_00622,atomic_direct_rank,needs_route_mapping_or_rederivation,1,ctx_fulla_bs_short_loan_yoy,current_daily_or_derived_panel_only,requires_route_mapping_or_rederivation,CSRank($ctx_fulla_bs_short_loan_yoy)
cn_phase3ad_new_data_factor_candidate_pack_coverage_filtered_v1_20260603_phase3am_sanitized_v1_20260609.json,phase3ad_newdata_atomic_inverse_rank_00623,atomic_inverse_rank,needs_route_mapping_or_rederivation,1,ctx_fulla_bs_short_loan_yoy,current_daily_or_derived_panel_only,requires_route_mapping_or_rederivation,CSRank(Neg($ctx_fulla_bs_short_loan_yoy))
cn_phase3ad_new_data_factor_candidate_pack_coverage_filtered_v1_20260603_phase3am_sanitized_v1_20260609.json,phase3ad_newdata_atomic_direct_rank_00626,atomic_direct_rank,needs_route_mapping_or_rederivation,1,ctx_fulla_bs_special_reserve_yoy,current_daily_or_derived_panel_only,requires_route_mapping_or_rederivation,CSRank($ctx_fulla_bs_special_reserve_yoy)
cn_phase3ad_new_data_factor_candidate_pack_coverage_filtered_v1_20260603_phase3am_sanitized_v1_20260609.json,phase3ad_newdata_atomic_inverse_rank_00627,atomic_inverse_rank,needs_route_mapping_or_rederivation,1,ctx_fulla_bs_special_reserve_yoy,current_daily_or_derived_panel_only,requires_route_mapping_or_rederivation,CSRank(Neg($ctx_fulla_bs_special_reserve_yoy))
cn_phase3ad_new_data_factor_candidate_pack_coverage_filtered_v1_20260603_phase3am_sanitized_v1_20260609.json,phase3ad_newdata_atomic_direct_rank_00628,atomic_direct_rank,needs_route_mapping_or_rederivation,1,ctx_fulla_bs_staff_salary_payable_yoy,current_daily_or_derived_panel_only,requires_route_mapping_or_rederivation,CSRank($ctx_fulla_bs_staff_salary_payable_yoy)
cn_phase3ad_new_data_factor_candidate_pack_coverage_filtered_v1_20260603_phase3am_sanitized_v1_20260609.json,phase3ad_newdata_atomic_inverse_rank_00629,atomic_inverse_rank,needs_route_mapping_or_rederivation,1,ctx_fulla_bs_staff_salary_payable_yoy,current_daily_or_derived_panel_only,requires_route_mapping_or_rederivation,CSRank(Neg($ctx_fulla_bs_staff_salary_payable_yoy))
cn_phase3ad_new_data_factor_candidate_pack_coverage_filtered_v1_20260603_phase3am_sanitized_v1_20260609.json,phase3ad_newdata_atomic_direct_rank_00632,atomic_direct_rank,needs_route_mapping_or_rederivation,1,ctx_fulla_bs_surplus_reserve_yoy,current_daily_or_derived_panel_only,requires_route_mapping_or_rederivation,CSRank($ctx_fulla_bs_surplus_reserve_yoy)
cn_phase3ad_new_data_factor_candidate_pack_coverage_filtered_v1_20260603_phase3am_sanitized_v1_20260609.json,phase3ad_newdata_atomic_inverse_rank_00633,atomic_inverse_rank,needs_route_mapping_or_rederivation,1,ctx_fulla_bs_surplus_reserve_yoy,current_daily_or_derived_panel_only,requires_route_mapping_or_rederivation,CSRank(Neg($ctx_fulla_bs_surplus_reserve_yoy))
cn_phase3ad_new_data_factor_candidate_pack_coverage_filtered_v1_20260603_phase3am_sanitized_v1_20260609.json,phase3ad_newdata_atomic_direct_rank_00634,atomic_direct_rank,needs_route_mapping_or_rederivation,1,ctx_fulla_bs_tax_payable_yoy,current_daily_or_derived_panel_only,requires_route_mapping_or_rederivation,CSRank($ctx_fulla_bs_tax_payable_yoy)
cn_phase3ad_new_data_factor_candidate_pack_coverage_filtered_v1_20260603_phase3am_sanitized_v1_20260609.json,phase3ad_newdata_atomic_inverse_rank_00635,atomic_inverse_rank,needs_route_mapping_or_rederivation,1,ctx_fulla_bs_tax_payable_yoy,current_daily_or_derived_panel_only,requires_route_mapping_or_rederivation,CSRank(Neg($ctx_fulla_bs_tax_payable_yoy))
cn_phase3ad_new_data_factor_candidate_pack_coverage_filtered_v1_20260603_phase3am_sanitized_v1_20260609.json,phase3ad_newdata_atomic_direct_rank_00636,atomic_direct_rank,needs_route_mapping_or_rederivation,1,ctx_fulla_bs_total_assets_yoy,current_daily_or_derived_panel_only,requires_route_mapping_or_rederivation,CSRank($ctx_fulla_bs_total_assets_yoy)
cn_phase3ad_new_data_factor_candidate_pack_coverage_filtered_v1_20260603_phase3am_sanitized_v1_20260609.json,phase3ad_newdata_atomic_direct_rank_00637,atomic_direct_rank,needs_route_mapping_or_rederivation,1,ctx_fulla_bs_total_current_assets_yoy,current_daily_or_derived_panel_only,requires_route_mapping_or_rederivation,CSRank($ctx_fulla_bs_total_current_assets_yoy)
cn_phase3ad_new_data_factor_candidate_pack_coverage_filtered_v1_20260603_phase3am_sanitized_v1_20260609.json,phase3ad_newdata_atomic_inverse_rank_00638,atomic_inverse_rank,needs_route_mapping_or_rederivation,1,ctx_fulla_bs_total_current_assets_yoy,current_daily_or_derived_panel_only,requires_route_mapping_or_rederivation,CSRank(Neg($ctx_fulla_bs_total_current_assets_yoy))
cn_phase3ad_new_data_factor_candidate_pack_coverage_filtered_v1_20260603_phase3am_sanitized_v1_20260609.json,phase3ad_newdata_atomic_direct_rank_00639,atomic_direct_rank,needs_route_mapping_or_rederivation,1,ctx_fulla_bs_total_current_liab_yoy,current_daily_or_derived_panel_only,requires_route_mapping_or_rederivation,CSRank($ctx_fulla_bs_total_current_liab_yoy)
cn_phase3ad_new_data_factor_candidate_pack_coverage_filtered_v1_20260603_phase3am_sanitized_v1_20260609.json,phase3ad_newdata_atomic_inverse_rank_00640,atomic_inverse_rank,needs_route_mapping_or_rederivation,1,ctx_fulla_bs_total_current_liab_yoy,current_daily_or_derived_panel_only,requires_route_mapping_or_rederivation,CSRank(Neg($ctx_fulla_bs_total_current_liab_yoy))
cn_phase3ad_new_data_factor_candidate_pack_coverage_filtered_v1_20260603_phase3am_sanitized_v1_20260609.json,phase3ad_newdata_atomic_direct_rank_00641,atomic_direct_rank,needs_route_mapping_or_rederivation,1,ctx_fulla_bs_total_equity_yoy,current_daily_or_derived_panel_only,requires_route_mapping_or_rederivation,CSRank($ctx_fulla_bs_total_equity_yoy)
cn_phase3ad_new_data_factor_candidate_pack_coverage_filtered_v1_20260603_phase3am_sanitized_v1_20260609.json,phase3ad_newdata_atomic_inverse_rank_00642,atomic_inverse_rank,needs_route_mapping_or_rederivation,1,ctx_fulla_bs_total_equity_yoy,current_daily_or_derived_panel_only,requires_route_mapping_or_rederivation,CSRank(Neg($ctx_fulla_bs_total_equity_yoy))
cn_phase3ad_new_data_factor_candidate_pack_coverage_filtered_v1_20260603_phase3am_sanitized_v1_20260609.json,phase3ad_newdata_atomic_direct_rank_00643,atomic_direct_rank,needs_route_mapping_or_rederivation,1,ctx_fulla_bs_total_liab_equity_yoy,current_daily_or_derived_panel_only,requires_route_mapping_or_rederivation,CSRank($ctx_fulla_bs_total_liab_equity_yoy)
cn_phase3ad_new_data_factor_candidate_pack_coverage_filtered_v1_20260603_phase3am_sanitized_v1_20260609.json,phase3ad_newdata_atomic_inverse_rank_00644,atomic_inverse_rank,needs_route_mapping_or_rederivation,1,ctx_fulla_bs_total_liab_equity_yoy,current_daily_or_derived_panel_only,requires_route_mapping_or_rederivation,CSRank(Neg($ctx_fulla_bs_total_liab_equity_yoy))
cn_phase3ad_new_data_factor_candidate_pack_coverage_filtered_v1_20260603_phase3am_sanitized_v1_20260609.json,phase3ad_newdata_atomic_direct_rank_00645,atomic_direct_rank,needs_route_mapping_or_rederivation,1,ctx_fulla_bs_total_liabilities_yoy,current_daily_or_derived_panel_only,requires_route_mapping_or_rederivation,CSRank($ctx_fulla_bs_total_liabilities_yoy)
cn_phase3ad_new_data_factor_candidate_pack_coverage_filtered_v1_20260603_phase3am_sanitized_v1_20260609.json,phase3ad_newdata_atomic_direct_rank_00646,atomic_direct_rank,needs_route_mapping_or_rederivation,1,ctx_fulla_bs_total_noncurrent_assets_yoy,current_daily_or_derived_panel_only,requires_route_mapping_or_rederivation,CSRank($ctx_fulla_bs_total_noncurrent_assets_yoy)
cn_phase3ad_new_data_factor_candidate_pack_coverage_filtered_v1_20260603_phase3am_sanitized_v1_20260609.json,phase3ad_newdata_atomic_inverse_rank_00647,atomic_inverse_rank,needs_route_mapping_or_rederivation,1,ctx_fulla_bs_total_noncurrent_assets_yoy,current_daily_or_derived_panel_only,requires_route_mapping_or_rederivation,CSRank(Neg($ctx_fulla_bs_total_noncurrent_assets_yoy))
cn_phase3ad_new_data_factor_candidate_pack_coverage_filtered_v1_20260603_phase3am_sanitized_v1_20260609.json,phase3ad_newdata_atomic_direct_rank_00648,atomic_direct_rank,needs_route_mapping_or_rederivation,1,ctx_fulla_bs_total_noncurrent_liab_yoy,current_daily_or_derived_panel_only,requires_route_mapping_or_rederivation,CSRank($ctx_fulla_bs_total_noncurrent_liab_yoy)
cn_phase3ad_new_data_factor_candidate_pack_coverage_filtered_v1_20260603_phase3am_sanitized_v1_20260609.json,phase3ad_newdata_atomic_inverse_rank_00649,atomic_inverse_rank,needs_route_mapping_or_rederivation,1,ctx_fulla_bs_total_noncurrent_liab_yoy,current_daily_or_derived_panel_only,requires_route_mapping_or_rederivation,CSRank(Neg($ctx_fulla_bs_total_noncurrent_liab_yoy))
cn_phase3ad_new_data_factor_candidate_pack_coverage_filtered_v1_20260603_phase3am_sanitized_v1_20260609.json,phase3ad_newdata_atomic_direct_rank_00650,atomic_direct_rank,needs_route_mapping_or_rederivation,1,ctx_fulla_bs_total_other_payable_yoy,current_daily_or_derived_panel_only,requires_route_mapping_or_rederivation,CSRank($ctx_fulla_bs_total_other_payable_yoy)
cn_phase3ad_new_data_factor_candidate_pack_coverage_filtered_v1_20260603_phase3am_sanitized_v1_20260609.json,phase3ad_newdata_atomic_inverse_rank_00651,atomic_inverse_rank,needs_route_mapping_or_rederivation,1,ctx_fulla_bs_total_other_payable_yoy,current_daily_or_derived_panel_only,requires_route_mapping_or_rederivation,CSRank(Neg($ctx_fulla_bs_total_other_payable_yoy))
cn_phase3ad_new_data_factor_candidate_pack_coverage_filtered_v1_20260603_phase3am_sanitized_v1_20260609.json,phase3ad_newdata_atomic_direct_rank_00652,atomic_direct_rank,needs_route_mapping_or_rederivation,1,ctx_fulla_bs_total_other_rece_yoy,current_daily_or_derived_panel_only,requires_route_mapping_or_rederivation,CSRank($ctx_fulla_bs_total_other_rece_yoy)
cn_phase3ad_new_data_factor_candidate_pack_coverage_filtered_v1_20260603_phase3am_sanitized_v1_20260609.json,phase3ad_newdata_atomic_inverse_rank_00653,atomic_inverse_rank,needs_route_mapping_or_rederivation,1,ctx_fulla_bs_total_other_rece_yoy,current_daily_or_derived_panel_only,requires_route_mapping_or_rederivation,CSRank(Neg($ctx_fulla_bs_total_other_rece_yoy))
cn_phase3ad_new_data_factor_candidate_pack_coverage_filtered_v1_20260603_phase3am_sanitized_v1_20260609.json,phase3ad_newdata_atomic_direct_rank_00654,atomic_direct_rank,needs_route_mapping_or_rederivation,1,ctx_fulla_bs_total_parent_equity_yoy,current_daily_or_derived_panel_only,requires_route_mapping_or_rederivation,CSRank($ctx_fulla_bs_total_parent_equity_yoy)
cn_phase3ad_new_data_factor_candidate_pack_coverage_filtered_v1_20260603_phase3am_sanitized_v1_20260609.json,phase3ad_newdata_atomic_inverse_rank_00655,atomic_inverse_rank,needs_route_mapping_or_rederivation,1,ctx_fulla_bs_total_parent_equity_yoy,current_daily_or_derived_panel_only,requires_route_mapping_or_rederivation,CSRank(Neg($ctx_fulla_bs_total_parent_equity_yoy))
cn_phase3ad_new_data_factor_candidate_pack_coverage_filtered_v1_20260603_phase3am_sanitized_v1_20260609.json,phase3ad_newdata_atomic_direct_rank_00656,atomic_direct_rank,needs_route_mapping_or_rederivation,1,ctx_fulla_bs_trade_finasset_notfvtpl_yoy,current_daily_or_derived_panel_only,requires_route_mapping_or_rederivation,CSRank($ctx_fulla_bs_trade_finasset_notfvtpl_yoy)
cn_phase3ad_new_data_factor_candidate_pack_coverage_filtered_v1_20260603_phase3am_sanitized_v1_20260609.json,phase3ad_newdata_atomic_inverse_rank_00657,atomic_inverse_rank,needs_route_mapping_or_rederivation,1,ctx_fulla_bs_trade_finasset_notfvtpl_yoy,current_daily_or_derived_panel_only,requires_route_mapping_or_rederivation,CSRank(Neg($ctx_fulla_bs_trade_finasset_notfvtpl_yoy))
cn_phase3ad_new_data_factor_candidate_pack_coverage_filtered_v1_20260603_phase3am_sanitized_v1_20260609.json,phase3ad_newdata_atomic_direct_rank_00664,atomic_direct_rank,needs_route_mapping_or_rederivation,1,ctx_fulla_bs_treasury_shares_yoy,current_daily_or_derived_panel_only,requires_route_mapping_or_rederivation,CSRank($ctx_fulla_bs_treasury_shares_yoy)
cn_phase3ad_new_data_factor_candidate_pack_coverage_filtered_v1_20260603_phase3am_sanitized_v1_20260609.json,phase3ad_newdata_atomic_inverse_rank_00665,atomic_inverse_rank,needs_route_mapping_or_rederivation,1,ctx_fulla_bs_treasury_shares_yoy,current_daily_or_derived_panel_only,requires_route_mapping_or_rederivation,CSRank(Neg($ctx_fulla_bs_treasury_shares_yoy))
cn_phase3ad_new_data_factor_candidate_pack_coverage_filtered_v1_20260603_phase3am_sanitized_v1_20260609.json,phase3ad_newdata_atomic_direct_rank_00666,atomic_direct_rank,needs_route_mapping_or_rederivation,1,ctx_fulla_bs_unassign_rpofit_yoy,current_daily_or_derived_panel_only,requires_route_mapping_or_rederivation,CSRank($ctx_fulla_bs_unassign_rpofit_yoy)
cn_phase3ad_new_data_factor_candidate_pack_coverage_filtered_v1_20260603_phase3am_sanitized_v1_20260609.json,phase3ad_newdata_atomic_inverse_rank_00667,atomic_inverse_rank,needs_route_mapping_or_rederivation,1,ctx_fulla_bs_unassign_rpofit_yoy,current_daily_or_derived_panel_only,requires_route_mapping_or_rederivation,CSRank(Neg($ctx_fulla_bs_unassign_rpofit_yoy))
cn_phase3ad_new_data_factor_candidate_pack_coverage_filtered_v1_20260603_phase3am_sanitized_v1_20260609.json,phase3ad_newdata_atomic_direct_rank_00670,atomic_direct_rank,needs_route_mapping_or_rederivation,1,ctx_fulla_bs_useright_asset_yoy,current_daily_or_derived_panel_only,requires_route_mapping_or_rederivation,CSRank($ctx_fulla_bs_useright_asset_yoy)
cn_phase3ad_new_data_factor_candidate_pack_coverage_filtered_v1_20260603_phase3am_sanitized_v1_20260609.json,phase3ad_newdata_atomic_inverse_rank_00671,atomic_inverse_rank,needs_route_mapping_or_rederivation,1,ctx_fulla_bs_useright_asset_yoy,current_daily_or_derived_panel_only,requires_route_mapping_or_rederivation,CSRank(Neg($ctx_fulla_bs_useright_asset_yoy))
cn_phase3ad_new_data_factor_candidate_pack_coverage_filtered_v1_20260603_phase3am_sanitized_v1_20260609.json,phase3ad_newdata_atomic_direct_rank_00674,atomic_direct_rank,needs_route_mapping_or_rederivation,1,ctx_fulla_ps_total_operate_income,current_daily_or_derived_panel_only,requires_route_mapping_or_rederivation,CSRank($ctx_fulla_ps_total_operate_income)
cn_phase3ad_new_data_factor_candidate_pack_coverage_filtered_v1_20260603_phase3am_sanitized_v1_20260609.json,phase3ad_newdata_atomic_inverse_rank_00675,atomic_inverse_rank,needs_route_mapping_or_rederivation,1,ctx_fulla_ps_total_operate_income,current_daily_or_derived_panel_only,requires_route_mapping_or_rederivation,CSRank(Neg($ctx_fulla_ps_total_operate_income))
cn_phase3ad_new_data_factor_candidate_pack_coverage_filtered_v1_20260603_phase3am_sanitized_v1_20260609.json,phase3ad_newdata_atomic_inverse_rank_00676,atomic_inverse_rank,needs_route_mapping_or_rederivation,1,ctx_fulla_ps_total_operate_income_yoy,current_daily_or_derived_panel_only,requires_route_mapping_or_rederivation,CSRank(Neg($ctx_fulla_ps_total_operate_income_yoy))
cn_phase3ad_new_data_factor_candidate_pack_coverage_filtered_v1_20260603_phase3am_sanitized_v1_20260609.json,phase3ad_newdata_atomic_direct_rank_00677,atomic_direct_rank,needs_route_mapping_or_rederivation,1,ctx_fulla_ps_operate_income,current_daily_or_derived_panel_only,requires_route_mapping_or_rederivation,CSRank($ctx_fulla_ps_operate_income)
cn_phase3ad_new_data_factor_candidate_pack_coverage_filtered_v1_20260603_phase3am_sanitized_v1_20260609.json,phase3ad_newdata_atomic_inverse_rank_00678,atomic_inverse_rank,needs_route_mapping_or_rederivation,1,ctx_fulla_ps_operate_income,current_daily_or_derived_panel_only,requires_route_mapping_or_rederivation,CSRank(Neg($ctx_fulla_ps_operate_income))
cn_phase3ad_new_data_factor_candidate_pack_coverage_filtered_v1_20260603_phase3am_sanitized_v1_20260609.json,phase3ad_newdata_atomic_direct_rank_00679,atomic_direct_rank,needs_route_mapping_or_rederivation,1,ctx_fulla_ps_operate_income_yoy,current_daily_or_derived_panel_only,requires_route_mapping_or_rederivation,CSRank($ctx_fulla_ps_operate_income_yoy)
cn_phase3ad_new_data_factor_candidate_pack_coverage_filtered_v1_20260603_phase3am_sanitized_v1_20260609.json,phase3ad_newdata_atomic_inverse_rank_00680,atomic_inverse_rank,needs_route_mapping_or_rederivation,1,ctx_fulla_ps_operate_income_yoy,current_daily_or_derived_panel_only,requires_route_mapping_or_rederivation,CSRank(Neg($ctx_fulla_ps_operate_income_yoy))
cn_phase3ad_new_data_factor_candidate_pack_coverage_filtered_v1_20260603_phase3am_sanitized_v1_20260609.json,phase3ad_newdata_atomic_direct_rank_00701,atomic_direct_rank,needs_route_mapping_or_rederivation,1,ctx_fulla_ps_total_operate_cost,current_daily_or_derived_panel_only,requires_route_mapping_or_rederivation,CSRank($ctx_fulla_ps_total_operate_cost)
cn_phase3ad_new_data_factor_candidate_pack_coverage_filtered_v1_20260603_phase3am_sanitized_v1_20260609.json,phase3ad_newdata_atomic_inverse_rank_00702,atomic_inverse_rank,needs_route_mapping_or_rederivation,1,ctx_fulla_ps_total_operate_cost,current_daily_or_derived_panel_only,requires_route_mapping_or_rederivation,CSRank(Neg($ctx_fulla_ps_total_operate_cost))
cn_phase3ad_new_data_factor_candidate_pack_coverage_filtered_v1_20260603_phase3am_sanitized_v1_20260609.json,phase3ad_newdata_atomic_direct_rank_00703,atomic_direct_rank,needs_route_mapping_or_rederivation,1,ctx_fulla_ps_total_operate_cost_yoy,current_daily_or_derived_panel_only,requires_route_mapping_or_rederivation,CSRank($ctx_fulla_ps_total_operate_cost_yoy)
cn_phase3ad_new_data_factor_candidate_pack_coverage_filtered_v1_20260603_phase3am_sanitized_v1_20260609.json,phase3ad_newdata_atomic_inverse_rank_00704,atomic_inverse_rank,needs_route_mapping_or_rederivation,1,ctx_fulla_ps_total_operate_cost_yoy,current_daily_or_derived_panel_only,requires_route_mapping_or_rederivation,CSRank(Neg($ctx_fulla_ps_total_operate_cost_yoy))
cn_phase3ad_new_data_factor_candidate_pack_coverage_filtered_v1_20260603_phase3am_sanitized_v1_20260609.json,phase3ad_newdata_atomic_direct_rank_00705,atomic_direct_rank,needs_route_mapping_or_rederivation,1,ctx_fulla_ps_operate_cost,current_daily_or_derived_panel_only,requires_route_mapping_or_rederivation,CSRank($ctx_fulla_ps_operate_cost)
cn_phase3ad_new_data_factor_candidate_pack_coverage_filtered_v1_20260603_phase3am_sanitized_v1_20260609.json,phase3ad_newdata_atomic_inverse_rank_00706,atomic_inverse_rank,needs_route_mapping_or_rederivation,1,ctx_fulla_ps_operate_cost,current_daily_or_derived_panel_only,requires_route_mapping_or_rederivation,CSRank(Neg($ctx_fulla_ps_operate_cost))
cn_phase3ad_new_data_factor_candidate_pack_coverage_filtered_v1_20260603_phase3am_sanitized_v1_20260609.json,phase3ad_newdata_atomic_direct_rank_00707,atomic_direct_rank,needs_route_mapping_or_rederivation,1,ctx_fulla_ps_operate_cost_yoy,current_daily_or_derived_panel_only,requires_route_mapping_or_rederivation,CSRank($ctx_fulla_ps_operate_cost_yoy)
cn_phase3ad_new_data_factor_candidate_pack_coverage_filtered_v1_20260603_phase3am_sanitized_v1_20260609.json,phase3ad_newdata_atomic_inverse_rank_00708,atomic_inverse_rank,needs_route_mapping_or_rederivation,1,ctx_fulla_ps_operate_cost_yoy,current_daily_or_derived_panel_only,requires_route_mapping_or_rederivation,CSRank(Neg($ctx_fulla_ps_operate_cost_yoy))
cn_phase3ad_new_data_factor_candidate_pack_coverage_filtered_v1_20260603_phase3am_sanitized_v1_20260609.json,phase3ad_newdata_atomic_direct_rank_00717,atomic_direct_rank,needs_route_mapping_or_rederivation,1,ctx_fulla_ps_research_expense,current_daily_or_derived_panel_only,requires_route_mapping_or_rederivation,CSRank($ctx_fulla_ps_research_expense)
cn_phase3ad_new_data_factor_candidate_pack_coverage_filtered_v1_20260603_phase3am_sanitized_v1_20260609.json,phase3ad_newdata_atomic_inverse_rank_00718,atomic_inverse_rank,needs_route_mapping_or_rederivation,1,ctx_fulla_ps_research_expense,current_daily_or_derived_panel_only,requires_route_mapping_or_rederivation,CSRank(Neg($ctx_fulla_ps_research_expense))
cn_phase3ad_new_data_factor_candidate_pack_coverage_filtered_v1_20260603_phase3am_sanitized_v1_20260609.json,phase3ad_newdata_atomic_direct_rank_00719,atomic_direct_rank,needs_route_mapping_or_rederivation,1,ctx_fulla_ps_research_expense_yoy,current_daily_or_derived_panel_only,requires_route_mapping_or_rederivation,CSRank($ctx_fulla_ps_research_expense_yoy)
cn_phase3ad_new_data_factor_candidate_pack_coverage_filtered_v1_20260603_phase3am_sanitized_v1_20260609.json,phase3ad_newdata_atomic_inverse_rank_00720,atomic_inverse_rank,needs_route_mapping_or_rederivation,1,ctx_fulla_ps_research_expense_yoy,current_daily_or_derived_panel_only,requires_route_mapping_or_rederivation,CSRank(Neg($ctx_fulla_ps_research_expense_yoy))
cn_phase3ad_new_data_factor_candidate_pack_coverage_filtered_v1_20260603_phase3am_sanitized_v1_20260609.json,phase3ad_newdata_atomic_direct_rank_00745,atomic_direct_rank,needs_route_mapping_or_rederivation,1,ctx_fulla_ps_operate_tax_add,current_daily_or_derived_panel_only,requires_route_mapping_or_rederivation,CSRank($ctx_fulla_ps_operate_tax_add)
cn_phase3ad_new_data_factor_candidate_pack_coverage_filtered_v1_20260603_phase3am_sanitized_v1_20260609.json,phase3ad_newdata_atomic_inverse_rank_00746,atomic_inverse_rank,needs_route_mapping_or_rederivation,1,ctx_fulla_ps_operate_tax_add,current_daily_or_derived_panel_only,requires_route_mapping_or_rederivation,CSRank(Neg($ctx_fulla_ps_operate_tax_add))
cn_phase3ad_new_data_factor_candidate_pack_coverage_filtered_v1_20260603_phase3am_sanitized_v1_20260609.json,phase3ad_newdata_atomic_direct_rank_00747,atomic_direct_rank,needs_route_mapping_or_rederivation,1,ctx_fulla_ps_operate_tax_add_yoy,current_daily_or_derived_panel_only,requires_route_mapping_or_rederivation,CSRank($ctx_fulla_ps_operate_tax_add_yoy)
cn_phase3ad_new_data_factor_candidate_pack_coverage_filtered_v1_20260603_phase3am_sanitized_v1_20260609.json,phase3ad_newdata_atomic_inverse_rank_00748,atomic_inverse_rank,needs_route_mapping_or_rederivation,1,ctx_fulla_ps_operate_tax_add_yoy,current_daily_or_derived_panel_only,requires_route_mapping_or_rederivation,CSRank(Neg($ctx_fulla_ps_operate_tax_add_yoy))
cn_phase3ad_new_data_factor_candidate_pack_coverage_filtered_v1_20260603_phase3am_sanitized_v1_20260609.json,phase3ad_newdata_atomic_direct_rank_00749,atomic_direct_rank,needs_route_mapping_or_rederivation,1,ctx_fulla_ps_sale_expense,current_daily_or_derived_panel_only,requires_route_mapping_or_rederivation,CSRank($ctx_fulla_ps_sale_expense)
cn_phase3ad_new_data_factor_candidate_pack_coverage_filtered_v1_20260603_phase3am_sanitized_v1_20260609.json,phase3ad_newdata_atomic_inverse_rank_00750,atomic_inverse_rank,needs_route_mapping_or_rederivation,1,ctx_fulla_ps_sale_expense,current_daily_or_derived_panel_only,requires_route_mapping_or_rederivation,CSRank(Neg($ctx_fulla_ps_sale_expense))
cn_phase3ad_new_data_factor_candidate_pack_coverage_filtered_v1_20260603_phase3am_sanitized_v1_20260609.json,phase3ad_newdata_atomic_direct_rank_00751,atomic_direct_rank,needs_route_mapping_or_rederivation,1,ctx_fulla_ps_sale_expense_yoy,current_daily_or_derived_panel_only,requires_route_mapping_or_rederivation,CSRank($ctx_fulla_ps_sale_expense_yoy)
cn_phase3ad_new_data_factor_candidate_pack_coverage_filtered_v1_20260603_phase3am_sanitized_v1_20260609.json,phase3ad_newdata_atomic_inverse_rank_00752,atomic_inverse_rank,needs_route_mapping_or_rederivation,1,ctx_fulla_ps_sale_expense_yoy,current_daily_or_derived_panel_only,requires_route_mapping_or_rederivation,CSRank(Neg($ctx_fulla_ps_sale_expense_yoy))
cn_phase3ad_new_data_factor_candidate_pack_coverage_filtered_v1_20260603_phase3am_sanitized_v1_20260609.json,phase3ad_newdata_atomic_direct_rank_00753,atomic_direct_rank,needs_route_mapping_or_rederivation,1,ctx_fulla_ps_manage_expense,current_daily_or_derived_panel_only,requires_route_mapping_or_rederivation,CSRank($ctx_fulla_ps_manage_expense)
cn_phase3ad_new_data_factor_candidate_pack_coverage_filtered_v1_20260603_phase3am_sanitized_v1_20260609.json,phase3ad_newdata_atomic_inverse_rank_00754,atomic_inverse_rank,needs_route_mapping_or_rederivation,1,ctx_fulla_ps_manage_expense,current_daily_or_derived_panel_only,requires_route_mapping_or_rederivation,CSRank(Neg($ctx_fulla_ps_manage_expense))
cn_phase3ad_new_data_factor_candidate_pack_coverage_filtered_v1_20260603_phase3am_sanitized_v1_20260609.json,phase3ad_newdata_atomic_direct_rank_00755,atomic_direct_rank,needs_route_mapping_or_rederivation,1,ctx_fulla_ps_manage_expense_yoy,current_daily_or_derived_panel_only,requires_route_mapping_or_rederivation,CSRank($ctx_fulla_ps_manage_expense_yoy)
cn_phase3ad_new_data_factor_candidate_pack_coverage_filtered_v1_20260603_phase3am_sanitized_v1_20260609.json,phase3ad_newdata_atomic_inverse_rank_00756,atomic_inverse_rank,needs_route_mapping_or_rederivation,1,ctx_fulla_ps_manage_expense_yoy,current_daily_or_derived_panel_only,requires_route_mapping_or_rederivation,CSRank(Neg($ctx_fulla_ps_manage_expense_yoy))
cn_phase3ad_new_data_factor_candidate_pack_coverage_filtered_v1_20260603_phase3am_sanitized_v1_20260609.json,phase3ad_newdata_atomic_direct_rank_00761,atomic_direct_rank,needs_route_mapping_or_rederivation,1,ctx_fulla_ps_finance_expense,current_daily_or_derived_panel_only,requires_route_mapping_or_rederivation,CSRank($ctx_fulla_ps_finance_expense)
cn_phase3ad_new_data_factor_candidate_pack_coverage_filtered_v1_20260603_phase3am_sanitized_v1_20260609.json,phase3ad_newdata_atomic_inverse_rank_00762,atomic_inverse_rank,needs_route_mapping_or_rederivation,1,ctx_fulla_ps_finance_expense,current_daily_or_derived_panel_only,requires_route_mapping_or_rederivation,CSRank(Neg($ctx_fulla_ps_finance_expense))
cn_phase3ad_new_data_factor_candidate_pack_coverage_filtered_v1_20260603_phase3am_sanitized_v1_20260609.json,phase3ad_newdata_atomic_direct_rank_00763,atomic_direct_rank,needs_route_mapping_or_rederivation,1,ctx_fulla_ps_finance_expense_yoy,current_daily_or_derived_panel_only,requires_route_mapping_or_rederivation,CSRank($ctx_fulla_ps_finance_expense_yoy)
cn_phase3ad_new_data_factor_candidate_pack_coverage_filtered_v1_20260603_phase3am_sanitized_v1_20260609.json,phase3ad_newdata_atomic_inverse_rank_00764,atomic_inverse_rank,needs_route_mapping_or_rederivation,1,ctx_fulla_ps_finance_expense_yoy,current_daily_or_derived_panel_only,requires_route_mapping_or_rederivation,CSRank(Neg($ctx_fulla_ps_finance_expense_yoy))
cn_phase3ad_new_data_factor_candidate_pack_coverage_filtered_v1_20260603_phase3am_sanitized_v1_20260609.json,phase3ad_newdata_atomic_direct_rank_00765,atomic_direct_rank,needs_route_mapping_or_rederivation,1,ctx_fulla_ps_fe_interest_expense,current_daily_or_derived_panel_only,requires_route_mapping_or_rederivation,CSRank($ctx_fulla_ps_fe_interest_expense)
cn_phase3ad_new_data_factor_candidate_pack_coverage_filtered_v1_20260603_phase3am_sanitized_v1_20260609.json,phase3ad_newdata_atomic_inverse_rank_00766,atomic_inverse_rank,needs_route_mapping_or_rederivation,1,ctx_fulla_ps_fe_interest_expense,current_daily_or_derived_panel_only,requires_route_mapping_or_rederivation,CSRank(Neg($ctx_fulla_ps_fe_interest_expense))
cn_phase3ad_new_data_factor_candidate_pack_coverage_filtered_v1_20260603_phase3am_sanitized_v1_20260609.json,phase3ad_newdata_atomic_direct_rank_00767,atomic_direct_rank,needs_route_mapping_or_rederivation,1,ctx_fulla_ps_fe_interest_expense_yoy,current_daily_or_derived_panel_only,requires_route_mapping_or_rederivation,CSRank($ctx_fulla_ps_fe_interest_expense_yoy)
cn_phase3ad_new_data_factor_candidate_pack_coverage_filtered_v1_20260603_phase3am_sanitized_v1_20260609.json,phase3ad_newdata_atomic_inverse_rank_00768,atomic_inverse_rank,needs_route_mapping_or_rederivation,1,ctx_fulla_ps_fe_interest_expense_yoy,current_daily_or_derived_panel_only,requires_route_mapping_or_rederivation,CSRank(Neg($ctx_fulla_ps_fe_interest_expense_yoy))
cn_phase3ad_new_data_factor_candidate_pack_coverage_filtered_v1_20260603_phase3am_sanitized_v1_20260609.json,phase3ad_newdata_atomic_direct_rank_00769,atomic_direct_rank,needs_route_mapping_or_rederivation,1,ctx_fulla_ps_fe_interest_income,current_daily_or_derived_panel_only,requires_route_mapping_or_rederivation,CSRank($ctx_fulla_ps_fe_interest_income)
cn_phase3ad_new_data_factor_candidate_pack_coverage_filtered_v1_20260603_phase3am_sanitized_v1_20260609.json,phase3ad_newdata_atomic_inverse_rank_00770,atomic_inverse_rank,needs_route_mapping_or_rederivation,1,ctx_fulla_ps_fe_interest_income,current_daily_or_derived_panel_only,requires_route_mapping_or_rederivation,CSRank(Neg($ctx_fulla_ps_fe_interest_income))
cn_phase3ad_new_data_factor_candidate_pack_coverage_filtered_v1_20260603_phase3am_sanitized_v1_20260609.json,phase3ad_newdata_atomic_direct_rank_00771,atomic_direct_rank,needs_route_mapping_or_rederivation,1,ctx_fulla_ps_fe_interest_income_yoy,current_daily_or_derived_panel_only,requires_route_mapping_or_rederivation,CSRank($ctx_fulla_ps_fe_interest_income_yoy)
cn_phase3ad_new_data_factor_candidate_pack_coverage_filtered_v1_20260603_phase3am_sanitized_v1_20260609.json,phase3ad_newdata_atomic_inverse_rank_00772,atomic_inverse_rank,needs_route_mapping_or_rederivation,1,ctx_fulla_ps_fe_interest_income_yoy,current_daily_or_derived_panel_only,requires_route_mapping_or_rederivation,CSRank(Neg($ctx_fulla_ps_fe_interest_income_yoy))
cn_phase3ad_new_data_factor_candidate_pack_coverage_filtered_v1_20260603_phase3am_sanitized_v1_20260609.json,phase3ad_newdata_atomic_direct_rank_00785,atomic_direct_rank,needs_route_mapping_or_rederivation,1,ctx_fulla_ps_fairvalue_change_income,current_daily_or_derived_panel_only,requires_route_mapping_or_rederivation,CSRank($ctx_fulla_ps_fairvalue_change_income)
cn_phase3ad_new_data_factor_candidate_pack_coverage_filtered_v1_20260603_phase3am_sanitized_v1_20260609.json,phase3ad_newdata_atomic_inverse_rank_00786,atomic_inverse_rank,needs_route_mapping_or_rederivation,1,ctx_fulla_ps_fairvalue_change_income,current_daily_or_derived_panel_only,requires_route_mapping_or_rederivation,CSRank(Neg($ctx_fulla_ps_fairvalue_change_income))
cn_phase3ad_new_data_factor_candidate_pack_coverage_filtered_v1_20260603_phase3am_sanitized_v1_20260609.json,phase3ad_newdata_atomic_direct_rank_00787,atomic_direct_rank,needs_route_mapping_or_rederivation,1,ctx_fulla_ps_fairvalue_change_income_yoy,current_daily_or_derived_panel_only,requires_route_mapping_or_rederivation,CSRank($ctx_fulla_ps_fairvalue_change_income_yoy)
cn_phase3ad_new_data_factor_candidate_pack_coverage_filtered_v1_20260603_phase3am_sanitized_v1_20260609.json,phase3ad_newdata_atomic_inverse_rank_00788,atomic_inverse_rank,needs_route_mapping_or_rederivation,1,ctx_fulla_ps_fairvalue_change_income_yoy,current_daily_or_derived_panel_only,requires_route_mapping_or_rederivation,CSRank(Neg($ctx_fulla_ps_fairvalue_change_income_yoy))
cn_phase3ad_new_data_factor_candidate_pack_coverage_filtered_v1_20260603_phase3am_sanitized_v1_20260609.json,phase3ad_newdata_atomic_direct_rank_00789,atomic_direct_rank,needs_route_mapping_or_rederivation,1,ctx_fulla_ps_invest_income,current_daily_or_derived_panel_only,requires_route_mapping_or_rederivation,CSRank($ctx_fulla_ps_invest_income)
cn_phase3ad_new_data_factor_candidate_pack_coverage_filtered_v1_20260603_phase3am_sanitized_v1_20260609.json,phase3ad_newdata_atomic_inverse_rank_00790,atomic_inverse_rank,needs_route_mapping_or_rederivation,1,ctx_fulla_ps_invest_income,current_daily_or_derived_panel_only,requires_route_mapping_or_rederivation,CSRank(Neg($ctx_fulla_ps_invest_income))
cn_phase3ad_new_data_factor_candidate_pack_coverage_filtered_v1_20260603_phase3am_sanitized_v1_20260609.json,phase3ad_newdata_atomic_direct_rank_00791,atomic_direct_rank,needs_route_mapping_or_rederivation,1,ctx_fulla_ps_invest_income_yoy,current_daily_or_derived_panel_only,requires_route_mapping_or_rederivation,CSRank($ctx_fulla_ps_invest_income_yoy)
cn_phase3ad_new_data_factor_candidate_pack_coverage_filtered_v1_20260603_phase3am_sanitized_v1_20260609.json,phase3ad_newdata_atomic_inverse_rank_00792,atomic_inverse_rank,needs_route_mapping_or_rederivation,1,ctx_fulla_ps_invest_income_yoy,current_daily_or_derived_panel_only,requires_route_mapping_or_rederivation,CSRank(Neg($ctx_fulla_ps_invest_income_yoy))
cn_phase3ad_new_data_factor_candidate_pack_coverage_filtered_v1_20260603_phase3am_sanitized_v1_20260609.json,phase3ad_newdata_atomic_direct_rank_00793,atomic_direct_rank,needs_route_mapping_or_rederivation,1,ctx_fulla_ps_invest_joint_income,current_daily_or_derived_panel_only,requires_route_mapping_or_rederivation,CSRank($ctx_fulla_ps_invest_joint_income)
cn_phase3ad_new_data_factor_candidate_pack_coverage_filtered_v1_20260603_phase3am_sanitized_v1_20260609.json,phase3ad_newdata_atomic_inverse_rank_00794,atomic_inverse_rank,needs_route_mapping_or_rederivation,1,ctx_fulla_ps_invest_joint_income,current_daily_or_derived_panel_only,requires_route_mapping_or_rederivation,CSRank(Neg($ctx_fulla_ps_invest_joint_income))
cn_phase3ad_new_data_factor_candidate_pack_coverage_filtered_v1_20260603_phase3am_sanitized_v1_20260609.json,phase3ad_newdata_atomic_direct_rank_00795,atomic_direct_rank,needs_route_mapping_or_rederivation,1,ctx_fulla_ps_invest_joint_income_yoy,current_daily_or_derived_panel_only,requires_route_mapping_or_rederivation,CSRank($ctx_fulla_ps_invest_joint_income_yoy)
cn_phase3ad_new_data_factor_candidate_pack_coverage_filtered_v1_20260603_phase3am_sanitized_v1_20260609.json,phase3ad_newdata_atomic_inverse_rank_00796,atomic_inverse_rank,needs_route_mapping_or_rederivation,1,ctx_fulla_ps_invest_joint_income_yoy,current_daily_or_derived_panel_only,requires_route_mapping_or_rederivation,CSRank(Neg($ctx_fulla_ps_invest_joint_income_yoy))
cn_phase3ad_new_data_factor_candidate_pack_coverage_filtered_v1_20260603_phase3am_sanitized_v1_20260609.json,phase3ad_newdata_atomic_direct_rank_00805,atomic_direct_rank,needs_route_mapping_or_rederivation,1,ctx_fulla_ps_asset_disposal_income,current_daily_or_derived_panel_only,requires_route_mapping_or_rederivation,CSRank($ctx_fulla_ps_asset_disposal_income)
cn_phase3ad_new_data_factor_candidate_pack_coverage_filtered_v1_20260603_phase3am_sanitized_v1_20260609.json,phase3ad_newdata_atomic_inverse_rank_00806,atomic_inverse_rank,needs_route_mapping_or_rederivation,1,ctx_fulla_ps_asset_disposal_income,current_daily_or_derived_panel_only,requires_route_mapping_or_rederivation,CSRank(Neg($ctx_fulla_ps_asset_disposal_income))
cn_phase3ad_new_data_factor_candidate_pack_coverage_filtered_v1_20260603_phase3am_sanitized_v1_20260609.json,phase3ad_newdata_atomic_direct_rank_00807,atomic_direct_rank,needs_route_mapping_or_rederivation,1,ctx_fulla_ps_asset_disposal_income_yoy,current_daily_or_derived_panel_only,requires_route_mapping_or_rederivation,CSRank($ctx_fulla_ps_asset_disposal_income_yoy)
cn_phase3ad_new_data_factor_candidate_pack_coverage_filtered_v1_20260603_phase3am_sanitized_v1_20260609.json,phase3ad_newdata_atomic_inverse_rank_00808,atomic_inverse_rank,needs_route_mapping_or_rederivation,1,ctx_fulla_ps_asset_disposal_income_yoy,current_daily_or_derived_panel_only,requires_route_mapping_or_rederivation,CSRank(Neg($ctx_fulla_ps_asset_disposal_income_yoy))
cn_phase3ad_new_data_factor_candidate_pack_coverage_filtered_v1_20260603_phase3am_sanitized_v1_20260609.json,phase3ad_newdata_atomic_direct_rank_00809,atomic_direct_rank,needs_route_mapping_or_rederivation,1,ctx_fulla_ps_asset_impairment_income,current_daily_or_derived_panel_only,requires_route_mapping_or_rederivation,CSRank($ctx_fulla_ps_asset_impairment_income)
cn_phase3ad_new_data_factor_candidate_pack_coverage_filtered_v1_20260603_phase3am_sanitized_v1_20260609.json,phase3ad_newdata_atomic_inverse_rank_00810,atomic_inverse_rank,needs_route_mapping_or_rederivation,1,ctx_fulla_ps_asset_impairment_income,current_daily_or_derived_panel_only,requires_route_mapping_or_rederivation,CSRank(Neg($ctx_fulla_ps_asset_impairment_income))
cn_phase3ad_new_data_factor_candidate_pack_coverage_filtered_v1_20260603_phase3am_sanitized_v1_20260609.json,phase3ad_newdata_atomic_direct_rank_00811,atomic_direct_rank,needs_route_mapping_or_rederivation,1,ctx_fulla_ps_asset_impairment_income_yoy,current_daily_or_derived_panel_only,requires_route_mapping_or_rederivation,CSRank($ctx_fulla_ps_asset_impairment_income_yoy)
cn_phase3ad_new_data_factor_candidate_pack_coverage_filtered_v1_20260603_phase3am_sanitized_v1_20260609.json,phase3ad_newdata_atomic_inverse_rank_00812,atomic_inverse_rank,needs_route_mapping_or_rederivation,1,ctx_fulla_ps_asset_impairment_income_yoy,current_daily_or_derived_panel_only,requires_route_mapping_or_rederivation,CSRank(Neg($ctx_fulla_ps_asset_impairment_income_yoy))
cn_phase3ad_new_data_factor_candidate_pack_coverage_filtered_v1_20260603_phase3am_sanitized_v1_20260609.json,phase3ad_newdata_atomic_direct_rank_00813,atomic_direct_rank,needs_route_mapping_or_rederivation,1,ctx_fulla_ps_credit_impairment_income,current_daily_or_derived_panel_only,requires_route_mapping_or_rederivation,CSRank($ctx_fulla_ps_credit_impairment_income)
cn_phase3ad_new_data_factor_candidate_pack_coverage_filtered_v1_20260603_phase3am_sanitized_v1_20260609.json,phase3ad_newdata_atomic_inverse_rank_00814,atomic_inverse_rank,needs_route_mapping_or_rederivation,1,ctx_fulla_ps_credit_impairment_income,current_daily_or_derived_panel_only,requires_route_mapping_or_rederivation,CSRank(Neg($ctx_fulla_ps_credit_impairment_income))
cn_phase3ad_new_data_factor_candidate_pack_coverage_filtered_v1_20260603_phase3am_sanitized_v1_20260609.json,phase3ad_newdata_atomic_direct_rank_00815,atomic_direct_rank,needs_route_mapping_or_rederivation,1,ctx_fulla_ps_credit_impairment_income_yoy,current_daily_or_derived_panel_only,requires_route_mapping_or_rederivation,CSRank($ctx_fulla_ps_credit_impairment_income_yoy)
cn_phase3ad_new_data_factor_candidate_pack_coverage_filtered_v1_20260603_phase3am_sanitized_v1_20260609.json,phase3ad_newdata_atomic_inverse_rank_00816,atomic_inverse_rank,needs_route_mapping_or_rederivation,1,ctx_fulla_ps_credit_impairment_income_yoy,current_daily_or_derived_panel_only,requires_route_mapping_or_rederivation,CSRank(Neg($ctx_fulla_ps_credit_impairment_income_yoy))
cn_phase3ad_new_data_factor_candidate_pack_coverage_filtered_v1_20260603_phase3am_sanitized_v1_20260609.json,phase3ad_newdata_atomic_direct_rank_00817,atomic_direct_rank,needs_route_mapping_or_rederivation,1,ctx_fulla_ps_other_income,current_daily_or_derived_panel_only,requires_route_mapping_or_rederivation,CSRank($ctx_fulla_ps_other_income)
cn_phase3ad_new_data_factor_candidate_pack_coverage_filtered_v1_20260603_phase3am_sanitized_v1_20260609.json,phase3ad_newdata_atomic_inverse_rank_00818,atomic_inverse_rank,needs_route_mapping_or_rederivation,1,ctx_fulla_ps_other_income,current_daily_or_derived_panel_only,requires_route_mapping_or_rederivation,CSRank(Neg($ctx_fulla_ps_other_income))
cn_phase3ad_new_data_factor_candidate_pack_coverage_filtered_v1_20260603_phase3am_sanitized_v1_20260609.json,phase3ad_newdata_atomic_direct_rank_00819,atomic_direct_rank,needs_route_mapping_or_rederivation,1,ctx_fulla_ps_other_income_yoy,current_daily_or_derived_panel_only,requires_route_mapping_or_rederivation,CSRank($ctx_fulla_ps_other_income_yoy)
cn_phase3ad_new_data_factor_candidate_pack_coverage_filtered_v1_20260603_phase3am_sanitized_v1_20260609.json,phase3ad_newdata_atomic_inverse_rank_00820,atomic_inverse_rank,needs_route_mapping_or_rederivation,1,ctx_fulla_ps_other_income_yoy,current_daily_or_derived_panel_only,requires_route_mapping_or_rederivation,CSRank(Neg($ctx_fulla_ps_other_income_yoy))
cn_phase3ad_new_data_factor_candidate_pack_coverage_filtered_v1_20260603_phase3am_sanitized_v1_20260609.json,phase3ad_newdata_atomic_direct_rank_00825,atomic_direct_rank,needs_route_mapping_or_rederivation,1,ctx_fulla_ps_operate_profit_balance,current_daily_or_derived_panel_only,requires_route_mapping_or_rederivation,CSRank($ctx_fulla_ps_operate_profit_balance)
cn_phase3ad_new_data_factor_candidate_pack_coverage_filtered_v1_20260603_phase3am_sanitized_v1_20260609.json,phase3ad_newdata_atomic_inverse_rank_00826,atomic_inverse_rank,needs_route_mapping_or_rederivation,1,ctx_fulla_ps_operate_profit_balance,current_daily_or_derived_panel_only,requires_route_mapping_or_rederivation,CSRank(Neg($ctx_fulla_ps_operate_profit_balance))
cn_phase3ad_new_data_factor_candidate_pack_coverage_filtered_v1_20260603_phase3am_sanitized_v1_20260609.json,phase3ad_newdata_atomic_direct_rank_00829,atomic_direct_rank,needs_route_mapping_or_rederivation,1,ctx_fulla_ps_operate_profit,current_daily_or_derived_panel_only,requires_route_mapping_or_rederivation,CSRank($ctx_fulla_ps_operate_profit)
cn_phase3ad_new_data_factor_candidate_pack_coverage_filtered_v1_20260603_phase3am_sanitized_v1_20260609.json,phase3ad_newdata_atomic_inverse_rank_00830,atomic_inverse_rank,needs_route_mapping_or_rederivation,1,ctx_fulla_ps_operate_profit,current_daily_or_derived_panel_only,requires_route_mapping_or_rederivation,CSRank(Neg($ctx_fulla_ps_operate_profit))
cn_phase3ad_new_data_factor_candidate_pack_coverage_filtered_v1_20260603_phase3am_sanitized_v1_20260609.json,phase3ad_newdata_atomic_inverse_rank_00831,atomic_inverse_rank,needs_route_mapping_or_rederivation,1,ctx_fulla_ps_operate_profit_yoy,current_daily_or_derived_panel_only,requires_route_mapping_or_rederivation,CSRank(Neg($ctx_fulla_ps_operate_profit_yoy))
cn_phase3ad_new_data_factor_candidate_pack_coverage_filtered_v1_20260603_phase3am_sanitized_v1_20260609.json,phase3ad_newdata_atomic_direct_rank_00832,atomic_direct_rank,needs_route_mapping_or_rederivation,1,ctx_fulla_ps_nonbusiness_income,current_daily_or_derived_panel_only,requires_route_mapping_or_rederivation,CSRank($ctx_fulla_ps_nonbusiness_income)
cn_phase3ad_new_data_factor_candidate_pack_coverage_filtered_v1_20260603_phase3am_sanitized_v1_20260609.json,phase3ad_newdata_atomic_inverse_rank_00833,atomic_inverse_rank,needs_route_mapping_or_rederivation,1,ctx_fulla_ps_nonbusiness_income,current_daily_or_derived_panel_only,requires_route_mapping_or_rederivation,CSRank(Neg($ctx_fulla_ps_nonbusiness_income))
cn_phase3ad_new_data_factor_candidate_pack_coverage_filtered_v1_20260603_phase3am_sanitized_v1_20260609.json,phase3ad_newdata_atomic_direct_rank_00834,atomic_direct_rank,needs_route_mapping_or_rederivation,1,ctx_fulla_ps_nonbusiness_income_yoy,current_daily_or_derived_panel_only,requires_route_mapping_or_rederivation,CSRank($ctx_fulla_ps_nonbusiness_income_yoy)
cn_phase3ad_new_data_factor_candidate_pack_coverage_filtered_v1_20260603_phase3am_sanitized_v1_20260609.json,phase3ad_newdata_atomic_inverse_rank_00835,atomic_inverse_rank,needs_route_mapping_or_rederivation,1,ctx_fulla_ps_nonbusiness_income_yoy,current_daily_or_derived_panel_only,requires_route_mapping_or_rederivation,CSRank(Neg($ctx_fulla_ps_nonbusiness_income_yoy))
cn_phase3ad_new_data_factor_candidate_pack_coverage_filtered_v1_20260603_phase3am_sanitized_v1_20260609.json,phase3ad_newdata_atomic_direct_rank_00840,atomic_direct_rank,needs_route_mapping_or_rederivation,1,ctx_fulla_ps_nonbusiness_expense,current_daily_or_derived_panel_only,requires_route_mapping_or_rederivation,CSRank($ctx_fulla_ps_nonbusiness_expense)
cn_phase3ad_new_data_factor_candidate_pack_coverage_filtered_v1_20260603_phase3am_sanitized_v1_20260609.json,phase3ad_newdata_atomic_inverse_rank_00841,atomic_inverse_rank,needs_route_mapping_or_rederivation,1,ctx_fulla_ps_nonbusiness_expense,current_daily_or_derived_panel_only,requires_route_mapping_or_rederivation,CSRank(Neg($ctx_fulla_ps_nonbusiness_expense))
cn_phase3ad_new_data_factor_candidate_pack_coverage_filtered_v1_20260603_phase3am_sanitized_v1_20260609.json,phase3ad_newdata_atomic_direct_rank_00842,atomic_direct_rank,needs_route_mapping_or_rederivation,1,ctx_fulla_ps_nonbusiness_expense_yoy,current_daily_or_derived_panel_only,requires_route_mapping_or_rederivation,CSRank($ctx_fulla_ps_nonbusiness_expense_yoy)
cn_phase3ad_new_data_factor_candidate_pack_coverage_filtered_v1_20260603_phase3am_sanitized_v1_20260609.json,phase3ad_newdata_atomic_inverse_rank_00843,atomic_inverse_rank,needs_route_mapping_or_rederivation,1,ctx_fulla_ps_nonbusiness_expense_yoy,current_daily_or_derived_panel_only,requires_route_mapping_or_rederivation,CSRank(Neg($ctx_fulla_ps_nonbusiness_expense_yoy))
cn_phase3ad_new_data_factor_candidate_pack_coverage_filtered_v1_20260603_phase3am_sanitized_v1_20260609.json,phase3ad_newdata_atomic_direct_rank_00852,atomic_direct_rank,needs_route_mapping_or_rederivation,1,ctx_fulla_ps_total_profit_balance,current_daily_or_derived_panel_only,requires_route_mapping_or_rederivation,CSRank($ctx_fulla_ps_total_profit_balance)
cn_phase3ad_new_data_factor_candidate_pack_coverage_filtered_v1_20260603_phase3am_sanitized_v1_20260609.json,phase3ad_newdata_atomic_inverse_rank_00853,atomic_inverse_rank,needs_route_mapping_or_rederivation,1,ctx_fulla_ps_total_profit_balance,current_daily_or_derived_panel_only,requires_route_mapping_or_rederivation,CSRank(Neg($ctx_fulla_ps_total_profit_balance))
cn_phase3ad_new_data_factor_candidate_pack_coverage_filtered_v1_20260603_phase3am_sanitized_v1_20260609.json,phase3ad_newdata_atomic_direct_rank_00856,atomic_direct_rank,needs_route_mapping_or_rederivation,1,ctx_fulla_ps_total_profit,current_daily_or_derived_panel_only,requires_route_mapping_or_rederivation,CSRank($ctx_fulla_ps_total_profit)
cn_phase3ad_new_data_factor_candidate_pack_coverage_filtered_v1_20260603_phase3am_sanitized_v1_20260609.json,phase3ad_newdata_atomic_inverse_rank_00857,atomic_inverse_rank,needs_route_mapping_or_rederivation,1,ctx_fulla_ps_total_profit,current_daily_or_derived_panel_only,requires_route_mapping_or_rederivation,CSRank(Neg($ctx_fulla_ps_total_profit))
cn_phase3ad_new_data_factor_candidate_pack_coverage_filtered_v1_20260603_phase3am_sanitized_v1_20260609.json,phase3ad_newdata_atomic_direct_rank_00858,atomic_direct_rank,needs_route_mapping_or_rederivation,1,ctx_fulla_ps_total_profit_yoy,current_daily_or_derived_panel_only,requires_route_mapping_or_rederivation,CSRank($ctx_fulla_ps_total_profit_yoy)
cn_phase3ad_new_data_factor_candidate_pack_coverage_filtered_v1_20260603_phase3am_sanitized_v1_20260609.json,phase3ad_newdata_atomic_inverse_rank_00859,atomic_inverse_rank,needs_route_mapping_or_rederivation,1,ctx_fulla_ps_total_profit_yoy,current_daily_or_derived_panel_only,requires_route_mapping_or_rederivation,CSRank(Neg($ctx_fulla_ps_total_profit_yoy))
cn_phase3ad_new_data_factor_candidate_pack_coverage_filtered_v1_20260603_phase3am_sanitized_v1_20260609.json,phase3ad_newdata_atomic_direct_rank_00860,atomic_direct_rank,needs_route_mapping_or_rederivation,1,ctx_fulla_ps_income_tax,current_daily_or_derived_panel_only,requires_route_mapping_or_rederivation,CSRank($ctx_fulla_ps_income_tax)
cn_phase3ad_new_data_factor_candidate_pack_coverage_filtered_v1_20260603_phase3am_sanitized_v1_20260609.json,phase3ad_newdata_atomic_inverse_rank_00861,atomic_inverse_rank,needs_route_mapping_or_rederivation,1,ctx_fulla_ps_income_tax,current_daily_or_derived_panel_only,requires_route_mapping_or_rederivation,CSRank(Neg($ctx_fulla_ps_income_tax))
cn_phase3ad_new_data_factor_candidate_pack_coverage_filtered_v1_20260603_phase3am_sanitized_v1_20260609.json,phase3ad_newdata_atomic_direct_rank_00862,atomic_direct_rank,needs_route_mapping_or_rederivation,1,ctx_fulla_ps_income_tax_yoy,current_daily_or_derived_panel_only,requires_route_mapping_or_rederivation,CSRank($ctx_fulla_ps_income_tax_yoy)
cn_phase3ad_new_data_factor_candidate_pack_coverage_filtered_v1_20260603_phase3am_sanitized_v1_20260609.json,phase3ad_newdata_atomic_inverse_rank_00863,atomic_inverse_rank,needs_route_mapping_or_rederivation,1,ctx_fulla_ps_income_tax_yoy,current_daily_or_derived_panel_only,requires_route_mapping_or_rederivation,CSRank(Neg($ctx_fulla_ps_income_tax_yoy))
cn_phase3ad_new_data_factor_candidate_pack_coverage_filtered_v1_20260603_phase3am_sanitized_v1_20260609.json,phase3ad_newdata_atomic_direct_rank_00876,atomic_direct_rank,needs_route_mapping_or_rederivation,1,ctx_fulla_ps_netprofit,current_daily_or_derived_panel_only,requires_route_mapping_or_rederivation,CSRank($ctx_fulla_ps_netprofit)
cn_phase3ad_new_data_factor_candidate_pack_coverage_filtered_v1_20260603_phase3am_sanitized_v1_20260609.json,phase3ad_newdata_atomic_inverse_rank_00877,atomic_inverse_rank,needs_route_mapping_or_rederivation,1,ctx_fulla_ps_netprofit,current_daily_or_derived_panel_only,requires_route_mapping_or_rederivation,CSRank(Neg($ctx_fulla_ps_netprofit))
cn_phase3ad_new_data_factor_candidate_pack_coverage_filtered_v1_20260603_phase3am_sanitized_v1_20260609.json,phase3ad_newdata_atomic_inverse_rank_00878,atomic_inverse_rank,needs_route_mapping_or_rederivation,1,ctx_fulla_ps_netprofit_yoy,current_daily_or_derived_panel_only,requires_route_mapping_or_rederivation,CSRank(Neg($ctx_fulla_ps_netprofit_yoy))
cn_phase3ad_new_data_factor_candidate_pack_coverage_filtered_v1_20260603_phase3am_sanitized_v1_20260609.json,phase3ad_newdata_atomic_direct_rank_00883,atomic_direct_rank,needs_route_mapping_or_rederivation,1,ctx_fulla_ps_continued_netprofit,current_daily_or_derived_panel_only,requires_route_mapping_or_rederivation,CSRank($ctx_fulla_ps_continued_netprofit)
cn_phase3ad_new_data_factor_candidate_pack_coverage_filtered_v1_20260603_phase3am_sanitized_v1_20260609.json,phase3ad_newdata_atomic_inverse_rank_00884,atomic_inverse_rank,needs_route_mapping_or_rederivation,1,ctx_fulla_ps_continued_netprofit,current_daily_or_derived_panel_only,requires_route_mapping_or_rederivation,CSRank(Neg($ctx_fulla_ps_continued_netprofit))
cn_phase3ad_new_data_factor_candidate_pack_coverage_filtered_v1_20260603_phase3am_sanitized_v1_20260609.json,phase3ad_newdata_atomic_direct_rank_00885,atomic_direct_rank,needs_route_mapping_or_rederivation,1,ctx_fulla_ps_continued_netprofit_yoy,current_daily_or_derived_panel_only,requires_route_mapping_or_rederivation,CSRank($ctx_fulla_ps_continued_netprofit_yoy)
cn_phase3ad_new_data_factor_candidate_pack_coverage_filtered_v1_20260603_phase3am_sanitized_v1_20260609.json,phase3ad_newdata_atomic_inverse_rank_00886,atomic_inverse_rank,needs_route_mapping_or_rederivation,1,ctx_fulla_ps_continued_netprofit_yoy,current_daily_or_derived_panel_only,requires_route_mapping_or_rederivation,CSRank(Neg($ctx_fulla_ps_continued_netprofit_yoy))
cn_phase3ad_new_data_factor_candidate_pack_coverage_filtered_v1_20260603_phase3am_sanitized_v1_20260609.json,phase3ad_newdata_atomic_direct_rank_00891,atomic_direct_rank,needs_route_mapping_or_rederivation,1,ctx_fulla_ps_parent_netprofit,current_daily_or_derived_panel_only,requires_route_mapping_or_rederivation,CSRank($ctx_fulla_ps_parent_netprofit)
cn_phase3ad_new_data_factor_candidate_pack_coverage_filtered_v1_20260603_phase3am_sanitized_v1_20260609.json,phase3ad_newdata_atomic_inverse_rank_00892,atomic_inverse_rank,needs_route_mapping_or_rederivation,1,ctx_fulla_ps_parent_netprofit,current_daily_or_derived_panel_only,requires_route_mapping_or_rederivation,CSRank(Neg($ctx_fulla_ps_parent_netprofit))
cn_phase3ad_new_data_factor_candidate_pack_coverage_filtered_v1_20260603_phase3am_sanitized_v1_20260609.json,phase3ad_newdata_atomic_inverse_rank_00893,atomic_inverse_rank,needs_route_mapping_or_rederivation,1,ctx_fulla_ps_parent_netprofit_yoy,current_daily_or_derived_panel_only,requires_route_mapping_or_rederivation,CSRank(Neg($ctx_fulla_ps_parent_netprofit_yoy))
cn_phase3ad_new_data_factor_candidate_pack_coverage_filtered_v1_20260603_phase3am_sanitized_v1_20260609.json,phase3ad_newdata_atomic_direct_rank_00894,atomic_direct_rank,needs_route_mapping_or_rederivation,1,ctx_fulla_ps_minority_interest,current_daily_or_derived_panel_only,requires_route_mapping_or_rederivation,CSRank($ctx_fulla_ps_minority_interest)
cn_phase3ad_new_data_factor_candidate_pack_coverage_filtered_v1_20260603_phase3am_sanitized_v1_20260609.json,phase3ad_newdata_atomic_inverse_rank_00895,atomic_inverse_rank,needs_route_mapping_or_rederivation,1,ctx_fulla_ps_minority_interest,current_daily_or_derived_panel_only,requires_route_mapping_or_rederivation,CSRank(Neg($ctx_fulla_ps_minority_interest))
cn_phase3ad_new_data_factor_candidate_pack_coverage_filtered_v1_20260603_phase3am_sanitized_v1_20260609.json,phase3ad_newdata_atomic_direct_rank_00896,atomic_direct_rank,needs_route_mapping_or_rederivation,1,ctx_fulla_ps_minority_interest_yoy,current_daily_or_derived_panel_only,requires_route_mapping_or_rederivation,CSRank($ctx_fulla_ps_minority_interest_yoy)
cn_phase3ad_new_data_factor_candidate_pack_coverage_filtered_v1_20260603_phase3am_sanitized_v1_20260609.json,phase3ad_newdata_atomic_inverse_rank_00897,atomic_inverse_rank,needs_route_mapping_or_rederivation,1,ctx_fulla_ps_minority_interest_yoy,current_daily_or_derived_panel_only,requires_route_mapping_or_rederivation,CSRank(Neg($ctx_fulla_ps_minority_interest_yoy))
cn_phase3ad_new_data_factor_candidate_pack_coverage_filtered_v1_20260603_phase3am_sanitized_v1_20260609.json,phase3ad_newdata_atomic_direct_rank_00898,atomic_direct_rank,needs_route_mapping_or_rederivation,1,ctx_fulla_ps_deduct_parent_netprofit,current_daily_or_derived_panel_only,requires_route_mapping_or_rederivation,CSRank($ctx_fulla_ps_deduct_parent_netprofit)
cn_phase3ad_new_data_factor_candidate_pack_coverage_filtered_v1_20260603_phase3am_sanitized_v1_20260609.json,phase3ad_newdata_atomic_inverse_rank_00899,atomic_inverse_rank,needs_route_mapping_or_rederivation,1,ctx_fulla_ps_deduct_parent_netprofit,current_daily_or_derived_panel_only,requires_route_mapping_or_rederivation,CSRank(Neg($ctx_fulla_ps_deduct_parent_netprofit))
cn_phase3ad_new_data_factor_candidate_pack_coverage_filtered_v1_20260603_phase3am_sanitized_v1_20260609.json,phase3ad_newdata_atomic_direct_rank_00900,atomic_direct_rank,needs_route_mapping_or_rederivation,1,ctx_fulla_ps_deduct_parent_netprofit_yoy,current_daily_or_derived_panel_only,requires_route_mapping_or_rederivation,CSRank($ctx_fulla_ps_deduct_parent_netprofit_yoy)
cn_phase3ad_new_data_factor_candidate_pack_coverage_filtered_v1_20260603_phase3am_sanitized_v1_20260609.json,phase3ad_newdata_atomic_inverse_rank_00901,atomic_inverse_rank,needs_route_mapping_or_rederivation,1,ctx_fulla_ps_deduct_parent_netprofit_yoy,current_daily_or_derived_panel_only,requires_route_mapping_or_rederivation,CSRank(Neg($ctx_fulla_ps_deduct_parent_netprofit_yoy))
cn_phase3ad_new_data_factor_candidate_pack_coverage_filtered_v1_20260603_phase3am_sanitized_v1_20260609.json,phase3ad_newdata_atomic_direct_rank_00910,atomic_direct_rank,needs_route_mapping_or_rederivation,1,ctx_fulla_ps_basic_eps,current_daily_or_derived_panel_only,requires_route_mapping_or_rederivation,CSRank($ctx_fulla_ps_basic_eps)
cn_phase3ad_new_data_factor_candidate_pack_coverage_filtered_v1_20260603_phase3am_sanitized_v1_20260609.json,phase3ad_newdata_atomic_inverse_rank_00911,atomic_inverse_rank,needs_route_mapping_or_rederivation,1,ctx_fulla_ps_basic_eps,current_daily_or_derived_panel_only,requires_route_mapping_or_rederivation,CSRank(Neg($ctx_fulla_ps_basic_eps))
cn_phase3ad_new_data_factor_candidate_pack_coverage_filtered_v1_20260603_phase3am_sanitized_v1_20260609.json,phase3ad_newdata_atomic_direct_rank_00912,atomic_direct_rank,needs_route_mapping_or_rederivation,1,ctx_fulla_ps_basic_eps_yoy,current_daily_or_derived_panel_only,requires_route_mapping_or_rederivation,CSRank($ctx_fulla_ps_basic_eps_yoy)
cn_phase3ad_new_data_factor_candidate_pack_coverage_filtered_v1_20260603_phase3am_sanitized_v1_20260609.json,phase3ad_newdata_atomic_inverse_rank_00913,atomic_inverse_rank,needs_route_mapping_or_rederivation,1,ctx_fulla_ps_basic_eps_yoy,current_daily_or_derived_panel_only,requires_route_mapping_or_rederivation,CSRank(Neg($ctx_fulla_ps_basic_eps_yoy))
cn_phase3ad_new_data_factor_candidate_pack_coverage_filtered_v1_20260603_phase3am_sanitized_v1_20260609.json,phase3ad_newdata_atomic_direct_rank_00914,atomic_direct_rank,needs_route_mapping_or_rederivation,1,ctx_fulla_ps_diluted_eps,current_daily_or_derived_panel_only,requires_route_mapping_or_rederivation,CSRank($ctx_fulla_ps_diluted_eps)
cn_phase3ad_new_data_factor_candidate_pack_coverage_filtered_v1_20260603_phase3am_sanitized_v1_20260609.json,phase3ad_newdata_atomic_inverse_rank_00915,atomic_inverse_rank,needs_route_mapping_or_rederivation,1,ctx_fulla_ps_diluted_eps,current_daily_or_derived_panel_only,requires_route_mapping_or_rederivation,CSRank(Neg($ctx_fulla_ps_diluted_eps))
cn_phase3ad_new_data_factor_candidate_pack_coverage_filtered_v1_20260603_phase3am_sanitized_v1_20260609.json,phase3ad_newdata_atomic_direct_rank_00916,atomic_direct_rank,needs_route_mapping_or_rederivation,1,ctx_fulla_ps_diluted_eps_yoy,current_daily_or_derived_panel_only,requires_route_mapping_or_rederivation,CSRank($ctx_fulla_ps_diluted_eps_yoy)
cn_phase3ad_new_data_factor_candidate_pack_coverage_filtered_v1_20260603_phase3am_sanitized_v1_20260609.json,phase3ad_newdata_atomic_inverse_rank_00917,atomic_inverse_rank,needs_route_mapping_or_rederivation,1,ctx_fulla_ps_diluted_eps_yoy,current_daily_or_derived_panel_only,requires_route_mapping_or_rederivation,CSRank(Neg($ctx_fulla_ps_diluted_eps_yoy))
cn_phase3ad_new_data_factor_candidate_pack_coverage_filtered_v1_20260603_phase3am_sanitized_v1_20260609.json,phase3ad_newdata_atomic_direct_rank_00918,atomic_direct_rank,needs_route_mapping_or_rederivation,1,ctx_fulla_ps_other_compre_income,current_daily_or_derived_panel_only,requires_route_mapping_or_rederivation,CSRank($ctx_fulla_ps_other_compre_income)
cn_phase3ad_new_data_factor_candidate_pack_coverage_filtered_v1_20260603_phase3am_sanitized_v1_20260609.json,phase3ad_newdata_atomic_inverse_rank_00919,atomic_inverse_rank,needs_route_mapping_or_rederivation,1,ctx_fulla_ps_other_compre_income,current_daily_or_derived_panel_only,requires_route_mapping_or_rederivation,CSRank(Neg($ctx_fulla_ps_other_compre_income))
cn_phase3ad_new_data_factor_candidate_pack_coverage_filtered_v1_20260603_phase3am_sanitized_v1_20260609.json,phase3ad_newdata_atomic_direct_rank_00920,atomic_direct_rank,needs_route_mapping_or_rederivation,1,ctx_fulla_ps_other_compre_income_yoy,current_daily_or_derived_panel_only,requires_route_mapping_or_rederivation,CSRank($ctx_fulla_ps_other_compre_income_yoy)
cn_phase3ad_new_data_factor_candidate_pack_coverage_filtered_v1_20260603_phase3am_sanitized_v1_20260609.json,phase3ad_newdata_atomic_inverse_rank_00921,atomic_inverse_rank,needs_route_mapping_or_rederivation,1,ctx_fulla_ps_other_compre_income_yoy,current_daily_or_derived_panel_only,requires_route_mapping_or_rederivation,CSRank(Neg($ctx_fulla_ps_other_compre_income_yoy))
cn_phase3ad_new_data_factor_candidate_pack_coverage_filtered_v1_20260603_phase3am_sanitized_v1_20260609.json,phase3ad_newdata_atomic_direct_rank_00922,atomic_direct_rank,needs_route_mapping_or_rederivation,1,ctx_fulla_ps_parent_oci,current_daily_or_derived_panel_only,requires_route_mapping_or_rederivation,CSRank($ctx_fulla_ps_parent_oci)
cn_phase3ad_new_data_factor_candidate_pack_coverage_filtered_v1_20260603_phase3am_sanitized_v1_20260609.json,phase3ad_newdata_atomic_inverse_rank_00923,atomic_inverse_rank,needs_route_mapping_or_rederivation,1,ctx_fulla_ps_parent_oci,current_daily_or_derived_panel_only,requires_route_mapping_or_rederivation,CSRank(Neg($ctx_fulla_ps_parent_oci))
cn_phase3ad_new_data_factor_candidate_pack_coverage_filtered_v1_20260603_phase3am_sanitized_v1_20260609.json,phase3ad_newdata_atomic_direct_rank_00924,atomic_direct_rank,needs_route_mapping_or_rederivation,1,ctx_fulla_ps_parent_oci_yoy,current_daily_or_derived_panel_only,requires_route_mapping_or_rederivation,CSRank($ctx_fulla_ps_parent_oci_yoy)
cn_phase3ad_new_data_factor_candidate_pack_coverage_filtered_v1_20260603_phase3am_sanitized_v1_20260609.json,phase3ad_newdata_atomic_inverse_rank_00925,atomic_inverse_rank,needs_route_mapping_or_rederivation,1,ctx_fulla_ps_parent_oci_yoy,current_daily_or_derived_panel_only,requires_route_mapping_or_rederivation,CSRank(Neg($ctx_fulla_ps_parent_oci_yoy))
cn_phase3ad_new_data_factor_candidate_pack_coverage_filtered_v1_20260603_phase3am_sanitized_v1_20260609.json,phase3ad_newdata_atomic_direct_rank_00926,atomic_direct_rank,needs_route_mapping_or_rederivation,1,ctx_fulla_ps_minority_oci,current_daily_or_derived_panel_only,requires_route_mapping_or_rederivation,CSRank($ctx_fulla_ps_minority_oci)
cn_phase3ad_new_data_factor_candidate_pack_coverage_filtered_v1_20260603_phase3am_sanitized_v1_20260609.json,phase3ad_newdata_atomic_inverse_rank_00927,atomic_inverse_rank,needs_route_mapping_or_rederivation,1,ctx_fulla_ps_minority_oci,current_daily_or_derived_panel_only,requires_route_mapping_or_rederivation,CSRank(Neg($ctx_fulla_ps_minority_oci))
cn_phase3ad_new_data_factor_candidate_pack_coverage_filtered_v1_20260603_phase3am_sanitized_v1_20260609.json,phase3ad_newdata_atomic_direct_rank_00928,atomic_direct_rank,needs_route_mapping_or_rederivation,1,ctx_fulla_ps_minority_oci_yoy,current_daily_or_derived_panel_only,requires_route_mapping_or_rederivation,CSRank($ctx_fulla_ps_minority_oci_yoy)
cn_phase3ad_new_data_factor_candidate_pack_coverage_filtered_v1_20260603_phase3am_sanitized_v1_20260609.json,phase3ad_newdata_atomic_inverse_rank_00929,atomic_inverse_rank,needs_route_mapping_or_rederivation,1,ctx_fulla_ps_minority_oci_yoy,current_daily_or_derived_panel_only,requires_route_mapping_or_rederivation,CSRank(Neg($ctx_fulla_ps_minority_oci_yoy))
cn_phase3ad_new_data_factor_candidate_pack_coverage_filtered_v1_20260603_phase3am_sanitized_v1_20260609.json,phase3ad_newdata_atomic_direct_rank_00938,atomic_direct_rank,needs_route_mapping_or_rederivation,1,ctx_fulla_ps_unable_oci,current_daily_or_derived_panel_only,requires_route_mapping_or_rederivation,CSRank($ctx_fulla_ps_unable_oci)
cn_phase3ad_new_data_factor_candidate_pack_coverage_filtered_v1_20260603_phase3am_sanitized_v1_20260609.json,phase3ad_newdata_atomic_inverse_rank_00939,atomic_inverse_rank,needs_route_mapping_or_rederivation,1,ctx_fulla_ps_unable_oci,current_daily_or_derived_panel_only,requires_route_mapping_or_rederivation,CSRank(Neg($ctx_fulla_ps_unable_oci))
cn_phase3ad_new_data_factor_candidate_pack_coverage_filtered_v1_20260603_phase3am_sanitized_v1_20260609.json,phase3ad_newdata_atomic_direct_rank_00940,atomic_direct_rank,needs_route_mapping_or_rederivation,1,ctx_fulla_ps_unable_oci_yoy,current_daily_or_derived_panel_only,requires_route_mapping_or_rederivation,CSRank($ctx_fulla_ps_unable_oci_yoy)
cn_phase3ad_new_data_factor_candidate_pack_coverage_filtered_v1_20260603_phase3am_sanitized_v1_20260609.json,phase3ad_newdata_atomic_inverse_rank_00941,atomic_inverse_rank,needs_route_mapping_or_rederivation,1,ctx_fulla_ps_unable_oci_yoy,current_daily_or_derived_panel_only,requires_route_mapping_or_rederivation,CSRank(Neg($ctx_fulla_ps_unable_oci_yoy))
cn_phase3ad_new_data_factor_candidate_pack_coverage_filtered_v1_20260603_phase3am_sanitized_v1_20260609.json,phase3ad_newdata_atomic_direct_rank_00946,atomic_direct_rank,needs_route_mapping_or_rederivation,1,ctx_fulla_ps_otherright_fairvalue_change,current_daily_or_derived_panel_only,requires_route_mapping_or_rederivation,CSRank($ctx_fulla_ps_otherright_fairvalue_change)
cn_phase3ad_new_data_factor_candidate_pack_coverage_filtered_v1_20260603_phase3am_sanitized_v1_20260609.json,phase3ad_newdata_atomic_inverse_rank_00947,atomic_inverse_rank,needs_route_mapping_or_rederivation,1,ctx_fulla_ps_otherright_fairvalue_change,current_daily_or_derived_panel_only,requires_route_mapping_or_rederivation,CSRank(Neg($ctx_fulla_ps_otherright_fairvalue_change))
cn_phase3ad_new_data_factor_candidate_pack_coverage_filtered_v1_20260603_phase3am_sanitized_v1_20260609.json,phase3ad_newdata_atomic_direct_rank_00948,atomic_direct_rank,needs_route_mapping_or_rederivation,1,ctx_fulla_ps_otherright_fairvalue_change_yoy,current_daily_or_derived_panel_only,requires_route_mapping_or_rederivation,CSRank($ctx_fulla_ps_otherright_fairvalue_change_yoy)
cn_phase3ad_new_data_factor_candidate_pack_coverage_filtered_v1_20260603_phase3am_sanitized_v1_20260609.json,phase3ad_newdata_atomic_inverse_rank_00949,atomic_inverse_rank,needs_route_mapping_or_rederivation,1,ctx_fulla_ps_otherright_fairvalue_change_yoy,current_daily_or_derived_panel_only,requires_route_mapping_or_rederivation,CSRank(Neg($ctx_fulla_ps_otherright_fairvalue_change_yoy))
cn_phase3ad_new_data_factor_candidate_pack_coverage_filtered_v1_20260603_phase3am_sanitized_v1_20260609.json,phase3ad_newdata_atomic_direct_rank_00966,atomic_direct_rank,needs_route_mapping_or_rederivation,1,ctx_fulla_ps_able_oci,current_daily_or_derived_panel_only,requires_route_mapping_or_rederivation,CSRank($ctx_fulla_ps_able_oci)
cn_phase3ad_new_data_factor_candidate_pack_coverage_filtered_v1_20260603_phase3am_sanitized_v1_20260609.json,phase3ad_newdata_atomic_inverse_rank_00967,atomic_inverse_rank,needs_route_mapping_or_rederivation,1,ctx_fulla_ps_able_oci,current_daily_or_derived_panel_only,requires_route_mapping_or_rederivation,CSRank(Neg($ctx_fulla_ps_able_oci))
cn_phase3ad_new_data_factor_candidate_pack_coverage_filtered_v1_20260603_phase3am_sanitized_v1_20260609.json,phase3ad_newdata_atomic_direct_rank_00968,atomic_direct_rank,needs_route_mapping_or_rederivation,1,ctx_fulla_ps_able_oci_yoy,current_daily_or_derived_panel_only,requires_route_mapping_or_rederivation,CSRank($ctx_fulla_ps_able_oci_yoy)
cn_phase3ad_new_data_factor_candidate_pack_coverage_filtered_v1_20260603_phase3am_sanitized_v1_20260609.json,phase3ad_newdata_atomic_inverse_rank_00969,atomic_inverse_rank,needs_route_mapping_or_rederivation,1,ctx_fulla_ps_able_oci_yoy,current_daily_or_derived_panel_only,requires_route_mapping_or_rederivation,CSRank(Neg($ctx_fulla_ps_able_oci_yoy))
cn_phase3ad_new_data_factor_candidate_pack_coverage_filtered_v1_20260603_phase3am_sanitized_v1_20260609.json,phase3ad_newdata_atomic_direct_rank_00970,atomic_direct_rank,needs_route_mapping_or_rederivation,1,ctx_fulla_ps_rightlaw_able_oci,current_daily_or_derived_panel_only,requires_route_mapping_or_rederivation,CSRank($ctx_fulla_ps_rightlaw_able_oci)
cn_phase3ad_new_data_factor_candidate_pack_coverage_filtered_v1_20260603_phase3am_sanitized_v1_20260609.json,phase3ad_newdata_atomic_inverse_rank_00971,atomic_inverse_rank,needs_route_mapping_or_rederivation,1,ctx_fulla_ps_rightlaw_able_oci,current_daily_or_derived_panel_only,requires_route_mapping_or_rederivation,CSRank(Neg($ctx_fulla_ps_rightlaw_able_oci))
cn_phase3ad_new_data_factor_candidate_pack_coverage_filtered_v1_20260603_phase3am_sanitized_v1_20260609.json,phase3ad_newdata_atomic_direct_rank_00972,atomic_direct_rank,needs_route_mapping_or_rederivation,1,ctx_fulla_ps_rightlaw_able_oci_yoy,current_daily_or_derived_panel_only,requires_route_mapping_or_rederivation,CSRank($ctx_fulla_ps_rightlaw_able_oci_yoy)
cn_phase3ad_new_data_factor_candidate_pack_coverage_filtered_v1_20260603_phase3am_sanitized_v1_20260609.json,phase3ad_newdata_atomic_inverse_rank_00973,atomic_inverse_rank,needs_route_mapping_or_rederivation,1,ctx_fulla_ps_rightlaw_able_oci_yoy,current_daily_or_derived_panel_only,requires_route_mapping_or_rederivation,CSRank(Neg($ctx_fulla_ps_rightlaw_able_oci_yoy))
cn_phase3ad_new_data_factor_candidate_pack_coverage_filtered_v1_20260603_phase3am_sanitized_v1_20260609.json,phase3ad_newdata_atomic_direct_rank_00982,atomic_direct_rank,needs_route_mapping_or_rederivation,1,ctx_fulla_ps_cashflow_hedge_valid,current_daily_or_derived_panel_only,requires_route_mapping_or_rederivation,CSRank($ctx_fulla_ps_cashflow_hedge_valid)
cn_phase3ad_new_data_factor_candidate_pack_coverage_filtered_v1_20260603_phase3am_sanitized_v1_20260609.json,phase3ad_newdata_atomic_inverse_rank_00983,atomic_inverse_rank,needs_route_mapping_or_rederivation,1,ctx_fulla_ps_cashflow_hedge_valid,current_daily_or_derived_panel_only,requires_route_mapping_or_rederivation,CSRank(Neg($ctx_fulla_ps_cashflow_hedge_valid))
cn_phase3ad_new_data_factor_candidate_pack_coverage_filtered_v1_20260603_phase3am_sanitized_v1_20260609.json,phase3ad_newdata_atomic_direct_rank_00998,atomic_direct_rank,needs_route_mapping_or_rederivation,1,ctx_fulla_ps_convert_diff,current_daily_or_derived_panel_only,requires_route_mapping_or_rederivation,CSRank($ctx_fulla_ps_convert_diff)
cn_phase3ad_new_data_factor_candidate_pack_coverage_filtered_v1_20260603_phase3am_sanitized_v1_20260609.json,phase3ad_newdata_atomic_inverse_rank_00999,atomic_inverse_rank,needs_route_mapping_or_rederivation,1,ctx_fulla_ps_convert_diff,current_daily_or_derived_panel_only,requires_route_mapping_or_rederivation,CSRank(Neg($ctx_fulla_ps_convert_diff))
cn_phase3ad_new_data_factor_candidate_pack_coverage_filtered_v1_20260603_phase3am_sanitized_v1_20260609.json,phase3ad_newdata_atomic_direct_rank_01000,atomic_direct_rank,needs_route_mapping_or_rederivation,1,ctx_fulla_ps_convert_diff_yoy,current_daily_or_derived_panel_only,requires_route_mapping_or_rederivation,CSRank($ctx_fulla_ps_convert_diff_yoy)
cn_phase3ad_new_data_factor_candidate_pack_coverage_filtered_v1_20260603_phase3am_sanitized_v1_20260609.json,phase3ad_newdata_atomic_inverse_rank_01001,atomic_inverse_rank,needs_route_mapping_or_rederivation,1,ctx_fulla_ps_convert_diff_yoy,current_daily_or_derived_panel_only,requires_route_mapping_or_rederivation,CSRank(Neg($ctx_fulla_ps_convert_diff_yoy))
cn_phase3ad_new_data_factor_candidate_pack_coverage_filtered_v1_20260603_phase3am_sanitized_v1_20260609.json,phase3ad_newdata_atomic_direct_rank_01018,atomic_direct_rank,needs_route_mapping_or_rederivation,1,ctx_fulla_ps_total_compre_income,current_daily_or_derived_panel_only,requires_route_mapping_or_rederivation,CSRank($ctx_fulla_ps_total_compre_income)
cn_phase3ad_new_data_factor_candidate_pack_coverage_filtered_v1_20260603_phase3am_sanitized_v1_20260609.json,phase3ad_newdata_atomic_inverse_rank_01019,atomic_inverse_rank,needs_route_mapping_or_rederivation,1,ctx_fulla_ps_total_compre_income,current_daily_or_derived_panel_only,requires_route_mapping_or_rederivation,CSRank(Neg($ctx_fulla_ps_total_compre_income))
cn_phase3ad_new_data_factor_candidate_pack_coverage_filtered_v1_20260603_phase3am_sanitized_v1_20260609.json,phase3ad_newdata_atomic_direct_rank_01020,atomic_direct_rank,needs_route_mapping_or_rederivation,1,ctx_fulla_ps_total_compre_income_yoy,current_daily_or_derived_panel_only,requires_route_mapping_or_rederivation,CSRank($ctx_fulla_ps_total_compre_income_yoy)
cn_phase3ad_new_data_factor_candidate_pack_coverage_filtered_v1_20260603_phase3am_sanitized_v1_20260609.json,phase3ad_newdata_atomic_inverse_rank_01021,atomic_inverse_rank,needs_route_mapping_or_rederivation,1,ctx_fulla_ps_total_compre_income_yoy,current_daily_or_derived_panel_only,requires_route_mapping_or_rederivation,CSRank(Neg($ctx_fulla_ps_total_compre_income_yoy))
cn_phase3ad_new_data_factor_candidate_pack_coverage_filtered_v1_20260603_phase3am_sanitized_v1_20260609.json,phase3ad_newdata_atomic_direct_rank_01022,atomic_direct_rank,needs_route_mapping_or_rederivation,1,ctx_fulla_ps_parent_tci,current_daily_or_derived_panel_only,requires_route_mapping_or_rederivation,CSRank($ctx_fulla_ps_parent_tci)
cn_phase3ad_new_data_factor_candidate_pack_coverage_filtered_v1_20260603_phase3am_sanitized_v1_20260609.json,phase3ad_newdata_atomic_inverse_rank_01023,atomic_inverse_rank,needs_route_mapping_or_rederivation,1,ctx_fulla_ps_parent_tci,current_daily_or_derived_panel_only,requires_route_mapping_or_rederivation,CSRank(Neg($ctx_fulla_ps_parent_tci))
cn_phase3ad_new_data_factor_candidate_pack_coverage_filtered_v1_20260603_phase3am_sanitized_v1_20260609.json,phase3ad_newdata_atomic_direct_rank_01024,atomic_direct_rank,needs_route_mapping_or_rederivation,1,ctx_fulla_ps_parent_tci_yoy,current_daily_or_derived_panel_only,requires_route_mapping_or_rederivation,CSRank($ctx_fulla_ps_parent_tci_yoy)
cn_phase3ad_new_data_factor_candidate_pack_coverage_filtered_v1_20260603_phase3am_sanitized_v1_20260609.json,phase3ad_newdata_atomic_inverse_rank_01025,atomic_inverse_rank,needs_route_mapping_or_rederivation,1,ctx_fulla_ps_parent_tci_yoy,current_daily_or_derived_panel_only,requires_route_mapping_or_rederivation,CSRank(Neg($ctx_fulla_ps_parent_tci_yoy))
cn_phase3ad_new_data_factor_candidate_pack_coverage_filtered_v1_20260603_phase3am_sanitized_v1_20260609.json,phase3ad_newdata_atomic_direct_rank_01026,atomic_direct_rank,needs_route_mapping_or_rederivation,1,ctx_fulla_ps_minority_tci,current_daily_or_derived_panel_only,requires_route_mapping_or_rederivation,CSRank($ctx_fulla_ps_minority_tci)
cn_phase3ad_new_data_factor_candidate_pack_coverage_filtered_v1_20260603_phase3am_sanitized_v1_20260609.json,phase3ad_newdata_atomic_inverse_rank_01027,atomic_inverse_rank,needs_route_mapping_or_rederivation,1,ctx_fulla_ps_minority_tci,current_daily_or_derived_panel_only,requires_route_mapping_or_rederivation,CSRank(Neg($ctx_fulla_ps_minority_tci))
cn_phase3ad_new_data_factor_candidate_pack_coverage_filtered_v1_20260603_phase3am_sanitized_v1_20260609.json,phase3ad_newdata_atomic_direct_rank_01028,atomic_direct_rank,needs_route_mapping_or_rederivation,1,ctx_fulla_ps_minority_tci_yoy,current_daily_or_derived_panel_only,requires_route_mapping_or_rederivation,CSRank($ctx_fulla_ps_minority_tci_yoy)
cn_phase3ad_new_data_factor_candidate_pack_coverage_filtered_v1_20260603_phase3am_sanitized_v1_20260609.json,phase3ad_newdata_atomic_inverse_rank_01029,atomic_inverse_rank,needs_route_mapping_or_rederivation,1,ctx_fulla_ps_minority_tci_yoy,current_daily_or_derived_panel_only,requires_route_mapping_or_rederivation,CSRank(Neg($ctx_fulla_ps_minority_tci_yoy))
cn_phase3ad_new_data_factor_candidate_pack_coverage_filtered_v1_20260603_phase3am_sanitized_v1_20260609.json,phase3ad_newdata_atomic_direct_rank_01046,atomic_direct_rank,needs_route_mapping_or_rederivation,1,ctx_fulla_ps_acf_end_income,current_daily_or_derived_panel_only,requires_route_mapping_or_rederivation,CSRank($ctx_fulla_ps_acf_end_income)
cn_phase3ad_new_data_factor_candidate_pack_coverage_filtered_v1_20260603_phase3am_sanitized_v1_20260609.json,phase3ad_newdata_atomic_inverse_rank_01047,atomic_inverse_rank,needs_route_mapping_or_rederivation,1,ctx_fulla_ps_acf_end_income,current_daily_or_derived_panel_only,requires_route_mapping_or_rederivation,CSRank(Neg($ctx_fulla_ps_acf_end_income))
cn_phase3ad_new_data_factor_candidate_pack_coverage_filtered_v1_20260603_phase3am_sanitized_v1_20260609.json,phase3ad_newdata_atomic_direct_rank_01050,atomic_direct_rank,needs_route_mapping_or_rederivation,1,ctx_sent_lb_2_num,current_daily_or_derived_panel_only,requires_route_mapping_or_rederivation,CSRank($ctx_sent_lb_2_num)
cn_phase3ad_new_data_factor_candidate_pack_coverage_filtered_v1_20260603_phase3am_sanitized_v1_20260609.json,phase3ad_newdata_atomic_inverse_rank_01051,atomic_inverse_rank,needs_route_mapping_or_rederivation,1,ctx_sent_lb_2_num,current_daily_or_derived_panel_only,requires_route_mapping_or_rederivation,CSRank(Neg($ctx_sent_lb_2_num))
cn_phase3ad_new_data_factor_candidate_pack_coverage_filtered_v1_20260603_phase3am_sanitized_v1_20260609.json,phase3ad_newdata_atomic_direct_rank_01052,atomic_direct_rank,needs_route_mapping_or_rederivation,1,ctx_sent_gt5_num,current_daily_or_derived_panel_only,requires_route_mapping_or_rederivation,CSRank($ctx_sent_gt5_num)
cn_phase3ad_new_data_factor_candidate_pack_coverage_filtered_v1_20260603_phase3am_sanitized_v1_20260609.json,phase3ad_newdata_atomic_inverse_rank_01053,atomic_inverse_rank,needs_route_mapping_or_rederivation,1,ctx_sent_gt5_num,current_daily_or_derived_panel_only,requires_route_mapping_or_rederivation,CSRank(Neg($ctx_sent_gt5_num))
cn_phase3ad_new_data_factor_candidate_pack_coverage_filtered_v1_20260603_phase3am_sanitized_v1_20260609.json,phase3ad_newdata_atomic_inverse_rank_01054,atomic_inverse_rank,needs_route_mapping_or_rederivation,1,ctx_sent_max_lb_num,current_daily_or_derived_panel_only,requires_route_mapping_or_rederivation,CSRank(Neg($ctx_sent_max_lb_num))
cn_phase3ad_new_data_factor_candidate_pack_coverage_filtered_v1_20260603_phase3am_sanitized_v1_20260609.json,phase3ad_newdata_atomic_direct_rank_01055,atomic_direct_rank,needs_route_mapping_or_rederivation,1,ctx_sent_downlimit_num,current_daily_or_derived_panel_only,requires_route_mapping_or_rederivation,CSRank($ctx_sent_downlimit_num)
cn_phase3ad_new_data_factor_candidate_pack_coverage_filtered_v1_20260603_phase3am_sanitized_v1_20260609.json,phase3ad_newdata_atomic_inverse_rank_01056,atomic_inverse_rank,needs_route_mapping_or_rederivation,1,ctx_sent_downlimit_num,current_daily_or_derived_panel_only,requires_route_mapping_or_rederivation,CSRank(Neg($ctx_sent_downlimit_num))
cn_phase3ad_new_data_factor_candidate_pack_coverage_filtered_v1_20260603_phase3am_sanitized_v1_20260609.json,phase3ad_newdata_atomic_direct_rank_01057,atomic_direct_rank,needs_route_mapping_or_rederivation,1,ctx_sent_second_lb_num,current_daily_or_derived_panel_only,requires_route_mapping_or_rederivation,CSRank($ctx_sent_second_lb_num)
cn_phase3ad_new_data_factor_candidate_pack_coverage_filtered_v1_20260603_phase3am_sanitized_v1_20260609.json,phase3ad_newdata_atomic_inverse_rank_01058,atomic_inverse_rank,needs_route_mapping_or_rederivation,1,ctx_sent_second_lb_num,current_daily_or_derived_panel_only,requires_route_mapping_or_rederivation,CSRank(Neg($ctx_sent_second_lb_num))
cn_phase3ad_new_data_factor_candidate_pack_coverage_filtered_v1_20260603_phase3am_sanitized_v1_20260609.json,phase3ad_newdata_atomic_direct_rank_01059,atomic_direct_rank,needs_route_mapping_or_rederivation,1,ctx_sent_lb_3_num,current_daily_or_derived_panel_only,requires_route_mapping_or_rederivation,CSRank($ctx_sent_lb_3_num)
cn_phase3ad_new_data_factor_candidate_pack_coverage_filtered_v1_20260603_phase3am_sanitized_v1_20260609.json,phase3ad_newdata_atomic_inverse_rank_01060,atomic_inverse_rank,needs_route_mapping_or_rederivation,1,ctx_sent_lb_3_num,current_daily_or_derived_panel_only,requires_route_mapping_or_rederivation,CSRank(Neg($ctx_sent_lb_3_num))
cn_phase3ad_new_data_factor_candidate_pack_coverage_filtered_v1_20260603_phase3am_sanitized_v1_20260609.json,phase3ad_newdata_atomic_direct_rank_01061,atomic_direct_rank,needs_route_mapping_or_rederivation,1,ctx_sent_damian_num,current_daily_or_derived_panel_only,requires_route_mapping_or_rederivation,CSRank($ctx_sent_damian_num)
cn_phase3ad_new_data_factor_candidate_pack_coverage_filtered_v1_20260603_phase3am_sanitized_v1_20260609.json,phase3ad_newdata_atomic_direct_rank_01062,atomic_direct_rank,needs_route_mapping_or_rederivation,1,ctx_sent_tiandi_num,current_daily_or_derived_panel_only,requires_route_mapping_or_rederivation,CSRank($ctx_sent_tiandi_num)
cn_phase3ad_new_data_factor_candidate_pack_coverage_filtered_v1_20260603_phase3am_sanitized_v1_20260609.json,phase3ad_newdata_atomic_direct_rank_01063,atomic_direct_rank,needs_route_mapping_or_rederivation,1,ctx_sent_mian_num,current_daily_or_derived_panel_only,requires_route_mapping_or_rederivation,CSRank($ctx_sent_mian_num)
cn_phase3ad_new_data_factor_candidate_pack_coverage_filtered_v1_20260603_phase3am_sanitized_v1_20260609.json,phase3ad_newdata_atomic_inverse_rank_01064,atomic_inverse_rank,needs_route_mapping_or_rederivation,1,ctx_sent_mian_num,current_daily_or_derived_panel_only,requires_route_mapping_or_rederivation,CSRank(Neg($ctx_sent_mian_num))
cn_phase3ad_new_data_factor_candidate_pack_coverage_filtered_v1_20260603_phase3am_sanitized_v1_20260609.json,phase3ad_newdata_atomic_inverse_rank_01065,atomic_inverse_rank,needs_route_mapping_or_rederivation,1,ctx_sent_ditian_num,current_daily_or_derived_panel_only,requires_route_mapping_or_rederivation,CSRank(Neg($ctx_sent_ditian_num))
cn_phase3ad_new_data_factor_candidate_pack_coverage_filtered_v1_20260603_phase3am_sanitized_v1_20260609.json,phase3ad_newdata_atomic_direct_rank_01066,atomic_direct_rank,needs_route_mapping_or_rederivation,1,ctx_sent_fb_num,current_daily_or_derived_panel_only,requires_route_mapping_or_rederivation,CSRank($ctx_sent_fb_num)
cn_phase3ad_new_data_factor_candidate_pack_coverage_filtered_v1_20260603_phase3am_sanitized_v1_20260609.json,phase3ad_newdata_atomic_inverse_rank_01067,atomic_inverse_rank,needs_route_mapping_or_rederivation,1,ctx_sent_fb_num,current_daily_or_derived_panel_only,requires_route_mapping_or_rederivation,CSRank(Neg($ctx_sent_fb_num))
cn_phase3ad_new_data_factor_candidate_pack_coverage_filtered_v1_20260603_phase3am_sanitized_v1_20260609.json,phase3ad_newdata_atomic_direct_rank_01068,atomic_direct_rank,needs_route_mapping_or_rederivation,1,ctx_sent_bigleg_num,current_daily_or_derived_panel_only,requires_route_mapping_or_rederivation,CSRank($ctx_sent_bigleg_num)
cn_phase3ad_new_data_factor_candidate_pack_coverage_filtered_v1_20260603_phase3am_sanitized_v1_20260609.json,phase3ad_newdata_atomic_inverse_rank_01069,atomic_inverse_rank,needs_route_mapping_or_rederivation,1,ctx_sent_bigleg_num,current_daily_or_derived_panel_only,requires_route_mapping_or_rederivation,CSRank(Neg($ctx_sent_bigleg_num))
cn_phase3ad_new_data_factor_candidate_pack_coverage_filtered_v1_20260603_phase3am_sanitized_v1_20260609.json,phase3ad_newdata_atomic_direct_rank_01070,atomic_direct_rank,needs_route_mapping_or_rederivation,1,ctx_sent_uplimit_n_num,current_daily_or_derived_panel_only,requires_route_mapping_or_rederivation,CSRank($ctx_sent_uplimit_n_num)
cn_phase3ad_new_data_factor_candidate_pack_coverage_filtered_v1_20260603_phase3am_sanitized_v1_20260609.json,phase3ad_newdata_atomic_inverse_rank_01071,atomic_inverse_rank,needs_route_mapping_or_rederivation,1,ctx_sent_uplimit_n_num,current_daily_or_derived_panel_only,requires_route_mapping_or_rederivation,CSRank(Neg($ctx_sent_uplimit_n_num))
cn_phase3ad_new_data_factor_candidate_pack_coverage_filtered_v1_20260603_phase3am_sanitized_v1_20260609.json,phase3ad_newdata_atomic_direct_rank_01072,atomic_direct_rank,needs_route_mapping_or_rederivation,1,ctx_sent_lt5_num,current_daily_or_derived_panel_only,requires_route_mapping_or_rederivation,CSRank($ctx_sent_lt5_num)
cn_phase3ad_new_data_factor_candidate_pack_coverage_filtered_v1_20260603_phase3am_sanitized_v1_20260609.json,phase3ad_newdata_atomic_inverse_rank_01073,atomic_inverse_rank,needs_route_mapping_or_rederivation,1,ctx_sent_lt5_num,current_daily_or_derived_panel_only,requires_route_mapping_or_rederivation,CSRank(Neg($ctx_sent_lt5_num))
cn_phase3ad_new_data_factor_candidate_pack_coverage_filtered_v1_20260603_phase3am_sanitized_v1_20260609.json,phase3ad_newdata_atomic_direct_rank_01074,atomic_direct_rank,needs_route_mapping_or_rederivation,1,ctx_sent_lb_h_num,current_daily_or_derived_panel_only,requires_route_mapping_or_rederivation,CSRank($ctx_sent_lb_h_num)
cn_phase3ad_new_data_factor_candidate_pack_coverage_filtered_v1_20260603_phase3am_sanitized_v1_20260609.json,phase3ad_newdata_atomic_inverse_rank_01075,atomic_inverse_rank,needs_route_mapping_or_rederivation,1,ctx_sent_lb_h_num,current_daily_or_derived_panel_only,requires_route_mapping_or_rederivation,CSRank(Neg($ctx_sent_lb_h_num))
cn_phase3ad_new_data_factor_candidate_pack_coverage_filtered_v1_20260603_phase3am_sanitized_v1_20260609.json,phase3ad_newdata_atomic_direct_rank_01076,atomic_direct_rank,needs_route_mapping_or_rederivation,1,ctx_sent_uplimit_num,current_daily_or_derived_panel_only,requires_route_mapping_or_rederivation,CSRank($ctx_sent_uplimit_num)
cn_phase3ad_new_data_factor_candidate_pack_coverage_filtered_v1_20260603_phase3am_sanitized_v1_20260609.json,phase3ad_newdata_atomic_inverse_rank_01077,atomic_inverse_rank,needs_route_mapping_or_rederivation,1,ctx_sent_uplimit_num,current_daily_or_derived_panel_only,requires_route_mapping_or_rederivation,CSRank(Neg($ctx_sent_uplimit_num))
cn_phase3ad_new_data_factor_candidate_pack_coverage_filtered_v1_20260603_phase3am_sanitized_v1_20260609.json,phase3ad_newdata_atomic_direct_rank_01078,atomic_direct_rank,needs_route_mapping_or_rederivation,1,ctx_sent_up_num,current_daily_or_derived_panel_only,requires_route_mapping_or_rederivation,CSRank($ctx_sent_up_num)
cn_phase3ad_new_data_factor_candidate_pack_coverage_filtered_v1_20260603_phase3am_sanitized_v1_20260609.json,phase3ad_newdata_atomic_inverse_rank_01079,atomic_inverse_rank,needs_route_mapping_or_rederivation,1,ctx_sent_up_num,current_daily_or_derived_panel_only,requires_route_mapping_or_rederivation,CSRank(Neg($ctx_sent_up_num))
cn_phase3ad_new_data_factor_candidate_pack_coverage_filtered_v1_20260603_phase3am_sanitized_v1_20260609.json,phase3ad_newdata_atomic_direct_rank_01080,atomic_direct_rank,needs_route_mapping_or_rederivation,1,ctx_sent_zb_num,current_daily_or_derived_panel_only,requires_route_mapping_or_rederivation,CSRank($ctx_sent_zb_num)
cn_phase3ad_new_data_factor_candidate_pack_coverage_filtered_v1_20260603_phase3am_sanitized_v1_20260609.json,phase3ad_newdata_atomic_direct_rank_01081,atomic_direct_rank,needs_route_mapping_or_rederivation,1,ctx_sent_down_num,current_daily_or_derived_panel_only,requires_route_mapping_or_rederivation,CSRank($ctx_sent_down_num)
cn_phase3ad_new_data_factor_candidate_pack_coverage_filtered_v1_20260603_phase3am_sanitized_v1_20260609.json,phase3ad_newdata_atomic_inverse_rank_01082,atomic_inverse_rank,needs_route_mapping_or_rederivation,1,ctx_sent_down_num,current_daily_or_derived_panel_only,requires_route_mapping_or_rederivation,CSRank(Neg($ctx_sent_down_num))
cn_phase3ad_new_data_factor_candidate_pack_coverage_filtered_v1_20260603_phase3am_sanitized_v1_20260609.json,phase3ad_newdata_event_auction_buy_offer_imbalance_00026,event_auction_buy_offer_imbalance,event_state_lane_only,2,evt_uplimit_auction_buy|evt_uplimit_auction_offer,timestamped_event_availability_feature,event_state_only_requires_availability_guard,"CSRank(Div(Sub($evt_uplimit_auction_buy,$evt_uplimit_auction_offer),Add(Abs(Add($evt_uplimit_auction_buy,$evt_uplimit_auction_offer)),0.000001)))"
cn_phase3ad_new_data_factor_candidate_pack_coverage_filtered_v1_20260603_phase3am_sanitized_v1_20260609.json,phase3ad_newdata_event_auction_money_share_00027,event_auction_money_share,event_state_lane_only,2,evt_uplimit_amount|evt_uplimit_auction_money,timestamped_event_availability_feature,event_state_only_requires_availability_guard,"CSRank(Div($evt_uplimit_auction_money,Add(Abs($evt_uplimit_amount),0.000001)))"
cn_phase3ad_new_data_factor_candidate_pack_coverage_filtered_v1_20260603_phase3am_sanitized_v1_20260609.json,phase3ad_newdata_event_auction_turnover_share_00028,event_auction_turnover_share,event_state_lane_only,2,evt_uplimit_amount|evt_uplimit_auction_turnover,timestamped_event_availability_feature,event_state_only_requires_availability_guard,"CSRank(Div($evt_uplimit_auction_turnover,Add(Abs($evt_uplimit_amount),0.000001)))"
cn_phase3ad_new_data_factor_candidate_pack_coverage_filtered_v1_20260603_phase3am_sanitized_v1_20260609.json,phase3ad_newdata_event_seal_close_strength_00029,event_seal_close_strength,event_state_lane_only,2,evt_uplimit_amount|evt_uplimit_fd_close,timestamped_event_availability_feature,event_state_only_requires_availability_guard,"CSRank(Div($evt_uplimit_fd_close,Add(Abs($evt_uplimit_amount),0.000001)))"
cn_phase3ad_new_data_factor_candidate_pack_coverage_filtered_v1_20260603_phase3am_sanitized_v1_20260609.json,phase3ad_newdata_event_seal_max_strength_00030,event_seal_max_strength,event_state_lane_only,2,evt_uplimit_amount|evt_uplimit_fd_max,timestamped_event_availability_feature,event_state_only_requires_availability_guard,"CSRank(Div($evt_uplimit_fd_max,Add(Abs($evt_uplimit_amount),0.000001)))"
cn_phase3ad_new_data_factor_candidate_pack_coverage_filtered_v1_20260603_phase3am_sanitized_v1_20260609.json,phase3ad_newdata_event_auction_premax_strength_00031,event_auction_premax_strength,event_state_lane_only,1,evt_uplimit_auction_pre1max_ratio,timestamped_event_availability_feature,event_state_only_requires_availability_guard,CSRank($evt_uplimit_auction_pre1max_ratio)
cn_phase3ad_new_data_factor_candidate_pack_coverage_filtered_v1_20260603_phase3am_sanitized_v1_20260609.json,phase3ad_newdata_stock_heat_rank_strength_00040,stock_heat_rank_strength,needs_route_mapping_or_rederivation,1,ctx_ths_hot_rank,current_daily_or_derived_panel_only,requires_route_mapping_or_rederivation,CSRank(Neg($ctx_ths_hot_rank))
cn_phase3ad_new_data_factor_candidate_pack_coverage_filtered_v1_20260603_phase3am_sanitized_v1_20260609.json,phase3ad_newdata_stock_heat_rank_improvement_00041,stock_heat_rank_improvement,needs_route_mapping_or_rederivation,1,ctx_ths_hot_rank_diff,current_daily_or_derived_panel_only,requires_route_mapping_or_rederivation,CSRank(Neg($ctx_ths_hot_rank_diff))
cn_phase3ad_new_data_factor_candidate_pack_coverage_filtered_v1_20260603_phase3am_sanitized_v1_20260609.json,phase3ad_newdata_stock_heat_small_liquid_momentum_00042,stock_heat_small_liquid_momentum,needs_route_mapping_or_rederivation,2,ctx_ths_hot_circulation_value|ctx_ths_hot_last_pct,current_daily_or_derived_panel_only,requires_route_mapping_or_rederivation,"CSRank(Div($ctx_ths_hot_last_pct,Add(Abs($ctx_ths_hot_circulation_value),0.000001)))"
cn_phase3ad_new_data_factor_candidate_pack_coverage_filtered_v1_20260603_phase3am_sanitized_v1_20260609.json,phase3ad_newdata_event_x_market_sentiment_00043,event_x_market_sentiment,needs_route_mapping_or_rederivation,2,ctx_sent_uplimit_num|evt_uplimit_auction_pre1max_ratio,current_daily_or_derived_panel_only|timestamped_event_availability_feature,event_state_only_requires_availability_guard|requires_route_mapping_or_rederivation,"CSRank(Mul(ZScore($evt_uplimit_auction_pre1max_ratio),ZScore($ctx_sent_uplimit_num)))"
cn_phase3ad_new_data_factor_candidate_pack_coverage_filtered_v1_20260603_phase3am_sanitized_v1_20260609.json,phase3ad_newdata_event_x_market_sentiment_00044,event_x_market_sentiment,needs_route_mapping_or_rederivation,2,ctx_sent_downlimit_num|evt_uplimit_auction_pre1max_ratio,current_daily_or_derived_panel_only|timestamped_event_availability_feature,event_state_only_requires_availability_guard|requires_route_mapping_or_rederivation,"CSRank(Mul(ZScore($evt_uplimit_auction_pre1max_ratio),ZScore($ctx_sent_downlimit_num)))"
cn_phase3ad_new_data_factor_candidate_pack_coverage_filtered_v1_20260603_phase3am_sanitized_v1_20260609.json,phase3ad_newdata_event_x_market_sentiment_00045,event_x_market_sentiment,needs_route_mapping_or_rederivation,2,ctx_sent_max_lb_num|evt_uplimit_auction_pre1max_ratio,current_daily_or_derived_panel_only|timestamped_event_availability_feature,event_state_only_requires_availability_guard|requires_route_mapping_or_rederivation,"CSRank(Mul(ZScore($evt_uplimit_auction_pre1max_ratio),ZScore($ctx_sent_max_lb_num)))"
cn_phase3ad_new_data_factor_candidate_pack_coverage_filtered_v1_20260603_phase3am_sanitized_v1_20260609.json,phase3ad_newdata_event_x_market_sentiment_00046,event_x_market_sentiment,needs_route_mapping_or_rederivation,2,ctx_sent_zb_num|evt_uplimit_auction_pre1max_ratio,current_daily_or_derived_panel_only|timestamped_event_availability_feature,event_state_only_requires_availability_guard|requires_route_mapping_or_rederivation,"CSRank(Mul(ZScore($evt_uplimit_auction_pre1max_ratio),ZScore($ctx_sent_zb_num)))"
cn_phase3ad_new_data_factor_candidate_pack_coverage_filtered_v1_20260603_phase3am_sanitized_v1_20260609.json,phase3ad_newdata_event_x_market_sentiment_00047,event_x_market_sentiment,needs_route_mapping_or_rederivation,2,ctx_sent_damian_num|evt_uplimit_auction_pre1max_ratio,current_daily_or_derived_panel_only|timestamped_event_availability_feature,event_state_only_requires_availability_guard|requires_route_mapping_or_rederivation,"CSRank(Mul(ZScore($evt_uplimit_auction_pre1max_ratio),ZScore($ctx_sent_damian_num)))"
cn_phase3ad_new_data_factor_candidate_pack_coverage_filtered_v1_20260603_phase3am_sanitized_v1_20260609.json,phase3ad_newdata_event_x_market_sentiment_00048,event_x_market_sentiment,needs_route_mapping_or_rederivation,2,ctx_sent_uplimit_num|evt_uplimit_fd_close,current_daily_or_derived_panel_only|timestamped_event_availability_feature,event_state_only_requires_availability_guard|requires_route_mapping_or_rederivation,"CSRank(Mul(ZScore($evt_uplimit_fd_close),ZScore($ctx_sent_uplimit_num)))"
cn_phase3ad_new_data_factor_candidate_pack_coverage_filtered_v1_20260603_phase3am_sanitized_v1_20260609.json,phase3ad_newdata_event_x_market_sentiment_00049,event_x_market_sentiment,needs_route_mapping_or_rederivation,2,ctx_sent_downlimit_num|evt_uplimit_fd_close,current_daily_or_derived_panel_only|timestamped_event_availability_feature,event_state_only_requires_availability_guard|requires_route_mapping_or_rederivation,"CSRank(Mul(ZScore($evt_uplimit_fd_close),ZScore($ctx_sent_downlimit_num)))"
cn_phase3ad_new_data_factor_candidate_pack_coverage_filtered_v1_20260603_phase3am_sanitized_v1_20260609.json,phase3ad_newdata_event_x_market_sentiment_00050,event_x_market_sentiment,needs_route_mapping_or_rederivation,2,ctx_sent_max_lb_num|evt_uplimit_fd_close,current_daily_or_derived_panel_only|timestamped_event_availability_feature,event_state_only_requires_availability_guard|requires_route_mapping_or_rederivation,"CSRank(Mul(ZScore($evt_uplimit_fd_close),ZScore($ctx_sent_max_lb_num)))"
cn_phase3ad_new_data_factor_candidate_pack_coverage_filtered_v1_20260603_phase3am_sanitized_v1_20260609.json,phase3ad_newdata_event_x_market_sentiment_00051,event_x_market_sentiment,needs_route_mapping_or_rederivation,2,ctx_sent_zb_num|evt_uplimit_fd_close,current_daily_or_derived_panel_only|timestamped_event_availability_feature,event_state_only_requires_availability_guard|requires_route_mapping_or_rederivation,"CSRank(Mul(ZScore($evt_uplimit_fd_close),ZScore($ctx_sent_zb_num)))"
cn_phase3ad_new_data_factor_candidate_pack_coverage_filtered_v1_20260603_phase3am_sanitized_v1_20260609.json,phase3ad_newdata_event_x_market_sentiment_00052,event_x_market_sentiment,needs_route_mapping_or_rederivation,2,ctx_sent_damian_num|evt_uplimit_fd_close,current_daily_or_derived_panel_only|timestamped_event_availability_feature,event_state_only_requires_availability_guard|requires_route_mapping_or_rederivation,"CSRank(Mul(ZScore($evt_uplimit_fd_close),ZScore($ctx_sent_damian_num)))"
cn_phase3ad_new_data_factor_candidate_pack_coverage_filtered_v1_20260603_phase3am_sanitized_v1_20260609.json,phase3ad_newdata_event_x_market_sentiment_00053,event_x_market_sentiment,needs_route_mapping_or_rederivation,2,ctx_sent_uplimit_num|evt_uplimit_fd_max,current_daily_or_derived_panel_only|timestamped_event_availability_feature,event_state_only_requires_availability_guard|requires_route_mapping_or_rederivation,"CSRank(Mul(ZScore($evt_uplimit_fd_max),ZScore($ctx_sent_uplimit_num)))"
cn_phase3ad_new_data_factor_candidate_pack_coverage_filtered_v1_20260603_phase3am_sanitized_v1_20260609.json,phase3ad_newdata_event_x_market_sentiment_00054,event_x_market_sentiment,needs_route_mapping_or_rederivation,2,ctx_sent_downlimit_num|evt_uplimit_fd_max,current_daily_or_derived_panel_only|timestamped_event_availability_feature,event_state_only_requires_availability_guard|requires_route_mapping_or_rederivation,"CSRank(Mul(ZScore($evt_uplimit_fd_max),ZScore($ctx_sent_downlimit_num)))"
cn_phase3ad_new_data_factor_candidate_pack_coverage_filtered_v1_20260603_phase3am_sanitized_v1_20260609.json,phase3ad_newdata_event_x_market_sentiment_00055,event_x_market_sentiment,needs_route_mapping_or_rederivation,2,ctx_sent_max_lb_num|evt_uplimit_fd_max,current_daily_or_derived_panel_only|timestamped_event_availability_feature,event_state_only_requires_availability_guard|requires_route_mapping_or_rederivation,"CSRank(Mul(ZScore($evt_uplimit_fd_max),ZScore($ctx_sent_max_lb_num)))"
cn_phase3ad_new_data_factor_candidate_pack_coverage_filtered_v1_20260603_phase3am_sanitized_v1_20260609.json,phase3ad_newdata_event_x_market_sentiment_00056,event_x_market_sentiment,needs_route_mapping_or_rederivation,2,ctx_sent_zb_num|evt_uplimit_fd_max,current_daily_or_derived_panel_only|timestamped_event_availability_feature,event_state_only_requires_availability_guard|requires_route_mapping_or_rederivation,"CSRank(Mul(ZScore($evt_uplimit_fd_max),ZScore($ctx_sent_zb_num)))"
cn_phase3ad_new_data_factor_candidate_pack_coverage_filtered_v1_20260603_phase3am_sanitized_v1_20260609.json,phase3ad_newdata_event_x_market_sentiment_00057,event_x_market_sentiment,needs_route_mapping_or_rederivation,2,ctx_sent_damian_num|evt_uplimit_fd_max,current_daily_or_derived_panel_only|timestamped_event_availability_feature,event_state_only_requires_availability_guard|requires_route_mapping_or_rederivation,"CSRank(Mul(ZScore($evt_uplimit_fd_max),ZScore($ctx_sent_damian_num)))"
cn_phase3ad_new_data_factor_candidate_pack_coverage_filtered_v1_20260603_phase3am_sanitized_v1_20260609.json,phase3ad_newdata_event_x_market_sentiment_00058,event_x_market_sentiment,needs_route_mapping_or_rederivation,2,ctx_sent_uplimit_num|ctx_ths_hot_rank,current_daily_or_derived_panel_only,requires_route_mapping_or_rederivation,"CSRank(Mul(ZScore($ctx_ths_hot_rank),ZScore($ctx_sent_uplimit_num)))"
cn_phase3ad_new_data_factor_candidate_pack_coverage_filtered_v1_20260603_phase3am_sanitized_v1_20260609.json,phase3ad_newdata_event_x_market_sentiment_00059,event_x_market_sentiment,needs_route_mapping_or_rederivation,2,ctx_sent_downlimit_num|ctx_ths_hot_rank,current_daily_or_derived_panel_only,requires_route_mapping_or_rederivation,"CSRank(Mul(ZScore($ctx_ths_hot_rank),ZScore($ctx_sent_downlimit_num)))"
cn_phase3ad_new_data_factor_candidate_pack_coverage_filtered_v1_20260603_phase3am_sanitized_v1_20260609.json,phase3ad_newdata_event_x_market_sentiment_00060,event_x_market_sentiment,needs_route_mapping_or_rederivation,2,ctx_sent_max_lb_num|ctx_ths_hot_rank,current_daily_or_derived_panel_only,requires_route_mapping_or_rederivation,"CSRank(Mul(ZScore($ctx_ths_hot_rank),ZScore($ctx_sent_max_lb_num)))"
cn_phase3ad_new_data_factor_candidate_pack_coverage_filtered_v1_20260603_phase3am_sanitized_v1_20260609.json,phase3ad_newdata_event_x_market_sentiment_00061,event_x_market_sentiment,needs_route_mapping_or_rederivation,2,ctx_sent_zb_num|ctx_ths_hot_rank,current_daily_or_derived_panel_only,requires_route_mapping_or_rederivation,"CSRank(Mul(ZScore($ctx_ths_hot_rank),ZScore($ctx_sent_zb_num)))"
cn_phase3ad_new_data_factor_candidate_pack_coverage_filtered_v1_20260603_phase3am_sanitized_v1_20260609.json,phase3ad_newdata_event_x_market_sentiment_00062,event_x_market_sentiment,needs_route_mapping_or_rederivation,2,ctx_sent_damian_num|ctx_ths_hot_rank,current_daily_or_derived_panel_only,requires_route_mapping_or_rederivation,"CSRank(Mul(ZScore($ctx_ths_hot_rank),ZScore($ctx_sent_damian_num)))"
cn_phase3ad_new_data_factor_candidate_pack_coverage_filtered_v1_20260603_phase3am_sanitized_v1_20260609.json,phase3ad_newdata_event_x_market_sentiment_00063,event_x_market_sentiment,needs_route_mapping_or_rederivation,2,ctx_sent_uplimit_num|ctx_ths_hot_rank_diff,current_daily_or_derived_panel_only,requires_route_mapping_or_rederivation,"CSRank(Mul(ZScore($ctx_ths_hot_rank_diff),ZScore($ctx_sent_uplimit_num)))"
cn_phase3ad_new_data_factor_candidate_pack_coverage_filtered_v1_20260603_phase3am_sanitized_v1_20260609.json,phase3ad_newdata_event_x_market_sentiment_00064,event_x_market_sentiment,needs_route_mapping_or_rederivation,2,ctx_sent_downlimit_num|ctx_ths_hot_rank_diff,current_daily_or_derived_panel_only,requires_route_mapping_or_rederivation,"CSRank(Mul(ZScore($ctx_ths_hot_rank_diff),ZScore($ctx_sent_downlimit_num)))"
cn_phase3ad_new_data_factor_candidate_pack_coverage_filtered_v1_20260603_phase3am_sanitized_v1_20260609.json,phase3ad_newdata_event_x_market_sentiment_00065,event_x_market_sentiment,needs_route_mapping_or_rederivation,2,ctx_sent_max_lb_num|ctx_ths_hot_rank_diff,current_daily_or_derived_panel_only,requires_route_mapping_or_rederivation,"CSRank(Mul(ZScore($ctx_ths_hot_rank_diff),ZScore($ctx_sent_max_lb_num)))"
cn_phase3ad_new_data_factor_candidate_pack_coverage_filtered_v1_20260603_phase3am_sanitized_v1_20260609.json,phase3ad_newdata_event_x_market_sentiment_00066,event_x_market_sentiment,needs_route_mapping_or_rederivation,2,ctx_sent_zb_num|ctx_ths_hot_rank_diff,current_daily_or_derived_panel_only,requires_route_mapping_or_rederivation,"CSRank(Mul(ZScore($ctx_ths_hot_rank_diff),ZScore($ctx_sent_zb_num)))"
cn_phase3ad_new_data_factor_candidate_pack_coverage_filtered_v1_20260603_phase3am_sanitized_v1_20260609.json,phase3ad_newdata_event_x_market_sentiment_00067,event_x_market_sentiment,needs_route_mapping_or_rederivation,2,ctx_sent_damian_num|ctx_ths_hot_rank_diff,current_daily_or_derived_panel_only,requires_route_mapping_or_rederivation,"CSRank(Mul(ZScore($ctx_ths_hot_rank_diff),ZScore($ctx_sent_damian_num)))"
cn_phase3ad_new_data_factor_candidate_pack_coverage_filtered_v1_20260603_phase3am_sanitized_v1_20260609.json,phase3ad_newdata_atomic_direct_rank_01091,atomic_direct_rank,needs_route_mapping_or_rederivation,1,ctx_ths_hot_circulation_value,current_daily_or_derived_panel_only,requires_route_mapping_or_rederivation,CSRank($ctx_ths_hot_circulation_value)
cn_phase3ad_new_data_factor_candidate_pack_coverage_filtered_v1_20260603_phase3am_sanitized_v1_20260609.json,phase3ad_newdata_atomic_inverse_rank_01092,atomic_inverse_rank,needs_route_mapping_or_rederivation,1,ctx_ths_hot_circulation_value,current_daily_or_derived_panel_only,requires_route_mapping_or_rederivation,CSRank(Neg($ctx_ths_hot_circulation_value))
cn_phase3ad_new_data_factor_candidate_pack_coverage_filtered_v1_20260603_phase3am_sanitized_v1_20260609.json,phase3ad_newdata_atomic_direct_rank_01093,atomic_direct_rank,needs_route_mapping_or_rederivation,1,ctx_ths_hot_last_pct,current_daily_or_derived_panel_only,requires_route_mapping_or_rederivation,CSRank($ctx_ths_hot_last_pct)
cn_phase3ad_new_data_factor_candidate_pack_coverage_filtered_v1_20260603_phase3am_sanitized_v1_20260609.json,phase3ad_newdata_atomic_inverse_rank_01094,atomic_inverse_rank,needs_route_mapping_or_rederivation,1,ctx_ths_hot_last_pct,current_daily_or_derived_panel_only,requires_route_mapping_or_rederivation,CSRank(Neg($ctx_ths_hot_last_pct))
cn_phase3ad_new_data_factor_candidate_pack_coverage_filtered_v1_20260603_phase3am_sanitized_v1_20260609.json,phase3ad_newdata_atomic_direct_rank_01095,atomic_direct_rank,needs_route_mapping_or_rederivation,1,ctx_ths_hot_last_price,current_daily_or_derived_panel_only,requires_route_mapping_or_rederivation,CSRank($ctx_ths_hot_last_price)
cn_phase3ad_new_data_factor_candidate_pack_coverage_filtered_v1_20260603_phase3am_sanitized_v1_20260609.json,phase3ad_newdata_atomic_inverse_rank_01096,atomic_inverse_rank,needs_route_mapping_or_rederivation,1,ctx_ths_hot_last_price,current_daily_or_derived_panel_only,requires_route_mapping_or_rederivation,CSRank(Neg($ctx_ths_hot_last_price))
cn_phase3ad_new_data_factor_candidate_pack_coverage_filtered_v1_20260603_phase3am_sanitized_v1_20260609.json,phase3ad_newdata_atomic_direct_rank_01097,atomic_direct_rank,needs_route_mapping_or_rederivation,1,ctx_ths_hot_rank,current_daily_or_derived_panel_only,requires_route_mapping_or_rederivation,CSRank($ctx_ths_hot_rank)
cn_phase3ad_new_data_factor_candidate_pack_coverage_filtered_v1_20260603_phase3am_sanitized_v1_20260609.json,phase3ad_newdata_atomic_direct_rank_01098,atomic_direct_rank,needs_route_mapping_or_rederivation,1,ctx_ths_hot_rank_diff,current_daily_or_derived_panel_only,requires_route_mapping_or_rederivation,CSRank($ctx_ths_hot_rank_diff)
cn_phase3ad_new_data_factor_candidate_pack_coverage_filtered_v1_20260603_phase3am_sanitized_v1_20260609.json,phase3ad_newdata_atomic_direct_rank_01099,atomic_direct_rank,event_state_lane_only,1,evt_uplimit_amount,timestamped_event_availability_feature,event_state_only_requires_availability_guard,CSRank($evt_uplimit_amount)
cn_phase3ad_new_data_factor_candidate_pack_coverage_filtered_v1_20260603_phase3am_sanitized_v1_20260609.json,phase3ad_newdata_atomic_inverse_rank_01100,atomic_inverse_rank,event_state_lane_only,1,evt_uplimit_amount,timestamped_event_availability_feature,event_state_only_requires_availability_guard,CSRank(Neg($evt_uplimit_amount))
cn_phase3ad_new_data_factor_candidate_pack_coverage_filtered_v1_20260603_phase3am_sanitized_v1_20260609.json,phase3ad_newdata_atomic_direct_rank_01101,atomic_direct_rank,event_state_lane_only,1,evt_uplimit_auction_buy,timestamped_event_availability_feature,event_state_only_requires_availability_guard,CSRank($evt_uplimit_auction_buy)
cn_phase3ad_new_data_factor_candidate_pack_coverage_filtered_v1_20260603_phase3am_sanitized_v1_20260609.json,phase3ad_newdata_atomic_inverse_rank_01102,atomic_inverse_rank,event_state_lane_only,1,evt_uplimit_auction_buy,timestamped_event_availability_feature,event_state_only_requires_availability_guard,CSRank(Neg($evt_uplimit_auction_buy))
cn_phase3ad_new_data_factor_candidate_pack_coverage_filtered_v1_20260603_phase3am_sanitized_v1_20260609.json,phase3ad_newdata_atomic_direct_rank_01103,atomic_direct_rank,event_state_lane_only,1,evt_uplimit_auction_money,timestamped_event_availability_feature,event_state_only_requires_availability_guard,CSRank($evt_uplimit_auction_money)
cn_phase3ad_new_data_factor_candidate_pack_coverage_filtered_v1_20260603_phase3am_sanitized_v1_20260609.json,phase3ad_newdata_atomic_inverse_rank_01104,atomic_inverse_rank,event_state_lane_only,1,evt_uplimit_auction_money,timestamped_event_availability_feature,event_state_only_requires_availability_guard,CSRank(Neg($evt_uplimit_auction_money))
cn_phase3ad_new_data_factor_candidate_pack_coverage_filtered_v1_20260603_phase3am_sanitized_v1_20260609.json,phase3ad_newdata_atomic_direct_rank_01105,atomic_direct_rank,event_state_lane_only,1,evt_uplimit_auction_offer,timestamped_event_availability_feature,event_state_only_requires_availability_guard,CSRank($evt_uplimit_auction_offer)
cn_phase3ad_new_data_factor_candidate_pack_coverage_filtered_v1_20260603_phase3am_sanitized_v1_20260609.json,phase3ad_newdata_atomic_inverse_rank_01106,atomic_inverse_rank,event_state_lane_only,1,evt_uplimit_auction_offer,timestamped_event_availability_feature,event_state_only_requires_availability_guard,CSRank(Neg($evt_uplimit_auction_offer))
cn_phase3ad_new_data_factor_candidate_pack_coverage_filtered_v1_20260603_phase3am_sanitized_v1_20260609.json,phase3ad_newdata_atomic_inverse_rank_01107,atomic_inverse_rank,event_state_lane_only,1,evt_uplimit_auction_pre1max_ratio,timestamped_event_availability_feature,event_state_only_requires_availability_guard,CSRank(Neg($evt_uplimit_auction_pre1max_ratio))
cn_phase3ad_new_data_factor_candidate_pack_coverage_filtered_v1_20260603_phase3am_sanitized_v1_20260609.json,phase3ad_newdata_atomic_direct_rank_01108,atomic_direct_rank,event_state_lane_only,1,evt_uplimit_auction_turnover,timestamped_event_availability_feature,event_state_only_requires_availability_guard,CSRank($evt_uplimit_auction_turnover)
cn_phase3ad_new_data_factor_candidate_pack_coverage_filtered_v1_20260603_phase3am_sanitized_v1_20260609.json,phase3ad_newdata_atomic_inverse_rank_01109,atomic_inverse_rank,event_state_lane_only,1,evt_uplimit_auction_turnover,timestamped_event_availability_feature,event_state_only_requires_availability_guard,CSRank(Neg($evt_uplimit_auction_turnover))
cn_phase3ad_new_data_factor_candidate_pack_coverage_filtered_v1_20260603_phase3am_sanitized_v1_20260609.json,phase3ad_newdata_atomic_direct_rank_01110,atomic_direct_rank,event_state_lane_only,1,evt_uplimit_fd_close,timestamped_event_availability_feature,event_state_only_requires_availability_guard,CSRank($evt_uplimit_fd_close)
cn_phase3ad_new_data_factor_candidate_pack_coverage_filtered_v1_20260603_phase3am_sanitized_v1_20260609.json,phase3ad_newdata_atomic_inverse_rank_01111,atomic_inverse_rank,event_state_lane_only,1,evt_uplimit_fd_close,timestamped_event_availability_feature,event_state_only_requires_availability_guard,CSRank(Neg($evt_uplimit_fd_close))
cn_phase3ad_new_data_factor_candidate_pack_coverage_filtered_v1_20260603_phase3am_sanitized_v1_20260609.json,phase3ad_newdata_atomic_direct_rank_01112,atomic_direct_rank,event_state_lane_only,1,evt_uplimit_fd_max,timestamped_event_availability_feature,event_state_only_requires_availability_guard,CSRank($evt_uplimit_fd_max)
cn_phase3ad_new_data_factor_candidate_pack_coverage_filtered_v1_20260603_phase3am_sanitized_v1_20260609.json,phase3ad_newdata_atomic_inverse_rank_01113,atomic_inverse_rank,event_state_lane_only,1,evt_uplimit_fd_max,timestamped_event_availability_feature,event_state_only_requires_availability_guard,CSRank(Neg($evt_uplimit_fd_max))
cn_underutilized_field_factor_candidate_pack_v1_20260601_phase3am_sanitized_v1_20260609.json,cn_underutil_v1_flow_ratio_curve_0001,flow_ratio_curve,needs_route_mapping_or_rederivation,1,volume,current_daily_or_derived_panel_only,requires_route_mapping_or_rederivation,"CSRank(Div(Mean($volume,2),Add(Abs(Mean($volume,5)),0.000001)))"
cn_underutilized_field_factor_candidate_pack_v1_20260601_phase3am_sanitized_v1_20260609.json,cn_underutil_v1_flow_ratio_curve_0002,flow_ratio_curve,needs_route_mapping_or_rederivation,1,volume,current_daily_or_derived_panel_only,requires_route_mapping_or_rederivation,"CSRank(Sub(ZScore(Mean($volume,2)),ZScore(Mean($volume,5))))"
cn_underutilized_field_factor_candidate_pack_v1_20260601_phase3am_sanitized_v1_20260609.json,cn_underutil_v1_flow_ratio_curve_0003,flow_ratio_curve,needs_route_mapping_or_rederivation,1,volume,current_daily_or_derived_panel_only,requires_route_mapping_or_rederivation,"CSRank(Div(Mean($volume,2),Add(Abs(Mean($volume,10)),0.000001)))"
cn_underutilized_field_factor_candidate_pack_v1_20260601_phase3am_sanitized_v1_20260609.json,cn_underutil_v1_flow_ratio_curve_0004,flow_ratio_curve,needs_route_mapping_or_rederivation,1,volume,current_daily_or_derived_panel_only,requires_route_mapping_or_rederivation,"CSRank(Sub(ZScore(Mean($volume,2)),ZScore(Mean($volume,10))))"
cn_underutilized_field_factor_candidate_pack_v1_20260601_phase3am_sanitized_v1_20260609.json,cn_underutil_v1_flow_ratio_curve_0005,flow_ratio_curve,needs_route_mapping_or_rederivation,1,volume,current_daily_or_derived_panel_only,requires_route_mapping_or_rederivation,"CSRank(Div(Mean($volume,3),Add(Abs(Mean($volume,20)),0.000001)))"
cn_underutilized_field_factor_candidate_pack_v1_20260601_phase3am_sanitized_v1_20260609.json,cn_underutil_v1_flow_ratio_curve_0006,flow_ratio_curve,needs_route_mapping_or_rederivation,1,volume,current_daily_or_derived_panel_only,requires_route_mapping_or_rederivation,"CSRank(Sub(ZScore(Mean($volume,3)),ZScore(Mean($volume,20))))"
cn_underutilized_field_factor_candidate_pack_v1_20260601_phase3am_sanitized_v1_20260609.json,cn_underutil_v1_flow_ratio_curve_0007,flow_ratio_curve,needs_route_mapping_or_rederivation,1,volume,current_daily_or_derived_panel_only,requires_route_mapping_or_rederivation,"CSRank(Div(Mean($volume,5),Add(Abs(Mean($volume,20)),0.000001)))"
cn_underutilized_field_factor_candidate_pack_v1_20260601_phase3am_sanitized_v1_20260609.json,cn_underutil_v1_flow_ratio_curve_0008,flow_ratio_curve,needs_route_mapping_or_rederivation,1,volume,current_daily_or_derived_panel_only,requires_route_mapping_or_rederivation,"CSRank(Sub(ZScore(Mean($volume,5)),ZScore(Mean($volume,20))))"
cn_underutilized_field_factor_candidate_pack_v1_20260601_phase3am_sanitized_v1_20260609.json,cn_underutil_v1_flow_ratio_curve_0009,flow_ratio_curve,needs_route_mapping_or_rederivation,1,volume,current_daily_or_derived_panel_only,requires_route_mapping_or_rederivation,"CSRank(Div(Mean($volume,10),Add(Abs(Mean($volume,60)),0.000001)))"
cn_underutilized_field_factor_candidate_pack_v1_20260601_phase3am_sanitized_v1_20260609.json,cn_underutil_v1_flow_ratio_curve_0010,flow_ratio_curve,needs_route_mapping_or_rederivation,1,volume,current_daily_or_derived_panel_only,requires_route_mapping_or_rederivation,"CSRank(Sub(ZScore(Mean($volume,10)),ZScore(Mean($volume,60))))"
cn_underutilized_field_factor_candidate_pack_v1_20260601_phase3am_sanitized_v1_20260609.json,cn_underutil_v1_flow_impulse_curve_0011,flow_impulse_curve,needs_route_mapping_or_rederivation,1,volume,current_daily_or_derived_panel_only,requires_route_mapping_or_rederivation,"CSRank(Delta($volume,3))"
cn_underutilized_field_factor_candidate_pack_v1_20260601_phase3am_sanitized_v1_20260609.json,cn_underutil_v1_flow_volatility_curve_0012,flow_volatility_curve,needs_route_mapping_or_rederivation,1,volume,current_daily_or_derived_panel_only,requires_route_mapping_or_rederivation,"CSRank(Std($volume,3))"
cn_underutilized_field_factor_candidate_pack_v1_20260601_phase3am_sanitized_v1_20260609.json,cn_underutil_v1_flow_impulse_curve_0013,flow_impulse_curve,needs_route_mapping_or_rederivation,1,volume,current_daily_or_derived_panel_only,requires_route_mapping_or_rederivation,"CSRank(Delta($volume,5))"
cn_underutilized_field_factor_candidate_pack_v1_20260601_phase3am_sanitized_v1_20260609.json,cn_underutil_v1_flow_volatility_curve_0014,flow_volatility_curve,needs_route_mapping_or_rederivation,1,volume,current_daily_or_derived_panel_only,requires_route_mapping_or_rederivation,"CSRank(Std($volume,5))"
cn_underutilized_field_factor_candidate_pack_v1_20260601_phase3am_sanitized_v1_20260609.json,cn_underutil_v1_flow_impulse_curve_0015,flow_impulse_curve,needs_route_mapping_or_rederivation,1,volume,current_daily_or_derived_panel_only,requires_route_mapping_or_rederivation,"CSRank(Delta($volume,10))"
cn_underutilized_field_factor_candidate_pack_v1_20260601_phase3am_sanitized_v1_20260609.json,cn_underutil_v1_flow_volatility_curve_0016,flow_volatility_curve,needs_route_mapping_or_rederivation,1,volume,current_daily_or_derived_panel_only,requires_route_mapping_or_rederivation,"CSRank(Std($volume,10))"
cn_underutilized_field_factor_candidate_pack_v1_20260601_phase3am_sanitized_v1_20260609.json,cn_underutil_v1_flow_impulse_curve_0017,flow_impulse_curve,needs_route_mapping_or_rederivation,1,volume,current_daily_or_derived_panel_only,requires_route_mapping_or_rederivation,"CSRank(Delta($volume,20))"
cn_underutilized_field_factor_candidate_pack_v1_20260601_phase3am_sanitized_v1_20260609.json,cn_underutil_v1_flow_volatility_curve_0018,flow_volatility_curve,needs_route_mapping_or_rederivation,1,volume,current_daily_or_derived_panel_only,requires_route_mapping_or_rederivation,"CSRank(Std($volume,20))"
cn_underutilized_field_factor_candidate_pack_v1_20260601_phase3am_sanitized_v1_20260609.json,cn_underutil_v1_flow_ratio_curve_0019,flow_ratio_curve,direct_true_1min_ready,1,amount,raw_true_1min_column,direct_with_trade_time_semantics,"CSRank(Div(Mean($amount,2),Add(Abs(Mean($amount,5)),0.000001)))"
cn_underutilized_field_factor_candidate_pack_v1_20260601_phase3am_sanitized_v1_20260609.json,cn_underutil_v1_flow_ratio_curve_0020,flow_ratio_curve,direct_true_1min_ready,1,amount,raw_true_1min_column,direct_with_trade_time_semantics,"CSRank(Sub(ZScore(Mean($amount,2)),ZScore(Mean($amount,5))))"
cn_underutilized_field_factor_candidate_pack_v1_20260601_phase3am_sanitized_v1_20260609.json,cn_underutil_v1_flow_ratio_curve_0021,flow_ratio_curve,direct_true_1min_ready,1,amount,raw_true_1min_column,direct_with_trade_time_semantics,"CSRank(Div(Mean($amount,2),Add(Abs(Mean($amount,10)),0.000001)))"
cn_underutilized_field_factor_candidate_pack_v1_20260601_phase3am_sanitized_v1_20260609.json,cn_underutil_v1_flow_ratio_curve_0022,flow_ratio_curve,direct_true_1min_ready,1,amount,raw_true_1min_column,direct_with_trade_time_semantics,"CSRank(Sub(ZScore(Mean($amount,2)),ZScore(Mean($amount,10))))"
cn_underutilized_field_factor_candidate_pack_v1_20260601_phase3am_sanitized_v1_20260609.json,cn_underutil_v1_flow_ratio_curve_0023,flow_ratio_curve,direct_true_1min_ready,1,amount,raw_true_1min_column,direct_with_trade_time_semantics,"CSRank(Div(Mean($amount,3),Add(Abs(Mean($amount,20)),0.000001)))"
cn_underutilized_field_factor_candidate_pack_v1_20260601_phase3am_sanitized_v1_20260609.json,cn_underutil_v1_flow_ratio_curve_0024,flow_ratio_curve,direct_true_1min_ready,1,amount,raw_true_1min_column,direct_with_trade_time_semantics,"CSRank(Sub(ZScore(Mean($amount,3)),ZScore(Mean($amount,20))))"
cn_underutilized_field_factor_candidate_pack_v1_20260601_phase3am_sanitized_v1_20260609.json,cn_underutil_v1_flow_ratio_curve_0025,flow_ratio_curve,direct_true_1min_ready,1,amount,raw_true_1min_column,direct_with_trade_time_semantics,"CSRank(Div(Mean($amount,5),Add(Abs(Mean($amount,20)),0.000001)))"
cn_underutilized_field_factor_candidate_pack_v1_20260601_phase3am_sanitized_v1_20260609.json,cn_underutil_v1_flow_ratio_curve_0026,flow_ratio_curve,direct_true_1min_ready,1,amount,raw_true_1min_column,direct_with_trade_time_semantics,"CSRank(Sub(ZScore(Mean($amount,5)),ZScore(Mean($amount,20))))"
cn_underutilized_field_factor_candidate_pack_v1_20260601_phase3am_sanitized_v1_20260609.json,cn_underutil_v1_flow_ratio_curve_0027,flow_ratio_curve,direct_true_1min_ready,1,amount,raw_true_1min_column,direct_with_trade_time_semantics,"CSRank(Div(Mean($amount,10),Add(Abs(Mean($amount,60)),0.000001)))"
cn_underutilized_field_factor_candidate_pack_v1_20260601_phase3am_sanitized_v1_20260609.json,cn_underutil_v1_flow_ratio_curve_0028,flow_ratio_curve,direct_true_1min_ready,1,amount,raw_true_1min_column,direct_with_trade_time_semantics,"CSRank(Sub(ZScore(Mean($amount,10)),ZScore(Mean($amount,60))))"
cn_underutilized_field_factor_candidate_pack_v1_20260601_phase3am_sanitized_v1_20260609.json,cn_underutil_v1_flow_impulse_curve_0029,flow_impulse_curve,direct_true_1min_ready,1,amount,raw_true_1min_column,direct_with_trade_time_semantics,"CSRank(Delta($amount,3))"
cn_underutilized_field_factor_candidate_pack_v1_20260601_phase3am_sanitized_v1_20260609.json,cn_underutil_v1_flow_volatility_curve_0030,flow_volatility_curve,direct_true_1min_ready,1,amount,raw_true_1min_column,direct_with_trade_time_semantics,"CSRank(Std($amount,3))"
cn_underutilized_field_factor_candidate_pack_v1_20260601_phase3am_sanitized_v1_20260609.json,cn_underutil_v1_flow_impulse_curve_0031,flow_impulse_curve,direct_true_1min_ready,1,amount,raw_true_1min_column,direct_with_trade_time_semantics,"CSRank(Delta($amount,5))"
cn_underutilized_field_factor_candidate_pack_v1_20260601_phase3am_sanitized_v1_20260609.json,cn_underutil_v1_flow_volatility_curve_0032,flow_volatility_curve,direct_true_1min_ready,1,amount,raw_true_1min_column,direct_with_trade_time_semantics,"CSRank(Std($amount,5))"
cn_underutilized_field_factor_candidate_pack_v1_20260601_phase3am_sanitized_v1_20260609.json,cn_underutil_v1_flow_impulse_curve_0033,flow_impulse_curve,direct_true_1min_ready,1,amount,raw_true_1min_column,direct_with_trade_time_semantics,"CSRank(Delta($amount,10))"
cn_underutilized_field_factor_candidate_pack_v1_20260601_phase3am_sanitized_v1_20260609.json,cn_underutil_v1_flow_volatility_curve_0034,flow_volatility_curve,direct_true_1min_ready,1,amount,raw_true_1min_column,direct_with_trade_time_semantics,"CSRank(Std($amount,10))"
cn_underutilized_field_factor_candidate_pack_v1_20260601_phase3am_sanitized_v1_20260609.json,cn_underutil_v1_flow_impulse_curve_0035,flow_impulse_curve,direct_true_1min_ready,1,amount,raw_true_1min_column,direct_with_trade_time_semantics,"CSRank(Delta($amount,20))"
cn_underutilized_field_factor_candidate_pack_v1_20260601_phase3am_sanitized_v1_20260609.json,cn_underutil_v1_flow_volatility_curve_0036,flow_volatility_curve,direct_true_1min_ready,1,amount,raw_true_1min_column,direct_with_trade_time_semantics,"CSRank(Std($amount,20))"
cn_underutilized_field_factor_candidate_pack_v1_20260601_phase3am_sanitized_v1_20260609.json,cn_underutil_v1_price_flow_confirmation_0073,price_flow_confirmation,needs_route_mapping_or_rederivation,2,amount|daily_ret,current_daily_or_derived_panel_only|raw_true_1min_column,direct_with_trade_time_semantics|requires_route_mapping_or_rederivation,"CSRank(Mul(ZScore(Mean($amount,3)),ZScore(Mean($daily_ret,3))))"
cn_underutilized_field_factor_candidate_pack_v1_20260601_phase3am_sanitized_v1_20260609.json,cn_underutil_v1_price_flow_divergence_0074,price_flow_divergence,needs_route_mapping_or_rederivation,2,amount|daily_ret,current_daily_or_derived_panel_only|raw_true_1min_column,direct_with_trade_time_semantics|requires_route_mapping_or_rederivation,"CSRank(Mul(ZScore(Mean($amount,3)),Neg(ZScore(Mean($daily_ret,3)))))"
cn_underutilized_field_factor_candidate_pack_v1_20260601_phase3am_sanitized_v1_20260609.json,cn_underutil_v1_price_flow_correlation_0075,price_flow_correlation,needs_route_mapping_or_rederivation,2,amount|daily_ret,current_daily_or_derived_panel_only|raw_true_1min_column,direct_with_trade_time_semantics|requires_route_mapping_or_rederivation,"CSRank(Corr(Delta($amount,1),Delta($daily_ret,1),3))"
cn_underutilized_field_factor_candidate_pack_v1_20260601_phase3am_sanitized_v1_20260609.json,cn_underutil_v1_price_flow_confirmation_0076,price_flow_confirmation,needs_route_mapping_or_rederivation,2,amount|daily_ret,current_daily_or_derived_panel_only|raw_true_1min_column,direct_with_trade_time_semantics|requires_route_mapping_or_rederivation,"CSRank(Mul(ZScore(Mean($amount,5)),ZScore(Mean($daily_ret,5))))"
cn_underutilized_field_factor_candidate_pack_v1_20260601_phase3am_sanitized_v1_20260609.json,cn_underutil_v1_price_flow_divergence_0077,price_flow_divergence,needs_route_mapping_or_rederivation,2,amount|daily_ret,current_daily_or_derived_panel_only|raw_true_1min_column,direct_with_trade_time_semantics|requires_route_mapping_or_rederivation,"CSRank(Mul(ZScore(Mean($amount,5)),Neg(ZScore(Mean($daily_ret,5)))))"
cn_underutilized_field_factor_candidate_pack_v1_20260601_phase3am_sanitized_v1_20260609.json,cn_underutil_v1_price_flow_correlation_0078,price_flow_correlation,needs_route_mapping_or_rederivation,2,amount|daily_ret,current_daily_or_derived_panel_only|raw_true_1min_column,direct_with_trade_time_semantics|requires_route_mapping_or_rederivation,"CSRank(Corr(Delta($amount,1),Delta($daily_ret,1),5))"
cn_underutilized_field_factor_candidate_pack_v1_20260601_phase3am_sanitized_v1_20260609.json,cn_underutil_v1_price_flow_confirmation_0079,price_flow_confirmation,needs_route_mapping_or_rederivation,2,amount|daily_ret,current_daily_or_derived_panel_only|raw_true_1min_column,direct_with_trade_time_semantics|requires_route_mapping_or_rederivation,"CSRank(Mul(ZScore(Mean($amount,10)),ZScore(Mean($daily_ret,10))))"
cn_underutilized_field_factor_candidate_pack_v1_20260601_phase3am_sanitized_v1_20260609.json,cn_underutil_v1_price_flow_divergence_0080,price_flow_divergence,needs_route_mapping_or_rederivation,2,amount|daily_ret,current_daily_or_derived_panel_only|raw_true_1min_column,direct_with_trade_time_semantics|requires_route_mapping_or_rederivation,"CSRank(Mul(ZScore(Mean($amount,10)),Neg(ZScore(Mean($daily_ret,10)))))"
cn_underutilized_field_factor_candidate_pack_v1_20260601_phase3am_sanitized_v1_20260609.json,cn_underutil_v1_price_flow_correlation_0081,price_flow_correlation,needs_route_mapping_or_rederivation,2,amount|daily_ret,current_daily_or_derived_panel_only|raw_true_1min_column,direct_with_trade_time_semantics|requires_route_mapping_or_rederivation,"CSRank(Corr(Delta($amount,1),Delta($daily_ret,1),10))"
cn_underutilized_field_factor_candidate_pack_v1_20260601_phase3am_sanitized_v1_20260609.json,cn_underutil_v1_price_flow_confirmation_0082,price_flow_confirmation,needs_route_mapping_or_rederivation,2,amount|daily_ret,current_daily_or_derived_panel_only|raw_true_1min_column,direct_with_trade_time_semantics|requires_route_mapping_or_rederivation,"CSRank(Mul(ZScore(Mean($amount,20)),ZScore(Mean($daily_ret,20))))"
cn_underutilized_field_factor_candidate_pack_v1_20260601_phase3am_sanitized_v1_20260609.json,cn_underutil_v1_price_flow_divergence_0083,price_flow_divergence,needs_route_mapping_or_rederivation,2,amount|daily_ret,current_daily_or_derived_panel_only|raw_true_1min_column,direct_with_trade_time_semantics|requires_route_mapping_or_rederivation,"CSRank(Mul(ZScore(Mean($amount,20)),Neg(ZScore(Mean($daily_ret,20)))))"
cn_underutilized_field_factor_candidate_pack_v1_20260601_phase3am_sanitized_v1_20260609.json,cn_underutil_v1_price_flow_correlation_0084,price_flow_correlation,needs_route_mapping_or_rederivation,2,amount|daily_ret,current_daily_or_derived_panel_only|raw_true_1min_column,direct_with_trade_time_semantics|requires_route_mapping_or_rederivation,"CSRank(Corr(Delta($amount,1),Delta($daily_ret,1),20))"
cn_underutilized_field_factor_candidate_pack_v1_20260601_phase3am_sanitized_v1_20260609.json,cn_underutil_v1_price_flow_confirmation_0085,price_flow_confirmation,needs_route_mapping_or_rederivation,2,daily_ret|volume,current_daily_or_derived_panel_only,requires_route_mapping_or_rederivation,"CSRank(Mul(ZScore(Mean($volume,3)),ZScore(Mean($daily_ret,3))))"
cn_underutilized_field_factor_candidate_pack_v1_20260601_phase3am_sanitized_v1_20260609.json,cn_underutil_v1_price_flow_divergence_0086,price_flow_divergence,needs_route_mapping_or_rederivation,2,daily_ret|volume,current_daily_or_derived_panel_only,requires_route_mapping_or_rederivation,"CSRank(Mul(ZScore(Mean($volume,3)),Neg(ZScore(Mean($daily_ret,3)))))"
cn_underutilized_field_factor_candidate_pack_v1_20260601_phase3am_sanitized_v1_20260609.json,cn_underutil_v1_price_flow_correlation_0087,price_flow_correlation,needs_route_mapping_or_rederivation,2,daily_ret|volume,current_daily_or_derived_panel_only,requires_route_mapping_or_rederivation,"CSRank(Corr(Delta($volume,1),Delta($daily_ret,1),3))"
cn_underutilized_field_factor_candidate_pack_v1_20260601_phase3am_sanitized_v1_20260609.json,cn_underutil_v1_price_flow_confirmation_0088,price_flow_confirmation,needs_route_mapping_or_rederivation,2,daily_ret|volume,current_daily_or_derived_panel_only,requires_route_mapping_or_rederivation,"CSRank(Mul(ZScore(Mean($volume,5)),ZScore(Mean($daily_ret,5))))"
cn_underutilized_field_factor_candidate_pack_v1_20260601_phase3am_sanitized_v1_20260609.json,cn_underutil_v1_price_flow_divergence_0089,price_flow_divergence,needs_route_mapping_or_rederivation,2,daily_ret|volume,current_daily_or_derived_panel_only,requires_route_mapping_or_rederivation,"CSRank(Mul(ZScore(Mean($volume,5)),Neg(ZScore(Mean($daily_ret,5)))))"
cn_underutilized_field_factor_candidate_pack_v1_20260601_phase3am_sanitized_v1_20260609.json,cn_underutil_v1_price_flow_correlation_0090,price_flow_correlation,needs_route_mapping_or_rederivation,2,daily_ret|volume,current_daily_or_derived_panel_only,requires_route_mapping_or_rederivation,"CSRank(Corr(Delta($volume,1),Delta($daily_ret,1),5))"
cn_underutilized_field_factor_candidate_pack_v1_20260601_phase3am_sanitized_v1_20260609.json,cn_underutil_v1_price_flow_confirmation_0091,price_flow_confirmation,needs_route_mapping_or_rederivation,2,daily_ret|volume,current_daily_or_derived_panel_only,requires_route_mapping_or_rederivation,"CSRank(Mul(ZScore(Mean($volume,10)),ZScore(Mean($daily_ret,10))))"
cn_underutilized_field_factor_candidate_pack_v1_20260601_phase3am_sanitized_v1_20260609.json,cn_underutil_v1_price_flow_divergence_0092,price_flow_divergence,needs_route_mapping_or_rederivation,2,daily_ret|volume,current_daily_or_derived_panel_only,requires_route_mapping_or_rederivation,"CSRank(Mul(ZScore(Mean($volume,10)),Neg(ZScore(Mean($daily_ret,10)))))"
cn_underutilized_field_factor_candidate_pack_v1_20260601_phase3am_sanitized_v1_20260609.json,cn_underutil_v1_price_flow_correlation_0093,price_flow_correlation,needs_route_mapping_or_rederivation,2,daily_ret|volume,current_daily_or_derived_panel_only,requires_route_mapping_or_rederivation,"CSRank(Corr(Delta($volume,1),Delta($daily_ret,1),10))"
cn_underutilized_field_factor_candidate_pack_v1_20260601_phase3am_sanitized_v1_20260609.json,cn_underutil_v1_price_flow_confirmation_0094,price_flow_confirmation,needs_route_mapping_or_rederivation,2,daily_ret|volume,current_daily_or_derived_panel_only,requires_route_mapping_or_rederivation,"CSRank(Mul(ZScore(Mean($volume,20)),ZScore(Mean($daily_ret,20))))"
cn_underutilized_field_factor_candidate_pack_v1_20260601_phase3am_sanitized_v1_20260609.json,cn_underutil_v1_price_flow_divergence_0095,price_flow_divergence,needs_route_mapping_or_rederivation,2,daily_ret|volume,current_daily_or_derived_panel_only,requires_route_mapping_or_rederivation,"CSRank(Mul(ZScore(Mean($volume,20)),Neg(ZScore(Mean($daily_ret,20)))))"
cn_underutilized_field_factor_candidate_pack_v1_20260601_phase3am_sanitized_v1_20260609.json,cn_underutil_v1_price_flow_correlation_0096,price_flow_correlation,needs_route_mapping_or_rederivation,2,daily_ret|volume,current_daily_or_derived_panel_only,requires_route_mapping_or_rederivation,"CSRank(Corr(Delta($volume,1),Delta($daily_ret,1),20))"
cn_underutilized_field_factor_candidate_pack_v1_20260601_phase3am_sanitized_v1_20260609.json,cn_underutil_v1_capacity_normalized_activity_0109,capacity_normalized_activity,needs_route_mapping_or_rederivation,2,amount|final_float_market_cap,current_daily_or_derived_panel_only|raw_true_1min_column,direct_with_trade_time_semantics|requires_route_mapping_or_rederivation,"CSRank(Div(Mean($amount,3),Add(Abs(Mean($final_float_market_cap,3)),0.000001)))"
cn_underutilized_field_factor_candidate_pack_v1_20260601_phase3am_sanitized_v1_20260609.json,cn_underutil_v1_capacity_residual_activity_0110,capacity_residual_activity,needs_route_mapping_or_rederivation,2,amount|final_float_market_cap,current_daily_or_derived_panel_only|raw_true_1min_column,direct_with_trade_time_semantics|requires_route_mapping_or_rederivation,"CSRank(CSResidual(ZScore(Mean($amount,3)),ZScore(Mean($final_float_market_cap,3))))"
cn_underutilized_field_factor_candidate_pack_v1_20260601_phase3am_sanitized_v1_20260609.json,cn_underutil_v1_capacity_normalized_activity_0111,capacity_normalized_activity,needs_route_mapping_or_rederivation,2,amount|final_float_market_cap,current_daily_or_derived_panel_only|raw_true_1min_column,direct_with_trade_time_semantics|requires_route_mapping_or_rederivation,"CSRank(Div(Mean($amount,5),Add(Abs(Mean($final_float_market_cap,5)),0.000001)))"
cn_underutilized_field_factor_candidate_pack_v1_20260601_phase3am_sanitized_v1_20260609.json,cn_underutil_v1_capacity_residual_activity_0112,capacity_residual_activity,needs_route_mapping_or_rederivation,2,amount|final_float_market_cap,current_daily_or_derived_panel_only|raw_true_1min_column,direct_with_trade_time_semantics|requires_route_mapping_or_rederivation,"CSRank(CSResidual(ZScore(Mean($amount,5)),ZScore(Mean($final_float_market_cap,5))))"
cn_underutilized_field_factor_candidate_pack_v1_20260601_phase3am_sanitized_v1_20260609.json,cn_underutil_v1_capacity_normalized_activity_0113,capacity_normalized_activity,needs_route_mapping_or_rederivation,2,amount|final_float_market_cap,current_daily_or_derived_panel_only|raw_true_1min_column,direct_with_trade_time_semantics|requires_route_mapping_or_rederivation,"CSRank(Div(Mean($amount,10),Add(Abs(Mean($final_float_market_cap,10)),0.000001)))"
cn_underutilized_field_factor_candidate_pack_v1_20260601_phase3am_sanitized_v1_20260609.json,cn_underutil_v1_capacity_residual_activity_0114,capacity_residual_activity,needs_route_mapping_or_rederivation,2,amount|final_float_market_cap,current_daily_or_derived_panel_only|raw_true_1min_column,direct_with_trade_time_semantics|requires_route_mapping_or_rederivation,"CSRank(CSResidual(ZScore(Mean($amount,10)),ZScore(Mean($final_float_market_cap,10))))"
cn_underutilized_field_factor_candidate_pack_v1_20260601_phase3am_sanitized_v1_20260609.json,cn_underutil_v1_capacity_normalized_activity_0115,capacity_normalized_activity,needs_route_mapping_or_rederivation,2,amount|final_float_market_cap,current_daily_or_derived_panel_only|raw_true_1min_column,direct_with_trade_time_semantics|requires_route_mapping_or_rederivation,"CSRank(Div(Mean($amount,20),Add(Abs(Mean($final_float_market_cap,20)),0.000001)))"
cn_underutilized_field_factor_candidate_pack_v1_20260601_phase3am_sanitized_v1_20260609.json,cn_underutil_v1_capacity_residual_activity_0116,capacity_residual_activity,needs_route_mapping_or_rederivation,2,amount|final_float_market_cap,current_daily_or_derived_panel_only|raw_true_1min_column,direct_with_trade_time_semantics|requires_route_mapping_or_rederivation,"CSRank(CSResidual(ZScore(Mean($amount,20)),ZScore(Mean($final_float_market_cap,20))))"
cn_underutilized_field_factor_candidate_pack_v1_20260601_phase3am_sanitized_v1_20260609.json,cn_underutil_v1_capacity_normalized_activity_0117,capacity_normalized_activity,needs_route_mapping_or_rederivation,2,amount|final_total_market_cap,current_daily_or_derived_panel_only|raw_true_1min_column,direct_with_trade_time_semantics|requires_route_mapping_or_rederivation,"CSRank(Div(Mean($amount,3),Add(Abs(Mean($final_total_market_cap,3)),0.000001)))"
cn_underutilized_field_factor_candidate_pack_v1_20260601_phase3am_sanitized_v1_20260609.json,cn_underutil_v1_capacity_residual_activity_0118,capacity_residual_activity,needs_route_mapping_or_rederivation,2,amount|final_total_market_cap,current_daily_or_derived_panel_only|raw_true_1min_column,direct_with_trade_time_semantics|requires_route_mapping_or_rederivation,"CSRank(CSResidual(ZScore(Mean($amount,3)),ZScore(Mean($final_total_market_cap,3))))"
cn_underutilized_field_factor_candidate_pack_v1_20260601_phase3am_sanitized_v1_20260609.json,cn_underutil_v1_capacity_normalized_activity_0119,capacity_normalized_activity,needs_route_mapping_or_rederivation,2,amount|final_total_market_cap,current_daily_or_derived_panel_only|raw_true_1min_column,direct_with_trade_time_semantics|requires_route_mapping_or_rederivation,"CSRank(Div(Mean($amount,5),Add(Abs(Mean($final_total_market_cap,5)),0.000001)))"
cn_underutilized_field_factor_candidate_pack_v1_20260601_phase3am_sanitized_v1_20260609.json,cn_underutil_v1_capacity_residual_activity_0120,capacity_residual_activity,needs_route_mapping_or_rederivation,2,amount|final_total_market_cap,current_daily_or_derived_panel_only|raw_true_1min_column,direct_with_trade_time_semantics|requires_route_mapping_or_rederivation,"CSRank(CSResidual(ZScore(Mean($amount,5)),ZScore(Mean($final_total_market_cap,5))))"
cn_underutilized_field_factor_candidate_pack_v1_20260601_phase3am_sanitized_v1_20260609.json,cn_underutil_v1_capacity_normalized_activity_0121,capacity_normalized_activity,needs_route_mapping_or_rederivation,2,amount|final_total_market_cap,current_daily_or_derived_panel_only|raw_true_1min_column,direct_with_trade_time_semantics|requires_route_mapping_or_rederivation,"CSRank(Div(Mean($amount,10),Add(Abs(Mean($final_total_market_cap,10)),0.000001)))"
cn_underutilized_field_factor_candidate_pack_v1_20260601_phase3am_sanitized_v1_20260609.json,cn_underutil_v1_capacity_residual_activity_0122,capacity_residual_activity,needs_route_mapping_or_rederivation,2,amount|final_total_market_cap,current_daily_or_derived_panel_only|raw_true_1min_column,direct_with_trade_time_semantics|requires_route_mapping_or_rederivation,"CSRank(CSResidual(ZScore(Mean($amount,10)),ZScore(Mean($final_total_market_cap,10))))"
cn_underutilized_field_factor_candidate_pack_v1_20260601_phase3am_sanitized_v1_20260609.json,cn_underutil_v1_capacity_normalized_activity_0123,capacity_normalized_activity,needs_route_mapping_or_rederivation,2,amount|final_total_market_cap,current_daily_or_derived_panel_only|raw_true_1min_column,direct_with_trade_time_semantics|requires_route_mapping_or_rederivation,"CSRank(Div(Mean($amount,20),Add(Abs(Mean($final_total_market_cap,20)),0.000001)))"
cn_underutilized_field_factor_candidate_pack_v1_20260601_phase3am_sanitized_v1_20260609.json,cn_underutil_v1_capacity_residual_activity_0124,capacity_residual_activity,needs_route_mapping_or_rederivation,2,amount|final_total_market_cap,current_daily_or_derived_panel_only|raw_true_1min_column,direct_with_trade_time_semantics|requires_route_mapping_or_rederivation,"CSRank(CSResidual(ZScore(Mean($amount,20)),ZScore(Mean($final_total_market_cap,20))))"
cn_underutilized_field_factor_candidate_pack_v1_20260601_phase3am_sanitized_v1_20260609.json,cn_underutil_v1_capacity_normalized_activity_0125,capacity_normalized_activity,needs_route_mapping_or_rederivation,2,float_share|volume,current_daily_or_derived_panel_only,requires_route_mapping_or_rederivation,"CSRank(Div(Mean($volume,3),Add(Abs(Mean($float_share,3)),0.000001)))"
cn_underutilized_field_factor_candidate_pack_v1_20260601_phase3am_sanitized_v1_20260609.json,cn_underutil_v1_capacity_residual_activity_0126,capacity_residual_activity,needs_route_mapping_or_rederivation,2,float_share|volume,current_daily_or_derived_panel_only,requires_route_mapping_or_rederivation,"CSRank(CSResidual(ZScore(Mean($volume,3)),ZScore(Mean($float_share,3))))"
cn_underutilized_field_factor_candidate_pack_v1_20260601_phase3am_sanitized_v1_20260609.json,cn_underutil_v1_capacity_normalized_activity_0127,capacity_normalized_activity,needs_route_mapping_or_rederivation,2,float_share|volume,current_daily_or_derived_panel_only,requires_route_mapping_or_rederivation,"CSRank(Div(Mean($volume,5),Add(Abs(Mean($float_share,5)),0.000001)))"
cn_underutilized_field_factor_candidate_pack_v1_20260601_phase3am_sanitized_v1_20260609.json,cn_underutil_v1_capacity_residual_activity_0128,capacity_residual_activity,needs_route_mapping_or_rederivation,2,float_share|volume,current_daily_or_derived_panel_only,requires_route_mapping_or_rederivation,"CSRank(CSResidual(ZScore(Mean($volume,5)),ZScore(Mean($float_share,5))))"
cn_underutilized_field_factor_candidate_pack_v1_20260601_phase3am_sanitized_v1_20260609.json,cn_underutil_v1_capacity_normalized_activity_0129,capacity_normalized_activity,needs_route_mapping_or_rederivation,2,float_share|volume,current_daily_or_derived_panel_only,requires_route_mapping_or_rederivation,"CSRank(Div(Mean($volume,10),Add(Abs(Mean($float_share,10)),0.000001)))"
cn_underutilized_field_factor_candidate_pack_v1_20260601_phase3am_sanitized_v1_20260609.json,cn_underutil_v1_capacity_residual_activity_0130,capacity_residual_activity,needs_route_mapping_or_rederivation,2,float_share|volume,current_daily_or_derived_panel_only,requires_route_mapping_or_rederivation,"CSRank(CSResidual(ZScore(Mean($volume,10)),ZScore(Mean($float_share,10))))"
cn_underutilized_field_factor_candidate_pack_v1_20260601_phase3am_sanitized_v1_20260609.json,cn_underutil_v1_capacity_normalized_activity_0131,capacity_normalized_activity,needs_route_mapping_or_rederivation,2,float_share|volume,current_daily_or_derived_panel_only,requires_route_mapping_or_rederivation,"CSRank(Div(Mean($volume,20),Add(Abs(Mean($float_share,20)),0.000001)))"
cn_underutilized_field_factor_candidate_pack_v1_20260601_phase3am_sanitized_v1_20260609.json,cn_underutil_v1_capacity_residual_activity_0132,capacity_residual_activity,needs_route_mapping_or_rederivation,2,float_share|volume,current_daily_or_derived_panel_only,requires_route_mapping_or_rederivation,"CSRank(CSResidual(ZScore(Mean($volume,20)),ZScore(Mean($float_share,20))))"
cn_underutilized_field_factor_candidate_pack_v1_20260601_phase3am_sanitized_v1_20260609.json,cn_underutil_v1_amihud_capacity_cost_0141,amihud_capacity_cost,needs_route_mapping_or_rederivation,2,amount|daily_ret,current_daily_or_derived_panel_only|raw_true_1min_column,direct_with_trade_time_semantics|requires_route_mapping_or_rederivation,"CSRank(Div(Mean(Abs($daily_ret),3),Add(Abs(Mean($amount,3)),0.000001)))"
cn_underutilized_field_factor_candidate_pack_v1_20260601_phase3am_sanitized_v1_20260609.json,cn_underutil_v1_amihud_capacity_cost_0142,amihud_capacity_cost,needs_route_mapping_or_rederivation,2,amount|daily_ret,current_daily_or_derived_panel_only|raw_true_1min_column,direct_with_trade_time_semantics|requires_route_mapping_or_rederivation,"CSRank(Div(Mean(Abs($daily_ret),5),Add(Abs(Mean($amount,5)),0.000001)))"
cn_underutilized_field_factor_candidate_pack_v1_20260601_phase3am_sanitized_v1_20260609.json,cn_underutil_v1_amihud_capacity_cost_0143,amihud_capacity_cost,needs_route_mapping_or_rederivation,2,amount|daily_ret,current_daily_or_derived_panel_only|raw_true_1min_column,direct_with_trade_time_semantics|requires_route_mapping_or_rederivation,"CSRank(Div(Mean(Abs($daily_ret),10),Add(Abs(Mean($amount,10)),0.000001)))"
cn_underutilized_field_factor_candidate_pack_v1_20260601_phase3am_sanitized_v1_20260609.json,cn_underutil_v1_amihud_capacity_cost_0144,amihud_capacity_cost,needs_route_mapping_or_rederivation,2,amount|daily_ret,current_daily_or_derived_panel_only|raw_true_1min_column,direct_with_trade_time_semantics|requires_route_mapping_or_rederivation,"CSRank(Div(Mean(Abs($daily_ret),20),Add(Abs(Mean($amount,20)),0.000001)))"
cn_zzshare_limit_sentiment_factor_candidate_pack_v1_20260602_phase3am_sanitized_v1_20260609.json,cn_zls_v1_zls_event_direct_00001,zls_event_direct,needs_route_mapping_or_rederivation,1,ctx_zls_evt_amount_lag1,current_daily_or_derived_panel_only,requires_route_mapping_or_rederivation,CSRank($ctx_zls_evt_amount_lag1)
cn_zzshare_limit_sentiment_factor_candidate_pack_v1_20260602_phase3am_sanitized_v1_20260609.json,cn_zls_v1_zls_event_direct_zrank_00002,zls_event_direct_zrank,needs_route_mapping_or_rederivation,1,ctx_zls_evt_amount_lag1,current_daily_or_derived_panel_only,requires_route_mapping_or_rederivation,CSRank(ZScore($ctx_zls_evt_amount_lag1))
cn_zzshare_limit_sentiment_factor_candidate_pack_v1_20260602_phase3am_sanitized_v1_20260609.json,cn_zls_v1_zls_event_direct_00003,zls_event_direct,needs_route_mapping_or_rederivation,1,ctx_zls_evt_auction_money_lag1,current_daily_or_derived_panel_only,requires_route_mapping_or_rederivation,CSRank($ctx_zls_evt_auction_money_lag1)
cn_zzshare_limit_sentiment_factor_candidate_pack_v1_20260602_phase3am_sanitized_v1_20260609.json,cn_zls_v1_zls_event_direct_zrank_00004,zls_event_direct_zrank,needs_route_mapping_or_rederivation,1,ctx_zls_evt_auction_money_lag1,current_daily_or_derived_panel_only,requires_route_mapping_or_rederivation,CSRank(ZScore($ctx_zls_evt_auction_money_lag1))
cn_zzshare_limit_sentiment_factor_candidate_pack_v1_20260602_phase3am_sanitized_v1_20260609.json,cn_zls_v1_zls_event_direct_00005,zls_event_direct,needs_route_mapping_or_rederivation,1,ctx_zls_evt_auction_turnover_lag1,current_daily_or_derived_panel_only,requires_route_mapping_or_rederivation,CSRank($ctx_zls_evt_auction_turnover_lag1)
cn_zzshare_limit_sentiment_factor_candidate_pack_v1_20260602_phase3am_sanitized_v1_20260609.json,cn_zls_v1_zls_event_direct_zrank_00006,zls_event_direct_zrank,needs_route_mapping_or_rederivation,1,ctx_zls_evt_auction_turnover_lag1,current_daily_or_derived_panel_only,requires_route_mapping_or_rederivation,CSRank(ZScore($ctx_zls_evt_auction_turnover_lag1))
cn_zzshare_limit_sentiment_factor_candidate_pack_v1_20260602_phase3am_sanitized_v1_20260609.json,cn_zls_v1_zls_event_direct_00007,zls_event_direct,needs_route_mapping_or_rederivation,1,ctx_zls_evt_fd_close_lag1,current_daily_or_derived_panel_only,requires_route_mapping_or_rederivation,CSRank($ctx_zls_evt_fd_close_lag1)
cn_zzshare_limit_sentiment_factor_candidate_pack_v1_20260602_phase3am_sanitized_v1_20260609.json,cn_zls_v1_zls_event_direct_zrank_00008,zls_event_direct_zrank,needs_route_mapping_or_rederivation,1,ctx_zls_evt_fd_close_lag1,current_daily_or_derived_panel_only,requires_route_mapping_or_rederivation,CSRank(ZScore($ctx_zls_evt_fd_close_lag1))
cn_zzshare_limit_sentiment_factor_candidate_pack_v1_20260602_phase3am_sanitized_v1_20260609.json,cn_zls_v1_zls_event_direct_00009,zls_event_direct,needs_route_mapping_or_rederivation,1,ctx_zls_evt_fd_max_lag1,current_daily_or_derived_panel_only,requires_route_mapping_or_rederivation,CSRank($ctx_zls_evt_fd_max_lag1)
cn_zzshare_limit_sentiment_factor_candidate_pack_v1_20260602_phase3am_sanitized_v1_20260609.json,cn_zls_v1_zls_event_direct_zrank_00010,zls_event_direct_zrank,needs_route_mapping_or_rederivation,1,ctx_zls_evt_fd_max_lag1,current_daily_or_derived_panel_only,requires_route_mapping_or_rederivation,CSRank(ZScore($ctx_zls_evt_fd_max_lag1))
cn_zzshare_limit_sentiment_factor_candidate_pack_v1_20260602_phase3am_sanitized_v1_20260609.json,cn_zls_v1_zls_event_direct_00011,zls_event_direct,needs_route_mapping_or_rederivation,1,ctx_zls_evt_up_limit_keep_times_lag1,current_daily_or_derived_panel_only,requires_route_mapping_or_rederivation,CSRank($ctx_zls_evt_up_limit_keep_times_lag1)
cn_zzshare_limit_sentiment_factor_candidate_pack_v1_20260602_phase3am_sanitized_v1_20260609.json,cn_zls_v1_zls_event_direct_zrank_00012,zls_event_direct_zrank,needs_route_mapping_or_rederivation,1,ctx_zls_evt_up_limit_keep_times_lag1,current_daily_or_derived_panel_only,requires_route_mapping_or_rederivation,CSRank(ZScore($ctx_zls_evt_up_limit_keep_times_lag1))
cn_zzshare_limit_sentiment_factor_candidate_pack_v1_20260602_phase3am_sanitized_v1_20260609.json,cn_zls_v1_zls_seal_to_amount_00013,zls_seal_to_amount,needs_route_mapping_or_rederivation,2,ctx_zls_evt_amount_lag1|ctx_zls_evt_fd_close_lag1,current_daily_or_derived_panel_only,requires_route_mapping_or_rederivation,"CSRank(Div($ctx_zls_evt_fd_close_lag1,Add(Abs($ctx_zls_evt_amount_lag1),0.000001)))"
cn_zzshare_limit_sentiment_factor_candidate_pack_v1_20260602_phase3am_sanitized_v1_20260609.json,cn_zls_v1_zls_max_seal_to_amount_00014,zls_max_seal_to_amount,needs_route_mapping_or_rederivation,2,ctx_zls_evt_amount_lag1|ctx_zls_evt_fd_max_lag1,current_daily_or_derived_panel_only,requires_route_mapping_or_rederivation,"CSRank(Div($ctx_zls_evt_fd_max_lag1,Add(Abs($ctx_zls_evt_amount_lag1),0.000001)))"
cn_zzshare_limit_sentiment_factor_candidate_pack_v1_20260602_phase3am_sanitized_v1_20260609.json,cn_zls_v1_zls_auction_money_to_offer_00015,zls_auction_money_to_offer,needs_route_mapping_or_rederivation,2,ctx_zls_evt_auction_money_lag1|ctx_zls_evt_auction_offer_lag1,current_daily_or_derived_panel_only,requires_route_mapping_or_rederivation,"CSRank(Div($ctx_zls_evt_auction_money_lag1,Add(Abs($ctx_zls_evt_auction_offer_lag1),0.000001)))"
cn_zzshare_limit_sentiment_factor_candidate_pack_v1_20260602_phase3am_sanitized_v1_20260609.json,cn_zls_v1_zls_auction_turnover_to_amount_00016,zls_auction_turnover_to_amount,needs_route_mapping_or_rederivation,2,ctx_zls_evt_amount_lag1|ctx_zls_evt_auction_turnover_lag1,current_daily_or_derived_panel_only,requires_route_mapping_or_rederivation,"CSRank(Div($ctx_zls_evt_auction_turnover_lag1,Add(Abs($ctx_zls_evt_amount_lag1),0.000001)))"
cn_zzshare_limit_sentiment_factor_candidate_pack_v1_20260602_phase3am_sanitized_v1_20260609.json,cn_zls_v1_zls_streak_x_seal_00017,zls_streak_x_seal,needs_route_mapping_or_rederivation,2,ctx_zls_evt_fd_close_lag1|ctx_zls_evt_up_limit_keep_times_lag1,current_daily_or_derived_panel_only,requires_route_mapping_or_rederivation,"CSRank(Mul(ZScore($ctx_zls_evt_up_limit_keep_times_lag1),ZScore($ctx_zls_evt_fd_close_lag1)))"
cn_zzshare_limit_sentiment_factor_candidate_pack_v1_20260602_phase3am_sanitized_v1_20260609.json,cn_zls_v1_zls_sentiment_direct_00018,zls_sentiment_direct,needs_route_mapping_or_rederivation,1,ctx_zls_lb_2_num_lag1,current_daily_or_derived_panel_only,requires_route_mapping_or_rederivation,CSRank($ctx_zls_lb_2_num_lag1)
cn_zzshare_limit_sentiment_factor_candidate_pack_v1_20260602_phase3am_sanitized_v1_20260609.json,cn_zls_v1_zls_sentiment_direct_zrank_00019,zls_sentiment_direct_zrank,needs_route_mapping_or_rederivation,1,ctx_zls_lb_2_num_lag1,current_daily_or_derived_panel_only,requires_route_mapping_or_rederivation,CSRank(ZScore($ctx_zls_lb_2_num_lag1))
cn_zzshare_limit_sentiment_factor_candidate_pack_v1_20260602_phase3am_sanitized_v1_20260609.json,cn_zls_v1_zls_sentiment_direct_00020,zls_sentiment_direct,needs_route_mapping_or_rederivation,1,ctx_zls_max_lb_num_lag1,current_daily_or_derived_panel_only,requires_route_mapping_or_rederivation,CSRank($ctx_zls_max_lb_num_lag1)
cn_zzshare_limit_sentiment_factor_candidate_pack_v1_20260602_phase3am_sanitized_v1_20260609.json,cn_zls_v1_zls_sentiment_direct_zrank_00021,zls_sentiment_direct_zrank,needs_route_mapping_or_rederivation,1,ctx_zls_max_lb_num_lag1,current_daily_or_derived_panel_only,requires_route_mapping_or_rederivation,CSRank(ZScore($ctx_zls_max_lb_num_lag1))
cn_zzshare_limit_sentiment_factor_candidate_pack_v1_20260602_phase3am_sanitized_v1_20260609.json,cn_zls_v1_zls_sentiment_direct_00022,zls_sentiment_direct,needs_route_mapping_or_rederivation,1,ctx_zls_downlimit_num_lag1,current_daily_or_derived_panel_only,requires_route_mapping_or_rederivation,CSRank($ctx_zls_downlimit_num_lag1)
cn_zzshare_limit_sentiment_factor_candidate_pack_v1_20260602_phase3am_sanitized_v1_20260609.json,cn_zls_v1_zls_sentiment_direct_zrank_00023,zls_sentiment_direct_zrank,needs_route_mapping_or_rederivation,1,ctx_zls_downlimit_num_lag1,current_daily_or_derived_panel_only,requires_route_mapping_or_rederivation,CSRank(ZScore($ctx_zls_downlimit_num_lag1))
cn_zzshare_limit_sentiment_factor_candidate_pack_v1_20260602_phase3am_sanitized_v1_20260609.json,cn_zls_v1_zls_sentiment_direct_00024,zls_sentiment_direct,needs_route_mapping_or_rederivation,1,ctx_zls_lb_3_num_lag1,current_daily_or_derived_panel_only,requires_route_mapping_or_rederivation,CSRank($ctx_zls_lb_3_num_lag1)
cn_zzshare_limit_sentiment_factor_candidate_pack_v1_20260602_phase3am_sanitized_v1_20260609.json,cn_zls_v1_zls_sentiment_direct_zrank_00025,zls_sentiment_direct_zrank,needs_route_mapping_or_rederivation,1,ctx_zls_lb_3_num_lag1,current_daily_or_derived_panel_only,requires_route_mapping_or_rederivation,CSRank(ZScore($ctx_zls_lb_3_num_lag1))
cn_zzshare_limit_sentiment_factor_candidate_pack_v1_20260602_phase3am_sanitized_v1_20260609.json,cn_zls_v1_zls_sentiment_direct_00026,zls_sentiment_direct,needs_route_mapping_or_rederivation,1,ctx_zls_lb_h_num_lag1,current_daily_or_derived_panel_only,requires_route_mapping_or_rederivation,CSRank($ctx_zls_lb_h_num_lag1)
cn_zzshare_limit_sentiment_factor_candidate_pack_v1_20260602_phase3am_sanitized_v1_20260609.json,cn_zls_v1_zls_sentiment_direct_zrank_00027,zls_sentiment_direct_zrank,needs_route_mapping_or_rederivation,1,ctx_zls_lb_h_num_lag1,current_daily_or_derived_panel_only,requires_route_mapping_or_rederivation,CSRank(ZScore($ctx_zls_lb_h_num_lag1))
cn_zzshare_limit_sentiment_factor_candidate_pack_v1_20260602_phase3am_sanitized_v1_20260609.json,cn_zls_v1_zls_sentiment_direct_00028,zls_sentiment_direct,needs_route_mapping_or_rederivation,1,ctx_zls_uplimit_num_lag1,current_daily_or_derived_panel_only,requires_route_mapping_or_rederivation,CSRank($ctx_zls_uplimit_num_lag1)
cn_zzshare_limit_sentiment_factor_candidate_pack_v1_20260602_phase3am_sanitized_v1_20260609.json,cn_zls_v1_zls_sentiment_direct_zrank_00029,zls_sentiment_direct_zrank,needs_route_mapping_or_rederivation,1,ctx_zls_uplimit_num_lag1,current_daily_or_derived_panel_only,requires_route_mapping_or_rederivation,CSRank(ZScore($ctx_zls_uplimit_num_lag1))
cn_zzshare_limit_sentiment_factor_candidate_pack_v1_20260602_phase3am_sanitized_v1_20260609.json,cn_zls_v1_zls_sentiment_direct_00030,zls_sentiment_direct,needs_route_mapping_or_rederivation,1,ctx_zls_zb_num_lag1,current_daily_or_derived_panel_only,requires_route_mapping_or_rederivation,CSRank($ctx_zls_zb_num_lag1)
cn_zzshare_limit_sentiment_factor_candidate_pack_v1_20260602_phase3am_sanitized_v1_20260609.json,cn_zls_v1_zls_sentiment_direct_zrank_00031,zls_sentiment_direct_zrank,needs_route_mapping_or_rederivation,1,ctx_zls_zb_num_lag1,current_daily_or_derived_panel_only,requires_route_mapping_or_rederivation,CSRank(ZScore($ctx_zls_zb_num_lag1))
cn_zzshare_limit_sentiment_factor_candidate_pack_v1_20260602_phase3am_sanitized_v1_20260609.json,cn_zls_v1_zls_sentiment_direct_00032,zls_sentiment_direct,needs_route_mapping_or_rederivation,1,ctx_zls_lbgd_lag1,current_daily_or_derived_panel_only,requires_route_mapping_or_rederivation,CSRank($ctx_zls_lbgd_lag1)
cn_zzshare_limit_sentiment_factor_candidate_pack_v1_20260602_phase3am_sanitized_v1_20260609.json,cn_zls_v1_zls_sentiment_direct_zrank_00033,zls_sentiment_direct_zrank,needs_route_mapping_or_rederivation,1,ctx_zls_lbgd_lag1,current_daily_or_derived_panel_only,requires_route_mapping_or_rederivation,CSRank(ZScore($ctx_zls_lbgd_lag1))
cn_zzshare_limit_sentiment_factor_candidate_pack_v1_20260602_phase3am_sanitized_v1_20260609.json,cn_zls_v1_zls_sentiment_direct_00034,zls_sentiment_direct,needs_route_mapping_or_rederivation,1,ctx_zls_strong_lag1,current_daily_or_derived_panel_only,requires_route_mapping_or_rederivation,CSRank($ctx_zls_strong_lag1)
cn_zzshare_limit_sentiment_factor_candidate_pack_v1_20260602_phase3am_sanitized_v1_20260609.json,cn_zls_v1_zls_sentiment_direct_zrank_00035,zls_sentiment_direct_zrank,needs_route_mapping_or_rederivation,1,ctx_zls_strong_lag1,current_daily_or_derived_panel_only,requires_route_mapping_or_rederivation,CSRank(ZScore($ctx_zls_strong_lag1))
cn_zzshare_limit_sentiment_factor_candidate_pack_v1_20260602_phase3am_sanitized_v1_20260609.json,cn_zls_v1_zls_sentiment_direct_00036,zls_sentiment_direct,needs_route_mapping_or_rederivation,1,ctx_zls_ztjs_lag1,current_daily_or_derived_panel_only,requires_route_mapping_or_rederivation,CSRank($ctx_zls_ztjs_lag1)
cn_zzshare_limit_sentiment_factor_candidate_pack_v1_20260602_phase3am_sanitized_v1_20260609.json,cn_zls_v1_zls_sentiment_direct_zrank_00037,zls_sentiment_direct_zrank,needs_route_mapping_or_rederivation,1,ctx_zls_ztjs_lag1,current_daily_or_derived_panel_only,requires_route_mapping_or_rederivation,CSRank(ZScore($ctx_zls_ztjs_lag1))
cn_zzshare_limit_sentiment_factor_candidate_pack_v1_20260602_phase3am_sanitized_v1_20260609.json,cn_zls_v1_zls_limit_up_down_ratio_00038,zls_limit_up_down_ratio,needs_route_mapping_or_rederivation,2,ctx_zls_downlimit_num_lag1|ctx_zls_uplimit_num_lag1,current_daily_or_derived_panel_only,requires_route_mapping_or_rederivation,"CSRank(Div($ctx_zls_uplimit_num_lag1,Add(Abs($ctx_zls_downlimit_num_lag1),0.000001)))"
cn_zzshare_limit_sentiment_factor_candidate_pack_v1_20260602_phase3am_sanitized_v1_20260609.json,cn_zls_v1_zls_open_board_rate_00039,zls_open_board_rate,needs_route_mapping_or_rederivation,2,ctx_zls_uplimit_num_lag1|ctx_zls_zb_num_lag1,current_daily_or_derived_panel_only,requires_route_mapping_or_rederivation,"CSRank(Div($ctx_zls_zb_num_lag1,Add(Abs($ctx_zls_uplimit_num_lag1),0.000001)))"
cn_zzshare_limit_sentiment_factor_candidate_pack_v1_20260602_phase3am_sanitized_v1_20260609.json,cn_zls_v1_zls_ladder_to_limit_ratio_00040,zls_ladder_to_limit_ratio,needs_route_mapping_or_rederivation,3,ctx_zls_lb_2_num_lag1|ctx_zls_lb_3_num_lag1|ctx_zls_uplimit_num_lag1,current_daily_or_derived_panel_only,requires_route_mapping_or_rederivation,"CSRank(Div(Add($ctx_zls_lb_2_num_lag1,$ctx_zls_lb_3_num_lag1),Add(Abs($ctx_zls_uplimit_num_lag1),0.000001)))"
cn_zzshare_limit_sentiment_factor_candidate_pack_v1_20260602_phase3am_sanitized_v1_20260609.json,cn_zls_v1_zls_high_board_x_open_board_00041,zls_high_board_x_open_board,needs_route_mapping_or_rederivation,2,ctx_zls_max_lb_num_lag1|ctx_zls_zb_num_lag1,current_daily_or_derived_panel_only,requires_route_mapping_or_rederivation,"CSRank(Mul(ZScore($ctx_zls_max_lb_num_lag1),ZScore($ctx_zls_zb_num_lag1)))"
cn_zzshare_limit_sentiment_factor_candidate_pack_v1_20260602_phase3am_sanitized_v1_20260609.json,cn_zls_v1_zls_lb_height_x_open_board_00042,zls_lb_height_x_open_board,needs_route_mapping_or_rederivation,2,ctx_zls_lb_h_num_lag1|ctx_zls_zb_num_lag1,current_daily_or_derived_panel_only,requires_route_mapping_or_rederivation,"CSRank(Mul(ZScore($ctx_zls_lb_h_num_lag1),ZScore($ctx_zls_zb_num_lag1)))"
cn_zzshare_limit_sentiment_factor_candidate_pack_v1_20260602_phase3am_sanitized_v1_20260609.json,cn_zls_v1_zls_market_up_down_ratio_00043,zls_market_up_down_ratio,needs_route_mapping_or_rederivation,2,ctx_zls_down_num_lag1|ctx_zls_up_num_lag1,current_daily_or_derived_panel_only,requires_route_mapping_or_rederivation,"CSRank(Div($ctx_zls_up_num_lag1,Add(Abs($ctx_zls_down_num_lag1),0.000001)))"
cn_zzshare_limit_sentiment_factor_candidate_pack_v1_20260602_phase3am_sanitized_v1_20260609.json,cn_zls_v1_zls_hot_rank_direct_00044,zls_hot_rank_direct,needs_route_mapping_or_rederivation,1,ctx_zls_rank_lag1,current_daily_or_derived_panel_only,requires_route_mapping_or_rederivation,CSRank($ctx_zls_rank_lag1)
cn_zzshare_limit_sentiment_factor_candidate_pack_v1_20260602_phase3am_sanitized_v1_20260609.json,cn_zls_v1_zls_hot_rank_direct_00045,zls_hot_rank_direct,needs_route_mapping_or_rederivation,1,ctx_zls_rank_diff_lag1,current_daily_or_derived_panel_only,requires_route_mapping_or_rederivation,CSRank($ctx_zls_rank_diff_lag1)
cn_zzshare_limit_sentiment_factor_candidate_pack_v1_20260602_phase3am_sanitized_v1_20260609.json,cn_zls_v1_zls_hot_rank_direct_00046,zls_hot_rank_direct,needs_route_mapping_or_rederivation,1,ctx_zls_circulation_value_lag1,current_daily_or_derived_panel_only,requires_route_mapping_or_rederivation,CSRank($ctx_zls_circulation_value_lag1)
cn_zzshare_limit_sentiment_factor_candidate_pack_v1_20260602_phase3am_sanitized_v1_20260609.json,cn_zls_v1_zls_hot_rank_direct_00047,zls_hot_rank_direct,needs_route_mapping_or_rederivation,1,ctx_zls_last_pct_lag1,current_daily_or_derived_panel_only,requires_route_mapping_or_rederivation,CSRank($ctx_zls_last_pct_lag1)
cn_zzshare_limit_sentiment_factor_candidate_pack_v1_20260602_phase3am_sanitized_v1_20260609.json,cn_zls_v1_zls_hot_rank_inverse_00048,zls_hot_rank_inverse,needs_route_mapping_or_rederivation,1,ctx_zls_rank_lag1,current_daily_or_derived_panel_only,requires_route_mapping_or_rederivation,CSRank(Neg($ctx_zls_rank_lag1))
cn_zzshare_limit_sentiment_factor_candidate_pack_v1_20260602_phase3am_sanitized_v1_20260609.json,cn_zls_v1_zls_hot_rank_x_capacity_00049,zls_hot_rank_x_capacity,needs_route_mapping_or_rederivation,2,ctx_zls_circulation_value_lag1|ctx_zls_rank_lag1,current_daily_or_derived_panel_only,requires_route_mapping_or_rederivation,"CSRank(Mul(ZScore(Neg($ctx_zls_rank_lag1)),ZScore($ctx_zls_circulation_value_lag1)))"
phase3ae_bounded_repair_factor_pack_v1_20260604_phase3am_sanitized_v1_20260609.json,phase3ae_brepair_v1_00001,event_state_machine_formula_lane,event_state_lane_only,1,evt_limit_fengdan_rate_last_by_0930,timestamped_event_availability_feature,event_state_only_requires_availability_guard,CSRank($evt_limit_fengdan_rate_last_by_0930)
phase3ae_bounded_repair_factor_pack_v1_20260604_phase3am_sanitized_v1_20260609.json,phase3ae_brepair_v1_00002,event_state_machine_formula_lane,event_state_lane_only,1,evt_limit_fengdan_rate_last_by_0930,timestamped_event_availability_feature,event_state_only_requires_availability_guard,CSRank(Neg($evt_limit_fengdan_rate_last_by_0930))
phase3ae_bounded_repair_factor_pack_v1_20260604_phase3am_sanitized_v1_20260609.json,phase3ae_brepair_v1_00003,event_state_machine_formula_lane,event_state_lane_only,1,evt_limit_fengdan_rate_last_by_0930,timestamped_event_availability_feature,event_state_only_requires_availability_guard,"CSRank(Log(Add(Abs($evt_limit_fengdan_rate_last_by_0930),1)))"
phase3ae_bounded_repair_factor_pack_v1_20260604_phase3am_sanitized_v1_20260609.json,phase3ae_brepair_v1_00004,event_state_machine_formula_lane,event_state_lane_only,1,evt_limit_fengdan_rate_last_by_0930,timestamped_event_availability_feature,event_state_only_requires_availability_guard,CSRank(ZScore($evt_limit_fengdan_rate_last_by_0930))
phase3ae_bounded_repair_factor_pack_v1_20260604_phase3am_sanitized_v1_20260609.json,phase3ae_brepair_v1_00005,event_state_machine_formula_lane,event_state_lane_only,1,evt_limit_fengdan_rate_last_by_0930,timestamped_event_availability_feature,event_state_only_requires_availability_guard,"CSRank(Mean($evt_limit_fengdan_rate_last_by_0930,2))"
phase3ae_bounded_repair_factor_pack_v1_20260604_phase3am_sanitized_v1_20260609.json,phase3ae_brepair_v1_00006,event_state_machine_formula_lane,event_state_lane_only,1,evt_limit_fengdan_rate_last_by_0930,timestamped_event_availability_feature,event_state_only_requires_availability_guard,"CSRank(Delta($evt_limit_fengdan_rate_last_by_0930,2))"
phase3ae_bounded_repair_factor_pack_v1_20260604_phase3am_sanitized_v1_20260609.json,phase3ae_brepair_v1_00007,event_state_machine_formula_lane,event_state_lane_only,1,evt_limit_fengdan_rate_last_by_0930,timestamped_event_availability_feature,event_state_only_requires_availability_guard,"CSRank(Mean($evt_limit_fengdan_rate_last_by_0930,3))"
phase3ae_bounded_repair_factor_pack_v1_20260604_phase3am_sanitized_v1_20260609.json,phase3ae_brepair_v1_00008,event_state_machine_formula_lane,event_state_lane_only,1,evt_limit_fengdan_rate_last_by_0930,timestamped_event_availability_feature,event_state_only_requires_availability_guard,"CSRank(Delta($evt_limit_fengdan_rate_last_by_0930,3))"
phase3ae_bounded_repair_factor_pack_v1_20260604_phase3am_sanitized_v1_20260609.json,phase3ae_brepair_v1_00009,event_state_machine_formula_lane,event_state_lane_only,1,evt_limit_fengdan_rate_last_by_0935,timestamped_event_availability_feature,event_state_only_requires_availability_guard,CSRank($evt_limit_fengdan_rate_last_by_0935)
phase3ae_bounded_repair_factor_pack_v1_20260604_phase3am_sanitized_v1_20260609.json,phase3ae_brepair_v1_00010,event_state_machine_formula_lane,event_state_lane_only,1,evt_limit_fengdan_rate_last_by_0935,timestamped_event_availability_feature,event_state_only_requires_availability_guard,CSRank(Neg($evt_limit_fengdan_rate_last_by_0935))
phase3ae_bounded_repair_factor_pack_v1_20260604_phase3am_sanitized_v1_20260609.json,phase3ae_brepair_v1_00011,event_state_machine_formula_lane,event_state_lane_only,1,evt_limit_fengdan_rate_last_by_0935,timestamped_event_availability_feature,event_state_only_requires_availability_guard,"CSRank(Log(Add(Abs($evt_limit_fengdan_rate_last_by_0935),1)))"
phase3ae_bounded_repair_factor_pack_v1_20260604_phase3am_sanitized_v1_20260609.json,phase3ae_brepair_v1_00012,event_state_machine_formula_lane,event_state_lane_only,1,evt_limit_fengdan_rate_last_by_0935,timestamped_event_availability_feature,event_state_only_requires_availability_guard,CSRank(ZScore($evt_limit_fengdan_rate_last_by_0935))
phase3ae_bounded_repair_factor_pack_v1_20260604_phase3am_sanitized_v1_20260609.json,phase3ae_brepair_v1_00013,event_state_machine_formula_lane,event_state_lane_only,1,evt_limit_fengdan_rate_last_by_0935,timestamped_event_availability_feature,event_state_only_requires_availability_guard,"CSRank(Mean($evt_limit_fengdan_rate_last_by_0935,2))"
phase3ae_bounded_repair_factor_pack_v1_20260604_phase3am_sanitized_v1_20260609.json,phase3ae_brepair_v1_00014,event_state_machine_formula_lane,event_state_lane_only,1,evt_limit_fengdan_rate_last_by_0935,timestamped_event_availability_feature,event_state_only_requires_availability_guard,"CSRank(Delta($evt_limit_fengdan_rate_last_by_0935,2))"
phase3ae_bounded_repair_factor_pack_v1_20260604_phase3am_sanitized_v1_20260609.json,phase3ae_brepair_v1_00015,event_state_machine_formula_lane,event_state_lane_only,1,evt_limit_fengdan_rate_last_by_0935,timestamped_event_availability_feature,event_state_only_requires_availability_guard,"CSRank(Mean($evt_limit_fengdan_rate_last_by_0935,3))"
phase3ae_bounded_repair_factor_pack_v1_20260604_phase3am_sanitized_v1_20260609.json,phase3ae_brepair_v1_00016,event_state_machine_formula_lane,event_state_lane_only,1,evt_limit_fengdan_rate_last_by_0935,timestamped_event_availability_feature,event_state_only_requires_availability_guard,"CSRank(Delta($evt_limit_fengdan_rate_last_by_0935,3))"
phase3ae_bounded_repair_factor_pack_v1_20260604_phase3am_sanitized_v1_20260609.json,phase3ae_brepair_v1_00017,event_state_machine_formula_lane,event_state_lane_only,1,evt_limit_fengdan_rate_last_by_1000,timestamped_event_availability_feature,event_state_only_requires_availability_guard,CSRank($evt_limit_fengdan_rate_last_by_1000)
phase3ae_bounded_repair_factor_pack_v1_20260604_phase3am_sanitized_v1_20260609.json,phase3ae_brepair_v1_00018,event_state_machine_formula_lane,event_state_lane_only,1,evt_limit_fengdan_rate_last_by_1000,timestamped_event_availability_feature,event_state_only_requires_availability_guard,CSRank(Neg($evt_limit_fengdan_rate_last_by_1000))
phase3ae_bounded_repair_factor_pack_v1_20260604_phase3am_sanitized_v1_20260609.json,phase3ae_brepair_v1_00019,event_state_machine_formula_lane,event_state_lane_only,1,evt_limit_fengdan_rate_last_by_1000,timestamped_event_availability_feature,event_state_only_requires_availability_guard,"CSRank(Log(Add(Abs($evt_limit_fengdan_rate_last_by_1000),1)))"
phase3ae_bounded_repair_factor_pack_v1_20260604_phase3am_sanitized_v1_20260609.json,phase3ae_brepair_v1_00020,event_state_machine_formula_lane,event_state_lane_only,1,evt_limit_fengdan_rate_last_by_1000,timestamped_event_availability_feature,event_state_only_requires_availability_guard,CSRank(ZScore($evt_limit_fengdan_rate_last_by_1000))
phase3ae_bounded_repair_factor_pack_v1_20260604_phase3am_sanitized_v1_20260609.json,phase3ae_brepair_v1_00021,event_state_machine_formula_lane,event_state_lane_only,1,evt_limit_fengdan_rate_last_by_1000,timestamped_event_availability_feature,event_state_only_requires_availability_guard,"CSRank(Mean($evt_limit_fengdan_rate_last_by_1000,2))"
phase3ae_bounded_repair_factor_pack_v1_20260604_phase3am_sanitized_v1_20260609.json,phase3ae_brepair_v1_00022,event_state_machine_formula_lane,event_state_lane_only,1,evt_limit_fengdan_rate_last_by_1000,timestamped_event_availability_feature,event_state_only_requires_availability_guard,"CSRank(Delta($evt_limit_fengdan_rate_last_by_1000,2))"
phase3ae_bounded_repair_factor_pack_v1_20260604_phase3am_sanitized_v1_20260609.json,phase3ae_brepair_v1_00023,event_state_machine_formula_lane,event_state_lane_only,1,evt_limit_fengdan_rate_last_by_1000,timestamped_event_availability_feature,event_state_only_requires_availability_guard,"CSRank(Mean($evt_limit_fengdan_rate_last_by_1000,3))"
phase3ae_bounded_repair_factor_pack_v1_20260604_phase3am_sanitized_v1_20260609.json,phase3ae_brepair_v1_00024,event_state_machine_formula_lane,event_state_lane_only,1,evt_limit_fengdan_rate_last_by_1000,timestamped_event_availability_feature,event_state_only_requires_availability_guard,"CSRank(Delta($evt_limit_fengdan_rate_last_by_1000,3))"
phase3ae_bounded_repair_factor_pack_v1_20260604_phase3am_sanitized_v1_20260609.json,phase3ae_brepair_v1_00025,event_state_machine_formula_lane,event_state_lane_only,1,evt_limit_fengdan_rate_last_by_1130,timestamped_event_availability_feature,event_state_only_requires_availability_guard,CSRank($evt_limit_fengdan_rate_last_by_1130)
phase3ae_bounded_repair_factor_pack_v1_20260604_phase3am_sanitized_v1_20260609.json,phase3ae_brepair_v1_00026,event_state_machine_formula_lane,event_state_lane_only,1,evt_limit_fengdan_rate_last_by_1130,timestamped_event_availability_feature,event_state_only_requires_availability_guard,CSRank(Neg($evt_limit_fengdan_rate_last_by_1130))
phase3ae_bounded_repair_factor_pack_v1_20260604_phase3am_sanitized_v1_20260609.json,phase3ae_brepair_v1_00027,event_state_machine_formula_lane,event_state_lane_only,1,evt_limit_fengdan_rate_last_by_1130,timestamped_event_availability_feature,event_state_only_requires_availability_guard,"CSRank(Log(Add(Abs($evt_limit_fengdan_rate_last_by_1130),1)))"
phase3ae_bounded_repair_factor_pack_v1_20260604_phase3am_sanitized_v1_20260609.json,phase3ae_brepair_v1_00028,event_state_machine_formula_lane,event_state_lane_only,1,evt_limit_fengdan_rate_last_by_1130,timestamped_event_availability_feature,event_state_only_requires_availability_guard,CSRank(ZScore($evt_limit_fengdan_rate_last_by_1130))
phase3ae_bounded_repair_factor_pack_v1_20260604_phase3am_sanitized_v1_20260609.json,phase3ae_brepair_v1_00029,event_state_machine_formula_lane,event_state_lane_only,1,evt_limit_fengdan_rate_last_by_1130,timestamped_event_availability_feature,event_state_only_requires_availability_guard,"CSRank(Mean($evt_limit_fengdan_rate_last_by_1130,2))"
phase3ae_bounded_repair_factor_pack_v1_20260604_phase3am_sanitized_v1_20260609.json,phase3ae_brepair_v1_00030,event_state_machine_formula_lane,event_state_lane_only,1,evt_limit_fengdan_rate_last_by_1130,timestamped_event_availability_feature,event_state_only_requires_availability_guard,"CSRank(Delta($evt_limit_fengdan_rate_last_by_1130,2))"
phase3ae_bounded_repair_factor_pack_v1_20260604_phase3am_sanitized_v1_20260609.json,phase3ae_brepair_v1_00031,event_state_machine_formula_lane,event_state_lane_only,1,evt_limit_fengdan_rate_last_by_1130,timestamped_event_availability_feature,event_state_only_requires_availability_guard,"CSRank(Mean($evt_limit_fengdan_rate_last_by_1130,3))"
phase3ae_bounded_repair_factor_pack_v1_20260604_phase3am_sanitized_v1_20260609.json,phase3ae_brepair_v1_00032,event_state_machine_formula_lane,event_state_lane_only,1,evt_limit_fengdan_rate_last_by_1130,timestamped_event_availability_feature,event_state_only_requires_availability_guard,"CSRank(Delta($evt_limit_fengdan_rate_last_by_1130,3))"
phase3ae_bounded_repair_factor_pack_v1_20260604_phase3am_sanitized_v1_20260609.json,phase3ae_brepair_v1_00033,event_state_machine_formula_lane,event_state_lane_only,1,evt_limit_fengdan_money_last_by_0930,timestamped_event_availability_feature,event_state_only_requires_availability_guard,CSRank($evt_limit_fengdan_money_last_by_0930)
phase3ae_bounded_repair_factor_pack_v1_20260604_phase3am_sanitized_v1_20260609.json,phase3ae_brepair_v1_00034,event_state_machine_formula_lane,event_state_lane_only,1,evt_limit_fengdan_money_last_by_0930,timestamped_event_availability_feature,event_state_only_requires_availability_guard,CSRank(Neg($evt_limit_fengdan_money_last_by_0930))
phase3ae_bounded_repair_factor_pack_v1_20260604_phase3am_sanitized_v1_20260609.json,phase3ae_brepair_v1_00035,event_state_machine_formula_lane,event_state_lane_only,1,evt_limit_fengdan_money_last_by_0930,timestamped_event_availability_feature,event_state_only_requires_availability_guard,"CSRank(Log(Add(Abs($evt_limit_fengdan_money_last_by_0930),1)))"
phase3ae_bounded_repair_factor_pack_v1_20260604_phase3am_sanitized_v1_20260609.json,phase3ae_brepair_v1_00036,event_state_machine_formula_lane,event_state_lane_only,1,evt_limit_fengdan_money_last_by_0930,timestamped_event_availability_feature,event_state_only_requires_availability_guard,CSRank(ZScore($evt_limit_fengdan_money_last_by_0930))
phase3ae_bounded_repair_factor_pack_v1_20260604_phase3am_sanitized_v1_20260609.json,phase3ae_brepair_v1_00037,event_state_machine_formula_lane,event_state_lane_only,1,evt_limit_fengdan_money_last_by_0930,timestamped_event_availability_feature,event_state_only_requires_availability_guard,"CSRank(Mean($evt_limit_fengdan_money_last_by_0930,3))"
phase3ae_bounded_repair_factor_pack_v1_20260604_phase3am_sanitized_v1_20260609.json,phase3ae_brepair_v1_00038,event_state_machine_formula_lane,event_state_lane_only,1,evt_limit_fengdan_money_last_by_0930,timestamped_event_availability_feature,event_state_only_requires_availability_guard,"CSRank(Delta($evt_limit_fengdan_money_last_by_0930,3))"
phase3ae_bounded_repair_factor_pack_v1_20260604_phase3am_sanitized_v1_20260609.json,phase3ae_brepair_v1_00039,event_state_machine_formula_lane,event_state_lane_only,1,evt_limit_fengdan_money_last_by_0930,timestamped_event_availability_feature,event_state_only_requires_availability_guard,"CSRank(Mean($evt_limit_fengdan_money_last_by_0930,5))"
phase3ae_bounded_repair_factor_pack_v1_20260604_phase3am_sanitized_v1_20260609.json,phase3ae_brepair_v1_00040,event_state_machine_formula_lane,event_state_lane_only,1,evt_limit_fengdan_money_last_by_0930,timestamped_event_availability_feature,event_state_only_requires_availability_guard,"CSRank(Delta($evt_limit_fengdan_money_last_by_0930,5))"
phase3ae_bounded_repair_factor_pack_v1_20260604_phase3am_sanitized_v1_20260609.json,phase3ae_brepair_v1_00041,event_state_machine_formula_lane,event_state_lane_only,1,evt_limit_fengdan_money_last_by_0930,timestamped_event_availability_feature,event_state_only_requires_availability_guard,"CSRank(Mean($evt_limit_fengdan_money_last_by_0930,10))"
phase3ae_bounded_repair_factor_pack_v1_20260604_phase3am_sanitized_v1_20260609.json,phase3ae_brepair_v1_00042,event_state_machine_formula_lane,event_state_lane_only,1,evt_limit_fengdan_money_last_by_0930,timestamped_event_availability_feature,event_state_only_requires_availability_guard,"CSRank(Delta($evt_limit_fengdan_money_last_by_0930,10))"
phase3ae_bounded_repair_factor_pack_v1_20260604_phase3am_sanitized_v1_20260609.json,phase3ae_brepair_v1_00043,event_state_machine_formula_lane,event_state_lane_only,1,evt_limit_fengdan_money_last_by_0930,timestamped_event_availability_feature,event_state_only_requires_availability_guard,"CSRank(Mean($evt_limit_fengdan_money_last_by_0930,2))"
phase3ae_bounded_repair_factor_pack_v1_20260604_phase3am_sanitized_v1_20260609.json,phase3ae_brepair_v1_00044,event_state_machine_formula_lane,event_state_lane_only,1,evt_limit_fengdan_money_last_by_0930,timestamped_event_availability_feature,event_state_only_requires_availability_guard,"CSRank(Delta($evt_limit_fengdan_money_last_by_0930,2))"
phase3ae_bounded_repair_factor_pack_v1_20260604_phase3am_sanitized_v1_20260609.json,phase3ae_brepair_v1_00045,event_state_machine_formula_lane,event_state_lane_only,1,evt_limit_fengdan_money_last_by_0935,timestamped_event_availability_feature,event_state_only_requires_availability_guard,CSRank($evt_limit_fengdan_money_last_by_0935)
phase3ae_bounded_repair_factor_pack_v1_20260604_phase3am_sanitized_v1_20260609.json,phase3ae_brepair_v1_00046,event_state_machine_formula_lane,event_state_lane_only,1,evt_limit_fengdan_money_last_by_0935,timestamped_event_availability_feature,event_state_only_requires_availability_guard,CSRank(Neg($evt_limit_fengdan_money_last_by_0935))
phase3ae_bounded_repair_factor_pack_v1_20260604_phase3am_sanitized_v1_20260609.json,phase3ae_brepair_v1_00047,event_state_machine_formula_lane,event_state_lane_only,1,evt_limit_fengdan_money_last_by_0935,timestamped_event_availability_feature,event_state_only_requires_availability_guard,"CSRank(Log(Add(Abs($evt_limit_fengdan_money_last_by_0935),1)))"
phase3ae_bounded_repair_factor_pack_v1_20260604_phase3am_sanitized_v1_20260609.json,phase3ae_brepair_v1_00048,event_state_machine_formula_lane,event_state_lane_only,1,evt_limit_fengdan_money_last_by_0935,timestamped_event_availability_feature,event_state_only_requires_availability_guard,CSRank(ZScore($evt_limit_fengdan_money_last_by_0935))
phase3ae_bounded_repair_factor_pack_v1_20260604_phase3am_sanitized_v1_20260609.json,phase3ae_brepair_v1_00049,event_state_machine_formula_lane,event_state_lane_only,1,evt_limit_fengdan_money_last_by_0935,timestamped_event_availability_feature,event_state_only_requires_availability_guard,"CSRank(Mean($evt_limit_fengdan_money_last_by_0935,3))"
phase3ae_bounded_repair_factor_pack_v1_20260604_phase3am_sanitized_v1_20260609.json,phase3ae_brepair_v1_00050,event_state_machine_formula_lane,event_state_lane_only,1,evt_limit_fengdan_money_last_by_0935,timestamped_event_availability_feature,event_state_only_requires_availability_guard,"CSRank(Delta($evt_limit_fengdan_money_last_by_0935,3))"
phase3ae_bounded_repair_factor_pack_v1_20260604_phase3am_sanitized_v1_20260609.json,phase3ae_brepair_v1_00051,event_state_machine_formula_lane,event_state_lane_only,1,evt_limit_fengdan_money_last_by_0935,timestamped_event_availability_feature,event_state_only_requires_availability_guard,"CSRank(Mean($evt_limit_fengdan_money_last_by_0935,5))"
phase3ae_bounded_repair_factor_pack_v1_20260604_phase3am_sanitized_v1_20260609.json,phase3ae_brepair_v1_00052,event_state_machine_formula_lane,event_state_lane_only,1,evt_limit_fengdan_money_last_by_0935,timestamped_event_availability_feature,event_state_only_requires_availability_guard,"CSRank(Delta($evt_limit_fengdan_money_last_by_0935,5))"
phase3ae_bounded_repair_factor_pack_v1_20260604_phase3am_sanitized_v1_20260609.json,phase3ae_brepair_v1_00053,event_state_machine_formula_lane,event_state_lane_only,1,evt_limit_fengdan_money_last_by_0935,timestamped_event_availability_feature,event_state_only_requires_availability_guard,"CSRank(Mean($evt_limit_fengdan_money_last_by_0935,10))"
phase3ae_bounded_repair_factor_pack_v1_20260604_phase3am_sanitized_v1_20260609.json,phase3ae_brepair_v1_00054,event_state_machine_formula_lane,event_state_lane_only,1,evt_limit_fengdan_money_last_by_0935,timestamped_event_availability_feature,event_state_only_requires_availability_guard,"CSRank(Delta($evt_limit_fengdan_money_last_by_0935,10))"
phase3ae_bounded_repair_factor_pack_v1_20260604_phase3am_sanitized_v1_20260609.json,phase3ae_brepair_v1_00055,event_state_machine_formula_lane,event_state_lane_only,1,evt_limit_fengdan_money_last_by_0935,timestamped_event_availability_feature,event_state_only_requires_availability_guard,"CSRank(Mean($evt_limit_fengdan_money_last_by_0935,2))"
phase3ae_bounded_repair_factor_pack_v1_20260604_phase3am_sanitized_v1_20260609.json,phase3ae_brepair_v1_00056,event_state_machine_formula_lane,event_state_lane_only,1,evt_limit_fengdan_money_last_by_0935,timestamped_event_availability_feature,event_state_only_requires_availability_guard,"CSRank(Delta($evt_limit_fengdan_money_last_by_0935,2))"
phase3ae_bounded_repair_factor_pack_v1_20260604_phase3am_sanitized_v1_20260609.json,phase3ae_brepair_v1_00057,event_state_machine_formula_lane,event_state_lane_only,1,evt_limit_fengdan_money_last_by_1000,timestamped_event_availability_feature,event_state_only_requires_availability_guard,CSRank($evt_limit_fengdan_money_last_by_1000)
phase3ae_bounded_repair_factor_pack_v1_20260604_phase3am_sanitized_v1_20260609.json,phase3ae_brepair_v1_00058,event_state_machine_formula_lane,event_state_lane_only,1,evt_limit_fengdan_money_last_by_1000,timestamped_event_availability_feature,event_state_only_requires_availability_guard,CSRank(Neg($evt_limit_fengdan_money_last_by_1000))
phase3ae_bounded_repair_factor_pack_v1_20260604_phase3am_sanitized_v1_20260609.json,phase3ae_brepair_v1_00059,event_state_machine_formula_lane,event_state_lane_only,1,evt_limit_fengdan_money_last_by_1000,timestamped_event_availability_feature,event_state_only_requires_availability_guard,"CSRank(Log(Add(Abs($evt_limit_fengdan_money_last_by_1000),1)))"
phase3ae_bounded_repair_factor_pack_v1_20260604_phase3am_sanitized_v1_20260609.json,phase3ae_brepair_v1_00060,event_state_machine_formula_lane,event_state_lane_only,1,evt_limit_fengdan_money_last_by_1000,timestamped_event_availability_feature,event_state_only_requires_availability_guard,CSRank(ZScore($evt_limit_fengdan_money_last_by_1000))
phase3ae_bounded_repair_factor_pack_v1_20260604_phase3am_sanitized_v1_20260609.json,phase3ae_brepair_v1_00061,event_state_machine_formula_lane,event_state_lane_only,1,evt_limit_fengdan_money_last_by_1000,timestamped_event_availability_feature,event_state_only_requires_availability_guard,"CSRank(Mean($evt_limit_fengdan_money_last_by_1000,3))"
phase3ae_bounded_repair_factor_pack_v1_20260604_phase3am_sanitized_v1_20260609.json,phase3ae_brepair_v1_00062,event_state_machine_formula_lane,event_state_lane_only,1,evt_limit_fengdan_money_last_by_1000,timestamped_event_availability_feature,event_state_only_requires_availability_guard,"CSRank(Delta($evt_limit_fengdan_money_last_by_1000,3))"
phase3ae_bounded_repair_factor_pack_v1_20260604_phase3am_sanitized_v1_20260609.json,phase3ae_brepair_v1_00063,event_state_machine_formula_lane,event_state_lane_only,1,evt_limit_fengdan_money_last_by_1000,timestamped_event_availability_feature,event_state_only_requires_availability_guard,"CSRank(Mean($evt_limit_fengdan_money_last_by_1000,5))"
phase3ae_bounded_repair_factor_pack_v1_20260604_phase3am_sanitized_v1_20260609.json,phase3ae_brepair_v1_00064,event_state_machine_formula_lane,event_state_lane_only,1,evt_limit_fengdan_money_last_by_1000,timestamped_event_availability_feature,event_state_only_requires_availability_guard,"CSRank(Delta($evt_limit_fengdan_money_last_by_1000,5))"
phase3ae_bounded_repair_factor_pack_v1_20260604_phase3am_sanitized_v1_20260609.json,phase3ae_brepair_v1_00065,event_state_machine_formula_lane,event_state_lane_only,1,evt_limit_fengdan_money_last_by_1000,timestamped_event_availability_feature,event_state_only_requires_availability_guard,"CSRank(Mean($evt_limit_fengdan_money_last_by_1000,10))"
phase3ae_bounded_repair_factor_pack_v1_20260604_phase3am_sanitized_v1_20260609.json,phase3ae_brepair_v1_00066,event_state_machine_formula_lane,event_state_lane_only,1,evt_limit_fengdan_money_last_by_1000,timestamped_event_availability_feature,event_state_only_requires_availability_guard,"CSRank(Delta($evt_limit_fengdan_money_last_by_1000,10))"
phase3ae_bounded_repair_factor_pack_v1_20260604_phase3am_sanitized_v1_20260609.json,phase3ae_brepair_v1_00067,event_state_machine_formula_lane,event_state_lane_only,1,evt_limit_fengdan_money_last_by_1000,timestamped_event_availability_feature,event_state_only_requires_availability_guard,"CSRank(Mean($evt_limit_fengdan_money_last_by_1000,2))"
phase3ae_bounded_repair_factor_pack_v1_20260604_phase3am_sanitized_v1_20260609.json,phase3ae_brepair_v1_00068,event_state_machine_formula_lane,event_state_lane_only,1,evt_limit_fengdan_money_last_by_1000,timestamped_event_availability_feature,event_state_only_requires_availability_guard,"CSRank(Delta($evt_limit_fengdan_money_last_by_1000,2))"
phase3ae_bounded_repair_factor_pack_v1_20260604_phase3am_sanitized_v1_20260609.json,phase3ae_brepair_v1_00069,event_state_machine_formula_lane,event_state_lane_only,1,evt_limit_fengdan_money_last_by_1130,timestamped_event_availability_feature,event_state_only_requires_availability_guard,CSRank($evt_limit_fengdan_money_last_by_1130)
phase3ae_bounded_repair_factor_pack_v1_20260604_phase3am_sanitized_v1_20260609.json,phase3ae_brepair_v1_00070,event_state_machine_formula_lane,event_state_lane_only,1,evt_limit_fengdan_money_last_by_1130,timestamped_event_availability_feature,event_state_only_requires_availability_guard,CSRank(Neg($evt_limit_fengdan_money_last_by_1130))
phase3ae_bounded_repair_factor_pack_v1_20260604_phase3am_sanitized_v1_20260609.json,phase3ae_brepair_v1_00071,event_state_machine_formula_lane,event_state_lane_only,1,evt_limit_fengdan_money_last_by_1130,timestamped_event_availability_feature,event_state_only_requires_availability_guard,"CSRank(Log(Add(Abs($evt_limit_fengdan_money_last_by_1130),1)))"
phase3ae_bounded_repair_factor_pack_v1_20260604_phase3am_sanitized_v1_20260609.json,phase3ae_brepair_v1_00072,event_state_machine_formula_lane,event_state_lane_only,1,evt_limit_fengdan_money_last_by_1130,timestamped_event_availability_feature,event_state_only_requires_availability_guard,CSRank(ZScore($evt_limit_fengdan_money_last_by_1130))
phase3ae_bounded_repair_factor_pack_v1_20260604_phase3am_sanitized_v1_20260609.json,phase3ae_brepair_v1_00073,event_state_machine_formula_lane,event_state_lane_only,1,evt_limit_fengdan_money_last_by_1130,timestamped_event_availability_feature,event_state_only_requires_availability_guard,"CSRank(Mean($evt_limit_fengdan_money_last_by_1130,3))"
phase3ae_bounded_repair_factor_pack_v1_20260604_phase3am_sanitized_v1_20260609.json,phase3ae_brepair_v1_00074,event_state_machine_formula_lane,event_state_lane_only,1,evt_limit_fengdan_money_last_by_1130,timestamped_event_availability_feature,event_state_only_requires_availability_guard,"CSRank(Delta($evt_limit_fengdan_money_last_by_1130,3))"
phase3ae_bounded_repair_factor_pack_v1_20260604_phase3am_sanitized_v1_20260609.json,phase3ae_brepair_v1_00075,event_state_machine_formula_lane,event_state_lane_only,1,evt_limit_fengdan_money_last_by_1130,timestamped_event_availability_feature,event_state_only_requires_availability_guard,"CSRank(Mean($evt_limit_fengdan_money_last_by_1130,5))"
phase3ae_bounded_repair_factor_pack_v1_20260604_phase3am_sanitized_v1_20260609.json,phase3ae_brepair_v1_00076,event_state_machine_formula_lane,event_state_lane_only,1,evt_limit_fengdan_money_last_by_1130,timestamped_event_availability_feature,event_state_only_requires_availability_guard,"CSRank(Delta($evt_limit_fengdan_money_last_by_1130,5))"
phase3ae_bounded_repair_factor_pack_v1_20260604_phase3am_sanitized_v1_20260609.json,phase3ae_brepair_v1_00077,event_state_machine_formula_lane,event_state_lane_only,1,evt_limit_fengdan_money_last_by_1130,timestamped_event_availability_feature,event_state_only_requires_availability_guard,"CSRank(Mean($evt_limit_fengdan_money_last_by_1130,10))"
phase3ae_bounded_repair_factor_pack_v1_20260604_phase3am_sanitized_v1_20260609.json,phase3ae_brepair_v1_00078,event_state_machine_formula_lane,event_state_lane_only,1,evt_limit_fengdan_money_last_by_1130,timestamped_event_availability_feature,event_state_only_requires_availability_guard,"CSRank(Delta($evt_limit_fengdan_money_last_by_1130,10))"
phase3ae_bounded_repair_factor_pack_v1_20260604_phase3am_sanitized_v1_20260609.json,phase3ae_brepair_v1_00079,event_state_machine_formula_lane,event_state_lane_only,1,evt_limit_fengdan_money_last_by_1130,timestamped_event_availability_feature,event_state_only_requires_availability_guard,"CSRank(Mean($evt_limit_fengdan_money_last_by_1130,2))"
phase3ae_bounded_repair_factor_pack_v1_20260604_phase3am_sanitized_v1_20260609.json,phase3ae_brepair_v1_00080,event_state_machine_formula_lane,event_state_lane_only,1,evt_limit_fengdan_money_last_by_1130,timestamped_event_availability_feature,event_state_only_requires_availability_guard,"CSRank(Delta($evt_limit_fengdan_money_last_by_1130,2))"
phase3ae_bounded_repair_factor_pack_v1_20260604_phase3am_sanitized_v1_20260609.json,phase3ae_brepair_v1_00081,announcement_pit_formula_lane,diagnostic_context_or_disclosure_contract_needed,1,ctx_billboard_accum_amount,nonminute_pit_context,diagnostic_or_requires_disclosure_timestamp_contract,CSRank($ctx_billboard_accum_amount)
phase3ae_bounded_repair_factor_pack_v1_20260604_phase3am_sanitized_v1_20260609.json,phase3ae_brepair_v1_00082,announcement_pit_formula_lane,diagnostic_context_or_disclosure_contract_needed,1,ctx_billboard_accum_amount,nonminute_pit_context,diagnostic_or_requires_disclosure_timestamp_contract,CSRank(Neg($ctx_billboard_accum_amount))
phase3ae_bounded_repair_factor_pack_v1_20260604_phase3am_sanitized_v1_20260609.json,phase3ae_brepair_v1_00083,announcement_pit_formula_lane,diagnostic_context_or_disclosure_contract_needed,1,ctx_billboard_accum_amount,nonminute_pit_context,diagnostic_or_requires_disclosure_timestamp_contract,"CSRank(Log(Add(Abs($ctx_billboard_accum_amount),1)))"
phase3ae_bounded_repair_factor_pack_v1_20260604_phase3am_sanitized_v1_20260609.json,phase3ae_brepair_v1_00084,announcement_pit_formula_lane,diagnostic_context_or_disclosure_contract_needed,1,ctx_billboard_accum_amount,nonminute_pit_context,diagnostic_or_requires_disclosure_timestamp_contract,CSRank(ZScore($ctx_billboard_accum_amount))
phase3ae_bounded_repair_factor_pack_v1_20260604_phase3am_sanitized_v1_20260609.json,phase3ae_brepair_v1_00085,announcement_pit_formula_lane,diagnostic_context_or_disclosure_contract_needed,1,ctx_billboard_accum_amount,nonminute_pit_context,diagnostic_or_requires_disclosure_timestamp_contract,"CSRank(Mean($ctx_billboard_accum_amount,3))"
phase3ae_bounded_repair_factor_pack_v1_20260604_phase3am_sanitized_v1_20260609.json,phase3ae_brepair_v1_00086,announcement_pit_formula_lane,diagnostic_context_or_disclosure_contract_needed,1,ctx_billboard_accum_amount,nonminute_pit_context,diagnostic_or_requires_disclosure_timestamp_contract,"CSRank(Delta($ctx_billboard_accum_amount,3))"
phase3ae_bounded_repair_factor_pack_v1_20260604_phase3am_sanitized_v1_20260609.json,phase3ae_brepair_v1_00087,announcement_pit_formula_lane,diagnostic_context_or_disclosure_contract_needed,1,ctx_billboard_accum_amount,nonminute_pit_context,diagnostic_or_requires_disclosure_timestamp_contract,"CSRank(Mean($ctx_billboard_accum_amount,5))"
phase3ae_bounded_repair_factor_pack_v1_20260604_phase3am_sanitized_v1_20260609.json,phase3ae_brepair_v1_00088,announcement_pit_formula_lane,diagnostic_context_or_disclosure_contract_needed,1,ctx_billboard_accum_amount,nonminute_pit_context,diagnostic_or_requires_disclosure_timestamp_contract,"CSRank(Delta($ctx_billboard_accum_amount,5))"
phase3ae_bounded_repair_factor_pack_v1_20260604_phase3am_sanitized_v1_20260609.json,phase3ae_brepair_v1_00089,announcement_pit_formula_lane,diagnostic_context_or_disclosure_contract_needed,1,ctx_billboard_accum_amount,nonminute_pit_context,diagnostic_or_requires_disclosure_timestamp_contract,"CSRank(Mean($ctx_billboard_accum_amount,10))"
phase3ae_bounded_repair_factor_pack_v1_20260604_phase3am_sanitized_v1_20260609.json,phase3ae_brepair_v1_00090,announcement_pit_formula_lane,diagnostic_context_or_disclosure_contract_needed,1,ctx_billboard_accum_amount,nonminute_pit_context,diagnostic_or_requires_disclosure_timestamp_contract,"CSRank(Delta($ctx_billboard_accum_amount,10))"
phase3ae_bounded_repair_factor_pack_v1_20260604_phase3am_sanitized_v1_20260609.json,phase3ae_brepair_v1_00091,announcement_pit_formula_lane,diagnostic_context_or_disclosure_contract_needed,1,ctx_billboard_deal_amount_ratio,nonminute_pit_context,diagnostic_or_requires_disclosure_timestamp_contract,CSRank($ctx_billboard_deal_amount_ratio)
phase3ae_bounded_repair_factor_pack_v1_20260604_phase3am_sanitized_v1_20260609.json,phase3ae_brepair_v1_00092,announcement_pit_formula_lane,diagnostic_context_or_disclosure_contract_needed,1,ctx_billboard_deal_amount_ratio,nonminute_pit_context,diagnostic_or_requires_disclosure_timestamp_contract,CSRank(Neg($ctx_billboard_deal_amount_ratio))
phase3ae_bounded_repair_factor_pack_v1_20260604_phase3am_sanitized_v1_20260609.json,phase3ae_brepair_v1_00093,announcement_pit_formula_lane,diagnostic_context_or_disclosure_contract_needed,1,ctx_billboard_deal_amount_ratio,nonminute_pit_context,diagnostic_or_requires_disclosure_timestamp_contract,"CSRank(Log(Add(Abs($ctx_billboard_deal_amount_ratio),1)))"
phase3ae_bounded_repair_factor_pack_v1_20260604_phase3am_sanitized_v1_20260609.json,phase3ae_brepair_v1_00094,announcement_pit_formula_lane,diagnostic_context_or_disclosure_contract_needed,1,ctx_billboard_deal_amount_ratio,nonminute_pit_context,diagnostic_or_requires_disclosure_timestamp_contract,CSRank(ZScore($ctx_billboard_deal_amount_ratio))
phase3ae_bounded_repair_factor_pack_v1_20260604_phase3am_sanitized_v1_20260609.json,phase3ae_brepair_v1_00095,announcement_pit_formula_lane,diagnostic_context_or_disclosure_contract_needed,1,ctx_billboard_deal_amount_ratio,nonminute_pit_context,diagnostic_or_requires_disclosure_timestamp_contract,"CSRank(Mean($ctx_billboard_deal_amount_ratio,3))"
phase3ae_bounded_repair_factor_pack_v1_20260604_phase3am_sanitized_v1_20260609.json,phase3ae_brepair_v1_00096,announcement_pit_formula_lane,diagnostic_context_or_disclosure_contract_needed,1,ctx_billboard_deal_amount_ratio,nonminute_pit_context,diagnostic_or_requires_disclosure_timestamp_contract,"CSRank(Delta($ctx_billboard_deal_amount_ratio,3))"
phase3ae_bounded_repair_factor_pack_v1_20260604_phase3am_sanitized_v1_20260609.json,phase3ae_brepair_v1_00097,announcement_pit_formula_lane,diagnostic_context_or_disclosure_contract_needed,1,ctx_billboard_deal_amount_ratio,nonminute_pit_context,diagnostic_or_requires_disclosure_timestamp_contract,"CSRank(Mean($ctx_billboard_deal_amount_ratio,5))"
phase3ae_bounded_repair_factor_pack_v1_20260604_phase3am_sanitized_v1_20260609.json,phase3ae_brepair_v1_00098,announcement_pit_formula_lane,diagnostic_context_or_disclosure_contract_needed,1,ctx_billboard_deal_amount_ratio,nonminute_pit_context,diagnostic_or_requires_disclosure_timestamp_contract,"CSRank(Delta($ctx_billboard_deal_amount_ratio,5))"
phase3ae_bounded_repair_factor_pack_v1_20260604_phase3am_sanitized_v1_20260609.json,phase3ae_brepair_v1_00099,announcement_pit_formula_lane,diagnostic_context_or_disclosure_contract_needed,1,ctx_billboard_deal_amount_ratio,nonminute_pit_context,diagnostic_or_requires_disclosure_timestamp_contract,"CSRank(Mean($ctx_billboard_deal_amount_ratio,10))"
phase3ae_bounded_repair_factor_pack_v1_20260604_phase3am_sanitized_v1_20260609.json,phase3ae_brepair_v1_00100,announcement_pit_formula_lane,diagnostic_context_or_disclosure_contract_needed,1,ctx_billboard_deal_amount_ratio,nonminute_pit_context,diagnostic_or_requires_disclosure_timestamp_contract,"CSRank(Delta($ctx_billboard_deal_amount_ratio,10))"
phase3ae_bounded_repair_factor_pack_v1_20260604_phase3am_sanitized_v1_20260609.json,phase3ae_brepair_v1_00179,lagged_daily_formula_lane,direct_true_1min_ready,1,ctx_rzrq_rzyezb,nonminute_pit_context,blocked_or_context_only,CSRank($ctx_rzrq_rzyezb)
phase3ae_bounded_repair_factor_pack_v1_20260604_phase3am_sanitized_v1_20260609.json,phase3ae_brepair_v1_00180,lagged_daily_formula_lane,direct_true_1min_ready,1,ctx_rzrq_rzyezb,nonminute_pit_context,blocked_or_context_only,CSRank(Neg($ctx_rzrq_rzyezb))
phase3ae_bounded_repair_factor_pack_v1_20260604_phase3am_sanitized_v1_20260609.json,phase3ae_brepair_v1_00181,lagged_daily_formula_lane,direct_true_1min_ready,1,ctx_rzrq_rzyezb,nonminute_pit_context,blocked_or_context_only,"CSRank(Log(Add(Abs($ctx_rzrq_rzyezb),1)))"
phase3ae_bounded_repair_factor_pack_v1_20260604_phase3am_sanitized_v1_20260609.json,phase3ae_brepair_v1_00182,lagged_daily_formula_lane,direct_true_1min_ready,1,ctx_rzrq_rzyezb,nonminute_pit_context,blocked_or_context_only,CSRank(ZScore($ctx_rzrq_rzyezb))
phase3ae_bounded_repair_factor_pack_v1_20260604_phase3am_sanitized_v1_20260609.json,phase3ae_brepair_v1_00183,lagged_daily_formula_lane,direct_true_1min_ready,1,ctx_rzrq_rzyezb,nonminute_pit_context,blocked_or_context_only,"CSRank(Mean($ctx_rzrq_rzyezb,3))"
phase3ae_bounded_repair_factor_pack_v1_20260604_phase3am_sanitized_v1_20260609.json,phase3ae_brepair_v1_00184,lagged_daily_formula_lane,direct_true_1min_ready,1,ctx_rzrq_rzyezb,nonminute_pit_context,blocked_or_context_only,"CSRank(Delta($ctx_rzrq_rzyezb,3))"
phase3ae_bounded_repair_factor_pack_v1_20260604_phase3am_sanitized_v1_20260609.json,phase3ae_brepair_v1_00185,lagged_daily_formula_lane,direct_true_1min_ready,1,ctx_rzrq_rzyezb,nonminute_pit_context,blocked_or_context_only,"CSRank(Mean($ctx_rzrq_rzyezb,5))"
phase3ae_bounded_repair_factor_pack_v1_20260604_phase3am_sanitized_v1_20260609.json,phase3ae_brepair_v1_00186,lagged_daily_formula_lane,direct_true_1min_ready,1,ctx_rzrq_rzyezb,nonminute_pit_context,blocked_or_context_only,"CSRank(Delta($ctx_rzrq_rzyezb,5))"
phase3ae_bounded_repair_factor_pack_v1_20260604_phase3am_sanitized_v1_20260609.json,phase3ae_brepair_v1_00187,lagged_daily_formula_lane,direct_true_1min_ready,1,ctx_rzrq_rzyezb,nonminute_pit_context,blocked_or_context_only,"CSRank(Mean($ctx_rzrq_rzyezb,10))"
phase3ae_bounded_repair_factor_pack_v1_20260604_phase3am_sanitized_v1_20260609.json,phase3ae_brepair_v1_00188,lagged_daily_formula_lane,direct_true_1min_ready,1,ctx_rzrq_rzyezb,nonminute_pit_context,blocked_or_context_only,"CSRank(Delta($ctx_rzrq_rzyezb,10))"
phase3ae_bounded_repair_factor_pack_v1_20260604_phase3am_sanitized_v1_20260609.json,phase3ae_brepair_v1_00189,announcement_pit_formula_lane,diagnostic_context_or_disclosure_contract_needed,1,ctx_billboard_billboard_net_amt,nonminute_pit_context,diagnostic_or_requires_disclosure_timestamp_contract,CSRank($ctx_billboard_billboard_net_amt)
phase3ae_bounded_repair_factor_pack_v1_20260604_phase3am_sanitized_v1_20260609.json,phase3ae_brepair_v1_00190,announcement_pit_formula_lane,diagnostic_context_or_disclosure_contract_needed,1,ctx_billboard_billboard_net_amt,nonminute_pit_context,diagnostic_or_requires_disclosure_timestamp_contract,CSRank(Neg($ctx_billboard_billboard_net_amt))
phase3ae_bounded_repair_factor_pack_v1_20260604_phase3am_sanitized_v1_20260609.json,phase3ae_brepair_v1_00191,announcement_pit_formula_lane,diagnostic_context_or_disclosure_contract_needed,1,ctx_billboard_billboard_net_amt,nonminute_pit_context,diagnostic_or_requires_disclosure_timestamp_contract,"CSRank(Log(Add(Abs($ctx_billboard_billboard_net_amt),1)))"
phase3ae_bounded_repair_factor_pack_v1_20260604_phase3am_sanitized_v1_20260609.json,phase3ae_brepair_v1_00192,announcement_pit_formula_lane,diagnostic_context_or_disclosure_contract_needed,1,ctx_billboard_billboard_net_amt,nonminute_pit_context,diagnostic_or_requires_disclosure_timestamp_contract,CSRank(ZScore($ctx_billboard_billboard_net_amt))
phase3ae_bounded_repair_factor_pack_v1_20260604_phase3am_sanitized_v1_20260609.json,phase3ae_brepair_v1_00193,announcement_pit_formula_lane,diagnostic_context_or_disclosure_contract_needed,1,ctx_billboard_billboard_net_amt,nonminute_pit_context,diagnostic_or_requires_disclosure_timestamp_contract,"CSRank(Mean($ctx_billboard_billboard_net_amt,3))"
phase3ae_bounded_repair_factor_pack_v1_20260604_phase3am_sanitized_v1_20260609.json,phase3ae_brepair_v1_00194,announcement_pit_formula_lane,diagnostic_context_or_disclosure_contract_needed,1,ctx_billboard_billboard_net_amt,nonminute_pit_context,diagnostic_or_requires_disclosure_timestamp_contract,"CSRank(Delta($ctx_billboard_billboard_net_amt,3))"
phase3ae_bounded_repair_factor_pack_v1_20260604_phase3am_sanitized_v1_20260609.json,phase3ae_brepair_v1_00195,announcement_pit_formula_lane,diagnostic_context_or_disclosure_contract_needed,1,ctx_billboard_billboard_net_amt,nonminute_pit_context,diagnostic_or_requires_disclosure_timestamp_contract,"CSRank(Mean($ctx_billboard_billboard_net_amt,5))"
phase3ae_bounded_repair_factor_pack_v1_20260604_phase3am_sanitized_v1_20260609.json,phase3ae_brepair_v1_00196,announcement_pit_formula_lane,diagnostic_context_or_disclosure_contract_needed,1,ctx_billboard_billboard_net_amt,nonminute_pit_context,diagnostic_or_requires_disclosure_timestamp_contract,"CSRank(Delta($ctx_billboard_billboard_net_amt,5))"
phase3ae_bounded_repair_factor_pack_v1_20260604_phase3am_sanitized_v1_20260609.json,phase3ae_brepair_v1_00197,announcement_pit_formula_lane,diagnostic_context_or_disclosure_contract_needed,1,ctx_billboard_billboard_net_amt,nonminute_pit_context,diagnostic_or_requires_disclosure_timestamp_contract,"CSRank(Mean($ctx_billboard_billboard_net_amt,10))"
phase3ae_bounded_repair_factor_pack_v1_20260604_phase3am_sanitized_v1_20260609.json,phase3ae_brepair_v1_00198,announcement_pit_formula_lane,diagnostic_context_or_disclosure_contract_needed,1,ctx_billboard_billboard_net_amt,nonminute_pit_context,diagnostic_or_requires_disclosure_timestamp_contract,"CSRank(Delta($ctx_billboard_billboard_net_amt,10))"
phase3ae_bounded_repair_factor_pack_v1_20260604_phase3am_sanitized_v1_20260609.json,phase3ae_brepair_v1_00199,announcement_pit_formula_lane,diagnostic_context_or_disclosure_contract_needed,1,ctx_billboard_net_bs_amt,nonminute_pit_context,diagnostic_or_requires_disclosure_timestamp_contract,CSRank($ctx_billboard_net_bs_amt)
phase3ae_bounded_repair_factor_pack_v1_20260604_phase3am_sanitized_v1_20260609.json,phase3ae_brepair_v1_00200,announcement_pit_formula_lane,diagnostic_context_or_disclosure_contract_needed,1,ctx_billboard_net_bs_amt,nonminute_pit_context,diagnostic_or_requires_disclosure_timestamp_contract,CSRank(Neg($ctx_billboard_net_bs_amt))
phase3ae_bounded_repair_factor_pack_v1_20260604_phase3am_sanitized_v1_20260609.json,phase3ae_brepair_v1_00201,announcement_pit_formula_lane,diagnostic_context_or_disclosure_contract_needed,1,ctx_billboard_net_bs_amt,nonminute_pit_context,diagnostic_or_requires_disclosure_timestamp_contract,"CSRank(Log(Add(Abs($ctx_billboard_net_bs_amt),1)))"
phase3ae_bounded_repair_factor_pack_v1_20260604_phase3am_sanitized_v1_20260609.json,phase3ae_brepair_v1_00202,announcement_pit_formula_lane,diagnostic_context_or_disclosure_contract_needed,1,ctx_billboard_net_bs_amt,nonminute_pit_context,diagnostic_or_requires_disclosure_timestamp_contract,CSRank(ZScore($ctx_billboard_net_bs_amt))
phase3ae_bounded_repair_factor_pack_v1_20260604_phase3am_sanitized_v1_20260609.json,phase3ae_brepair_v1_00203,announcement_pit_formula_lane,diagnostic_context_or_disclosure_contract_needed,1,ctx_billboard_net_bs_amt,nonminute_pit_context,diagnostic_or_requires_disclosure_timestamp_contract,"CSRank(Mean($ctx_billboard_net_bs_amt,3))"
phase3ae_bounded_repair_factor_pack_v1_20260604_phase3am_sanitized_v1_20260609.json,phase3ae_brepair_v1_00204,announcement_pit_formula_lane,diagnostic_context_or_disclosure_contract_needed,1,ctx_billboard_net_bs_amt,nonminute_pit_context,diagnostic_or_requires_disclosure_timestamp_contract,"CSRank(Delta($ctx_billboard_net_bs_amt,3))"
phase3ae_bounded_repair_factor_pack_v1_20260604_phase3am_sanitized_v1_20260609.json,phase3ae_brepair_v1_00205,announcement_pit_formula_lane,diagnostic_context_or_disclosure_contract_needed,1,ctx_billboard_net_bs_amt,nonminute_pit_context,diagnostic_or_requires_disclosure_timestamp_contract,"CSRank(Mean($ctx_billboard_net_bs_amt,5))"
phase3ae_bounded_repair_factor_pack_v1_20260604_phase3am_sanitized_v1_20260609.json,phase3ae_brepair_v1_00206,announcement_pit_formula_lane,diagnostic_context_or_disclosure_contract_needed,1,ctx_billboard_net_bs_amt,nonminute_pit_context,diagnostic_or_requires_disclosure_timestamp_contract,"CSRank(Delta($ctx_billboard_net_bs_amt,5))"
phase3ae_bounded_repair_factor_pack_v1_20260604_phase3am_sanitized_v1_20260609.json,phase3ae_brepair_v1_00207,announcement_pit_formula_lane,diagnostic_context_or_disclosure_contract_needed,1,ctx_billboard_net_bs_amt,nonminute_pit_context,diagnostic_or_requires_disclosure_timestamp_contract,"CSRank(Mean($ctx_billboard_net_bs_amt,10))"
phase3ae_bounded_repair_factor_pack_v1_20260604_phase3am_sanitized_v1_20260609.json,phase3ae_brepair_v1_00208,announcement_pit_formula_lane,diagnostic_context_or_disclosure_contract_needed,1,ctx_billboard_net_bs_amt,nonminute_pit_context,diagnostic_or_requires_disclosure_timestamp_contract,"CSRank(Delta($ctx_billboard_net_bs_amt,10))"
phase3ae_bounded_repair_factor_pack_v1_20260604_phase3am_sanitized_v1_20260609.json,phase3ae_brepair_v1_00209,announcement_pit_formula_lane,diagnostic_context_or_disclosure_contract_needed,1,ctx_billboard_turnoverrate,nonminute_pit_context,diagnostic_or_requires_disclosure_timestamp_contract,CSRank($ctx_billboard_turnoverrate)
phase3ae_bounded_repair_factor_pack_v1_20260604_phase3am_sanitized_v1_20260609.json,phase3ae_brepair_v1_00210,announcement_pit_formula_lane,diagnostic_context_or_disclosure_contract_needed,1,ctx_billboard_turnoverrate,nonminute_pit_context,diagnostic_or_requires_disclosure_timestamp_contract,CSRank(Neg($ctx_billboard_turnoverrate))
phase3ae_bounded_repair_factor_pack_v1_20260604_phase3am_sanitized_v1_20260609.json,phase3ae_brepair_v1_00211,announcement_pit_formula_lane,diagnostic_context_or_disclosure_contract_needed,1,ctx_billboard_turnoverrate,nonminute_pit_context,diagnostic_or_requires_disclosure_timestamp_contract,"CSRank(Log(Add(Abs($ctx_billboard_turnoverrate),1)))"
phase3ae_bounded_repair_factor_pack_v1_20260604_phase3am_sanitized_v1_20260609.json,phase3ae_brepair_v1_00212,announcement_pit_formula_lane,diagnostic_context_or_disclosure_contract_needed,1,ctx_billboard_turnoverrate,nonminute_pit_context,diagnostic_or_requires_disclosure_timestamp_contract,CSRank(ZScore($ctx_billboard_turnoverrate))
phase3ae_bounded_repair_factor_pack_v1_20260604_phase3am_sanitized_v1_20260609.json,phase3ae_brepair_v1_00213,announcement_pit_formula_lane,diagnostic_context_or_disclosure_contract_needed,1,ctx_billboard_turnoverrate,nonminute_pit_context,diagnostic_or_requires_disclosure_timestamp_contract,"CSRank(Mean($ctx_billboard_turnoverrate,3))"
phase3ae_bounded_repair_factor_pack_v1_20260604_phase3am_sanitized_v1_20260609.json,phase3ae_brepair_v1_00214,announcement_pit_formula_lane,diagnostic_context_or_disclosure_contract_needed,1,ctx_billboard_turnoverrate,nonminute_pit_context,diagnostic_or_requires_disclosure_timestamp_contract,"CSRank(Delta($ctx_billboard_turnoverrate,3))"
phase3ae_bounded_repair_factor_pack_v1_20260604_phase3am_sanitized_v1_20260609.json,phase3ae_brepair_v1_00215,announcement_pit_formula_lane,diagnostic_context_or_disclosure_contract_needed,1,ctx_billboard_turnoverrate,nonminute_pit_context,diagnostic_or_requires_disclosure_timestamp_contract,"CSRank(Mean($ctx_billboard_turnoverrate,5))"
phase3ae_bounded_repair_factor_pack_v1_20260604_phase3am_sanitized_v1_20260609.json,phase3ae_brepair_v1_00216,announcement_pit_formula_lane,diagnostic_context_or_disclosure_contract_needed,1,ctx_billboard_turnoverrate,nonminute_pit_context,diagnostic_or_requires_disclosure_timestamp_contract,"CSRank(Delta($ctx_billboard_turnoverrate,5))"
phase3ae_bounded_repair_factor_pack_v1_20260604_phase3am_sanitized_v1_20260609.json,phase3ae_brepair_v1_00217,announcement_pit_formula_lane,diagnostic_context_or_disclosure_contract_needed,1,ctx_billboard_turnoverrate,nonminute_pit_context,diagnostic_or_requires_disclosure_timestamp_contract,"CSRank(Mean($ctx_billboard_turnoverrate,10))"
phase3ae_bounded_repair_factor_pack_v1_20260604_phase3am_sanitized_v1_20260609.json,phase3ae_brepair_v1_00218,announcement_pit_formula_lane,diagnostic_context_or_disclosure_contract_needed,1,ctx_billboard_turnoverrate,nonminute_pit_context,diagnostic_or_requires_disclosure_timestamp_contract,"CSRank(Delta($ctx_billboard_turnoverrate,10))"
phase3ae_bounded_repair_factor_pack_v1_20260604_phase3am_sanitized_v1_20260609.json,phase3ae_brepair_v1_00219,announcement_pit_formula_lane,adaptable_with_lagged_context_sidecar,1,ctx_holder_change_shares,nonminute_pit_context,lagged_context_sidecar_allowed,CSRank($ctx_holder_change_shares)
phase3ae_bounded_repair_factor_pack_v1_20260604_phase3am_sanitized_v1_20260609.json,phase3ae_brepair_v1_00220,announcement_pit_formula_lane,adaptable_with_lagged_context_sidecar,1,ctx_holder_change_shares,nonminute_pit_context,lagged_context_sidecar_allowed,CSRank(Neg($ctx_holder_change_shares))
phase3ae_bounded_repair_factor_pack_v1_20260604_phase3am_sanitized_v1_20260609.json,phase3ae_brepair_v1_00221,announcement_pit_formula_lane,adaptable_with_lagged_context_sidecar,1,ctx_holder_change_shares,nonminute_pit_context,lagged_context_sidecar_allowed,"CSRank(Log(Add(Abs($ctx_holder_change_shares),1)))"
phase3ae_bounded_repair_factor_pack_v1_20260604_phase3am_sanitized_v1_20260609.json,phase3ae_brepair_v1_00222,announcement_pit_formula_lane,adaptable_with_lagged_context_sidecar,1,ctx_holder_change_shares,nonminute_pit_context,lagged_context_sidecar_allowed,CSRank(ZScore($ctx_holder_change_shares))
phase3ae_bounded_repair_factor_pack_v1_20260604_phase3am_sanitized_v1_20260609.json,phase3ae_brepair_v1_00223,announcement_pit_formula_lane,adaptable_with_lagged_context_sidecar,1,ctx_holder_change_shares,nonminute_pit_context,lagged_context_sidecar_allowed,"CSRank(Neg(Mean($ctx_holder_change_shares,5)))"
phase3ae_bounded_repair_factor_pack_v1_20260604_phase3am_sanitized_v1_20260609.json,phase3ae_brepair_v1_00224,announcement_pit_formula_lane,adaptable_with_lagged_context_sidecar,1,ctx_holder_change_shares,nonminute_pit_context,lagged_context_sidecar_allowed,"CSRank(Neg(Mean($ctx_holder_change_shares,20)))"
phase3ae_bounded_repair_factor_pack_v1_20260604_phase3am_sanitized_v1_20260609.json,phase3ae_brepair_v1_00225,announcement_pit_formula_lane,diagnostic_context_or_disclosure_contract_needed,1,ctx_billboard_free_market_cap,nonminute_pit_context,diagnostic_or_requires_disclosure_timestamp_contract,CSRank($ctx_billboard_free_market_cap)
phase3ae_bounded_repair_factor_pack_v1_20260604_phase3am_sanitized_v1_20260609.json,phase3ae_brepair_v1_00226,announcement_pit_formula_lane,diagnostic_context_or_disclosure_contract_needed,1,ctx_billboard_free_market_cap,nonminute_pit_context,diagnostic_or_requires_disclosure_timestamp_contract,CSRank(Neg($ctx_billboard_free_market_cap))
phase3ae_bounded_repair_factor_pack_v1_20260604_phase3am_sanitized_v1_20260609.json,phase3ae_brepair_v1_00227,announcement_pit_formula_lane,diagnostic_context_or_disclosure_contract_needed,1,ctx_billboard_free_market_cap,nonminute_pit_context,diagnostic_or_requires_disclosure_timestamp_contract,"CSRank(Log(Add(Abs($ctx_billboard_free_market_cap),1)))"
phase3ae_bounded_repair_factor_pack_v1_20260604_phase3am_sanitized_v1_20260609.json,phase3ae_brepair_v1_00228,announcement_pit_formula_lane,diagnostic_context_or_disclosure_contract_needed,1,ctx_billboard_free_market_cap,nonminute_pit_context,diagnostic_or_requires_disclosure_timestamp_contract,CSRank(ZScore($ctx_billboard_free_market_cap))
phase3ae_bounded_repair_factor_pack_v1_20260604_phase3am_sanitized_v1_20260609.json,phase3ae_brepair_v1_00229,announcement_pit_formula_lane,diagnostic_context_or_disclosure_contract_needed,1,ctx_billboard_free_market_cap,nonminute_pit_context,diagnostic_or_requires_disclosure_timestamp_contract,"CSRank(Neg(Mean($ctx_billboard_free_market_cap,5)))"
phase3ae_bounded_repair_factor_pack_v1_20260604_phase3am_sanitized_v1_20260609.json,phase3ae_brepair_v1_00230,announcement_pit_formula_lane,diagnostic_context_or_disclosure_contract_needed,1,ctx_billboard_free_market_cap,nonminute_pit_context,diagnostic_or_requires_disclosure_timestamp_contract,"CSRank(Neg(Mean($ctx_billboard_free_market_cap,20)))"
phase3ae_bounded_repair_factor_pack_v1_20260604_phase3am_sanitized_v1_20260609.json,phase3ae_brepair_v1_00231,lagged_daily_formula_lane,direct_true_1min_ready,1,ctx_rzrq_spj,nonminute_pit_context,blocked_or_context_only,CSRank($ctx_rzrq_spj)
phase3ae_bounded_repair_factor_pack_v1_20260604_phase3am_sanitized_v1_20260609.json,phase3ae_brepair_v1_00232,lagged_daily_formula_lane,direct_true_1min_ready,1,ctx_rzrq_spj,nonminute_pit_context,blocked_or_context_only,CSRank(Neg($ctx_rzrq_spj))
phase3ae_bounded_repair_factor_pack_v1_20260604_phase3am_sanitized_v1_20260609.json,phase3ae_brepair_v1_00233,lagged_daily_formula_lane,direct_true_1min_ready,1,ctx_rzrq_spj,nonminute_pit_context,blocked_or_context_only,"CSRank(Log(Add(Abs($ctx_rzrq_spj),1)))"
phase3ae_bounded_repair_factor_pack_v1_20260604_phase3am_sanitized_v1_20260609.json,phase3ae_brepair_v1_00234,lagged_daily_formula_lane,direct_true_1min_ready,1,ctx_rzrq_spj,nonminute_pit_context,blocked_or_context_only,CSRank(ZScore($ctx_rzrq_spj))
phase3ae_bounded_repair_factor_pack_v1_20260604_phase3am_sanitized_v1_20260609.json,phase3ae_brepair_v1_00235,lagged_daily_formula_lane,direct_true_1min_ready,1,ctx_rzrq_spj,nonminute_pit_context,blocked_or_context_only,"CSRank(Mean($ctx_rzrq_spj,3))"
phase3ae_bounded_repair_factor_pack_v1_20260604_phase3am_sanitized_v1_20260609.json,phase3ae_brepair_v1_00236,lagged_daily_formula_lane,direct_true_1min_ready,1,ctx_rzrq_spj,nonminute_pit_context,blocked_or_context_only,"CSRank(Delta($ctx_rzrq_spj,3))"
phase3ae_bounded_repair_factor_pack_v1_20260604_phase3am_sanitized_v1_20260609.json,phase3ae_brepair_v1_00237,lagged_daily_formula_lane,direct_true_1min_ready,1,ctx_rzrq_spj,nonminute_pit_context,blocked_or_context_only,"CSRank(Mean($ctx_rzrq_spj,5))"
phase3ae_bounded_repair_factor_pack_v1_20260604_phase3am_sanitized_v1_20260609.json,phase3ae_brepair_v1_00238,lagged_daily_formula_lane,direct_true_1min_ready,1,ctx_rzrq_spj,nonminute_pit_context,blocked_or_context_only,"CSRank(Delta($ctx_rzrq_spj,5))"
phase3ae_bounded_repair_factor_pack_v1_20260604_phase3am_sanitized_v1_20260609.json,phase3ae_brepair_v1_00239,lagged_daily_formula_lane,direct_true_1min_ready,1,ctx_rzrq_spj,nonminute_pit_context,blocked_or_context_only,"CSRank(Mean($ctx_rzrq_spj,10))"
phase3ae_bounded_repair_factor_pack_v1_20260604_phase3am_sanitized_v1_20260609.json,phase3ae_brepair_v1_00240,lagged_daily_formula_lane,direct_true_1min_ready,1,ctx_rzrq_spj,nonminute_pit_context,blocked_or_context_only,"CSRank(Delta($ctx_rzrq_spj,10))"
phase3ae_bounded_repair_factor_pack_v1_20260604_phase3am_sanitized_v1_20260609.json,phase3ae_brepair_v1_00241,lagged_daily_formula_lane,direct_true_1min_ready,1,ctx_rzrq_zdf,nonminute_pit_context,blocked_or_context_only,CSRank($ctx_rzrq_zdf)
phase3ae_bounded_repair_factor_pack_v1_20260604_phase3am_sanitized_v1_20260609.json,phase3ae_brepair_v1_00242,lagged_daily_formula_lane,direct_true_1min_ready,1,ctx_rzrq_zdf,nonminute_pit_context,blocked_or_context_only,CSRank(Neg($ctx_rzrq_zdf))
phase3ae_bounded_repair_factor_pack_v1_20260604_phase3am_sanitized_v1_20260609.json,phase3ae_brepair_v1_00243,lagged_daily_formula_lane,direct_true_1min_ready,1,ctx_rzrq_zdf,nonminute_pit_context,blocked_or_context_only,"CSRank(Log(Add(Abs($ctx_rzrq_zdf),1)))"
phase3ae_bounded_repair_factor_pack_v1_20260604_phase3am_sanitized_v1_20260609.json,phase3ae_brepair_v1_00244,lagged_daily_formula_lane,direct_true_1min_ready,1,ctx_rzrq_zdf,nonminute_pit_context,blocked_or_context_only,CSRank(ZScore($ctx_rzrq_zdf))
phase3ae_bounded_repair_factor_pack_v1_20260604_phase3am_sanitized_v1_20260609.json,phase3ae_brepair_v1_00245,lagged_daily_formula_lane,direct_true_1min_ready,1,ctx_rzrq_zdf,nonminute_pit_context,blocked_or_context_only,"CSRank(Mean($ctx_rzrq_zdf,3))"
phase3ae_bounded_repair_factor_pack_v1_20260604_phase3am_sanitized_v1_20260609.json,phase3ae_brepair_v1_00246,lagged_daily_formula_lane,direct_true_1min_ready,1,ctx_rzrq_zdf,nonminute_pit_context,blocked_or_context_only,"CSRank(Delta($ctx_rzrq_zdf,3))"
phase3ae_bounded_repair_factor_pack_v1_20260604_phase3am_sanitized_v1_20260609.json,phase3ae_brepair_v1_00247,lagged_daily_formula_lane,direct_true_1min_ready,1,ctx_rzrq_zdf,nonminute_pit_context,blocked_or_context_only,"CSRank(Mean($ctx_rzrq_zdf,5))"
phase3ae_bounded_repair_factor_pack_v1_20260604_phase3am_sanitized_v1_20260609.json,phase3ae_brepair_v1_00248,lagged_daily_formula_lane,direct_true_1min_ready,1,ctx_rzrq_zdf,nonminute_pit_context,blocked_or_context_only,"CSRank(Delta($ctx_rzrq_zdf,5))"
phase3ae_bounded_repair_factor_pack_v1_20260604_phase3am_sanitized_v1_20260609.json,phase3ae_brepair_v1_00249,lagged_daily_formula_lane,direct_true_1min_ready,1,ctx_rzrq_zdf,nonminute_pit_context,blocked_or_context_only,"CSRank(Mean($ctx_rzrq_zdf,10))"
phase3ae_bounded_repair_factor_pack_v1_20260604_phase3am_sanitized_v1_20260609.json,phase3ae_brepair_v1_00250,lagged_daily_formula_lane,direct_true_1min_ready,1,ctx_rzrq_zdf,nonminute_pit_context,blocked_or_context_only,"CSRank(Delta($ctx_rzrq_zdf,10))"
phase3ae_bounded_repair_factor_pack_v1_20260604_phase3am_sanitized_v1_20260609.json,phase3ae_brepair_v1_00271,announcement_pit_formula_lane,diagnostic_context_or_disclosure_contract_needed,1,ctx_billboard_billboard_buy_amt,nonminute_pit_context,diagnostic_or_requires_disclosure_timestamp_contract,CSRank($ctx_billboard_billboard_buy_amt)
phase3ae_bounded_repair_factor_pack_v1_20260604_phase3am_sanitized_v1_20260609.json,phase3ae_brepair_v1_00272,announcement_pit_formula_lane,diagnostic_context_or_disclosure_contract_needed,1,ctx_billboard_billboard_buy_amt,nonminute_pit_context,diagnostic_or_requires_disclosure_timestamp_contract,CSRank(Neg($ctx_billboard_billboard_buy_amt))
phase3ae_bounded_repair_factor_pack_v1_20260604_phase3am_sanitized_v1_20260609.json,phase3ae_brepair_v1_00273,announcement_pit_formula_lane,diagnostic_context_or_disclosure_contract_needed,1,ctx_billboard_billboard_buy_amt,nonminute_pit_context,diagnostic_or_requires_disclosure_timestamp_contract,"CSRank(Log(Add(Abs($ctx_billboard_billboard_buy_amt),1)))"
phase3ae_bounded_repair_factor_pack_v1_20260604_phase3am_sanitized_v1_20260609.json,phase3ae_brepair_v1_00274,announcement_pit_formula_lane,diagnostic_context_or_disclosure_contract_needed,1,ctx_billboard_billboard_buy_amt,nonminute_pit_context,diagnostic_or_requires_disclosure_timestamp_contract,CSRank(ZScore($ctx_billboard_billboard_buy_amt))
phase3ae_bounded_repair_factor_pack_v1_20260604_phase3am_sanitized_v1_20260609.json,phase3ae_brepair_v1_00275,announcement_pit_formula_lane,diagnostic_context_or_disclosure_contract_needed,1,ctx_billboard_billboard_buy_amt,nonminute_pit_context,diagnostic_or_requires_disclosure_timestamp_contract,"CSRank(Mean($ctx_billboard_billboard_buy_amt,3))"
phase3ae_bounded_repair_factor_pack_v1_20260604_phase3am_sanitized_v1_20260609.json,phase3ae_brepair_v1_00276,announcement_pit_formula_lane,diagnostic_context_or_disclosure_contract_needed,1,ctx_billboard_billboard_buy_amt,nonminute_pit_context,diagnostic_or_requires_disclosure_timestamp_contract,"CSRank(Delta($ctx_billboard_billboard_buy_amt,3))"
phase3ae_bounded_repair_factor_pack_v1_20260604_phase3am_sanitized_v1_20260609.json,phase3ae_brepair_v1_00277,announcement_pit_formula_lane,diagnostic_context_or_disclosure_contract_needed,1,ctx_billboard_billboard_buy_amt,nonminute_pit_context,diagnostic_or_requires_disclosure_timestamp_contract,"CSRank(Mean($ctx_billboard_billboard_buy_amt,5))"
phase3ae_bounded_repair_factor_pack_v1_20260604_phase3am_sanitized_v1_20260609.json,phase3ae_brepair_v1_00278,announcement_pit_formula_lane,diagnostic_context_or_disclosure_contract_needed,1,ctx_billboard_billboard_buy_amt,nonminute_pit_context,diagnostic_or_requires_disclosure_timestamp_contract,"CSRank(Delta($ctx_billboard_billboard_buy_amt,5))"
phase3ae_bounded_repair_factor_pack_v1_20260604_phase3am_sanitized_v1_20260609.json,phase3ae_brepair_v1_00279,announcement_pit_formula_lane,diagnostic_context_or_disclosure_contract_needed,1,ctx_billboard_billboard_buy_amt,nonminute_pit_context,diagnostic_or_requires_disclosure_timestamp_contract,"CSRank(Mean($ctx_billboard_billboard_buy_amt,10))"
phase3ae_bounded_repair_factor_pack_v1_20260604_phase3am_sanitized_v1_20260609.json,phase3ae_brepair_v1_00280,announcement_pit_formula_lane,diagnostic_context_or_disclosure_contract_needed,1,ctx_billboard_billboard_buy_amt,nonminute_pit_context,diagnostic_or_requires_disclosure_timestamp_contract,"CSRank(Delta($ctx_billboard_billboard_buy_amt,10))"
phase3ae_bounded_repair_factor_pack_v1_20260604_phase3am_sanitized_v1_20260609.json,phase3ae_brepair_v1_00281,announcement_pit_formula_lane,diagnostic_context_or_disclosure_contract_needed,1,ctx_billboard_billboard_deal_amt,nonminute_pit_context,diagnostic_or_requires_disclosure_timestamp_contract,CSRank($ctx_billboard_billboard_deal_amt)
phase3ae_bounded_repair_factor_pack_v1_20260604_phase3am_sanitized_v1_20260609.json,phase3ae_brepair_v1_00282,announcement_pit_formula_lane,diagnostic_context_or_disclosure_contract_needed,1,ctx_billboard_billboard_deal_amt,nonminute_pit_context,diagnostic_or_requires_disclosure_timestamp_contract,CSRank(Neg($ctx_billboard_billboard_deal_amt))
phase3ae_bounded_repair_factor_pack_v1_20260604_phase3am_sanitized_v1_20260609.json,phase3ae_brepair_v1_00283,announcement_pit_formula_lane,diagnostic_context_or_disclosure_contract_needed,1,ctx_billboard_billboard_deal_amt,nonminute_pit_context,diagnostic_or_requires_disclosure_timestamp_contract,"CSRank(Log(Add(Abs($ctx_billboard_billboard_deal_amt),1)))"
phase3ae_bounded_repair_factor_pack_v1_20260604_phase3am_sanitized_v1_20260609.json,phase3ae_brepair_v1_00284,announcement_pit_formula_lane,diagnostic_context_or_disclosure_contract_needed,1,ctx_billboard_billboard_deal_amt,nonminute_pit_context,diagnostic_or_requires_disclosure_timestamp_contract,CSRank(ZScore($ctx_billboard_billboard_deal_amt))
phase3ae_bounded_repair_factor_pack_v1_20260604_phase3am_sanitized_v1_20260609.json,phase3ae_brepair_v1_00285,announcement_pit_formula_lane,diagnostic_context_or_disclosure_contract_needed,1,ctx_billboard_billboard_deal_amt,nonminute_pit_context,diagnostic_or_requires_disclosure_timestamp_contract,"CSRank(Mean($ctx_billboard_billboard_deal_amt,3))"
phase3ae_bounded_repair_factor_pack_v1_20260604_phase3am_sanitized_v1_20260609.json,phase3ae_brepair_v1_00286,announcement_pit_formula_lane,diagnostic_context_or_disclosure_contract_needed,1,ctx_billboard_billboard_deal_amt,nonminute_pit_context,diagnostic_or_requires_disclosure_timestamp_contract,"CSRank(Delta($ctx_billboard_billboard_deal_amt,3))"
phase3ae_bounded_repair_factor_pack_v1_20260604_phase3am_sanitized_v1_20260609.json,phase3ae_brepair_v1_00287,announcement_pit_formula_lane,diagnostic_context_or_disclosure_contract_needed,1,ctx_billboard_billboard_deal_amt,nonminute_pit_context,diagnostic_or_requires_disclosure_timestamp_contract,"CSRank(Mean($ctx_billboard_billboard_deal_amt,5))"
phase3ae_bounded_repair_factor_pack_v1_20260604_phase3am_sanitized_v1_20260609.json,phase3ae_brepair_v1_00288,announcement_pit_formula_lane,diagnostic_context_or_disclosure_contract_needed,1,ctx_billboard_billboard_deal_amt,nonminute_pit_context,diagnostic_or_requires_disclosure_timestamp_contract,"CSRank(Delta($ctx_billboard_billboard_deal_amt,5))"
phase3ae_bounded_repair_factor_pack_v1_20260604_phase3am_sanitized_v1_20260609.json,phase3ae_brepair_v1_00289,announcement_pit_formula_lane,diagnostic_context_or_disclosure_contract_needed,1,ctx_billboard_billboard_deal_amt,nonminute_pit_context,diagnostic_or_requires_disclosure_timestamp_contract,"CSRank(Mean($ctx_billboard_billboard_deal_amt,10))"
phase3ae_bounded_repair_factor_pack_v1_20260604_phase3am_sanitized_v1_20260609.json,phase3ae_brepair_v1_00290,announcement_pit_formula_lane,diagnostic_context_or_disclosure_contract_needed,1,ctx_billboard_billboard_deal_amt,nonminute_pit_context,diagnostic_or_requires_disclosure_timestamp_contract,"CSRank(Delta($ctx_billboard_billboard_deal_amt,10))"
phase3ae_bounded_repair_factor_pack_v1_20260604_phase3am_sanitized_v1_20260609.json,phase3ae_brepair_v1_00291,announcement_pit_formula_lane,diagnostic_context_or_disclosure_contract_needed,1,ctx_billboard_billboard_sell_amt,nonminute_pit_context,diagnostic_or_requires_disclosure_timestamp_contract,CSRank($ctx_billboard_billboard_sell_amt)
phase3ae_bounded_repair_factor_pack_v1_20260604_phase3am_sanitized_v1_20260609.json,phase3ae_brepair_v1_00292,announcement_pit_formula_lane,diagnostic_context_or_disclosure_contract_needed,1,ctx_billboard_billboard_sell_amt,nonminute_pit_context,diagnostic_or_requires_disclosure_timestamp_contract,CSRank(Neg($ctx_billboard_billboard_sell_amt))
phase3ae_bounded_repair_factor_pack_v1_20260604_phase3am_sanitized_v1_20260609.json,phase3ae_brepair_v1_00293,announcement_pit_formula_lane,diagnostic_context_or_disclosure_contract_needed,1,ctx_billboard_billboard_sell_amt,nonminute_pit_context,diagnostic_or_requires_disclosure_timestamp_contract,"CSRank(Log(Add(Abs($ctx_billboard_billboard_sell_amt),1)))"
phase3ae_bounded_repair_factor_pack_v1_20260604_phase3am_sanitized_v1_20260609.json,phase3ae_brepair_v1_00294,announcement_pit_formula_lane,diagnostic_context_or_disclosure_contract_needed,1,ctx_billboard_billboard_sell_amt,nonminute_pit_context,diagnostic_or_requires_disclosure_timestamp_contract,CSRank(ZScore($ctx_billboard_billboard_sell_amt))
phase3ae_bounded_repair_factor_pack_v1_20260604_phase3am_sanitized_v1_20260609.json,phase3ae_brepair_v1_00295,announcement_pit_formula_lane,diagnostic_context_or_disclosure_contract_needed,1,ctx_billboard_billboard_sell_amt,nonminute_pit_context,diagnostic_or_requires_disclosure_timestamp_contract,"CSRank(Mean($ctx_billboard_billboard_sell_amt,3))"
phase3ae_bounded_repair_factor_pack_v1_20260604_phase3am_sanitized_v1_20260609.json,phase3ae_brepair_v1_00296,announcement_pit_formula_lane,diagnostic_context_or_disclosure_contract_needed,1,ctx_billboard_billboard_sell_amt,nonminute_pit_context,diagnostic_or_requires_disclosure_timestamp_contract,"CSRank(Delta($ctx_billboard_billboard_sell_amt,3))"
phase3ae_bounded_repair_factor_pack_v1_20260604_phase3am_sanitized_v1_20260609.json,phase3ae_brepair_v1_00297,announcement_pit_formula_lane,diagnostic_context_or_disclosure_contract_needed,1,ctx_billboard_billboard_sell_amt,nonminute_pit_context,diagnostic_or_requires_disclosure_timestamp_contract,"CSRank(Mean($ctx_billboard_billboard_sell_amt,5))"
phase3ae_bounded_repair_factor_pack_v1_20260604_phase3am_sanitized_v1_20260609.json,phase3ae_brepair_v1_00298,announcement_pit_formula_lane,diagnostic_context_or_disclosure_contract_needed,1,ctx_billboard_billboard_sell_amt,nonminute_pit_context,diagnostic_or_requires_disclosure_timestamp_contract,"CSRank(Delta($ctx_billboard_billboard_sell_amt,5))"
phase3ae_bounded_repair_factor_pack_v1_20260604_phase3am_sanitized_v1_20260609.json,phase3ae_brepair_v1_00299,announcement_pit_formula_lane,diagnostic_context_or_disclosure_contract_needed,1,ctx_billboard_billboard_sell_amt,nonminute_pit_context,diagnostic_or_requires_disclosure_timestamp_contract,"CSRank(Mean($ctx_billboard_billboard_sell_amt,10))"
phase3ae_bounded_repair_factor_pack_v1_20260604_phase3am_sanitized_v1_20260609.json,phase3ae_brepair_v1_00300,announcement_pit_formula_lane,diagnostic_context_or_disclosure_contract_needed,1,ctx_billboard_billboard_sell_amt,nonminute_pit_context,diagnostic_or_requires_disclosure_timestamp_contract,"CSRank(Delta($ctx_billboard_billboard_sell_amt,10))"
phase3ae_bounded_repair_factor_pack_v1_20260604_phase3am_sanitized_v1_20260609.json,phase3ae_brepair_v1_00301,announcement_pit_formula_lane,diagnostic_context_or_disclosure_contract_needed,1,ctx_billboard_buy_ratio,nonminute_pit_context,diagnostic_or_requires_disclosure_timestamp_contract,CSRank($ctx_billboard_buy_ratio)
phase3ae_bounded_repair_factor_pack_v1_20260604_phase3am_sanitized_v1_20260609.json,phase3ae_brepair_v1_00302,announcement_pit_formula_lane,diagnostic_context_or_disclosure_contract_needed,1,ctx_billboard_buy_ratio,nonminute_pit_context,diagnostic_or_requires_disclosure_timestamp_contract,CSRank(Neg($ctx_billboard_buy_ratio))
phase3ae_bounded_repair_factor_pack_v1_20260604_phase3am_sanitized_v1_20260609.json,phase3ae_brepair_v1_00303,announcement_pit_formula_lane,diagnostic_context_or_disclosure_contract_needed,1,ctx_billboard_buy_ratio,nonminute_pit_context,diagnostic_or_requires_disclosure_timestamp_contract,"CSRank(Log(Add(Abs($ctx_billboard_buy_ratio),1)))"
phase3ae_bounded_repair_factor_pack_v1_20260604_phase3am_sanitized_v1_20260609.json,phase3ae_brepair_v1_00304,announcement_pit_formula_lane,diagnostic_context_or_disclosure_contract_needed,1,ctx_billboard_buy_ratio,nonminute_pit_context,diagnostic_or_requires_disclosure_timestamp_contract,CSRank(ZScore($ctx_billboard_buy_ratio))
phase3ae_bounded_repair_factor_pack_v1_20260604_phase3am_sanitized_v1_20260609.json,phase3ae_brepair_v1_00305,announcement_pit_formula_lane,diagnostic_context_or_disclosure_contract_needed,1,ctx_billboard_buy_ratio,nonminute_pit_context,diagnostic_or_requires_disclosure_timestamp_contract,"CSRank(Mean($ctx_billboard_buy_ratio,3))"
phase3ae_bounded_repair_factor_pack_v1_20260604_phase3am_sanitized_v1_20260609.json,phase3ae_brepair_v1_00306,announcement_pit_formula_lane,diagnostic_context_or_disclosure_contract_needed,1,ctx_billboard_buy_ratio,nonminute_pit_context,diagnostic_or_requires_disclosure_timestamp_contract,"CSRank(Delta($ctx_billboard_buy_ratio,3))"
phase3ae_bounded_repair_factor_pack_v1_20260604_phase3am_sanitized_v1_20260609.json,phase3ae_brepair_v1_00307,announcement_pit_formula_lane,diagnostic_context_or_disclosure_contract_needed,1,ctx_billboard_buy_ratio,nonminute_pit_context,diagnostic_or_requires_disclosure_timestamp_contract,"CSRank(Mean($ctx_billboard_buy_ratio,5))"
phase3ae_bounded_repair_factor_pack_v1_20260604_phase3am_sanitized_v1_20260609.json,phase3ae_brepair_v1_00308,announcement_pit_formula_lane,diagnostic_context_or_disclosure_contract_needed,1,ctx_billboard_buy_ratio,nonminute_pit_context,diagnostic_or_requires_disclosure_timestamp_contract,"CSRank(Delta($ctx_billboard_buy_ratio,5))"
phase3ae_bounded_repair_factor_pack_v1_20260604_phase3am_sanitized_v1_20260609.json,phase3ae_brepair_v1_00309,announcement_pit_formula_lane,diagnostic_context_or_disclosure_contract_needed,1,ctx_billboard_buy_ratio,nonminute_pit_context,diagnostic_or_requires_disclosure_timestamp_contract,"CSRank(Mean($ctx_billboard_buy_ratio,10))"
phase3ae_bounded_repair_factor_pack_v1_20260604_phase3am_sanitized_v1_20260609.json,phase3ae_brepair_v1_00310,announcement_pit_formula_lane,diagnostic_context_or_disclosure_contract_needed,1,ctx_billboard_buy_ratio,nonminute_pit_context,diagnostic_or_requires_disclosure_timestamp_contract,"CSRank(Delta($ctx_billboard_buy_ratio,10))"
phase3ae_bounded_repair_factor_pack_v1_20260604_phase3am_sanitized_v1_20260609.json,phase3ae_brepair_v1_00311,announcement_pit_formula_lane,diagnostic_context_or_disclosure_contract_needed,1,ctx_billboard_deal_net_ratio,nonminute_pit_context,diagnostic_or_requires_disclosure_timestamp_contract,CSRank($ctx_billboard_deal_net_ratio)
phase3ae_bounded_repair_factor_pack_v1_20260604_phase3am_sanitized_v1_20260609.json,phase3ae_brepair_v1_00312,announcement_pit_formula_lane,diagnostic_context_or_disclosure_contract_needed,1,ctx_billboard_deal_net_ratio,nonminute_pit_context,diagnostic_or_requires_disclosure_timestamp_contract,CSRank(Neg($ctx_billboard_deal_net_ratio))
phase3ae_bounded_repair_factor_pack_v1_20260604_phase3am_sanitized_v1_20260609.json,phase3ae_brepair_v1_00313,announcement_pit_formula_lane,diagnostic_context_or_disclosure_contract_needed,1,ctx_billboard_deal_net_ratio,nonminute_pit_context,diagnostic_or_requires_disclosure_timestamp_contract,"CSRank(Log(Add(Abs($ctx_billboard_deal_net_ratio),1)))"
phase3ae_bounded_repair_factor_pack_v1_20260604_phase3am_sanitized_v1_20260609.json,phase3ae_brepair_v1_00314,announcement_pit_formula_lane,diagnostic_context_or_disclosure_contract_needed,1,ctx_billboard_deal_net_ratio,nonminute_pit_context,diagnostic_or_requires_disclosure_timestamp_contract,CSRank(ZScore($ctx_billboard_deal_net_ratio))
phase3ae_bounded_repair_factor_pack_v1_20260604_phase3am_sanitized_v1_20260609.json,phase3ae_brepair_v1_00315,announcement_pit_formula_lane,diagnostic_context_or_disclosure_contract_needed,1,ctx_billboard_deal_net_ratio,nonminute_pit_context,diagnostic_or_requires_disclosure_timestamp_contract,"CSRank(Mean($ctx_billboard_deal_net_ratio,3))"
phase3ae_bounded_repair_factor_pack_v1_20260604_phase3am_sanitized_v1_20260609.json,phase3ae_brepair_v1_00316,announcement_pit_formula_lane,diagnostic_context_or_disclosure_contract_needed,1,ctx_billboard_deal_net_ratio,nonminute_pit_context,diagnostic_or_requires_disclosure_timestamp_contract,"CSRank(Delta($ctx_billboard_deal_net_ratio,3))"
phase3ae_bounded_repair_factor_pack_v1_20260604_phase3am_sanitized_v1_20260609.json,phase3ae_brepair_v1_00317,announcement_pit_formula_lane,diagnostic_context_or_disclosure_contract_needed,1,ctx_billboard_deal_net_ratio,nonminute_pit_context,diagnostic_or_requires_disclosure_timestamp_contract,"CSRank(Mean($ctx_billboard_deal_net_ratio,5))"
phase3ae_bounded_repair_factor_pack_v1_20260604_phase3am_sanitized_v1_20260609.json,phase3ae_brepair_v1_00318,announcement_pit_formula_lane,diagnostic_context_or_disclosure_contract_needed,1,ctx_billboard_deal_net_ratio,nonminute_pit_context,diagnostic_or_requires_disclosure_timestamp_contract,"CSRank(Delta($ctx_billboard_deal_net_ratio,5))"
phase3ae_bounded_repair_factor_pack_v1_20260604_phase3am_sanitized_v1_20260609.json,phase3ae_brepair_v1_00319,announcement_pit_formula_lane,diagnostic_context_or_disclosure_contract_needed,1,ctx_billboard_deal_net_ratio,nonminute_pit_context,diagnostic_or_requires_disclosure_timestamp_contract,"CSRank(Mean($ctx_billboard_deal_net_ratio,10))"
phase3ae_bounded_repair_factor_pack_v1_20260604_phase3am_sanitized_v1_20260609.json,phase3ae_brepair_v1_00320,announcement_pit_formula_lane,diagnostic_context_or_disclosure_contract_needed,1,ctx_billboard_deal_net_ratio,nonminute_pit_context,diagnostic_or_requires_disclosure_timestamp_contract,"CSRank(Delta($ctx_billboard_deal_net_ratio,10))"
phase3ae_bounded_repair_factor_pack_v1_20260604_phase3am_sanitized_v1_20260609.json,phase3ae_brepair_v1_00321,announcement_pit_formula_lane,diagnostic_context_or_disclosure_contract_needed,1,ctx_billboard_sell_ratio,nonminute_pit_context,diagnostic_or_requires_disclosure_timestamp_contract,CSRank($ctx_billboard_sell_ratio)
phase3ae_bounded_repair_factor_pack_v1_20260604_phase3am_sanitized_v1_20260609.json,phase3ae_brepair_v1_00322,announcement_pit_formula_lane,diagnostic_context_or_disclosure_contract_needed,1,ctx_billboard_sell_ratio,nonminute_pit_context,diagnostic_or_requires_disclosure_timestamp_contract,CSRank(Neg($ctx_billboard_sell_ratio))
phase3ae_bounded_repair_factor_pack_v1_20260604_phase3am_sanitized_v1_20260609.json,phase3ae_brepair_v1_00323,announcement_pit_formula_lane,diagnostic_context_or_disclosure_contract_needed,1,ctx_billboard_sell_ratio,nonminute_pit_context,diagnostic_or_requires_disclosure_timestamp_contract,"CSRank(Log(Add(Abs($ctx_billboard_sell_ratio),1)))"
phase3ae_bounded_repair_factor_pack_v1_20260604_phase3am_sanitized_v1_20260609.json,phase3ae_brepair_v1_00324,announcement_pit_formula_lane,diagnostic_context_or_disclosure_contract_needed,1,ctx_billboard_sell_ratio,nonminute_pit_context,diagnostic_or_requires_disclosure_timestamp_contract,CSRank(ZScore($ctx_billboard_sell_ratio))
phase3ae_bounded_repair_factor_pack_v1_20260604_phase3am_sanitized_v1_20260609.json,phase3ae_brepair_v1_00325,announcement_pit_formula_lane,diagnostic_context_or_disclosure_contract_needed,1,ctx_billboard_sell_ratio,nonminute_pit_context,diagnostic_or_requires_disclosure_timestamp_contract,"CSRank(Mean($ctx_billboard_sell_ratio,3))"
phase3ae_bounded_repair_factor_pack_v1_20260604_phase3am_sanitized_v1_20260609.json,phase3ae_brepair_v1_00326,announcement_pit_formula_lane,diagnostic_context_or_disclosure_contract_needed,1,ctx_billboard_sell_ratio,nonminute_pit_context,diagnostic_or_requires_disclosure_timestamp_contract,"CSRank(Delta($ctx_billboard_sell_ratio,3))"
phase3ae_bounded_repair_factor_pack_v1_20260604_phase3am_sanitized_v1_20260609.json,phase3ae_brepair_v1_00327,announcement_pit_formula_lane,diagnostic_context_or_disclosure_contract_needed,1,ctx_billboard_sell_ratio,nonminute_pit_context,diagnostic_or_requires_disclosure_timestamp_contract,"CSRank(Mean($ctx_billboard_sell_ratio,5))"
phase3ae_bounded_repair_factor_pack_v1_20260604_phase3am_sanitized_v1_20260609.json,phase3ae_brepair_v1_00328,announcement_pit_formula_lane,diagnostic_context_or_disclosure_contract_needed,1,ctx_billboard_sell_ratio,nonminute_pit_context,diagnostic_or_requires_disclosure_timestamp_contract,"CSRank(Delta($ctx_billboard_sell_ratio,5))"
phase3ae_bounded_repair_factor_pack_v1_20260604_phase3am_sanitized_v1_20260609.json,phase3ae_brepair_v1_00329,announcement_pit_formula_lane,diagnostic_context_or_disclosure_contract_needed,1,ctx_billboard_sell_ratio,nonminute_pit_context,diagnostic_or_requires_disclosure_timestamp_contract,"CSRank(Mean($ctx_billboard_sell_ratio,10))"
phase3ae_bounded_repair_factor_pack_v1_20260604_phase3am_sanitized_v1_20260609.json,phase3ae_brepair_v1_00330,announcement_pit_formula_lane,diagnostic_context_or_disclosure_contract_needed,1,ctx_billboard_sell_ratio,nonminute_pit_context,diagnostic_or_requires_disclosure_timestamp_contract,"CSRank(Delta($ctx_billboard_sell_ratio,10))"
phase3ae_bounded_repair_factor_pack_v1_20260604_phase3am_sanitized_v1_20260609.json,phase3ae_brepair_v1_00331,announcement_pit_formula_lane,diagnostic_context_or_disclosure_contract_needed,1,ctx_billboard_sum_buy_amt,nonminute_pit_context,diagnostic_or_requires_disclosure_timestamp_contract,CSRank($ctx_billboard_sum_buy_amt)
phase3ae_bounded_repair_factor_pack_v1_20260604_phase3am_sanitized_v1_20260609.json,phase3ae_brepair_v1_00332,announcement_pit_formula_lane,diagnostic_context_or_disclosure_contract_needed,1,ctx_billboard_sum_buy_amt,nonminute_pit_context,diagnostic_or_requires_disclosure_timestamp_contract,CSRank(Neg($ctx_billboard_sum_buy_amt))
phase3ae_bounded_repair_factor_pack_v1_20260604_phase3am_sanitized_v1_20260609.json,phase3ae_brepair_v1_00333,announcement_pit_formula_lane,diagnostic_context_or_disclosure_contract_needed,1,ctx_billboard_sum_buy_amt,nonminute_pit_context,diagnostic_or_requires_disclosure_timestamp_contract,"CSRank(Log(Add(Abs($ctx_billboard_sum_buy_amt),1)))"
phase3ae_bounded_repair_factor_pack_v1_20260604_phase3am_sanitized_v1_20260609.json,phase3ae_brepair_v1_00334,announcement_pit_formula_lane,diagnostic_context_or_disclosure_contract_needed,1,ctx_billboard_sum_buy_amt,nonminute_pit_context,diagnostic_or_requires_disclosure_timestamp_contract,CSRank(ZScore($ctx_billboard_sum_buy_amt))
phase3ae_bounded_repair_factor_pack_v1_20260604_phase3am_sanitized_v1_20260609.json,phase3ae_brepair_v1_00335,announcement_pit_formula_lane,diagnostic_context_or_disclosure_contract_needed,1,ctx_billboard_sum_buy_amt,nonminute_pit_context,diagnostic_or_requires_disclosure_timestamp_contract,"CSRank(Mean($ctx_billboard_sum_buy_amt,3))"
phase3ae_bounded_repair_factor_pack_v1_20260604_phase3am_sanitized_v1_20260609.json,phase3ae_brepair_v1_00336,announcement_pit_formula_lane,diagnostic_context_or_disclosure_contract_needed,1,ctx_billboard_sum_buy_amt,nonminute_pit_context,diagnostic_or_requires_disclosure_timestamp_contract,"CSRank(Delta($ctx_billboard_sum_buy_amt,3))"
phase3ae_bounded_repair_factor_pack_v1_20260604_phase3am_sanitized_v1_20260609.json,phase3ae_brepair_v1_00337,announcement_pit_formula_lane,diagnostic_context_or_disclosure_contract_needed,1,ctx_billboard_sum_buy_amt,nonminute_pit_context,diagnostic_or_requires_disclosure_timestamp_contract,"CSRank(Mean($ctx_billboard_sum_buy_amt,5))"
phase3ae_bounded_repair_factor_pack_v1_20260604_phase3am_sanitized_v1_20260609.json,phase3ae_brepair_v1_00338,announcement_pit_formula_lane,diagnostic_context_or_disclosure_contract_needed,1,ctx_billboard_sum_buy_amt,nonminute_pit_context,diagnostic_or_requires_disclosure_timestamp_contract,"CSRank(Delta($ctx_billboard_sum_buy_amt,5))"
phase3ae_bounded_repair_factor_pack_v1_20260604_phase3am_sanitized_v1_20260609.json,phase3ae_brepair_v1_00339,announcement_pit_formula_lane,diagnostic_context_or_disclosure_contract_needed,1,ctx_billboard_sum_buy_amt,nonminute_pit_context,diagnostic_or_requires_disclosure_timestamp_contract,"CSRank(Mean($ctx_billboard_sum_buy_amt,10))"
phase3ae_bounded_repair_factor_pack_v1_20260604_phase3am_sanitized_v1_20260609.json,phase3ae_brepair_v1_00340,announcement_pit_formula_lane,diagnostic_context_or_disclosure_contract_needed,1,ctx_billboard_sum_buy_amt,nonminute_pit_context,diagnostic_or_requires_disclosure_timestamp_contract,"CSRank(Delta($ctx_billboard_sum_buy_amt,10))"
phase3ae_bounded_repair_factor_pack_v1_20260604_phase3am_sanitized_v1_20260609.json,phase3ae_brepair_v1_00341,announcement_pit_formula_lane,diagnostic_context_or_disclosure_contract_needed,1,ctx_billboard_sum_sell_amt,nonminute_pit_context,diagnostic_or_requires_disclosure_timestamp_contract,CSRank($ctx_billboard_sum_sell_amt)
phase3ae_bounded_repair_factor_pack_v1_20260604_phase3am_sanitized_v1_20260609.json,phase3ae_brepair_v1_00342,announcement_pit_formula_lane,diagnostic_context_or_disclosure_contract_needed,1,ctx_billboard_sum_sell_amt,nonminute_pit_context,diagnostic_or_requires_disclosure_timestamp_contract,CSRank(Neg($ctx_billboard_sum_sell_amt))
phase3ae_bounded_repair_factor_pack_v1_20260604_phase3am_sanitized_v1_20260609.json,phase3ae_brepair_v1_00343,announcement_pit_formula_lane,diagnostic_context_or_disclosure_contract_needed,1,ctx_billboard_sum_sell_amt,nonminute_pit_context,diagnostic_or_requires_disclosure_timestamp_contract,"CSRank(Log(Add(Abs($ctx_billboard_sum_sell_amt),1)))"
phase3ae_bounded_repair_factor_pack_v1_20260604_phase3am_sanitized_v1_20260609.json,phase3ae_brepair_v1_00344,announcement_pit_formula_lane,diagnostic_context_or_disclosure_contract_needed,1,ctx_billboard_sum_sell_amt,nonminute_pit_context,diagnostic_or_requires_disclosure_timestamp_contract,CSRank(ZScore($ctx_billboard_sum_sell_amt))
phase3ae_bounded_repair_factor_pack_v1_20260604_phase3am_sanitized_v1_20260609.json,phase3ae_brepair_v1_00345,announcement_pit_formula_lane,diagnostic_context_or_disclosure_contract_needed,1,ctx_billboard_sum_sell_amt,nonminute_pit_context,diagnostic_or_requires_disclosure_timestamp_contract,"CSRank(Mean($ctx_billboard_sum_sell_amt,3))"
phase3ae_bounded_repair_factor_pack_v1_20260604_phase3am_sanitized_v1_20260609.json,phase3ae_brepair_v1_00346,announcement_pit_formula_lane,diagnostic_context_or_disclosure_contract_needed,1,ctx_billboard_sum_sell_amt,nonminute_pit_context,diagnostic_or_requires_disclosure_timestamp_contract,"CSRank(Delta($ctx_billboard_sum_sell_amt,3))"
phase3ae_bounded_repair_factor_pack_v1_20260604_phase3am_sanitized_v1_20260609.json,phase3ae_brepair_v1_00347,announcement_pit_formula_lane,diagnostic_context_or_disclosure_contract_needed,1,ctx_billboard_sum_sell_amt,nonminute_pit_context,diagnostic_or_requires_disclosure_timestamp_contract,"CSRank(Mean($ctx_billboard_sum_sell_amt,5))"
phase3ae_bounded_repair_factor_pack_v1_20260604_phase3am_sanitized_v1_20260609.json,phase3ae_brepair_v1_00348,announcement_pit_formula_lane,diagnostic_context_or_disclosure_contract_needed,1,ctx_billboard_sum_sell_amt,nonminute_pit_context,diagnostic_or_requires_disclosure_timestamp_contract,"CSRank(Delta($ctx_billboard_sum_sell_amt,5))"
phase3ae_bounded_repair_factor_pack_v1_20260604_phase3am_sanitized_v1_20260609.json,phase3ae_brepair_v1_00349,announcement_pit_formula_lane,diagnostic_context_or_disclosure_contract_needed,1,ctx_billboard_sum_sell_amt,nonminute_pit_context,diagnostic_or_requires_disclosure_timestamp_contract,"CSRank(Mean($ctx_billboard_sum_sell_amt,10))"
phase3ae_bounded_repair_factor_pack_v1_20260604_phase3am_sanitized_v1_20260609.json,phase3ae_brepair_v1_00350,announcement_pit_formula_lane,diagnostic_context_or_disclosure_contract_needed,1,ctx_billboard_sum_sell_amt,nonminute_pit_context,diagnostic_or_requires_disclosure_timestamp_contract,"CSRank(Delta($ctx_billboard_sum_sell_amt,10))"
phase3ae_bounded_repair_factor_pack_v1_20260604_phase3am_sanitized_v1_20260609.json,phase3ae_brepair_v1_00351,announcement_pit_formula_lane,diagnostic_context_or_disclosure_contract_needed,1,ctx_billboard_change_rate,nonminute_pit_context,diagnostic_or_requires_disclosure_timestamp_contract,CSRank($ctx_billboard_change_rate)
phase3ae_bounded_repair_factor_pack_v1_20260604_phase3am_sanitized_v1_20260609.json,phase3ae_brepair_v1_00352,announcement_pit_formula_lane,diagnostic_context_or_disclosure_contract_needed,1,ctx_billboard_change_rate,nonminute_pit_context,diagnostic_or_requires_disclosure_timestamp_contract,CSRank(Neg($ctx_billboard_change_rate))
phase3ae_bounded_repair_factor_pack_v1_20260604_phase3am_sanitized_v1_20260609.json,phase3ae_brepair_v1_00353,announcement_pit_formula_lane,diagnostic_context_or_disclosure_contract_needed,1,ctx_billboard_change_rate,nonminute_pit_context,diagnostic_or_requires_disclosure_timestamp_contract,"CSRank(Log(Add(Abs($ctx_billboard_change_rate),1)))"
phase3ae_bounded_repair_factor_pack_v1_20260604_phase3am_sanitized_v1_20260609.json,phase3ae_brepair_v1_00354,announcement_pit_formula_lane,diagnostic_context_or_disclosure_contract_needed,1,ctx_billboard_change_rate,nonminute_pit_context,diagnostic_or_requires_disclosure_timestamp_contract,CSRank(ZScore($ctx_billboard_change_rate))
phase3ae_bounded_repair_factor_pack_v1_20260604_phase3am_sanitized_v1_20260609.json,phase3ae_brepair_v1_00355,announcement_pit_formula_lane,adaptable_with_lagged_context_sidecar,1,ctx_holder_close_price,nonminute_pit_context,lagged_context_sidecar_allowed,CSRank($ctx_holder_close_price)
phase3ae_bounded_repair_factor_pack_v1_20260604_phase3am_sanitized_v1_20260609.json,phase3ae_brepair_v1_00356,announcement_pit_formula_lane,adaptable_with_lagged_context_sidecar,1,ctx_holder_close_price,nonminute_pit_context,lagged_context_sidecar_allowed,CSRank(Neg($ctx_holder_close_price))
phase3ae_bounded_repair_factor_pack_v1_20260604_phase3am_sanitized_v1_20260609.json,phase3ae_brepair_v1_00357,announcement_pit_formula_lane,adaptable_with_lagged_context_sidecar,1,ctx_holder_close_price,nonminute_pit_context,lagged_context_sidecar_allowed,"CSRank(Log(Add(Abs($ctx_holder_close_price),1)))"
phase3ae_bounded_repair_factor_pack_v1_20260604_phase3am_sanitized_v1_20260609.json,phase3ae_brepair_v1_00358,announcement_pit_formula_lane,adaptable_with_lagged_context_sidecar,1,ctx_holder_close_price,nonminute_pit_context,lagged_context_sidecar_allowed,CSRank(ZScore($ctx_holder_close_price))
phase3ae_bounded_repair_factor_pack_v1_20260604_phase3am_sanitized_v1_20260609.json,phase3ae_brepair_v1_00359,announcement_pit_formula_lane,adaptable_with_lagged_context_sidecar,1,ctx_fund_cf_end_cce,nonminute_pit_context,lagged_context_sidecar_allowed,CSRank($ctx_fund_cf_end_cce)
phase3ae_bounded_repair_factor_pack_v1_20260604_phase3am_sanitized_v1_20260609.json,phase3ae_brepair_v1_00360,announcement_pit_formula_lane,adaptable_with_lagged_context_sidecar,1,ctx_fund_cf_end_cce,nonminute_pit_context,lagged_context_sidecar_allowed,CSRank(Neg($ctx_fund_cf_end_cce))
phase3ae_bounded_repair_factor_pack_v1_20260604_phase3am_sanitized_v1_20260609.json,phase3ae_brepair_v1_00361,announcement_pit_formula_lane,adaptable_with_lagged_context_sidecar,1,ctx_fund_cf_end_cce,nonminute_pit_context,lagged_context_sidecar_allowed,"CSRank(Log(Add(Abs($ctx_fund_cf_end_cce),1)))"
phase3ae_bounded_repair_factor_pack_v1_20260604_phase3am_sanitized_v1_20260609.json,phase3ae_brepair_v1_00362,announcement_pit_formula_lane,adaptable_with_lagged_context_sidecar,1,ctx_fund_cf_end_cce,nonminute_pit_context,lagged_context_sidecar_allowed,CSRank(ZScore($ctx_fund_cf_end_cce))
phase3ae_bounded_repair_factor_pack_v1_20260604_phase3am_sanitized_v1_20260609.json,phase3ae_brepair_v1_00363,announcement_pit_formula_lane,adaptable_with_lagged_context_sidecar,1,ctx_fund_cf_netcash_finance,nonminute_pit_context,lagged_context_sidecar_allowed,CSRank($ctx_fund_cf_netcash_finance)
phase3ae_bounded_repair_factor_pack_v1_20260604_phase3am_sanitized_v1_20260609.json,phase3ae_brepair_v1_00364,announcement_pit_formula_lane,adaptable_with_lagged_context_sidecar,1,ctx_fund_cf_netcash_finance,nonminute_pit_context,lagged_context_sidecar_allowed,CSRank(Neg($ctx_fund_cf_netcash_finance))
phase3ae_bounded_repair_factor_pack_v1_20260604_phase3am_sanitized_v1_20260609.json,phase3ae_brepair_v1_00365,announcement_pit_formula_lane,adaptable_with_lagged_context_sidecar,1,ctx_fund_cf_netcash_finance,nonminute_pit_context,lagged_context_sidecar_allowed,"CSRank(Log(Add(Abs($ctx_fund_cf_netcash_finance),1)))"
phase3ae_bounded_repair_factor_pack_v1_20260604_phase3am_sanitized_v1_20260609.json,phase3ae_brepair_v1_00366,announcement_pit_formula_lane,adaptable_with_lagged_context_sidecar,1,ctx_fund_cf_netcash_finance,nonminute_pit_context,lagged_context_sidecar_allowed,CSRank(ZScore($ctx_fund_cf_netcash_finance))
phase3ae_bounded_repair_factor_pack_v1_20260604_phase3am_sanitized_v1_20260609.json,phase3ae_brepair_v1_00367,announcement_pit_formula_lane,adaptable_with_lagged_context_sidecar,1,ctx_fund_cf_netcash_invest,nonminute_pit_context,lagged_context_sidecar_allowed,CSRank($ctx_fund_cf_netcash_invest)
phase3ae_bounded_repair_factor_pack_v1_20260604_phase3am_sanitized_v1_20260609.json,phase3ae_brepair_v1_00368,announcement_pit_formula_lane,adaptable_with_lagged_context_sidecar,1,ctx_fund_cf_netcash_invest,nonminute_pit_context,lagged_context_sidecar_allowed,CSRank(Neg($ctx_fund_cf_netcash_invest))
phase3ae_bounded_repair_factor_pack_v1_20260604_phase3am_sanitized_v1_20260609.json,phase3ae_brepair_v1_00369,announcement_pit_formula_lane,adaptable_with_lagged_context_sidecar,1,ctx_fund_cf_netcash_invest,nonminute_pit_context,lagged_context_sidecar_allowed,"CSRank(Log(Add(Abs($ctx_fund_cf_netcash_invest),1)))"
phase3ae_bounded_repair_factor_pack_v1_20260604_phase3am_sanitized_v1_20260609.json,phase3ae_brepair_v1_00370,announcement_pit_formula_lane,adaptable_with_lagged_context_sidecar,1,ctx_fund_cf_netcash_invest,nonminute_pit_context,lagged_context_sidecar_allowed,CSRank(ZScore($ctx_fund_cf_netcash_invest))
phase3ae_bounded_repair_factor_pack_v1_20260604_phase3am_sanitized_v1_20260609.json,phase3ae_brepair_v1_00371,announcement_pit_formula_lane,adaptable_with_lagged_context_sidecar,1,ctx_fund_cf_total_operate_inflow,nonminute_pit_context,lagged_context_sidecar_allowed,CSRank($ctx_fund_cf_total_operate_inflow)
phase3ae_bounded_repair_factor_pack_v1_20260604_phase3am_sanitized_v1_20260609.json,phase3ae_brepair_v1_00372,announcement_pit_formula_lane,adaptable_with_lagged_context_sidecar,1,ctx_fund_cf_total_operate_inflow,nonminute_pit_context,lagged_context_sidecar_allowed,CSRank(Neg($ctx_fund_cf_total_operate_inflow))
phase3ae_bounded_repair_factor_pack_v1_20260604_phase3am_sanitized_v1_20260609.json,phase3ae_brepair_v1_00373,announcement_pit_formula_lane,adaptable_with_lagged_context_sidecar,1,ctx_fund_cf_total_operate_inflow,nonminute_pit_context,lagged_context_sidecar_allowed,"CSRank(Log(Add(Abs($ctx_fund_cf_total_operate_inflow),1)))"
phase3ae_bounded_repair_factor_pack_v1_20260604_phase3am_sanitized_v1_20260609.json,phase3ae_brepair_v1_00374,announcement_pit_formula_lane,adaptable_with_lagged_context_sidecar,1,ctx_fund_cf_total_operate_inflow,nonminute_pit_context,lagged_context_sidecar_allowed,CSRank(ZScore($ctx_fund_cf_total_operate_inflow))
phase3ae_bounded_repair_factor_pack_v1_20260604_phase3am_sanitized_v1_20260609.json,phase3ae_brepair_v1_00375,announcement_pit_formula_lane,adaptable_with_lagged_context_sidecar,1,ctx_fund_cf_total_operate_outflow,nonminute_pit_context,lagged_context_sidecar_allowed,CSRank($ctx_fund_cf_total_operate_outflow)
phase3ae_bounded_repair_factor_pack_v1_20260604_phase3am_sanitized_v1_20260609.json,phase3ae_brepair_v1_00376,announcement_pit_formula_lane,adaptable_with_lagged_context_sidecar,1,ctx_fund_cf_total_operate_outflow,nonminute_pit_context,lagged_context_sidecar_allowed,CSRank(Neg($ctx_fund_cf_total_operate_outflow))
phase3ae_bounded_repair_factor_pack_v1_20260604_phase3am_sanitized_v1_20260609.json,phase3ae_brepair_v1_00377,announcement_pit_formula_lane,adaptable_with_lagged_context_sidecar,1,ctx_fund_cf_total_operate_outflow,nonminute_pit_context,lagged_context_sidecar_allowed,"CSRank(Log(Add(Abs($ctx_fund_cf_total_operate_outflow),1)))"
phase3ae_bounded_repair_factor_pack_v1_20260604_phase3am_sanitized_v1_20260609.json,phase3ae_brepair_v1_00378,announcement_pit_formula_lane,adaptable_with_lagged_context_sidecar,1,ctx_fund_cf_total_operate_outflow,nonminute_pit_context,lagged_context_sidecar_allowed,CSRank(ZScore($ctx_fund_cf_total_operate_outflow))
phase3ae_bounded_repair_factor_pack_v1_20260604_phase3am_sanitized_v1_20260609.json,phase3ae_brepair_v1_00613,event_state_machine_formula_lane,event_state_lane_only,2,ctx_holder_change_shares|evt_limit_fengdan_money_last_by_0930,nonminute_pit_context|timestamped_event_availability_feature,event_state_only_requires_availability_guard|lagged_context_sidecar_allowed,"CSRank(Div($evt_limit_fengdan_money_last_by_0930,Add(Abs($ctx_holder_change_shares),0.000001)))"
phase3ae_bounded_repair_factor_pack_v1_20260604_phase3am_sanitized_v1_20260609.json,phase3ae_brepair_v1_00614,event_state_machine_formula_lane,event_state_lane_only,2,ctx_billboard_free_market_cap|evt_limit_fengdan_money_last_by_0930,nonminute_pit_context|timestamped_event_availability_feature,diagnostic_or_requires_disclosure_timestamp_contract|event_state_only_requires_availability_guard,"CSRank(Div($evt_limit_fengdan_money_last_by_0930,Add(Abs($ctx_billboard_free_market_cap),0.000001)))"
phase3ae_bounded_repair_factor_pack_v1_20260604_phase3am_sanitized_v1_20260609.json,phase3ae_brepair_v1_00625,event_state_machine_formula_lane,event_state_lane_only,2,ctx_holder_change_shares|evt_limit_fengdan_money_last_by_0935,nonminute_pit_context|timestamped_event_availability_feature,event_state_only_requires_availability_guard|lagged_context_sidecar_allowed,"CSRank(Div($evt_limit_fengdan_money_last_by_0935,Add(Abs($ctx_holder_change_shares),0.000001)))"
phase3ae_bounded_repair_factor_pack_v1_20260604_phase3am_sanitized_v1_20260609.json,phase3ae_brepair_v1_00626,event_state_machine_formula_lane,event_state_lane_only,2,ctx_billboard_free_market_cap|evt_limit_fengdan_money_last_by_0935,nonminute_pit_context|timestamped_event_availability_feature,diagnostic_or_requires_disclosure_timestamp_contract|event_state_only_requires_availability_guard,"CSRank(Div($evt_limit_fengdan_money_last_by_0935,Add(Abs($ctx_billboard_free_market_cap),0.000001)))"
phase3ae_bounded_repair_factor_pack_v1_20260604_phase3am_sanitized_v1_20260609.json,phase3ae_brepair_v1_00637,event_state_machine_formula_lane,event_state_lane_only,2,ctx_holder_change_shares|evt_limit_fengdan_money_last_by_1000,nonminute_pit_context|timestamped_event_availability_feature,event_state_only_requires_availability_guard|lagged_context_sidecar_allowed,"CSRank(Div($evt_limit_fengdan_money_last_by_1000,Add(Abs($ctx_holder_change_shares),0.000001)))"
phase3ae_bounded_repair_factor_pack_v1_20260604_phase3am_sanitized_v1_20260609.json,phase3ae_brepair_v1_00638,event_state_machine_formula_lane,event_state_lane_only,2,ctx_billboard_free_market_cap|evt_limit_fengdan_money_last_by_1000,nonminute_pit_context|timestamped_event_availability_feature,diagnostic_or_requires_disclosure_timestamp_contract|event_state_only_requires_availability_guard,"CSRank(Div($evt_limit_fengdan_money_last_by_1000,Add(Abs($ctx_billboard_free_market_cap),0.000001)))"
phase3ae_bounded_repair_factor_pack_v1_20260604_phase3am_sanitized_v1_20260609.json,phase3ae_brepair_v1_00649,event_state_machine_formula_lane,event_state_lane_only,2,ctx_holder_change_shares|evt_limit_fengdan_money_last_by_1130,nonminute_pit_context|timestamped_event_availability_feature,event_state_only_requires_availability_guard|lagged_context_sidecar_allowed,"CSRank(Div($evt_limit_fengdan_money_last_by_1130,Add(Abs($ctx_holder_change_shares),0.000001)))"
phase3ae_bounded_repair_factor_pack_v1_20260604_phase3am_sanitized_v1_20260609.json,phase3ae_brepair_v1_00650,event_state_machine_formula_lane,event_state_lane_only,2,ctx_billboard_free_market_cap|evt_limit_fengdan_money_last_by_1130,nonminute_pit_context|timestamped_event_availability_feature,diagnostic_or_requires_disclosure_timestamp_contract|event_state_only_requires_availability_guard,"CSRank(Div($evt_limit_fengdan_money_last_by_1130,Add(Abs($ctx_billboard_free_market_cap),0.000001)))"
phase3ae_bounded_repair_factor_pack_v1_20260604_phase3am_sanitized_v1_20260609.json,phase3ae_brepair_v1_00661,event_state_machine_formula_lane,event_state_lane_only,2,ctx_holder_change_shares|evt_limit_fengdan_money_last_by_1430,nonminute_pit_context|timestamped_event_availability_feature,event_state_only_requires_availability_guard|lagged_context_sidecar_allowed,"CSRank(Div($evt_limit_fengdan_money_last_by_1430,Add(Abs($ctx_holder_change_shares),0.000001)))"
phase3ae_bounded_repair_factor_pack_v1_20260604_phase3am_sanitized_v1_20260609.json,phase3ae_brepair_v1_00662,event_state_machine_formula_lane,event_state_lane_only,2,ctx_billboard_free_market_cap|evt_limit_fengdan_money_last_by_1430,nonminute_pit_context|timestamped_event_availability_feature,diagnostic_or_requires_disclosure_timestamp_contract|event_state_only_requires_availability_guard,"CSRank(Div($evt_limit_fengdan_money_last_by_1430,Add(Abs($ctx_billboard_free_market_cap),0.000001)))"
phase3ae_bounded_repair_factor_pack_v1_20260604_phase3am_sanitized_v1_20260609.json,phase3ae_brepair_v1_00673,announcement_pit_formula_lane,diagnostic_context_or_disclosure_contract_needed,2,ctx_billboard_accum_amount|ctx_holder_change_shares,nonminute_pit_context,diagnostic_or_requires_disclosure_timestamp_contract|lagged_context_sidecar_allowed,"CSRank(Div($ctx_billboard_accum_amount,Add(Abs($ctx_holder_change_shares),0.000001)))"
phase3ae_bounded_repair_factor_pack_v1_20260604_phase3am_sanitized_v1_20260609.json,phase3ae_brepair_v1_00674,announcement_pit_formula_lane,diagnostic_context_or_disclosure_contract_needed,2,ctx_billboard_accum_amount|ctx_billboard_free_market_cap,nonminute_pit_context,diagnostic_or_requires_disclosure_timestamp_contract,"CSRank(Div($ctx_billboard_accum_amount,Add(Abs($ctx_billboard_free_market_cap),0.000001)))"
phase3ae_bounded_repair_factor_pack_v1_20260604_phase3am_sanitized_v1_20260609.json,phase3ae_brepair_v1_00685,announcement_pit_formula_lane,diagnostic_context_or_disclosure_contract_needed,2,ctx_billboard_deal_amount_ratio|ctx_holder_change_shares,nonminute_pit_context,diagnostic_or_requires_disclosure_timestamp_contract|lagged_context_sidecar_allowed,"CSRank(Div($ctx_billboard_deal_amount_ratio,Add(Abs($ctx_holder_change_shares),0.000001)))"
phase3ae_bounded_repair_factor_pack_v1_20260604_phase3am_sanitized_v1_20260609.json,phase3ae_brepair_v1_00686,announcement_pit_formula_lane,diagnostic_context_or_disclosure_contract_needed,2,ctx_billboard_deal_amount_ratio|ctx_billboard_free_market_cap,nonminute_pit_context,diagnostic_or_requires_disclosure_timestamp_contract,"CSRank(Div($ctx_billboard_deal_amount_ratio,Add(Abs($ctx_billboard_free_market_cap),0.000001)))"
