expression_hash,candidate_ids,horizon_min,shard_count,row_count,memory_hit_any,fresh_eligible_any,fresh_eligible_all,lane,factor_lane,source_lane,fields,expression,ic_mean_mean,ic_mean_median,ic_mean_std,ic_abs_mean_mean,ic_count_mean,ic_positive_share,ic_negative_share,ic_direction_share,spread_mean_mean,spread_hit_rate_mean,spread_direction_share,directional_robust_score,spread_directional_score
579b91fa7699467e04d671e3,phase3bj_large_1min_013168,1,16,16,False,True,True,sidecar_context_formula,pure_fresh_cross,phase3bj_large_1min_surrogate,close|volume|vwap,"CSRank(Sub(ZScore(Sub(ZScore(Delta($volume,15)),ZScore(Delta($vwap,15)))),ZScore(Sub(ZScore(Delta($volume,15)),ZScore(Delta($close,15))))))",-0.09531239977,-0.09413735425,0.005191428262,0.1086457803,2357,0,1,1,-0.0003102126913,0.2376339376,1,0.09413735425,0.0003102126913
579b91fa7699467e04d671e3,phase3bj_large_1min_013168,5,16,16,False,True,True,sidecar_context_formula,pure_fresh_cross,phase3bj_large_1min_surrogate,close|volume|vwap,"CSRank(Sub(ZScore(Sub(ZScore(Delta($volume,15)),ZScore(Delta($vwap,15)))),ZScore(Sub(ZScore(Delta($volume,15)),ZScore(Delta($close,15))))))",-0.07238572415,-0.07249335022,0.003718513595,0.09646357714,2361.8125,0,1,1,-0.000353840513,0.3250931359,1,0.07249335022,0.000353840513
3885a1e358e7b5d27ec6ee39,phase3bj_large_1min_006453,1,16,16,False,True,True,sidecar_context_formula,pure_fresh_cross,phase3bj_large_1min_surrogate,close|volume|vwap,"CSRank(Div(ZScore(Sub(ZScore(Delta($volume,10)),ZScore(Delta($close,10)))),Add(Abs(ZScore(Sub(ZScore(Delta($volume,10)),ZScore(Delta($vwap,10))))),0.000001)))",0.06235305402,0.06182046397,0.004015612131,0.08211425747,2361.9375,1,0,1,0.0002799543106,0.7619877482,1,0.06182046397,0.0002799543106
b68c515d47ec76c97d51f2db,phase3bj_large_1min_009813,30,16,16,False,True,True,sidecar_context_formula,pure_fresh_cross,phase3bj_large_1min_surrogate,close|m1_first30_vwap|vwap,"CSRank(Sub(ZScore(Div(Std($close,20),Add(Abs(Mean($close,20)),0.000001))),ZScore(Div(Sub($m1_first30_vwap,$vwap),Add(Abs($vwap),0.000001)))))",-0.05668661187,-0.05637560609,0.002078989272,0.106295546,2083,0,1,1,-0.0001628664264,0.4737457993,1,0.05637560609,0.0001628664264
c32780d6a803e8a4944e7918,phase3bj_large_1min_001478,5,16,16,False,True,True,sidecar_context_formula,opening_vwap_residual,phase3bj_large_1min_surrogate,close|m1_first30_vwap,"CSRank(Div(Sub($m1_first30_vwap,$close),Add(Abs($close),0.000001)))",0.05497431139,0.05560990897,0.002352701804,0.1012342417,2110,1,0,1,0.0002167517485,0.6049170616,1,0.05560990897,0.0002167517485
24d600ec6ff7de63e1dfdb1e,phase3bj_large_1min_009371,5,16,16,False,True,True,sidecar_context_formula,pure_fresh_cross,phase3bj_large_1min_surrogate,amount|close|m1_first30_vwap,"CSRank(Div(ZScore(Div(Sub($m1_first30_vwap,$close),Add(Abs($close),0.000001))),Add(Abs(ZScore(Div(Delta($amount,5),Add(Abs(Add(Std($close,5),0.000001)),0.000001)))),0.000001)))",0.05263013225,0.05322367674,0.002281391559,0.09802770879,2107,1,0,1,0.0002165799493,0.5996974371,1,0.05322367674,0.0002165799493
3885a1e358e7b5d27ec6ee39,phase3bj_large_1min_006453,5,16,16,False,True,True,sidecar_context_formula,pure_fresh_cross,phase3bj_large_1min_surrogate,close|volume|vwap,"CSRank(Div(ZScore(Sub(ZScore(Delta($volume,10)),ZScore(Delta($close,10)))),Add(Abs(ZScore(Sub(ZScore(Delta($volume,10)),ZScore(Delta($vwap,10))))),0.000001)))",0.05324457633,0.05250642552,0.002913202633,0.08433754564,2367,1,0,1,0.000322689338,0.6768852978,1,0.05250642552,0.000322689338
419f7392d16e13d68d9a98b4,phase3bj_large_1min_001473,5,16,16,False,True,True,sidecar_context_formula,opening_vwap_residual,phase3bj_large_1min_surrogate,close|m1_first15_vwap,"CSRank(Div(Sub($m1_first15_vwap,$close),Add(Abs($close),0.000001)))",0.05236188309,0.05250328791,0.002033994453,0.1009700964,2259,1,0,1,0.0002100421764,0.595396193,1,0.05250328791,0.0002100421764
bee893fb4b4ca06592f59e3d,phase3bj_large_1min_010202,5,16,16,False,True,True,sidecar_context_formula,pure_fresh_cross,phase3bj_large_1min_surrogate,amount|close|m1_first15_vwap|vwap,"CSRank(Add(ZScore(Div(Sub($m1_first15_vwap,$close),Add(Abs($close),0.000001))),ZScore(Mul(ZScore(Delta($amount,2)),Neg(ZScore(Delta($vwap,2)))))))",0.05152937634,0.05198305419,0.001792494063,0.0983705419,2236,1,0,1,0.0002096103315,0.5918772361,1,0.05198305419,0.0002096103315
43b1dd73cd3e8139f9fd5418,phase3bj_large_1min_009747,5,16,16,False,True,True,sidecar_context_formula,pure_fresh_cross,phase3bj_large_1min_surrogate,amount|close|m1_first15_vwap|vwap,"CSRank(Add(ZScore(Div(Sub($m1_first15_vwap,$close),Add(Abs($close),0.000001))),ZScore(Mul(ZScore(Delta($amount,10)),Neg(ZScore(Delta($vwap,10)))))))",0.05165492707,0.05191256911,0.002113770175,0.09823433184,2239,1,0,1,0.0002196470589,0.5925636445,1,0.05191256911,0.0002196470589
579b91fa7699467e04d671e3,phase3bj_large_1min_013168,15,16,16,False,True,True,sidecar_context_formula,pure_fresh_cross,phase3bj_large_1min_surrogate,close|volume|vwap,"CSRank(Sub(ZScore(Sub(ZScore(Delta($volume,15)),ZScore(Delta($vwap,15)))),ZScore(Sub(ZScore(Delta($volume,15)),ZScore(Delta($close,15))))))",-0.05216393878,-0.05170021612,0.003164250763,0.08793382934,2361.8125,0,1,1,-0.0003405579679,0.3905095334,1,0.05170021612,0.0003405579679
5f4ce07dfb8fe165948c9846,phase3bj_large_1min_011116,30,16,16,False,True,True,sidecar_context_formula,pure_fresh_cross,phase3bj_large_1min_surrogate,amount|close|m1_first15_vwap|m1_first5_amount,"CSRank(Sub(ZScore(Div($m1_first5_amount,Add(Abs(Mean($amount,30)),0.000001))),ZScore(Div(Sub($m1_first15_vwap,$close),Add(Abs($close),0.000001)))))",-0.05185680072,-0.05153235478,0.001551241315,0.1066606597,2232,0,1,1,-0.0002738136828,0.4509128584,1,0.05153235478,0.0002738136828
5f4ce07dfb8fe165948c9846,phase3bj_large_1min_011116,5,16,16,False,True,True,sidecar_context_formula,pure_fresh_cross,phase3bj_large_1min_surrogate,amount|close|m1_first15_vwap|m1_first5_amount,"CSRank(Sub(ZScore(Div($m1_first5_amount,Add(Abs(Mean($amount,30)),0.000001))),ZScore(Div(Sub($m1_first15_vwap,$close),Add(Abs($close),0.000001)))))",-0.05174915049,-0.05146926854,0.001139879588,0.09361329491,2233,0,1,1,-0.0002009800936,0.4076634572,1,0.05146926854,0.0002009800936
43774a6954f66bee2f7a1dd9,phase3bj_large_1min_010985,5,16,16,False,True,True,sidecar_context_formula,pure_fresh_cross,phase3bj_large_1min_surrogate,amount|close|m1_first30_vwap|m1_first5_vol,"CSRank(Div(ZScore(Div(Sub($m1_first30_vwap,$close),Add(Abs($close),0.000001))),Add(Abs(ZScore(Sub(ZScore($m1_first5_vol),ZScore(Mean($amount,30))))),0.000001)))",0.05121695009,0.0514239634,0.001766518387,0.09379687209,2086,1,0,1,0.0001663613501,0.5937799616,1,0.0514239634,0.0001663613501
5f4ce07dfb8fe165948c9846,phase3bj_large_1min_011116,15,16,16,False,True,True,sidecar_context_formula,pure_fresh_cross,phase3bj_large_1min_surrogate,amount|close|m1_first15_vwap|m1_first5_amount,"CSRank(Sub(ZScore(Div($m1_first5_amount,Add(Abs(Mean($amount,30)),0.000001))),ZScore(Div(Sub($m1_first15_vwap,$close),Add(Abs($close),0.000001)))))",-0.05150402609,-0.05115241535,0.001475016714,0.1023876671,2233,0,1,1,-0.0002186675283,0.440158979,1,0.05115241535,0.0002186675283
c32780d6a803e8a4944e7918,phase3bj_large_1min_001478,1,16,16,False,True,True,sidecar_context_formula,opening_vwap_residual,phase3bj_large_1min_surrogate,close|m1_first30_vwap,"CSRank(Div(Sub($m1_first30_vwap,$close),Add(Abs($close),0.000001)))",0.05053581309,0.05091979613,0.002341817607,0.07890421636,2104.5,1,0,1,0.0001649004622,0.6557168246,1,0.05091979613,0.0001649004622
b68c515d47ec76c97d51f2db,phase3bj_large_1min_009813,15,16,16,False,True,True,sidecar_context_formula,pure_fresh_cross,phase3bj_large_1min_surrogate,close|m1_first30_vwap|vwap,"CSRank(Sub(ZScore(Div(Std($close,20),Add(Abs(Mean($close,20)),0.000001))),ZScore(Div(Sub($m1_first30_vwap,$vwap),Add(Abs($vwap),0.000001)))))",-0.05108430125,-0.05085264683,0.001559641534,0.1004926143,2084,0,1,1,-9.822416978e-05,0.4720189539,1,0.05085264683,9.822416978e-05
43951ae38eb949ad97dfbfbd,phase3bj_large_1min_009660,5,16,16,False,True,True,sidecar_context_formula,pure_fresh_cross,phase3bj_large_1min_surrogate,amount|close|m1_first30_vwap,"CSRank(Sub(ZScore(Mul(ZScore(Delta($amount,10)),Neg(ZScore(Delta($close,10))))),ZScore(Div(Sub($m1_first30_vwap,$close),Add(Abs($close),0.000001)))))",-0.04988586815,-0.05052052393,0.002595959356,0.09588680001,2102,0,1,1,-0.00018816186,0.4026819696,1,0.05052052393,0.00018816186
649af80b00c02de3b638a301,phase3bj_large_1min_001503,30,16,16,False,True,True,sidecar_context_formula,micro_volatility,phase3bj_large_1min_surrogate,close,"CSRank(Div(Std($close,10),Add(Abs(Mean($close,10)),0.000001)))",-0.05033230764,-0.05034624126,0.001461307638,0.1164795199,2389,0,1,1,-0.0001343760538,0.4728442863,1,0.05034624126,0.0001343760538
f156adfdbc48eaa7af5ab5be,phase3bj_large_1min_008060,30,16,16,False,True,True,sidecar_context_formula,pure_fresh_cross,phase3bj_large_1min_surrogate,amount|close|vwap,"CSRank(Sub(ZScore(Mul(ZScore(Delta($amount,2)),Neg(ZScore(Delta($vwap,2))))),ZScore(Div(Std($close,8),Add(Abs(Mean($close,8)),0.000001)))))",0.0505963734,0.05032903826,0.001421899692,0.1132565544,2369,1,0,1,0.0001885468575,0.5365132967,1,0.05032903826,0.0001885468575
92acdb8b7f19230340a8be12,phase3bj_large_1min_001505,30,16,16,False,True,True,sidecar_context_formula,micro_volatility,phase3bj_large_1min_surrogate,close,"CSRank(Div(Std($close,15),Add(Abs(Mean($close,15)),0.000001)))",-0.0502115285,-0.05030483919,0.00158820863,0.1172271666,2384,0,1,1,-7.266519453e-05,0.48046875,0.8125,0.05030483919,5.904047056e-05
dcead36821ac992909bac85a,phase3bj_large_1min_013275,5,16,16,False,True,True,sidecar_context_formula,pure_fresh_cross,phase3bj_large_1min_surrogate,amount|close|m1_first15_vwap,"CSRank(Div(ZScore(Div(Sub($m1_first15_vwap,$close),Add(Abs($close),0.000001))),Add(Abs(ZScore(Mul(ZScore(Delta($amount,15)),Neg(ZScore(Delta($close,15)))))),0.000001)))",0.05032262429,0.05029446589,0.002102092996,0.09626830489,2246,1,0,1,0.000201997675,0.6092219501,1,0.05029446589,0.000201997675
bd04fa439f3652d10cc82b37,phase3bj_large_1min_001507,30,16,16,False,True,True,sidecar_context_formula,micro_volatility,phase3bj_large_1min_surrogate,close,"CSRank(Div(Std($close,20),Add(Abs(Mean($close,20)),0.000001)))",-0.05010192547,-0.04998343915,0.001480706287,0.1184448508,2379,0,1,1,-7.189623748e-05,0.4811895755,0.875,0.04998343915,6.29092078e-05
4d1d968dc74d65cd67bc3a4a,phase3bj_large_1min_001456,5,16,16,False,True,True,sidecar_context_formula,opening_vwap_residual,phase3bj_large_1min_surrogate,close|m1_first5_vwap,"CSRank(Div(Sub($m1_first5_vwap,$close),Add(Abs($close),0.000001)))",0.04976927105,0.0499265093,0.001978069627,0.09837883496,2359,1,0,1,0.0002109402279,0.5868217465,1,0.0499265093,0.0002109402279
db90568548e7ab35c26411b8,phase3bj_large_1min_001501,30,16,16,False,True,True,sidecar_context_formula,micro_volatility,phase3bj_large_1min_surrogate,close,"CSRank(Div(Std($close,8),Add(Abs(Mean($close,8)),0.000001)))",-0.05006074551,-0.04979816607,0.001518814798,0.1177690788,2391,0,1,1,-0.0001917780947,0.4664104977,1,0.04979816607,0.0001917780947
6444d701fa47319ef99c20ec,phase3bj_large_1min_010543,30,16,16,False,True,True,sidecar_context_formula,pure_fresh_cross,phase3bj_large_1min_surrogate,amount|close|m1_first30_vol,"CSRank(Div(ZScore(Div(Std($close,5),Add(Abs(Mean($close,5)),0.000001))),Add(Abs(ZScore(Div($m1_first30_vol,Add(Abs(Mean($amount,30)),0.000001)))),0.000001)))",-0.04966772218,-0.0495702615,0.001353326765,0.1100209116,2085,0,1,1,-0.0002489416956,0.457763789,1,0.0495702615,0.0002489416956
5a4e2603e0113f083882780d,phase3bj_large_1min_010344,5,16,16,False,True,True,sidecar_context_formula,pure_fresh_cross,phase3bj_large_1min_surrogate,amount|close|m1_first30_vwap,"CSRank(Add(ZScore(Sub(ZScore(Delta($amount,30)),ZScore(Delta($close,30)))),ZScore(Div(Sub($m1_first30_vwap,$close),Add(Abs($close),0.000001)))))",0.04990178758,0.04956625276,0.0019164027,0.09163554839,2085,1,0,1,0.0001861956735,0.5992505995,1,0.04956625276,0.0001861956735
5ac561890765b85ccf67eaca,phase3bj_large_1min_001499,30,16,16,False,True,True,sidecar_context_formula,micro_volatility,phase3bj_large_1min_surrogate,close,"CSRank(Div(Std($close,5),Add(Abs(Mean($close,5)),0.000001)))",-0.0496504653,-0.04935308433,0.001276708089,0.1186070007,2394,0,1,1,-0.0002354046064,0.4639202172,1,0.04935308433,0.0002354046064
3fb85c54c04073c7922aba26,phase3bj_large_1min_010053,5,16,16,False,True,True,sidecar_context_formula,pure_fresh_cross,phase3bj_large_1min_surrogate,close|m1_first15_vwap|volume,"CSRank(Add(ZScore(Div(Sub($m1_first15_vwap,$close),Add(Abs($close),0.000001))),ZScore(Sub(ZScore(Delta($volume,5)),ZScore(Delta($close,5))))))",0.04922623087,0.0492938596,0.001501639499,0.09541864182,2255,1,0,1,0.0001987829154,0.5927937916,1,0.0492938596,0.0001987829154
54d5116b132d0395bf616bed,phase3bj_large_1min_007053,30,16,16,False,True,True,sidecar_context_formula,pure_fresh_cross,phase3bj_large_1min_surrogate,close|volume|vwap,"CSRank(Sub(ZScore(Div(Delta($volume,3),Add(Abs(Add(Std($vwap,3),0.000001)),0.000001))),ZScore(Div(Std($close,8),Add(Abs(Mean($close,8)),0.000001)))))",0.04940794114,0.04919694778,0.001426859553,0.1155818082,2358,1,0,1,0.0001851113669,0.5334234521,1,0.04919694778,0.0001851113669
d27084f73bde2504ac0f76f4,phase3bj_large_1min_006998,5,16,16,False,True,True,sidecar_context_formula,pure_fresh_cross,phase3bj_large_1min_surrogate,amount|close|m1_first5_vwap,"CSRank(Add(ZScore(Mul(ZScore(Delta($amount,15)),Neg(ZScore(Delta($close,15))))),ZScore(Div(Sub($m1_first5_vwap,$close),Add(Abs($close),0.000001)))))",0.04899036539,0.04914965379,0.001682881272,0.09491048207,2346,1,0,1,0.0002111231988,0.5871430094,1,0.04914965379,0.0002111231988
521205d42fa5a1a7de287fb2,phase3bj_large_1min_010657,5,16,16,False,True,True,sidecar_context_formula,pure_fresh_cross,phase3bj_large_1min_surrogate,amount|close|m1_first30_vwap,"CSRank(Add(ZScore(Div(Sub($m1_first30_vwap,$close),Add(Abs($close),0.000001))),ZScore(Delta($amount,8))))",0.04891775159,0.04907682302,0.002132558777,0.09063989453,2104,1,0,1,0.0002039633209,0.6126722909,1,0.04907682302,0.0002039633209
7823133ed4a275799b37e455,phase3bj_large_1min_012332,30,16,16,False,True,True,sidecar_context_formula,pure_fresh_cross,phase3bj_large_1min_surrogate,amount|close|vwap,"CSRank(Sub(ZScore(Mul(ZScore(Delta($amount,15)),Neg(ZScore(Delta($vwap,15))))),ZScore(Div(Std($close,15),Add(Abs(Mean($close,15)),0.000001)))))",0.0491583347,0.04906928026,0.001542088881,0.1133249752,2361,1,0,1,0.0001044980423,0.5230834392,1,0.04906928026,0.0001044980423
55720415ff4e329b55100260,phase3bj_large_1min_001509,30,16,16,False,True,True,sidecar_context_formula,micro_volatility,phase3bj_large_1min_surrogate,close,"CSRank(Div(Std($close,30),Add(Abs(Mean($close,30)),0.000001)))",-0.04906506602,-0.04893672683,0.001550940429,0.1199690753,2369,0,1,1,-5.012837134e-05,0.4841969185,0.8125,0.04893672683,4.072930172e-05
24d600ec6ff7de63e1dfdb1e,phase3bj_large_1min_009371,1,16,16,False,True,True,sidecar_context_formula,pure_fresh_cross,phase3bj_large_1min_surrogate,amount|close|m1_first30_vwap,"CSRank(Div(ZScore(Div(Sub($m1_first30_vwap,$close),Add(Abs($close),0.000001))),Add(Abs(ZScore(Div(Delta($amount,5),Add(Abs(Add(Std($close,5),0.000001)),0.000001)))),0.000001)))",0.0481590882,0.04877551342,0.002313860997,0.0765661254,2101.5,1,0,1,0.0001556853506,0.6496796393,1,0.04877551342,0.0001556853506
083493078d5c5c665bf39113,phase3bj_large_1min_010472,5,16,16,False,True,True,sidecar_context_formula,pure_fresh_cross,phase3bj_large_1min_surrogate,amount|close|m1_first30_vwap|m1_first5_amount,"CSRank(Sub(ZScore(Div(Sub($m1_first30_vwap,$close),Add(Abs($close),0.000001))),ZScore(Sub(ZScore($m1_first5_amount),ZScore(Mean($amount,30))))))",0.04875618978,0.04871852571,0.002623835207,0.09279344137,2086,1,0,1,0.0001970957795,0.5978847076,1,0.04871852571,0.0001970957795
8546ce960e1665f2453ea15d,phase3bj_large_1min_012222,5,16,16,False,True,True,sidecar_context_formula,pure_fresh_cross,phase3bj_large_1min_surrogate,close|m1_first30_vwap|volume,"CSRank(Div(ZScore(Div(Sub($m1_first30_vwap,$close),Add(Abs($close),0.000001))),Add(Abs(ZScore(Sub(ZScore(Mean($volume,5)),ZScore(Mean($volume,45))))),0.000001)))",0.04811838124,0.04858568532,0.002041991249,0.09331639218,2073,1,0,1,0.0001560791132,0.5853533526,1,0.04858568532,0.0001560791132
b7f88f62ccc3d0301dbc86cd,phase3bj_large_1min_006366,30,16,16,False,True,True,sidecar_context_formula,pure_fresh_cross,phase3bj_large_1min_surrogate,amount|close,"CSRank(Sub(ZScore(Mul(ZScore(Delta($amount,30)),Neg(ZScore(Delta($close,30))))),ZScore(Div(Std($close,8),Add(Abs(Mean($close,8)),0.000001)))))",0.04860321567,0.04856091291,0.001381981353,0.1118245107,2368,1,0,1,0.0001974399047,0.5333614865,1,0.04856091291,0.0001974399047
60ee4dd67606a55997e87a49,phase3bj_large_1min_009923,30,16,16,False,True,True,sidecar_context_formula,pure_fresh_cross,phase3bj_large_1min_surrogate,close|volume|vwap,"CSRank(Div(ZScore(Div(Std($close,10),Add(Abs(Mean($close,10)),0.000001))),Add(Abs(ZScore(Div(Delta($volume,5),Add(Abs(Add(Std($vwap,5),0.000001)),0.000001)))),0.000001)))",-0.04861413153,-0.04848303817,0.001351121084,0.1093944042,2334,0,1,1,-0.000205868045,0.4695265638,1,0.04848303817,0.000205868045
801b15138c021e481c6dca47,phase3bj_large_1min_012843,5,16,16,False,True,True,sidecar_context_formula,pure_fresh_cross,phase3bj_large_1min_surrogate,amount|close|m1_first15_vwap,"CSRank(Add(ZScore(Div(Sub($m1_first15_vwap,$close),Add(Abs($close),0.000001))),ZScore(Sub(ZScore(Mean($amount,1)),ZScore(Mean($amount,30))))))",0.04829655557,0.04847748258,0.001680910589,0.0895896607,2222,1,0,1,0.0002088540707,0.6074763726,1,0.04847748258,0.0002088540707
f80fa77fb11d489041f7e9d6,phase3bj_large_1min_011262,1,16,16,False,True,True,sidecar_context_formula,pure_fresh_cross,phase3bj_large_1min_surrogate,close|m1_first30_vwap|m1_first5_vwap|vwap,"CSRank(Div(ZScore(Div(Sub($m1_first5_vwap,$close),Add(Abs($close),0.000001))),Add(Abs(ZScore(Div(Sub($m1_first30_vwap,$vwap),Add(Abs($vwap),0.000001)))),0.000001)))",0.04701225151,0.04813408105,0.002653864936,0.07193737461,2093.9375,1,0,1,0.0001784567589,0.7064375893,1,0.04813408105,0.0001784567589
c32780d6a803e8a4944e7918,phase3bj_large_1min_001478,15,16,16,False,True,True,sidecar_context_formula,opening_vwap_residual,phase3bj_large_1min_surrogate,close|m1_first30_vwap,"CSRank(Div(Sub($m1_first30_vwap,$close),Add(Abs($close),0.000001)))",0.04740092862,0.04788362395,0.002553777137,0.109622148,2110,1,0,1,0.0001564126571,0.5523104265,1,0.04788362395,0.0001564126571
79d3068fbb4e304eb5fbee48,phase3bj_large_1min_012338,5,16,16,False,True,True,sidecar_context_formula,pure_fresh_cross,phase3bj_large_1min_surrogate,amount|close|m1_first30_vwap,"CSRank(Div(ZScore(Div(Sub($m1_first30_vwap,$close),Add(Abs($close),0.000001))),Add(Abs(ZScore(Div(Delta($amount,8),Add(Abs(Mean($amount,45)),0.000001)))),0.000001)))",0.04710153747,0.04786376439,0.002380745922,0.09360861181,2073,1,0,1,0.0001758273572,0.5995839363,1,0.04786376439,0.0001758273572
e6e4bf658dfbc6d0107eea72,phase3bj_large_1min_009871,30,16,16,False,True,True,sidecar_context_formula,pure_fresh_cross,phase3bj_large_1min_surrogate,amount|close,"CSRank(Div(ZScore(Div(Std($close,20),Add(Abs(Mean($close,20)),0.000001))),Add(Abs(ZScore(Div(Delta($amount,5),Add(Abs(Add(Std($close,5),0.000001)),0.000001)))),0.000001)))",-0.04742889267,-0.04778397869,0.00149200071,0.1111739696,2379,0,1,1,-0.0001352829078,0.4763818831,1,0.04778397869,0.0001352829078
3305abde18536e10bc127cee,phase3bj_large_1min_010824,5,16,16,False,True,True,sidecar_context_formula,pure_fresh_cross,phase3bj_large_1min_surrogate,amount|close|m1_first5_vwap,"CSRank(Div(ZScore(Div(Sub($m1_first5_vwap,$close),Add(Abs($close),0.000001))),Add(Abs(ZScore(Div(Mean($amount,8),Add(Abs(Add(Std($close,8),0.000001)),0.000001)))),0.000001)))",0.04746607947,0.04776994182,0.001974029057,0.09478766755,2353,1,0,1,0.0002065347788,0.5856087973,1,0.04776994182,0.0002065347788
6988b8be922794ac01efabc2,phase3bj_large_1min_011100,5,16,16,False,True,True,sidecar_context_formula,pure_fresh_cross,phase3bj_large_1min_surrogate,close|m1_first30_vwap|volume,"CSRank(Add(ZScore(Sub(ZScore(Mean($volume,1)),ZScore(Mean($volume,10)))),ZScore(Div(Sub($m1_first30_vwap,$close),Add(Abs($close),0.000001)))))",0.04763126547,0.04757771041,0.001359847757,0.08973448043,2092,1,0,1,0.0002127932188,0.6054314054,1,0.04757771041,0.0002127932188
f0f51f093aa9aa122b0ce7af,phase3bj_large_1min_011968,5,16,16,False,True,True,sidecar_context_formula,pure_fresh_cross,phase3bj_large_1min_surrogate,amount|close|m1_first30_vwap,"CSRank(Add(ZScore(Sub(ZScore(Mean($amount,8)),ZScore(Mean($amount,60)))),ZScore(Div(Sub($m1_first30_vwap,$close),Add(Abs($close),0.000001)))))",0.04745347663,0.04747621182,0.002107463005,0.08800552351,2059,1,0,1,0.0001752591789,0.5972255949,1,0.04747621182,0.0001752591789
77543a3f147c46d52b16717c,phase3bj_large_1min_010788,30,16,16,False,True,True,sidecar_context_formula,pure_fresh_cross,phase3bj_large_1min_surrogate,close|volume,"CSRank(Add(ZScore(Div(Delta($volume,5),Add(Abs(Add(Std($close,5),0.000001)),0.000001))),ZScore(Div(Std($close,5),Add(Abs(Mean($close,5)),0.000001)))))",-0.04758646689,-0.04745729077,0.001159766674,0.1119651634,2393,0,1,1,-0.0001936940992,0.4673004597,1,0.04745729077,0.0001936940992
419f7392d16e13d68d9a98b4,phase3bj_large_1min_001473,1,16,16,False,True,True,sidecar_context_formula,opening_vwap_residual,phase3bj_large_1min_surrogate,close|m1_first15_vwap,"CSRank(Div(Sub($m1_first15_vwap,$close),Add(Abs($close),0.000001)))",0.04713833838,0.04741111,0.002139415159,0.07831282982,2253.5,1,0,1,0.0001545670723,0.6399955733,1,0.04741111,0.0001545670723
3a890ef1aa2d3421ed3dd39a,phase3bj_large_1min_013239,5,16,16,False,True,True,sidecar_context_formula,pure_fresh_cross,phase3bj_large_1min_surrogate,amount|close|m1_first15_vwap|vwap,"CSRank(Div(ZScore(Div(Sub($m1_first15_vwap,$close),Add(Abs($close),0.000001))),Add(Abs(ZScore(Div(Delta($amount,5),Add(Abs(Add(Std($vwap,5),0.000001)),0.000001)))),0.000001)))",0.04746763216,0.04737739208,0.001956804168,0.09701581422,2200,1,0,1,0.0001950997395,0.5805113636,1,0.04737739208,0.0001950997395
43951ae38eb949ad97dfbfbd,phase3bj_large_1min_009660,1,16,16,False,True,True,sidecar_context_formula,pure_fresh_cross,phase3bj_large_1min_surrogate,amount|close|m1_first30_vwap,"CSRank(Sub(ZScore(Mul(ZScore(Delta($amount,10)),Neg(ZScore(Delta($close,10))))),ZScore(Div(Sub($m1_first30_vwap,$close),Add(Abs($close),0.000001)))))",-0.04733845699,-0.04735996902,0.002194432603,0.07569222826,2096.5,0,1,1,-0.0001539739634,0.342382255,1,0.04735996902,0.0001539739634
379a3b678612c3ae9782ef01,phase3bj_large_1min_010090,30,16,16,False,True,True,sidecar_context_formula,pure_fresh_cross,phase3bj_large_1min_surrogate,amount|close,"CSRank(Add(ZScore(Div(Std($close,10),Add(Abs(Mean($close,10)),0.000001))),ZScore(Div(Mean($amount,3),Add(Abs(Add(Std($close,3),0.000001)),0.000001)))))",-0.04746790243,-0.04721651209,0.001378128072,0.1092177189,2389,0,1,1,-0.0001074938497,0.4710129761,1,0.04721651209,0.0001074938497
7882e6310ee21b4be9529c8e,phase3bj_large_1min_007506,30,16,16,False,True,True,sidecar_context_formula,pure_fresh_cross,phase3bj_large_1min_surrogate,amount|close|m1_first5_amount,"CSRank(Add(ZScore(Div(Std($close,8),Add(Abs(Mean($close,8)),0.000001))),ZScore(Div($m1_first5_amount,Add(Abs(Mean($amount,30)),0.000001)))))",-0.0470112275,-0.04720404007,0.001395265525,0.1003230853,2331,0,1,1,-0.0001025179692,0.4698627199,1,0.04720404007,0.0001025179692
2518d8f8464fd75b242f401f,phase3bj_large_1min_007177,5,16,16,False,True,True,sidecar_context_formula,pure_fresh_cross,phase3bj_large_1min_surrogate,close|m1_first5_vwap,"CSRank(Div(ZScore(Div(Sub($m1_first5_vwap,$close),Add(Abs($close),0.000001))),Add(Abs(ZScore(Div(Std($close,30),Add(Abs(Mean($close,30)),0.000001)))),0.000001)))",0.04723880038,0.04720308299,0.001866007097,0.09313178403,2332,1,0,1,0.0001862449761,0.5868621355,1,0.04720308299,0.0001862449761
608bf624d3ce46ea95471750,phase3bj_large_1min_011154,30,16,16,False,True,True,sidecar_context_formula,pure_fresh_cross,phase3bj_large_1min_surrogate,close|volume,"CSRank(Sub(ZScore(Sub(ZScore(Delta($volume,5)),ZScore(Delta($close,5)))),ZScore(Div(Std($close,5),Add(Abs(Mean($close,5)),0.000001)))))",0.04737719105,0.04716337645,0.001500753147,0.09742752339,2393,1,0,1,0.0002910443278,0.5489970748,1,0.04716337645,0.0002910443278
2f508e943776ece057995ed8,phase3bj_large_1min_006697,5,16,16,False,True,True,sidecar_context_formula,pure_fresh_cross,phase3bj_large_1min_surrogate,amount|close|m1_first30_vwap,"CSRank(Div(ZScore(Div(Sub($m1_first30_vwap,$close),Add(Abs($close),0.000001))),Add(Abs(ZScore(Div(Delta($amount,10),Add(Abs(Mean($amount,60)),0.000001)))),0.000001)))",0.04669074571,0.04704126212,0.002309322524,0.09318690812,2059,1,0,1,0.000177905479,0.5991682856,1,0.04704126212,0.000177905479
f80fa77fb11d489041f7e9d6,phase3bj_large_1min_011262,5,16,16,False,True,True,sidecar_context_formula,pure_fresh_cross,phase3bj_large_1min_surrogate,close|m1_first30_vwap|m1_first5_vwap|vwap,"CSRank(Div(ZScore(Div(Sub($m1_first5_vwap,$close),Add(Abs($close),0.000001))),Add(Abs(ZScore(Div(Sub($m1_first30_vwap,$vwap),Add(Abs($vwap),0.000001)))),0.000001)))",0.04641179182,0.04674169512,0.002171679154,0.08635901686,2099,1,0,1,0.0002058601386,0.6173475465,1,0.04674169512,0.0002058601386
43774a6954f66bee2f7a1dd9,phase3bj_large_1min_010985,1,16,16,False,True,True,sidecar_context_formula,pure_fresh_cross,phase3bj_large_1min_surrogate,amount|close|m1_first30_vwap|m1_first5_vol,"CSRank(Div(ZScore(Div(Sub($m1_first30_vwap,$close),Add(Abs($close),0.000001))),Add(Abs(ZScore(Sub(ZScore($m1_first5_vol),ZScore(Mean($amount,30))))),0.000001)))",0.04680804418,0.04670871346,0.001990676958,0.07341715209,2080.5,1,0,1,0.0001211117427,0.6387823586,1,0.04670871346,0.0001211117427
042b4e642cce432b76f3c4e4,phase3bj_large_1min_007189,30,16,16,False,True,True,sidecar_context_formula,pure_fresh_cross,phase3bj_large_1min_surrogate,amount|close|vwap,"CSRank(Div(ZScore(Div(Std($close,20),Add(Abs(Mean($close,20)),0.000001))),Add(Abs(ZScore(Mul(ZScore(Delta($amount,5)),Neg(ZScore(Delta($vwap,5)))))),0.000001)))",-0.04646420052,-0.04666270287,0.001544825485,0.1103975638,2357,0,1,1,-4.447154372e-05,0.4848324141,0.75,0.04666270287,3.335365779e-05
c157ec9fc42f6f52fd001aa7,phase3bj_large_1min_007600,30,16,16,False,True,True,sidecar_context_formula,pure_fresh_cross,phase3bj_large_1min_surrogate,close|volume|vwap,"CSRank(Sub(ZScore(Div(Std($close,10),Add(Abs(Mean($close,10)),0.000001))),ZScore(Sub(ZScore(Delta($volume,5)),ZScore(Delta($vwap,5))))))",-0.04687188546,-0.04664590347,0.001638899748,0.09717769232,2367,0,1,1,-0.0001740550119,0.4634294466,1,0.04664590347,0.0001740550119
4d1d968dc74d65cd67bc3a4a,phase3bj_large_1min_001456,15,16,16,False,True,True,sidecar_context_formula,opening_vwap_residual,phase3bj_large_1min_surrogate,close|m1_first5_vwap,"CSRank(Div(Sub($m1_first5_vwap,$close),Add(Abs($close),0.000001)))",0.04618786132,0.04664116145,0.002166994068,0.1069129052,2359,1,0,1,0.0002067295847,0.5529090716,1,0.04664116145,0.0002067295847
521205d42fa5a1a7de287fb2,phase3bj_large_1min_010657,1,16,16,False,True,True,sidecar_context_formula,pure_fresh_cross,phase3bj_large_1min_surrogate,amount|close|m1_first30_vwap,"CSRank(Add(ZScore(Div(Sub($m1_first30_vwap,$close),Add(Abs($close),0.000001))),ZScore(Delta($amount,8))))",0.04666476263,0.04663931404,0.002158880466,0.07303155664,2098.5,1,0,1,0.0001672062426,0.6660230513,1,0.04663931404,0.0001672062426
bee893fb4b4ca06592f59e3d,phase3bj_large_1min_010202,15,16,16,False,True,True,sidecar_context_formula,pure_fresh_cross,phase3bj_large_1min_surrogate,amount|close|m1_first15_vwap|vwap,"CSRank(Add(ZScore(Div(Sub($m1_first15_vwap,$close),Add(Abs($close),0.000001))),ZScore(Mul(ZScore(Delta($amount,2)),Neg(ZScore(Delta($vwap,2)))))))",0.04594391777,0.04661077598,0.001878925513,0.106950875,2236,1,0,1,0.0001936027704,0.5530243739,1,0.04661077598,0.0001936027704
dcead36821ac992909bac85a,phase3bj_large_1min_013275,1,16,16,False,True,True,sidecar_context_formula,pure_fresh_cross,phase3bj_large_1min_surrogate,amount|close|m1_first15_vwap,"CSRank(Div(ZScore(Div(Sub($m1_first15_vwap,$close),Add(Abs($close),0.000001))),Add(Abs(ZScore(Mul(ZScore(Delta($amount,15)),Neg(ZScore(Delta($close,15)))))),0.000001)))",0.04648230834,0.04660999252,0.002215774425,0.07566841518,2240.5,1,0,1,0.0001629430805,0.6676591719,1,0.04660999252,0.0001629430805
419f7392d16e13d68d9a98b4,phase3bj_large_1min_001473,15,16,16,False,True,True,sidecar_context_formula,opening_vwap_residual,phase3bj_large_1min_surrogate,close|m1_first15_vwap,"CSRank(Div(Sub($m1_first15_vwap,$close),Add(Abs($close),0.000001)))",0.04647787653,0.04658353238,0.002165743842,0.1095747431,2259,1,0,1,0.0001815715138,0.5537571934,1,0.04658353238,0.0001815715138
43b1dd73cd3e8139f9fd5418,phase3bj_large_1min_009747,15,16,16,False,True,True,sidecar_context_formula,pure_fresh_cross,phase3bj_large_1min_surrogate,amount|close|m1_first15_vwap|vwap,"CSRank(Add(ZScore(Div(Sub($m1_first15_vwap,$close),Add(Abs($close),0.000001))),ZScore(Mul(ZScore(Delta($amount,10)),Neg(ZScore(Delta($vwap,10)))))))",0.04624760098,0.04655078985,0.002112637022,0.1065369717,2239,1,0,1,0.0002202191279,0.5521438142,1,0.04655078985,0.0002202191279
a68148d0f0377572c06b492e,phase3bj_large_1min_008925,5,16,16,False,True,True,sidecar_context_formula,pure_fresh_cross,phase3bj_large_1min_surrogate,amount|close|m1_first30_vwap,"CSRank(Add(ZScore(Div(Delta($amount,30),Add(Abs(Add(Std($close,30),0.000001)),0.000001))),ZScore(Div(Sub($m1_first30_vwap,$close),Add(Abs($close),0.000001)))))",0.04657203579,0.04644686601,0.002005898958,0.08907242415,2085,1,0,1,0.0001955740389,0.604706235,1,0.04644686601,0.0001955740389
9a5956f75914202ae22afcf2,phase3bj_large_1min_011855,30,16,16,False,True,True,sidecar_context_formula,pure_fresh_cross,phase3bj_large_1min_surrogate,amount|close|m1_first15_vol,"CSRank(Div(ZScore(Div(Std($close,30),Add(Abs(Mean($close,30)),0.000001))),Add(Abs(ZScore(Div($m1_first15_vol,Add(Abs(Mean($amount,30)),0.000001)))),0.000001)))",-0.04660577545,-0.04640984024,0.001463757306,0.110419918,2232,0,1,1,-7.854126643e-05,0.4804547491,1,0.04640984024,7.854126643e-05
ccbc5f94d7d602a0e776981b,phase3bj_large_1min_001364,5,16,16,False,True,True,sidecar_context_formula,price_flow_divergence,phase3bj_large_1min_surrogate,amount|close,"CSRank(Sub(ZScore(Delta($amount,2)),ZScore(Delta($close,2))))",0.04593700058,0.04626728824,0.002458444866,0.08647966807,2397,1,0,1,0.000240163086,0.6036451815,1,0.04626728824,0.000240163086
43b1dd73cd3e8139f9fd5418,phase3bj_large_1min_009747,1,16,16,False,True,True,sidecar_context_formula,pure_fresh_cross,phase3bj_large_1min_surrogate,amount|close|m1_first15_vwap|vwap,"CSRank(Add(ZScore(Div(Sub($m1_first15_vwap,$close),Add(Abs($close),0.000001))),ZScore(Mul(ZScore(Delta($amount,10)),Neg(ZScore(Delta($vwap,10)))))))",0.04606998721,0.04621772668,0.002226454696,0.07693856014,2233.9375,1,0,1,0.000147806929,0.6322856186,1,0.04621772668,0.000147806929
24d600ec6ff7de63e1dfdb1e,phase3bj_large_1min_009371,15,16,16,False,True,True,sidecar_context_formula,pure_fresh_cross,phase3bj_large_1min_surrogate,amount|close|m1_first30_vwap,"CSRank(Div(ZScore(Div(Sub($m1_first30_vwap,$close),Add(Abs($close),0.000001))),Add(Abs(ZScore(Div(Delta($amount,5),Add(Abs(Add(Std($close,5),0.000001)),0.000001)))),0.000001)))",0.04558180038,0.04616436202,0.002576235359,0.1062643433,2107,1,0,1,0.0001864146375,0.5521772663,1,0.04616436202,0.0001864146375
d4515d772acecb37595a0a72,phase3bj_large_1min_008485,5,16,16,False,True,True,sidecar_context_formula,pure_fresh_cross,phase3bj_large_1min_surrogate,close|m1_first30_vwap|volume,"CSRank(Sub(ZScore(Div(Sub($m1_first30_vwap,$close),Add(Abs($close),0.000001))),ZScore(Mul(ZScore(Delta($volume,5)),Neg(ZScore(Delta($close,5)))))))",0.04546074722,0.04594212105,0.002274938155,0.09213656235,2107,1,0,1,0.0001752167106,0.5869423351,1,0.04594212105,0.0001752167106
d27084f73bde2504ac0f76f4,phase3bj_large_1min_006998,15,16,16,False,True,True,sidecar_context_formula,pure_fresh_cross,phase3bj_large_1min_surrogate,amount|close|m1_first5_vwap,"CSRank(Add(ZScore(Mul(ZScore(Delta($amount,15)),Neg(ZScore(Delta($close,15))))),ZScore(Div(Sub($m1_first5_vwap,$close),Add(Abs($close),0.000001)))))",0.04565187818,0.04578453366,0.002104359809,0.1030306837,2346,1,0,1,0.000212529808,0.5530690537,1,0.04578453366,0.000212529808
4cf69104924b101401bfbc89,phase3bj_large_1min_009505,5,16,16,False,True,True,sidecar_context_formula,pure_fresh_cross,phase3bj_large_1min_surrogate,close|m1_first30_vwap|volume|vwap,"CSRank(Sub(ZScore(Div(Sub($m1_first30_vwap,$close),Add(Abs($close),0.000001))),ZScore(Mul(ZScore(Delta($volume,10)),Neg(ZScore(Delta($vwap,10)))))))",0.04546129157,0.0457006242,0.00233542848,0.09306309573,2091,1,0,1,0.0001731947636,0.5850370636,1,0.0457006242,0.0001731947636
bee893fb4b4ca06592f59e3d,phase3bj_large_1min_010202,1,16,16,False,True,True,sidecar_context_formula,pure_fresh_cross,phase3bj_large_1min_surrogate,amount|close|m1_first15_vwap|vwap,"CSRank(Add(ZScore(Div(Sub($m1_first15_vwap,$close),Add(Abs($close),0.000001))),ZScore(Mul(ZScore(Delta($amount,2)),Neg(ZScore(Delta($vwap,2)))))))",0.04591984578,0.04568277632,0.002065561845,0.0768102055,2230.9375,1,0,1,0.0001434461934,0.6324351521,1,0.04568277632,0.0001434461934
58296da3e1e9a3896356dce0,phase3bj_large_1min_007981,30,16,16,False,True,True,sidecar_context_formula,pure_fresh_cross,phase3bj_large_1min_surrogate,amount|close,"CSRank(Div(ZScore(Div(Std($close,10),Add(Abs(Mean($close,10)),0.000001))),Add(Abs(ZScore(Sub(ZScore(Mean($amount,2)),ZScore(Mean($amount,60))))),0.000001)))",-0.04598360028,-0.04567110084,0.001642373523,0.1013427741,2339,0,1,1,-8.575983534e-05,0.4704200513,1,0.04567110084,8.575983534e-05
43774a6954f66bee2f7a1dd9,phase3bj_large_1min_010985,15,16,16,False,True,True,sidecar_context_formula,pure_fresh_cross,phase3bj_large_1min_surrogate,amount|close|m1_first30_vwap|m1_first5_vol,"CSRank(Div(ZScore(Div(Sub($m1_first30_vwap,$close),Add(Abs($close),0.000001))),Add(Abs(ZScore(Sub(ZScore($m1_first5_vol),ZScore(Mean($amount,30))))),0.000001)))",0.04544048787,0.0456375287,0.002343422144,0.1017630608,2086,1,0,1,0.0001354600051,0.5497363375,1,0.0456375287,0.0001354600051
5a4e2603e0113f083882780d,phase3bj_large_1min_010344,1,16,16,False,True,True,sidecar_context_formula,pure_fresh_cross,phase3bj_large_1min_surrogate,amount|close|m1_first30_vwap,"CSRank(Add(ZScore(Sub(ZScore(Delta($amount,30)),ZScore(Delta($close,30)))),ZScore(Div(Sub($m1_first30_vwap,$close),Add(Abs($close),0.000001)))))",0.04579313729,0.04561690048,0.002014762739,0.07327335703,2079.5,1,0,1,0.0001458103408,0.6491306954,1,0.04561690048,0.0001458103408
08ea6b4e66516be1cb6879c0,phase3bj_large_1min_001497,30,16,16,False,True,True,sidecar_context_formula,micro_volatility,phase3bj_large_1min_surrogate,close,"CSRank(Div(Std($close,3),Add(Abs(Mean($close,3)),0.000001)))",-0.04541073463,-0.0454105026,0.0009151638007,0.1109654071,2396,0,1,1,-0.0002774398145,0.462886877,1,0.0454105026,0.0002774398145
c42ce58cb99ffa4e96782fb2,phase3bj_large_1min_006416,5,16,16,False,True,True,sidecar_context_formula,pure_fresh_cross,phase3bj_large_1min_surrogate,close|m1_first30_vwap|volume,"CSRank(Sub(ZScore(Div(Sub($m1_first30_vwap,$close),Add(Abs($close),0.000001))),ZScore(Div(Delta($volume,10),Add(Abs(Add(Std($close,10),0.000001)),0.000001)))))",0.04544385407,0.04529213292,0.002606449407,0.09258933479,2102,1,0,1,0.0001721861102,0.5822431018,1,0.04529213292,0.0001721861102
6c8d17fd5fc599eeecf138a5,phase3bj_large_1min_007983,30,16,16,False,True,True,sidecar_context_formula,pure_fresh_cross,phase3bj_large_1min_surrogate,amount|close,"CSRank(Div(ZScore(Div(Std($close,15),Add(Abs(Mean($close,15)),0.000001))),Add(Abs(ZScore(Delta($amount,20))),0.000001)))",-0.04542772644,-0.04522564452,0.001582306665,0.1015334955,2378,0,1,1,-4.152575653e-05,0.4799201009,0.8125,0.04522564452,3.373967718e-05
2518d8f8464fd75b242f401f,phase3bj_large_1min_007177,15,16,16,False,True,True,sidecar_context_formula,pure_fresh_cross,phase3bj_large_1min_surrogate,close|m1_first5_vwap,"CSRank(Div(ZScore(Div(Sub($m1_first5_vwap,$close),Add(Abs($close),0.000001))),Add(Abs(ZScore(Div(Std($close,30),Add(Abs(Mean($close,30)),0.000001)))),0.000001)))",0.04465341216,0.04521438495,0.002252668988,0.1013829467,2332,1,0,1,0.0001864926919,0.5490726844,1,0.04521438495,0.0001864926919
801b15138c021e481c6dca47,phase3bj_large_1min_012843,1,16,16,False,True,True,sidecar_context_formula,pure_fresh_cross,phase3bj_large_1min_surrogate,amount|close|m1_first15_vwap,"CSRank(Add(ZScore(Div(Sub($m1_first15_vwap,$close),Add(Abs($close),0.000001))),ZScore(Sub(ZScore(Mean($amount,1)),ZScore(Mean($amount,30))))))",0.04567958419,0.04520655176,0.001886970313,0.07273037822,2216.5,1,0,1,0.0001693792416,0.659709721,1,0.04520655176,0.0001693792416
78641a8de4ed3ea4fa166fa6,phase3bj_large_1min_007582,30,16,16,False,True,True,sidecar_context_formula,pure_fresh_cross,phase3bj_large_1min_surrogate,close|volume,"CSRank(Add(ZScore(Div(Delta($volume,8),Add(Abs(Add(Std($close,8),0.000001)),0.000001))),ZScore(Div(Std($close,5),Add(Abs(Mean($close,5)),0.000001)))))",-0.04529782678,-0.0450903713,0.001195532367,0.1079046586,2390,0,1,1,-0.0002075180652,0.4656119247,1,0.0450903713,0.0002075180652
b68c515d47ec76c97d51f2db,phase3bj_large_1min_009813,5,16,16,False,True,True,sidecar_context_formula,pure_fresh_cross,phase3bj_large_1min_surrogate,close|m1_first30_vwap|vwap,"CSRank(Sub(ZScore(Div(Std($close,20),Add(Abs(Mean($close,20)),0.000001))),ZScore(Div(Sub($m1_first30_vwap,$vwap),Add(Abs($vwap),0.000001)))))",-0.04514202803,-0.04501306018,0.00125894555,0.08843357639,2084,0,1,1,-0.0001169379382,0.4539947217,1,0.04501306018,0.0001169379382
27e11194642bfa16d4321d31,phase3bj_large_1min_010798,5,16,16,False,True,True,sidecar_context_formula,pure_fresh_cross,phase3bj_large_1min_surrogate,amount|close|m1_first5_vwap,"CSRank(Div(ZScore(Div(Sub($m1_first5_vwap,$close),Add(Abs($close),0.000001))),Add(Abs(ZScore(Div(Mean($amount,3),Add(Abs(Mean($amount,45)),0.000001)))),0.000001)))",0.04470930692,0.04483946668,0.00172770404,0.09306124126,2317,1,0,1,0.0001704885872,0.5759063444,1,0.04483946668,0.0001704885872
3305abde18536e10bc127cee,phase3bj_large_1min_010824,15,16,16,False,True,True,sidecar_context_formula,pure_fresh_cross,phase3bj_large_1min_surrogate,amount|close|m1_first5_vwap,"CSRank(Div(ZScore(Div(Sub($m1_first5_vwap,$close),Add(Abs($close),0.000001))),Add(Abs(ZScore(Div(Mean($amount,8),Add(Abs(Add(Std($close,8),0.000001)),0.000001)))),0.000001)))",0.04437085449,0.04483239516,0.002239488137,0.1032326222,2353,1,0,1,0.0002216276929,0.5547439439,1,0.04483239516,0.0002216276929
90cc67b986d52c9d3281f361,phase3bj_large_1min_007076,30,16,16,False,True,True,sidecar_context_formula,pure_fresh_cross,phase3bj_large_1min_surrogate,amount|close,"CSRank(Div(ZScore(Div(Std($close,10),Add(Abs(Mean($close,10)),0.000001))),Add(Abs(ZScore(Delta($amount,2))),0.000001)))",-0.0446777215,-0.04474755612,0.001258902256,0.1018706622,2389,0,1,1,-0.0001022768335,0.4717716618,1,0.04474755612,0.0001022768335
79d3068fbb4e304eb5fbee48,phase3bj_large_1min_012338,1,16,16,False,True,True,sidecar_context_formula,pure_fresh_cross,phase3bj_large_1min_surrogate,amount|close|m1_first30_vwap,"CSRank(Div(ZScore(Div(Sub($m1_first30_vwap,$close),Add(Abs($close),0.000001))),Add(Abs(ZScore(Div(Delta($amount,8),Add(Abs(Mean($amount,45)),0.000001)))),0.000001)))",0.04456101499,0.04474474346,0.002562806094,0.07398097096,2067.5,1,0,1,0.0001450004261,0.6563253739,1,0.04474474346,0.0001450004261
2f508e943776ece057995ed8,phase3bj_large_1min_006697,1,16,16,False,True,True,sidecar_context_formula,pure_fresh_cross,phase3bj_large_1min_surrogate,amount|close|m1_first30_vwap,"CSRank(Div(ZScore(Div(Sub($m1_first30_vwap,$close),Add(Abs($close),0.000001))),Add(Abs(ZScore(Div(Delta($amount,10),Add(Abs(Mean($amount,60)),0.000001)))),0.000001)))",0.04439027794,0.04452061269,0.00228666838,0.0738805612,2053.5,1,0,1,0.0001478527995,0.6591488587,1,0.04452061269,0.0001478527995
6e714c75a26c85a48fee345c,phase3bj_large_1min_012230,30,16,16,False,True,True,sidecar_context_formula,pure_fresh_cross,phase3bj_large_1min_surrogate,close|volume,"CSRank(Div(ZScore(Div(Std($close,8),Add(Abs(Mean($close,8)),0.000001))),Add(Abs(ZScore(Div(Delta($volume,15),Add(Abs(Add(Std($close,15),0.000001)),0.000001)))),0.000001)))",-0.04430400067,-0.04448381493,0.001232663941,0.09905807788,2383,0,1,1,-0.0001919521249,0.4630979857,1,0.04448381493,0.0001919521249
3b63c05f44de73d8bc831b83,phase3bj_large_1min_010744,5,16,16,False,True,True,sidecar_context_formula,pure_fresh_cross,phase3bj_large_1min_surrogate,close|m1_first30_vwap|volume,"CSRank(Add(ZScore(Div(Sub($m1_first30_vwap,$close),Add(Abs($close),0.000001))),ZScore(Sub(ZScore(Mean($volume,5)),ZScore(Mean($volume,45))))))",0.04464391498,0.04440935752,0.001999660357,0.08754548148,2073,1,0,1,0.0001646521019,0.5926495417,1,0.04440935752,0.0001646521019
dcead36821ac992909bac85a,phase3bj_large_1min_013275,15,16,16,False,True,True,sidecar_context_formula,pure_fresh_cross,phase3bj_large_1min_surrogate,amount|close|m1_first15_vwap,"CSRank(Div(ZScore(Div(Sub($m1_first15_vwap,$close),Add(Abs($close),0.000001))),Add(Abs(ZScore(Mul(ZScore(Delta($amount,15)),Neg(ZScore(Delta($close,15)))))),0.000001)))",0.04428721795,0.04440107958,0.002438729286,0.1044467795,2246,1,0,1,0.0001607595231,0.5581867765,1,0.04440107958,0.0001607595231
f8c64fb2f6e561418546367b,phase3bj_large_1min_011891,30,16,16,False,True,True,sidecar_context_formula,pure_fresh_cross,phase3bj_large_1min_surrogate,amount|close,"CSRank(Div(ZScore(Div(Std($close,3),Add(Abs(Mean($close,3)),0.000001))),Add(Abs(ZScore(Sub(ZScore(Mean($amount,2)),ZScore(Mean($amount,60))))),0.000001)))",-0.04443599926,-0.04437727808,0.001206887588,0.1006700545,2339,0,1,1,-0.0001861359144,0.4649155622,1,0.04437727808,0.0001861359144
4d1d968dc74d65cd67bc3a4a,phase3bj_large_1min_001456,1,16,16,False,True,True,sidecar_context_formula,opening_vwap_residual,phase3bj_large_1min_surrogate,close|m1_first5_vwap,"CSRank(Div(Sub($m1_first5_vwap,$close),Add(Abs($close),0.000001)))",0.04415089413,0.04431424156,0.001949401289,0.0762841183,2353.5,1,0,1,0.0001480429951,0.6285237389,1,0.04431424156,0.0001480429951
fbafe43b46bd441391895230,phase3bj_large_1min_009896,5,16,16,False,True,True,sidecar_context_formula,pure_fresh_cross,phase3bj_large_1min_surrogate,close|m1_first5_vwap|volume,"CSRank(Div(ZScore(Div(Sub($m1_first5_vwap,$close),Add(Abs($close),0.000001))),Add(Abs(ZScore(Sub(ZScore(Mean($volume,8)),ZScore(Mean($volume,45))))),0.000001)))",0.04404583393,0.04427234625,0.001868997559,0.09081729567,2317,1,0,1,0.0001519185177,0.5777136383,1,0.04427234625,0.0001519185177
1622250ee7457817ff20f435,phase3bj_large_1min_006811,30,16,16,False,True,True,sidecar_context_formula,pure_fresh_cross,phase3bj_large_1min_surrogate,amount|close,"CSRank(Div(ZScore(Div(Std($close,10),Add(Abs(Mean($close,10)),0.000001))),Add(Abs(ZScore(Div(Mean($amount,3),Add(Abs(Mean($amount,60)),0.000001)))),0.000001)))",-0.04448111799,-0.04423728096,0.001267232148,0.09909616186,2339,0,1,1,-0.0001091520115,0.4693779393,1,0.04423728096,0.0001091520115
d4515d772acecb37595a0a72,phase3bj_large_1min_008485,1,16,16,False,True,True,sidecar_context_formula,pure_fresh_cross,phase3bj_large_1min_surrogate,close|m1_first30_vwap|volume,"CSRank(Sub(ZScore(Div(Sub($m1_first30_vwap,$close),Add(Abs($close),0.000001))),ZScore(Mul(ZScore(Delta($volume,5)),Neg(ZScore(Delta($close,5)))))))",0.04352992662,0.04413682053,0.002329375084,0.07306279747,2101.5,1,0,1,0.0001478644767,0.6441623161,1,0.04413682053,0.0001478644767
c8ccf35096e670a6ecae8a23,phase3bj_large_1min_007740,30,16,16,False,True,True,sidecar_context_formula,pure_fresh_cross,phase3bj_large_1min_surrogate,amount|close|vwap,"CSRank(Add(ZScore(Div(Std($close,10),Add(Abs(Mean($close,10)),0.000001))),ZScore(Div(Delta($amount,15),Add(Abs(Add(Std($vwap,15),0.000001)),0.000001)))))",-0.04375140332,-0.0440574,0.001347182448,0.1016220971,2218,0,1,1,-0.0001602498445,0.4710042831,1,0.0440574,0.0001602498445
083493078d5c5c665bf39113,phase3bj_large_1min_010472,1,16,16,False,True,True,sidecar_context_formula,pure_fresh_cross,phase3bj_large_1min_surrogate,amount|close|m1_first30_vwap|m1_first5_amount,"CSRank(Sub(ZScore(Div(Sub($m1_first30_vwap,$close),Add(Abs($close),0.000001))),ZScore(Sub(ZScore($m1_first5_amount),ZScore(Mean($amount,30))))))",0.0443212796,0.04403370367,0.002333492651,0.07386630425,2080.5,1,0,1,0.0001387035231,0.6373741611,1,0.04403370367,0.0001387035231
f0f51f093aa9aa122b0ce7af,phase3bj_large_1min_011968,1,16,16,False,True,True,sidecar_context_formula,pure_fresh_cross,phase3bj_large_1min_surrogate,amount|close|m1_first30_vwap,"CSRank(Add(ZScore(Sub(ZScore(Mean($amount,8)),ZScore(Mean($amount,60)))),ZScore(Div(Sub($m1_first30_vwap,$close),Add(Abs($close),0.000001)))))",0.04442363443,0.04403303524,0.002262305777,0.07103415747,2053.5,1,0,1,0.0001427642165,0.6500121418,1,0.04403303524,0.0001427642165
5f4ce07dfb8fe165948c9846,phase3bj_large_1min_011116,1,16,16,False,True,True,sidecar_context_formula,pure_fresh_cross,phase3bj_large_1min_surrogate,amount|close|m1_first15_vwap|m1_first5_amount,"CSRank(Sub(ZScore(Div($m1_first5_amount,Add(Abs(Mean($amount,30)),0.000001))),ZScore(Div(Sub($m1_first15_vwap,$close),Add(Abs($close),0.000001)))))",-0.04351588219,-0.0439745061,0.001564881814,0.07278442014,2227.5,0,1,1,-0.0001377441535,0.3693741603,1,0.0439745061,0.0001377441535
c32780d6a803e8a4944e7918,phase3bj_large_1min_001478,30,16,16,False,True,True,sidecar_context_formula,opening_vwap_residual,phase3bj_large_1min_surrogate,close|m1_first30_vwap,"CSRank(Div(Sub($m1_first30_vwap,$close),Add(Abs($close),0.000001)))",0.0433306071,0.0438361398,0.002484504919,0.1134091838,2109,1,0,1,0.0001668780963,0.539236605,1,0.0438361398,0.0001668780963
f80fa77fb11d489041f7e9d6,phase3bj_large_1min_011262,15,16,16,False,True,True,sidecar_context_formula,pure_fresh_cross,phase3bj_large_1min_surrogate,close|m1_first30_vwap|m1_first5_vwap|vwap,"CSRank(Div(ZScore(Div(Sub($m1_first5_vwap,$close),Add(Abs($close),0.000001))),Add(Abs(ZScore(Div(Sub($m1_first30_vwap,$vwap),Add(Abs($vwap),0.000001)))),0.000001)))",0.04360776166,0.04382916001,0.002251009772,0.09515281826,2099,1,0,1,0.0002336744454,0.5739340162,1,0.04382916001,0.0002336744454
e8fdeaf78fc97020ccab7a6c,phase3bj_large_1min_013255,30,16,16,False,True,True,sidecar_context_formula,pure_fresh_cross,phase3bj_large_1min_surrogate,close|volume,"CSRank(Div(ZScore(Div(Std($close,20),Add(Abs(Mean($close,20)),0.000001))),Add(Abs(ZScore(Div(Mean($volume,1),Add(Abs(Mean($volume,20)),0.000001)))),0.000001)))",-0.04393573166,-0.04382905563,0.001558764566,0.100913057,2368,0,1,1,-6.12558979e-05,0.4833456503,0.8125,0.04382905563,4.977041705e-05
399a77e75d52bcfb49b4a2b6,phase3bj_large_1min_012523,30,16,16,False,True,True,sidecar_context_formula,pure_fresh_cross,phase3bj_large_1min_surrogate,close|volume,"CSRank(Div(ZScore(Div(Std($close,15),Add(Abs(Mean($close,15)),0.000001))),Add(Abs(ZScore(Div(Mean($volume,8),Add(Abs(Mean($volume,45)),0.000001)))),0.000001)))",-0.04401584418,-0.04380036222,0.001593923562,0.09969189067,2354,0,1,1,-7.619713937e-05,0.4787064571,0.8125,0.04380036222,6.191017574e-05
68eebcfd27220f05e83fae4c,phase3bj_large_1min_013208,5,16,16,False,True,True,sidecar_context_formula,pure_fresh_cross,phase3bj_large_1min_surrogate,amount|close|m1_first30_vwap,"CSRank(Sub(ZScore(Div(Sub($m1_first30_vwap,$close),Add(Abs($close),0.000001))),ZScore(Delta($amount,3))))",0.04396682888,0.0437704753,0.002746714812,0.09058992728,2109,1,0,1,0.0001692185354,0.5777323376,1,0.0437704753,0.0001692185354
8546ce960e1665f2453ea15d,phase3bj_large_1min_012222,1,16,16,False,True,True,sidecar_context_formula,pure_fresh_cross,phase3bj_large_1min_surrogate,close|m1_first30_vwap|volume,"CSRank(Div(ZScore(Div(Sub($m1_first30_vwap,$close),Add(Abs($close),0.000001))),Add(Abs(ZScore(Sub(ZScore(Mean($volume,5)),ZScore(Mean($volume,45))))),0.000001)))",0.04381907535,0.04375723025,0.002119485257,0.07272483266,2067.5,1,0,1,0.0001167730233,0.6267185239,1,0.04375723025,0.0001167730233
cf926fa9627b8c1fe4bccc99,phase3bj_large_1min_007979,30,16,16,False,True,True,sidecar_context_formula,pure_fresh_cross,phase3bj_large_1min_surrogate,amount|close,"CSRank(Div(ZScore(Div(Std($close,20),Add(Abs(Mean($close,20)),0.000001))),Add(Abs(ZScore(Div(Mean($amount,1),Add(Abs(Mean($amount,15)),0.000001)))),0.000001)))",-0.04389493397,-0.0437238616,0.001569705648,0.1007313546,2368,0,1,1,-6.136474944e-05,0.4831872889,0.8125,0.0437238616,4.985885892e-05
419f7392d16e13d68d9a98b4,phase3bj_large_1min_001473,30,16,16,False,True,True,sidecar_context_formula,opening_vwap_residual,phase3bj_large_1min_surrogate,close|m1_first15_vwap,"CSRank(Div(Sub($m1_first15_vwap,$close),Add(Abs($close),0.000001)))",0.04350775243,0.04369077879,0.001928627428,0.1134605351,2258,1,0,1,0.0002073769733,0.5432905226,1,0.04369077879,0.0002073769733
b0f51d0d7c7a0eeae72feb5b,phase3bj_large_1min_001408,5,16,16,False,True,True,sidecar_context_formula,price_flow_divergence,phase3bj_large_1min_surrogate,close|volume,"CSRank(Sub(ZScore(Delta($volume,2)),ZScore(Delta($close,2))))",0.04386227752,0.04368214969,0.002246926281,0.08415146207,2397,1,0,1,0.0002375054222,0.5965529829,1,0.04368214969,0.0002375054222
5a4e2603e0113f083882780d,phase3bj_large_1min_010344,15,16,16,False,True,True,sidecar_context_formula,pure_fresh_cross,phase3bj_large_1min_surrogate,amount|close|m1_first30_vwap,"CSRank(Add(ZScore(Sub(ZScore(Delta($amount,30)),ZScore(Delta($close,30)))),ZScore(Div(Sub($m1_first30_vwap,$close),Add(Abs($close),0.000001)))))",0.04372371521,0.04365072113,0.002068772129,0.09895178806,2085,1,0,1,0.0001055447344,0.5512589928,1,0.04365072113,0.0001055447344
4d1d968dc74d65cd67bc3a4a,phase3bj_large_1min_001456,30,16,16,False,True,True,sidecar_context_formula,opening_vwap_residual,phase3bj_large_1min_surrogate,close|m1_first5_vwap,"CSRank(Div(Sub($m1_first5_vwap,$close),Add(Abs($close),0.000001)))",0.04379869558,0.04364801607,0.001965002932,0.1114890384,2358,1,0,1,0.0002324769776,0.5392811705,1,0.04364801607,0.0002324769776
3fb85c54c04073c7922aba26,phase3bj_large_1min_010053,15,16,16,False,True,True,sidecar_context_formula,pure_fresh_cross,phase3bj_large_1min_surrogate,close|m1_first15_vwap|volume,"CSRank(Add(ZScore(Div(Sub($m1_first15_vwap,$close),Add(Abs($close),0.000001))),ZScore(Sub(ZScore(Delta($volume,5)),ZScore(Delta($close,5))))))",0.04361817899,0.04363592355,0.001793793501,0.1033059913,2255,1,0,1,0.0001606558479,0.5525498891,1,0.04363592355,0.0001606558479
85707e5aeba13addcdc0c9d4,phase3bj_large_1min_010713,30,16,16,False,True,True,sidecar_context_formula,pure_fresh_cross,phase3bj_large_1min_surrogate,close|volume,"CSRank(Div(ZScore(Div(Std($close,20),Add(Abs(Mean($close,20)),0.000001))),Add(Abs(ZScore(Div(Mean($volume,3),Add(Abs(Mean($volume,20)),0.000001)))),0.000001)))",-0.04343511276,-0.04358775989,0.001508480387,0.09968220982,2379,0,1,1,-6.855540328e-05,0.4831599412,0.8125,0.04358775989,5.570126517e-05
f156adfdbc48eaa7af5ab5be,phase3bj_large_1min_008060,15,16,16,False,True,True,sidecar_context_formula,pure_fresh_cross,phase3bj_large_1min_surrogate,amount|close|vwap,"CSRank(Sub(ZScore(Mul(ZScore(Delta($amount,2)),Neg(ZScore(Delta($vwap,2))))),ZScore(Div(Std($close,8),Add(Abs(Mean($close,8)),0.000001)))))",0.04351289283,0.04356459113,0.001006622187,0.1073334822,2370,1,0,1,0.0001069560689,0.5275052743,1,0.04356459113,0.0001069560689
d73f38bc884d879c6c67eb62,phase3bj_large_1min_007304,1,16,16,False,True,True,sidecar_context_formula,pure_fresh_cross,phase3bj_large_1min_surrogate,amount|close|m1_first30_vwap,"CSRank(Add(ZScore(Div(Mean($amount,1),Add(Abs(Mean($amount,60)),0.000001))),ZScore(Div(Sub($m1_first30_vwap,$close),Add(Abs($close),0.000001)))))",0.0436194736,0.04347020448,0.001878669549,0.07107149195,2042.5,1,0,1,0.0001832104467,0.6878356934,1,0.04347020448,0.0001832104467
43b1dd73cd3e8139f9fd5418,phase3bj_large_1min_009747,30,16,16,False,True,True,sidecar_context_formula,pure_fresh_cross,phase3bj_large_1min_surrogate,amount|close|m1_first15_vwap|vwap,"CSRank(Add(ZScore(Div(Sub($m1_first15_vwap,$close),Add(Abs($close),0.000001))),ZScore(Mul(ZScore(Delta($amount,10)),Neg(ZScore(Delta($vwap,10)))))))",0.04353881819,0.04343054918,0.002064570973,0.1100906003,2238,1,0,1,0.0002474415243,0.5442079982,1,0.04343054918,0.0002474415243
bee893fb4b4ca06592f59e3d,phase3bj_large_1min_010202,30,16,16,False,True,True,sidecar_context_formula,pure_fresh_cross,phase3bj_large_1min_surrogate,amount|close|m1_first15_vwap|vwap,"CSRank(Add(ZScore(Div(Sub($m1_first15_vwap,$close),Add(Abs($close),0.000001))),ZScore(Mul(ZScore(Delta($amount,2)),Neg(ZScore(Delta($vwap,2)))))))",0.04304179023,0.04337260304,0.00172538935,0.1105094635,2235,1,0,1,0.0002083452344,0.5437080537,1,0.04337260304,0.0002083452344
6988b8be922794ac01efabc2,phase3bj_large_1min_011100,1,16,16,False,True,True,sidecar_context_formula,pure_fresh_cross,phase3bj_large_1min_surrogate,close|m1_first30_vwap|volume,"CSRank(Add(ZScore(Sub(ZScore(Mean($volume,1)),ZScore(Mean($volume,10)))),ZScore(Div(Sub($m1_first30_vwap,$close),Add(Abs($close),0.000001)))))",0.04358557168,0.0433720312,0.001875082498,0.07179605196,2086.5,1,0,1,0.000158756839,0.6507528681,1,0.0433720312,0.000158756839
3e85b8c11b63cec74bf6a2da,phase3bj_large_1min_011086,5,16,16,False,True,True,sidecar_context_formula,pure_fresh_cross,phase3bj_large_1min_surrogate,amount|close|m1_first15_vol|m1_first15_vwap,"CSRank(Sub(ZScore(Sub(ZScore($m1_first15_vol),ZScore(Mean($amount,30)))),ZScore(Div(Sub($m1_first15_vwap,$close),Add(Abs($close),0.000001)))))",-0.04345584383,-0.04331873897,0.00267278414,0.09617930523,2233,0,1,1,-0.000181814727,0.4212102553,1,0.04331873897,0.000181814727
d27084f73bde2504ac0f76f4,phase3bj_large_1min_006998,30,16,16,False,True,True,sidecar_context_formula,pure_fresh_cross,phase3bj_large_1min_surrogate,amount|close|m1_first5_vwap,"CSRank(Add(ZScore(Mul(ZScore(Delta($amount,15)),Neg(ZScore(Delta($close,15))))),ZScore(Div(Sub($m1_first5_vwap,$close),Add(Abs($close),0.000001)))))",0.04349249535,0.04330346827,0.00191123623,0.1071494625,2345,1,0,1,0.0002451133553,0.5421375267,1,0.04330346827,0.0002451133553
4cf69104924b101401bfbc89,phase3bj_large_1min_009505,1,16,16,False,True,True,sidecar_context_formula,pure_fresh_cross,phase3bj_large_1min_surrogate,close|m1_first30_vwap|volume|vwap,"CSRank(Sub(ZScore(Div(Sub($m1_first30_vwap,$close),Add(Abs($close),0.000001))),ZScore(Mul(ZScore(Delta($volume,10)),Neg(ZScore(Delta($vwap,10)))))))",0.04305390575,0.0432679375,0.002090491272,0.07364708866,2085.9375,1,0,1,0.0001369565394,0.6366869919,1,0.0432679375,0.0001369565394
d27084f73bde2504ac0f76f4,phase3bj_large_1min_006998,1,16,16,False,True,True,sidecar_context_formula,pure_fresh_cross,phase3bj_large_1min_surrogate,amount|close|m1_first5_vwap,"CSRank(Add(ZScore(Mul(ZScore(Delta($amount,15)),Neg(ZScore(Delta($close,15))))),ZScore(Div(Sub($m1_first5_vwap,$close),Add(Abs($close),0.000001)))))",0.04332621989,0.04326505621,0.001924407899,0.07429294481,2340.5,1,0,1,0.000143455998,0.6249467178,1,0.04326505621,0.000143455998
7be9f3fa00e9be2cdac8c560,phase3bj_large_1min_013196,30,16,16,False,True,True,sidecar_context_formula,pure_fresh_cross,phase3bj_large_1min_surrogate,amount|close,"CSRank(Div(ZScore(Div(Std($close,15),Add(Abs(Mean($close,15)),0.000001))),Add(Abs(ZScore(Div(Mean($amount,3),Add(Abs(Mean($amount,20)),0.000001)))),0.000001)))",-0.04339778385,-0.04321565613,0.001710888866,0.09845952518,2379,0,1,1,-7.64184232e-05,0.4788776797,0.8125,0.04321565613,6.208996885e-05
1200e4d64f489ab7a06762d2,phase3bj_large_1min_008017,30,16,16,False,True,True,sidecar_context_formula,pure_fresh_cross,phase3bj_large_1min_surrogate,amount|close|high|low|open,"CSRank(Div(ZScore(Div(Std($close,8),Add(Abs(Mean($close,8)),0.000001))),Add(Abs(ZScore(Mul(ZScore(Mean($amount,8)),Neg(ZScore(Div(Sub($high,$low),Add(Abs($open),0.000001))))))),0.000001)))",-0.04297908029,-0.04316956918,0.001275967897,0.09939166409,2369.25,0,1,1,-7.080763e-05,0.4742813368,0.9375,0.04316956918,6.638215312e-05
43774a6954f66bee2f7a1dd9,phase3bj_large_1min_010985,30,16,16,False,True,True,sidecar_context_formula,pure_fresh_cross,phase3bj_large_1min_surrogate,amount|close|m1_first30_vwap|m1_first5_vol,"CSRank(Div(ZScore(Div(Sub($m1_first30_vwap,$close),Add(Abs($close),0.000001))),Add(Abs(ZScore(Sub(ZScore($m1_first5_vol),ZScore(Mean($amount,30))))),0.000001)))",0.0425883009,0.0431372796,0.001989114968,0.1056512181,2085,1,0,1,0.000154611563,0.5382793765,1,0.0431372796,0.000154611563
a68148d0f0377572c06b492e,phase3bj_large_1min_008925,1,16,16,False,True,True,sidecar_context_formula,pure_fresh_cross,phase3bj_large_1min_surrogate,amount|close|m1_first30_vwap,"CSRank(Add(ZScore(Div(Delta($amount,30),Add(Abs(Add(Std($close,30),0.000001)),0.000001))),ZScore(Div(Sub($m1_first30_vwap,$close),Add(Abs($close),0.000001)))))",0.04320758295,0.04313256255,0.002035784985,0.07181039097,2079.5,1,0,1,0.0001527471917,0.6478417266,1,0.04313256255,0.0001527471917
801b15138c021e481c6dca47,phase3bj_large_1min_012843,15,16,16,False,True,True,sidecar_context_formula,pure_fresh_cross,phase3bj_large_1min_surrogate,amount|close|m1_first15_vwap,"CSRank(Add(ZScore(Div(Sub($m1_first15_vwap,$close),Add(Abs($close),0.000001))),ZScore(Sub(ZScore(Mean($amount,1)),ZScore(Mean($amount,30))))))",0.04339327456,0.04311145216,0.00197365042,0.09700876615,2222,1,0,1,0.0001626692337,0.5589558956,1,0.04311145216,0.0001626692337
e30e639a9dfed6e8d58349b1,phase3bj_large_1min_011407,30,16,16,False,True,True,sidecar_context_formula,pure_fresh_cross,phase3bj_large_1min_surrogate,close|volume,"CSRank(Div(ZScore(Div(Std($close,3),Add(Abs(Mean($close,3)),0.000001))),Add(Abs(ZScore(Sub(ZScore(Delta($volume,20)),ZScore(Delta($close,20))))),0.000001)))",-0.04314396553,-0.04305361795,0.0008199242458,0.100384915,2378,0,1,1,-0.0001326790506,0.4678826745,1,0.04305361795,0.0001326790506
bcede5904370545f860aee75,phase3bj_large_1min_011048,30,16,16,False,True,True,sidecar_context_formula,pure_fresh_cross,phase3bj_large_1min_surrogate,close|volume|vwap,"CSRank(Sub(ZScore(Mul(ZScore(Delta($volume,20)),Neg(ZScore(Delta($vwap,20))))),ZScore(Div(Std($close,3),Add(Abs(Mean($close,3)),0.000001)))))",0.04295131463,0.0429830005,0.0007281616092,0.101501874,2356.0625,1,0,1,0.0002640595174,0.5380676995,1,0.0429830005,0.0002640595174
2518d8f8464fd75b242f401f,phase3bj_large_1min_007177,30,16,16,False,True,True,sidecar_context_formula,pure_fresh_cross,phase3bj_large_1min_surrogate,close|m1_first5_vwap,"CSRank(Div(ZScore(Div(Sub($m1_first5_vwap,$close),Add(Abs($close),0.000001))),Add(Abs(ZScore(Div(Std($close,30),Add(Abs(Mean($close,30)),0.000001)))),0.000001)))",0.04278732839,0.04294404836,0.001939041834,0.1056775984,2331,1,0,1,0.0002386195487,0.5377520378,1,0.04294404836,0.0002386195487
083493078d5c5c665bf39113,phase3bj_large_1min_010472,15,16,16,False,True,True,sidecar_context_formula,pure_fresh_cross,phase3bj_large_1min_surrogate,amount|close|m1_first30_vwap|m1_first5_amount,"CSRank(Sub(ZScore(Div(Sub($m1_first30_vwap,$close),Add(Abs($close),0.000001))),ZScore(Sub(ZScore($m1_first5_amount),ZScore(Mean($amount,30))))))",0.04334751928,0.04286497471,0.003138169744,0.1007141617,2086,1,0,1,0.000190373858,0.5583053691,1,0.04286497471,0.000190373858
1dce15c6957281e911878c6a,phase3bj_large_1min_009479,5,16,16,False,True,True,sidecar_context_formula,pure_fresh_cross,phase3bj_large_1min_surrogate,amount|close|high|low|m1_first15_vwap|open,"CSRank(Sub(ZScore(Div(Sub($m1_first15_vwap,$close),Add(Abs($close),0.000001))),ZScore(Mul(ZScore(Mean($amount,3)),Neg(ZScore(Div(Sub($high,$low),Add(Abs($open),0.000001))))))))",0.0428876517,0.04284392032,0.001886841457,0.09244585371,2241.5,1,0,1,0.0001881484908,0.5833984724,1,0.04284392032,0.0001881484908
608bf624d3ce46ea95471750,phase3bj_large_1min_011154,15,16,16,False,True,True,sidecar_context_formula,pure_fresh_cross,phase3bj_large_1min_surrogate,close|volume,"CSRank(Sub(ZScore(Sub(ZScore(Delta($volume,5)),ZScore(Delta($close,5)))),ZScore(Div(Std($close,5),Add(Abs(Mean($close,5)),0.000001)))))",0.04243318622,0.04282757301,0.001240700927,0.09390083517,2394,1,0,1,0.0001866690194,0.5432852966,1,0.04282757301,0.0001866690194
4561e10ab39dcb2e157539f0,phase3bj_large_1min_008250,30,16,16,False,True,True,sidecar_context_formula,pure_fresh_cross,phase3bj_large_1min_surrogate,amount|m1_first30_vwap|m1_first5_amount|vwap,"CSRank(Sub(ZScore(Div(Sub($m1_first30_vwap,$vwap),Add(Abs($vwap),0.000001))),ZScore(Div($m1_first5_amount,Add(Abs(Mean($amount,30)),0.000001)))))",0.04288629973,0.04282462506,0.001742556186,0.102505442,2074,1,0,1,0.0001754951504,0.5259462392,1,0.04282462506,0.0001754951504
3a890ef1aa2d3421ed3dd39a,phase3bj_large_1min_013239,15,16,16,False,True,True,sidecar_context_formula,pure_fresh_cross,phase3bj_large_1min_surrogate,amount|close|m1_first15_vwap|vwap,"CSRank(Div(ZScore(Div(Sub($m1_first15_vwap,$close),Add(Abs($close),0.000001))),Add(Abs(ZScore(Div(Delta($amount,5),Add(Abs(Add(Std($vwap,5),0.000001)),0.000001)))),0.000001)))",0.04248964509,0.04275554304,0.00212663479,0.1061745282,2200,1,0,1,0.0001928081602,0.5482954545,1,0.04275554304,0.0001928081602
3fb85c54c04073c7922aba26,phase3bj_large_1min_010053,1,16,16,False,True,True,sidecar_context_formula,pure_fresh_cross,phase3bj_large_1min_surrogate,close|m1_first15_vwap|volume,"CSRank(Add(ZScore(Div(Sub($m1_first15_vwap,$close),Add(Abs($close),0.000001))),ZScore(Sub(ZScore(Delta($volume,5)),ZScore(Delta($close,5))))))",0.04321754189,0.04269642767,0.001913130378,0.07481592352,2249.5,1,0,1,0.0001428776512,0.6346175166,1,0.04269642767,0.0001428776512
3a890ef1aa2d3421ed3dd39a,phase3bj_large_1min_013239,1,16,16,False,True,True,sidecar_context_formula,pure_fresh_cross,phase3bj_large_1min_surrogate,amount|close|m1_first15_vwap|vwap,"CSRank(Div(ZScore(Div(Sub($m1_first15_vwap,$close),Add(Abs($close),0.000001))),Add(Abs(ZScore(Div(Delta($amount,5),Add(Abs(Add(Std($vwap,5),0.000001)),0.000001)))),0.000001)))",0.04260453907,0.04267127705,0.002153846564,0.07567299789,2195.3125,1,0,1,0.000129491507,0.6191477273,1,0.04267127705,0.000129491507
99ddd8defeeaa50db620e92b,phase3bj_large_1min_007495,30,16,16,False,True,True,sidecar_context_formula,pure_fresh_cross,phase3bj_large_1min_surrogate,close|volume,"CSRank(Div(ZScore(Div(Std($close,20),Add(Abs(Mean($close,20)),0.000001))),Add(Abs(ZScore(Sub(ZScore(Mean($volume,8)),ZScore(Mean($volume,30))))),0.000001)))",-0.04290910392,-0.04266957189,0.001587192175,0.09849690672,2369,0,1,1,-2.384940956e-05,0.4845662727,0.625,0.04266957189,1.490588098e-05
db90568548e7ab35c26411b8,phase3bj_large_1min_001501,15,16,16,False,True,True,sidecar_context_formula,micro_volatility,phase3bj_large_1min_surrogate,close,"CSRank(Div(Std($close,8),Add(Abs(Mean($close,8)),0.000001)))",-0.04260855857,-0.04262723363,0.0009301963594,0.1118374152,2392,0,1,1,-0.0001132991759,0.4778166806,1,0.04262723363,0.0001132991759
301a31c9f637b627e56de7fa,phase3bj_large_1min_008442,5,16,16,False,True,True,sidecar_context_formula,pure_fresh_cross,phase3bj_large_1min_surrogate,close|m1_first15_vwap|volume|vwap,"CSRank(Add(ZScore(Div(Delta($volume,30),Add(Abs(Add(Std($vwap,30),0.000001)),0.000001))),ZScore(Div(Sub($m1_first15_vwap,$close),Add(Abs($close),0.000001)))))",0.04214827865,0.04258473114,0.002436144733,0.09771085247,1924,1,0,1,0.0001771030341,0.5698089917,1,0.04258473114,0.0001771030341
c39b20f8933a23221d71be13,phase3bj_large_1min_012864,30,16,16,False,True,True,sidecar_context_formula,pure_fresh_cross,phase3bj_large_1min_surrogate,amount|close,"CSRank(Div(ZScore(Div(Std($close,20),Add(Abs(Mean($close,20)),0.000001))),Add(Abs(ZScore(Div(Mean($amount,8),Add(Abs(Mean($amount,30)),0.000001)))),0.000001)))",-0.04286244621,-0.04258029191,0.001614180364,0.09955396375,2369,0,1,1,-7.100426464e-05,0.4802131701,0.8125,0.04258029191,5.769096502e-05
649af80b00c02de3b638a301,phase3bj_large_1min_001503,15,16,16,False,True,True,sidecar_context_formula,micro_volatility,phase3bj_large_1min_surrogate,close,"CSRank(Div(Std($close,10),Add(Abs(Mean($close,10)),0.000001)))",-0.04273822245,-0.04256645675,0.001018088582,0.1095410701,2390,0,1,1,-9.72520876e-05,0.4794979079,1,0.04256645675,9.72520876e-05
1d96b0c13a21f42630584d68,phase3bj_large_1min_010389,30,16,16,False,True,True,sidecar_context_formula,pure_fresh_cross,phase3bj_large_1min_surrogate,amount|close,"CSRank(Div(ZScore(Div(Std($close,8),Add(Abs(Mean($close,8)),0.000001))),Add(Abs(ZScore(Div(Mean($amount,5),Add(Abs(Mean($amount,10)),0.000001)))),0.000001)))",-0.04277010869,-0.04256608629,0.00142017682,0.09843691329,2389,0,1,1,-0.0001451060099,0.465309753,1,0.04256608629,0.0001451060099
63c8426f64d77c651ac83de0,phase3bj_large_1min_012480,30,16,16,False,True,True,sidecar_context_formula,pure_fresh_cross,phase3bj_large_1min_surrogate,close|volume|vwap,"CSRank(Sub(ZScore(Div(Std($close,10),Add(Abs(Mean($close,10)),0.000001))),ZScore(Sub(ZScore(Delta($volume,20)),ZScore(Delta($vwap,20))))))",-0.04218829476,-0.04256271831,0.00133099902,0.09548128098,2356.0625,0,1,1,-7.109417757e-05,0.4780348048,0.9375,0.04256271831,6.665079147e-05
24d600ec6ff7de63e1dfdb1e,phase3bj_large_1min_009371,30,16,16,False,True,True,sidecar_context_formula,pure_fresh_cross,phase3bj_large_1min_surrogate,amount|close|m1_first30_vwap,"CSRank(Div(ZScore(Div(Sub($m1_first30_vwap,$close),Add(Abs($close),0.000001))),Add(Abs(ZScore(Div(Delta($amount,5),Add(Abs(Add(Std($close,5),0.000001)),0.000001)))),0.000001)))",0.04197185077,0.04256028365,0.002435772095,0.1100913892,2106,1,0,1,0.0002393090968,0.5421711776,1,0.04256028365,0.0002393090968
8546ce960e1665f2453ea15d,phase3bj_large_1min_012222,15,16,16,False,True,True,sidecar_context_formula,pure_fresh_cross,phase3bj_large_1min_surrogate,close|m1_first30_vwap|volume,"CSRank(Div(ZScore(Div(Sub($m1_first30_vwap,$close),Add(Abs($close),0.000001))),Add(Abs(ZScore(Sub(ZScore(Mean($volume,5)),ZScore(Mean($volume,45))))),0.000001)))",0.04219677913,0.0424691274,0.002306035009,0.1013219135,2073,1,0,1,0.0001171496671,0.5407018813,1,0.0424691274,0.0001171496671
43951ae38eb949ad97dfbfbd,phase3bj_large_1min_009660,15,16,16,False,True,True,sidecar_context_formula,pure_fresh_cross,phase3bj_large_1min_surrogate,amount|close|m1_first30_vwap,"CSRank(Sub(ZScore(Mul(ZScore(Delta($amount,10)),Neg(ZScore(Delta($close,10))))),ZScore(Div(Sub($m1_first30_vwap,$close),Add(Abs($close),0.000001)))))",-0.04183361278,-0.04245010492,0.00264741159,0.1036767563,2102,0,1,1,-0.0001038091128,0.4545968126,1,0.04245010492,0.0001038091128
fbd90f63b2f4cdc09b8f9c40,phase3bj_large_1min_009732,30,16,16,False,True,True,sidecar_context_formula,pure_fresh_cross,phase3bj_large_1min_surrogate,close|volume,"CSRank(Sub(ZScore(Div(Delta($volume,10),Add(Abs(Add(Std($close,10),0.000001)),0.000001))),ZScore(Div(Std($close,30),Add(Abs(Mean($close,30)),0.000001)))))",0.04254211848,0.0423544608,0.001481926849,0.1066077696,2369,1,0,1,8.087546593e-05,0.5227152807,1,0.0423544608,8.087546593e-05
65c7b332a4ee4e474f3e4756,phase3bj_large_1min_007686,30,16,16,False,True,True,sidecar_context_formula,pure_fresh_cross,phase3bj_large_1min_surrogate,amount|close,"CSRank(Sub(ZScore(Div(Std($close,5),Add(Abs(Mean($close,5)),0.000001))),ZScore(Sub(ZScore(Mean($amount,3)),ZScore(Mean($amount,30))))))",-0.04243674083,-0.04227866147,0.001515071241,0.1076370286,2369,0,1,1,-0.0001666268474,0.4685257493,1,0.04227866147,0.0001666268474
3305abde18536e10bc127cee,phase3bj_large_1min_010824,30,16,16,False,True,True,sidecar_context_formula,pure_fresh_cross,phase3bj_large_1min_surrogate,amount|close|m1_first5_vwap,"CSRank(Div(ZScore(Div(Sub($m1_first5_vwap,$close),Add(Abs($close),0.000001))),Add(Abs(ZScore(Div(Mean($amount,8),Add(Abs(Add(Std($close,8),0.000001)),0.000001)))),0.000001)))",0.04216442755,0.04223215659,0.002026434669,0.107661055,2352,1,0,1,0.0002699723782,0.5431016156,1,0.04223215659,0.0002699723782
3305abde18536e10bc127cee,phase3bj_large_1min_010824,1,16,16,False,True,True,sidecar_context_formula,pure_fresh_cross,phase3bj_large_1min_surrogate,amount|close|m1_first5_vwap,"CSRank(Div(ZScore(Div(Sub($m1_first5_vwap,$close),Add(Abs($close),0.000001))),Add(Abs(ZScore(Div(Mean($amount,8),Add(Abs(Add(Std($close,8),0.000001)),0.000001)))),0.000001)))",0.04203217057,0.04222189331,0.001996920575,0.07404001087,2347.5,1,0,1,0.0001383839927,0.6199532512,1,0.04222189331,0.0001383839927
f59f2861392b4cb54ffb7db5,phase3bj_large_1min_009480,30,16,16,False,True,True,sidecar_context_formula,pure_fresh_cross,phase3bj_large_1min_surrogate,amount|close|m1_first5_amount,"CSRank(Div(ZScore(Div(Std($close,30),Add(Abs(Mean($close,30)),0.000001))),Add(Abs(ZScore(Sub(ZScore($m1_first5_amount),ZScore(Mean($amount,30))))),0.000001)))",-0.04249805895,-0.04222187774,0.001456015229,0.1031567639,2331,0,1,1,8.277802357e-06,0.4909641785,0.5625,0.04222187774,4.656263826e-06
92acdb8b7f19230340a8be12,phase3bj_large_1min_001505,15,16,16,False,True,True,sidecar_context_formula,micro_volatility,phase3bj_large_1min_surrogate,close,"CSRank(Div(Std($close,15),Add(Abs(Mean($close,15)),0.000001)))",-0.04244389368,-0.04219404991,0.0010187219,0.1103889457,2385,0,1,1,-4.235881538e-05,0.4879454927,0.8125,0.04219404991,3.441653749e-05
fbafe43b46bd441391895230,phase3bj_large_1min_009896,15,16,16,False,True,True,sidecar_context_formula,pure_fresh_cross,phase3bj_large_1min_surrogate,close|m1_first5_vwap|volume,"CSRank(Div(ZScore(Div(Sub($m1_first5_vwap,$close),Add(Abs($close),0.000001))),Add(Abs(ZScore(Sub(ZScore(Mean($volume,8)),ZScore(Mean($volume,45))))),0.000001)))",0.04185684027,0.04210934386,0.002228394275,0.09902597359,2317,1,0,1,0.0001503922865,0.5457488131,1,0.04210934386,0.0001503922865
54d5116b132d0395bf616bed,phase3bj_large_1min_007053,15,16,16,False,True,True,sidecar_context_formula,pure_fresh_cross,phase3bj_large_1min_surrogate,close|volume|vwap,"CSRank(Sub(ZScore(Div(Delta($volume,3),Add(Abs(Add(Std($vwap,3),0.000001)),0.000001))),ZScore(Div(Std($close,8),Add(Abs(Mean($close,8)),0.000001)))))",0.04198422231,0.04209437165,0.0009899964569,0.1098285062,2359,1,0,1,0.0001066494135,0.5245866893,1,0.04209437165,0.0001066494135
d42a2cbabb9e13a44b5324f9,phase3bj_large_1min_012968,5,16,16,False,True,True,sidecar_context_formula,pure_fresh_cross,phase3bj_large_1min_surrogate,amount|close,"CSRank(Add(ZScore(Sub(ZScore(Delta($amount,3)),ZScore(Delta($close,3)))),ZScore(Mul(ZScore(Delta($amount,3)),Neg(ZScore(Delta($close,3)))))))",0.04184817971,0.04205822861,0.002169931091,0.08388717745,2396,1,0,1,0.0002151136654,0.5913762521,1,0.04205822861,0.0002151136654
6b120244392fd383521c92f4,phase3bj_large_1min_010740,30,16,16,False,True,True,sidecar_context_formula,pure_fresh_cross,phase3bj_large_1min_surrogate,close,"CSRank(Sub(ZScore(Div(Std($close,2),Add(Abs(Mean($close,2)),0.000001))),ZScore(Sub(ZScore(Std($close,2)),ZScore(Std($close,10))))))",-0.04195639611,-0.04201651257,0.00117692831,0.1064304604,2389,0,1,1,-0.0001183790597,0.4706728757,1,0.04201651257,0.0001183790597
5ac561890765b85ccf67eaca,phase3bj_large_1min_001499,15,16,16,False,True,True,sidecar_context_formula,micro_volatility,phase3bj_large_1min_surrogate,close,"CSRank(Div(Std($close,5),Add(Abs(Mean($close,5)),0.000001)))",-0.04206456441,-0.04200226338,0.000904824124,0.1143205607,2395,0,1,1,-0.0001279216772,0.4814718163,1,0.04200226338,0.0001279216772
6444d701fa47319ef99c20ec,phase3bj_large_1min_010543,15,16,16,False,True,True,sidecar_context_formula,pure_fresh_cross,phase3bj_large_1min_surrogate,amount|close|m1_first30_vol,"CSRank(Div(ZScore(Div(Std($close,5),Add(Abs(Mean($close,5)),0.000001))),Add(Abs(ZScore(Div($m1_first30_vol,Add(Abs(Mean($amount,30)),0.000001)))),0.000001)))",-0.0420917608,-0.04199483763,0.000940173291,0.1060330846,2086,0,1,1,-0.0001515713376,0.472764861,1,0.04199483763,0.0001515713376
13c20f84db8cbdafce2ea9fb,phase3bj_large_1min_011980,30,16,16,False,True,True,sidecar_context_formula,pure_fresh_cross,phase3bj_large_1min_surrogate,amount|close|vwap,"CSRank(Add(ZScore(Mul(ZScore(Delta($amount,5)),Neg(ZScore(Delta($vwap,5))))),ZScore(Div(Std($close,10),Add(Abs(Mean($close,10)),0.000001)))))",-0.04232898668,-0.04195261363,0.002151959097,0.1089378107,2367,0,1,1,-8.737519011e-05,0.4756812421,1,0.04195261363,8.737519011e-05
2518d8f8464fd75b242f401f,phase3bj_large_1min_007177,1,16,16,False,True,True,sidecar_context_formula,pure_fresh_cross,phase3bj_large_1min_surrogate,close|m1_first5_vwap,"CSRank(Div(ZScore(Div(Sub($m1_first5_vwap,$close),Add(Abs($close),0.000001))),Add(Abs(ZScore(Div(Std($close,30),Add(Abs(Mean($close,30)),0.000001)))),0.000001)))",0.04199551916,0.04187821582,0.002161673014,0.07299858624,2326.5,1,0,1,0.0001294828342,0.6248391938,1,0.04187821582,0.0001294828342
5125d0b4cb0f8032b1c11159,phase3bj_large_1min_007642,30,16,16,False,True,True,sidecar_context_formula,pure_fresh_cross,phase3bj_large_1min_surrogate,amount|close,"CSRank(Add(ZScore(Div(Delta($amount,10),Add(Abs(Add(Std($close,10),0.000001)),0.000001))),ZScore(Div(Std($close,8),Add(Abs(Mean($close,8)),0.000001)))))",-0.04195787472,-0.04187459308,0.001311105051,0.09920542544,2388,0,1,1,-0.0001483187132,0.4714457705,1,0.04187459308,0.0001483187132
0c6ce7a0920cca18bc45df3e,phase3bj_large_1min_012755,30,16,16,False,True,True,sidecar_context_formula,pure_fresh_cross,phase3bj_large_1min_surrogate,close,"CSRank(Add(ZScore(Div(Std($close,20),Add(Abs(Mean($close,20)),0.000001))),ZScore(Sub(ZScore(Std($close,2)),ZScore(Std($close,10))))))",-0.04163994018,-0.04186431777,0.001550621319,0.09946933181,2379,0,1,1,-6.709807578e-05,0.4822667087,1,0.04186431777,6.709807578e-05
55720415ff4e329b55100260,phase3bj_large_1min_001509,15,16,16,False,True,True,sidecar_context_formula,micro_volatility,phase3bj_large_1min_surrogate,close,"CSRank(Div(Std($close,30),Add(Abs(Mean($close,30)),0.000001)))",-0.04162947241,-0.04186401115,0.0009972509404,0.1129387101,2370,0,1,1,-5.190376076e-05,0.4900580169,1,0.04186401115,5.190376076e-05
bd04fa439f3652d10cc82b37,phase3bj_large_1min_001507,15,16,16,False,True,True,sidecar_context_formula,micro_volatility,phase3bj_large_1min_surrogate,close,"CSRank(Div(Std($close,20),Add(Abs(Mean($close,20)),0.000001)))",-0.04199198497,-0.04185107563,0.0009434544151,0.1111586079,2380,0,1,1,-3.952747283e-05,0.490835084,0.875,0.04185107563,3.458653872e-05
801b15138c021e481c6dca47,phase3bj_large_1min_012843,30,16,16,False,True,True,sidecar_context_formula,pure_fresh_cross,phase3bj_large_1min_surrogate,amount|close|m1_first15_vwap,"CSRank(Add(ZScore(Div(Sub($m1_first15_vwap,$close),Add(Abs($close),0.000001))),ZScore(Sub(ZScore(Mean($amount,1)),ZScore(Mean($amount,30))))))",0.0418047847,0.04182266287,0.001912546034,0.1003952722,2221,1,0,1,0.0001665495726,0.5410850968,1,0.04182266287,0.0001665495726
15896e4eb535f949f31022dd,phase3bj_large_1min_008321,30,16,16,False,True,True,sidecar_context_formula,pure_fresh_cross,phase3bj_large_1min_surrogate,amount|close,"CSRank(Div(ZScore(Div(Std($close,10),Add(Abs(Mean($close,10)),0.000001))),Add(Abs(ZScore(Div(Delta($amount,1),Add(Abs(Mean($amount,10)),0.000001)))),0.000001)))",-0.04183682188,-0.04179017287,0.001242264665,0.09638822534,2389,0,1,1,-0.000124096894,0.466905609,1,0.04179017287,0.000124096894
dd002e58cd6adccad198fa22,phase3bj_large_1min_011438,30,16,16,False,True,True,sidecar_context_formula,pure_fresh_cross,phase3bj_large_1min_surrogate,amount|close,"CSRank(Sub(ZScore(Div(Std($close,3),Add(Abs(Mean($close,3)),0.000001))),ZScore(Sub(ZScore(Mean($amount,2)),ZScore(Mean($amount,30))))))",-0.04190148885,-0.04172179234,0.001454286158,0.1040495928,2369,0,1,1,-0.0001976848417,0.4653070916,1,0.04172179234,0.0001976848417
27e11194642bfa16d4321d31,phase3bj_large_1min_010798,15,16,16,False,True,True,sidecar_context_formula,pure_fresh_cross,phase3bj_large_1min_surrogate,amount|close|m1_first5_vwap,"CSRank(Div(ZScore(Div(Sub($m1_first5_vwap,$close),Add(Abs($close),0.000001))),Add(Abs(ZScore(Div(Mean($amount,3),Add(Abs(Mean($amount,45)),0.000001)))),0.000001)))",0.0416350584,0.04169960506,0.002000615354,0.1011544523,2317,1,0,1,0.0001655668044,0.5482034959,1,0.04169960506,0.0001655668044
dcead36821ac992909bac85a,phase3bj_large_1min_013275,30,16,16,False,True,True,sidecar_context_formula,pure_fresh_cross,phase3bj_large_1min_surrogate,amount|close|m1_first15_vwap,"CSRank(Div(ZScore(Div(Sub($m1_first15_vwap,$close),Add(Abs($close),0.000001))),Add(Abs(ZScore(Mul(ZScore(Delta($amount,15)),Neg(ZScore(Delta($close,15)))))),0.000001)))",0.04130658392,0.04164628923,0.00232040398,0.10826375,2245,1,0,1,0.0001710954209,0.5445991091,1,0.04164628923,0.0001710954209
b7f88f62ccc3d0301dbc86cd,phase3bj_large_1min_006366,15,16,16,False,True,True,sidecar_context_formula,pure_fresh_cross,phase3bj_large_1min_surrogate,amount|close,"CSRank(Sub(ZScore(Mul(ZScore(Delta($amount,30)),Neg(ZScore(Delta($close,30))))),ZScore(Div(Std($close,8),Add(Abs(Mean($close,8)),0.000001)))))",0.04172863057,0.04160305583,0.0008404132531,0.106637303,2369,1,0,1,0.0001254541591,0.5244301393,1,0.04160305583,0.0001254541591
46da073c86035203773aae57,phase3bj_large_1min_008021,30,16,16,False,True,True,sidecar_context_formula,pure_fresh_cross,phase3bj_large_1min_surrogate,close|volume,"CSRank(Div(ZScore(Div(Std($close,10),Add(Abs(Mean($close,10)),0.000001))),Add(Abs(ZScore(Div(Delta($volume,1),Add(Abs(Mean($volume,45)),0.000001)))),0.000001)))",-0.04168893789,-0.04157475796,0.001339404632,0.09543579538,2354,0,1,1,-0.0001064076203,0.4697323704,1,0.04157475796,0.0001064076203
5a4e2603e0113f083882780d,phase3bj_large_1min_010344,30,16,16,False,True,True,sidecar_context_formula,pure_fresh_cross,phase3bj_large_1min_surrogate,amount|close|m1_first30_vwap,"CSRank(Add(ZScore(Sub(ZScore(Delta($amount,30)),ZScore(Delta($close,30)))),ZScore(Div(Sub($m1_first30_vwap,$close),Add(Abs($close),0.000001)))))",0.04104852236,0.0415240037,0.002488632395,0.1025163563,2084,1,0,1,0.0001041304085,0.5325695777,0.9375,0.0415240037,9.762225795e-05
d73f38bc884d879c6c67eb62,phase3bj_large_1min_007304,5,16,16,False,True,True,sidecar_context_formula,pure_fresh_cross,phase3bj_large_1min_surrogate,amount|close|m1_first30_vwap,"CSRank(Add(ZScore(Div(Mean($amount,1),Add(Abs(Mean($amount,60)),0.000001))),ZScore(Div(Sub($m1_first30_vwap,$close),Add(Abs($close),0.000001)))))",0.04154531476,0.04146511227,0.001645345794,0.08383508239,2048,1,0,1,0.000214445283,0.6235046387,1,0.04146511227,0.000214445283
3885a1e358e7b5d27ec6ee39,phase3bj_large_1min_006453,15,16,16,False,True,True,sidecar_context_formula,pure_fresh_cross,phase3bj_large_1min_surrogate,close|volume|vwap,"CSRank(Div(ZScore(Sub(ZScore(Delta($volume,10)),ZScore(Delta($close,10)))),Add(Abs(ZScore(Sub(ZScore(Delta($volume,10)),ZScore(Delta($vwap,10))))),0.000001)))",0.04204346214,0.04145435086,0.002323633054,0.08421395607,2367,1,0,1,0.0003346323085,0.6099757076,1,0.04145435086,0.0003346323085
2ef258341006c234f81d60fb,phase3bj_large_1min_012364,5,16,16,False,True,True,sidecar_context_formula,pure_fresh_cross,phase3bj_large_1min_surrogate,close|m1_first30_vwap|volume,"CSRank(Add(ZScore(Sub(ZScore($m1_first30_vwap),ZScore($close))),ZScore(Sub(ZScore(Delta($volume,3)),ZScore(Delta($close,3))))))",0.04132899355,0.04144257906,0.003169762897,0.08324208436,2109,1,0,1,0.00014827482,0.5776730678,1,0.04144257906,0.00014827482
b43b89efd492e939ac2a7d35,phase3bj_large_1min_008005,5,16,16,False,True,True,sidecar_context_formula,pure_fresh_cross,phase3bj_large_1min_surrogate,amount|close|m1_first15_amount|m1_first5_vwap,"CSRank(Add(ZScore(Div(Sub($m1_first5_vwap,$close),Add(Abs($close),0.000001))),ZScore(Sub(ZScore($m1_first15_amount),ZScore(Mean($amount,30))))))",0.04142301154,0.04143300131,0.002352188967,0.08861247394,2233,1,0,1,0.0001571200368,0.5732758621,1,0.04143300131,0.0001571200368
2fd3c588912f9051c9c29687,phase3bj_large_1min_013283,5,16,16,False,True,True,sidecar_context_formula,pure_fresh_cross,phase3bj_large_1min_surrogate,amount|close|m1_first15_vwap,"CSRank(Sub(ZScore(Div(Sub($m1_first15_vwap,$close),Add(Abs($close),0.000001))),ZScore(Div(Mean($amount,10),Add(Abs(Add(Std($close,10),0.000001)),0.000001)))))",0.04129461539,0.0413883993,0.002250870352,0.09509536053,2251,1,0,1,0.0001525266595,0.5753553976,1,0.0413883993,0.0001525266595
579b91fa7699467e04d671e3,phase3bj_large_1min_013168,30,16,16,False,True,True,sidecar_context_formula,pure_fresh_cross,phase3bj_large_1min_surrogate,close|volume|vwap,"CSRank(Sub(ZScore(Sub(ZScore(Delta($volume,15)),ZScore(Delta($vwap,15)))),ZScore(Sub(ZScore(Delta($volume,15)),ZScore(Delta($close,15))))))",-0.04093029073,-0.0413807829,0.002451952877,0.08529061071,2360.8125,0,1,1,-0.0003162900223,0.4233967136,1,0.0413807829,0.0003162900223
4f01d35b8d45e78ad140f923,phase3bj_large_1min_001477,5,16,16,False,True,True,sidecar_context_formula,opening_vwap_residual,phase3bj_large_1min_surrogate,close|m1_first30_vwap,"CSRank(Sub(ZScore($m1_first30_vwap),ZScore($close)))",0.04036089061,0.04135030154,0.003344007648,0.08859773643,2110,1,0,1,0.0001330239548,0.5673281991,1,0.04135030154,0.0001330239548
2548c4f923f996309ddb8b32,phase3bj_large_1min_011591,5,16,16,False,True,True,sidecar_context_formula,pure_fresh_cross,phase3bj_large_1min_surrogate,amount|close|m1_first15_vwap,"CSRank(Sub(ZScore(Sub(ZScore(Mean($amount,5)),ZScore(Mean($amount,20)))),ZScore(Div(Sub($m1_first15_vwap,$close),Add(Abs($close),0.000001)))))",-0.04169879959,-0.04133859262,0.002350435181,0.08918725585,2242,0,1,1,-0.0001684616317,0.4211362623,1,0.04133859262,0.0001684616317
c0d5e3e44e86d5047ae67943,phase3bj_large_1min_007507,30,16,16,False,True,True,sidecar_context_formula,pure_fresh_cross,phase3bj_large_1min_surrogate,close|volume,"CSRank(Div(ZScore(Div(Std($close,5),Add(Abs(Mean($close,5)),0.000001))),Add(Abs(ZScore(Div(Delta($volume,8),Add(Abs(Mean($volume,20)),0.000001)))),0.000001)))",-0.04158366248,-0.04132818727,0.00122190529,0.09964645224,2379,0,1,1,-0.0002022336546,0.4651639344,1,0.04132818727,0.0002022336546
c157ec9fc42f6f52fd001aa7,phase3bj_large_1min_007600,15,16,16,False,True,True,sidecar_context_formula,pure_fresh_cross,phase3bj_large_1min_surrogate,close|volume|vwap,"CSRank(Sub(ZScore(Div(Std($close,10),Add(Abs(Mean($close,10)),0.000001))),ZScore(Sub(ZScore(Delta($volume,5)),ZScore(Delta($vwap,5))))))",-0.04128360086,-0.04131236056,0.001046891175,0.09152026872,2368,0,1,1,-0.0001217220306,0.4635240709,1,0.04131236056,0.0001217220306
6988b8be922794ac01efabc2,phase3bj_large_1min_011100,15,16,16,False,True,True,sidecar_context_formula,pure_fresh_cross,phase3bj_large_1min_surrogate,close|m1_first30_vwap|volume,"CSRank(Add(ZScore(Sub(ZScore(Mean($volume,1)),ZScore(Mean($volume,10)))),ZScore(Div(Sub($m1_first30_vwap,$close),Add(Abs($close),0.000001)))))",0.04130202369,0.04129852296,0.001881645683,0.09692996675,2092,1,0,1,0.0001514196628,0.5526708891,1,0.04129852296,0.0001514196628
3fb85c54c04073c7922aba26,phase3bj_large_1min_010053,30,16,16,False,True,True,sidecar_context_formula,pure_fresh_cross,phase3bj_large_1min_surrogate,close|m1_first15_vwap|volume,"CSRank(Add(ZScore(Div(Sub($m1_first15_vwap,$close),Add(Abs($close),0.000001))),ZScore(Sub(ZScore(Delta($volume,5)),ZScore(Delta($close,5))))))",0.0414666904,0.04128780073,0.001841688476,0.1065673739,2254,1,0,1,0.0001895340591,0.5406222272,1,0.04128780073,0.0001895340591
cb9c5bcf271efcf894d32632,phase3bj_large_1min_012788,30,16,16,False,True,True,sidecar_context_formula,pure_fresh_cross,phase3bj_large_1min_surrogate,close|volume,"CSRank(Div(ZScore(Div(Std($close,3),Add(Abs(Mean($close,3)),0.000001))),Add(Abs(ZScore(Sub(ZScore(Mean($volume,1)),ZScore(Mean($volume,15))))),0.000001)))",-0.04104873051,-0.04127300061,0.001095745908,0.09710869456,2373,0,1,1,-0.0001636496655,0.4680257059,1,0.04127300061,0.0001636496655
521205d42fa5a1a7de287fb2,phase3bj_large_1min_010657,15,16,16,False,True,True,sidecar_context_formula,pure_fresh_cross,phase3bj_large_1min_surrogate,amount|close|m1_first30_vwap,"CSRank(Add(ZScore(Div(Sub($m1_first30_vwap,$close),Add(Abs($close),0.000001))),ZScore(Delta($amount,8))))",0.04094541117,0.04126437116,0.002139605664,0.09666017652,2104,1,0,1,0.000150943709,0.5572124525,1,0.04126437116,0.000150943709
9220fea0706b9b589b694441,phase3bj_large_1min_008014,5,16,16,False,True,True,sidecar_context_formula,pure_fresh_cross,phase3bj_large_1min_surrogate,close|m1_first5_vwap|volume,"CSRank(Add(ZScore(Sub(ZScore(Mean($volume,2)),ZScore(Mean($volume,10)))),ZScore(Div(Sub($m1_first5_vwap,$close),Add(Abs($close),0.000001)))))",0.04124048513,0.04117978067,0.001215703604,0.08682169644,2351,1,0,1,0.000184251398,0.5821458954,1,0.04117978067,0.000184251398
c42ce58cb99ffa4e96782fb2,phase3bj_large_1min_006416,1,16,16,False,True,True,sidecar_context_formula,pure_fresh_cross,phase3bj_large_1min_surrogate,close|m1_first30_vwap|volume,"CSRank(Sub(ZScore(Div(Sub($m1_first30_vwap,$close),Add(Abs($close),0.000001))),ZScore(Div(Delta($volume,10),Add(Abs(Add(Std($close,10),0.000001)),0.000001)))))",0.04088148001,0.04113995096,0.002387520054,0.07238262995,2096.5,1,0,1,0.0001234070783,0.616644862,1,0.04113995096,0.0001234070783
7823133ed4a275799b37e455,phase3bj_large_1min_012332,15,16,16,False,True,True,sidecar_context_formula,pure_fresh_cross,phase3bj_large_1min_surrogate,amount|close|vwap,"CSRank(Sub(ZScore(Mul(ZScore(Delta($amount,15)),Neg(ZScore(Delta($vwap,15))))),ZScore(Div(Std($close,15),Add(Abs(Mean($close,15)),0.000001)))))",0.04146210464,0.04108788744,0.0009621598533,0.106901462,2362,1,0,1,5.60032054e-05,0.5155588484,1,0.04108788744,5.60032054e-05
a2960d78471d8072ffa42646,phase3bj_large_1min_008821,5,16,16,False,True,True,sidecar_context_formula,pure_fresh_cross,phase3bj_large_1min_surrogate,close|m1_first5_vwap|volume,"CSRank(Sub(ZScore(Div(Sub($m1_first5_vwap,$close),Add(Abs($close),0.000001))),ZScore(Mul(ZScore(Delta($volume,10)),Neg(ZScore(Delta($close,10)))))))",0.04087040708,0.04108417979,0.001986248878,0.09028214414,2350,1,0,1,0.0001638533037,0.5728457447,1,0.04108417979,0.0001638533037
f8c89990a2c20b08ae775856,phase3bj_large_1min_006710,30,16,16,False,True,True,sidecar_context_formula,pure_fresh_cross,phase3bj_large_1min_surrogate,amount|close|vwap,"CSRank(Sub(ZScore(Div(Delta($amount,15),Add(Abs(Add(Std($vwap,15),0.000001)),0.000001))),ZScore(Div(Std($close,5),Add(Abs(Mean($close,5)),0.000001)))))",0.04080979265,0.04095743273,0.00143164228,0.1055597753,2218,1,0,1,0.0002439755088,0.5383509919,1,0.04095743273,0.0002439755088
63929af8a5ffbc69ac3162be,phase3bj_large_1min_009393,30,16,16,False,True,True,sidecar_context_formula,pure_fresh_cross,phase3bj_large_1min_surrogate,amount|close,"CSRank(Sub(ZScore(Sub(ZScore(Mean($amount,1)),ZScore(Mean($amount,30)))),ZScore(Div(Std($close,8),Add(Abs(Mean($close,8)),0.000001)))))",0.04094085921,0.04090697768,0.001781750448,0.1048312755,2358,1,0,1,0.0001227534018,0.5252332485,1,0.04090697768,0.0001227534018
3cca0493ce73a77373115b6f,phase3bj_large_1min_009649,5,16,16,False,True,True,sidecar_context_formula,pure_fresh_cross,phase3bj_large_1min_surrogate,close|m1_first5_vwap|volume,"CSRank(Add(ZScore(Sub(ZScore(Mean($volume,2)),ZScore(Mean($volume,15)))),ZScore(Div(Sub($m1_first5_vwap,$close),Add(Abs($close),0.000001)))))",0.04104110006,0.0408889386,0.001396614834,0.08627569842,2347,1,0,1,0.0001804960093,0.5833244568,1,0.0408889386,0.0001804960093
ccbc5f94d7d602a0e776981b,phase3bj_large_1min_001364,1,16,16,False,True,True,sidecar_context_formula,price_flow_divergence,phase3bj_large_1min_surrogate,amount|close,"CSRank(Sub(ZScore(Delta($amount,2)),ZScore(Delta($close,2))))",0.04087799406,0.04085059689,0.002309857502,0.07214098483,2391.5,1,0,1,0.000147069342,0.6302148519,1,0.04085059689,0.000147069342
79d3068fbb4e304eb5fbee48,phase3bj_large_1min_012338,15,16,16,False,True,True,sidecar_context_formula,pure_fresh_cross,phase3bj_large_1min_surrogate,amount|close|m1_first30_vwap,"CSRank(Div(ZScore(Div(Sub($m1_first30_vwap,$close),Add(Abs($close),0.000001))),Add(Abs(ZScore(Div(Delta($amount,8),Add(Abs(Mean($amount,45)),0.000001)))),0.000001)))",0.04066288742,0.04083832637,0.002649069502,0.1018905628,2073,1,0,1,0.0001141313838,0.5468825374,1,0.04083832637,0.0001141313838
778a74959b913dc4ca865352,phase3bj_large_1min_009678,5,16,16,False,True,True,sidecar_context_formula,pure_fresh_cross,phase3bj_large_1min_surrogate,close|m1_first30_vwap|volume,"CSRank(Sub(ZScore(Sub(ZScore(Mean($volume,3)),ZScore(Mean($volume,15)))),ZScore(Div(Sub($m1_first30_vwap,$close),Add(Abs($close),0.000001)))))",-0.0414259199,-0.04080302787,0.002472085425,0.08784761519,2100,0,1,1,-0.0001600546581,0.4179761905,1,0.04080302787,0.0001600546581
f0f51f093aa9aa122b0ce7af,phase3bj_large_1min_011968,15,16,16,False,True,True,sidecar_context_formula,pure_fresh_cross,phase3bj_large_1min_surrogate,amount|close|m1_first30_vwap,"CSRank(Add(ZScore(Sub(ZScore(Mean($amount,8)),ZScore(Mean($amount,60)))),ZScore(Div(Sub($m1_first30_vwap,$close),Add(Abs($close),0.000001)))))",0.04042091467,0.04078472631,0.002429692796,0.09423596411,2059,1,0,1,0.0001198677852,0.5472923749,1,0.04078472631,0.0001198677852
d9e827ad4ac39a623173ae98,phase3bj_large_1min_007034,30,16,16,False,True,True,sidecar_context_formula,pure_fresh_cross,phase3bj_large_1min_surrogate,close|volume|vwap,"CSRank(Sub(ZScore(Div(Std($close,3),Add(Abs(Mean($close,3)),0.000001))),ZScore(Div(Delta($volume,15),Add(Abs(Add(Std($vwap,15),0.000001)),0.000001)))))",-0.0409552672,-0.0407801193,0.001184002155,0.1045364773,2218,0,1,1,-0.0002840061831,0.4653685753,1,0.0407801193,0.0002840061831
59dbb8444db31bde74a70c50,phase3bj_large_1min_009804,30,16,16,False,True,True,sidecar_context_formula,pure_fresh_cross,phase3bj_large_1min_surrogate,amount|close,"CSRank(Add(ZScore(Div(Std($close,5),Add(Abs(Mean($close,5)),0.000001))),ZScore(Div(Mean($amount,8),Add(Abs(Add(Std($close,8),0.000001)),0.000001)))))",-0.04059232232,-0.04077313048,0.00146412964,0.09993859629,2391,0,1,1,-8.32671295e-05,0.4748536177,1,0.04077313048,8.32671295e-05
d3f1d7b8da81be497083f792,phase3bj_large_1min_008449,5,16,16,False,True,True,sidecar_context_formula,pure_fresh_cross,phase3bj_large_1min_surrogate,amount|close|volume,"CSRank(Div(ZScore(Sub(ZScore(Delta($amount,2)),ZScore(Delta($close,2)))),Add(Abs(ZScore(Sub(ZScore(Mean($volume,10)),ZScore(Mean($volume,30))))),0.000001)))",0.04044293562,0.04075598431,0.002392827846,0.0822612536,2370,1,0,1,0.0001996090551,0.5988396624,1,0.04075598431,0.0001996090551
3b63c05f44de73d8bc831b83,phase3bj_large_1min_010744,1,16,16,False,True,True,sidecar_context_formula,pure_fresh_cross,phase3bj_large_1min_surrogate,close|m1_first30_vwap|volume,"CSRank(Add(ZScore(Div(Sub($m1_first30_vwap,$close),Add(Abs($close),0.000001))),ZScore(Sub(ZScore(Mean($volume,5)),ZScore(Mean($volume,45))))))",0.04093920031,0.040746706,0.001854826548,0.07009857337,2067.5,1,0,1,0.0001330781503,0.6323263386,1,0.040746706,0.0001330781503
c42ce58cb99ffa4e96782fb2,phase3bj_large_1min_006416,15,16,16,False,True,True,sidecar_context_formula,pure_fresh_cross,phase3bj_large_1min_surrogate,close|m1_first30_vwap|volume,"CSRank(Sub(ZScore(Div(Sub($m1_first30_vwap,$close),Add(Abs($close),0.000001))),ZScore(Div(Delta($volume,10),Add(Abs(Add(Std($close,10),0.000001)),0.000001)))))",0.0400579347,0.04061571107,0.002294679603,0.1006589915,2102,1,0,1,0.0001254166078,0.5414486204,1,0.04061571107,0.0001254166078
7771b7f454bdd69cb7ecd386,phase3bj_large_1min_010087,30,16,16,False,True,True,sidecar_context_formula,pure_fresh_cross,phase3bj_large_1min_surrogate,amount|close|m1_first15_amount|m1_first15_vwap,"CSRank(Sub(ZScore(Div($m1_first15_amount,Add(Abs(Mean($amount,30)),0.000001))),ZScore(Sub(ZScore($m1_first15_vwap),ZScore($close)))))",-0.04006138046,-0.04052709897,0.001553342525,0.08459090008,2232,0,1,1,-0.000224880157,0.4595654122,1,0.04052709897,0.000224880157
379a3b678612c3ae9782ef01,phase3bj_large_1min_010090,15,16,16,False,True,True,sidecar_context_formula,pure_fresh_cross,phase3bj_large_1min_surrogate,amount|close,"CSRank(Add(ZScore(Div(Std($close,10),Add(Abs(Mean($close,10)),0.000001))),ZScore(Div(Mean($amount,3),Add(Abs(Add(Std($close,3),0.000001)),0.000001)))))",-0.04037411696,-0.04052545079,0.001092840599,0.1025028789,2390,0,1,1,-7.586422576e-05,0.4786349372,1,0.04052545079,7.586422576e-05
44e0108273177b93af3fbbe5,phase3bj_large_1min_010189,30,16,16,False,True,True,sidecar_context_formula,pure_fresh_cross,phase3bj_large_1min_surrogate,close|volume,"CSRank(Add(ZScore(Div(Std($close,15),Add(Abs(Mean($close,15)),0.000001))),ZScore(Div(Mean($volume,1),Add(Abs(Mean($volume,60)),0.000001)))))",-0.04071920017,-0.04051407992,0.001735849173,0.09119263275,2328,0,1,1,-1.592332837e-05,0.4850193299,0.6875,0.04051407992,1.094728826e-05
27e11194642bfa16d4321d31,phase3bj_large_1min_010798,1,16,16,False,True,True,sidecar_context_formula,pure_fresh_cross,phase3bj_large_1min_surrogate,amount|close|m1_first5_vwap,"CSRank(Div(ZScore(Div(Sub($m1_first5_vwap,$close),Add(Abs($close),0.000001))),Add(Abs(ZScore(Div(Mean($amount,3),Add(Abs(Mean($amount,45)),0.000001)))),0.000001)))",0.04025897311,0.04048968613,0.00194772751,0.07292107529,2311.5,1,0,1,0.000123040493,0.6154240397,1,0.04048968613,0.000123040493
2f508e943776ece057995ed8,phase3bj_large_1min_006697,15,16,16,False,True,True,sidecar_context_formula,pure_fresh_cross,phase3bj_large_1min_surrogate,amount|close|m1_first30_vwap,"CSRank(Div(ZScore(Div(Sub($m1_first30_vwap,$close),Add(Abs($close),0.000001))),Add(Abs(ZScore(Div(Delta($amount,10),Add(Abs(Mean($amount,60)),0.000001)))),0.000001)))",0.0401864741,0.04047963502,0.002710372622,0.1012174159,2059,1,0,1,0.0001167955285,0.549538611,1,0.04047963502,0.0001167955285
3a890ef1aa2d3421ed3dd39a,phase3bj_large_1min_013239,30,16,16,False,True,True,sidecar_context_formula,pure_fresh_cross,phase3bj_large_1min_surrogate,amount|close|m1_first15_vwap|vwap,"CSRank(Div(ZScore(Div(Sub($m1_first15_vwap,$close),Add(Abs($close),0.000001))),Add(Abs(ZScore(Div(Delta($amount,5),Add(Abs(Add(Std($vwap,5),0.000001)),0.000001)))),0.000001)))",0.04003184384,0.0403554785,0.001804730982,0.1104449254,2199,1,0,1,0.0002275599899,0.5394213279,1,0.0403554785,0.0002275599899
d11015761ee2fd0fb9c0381e,phase3bj_large_1min_008693,30,16,16,False,True,True,sidecar_context_formula,pure_fresh_cross,phase3bj_large_1min_surrogate,close,"CSRank(Add(ZScore(Sub(ZScore(Std($close,10)),ZScore(Std($close,30)))),ZScore(Div(Std($close,20),Add(Abs(Mean($close,20)),0.000001)))))",-0.04006243886,-0.04029747374,0.001719294786,0.09769696283,2369,0,1,1,-5.608113516e-05,0.4765987759,0.8125,0.04029747374,4.556592232e-05
4ceaaa907433c4399414476f,phase3bj_large_1min_012095,1,16,16,False,True,True,sidecar_context_formula,pure_fresh_cross,phase3bj_large_1min_surrogate,close|m1_first15_vwap|volume,"CSRank(Add(ZScore(Div(Mean($volume,1),Add(Abs(Mean($volume,45)),0.000001))),ZScore(Div(Sub($m1_first15_vwap,$close),Add(Abs($close),0.000001)))))",0.04078141965,0.04026581215,0.001709178734,0.07043014764,2203.5,1,0,1,0.0001798514929,0.6749377546,1,0.04026581215,0.0001798514929
60ee4dd67606a55997e87a49,phase3bj_large_1min_009923,15,16,16,False,True,True,sidecar_context_formula,pure_fresh_cross,phase3bj_large_1min_surrogate,close|volume|vwap,"CSRank(Div(ZScore(Div(Std($close,10),Add(Abs(Mean($close,10)),0.000001))),Add(Abs(ZScore(Div(Delta($volume,5),Add(Abs(Add(Std($vwap,5),0.000001)),0.000001)))),0.000001)))",-0.04008529639,-0.04025315066,0.0008308438555,0.1030569423,2335,0,1,1,-9.377505504e-05,0.4819593148,1,0.04025315066,9.377505504e-05
7882e6310ee21b4be9529c8e,phase3bj_large_1min_007506,15,16,16,False,True,True,sidecar_context_formula,pure_fresh_cross,phase3bj_large_1min_surrogate,amount|close|m1_first5_amount,"CSRank(Add(ZScore(Div(Std($close,8),Add(Abs(Mean($close,8)),0.000001))),ZScore(Div($m1_first5_amount,Add(Abs(Mean($amount,30)),0.000001)))))",-0.04011500421,-0.04019054569,0.0008097668501,0.09529308882,2332,0,1,1,-7.887273427e-05,0.4799796312,1,0.04019054569,7.887273427e-05
d0c2760df75a564d9ef885b7,phase3bj_large_1min_010128,30,16,16,False,True,True,sidecar_context_formula,pure_fresh_cross,phase3bj_large_1min_surrogate,amount|close,"CSRank(Sub(ZScore(Sub(ZScore(Mean($amount,1)),ZScore(Mean($amount,15)))),ZScore(Div(Std($close,8),Add(Abs(Mean($close,8)),0.000001)))))",0.04046083998,0.04017881186,0.001627743386,0.1029277796,2373,1,0,1,0.000127712981,0.5305520438,1,0.04017881186,0.000127712981
b43b89efd492e939ac2a7d35,phase3bj_large_1min_008005,15,16,16,False,True,True,sidecar_context_formula,pure_fresh_cross,phase3bj_large_1min_surrogate,amount|close|m1_first15_amount|m1_first5_vwap,"CSRank(Add(ZScore(Div(Sub($m1_first5_vwap,$close),Add(Abs($close),0.000001))),ZScore(Sub(ZScore($m1_first15_amount),ZScore(Mean($amount,30))))))",0.03951935344,0.04016500637,0.002666785283,0.09798262899,2233,1,0,1,0.0001465494047,0.5414520824,1,0.04016500637,0.0001465494047
a37d323feedad4838f645e75,phase3bj_large_1min_006563,5,16,16,False,True,True,sidecar_context_formula,pure_fresh_cross,phase3bj_large_1min_surrogate,close|m1_first30_vwap|volume,"CSRank(Sub(ZScore(Div(Sub($m1_first30_vwap,$close),Add(Abs($close),0.000001))),ZScore(Sub(ZScore(Mean($volume,2)),ZScore(Mean($volume,15))))))",0.04035524473,0.04009235274,0.002401557585,0.08757781671,2100,1,0,1,0.0001509150557,0.5750297619,1,0.04009235274,0.0001509150557
bf6e72adf0dfb2dd675a1b3a,phase3bj_large_1min_008433,5,16,16,False,True,True,sidecar_context_formula,pure_fresh_cross,phase3bj_large_1min_surrogate,amount|close|volume,"CSRank(Add(ZScore(Sub(ZScore(Delta($volume,2)),ZScore(Delta($close,2)))),ZScore(Sub(ZScore(Delta($amount,8)),ZScore(Delta($close,8))))))",0.04022871389,0.04008471762,0.002086980011,0.07957001176,2391,1,0,1,0.0002177139501,0.5968214136,1,0.04008471762,0.0002177139501
1dce15c6957281e911878c6a,phase3bj_large_1min_009479,1,16,16,False,True,True,sidecar_context_formula,pure_fresh_cross,phase3bj_large_1min_surrogate,amount|close|high|low|m1_first15_vwap|open,"CSRank(Sub(ZScore(Div(Sub($m1_first15_vwap,$close),Add(Abs($close),0.000001))),ZScore(Mul(ZScore(Mean($amount,3)),Neg(ZScore(Div(Sub($high,$low),Add(Abs($open),0.000001))))))))",0.03977440054,0.04008402701,0.001912770426,0.07305088306,2237.8125,1,0,1,0.000152540795,0.633114164,1,0.04008402701,0.000152540795
68eebcfd27220f05e83fae4c,phase3bj_large_1min_013208,1,16,16,False,True,True,sidecar_context_formula,pure_fresh_cross,phase3bj_large_1min_surrogate,amount|close|m1_first30_vwap,"CSRank(Sub(ZScore(Div(Sub($m1_first30_vwap,$close),Add(Abs($close),0.000001))),ZScore(Delta($amount,3))))",0.04051729607,0.04007786383,0.00237496895,0.07150602316,2103.5,1,0,1,0.0001247776379,0.6175023708,1,0.04007786383,0.0001247776379
826838daaaa2371f4fd30e5d,phase3bj_large_1min_011330,30,16,16,False,True,True,sidecar_context_formula,pure_fresh_cross,phase3bj_large_1min_surrogate,close|volume,"CSRank(Add(ZScore(Div(Std($close,5),Add(Abs(Mean($close,5)),0.000001))),ZScore(Sub(ZScore(Mean($volume,10)),ZScore(Mean($volume,15))))))",-0.03952409265,-0.04004361151,0.001586542988,0.09612192855,2384,0,1,1,-0.000216907007,0.463008599,1,0.04004361151,0.000216907007
77543a3f147c46d52b16717c,phase3bj_large_1min_010788,15,16,16,False,True,True,sidecar_context_formula,pure_fresh_cross,phase3bj_large_1min_surrogate,close|volume,"CSRank(Add(ZScore(Div(Delta($volume,5),Add(Abs(Add(Std($close,5),0.000001)),0.000001))),ZScore(Div(Std($close,5),Add(Abs(Mean($close,5)),0.000001)))))",-0.03999628167,-0.04004263569,0.0009761334202,0.1079976685,2394,0,1,1,-9.326408825e-05,0.4846230159,1,0.04004263569,9.326408825e-05
476828e4d000287c34be2322,phase3bj_large_1min_001472,5,16,16,False,True,True,sidecar_context_formula,opening_vwap_residual,phase3bj_large_1min_surrogate,close|m1_first15_vwap,"CSRank(Sub(ZScore($m1_first15_vwap),ZScore($close)))",0.03906570597,0.0400298214,0.002993545589,0.08938378492,2259,1,0,1,0.0001342507035,0.5652667109,1,0.0400298214,0.0001342507035
68ce853bd88a5cff6d45ed75,phase3bj_large_1min_006848,5,16,16,False,True,True,sidecar_context_formula,pure_fresh_cross,phase3bj_large_1min_surrogate,amount|close|m1_first30_vwap,"CSRank(Add(ZScore(Div(Sub($m1_first30_vwap,$close),Add(Abs($close),0.000001))),ZScore(Div(Delta($amount,30),Add(Abs(Mean($amount,90)),0.000001)))))",0.04020706905,0.04000043311,0.001450822944,0.08059368713,2033,1,0,1,0.0001925795842,0.6129795868,1,0.04000043311,0.0001925795842
4561e10ab39dcb2e157539f0,phase3bj_large_1min_008250,15,16,16,False,True,True,sidecar_context_formula,pure_fresh_cross,phase3bj_large_1min_surrogate,amount|m1_first30_vwap|m1_first5_amount|vwap,"CSRank(Sub(ZScore(Div(Sub($m1_first30_vwap,$vwap),Add(Abs($vwap),0.000001))),ZScore(Div($m1_first5_amount,Add(Abs(Mean($amount,30)),0.000001)))))",0.03998825872,0.0399870438,0.001141223178,0.09683384847,2075,1,0,1,0.0001186477598,0.5290060241,1,0.0399870438,0.0001186477598
b47324cca2e35d7be8be5c24,phase3bj_large_1min_008567,5,16,16,False,True,True,sidecar_context_formula,pure_fresh_cross,phase3bj_large_1min_surrogate,amount|close|m1_first30_vol|volume,"CSRank(Div(ZScore(Sub(ZScore(Delta($volume,2)),ZScore(Delta($close,2)))),Add(Abs(ZScore(Div($m1_first30_vol,Add(Abs(Mean($amount,30)),0.000001)))),0.000001)))",0.0403894674,0.03998031591,0.002304270386,0.07964977894,2086,1,0,1,0.000161845801,0.590933605,1,0.03998031591,0.000161845801
d95cdd8a327f381a1d3adf26,phase3bj_large_1min_010367,1,16,16,False,True,True,sidecar_context_formula,pure_fresh_cross,phase3bj_large_1min_surrogate,close|m1_first30_vwap|volume,"CSRank(Add(ZScore(Div(Sub($m1_first30_vwap,$close),Add(Abs($close),0.000001))),ZScore(Div(Delta($volume,10),Add(Abs(Mean($volume,45)),0.000001)))))",0.03969993597,0.03995873975,0.001702940395,0.06768877833,2067.5,1,0,1,0.0001570542176,0.6609081042,1,0.03995873975,0.0001570542176
fbafe43b46bd441391895230,phase3bj_large_1min_009896,30,16,16,False,True,True,sidecar_context_formula,pure_fresh_cross,phase3bj_large_1min_surrogate,close|m1_first5_vwap|volume,"CSRank(Div(ZScore(Div(Sub($m1_first5_vwap,$close),Add(Abs($close),0.000001))),Add(Abs(ZScore(Sub(ZScore(Mean($volume,8)),ZScore(Mean($volume,45))))),0.000001)))",0.04023023013,0.03994310235,0.001793970648,0.1030364094,2316,1,0,1,0.0001659039393,0.5315198618,1,0.03994310235,0.0001659039393
d04e205ca5b58d1e532502f6,phase3bj_large_1min_007184,30,16,16,False,True,True,sidecar_context_formula,pure_fresh_cross,phase3bj_large_1min_surrogate,amount|close|m1_first15_amount,"CSRank(Sub(ZScore(Sub(ZScore($m1_first15_amount),ZScore(Mean($amount,30)))),ZScore(Div(Std($close,20),Add(Abs(Mean($close,20)),0.000001)))))",0.03997172289,0.03989604677,0.002019474274,0.1099722416,2232,1,0,1,-1.068689468e-05,0.5108646953,0.5,0.03989604677,5.343447339e-06
457117a298cd73f75d2c7292,phase3bj_large_1min_008410,30,16,16,False,True,True,sidecar_context_formula,pure_fresh_cross,phase3bj_large_1min_surrogate,amount|close,"CSRank(Add(ZScore(Div(Mean($amount,5),Add(Abs(Mean($amount,60)),0.000001))),ZScore(Div(Std($close,20),Add(Abs(Mean($close,20)),0.000001)))))",-0.03989805514,-0.03985194115,0.001397926212,0.08574955358,2339,0,1,1,-2.349085217e-05,0.4792913638,0.6875,0.03985194115,1.614996087e-05
68ce853bd88a5cff6d45ed75,phase3bj_large_1min_006848,1,16,16,False,True,True,sidecar_context_formula,pure_fresh_cross,phase3bj_large_1min_surrogate,amount|close|m1_first30_vwap,"CSRank(Add(ZScore(Div(Sub($m1_first30_vwap,$close),Add(Abs($close),0.000001))),ZScore(Div(Delta($amount,30),Add(Abs(Mean($amount,90)),0.000001)))))",0.03988375623,0.03983784301,0.001522294959,0.06773473641,2028.1875,1,0,1,0.0001553162371,0.6636128874,1,0.03983784301,0.0001553162371
f80fa77fb11d489041f7e9d6,phase3bj_large_1min_011262,30,16,16,False,True,True,sidecar_context_formula,pure_fresh_cross,phase3bj_large_1min_surrogate,close|m1_first30_vwap|m1_first5_vwap|vwap,"CSRank(Div(ZScore(Div(Sub($m1_first5_vwap,$close),Add(Abs($close),0.000001))),Add(Abs(ZScore(Div(Sub($m1_first30_vwap,$vwap),Add(Abs($vwap),0.000001)))),0.000001)))",0.03905169823,0.03981607042,0.001929778146,0.100053187,2098,1,0,1,0.0001699925377,0.5420638704,1,0.03981607042,0.0001699925377
41acfb6ccd498ef71368041d,phase3bj_large_1min_006753,30,16,16,False,True,True,sidecar_context_formula,pure_fresh_cross,phase3bj_large_1min_surrogate,amount|close,"CSRank(Add(ZScore(Div(Std($close,15),Add(Abs(Mean($close,15)),0.000001))),ZScore(Delta($amount,1))))",-0.03965132499,-0.03978425299,0.00149530915,0.09952003475,2384,0,1,1,-5.041550728e-05,0.4866296141,0.9375,0.03978425299,4.726453807e-05
a68148d0f0377572c06b492e,phase3bj_large_1min_008925,15,16,16,False,True,True,sidecar_context_formula,pure_fresh_cross,phase3bj_large_1min_surrogate,amount|close|m1_first30_vwap,"CSRank(Add(ZScore(Div(Delta($amount,30),Add(Abs(Add(Std($close,30),0.000001)),0.000001))),ZScore(Div(Sub($m1_first30_vwap,$close),Add(Abs($close),0.000001)))))",0.0393546223,0.03976587106,0.002224762958,0.09572621142,2085,1,0,1,0.0001350230959,0.5527877698,1,0.03976587106,0.0001350230959
9a5956f75914202ae22afcf2,phase3bj_large_1min_011855,15,16,16,False,True,True,sidecar_context_formula,pure_fresh_cross,phase3bj_large_1min_surrogate,amount|close|m1_first15_vol,"CSRank(Div(ZScore(Div(Std($close,30),Add(Abs(Mean($close,30)),0.000001))),Add(Abs(ZScore(Div($m1_first15_vol,Add(Abs(Mean($amount,30)),0.000001)))),0.000001)))",-0.03998118514,-0.03974300121,0.0009817371857,0.1042156014,2233,0,1,1,-8.397257985e-05,0.483682266,1,0.03974300121,8.397257985e-05
98d831be6713f9cf59697dff,phase3bj_large_1min_007658,5,16,16,False,True,True,sidecar_context_formula,pure_fresh_cross,phase3bj_large_1min_surrogate,close|volume,"CSRank(Add(ZScore(Mul(ZScore(Delta($volume,15)),Neg(ZScore(Delta($close,15))))),ZScore(Sub(ZScore(Delta($volume,2)),ZScore(Delta($close,2))))))",0.03976172954,0.03973251386,0.002450006036,0.07731880189,2384,1,0,1,0.000217026003,0.5893456376,1,0.03973251386,0.000217026003
a45ce2ed15f2a40d96228395,phase3bj_large_1min_011210,5,16,16,False,True,True,sidecar_context_formula,pure_fresh_cross,phase3bj_large_1min_surrogate,amount|close|volume|vwap,"CSRank(Div(ZScore(Sub(ZScore(Delta($amount,2)),ZScore(Delta($close,2)))),Add(Abs(ZScore(Mul(ZScore(Delta($volume,15)),Neg(ZScore(Delta($vwap,15)))))),0.000001)))",0.03989835867,0.03970968526,0.002533564608,0.08406152668,2362,1,0,1,0.000193110388,0.5993861135,1,0.03970968526,0.000193110388
5599fd6835631954cb5d2013,phase3bj_large_1min_010507,30,16,16,False,True,True,sidecar_context_formula,pure_fresh_cross,phase3bj_large_1min_surrogate,close|volume,"CSRank(Add(ZScore(Div(Std($close,8),Add(Abs(Mean($close,8)),0.000001))),ZScore(Div(Mean($volume,1),Add(Abs(Mean($volume,45)),0.000001)))))",-0.0396666789,-0.03963011383,0.001342691699,0.09118411855,2343,0,1,1,-0.0001503013583,0.47303137,1,0.03963011383,0.0001503013583
12f416e994d12e6b153dcea5,phase3bj_large_1min_010757,30,16,16,False,True,True,sidecar_context_formula,pure_fresh_cross,phase3bj_large_1min_surrogate,amount|close|high|low|open,"CSRank(Add(ZScore(Mul(ZScore(Mean($amount,8)),Neg(ZScore(Div(Sub($high,$low),Add(Abs($open),0.000001)))))),ZScore(Div(Std($close,20),Add(Abs(Mean($close,20)),0.000001)))))",-0.03902539797,-0.03962233691,0.001644021118,0.0969269362,2357.25,0,1,1,5.461700974e-06,0.4919154916,0.5,0.03962233691,2.730850487e-06
fcc22f39f9c72d7065d974d3,phase3bj_large_1min_008998,5,16,16,False,True,True,sidecar_context_formula,pure_fresh_cross,phase3bj_large_1min_surrogate,amount|close|m1_first30_vwap,"CSRank(Add(ZScore(Div(Delta($amount,3),Add(Abs(Mean($amount,30)),0.000001))),ZScore(Div(Sub($m1_first30_vwap,$close),Add(Abs($close),0.000001)))))",0.03917201973,0.03962212536,0.001642059631,0.08001548895,2086,1,0,1,0.000181320458,0.6070829338,1,0.03962212536,0.000181320458
e6e4bf658dfbc6d0107eea72,phase3bj_large_1min_009871,15,16,16,False,True,True,sidecar_context_formula,pure_fresh_cross,phase3bj_large_1min_surrogate,amount|close,"CSRank(Div(ZScore(Div(Std($close,20),Add(Abs(Mean($close,20)),0.000001))),Add(Abs(ZScore(Div(Delta($amount,5),Add(Abs(Add(Std($close,5),0.000001)),0.000001)))),0.000001)))",-0.03942132592,-0.0396025808,0.001038176847,0.1043637763,2380,0,1,1,-7.181143698e-05,0.4879989496,1,0.0396025808,7.181143698e-05
1b561fbdc1f863bca55d0aa9,phase3bj_large_1min_012751,30,16,16,False,True,True,sidecar_context_formula,pure_fresh_cross,phase3bj_large_1min_surrogate,close|volume,"CSRank(Add(ZScore(Div(Std($close,20),Add(Abs(Mean($close,20)),0.000001))),ZScore(Sub(ZScore(Mean($volume,5)),ZScore(Mean($volume,10))))))",-0.03974088879,-0.03954865846,0.001582931718,0.09962475198,2379,0,1,1,-7.021323386e-06,0.4857345523,0.5625,0.03954865846,3.949494405e-06
6988b8be922794ac01efabc2,phase3bj_large_1min_011100,30,16,16,False,True,True,sidecar_context_formula,pure_fresh_cross,phase3bj_large_1min_surrogate,close|m1_first30_vwap|volume,"CSRank(Add(ZScore(Sub(ZScore(Mean($volume,1)),ZScore(Mean($volume,10)))),ZScore(Div(Sub($m1_first30_vwap,$close),Add(Abs($close),0.000001)))))",0.03899936164,0.0394836507,0.002086658145,0.100517741,2091,1,0,1,0.0001552224765,0.5400526064,1,0.0394836507,0.0001552224765
d95cdd8a327f381a1d3adf26,phase3bj_large_1min_010367,5,16,16,False,True,True,sidecar_context_formula,pure_fresh_cross,phase3bj_large_1min_surrogate,close|m1_first30_vwap|volume,"CSRank(Add(ZScore(Div(Sub($m1_first30_vwap,$close),Add(Abs($close),0.000001))),ZScore(Div(Delta($volume,10),Add(Abs(Mean($volume,45)),0.000001)))))",0.03968937212,0.03946781017,0.00165219728,0.08028077865,2073,1,0,1,0.0001868605176,0.6115231548,1,0.03946781017,0.0001868605176
77923feceb7a09bdedd54889,phase3bj_large_1min_006555,30,16,16,False,True,True,sidecar_context_formula,pure_fresh_cross,phase3bj_large_1min_surrogate,amount|close,"CSRank(Sub(ZScore(Div(Std($close,10),Add(Abs(Mean($close,10)),0.000001))),ZScore(Sub(ZScore(Mean($amount,1)),ZScore(Mean($amount,15))))))",-0.03985851516,-0.0394617626,0.001616751992,0.1015429279,2373,0,1,1,-8.322343648e-05,0.4745048462,0.9375,0.0394617626,7.80219717e-05
d6df70a45b533d4093cf6f4c,phase3bj_large_1min_012859,30,16,16,False,True,True,sidecar_context_formula,pure_fresh_cross,phase3bj_large_1min_surrogate,amount|close,"CSRank(Add(ZScore(Mul(ZScore(Delta($amount,10)),Neg(ZScore(Delta($close,10))))),ZScore(Div(Std($close,30),Add(Abs(Mean($close,30)),0.000001)))))",-0.03969418002,-0.03944789077,0.002139271372,0.1092538883,2369,0,1,1,3.003222483e-05,0.4956996623,0.6875,0.03944789077,2.064715457e-05
083493078d5c5c665bf39113,phase3bj_large_1min_010472,30,16,16,False,True,True,sidecar_context_formula,pure_fresh_cross,phase3bj_large_1min_surrogate,amount|close|m1_first30_vwap|m1_first5_amount,"CSRank(Sub(ZScore(Div(Sub($m1_first30_vwap,$close),Add(Abs($close),0.000001))),ZScore(Sub(ZScore($m1_first5_amount),ZScore(Mean($amount,30))))))",0.03928977003,0.0393674058,0.003654588849,0.1049168813,2085,1,0,1,0.0002130514287,0.5434052758,1,0.0393674058,0.0002130514287
8546ce960e1665f2453ea15d,phase3bj_large_1min_012222,30,16,16,False,True,True,sidecar_context_formula,pure_fresh_cross,phase3bj_large_1min_surrogate,close|m1_first30_vwap|volume,"CSRank(Div(ZScore(Div(Sub($m1_first30_vwap,$close),Add(Abs($close),0.000001))),Add(Abs(ZScore(Sub(ZScore(Mean($volume,5)),ZScore(Mean($volume,45))))),0.000001)))",0.03913009654,0.03934421946,0.002115830349,0.1050508488,2072,1,0,1,0.0001244066957,0.5312801641,0.9375,0.03934421946,0.0001166312773
521205d42fa5a1a7de287fb2,phase3bj_large_1min_010657,30,16,16,False,True,True,sidecar_context_formula,pure_fresh_cross,phase3bj_large_1min_surrogate,amount|close|m1_first30_vwap,"CSRank(Add(ZScore(Div(Sub($m1_first30_vwap,$close),Add(Abs($close),0.000001))),ZScore(Delta($amount,8))))",0.03894342198,0.039302304,0.002531234284,0.1006004696,2103,1,0,1,0.0002055413006,0.5463623395,1,0.039302304,0.0002055413006
27e11194642bfa16d4321d31,phase3bj_large_1min_010798,30,16,16,False,True,True,sidecar_context_formula,pure_fresh_cross,phase3bj_large_1min_surrogate,amount|close|m1_first5_vwap,"CSRank(Div(ZScore(Div(Sub($m1_first5_vwap,$close),Add(Abs($close),0.000001))),Add(Abs(ZScore(Div(Mean($amount,3),Add(Abs(Mean($amount,45)),0.000001)))),0.000001)))",0.03923898122,0.03927313424,0.001733038345,0.1052878312,2316,1,0,1,0.0001824732442,0.5333279361,1,0.03927313424,0.0001824732442
30cff9d81f9c93be16a71692,phase3bj_large_1min_009997,30,16,16,False,True,True,sidecar_context_formula,pure_fresh_cross,phase3bj_large_1min_surrogate,amount|close,"CSRank(Add(ZScore(Div(Std($close,3),Add(Abs(Mean($close,3)),0.000001))),ZScore(Mul(ZScore(Delta($amount,30)),Neg(ZScore(Delta($close,30)))))))",-0.03924975526,-0.03922309774,0.001424782146,0.09956205574,2368,0,1,1,-0.000208662508,0.4660578547,1,0.03922309774,0.000208662508
bec2e1e1c462f2a137f2acd7,phase3bj_large_1min_010262,5,16,16,False,True,True,sidecar_context_formula,pure_fresh_cross,phase3bj_large_1min_surrogate,close|volume,"CSRank(Div(ZScore(Sub(ZScore(Delta($volume,2)),ZScore(Delta($close,2)))),Add(Abs(ZScore(Div(Mean($volume,10),Add(Abs(Mean($volume,45)),0.000001)))),0.000001)))",0.03904583909,0.03912748682,0.002435020467,0.07836796815,2355,1,0,1,0.0001897971301,0.5858545648,1,0.03912748682,0.0001897971301
4ceaaa907433c4399414476f,phase3bj_large_1min_012095,5,16,16,False,True,True,sidecar_context_formula,pure_fresh_cross,phase3bj_large_1min_surrogate,close|m1_first15_vwap|volume,"CSRank(Add(ZScore(Div(Mean($volume,1),Add(Abs(Mean($volume,45)),0.000001))),ZScore(Div(Sub($m1_first15_vwap,$close),Add(Abs($close),0.000001)))))",0.03936298041,0.03912487148,0.001445793462,0.08297722597,2209,1,0,1,0.0002170956933,0.6137109552,1,0.03912487148,0.0002170956933
30fa8447fdf90e664bd73b75,phase3bj_large_1min_010939,30,16,16,False,True,True,sidecar_context_formula,pure_fresh_cross,phase3bj_large_1min_surrogate,close|volume,"CSRank(Sub(ZScore(Sub(ZScore(Delta($volume,2)),ZScore(Delta($close,2)))),ZScore(Div(Std($close,2),Add(Abs(Mean($close,2)),0.000001)))))",0.03904056088,0.03908467488,0.001531442568,0.08924498341,2396,1,0,1,0.0002562373263,0.5440578047,1,0.03908467488,0.0002562373263
9228aa28683110986953d3f9,phase3bj_large_1min_011899,30,16,16,False,True,True,sidecar_context_formula,pure_fresh_cross,phase3bj_large_1min_surrogate,close|volume,"CSRank(Add(ZScore(Div(Std($close,20),Add(Abs(Mean($close,20)),0.000001))),ZScore(Div(Mean($volume,1),Add(Abs(Mean($volume,30)),0.000001)))))",-0.03917246498,-0.03907898491,0.001516046272,0.09188771228,2358,0,1,1,4.900182391e-06,0.4887351569,0.5,0.03907898491,2.450091196e-06
fcc22f39f9c72d7065d974d3,phase3bj_large_1min_008998,1,16,16,False,True,True,sidecar_context_formula,pure_fresh_cross,phase3bj_large_1min_surrogate,amount|close|m1_first30_vwap,"CSRank(Add(ZScore(Div(Delta($amount,3),Add(Abs(Mean($amount,30)),0.000001))),ZScore(Div(Sub($m1_first30_vwap,$close),Add(Abs($close),0.000001)))))",0.03880982147,0.03891589903,0.001797817784,0.06667879883,2080.5,1,0,1,0.0001517474456,0.6567293864,1,0.03891589903,0.0001517474456
e2073a8ca6b837a4f857cdda,phase3bj_large_1min_008966,30,16,16,False,True,True,sidecar_context_formula,pure_fresh_cross,phase3bj_large_1min_surrogate,amount|close,"CSRank(Sub(ZScore(Sub(ZScore(Mean($amount,1)),ZScore(Mean($amount,20)))),ZScore(Div(Std($close,15),Add(Abs(Mean($close,15)),0.000001)))))",0.03906116561,0.03885932444,0.00178836268,0.1018276467,2368,1,0,1,3.527001165e-05,0.5196632179,0.875,0.03885932444,3.08612602e-05
3693775ce38fd52273c73033,phase3bj_large_1min_008954,5,16,16,False,True,True,sidecar_context_formula,pure_fresh_cross,phase3bj_large_1min_surrogate,amount|close|m1_first30_vwap|open,"CSRank(Add(ZScore(Sub(ZScore(Delta($amount,2)),ZScore(Delta($close,2)))),ZScore(Div(Sub($m1_first30_vwap,$open),Add(Abs($open),0.000001)))))",0.03839328585,0.03884347202,0.001820918013,0.09079489696,2110,1,0,1,0.0001227799906,0.5655509479,1,0.03884347202,0.0001227799906
58d999f0bd7f55c2ac3ea06f,phase3bj_large_1min_008363,5,16,16,False,True,True,sidecar_context_formula,pure_fresh_cross,phase3bj_large_1min_surrogate,close|volume,"CSRank(Div(ZScore(Sub(ZScore(Delta($volume,2)),ZScore(Delta($close,2)))),Add(Abs(ZScore(Div(Mean($volume,2),Add(Abs(Mean($volume,60)),0.000001)))),0.000001)))",0.0391980949,0.03880307086,0.00206576603,0.07861648161,2340,1,0,1,0.0001944567468,0.5889957265,1,0.03880307086,0.0001944567468
73b44933a01e008b94f31a25,phase3bj_large_1min_013319,5,16,16,False,True,True,sidecar_context_formula,pure_fresh_cross,phase3bj_large_1min_surrogate,amount|close|volume,"CSRank(Div(ZScore(Sub(ZScore(Delta($volume,2)),ZScore(Delta($close,2)))),Add(Abs(ZScore(Sub(ZScore(Mean($amount,1)),ZScore(Mean($amount,45))))),0.000001)))",0.03933278464,0.03878659876,0.00226380283,0.08301480584,2344,1,0,1,0.0001889725516,0.5941766212,1,0.03878659876,0.0001889725516
68eebcfd27220f05e83fae4c,phase3bj_large_1min_013208,15,16,16,False,True,True,sidecar_context_formula,pure_fresh_cross,phase3bj_large_1min_surrogate,amount|close|m1_first30_vwap,"CSRank(Sub(ZScore(Div(Sub($m1_first30_vwap,$close),Add(Abs($close),0.000001))),ZScore(Delta($amount,3))))",0.03873641038,0.03875330759,0.002670961947,0.09854405289,2109,1,0,1,0.000151507287,0.5435040303,1,0.03875330759,0.000151507287
042b4e642cce432b76f3c4e4,phase3bj_large_1min_007189,15,16,16,False,True,True,sidecar_context_formula,pure_fresh_cross,phase3bj_large_1min_surrogate,amount|close|vwap,"CSRank(Div(ZScore(Div(Std($close,20),Add(Abs(Mean($close,20)),0.000001))),Add(Abs(ZScore(Mul(ZScore(Delta($amount,5)),Neg(ZScore(Delta($vwap,5)))))),0.000001)))",-0.03851215288,-0.03871002846,0.0009456371858,0.1033408805,2358,0,1,1,-1.773626711e-05,0.4932675997,0.625,0.03871002846,1.108516695e-05
10247831986f5bc2372e36b9,phase3bj_large_1min_010490,30,16,16,False,True,True,sidecar_context_formula,pure_fresh_cross,phase3bj_large_1min_surrogate,close|volume,"CSRank(Add(ZScore(Div(Delta($volume,10),Add(Abs(Mean($volume,45)),0.000001))),ZScore(Div(Std($close,30),Add(Abs(Mean($close,30)),0.000001)))))",-0.03888668328,-0.03870717064,0.001113237067,0.08970937972,2354,0,1,1,-1.443973903e-05,0.4853706457,0.625,0.03870717064,9.024836891e-06
fbafe43b46bd441391895230,phase3bj_large_1min_009896,1,16,16,False,True,True,sidecar_context_formula,pure_fresh_cross,phase3bj_large_1min_surrogate,close|m1_first5_vwap|volume,"CSRank(Div(ZScore(Div(Sub($m1_first5_vwap,$close),Add(Abs($close),0.000001))),Add(Abs(ZScore(Sub(ZScore(Mean($volume,8)),ZScore(Mean($volume,45))))),0.000001)))",0.0386752669,0.03869361821,0.001926530938,0.0708901425,2311.5,1,0,1,0.0001048888815,0.6037170911,1,0.03869361821,0.0001048888815
58296da3e1e9a3896356dce0,phase3bj_large_1min_007981,15,16,16,False,True,True,sidecar_context_formula,pure_fresh_cross,phase3bj_large_1min_surrogate,amount|close,"CSRank(Div(ZScore(Div(Std($close,10),Add(Abs(Mean($close,10)),0.000001))),Add(Abs(ZScore(Sub(ZScore(Mean($amount,2)),ZScore(Mean($amount,60))))),0.000001)))",-0.03852424668,-0.03854584553,0.001230695383,0.09542458228,2340,0,1,1,-6.68394717e-05,0.4777510684,1,0.03854584553,6.68394717e-05
a1d5aff3961420d0039c92a9,phase3bj_large_1min_011393,5,16,16,False,True,True,sidecar_context_formula,pure_fresh_cross,phase3bj_large_1min_surrogate,amount|close|m1_first30_vwap|m1_first5_vol,"CSRank(Div(ZScore(Sub(ZScore($m1_first30_vwap),ZScore($close))),Add(Abs(ZScore(Sub(ZScore($m1_first5_vol),ZScore(Mean($amount,30))))),0.000001)))",0.03740059989,0.03853452069,0.003765915433,0.08320862025,2086,1,0,1,0.0001107019204,0.5624400767,1,0.03853452069,0.0001107019204
3e85b8c11b63cec74bf6a2da,phase3bj_large_1min_011086,1,16,16,False,True,True,sidecar_context_formula,pure_fresh_cross,phase3bj_large_1min_surrogate,amount|close|m1_first15_vol|m1_first15_vwap,"CSRank(Sub(ZScore(Sub(ZScore($m1_first15_vol),ZScore(Mean($amount,30)))),ZScore(Div(Sub($m1_first15_vwap,$close),Add(Abs($close),0.000001)))))",-0.03826370173,-0.03852638589,0.002471010548,0.07545314078,2227.5,0,1,1,-0.0001254468522,0.3832008509,1,0.03852638589,0.0001254468522
d42a2cbabb9e13a44b5324f9,phase3bj_large_1min_012968,15,16,16,False,True,True,sidecar_context_formula,pure_fresh_cross,phase3bj_large_1min_surrogate,amount|close,"CSRank(Add(ZScore(Sub(ZScore(Delta($amount,3)),ZScore(Delta($close,3)))),ZScore(Mul(ZScore(Delta($amount,3)),Neg(ZScore(Delta($close,3)))))))",0.03802972153,0.03843643772,0.002569915835,0.08755000293,2396,1,0,1,0.0002214183143,0.5647954925,1,0.03843643772,0.0002214183143
3b63c05f44de73d8bc831b83,phase3bj_large_1min_010744,15,16,16,False,True,True,sidecar_context_formula,pure_fresh_cross,phase3bj_large_1min_surrogate,close|m1_first30_vwap|volume,"CSRank(Add(ZScore(Div(Sub($m1_first30_vwap,$close),Add(Abs($close),0.000001))),ZScore(Sub(ZScore(Mean($volume,5)),ZScore(Mean($volume,45))))))",0.03838769296,0.03843183744,0.002233198082,0.09370919751,2073,1,0,1,0.0001112869806,0.5440183309,1,0.03843183744,0.0001112869806
08ea6b4e66516be1cb6879c0,phase3bj_large_1min_001497,15,16,16,False,True,True,sidecar_context_formula,micro_volatility,phase3bj_large_1min_surrogate,close,"CSRank(Div(Std($close,3),Add(Abs(Mean($close,3)),0.000001)))",-0.03842082417,-0.03838952777,0.000795992488,0.1092963369,2397,0,1,1,-0.0001568352644,0.4829051344,1,0.03838952777,0.0001568352644
3e85b8c11b63cec74bf6a2da,phase3bj_large_1min_011086,15,16,16,False,True,True,sidecar_context_formula,pure_fresh_cross,phase3bj_large_1min_surrogate,amount|close|m1_first15_vol|m1_first15_vwap,"CSRank(Sub(ZScore(Sub(ZScore($m1_first15_vol),ZScore(Mean($amount,30)))),ZScore(Div(Sub($m1_first15_vwap,$close),Add(Abs($close),0.000001)))))",-0.03851379552,-0.03835610248,0.003048312031,0.1047168762,2233,0,1,1,-0.0001822267773,0.4501791312,1,0.03835610248,0.0001822267773
9220fea0706b9b589b694441,phase3bj_large_1min_008014,15,16,16,False,True,True,sidecar_context_formula,pure_fresh_cross,phase3bj_large_1min_surrogate,close|m1_first5_vwap|volume,"CSRank(Add(ZScore(Sub(ZScore(Mean($volume,2)),ZScore(Mean($volume,10)))),ZScore(Div(Sub($m1_first5_vwap,$close),Add(Abs($close),0.000001)))))",0.03869184785,0.03833988325,0.00147432788,0.09423504576,2351,1,0,1,0.0001784987147,0.5487026797,1,0.03833988325,0.0001784987147
bfd1fd6e7536f0852862d3af,phase3bj_large_1min_001455,5,16,16,False,True,True,sidecar_context_formula,opening_vwap_residual,phase3bj_large_1min_surrogate,close|m1_first5_vwap,"CSRank(Sub(ZScore($m1_first5_vwap),ZScore($close)))",0.03772845258,0.03831647163,0.002931014179,0.08838792662,2359,1,0,1,0.0001438601729,0.5622880458,1,0.03831647163,0.0001438601729
02396e9171214ca38bee1a01,phase3bj_large_1min_001366,5,16,16,False,True,True,sidecar_context_formula,price_flow_divergence,phase3bj_large_1min_surrogate,amount|close,"CSRank(Sub(ZScore(Delta($amount,3)),ZScore(Delta($close,3))))",0.03849784554,0.0383049998,0.001977273328,0.08334113861,2396,1,0,1,0.000202991794,0.5874634808,1,0.0383049998,0.000202991794
ccbc5f94d7d602a0e776981b,phase3bj_large_1min_001364,15,16,16,False,True,True,sidecar_context_formula,price_flow_divergence,phase3bj_large_1min_surrogate,amount|close,"CSRank(Sub(ZScore(Delta($amount,2)),ZScore(Delta($close,2))))",0.03816640514,0.03830464352,0.002306437047,0.08977774325,2397,1,0,1,0.0002013591239,0.5647163121,1,0.03830464352,0.0002013591239
b43b89efd492e939ac2a7d35,phase3bj_large_1min_008005,30,16,16,False,True,True,sidecar_context_formula,pure_fresh_cross,phase3bj_large_1min_surrogate,amount|close|m1_first15_amount|m1_first5_vwap,"CSRank(Add(ZScore(Div(Sub($m1_first5_vwap,$close),Add(Abs($close),0.000001))),ZScore(Sub(ZScore($m1_first15_amount),ZScore(Mean($amount,30))))))",0.03815151667,0.03822221149,0.00249065661,0.1019417548,2232,1,0,1,0.0001748372603,0.5330981183,1,0.03822221149,0.0001748372603
5223e1f9915a361f6f4550fe,phase3bj_large_1min_011807,30,16,16,False,True,True,sidecar_context_formula,pure_fresh_cross,phase3bj_large_1min_surrogate,close,"CSRank(Add(ZScore(Sub(ZScore(Std($close,30)),ZScore(Std($close,90)))),ZScore(Div(Std($close,8),Add(Abs(Mean($close,8)),0.000001)))))",-0.03777626617,-0.03818871276,0.001701044722,0.09114558027,2309,0,1,1,-0.0001230825572,0.4650281507,1,0.03818871276,0.0001230825572
d4515d772acecb37595a0a72,phase3bj_large_1min_008485,15,16,16,False,True,True,sidecar_context_formula,pure_fresh_cross,phase3bj_large_1min_surrogate,close|m1_first30_vwap|volume,"CSRank(Sub(ZScore(Div(Sub($m1_first30_vwap,$close),Add(Abs($close),0.000001))),ZScore(Mul(ZScore(Delta($volume,5)),Neg(ZScore(Delta($close,5)))))))",0.03820293041,0.03817532132,0.002378212189,0.09985031969,2107,1,0,1,0.0001142382573,0.5435156621,1,0.03817532132,0.0001142382573
4cf69104924b101401bfbc89,phase3bj_large_1min_009505,15,16,16,False,True,True,sidecar_context_formula,pure_fresh_cross,phase3bj_large_1min_surrogate,close|m1_first30_vwap|volume|vwap,"CSRank(Sub(ZScore(Div(Sub($m1_first30_vwap,$close),Add(Abs($close),0.000001))),ZScore(Mul(ZScore(Delta($volume,10)),Neg(ZScore(Delta($vwap,10)))))))",0.03788403118,0.03816111076,0.00237611491,0.1005565317,2091,1,0,1,8.312724618e-05,0.5339849354,1,0.03816111076,8.312724618e-05
da6e7c081ce9e510c92826d8,phase3bj_large_1min_012564,30,16,16,False,True,True,sidecar_context_formula,pure_fresh_cross,phase3bj_large_1min_surrogate,amount|close,"CSRank(Add(ZScore(Sub(ZScore(Mean($amount,5)),ZScore(Mean($amount,10)))),ZScore(Div(Std($close,20),Add(Abs(Mean($close,20)),0.000001)))))",-0.0384795491,-0.03814907481,0.001611870349,0.0956426659,2379,0,1,1,1.471028899e-05,0.486785414,0.6875,0.03814907481,1.011332368e-05
2a330f7f52b8c8916fea1ae7,phase3bj_large_1min_011662,30,16,16,False,True,True,sidecar_context_formula,pure_fresh_cross,phase3bj_large_1min_surrogate,amount|close,"CSRank(Sub(ZScore(Div(Std($close,15),Add(Abs(Mean($close,15)),0.000001))),ZScore(Sub(ZScore(Mean($amount,1)),ZScore(Mean($amount,10))))))",-0.03873938386,-0.03812382506,0.00172513914,0.100334812,2373,0,1,1,-3.94146633e-05,0.4808786346,0.8125,0.03812382506,3.202441393e-05
9a1df2e5fb427e92a00a6082,phase3bj_large_1min_011269,30,16,16,False,True,True,sidecar_context_formula,pure_fresh_cross,phase3bj_large_1min_surrogate,amount|close,"CSRank(Sub(ZScore(Sub(ZScore(Mean($amount,1)),ZScore(Mean($amount,10)))),ZScore(Div(Std($close,15),Add(Abs(Mean($close,15)),0.000001)))))",0.03873938386,0.03812382506,0.00172513914,0.100334812,2373,1,0,1,4.191638859e-05,0.5186736199,0.8125,0.03812382506,3.405706573e-05
3cca0493ce73a77373115b6f,phase3bj_large_1min_009649,15,16,16,False,True,True,sidecar_context_formula,pure_fresh_cross,phase3bj_large_1min_surrogate,close|m1_first5_vwap|volume,"CSRank(Add(ZScore(Sub(ZScore(Mean($volume,2)),ZScore(Mean($volume,15)))),ZScore(Div(Sub($m1_first5_vwap,$close),Add(Abs($close),0.000001)))))",0.03823721461,0.03808885692,0.001477741593,0.09407202146,2347,1,0,1,0.0001656157732,0.5480134214,1,0.03808885692,0.0001656157732
78641a8de4ed3ea4fa166fa6,phase3bj_large_1min_007582,15,16,16,False,True,True,sidecar_context_formula,pure_fresh_cross,phase3bj_large_1min_surrogate,close|volume,"CSRank(Add(ZScore(Div(Delta($volume,8),Add(Abs(Add(Std($close,8),0.000001)),0.000001))),ZScore(Div(Std($close,5),Add(Abs(Mean($close,5)),0.000001)))))",-0.03803967187,-0.03806251314,0.0009858210116,0.1045793783,2391,0,1,1,-0.0001002855213,0.4861982434,1,0.03806251314,0.0001002855213
301a31c9f637b627e56de7fa,phase3bj_large_1min_008442,1,16,16,False,True,True,sidecar_context_formula,pure_fresh_cross,phase3bj_large_1min_surrogate,close|m1_first15_vwap|volume|vwap,"CSRank(Add(ZScore(Div(Delta($volume,30),Add(Abs(Add(Std($vwap,30),0.000001)),0.000001))),ZScore(Div(Sub($m1_first15_vwap,$close),Add(Abs($close),0.000001)))))",0.03871720478,0.03805911109,0.002261712232,0.07890215054,1919.875,1,0,1,0.0001234977859,0.5949194387,1,0.03805911109,0.0001234977859
7fa63e3d7a0d337ccdfc2b73,phase3bj_large_1min_010062,30,16,16,False,True,True,sidecar_context_formula,pure_fresh_cross,phase3bj_large_1min_surrogate,close|volume,"CSRank(Add(ZScore(Div(Std($close,10),Add(Abs(Mean($close,10)),0.000001))),ZScore(Div(Delta($volume,20),Add(Abs(Mean($volume,60)),0.000001)))))",-0.03804346668,-0.03802572425,0.001236485738,0.08440289264,2339,0,1,1,-0.0001082438666,0.4725844378,1,0.03802572425,0.0001082438666
121c394db39b3546d44824e2,phase3bj_large_1min_011999,30,16,16,False,True,True,sidecar_context_formula,pure_fresh_cross,phase3bj_large_1min_surrogate,close|volume,"CSRank(Sub(ZScore(Delta($volume,20)),ZScore(Div(Std($close,20),Add(Abs(Mean($close,20)),0.000001)))))",0.03773677089,0.03800859285,0.001427611361,0.1019283424,2378,1,0,1,1.624359991e-05,0.5126156434,0.6875,0.03800859285,1.116747493e-05
1622250ee7457817ff20f435,phase3bj_large_1min_006811,15,16,16,False,True,True,sidecar_context_formula,pure_fresh_cross,phase3bj_large_1min_surrogate,amount|close,"CSRank(Div(ZScore(Div(Std($close,10),Add(Abs(Mean($close,10)),0.000001))),Add(Abs(ZScore(Div(Mean($amount,3),Add(Abs(Mean($amount,60)),0.000001)))),0.000001)))",-0.0380502237,-0.03799557776,0.000994416275,0.0939671763,2340,0,1,1,-8.206055002e-05,0.4746794872,1,0.03799557776,8.206055002e-05
6c8d17fd5fc599eeecf138a5,phase3bj_large_1min_007983,15,16,16,False,True,True,sidecar_context_formula,pure_fresh_cross,phase3bj_large_1min_surrogate,amount|close,"CSRank(Div(ZScore(Div(Std($close,15),Add(Abs(Mean($close,15)),0.000001))),Add(Abs(ZScore(Delta($amount,20))),0.000001)))",-0.03788789239,-0.03797326365,0.001176587471,0.09515135425,2379,0,1,1,-2.627667493e-05,0.4838955443,0.75,0.03797326365,1.97075062e-05
301a31c9f637b627e56de7fa,phase3bj_large_1min_008442,15,16,16,False,True,True,sidecar_context_formula,pure_fresh_cross,phase3bj_large_1min_surrogate,close|m1_first15_vwap|volume|vwap,"CSRank(Add(ZScore(Div(Delta($volume,30),Add(Abs(Add(Std($vwap,30),0.000001)),0.000001))),ZScore(Div(Sub($m1_first15_vwap,$close),Add(Abs($close),0.000001)))))",0.03822699772,0.03792057523,0.002106056099,0.1062099743,1924,1,0,1,0.0001664215844,0.5426845114,1,0.03792057523,0.0001664215844
50e25ccf8962808911ba0d8e,phase3bj_large_1min_008266,5,16,16,False,True,True,sidecar_context_formula,pure_fresh_cross,phase3bj_large_1min_surrogate,amount|close|volume,"CSRank(Div(ZScore(Sub(ZScore(Delta($amount,2)),ZScore(Delta($close,2)))),Add(Abs(ZScore(Div(Delta($volume,8),Add(Abs(Mean($volume,20)),0.000001)))),0.000001)))",0.03795550038,0.03791771358,0.002653238456,0.0794086767,2380,1,0,1,0.0001870526082,0.5883403361,1,0.03791771358,0.0001870526082
f8c64fb2f6e561418546367b,phase3bj_large_1min_011891,15,16,16,False,True,True,sidecar_context_formula,pure_fresh_cross,phase3bj_large_1min_surrogate,amount|close,"CSRank(Div(ZScore(Div(Std($close,3),Add(Abs(Mean($close,3)),0.000001))),Add(Abs(ZScore(Sub(ZScore(Mean($amount,2)),ZScore(Mean($amount,60))))),0.000001)))",-0.03792123045,-0.03791179209,0.0009917780875,0.09853436266,2340,0,1,1,-0.0001164086996,0.4776976496,1,0.03791179209,0.0001164086996
79d3068fbb4e304eb5fbee48,phase3bj_large_1min_012338,30,16,16,False,True,True,sidecar_context_formula,pure_fresh_cross,phase3bj_large_1min_surrogate,amount|close|m1_first30_vwap,"CSRank(Div(ZScore(Div(Sub($m1_first30_vwap,$close),Add(Abs($close),0.000001))),Add(Abs(ZScore(Div(Delta($amount,8),Add(Abs(Mean($amount,45)),0.000001)))),0.000001)))",0.03719453882,0.03787614521,0.002552522649,0.1054921092,2072,1,0,1,0.0001350253699,0.5364985521,1,0.03787614521,0.0001350253699
b4175ea708aae9eab567b5f2,phase3bj_large_1min_010377,30,16,16,False,True,True,sidecar_context_formula,pure_fresh_cross,phase3bj_large_1min_surrogate,amount|close|m1_first15_vol,"CSRank(Add(ZScore(Div($m1_first15_vol,Add(Abs(Mean($amount,30)),0.000001))),ZScore(Div(Std($close,10),Add(Abs(Mean($close,10)),0.000001)))))",-0.03792394159,-0.03783653692,0.001416185459,0.08734575593,2232,0,1,1,-0.0001518692913,0.4659778226,1,0.03783653692,0.0001518692913
43951ae38eb949ad97dfbfbd,phase3bj_large_1min_009660,30,16,16,False,True,True,sidecar_context_formula,pure_fresh_cross,phase3bj_large_1min_surrogate,amount|close|m1_first30_vwap,"CSRank(Sub(ZScore(Mul(ZScore(Delta($amount,10)),Neg(ZScore(Delta($close,10))))),ZScore(Div(Sub($m1_first30_vwap,$close),Add(Abs($close),0.000001)))))",-0.03763832501,-0.03780244454,0.002828878888,0.107318279,2101,0,1,1,-9.128511835e-05,0.4670990005,0.875,0.03780244454,7.987447856e-05
90cc67b986d52c9d3281f361,phase3bj_large_1min_007076,15,16,16,False,True,True,sidecar_context_formula,pure_fresh_cross,phase3bj_large_1min_surrogate,amount|close,"CSRank(Div(ZScore(Div(Std($close,10),Add(Abs(Mean($close,10)),0.000001))),Add(Abs(ZScore(Delta($amount,2))),0.000001)))",-0.03751238314,-0.03778766602,0.001101584756,0.09524363754,2390,0,1,1,-8.557575128e-05,0.4744508368,1,0.03778766602,8.557575128e-05
7ce0927cc4deb3d77940420a,phase3bj_large_1min_009565,30,16,16,False,True,True,sidecar_context_formula,pure_fresh_cross,phase3bj_large_1min_surrogate,close|volume,"CSRank(Add(ZScore(Div(Delta($volume,5),Add(Abs(Mean($volume,45)),0.000001))),ZScore(Div(Std($close,30),Add(Abs(Mean($close,30)),0.000001)))))",-0.0375666374,-0.03769907256,0.001190177965,0.08964761616,2354,0,1,1,-1.320194756e-05,0.4871229822,0.625,0.03769907256,8.251217224e-06
c42ce58cb99ffa4e96782fb2,phase3bj_large_1min_006416,30,16,16,False,True,True,sidecar_context_formula,pure_fresh_cross,phase3bj_large_1min_surrogate,close|m1_first30_vwap|volume,"CSRank(Sub(ZScore(Div(Sub($m1_first30_vwap,$close),Add(Abs($close),0.000001))),ZScore(Div(Delta($volume,10),Add(Abs(Add(Std($close,10),0.000001)),0.000001)))))",0.0372771238,0.03767531672,0.002311277738,0.1040647847,2101,1,0,1,0.000133700512,0.533644693,1,0.03767531672,0.000133700512
b0f51d0d7c7a0eeae72feb5b,phase3bj_large_1min_001408,1,16,16,False,True,True,sidecar_context_formula,price_flow_divergence,phase3bj_large_1min_surrogate,close|volume,"CSRank(Sub(ZScore(Delta($volume,2)),ZScore(Delta($close,2))))",0.03737611988,0.03759714902,0.002467453441,0.07031189727,2391.5,1,0,1,0.0001346691312,0.613240509,1,0.03759714902,0.0001346691312
