source_root,dataset,field_name,field_family,route,visibility_class,selector_role,recommended_transforms,priority,pit_rule,system_destination,next_action
cn_fundamental_akshare_batch_v1_20260531\aggregated_v1,balance_sheet_report_em,ACCEPT_DEPOSIT,other,announcement_pit_feature,notice_or_disclosure_lagged,candidate_after_pit_contract,lagged_level|rank_xsection|zscore,low,use notice/disclosure date plus conservative next-trading-day lag,nonminute_pit_context_panel_then_integrated_factor_pack,eligible_for_bulk_transform_plan
cn_fundamental_akshare_batch_v1_20260531\aggregated_v1,balance_sheet_report_em,ACCEPT_DEPOSIT_INTERBANK,other,announcement_pit_feature,notice_or_disclosure_lagged,candidate_after_pit_contract,lagged_level|rank_xsection|zscore,low,use notice/disclosure date plus conservative next-trading-day lag,nonminute_pit_context_panel_then_integrated_factor_pack,eligible_for_bulk_transform_plan
cn_fundamental_akshare_batch_v1_20260531\aggregated_v1,balance_sheet_report_em,ACCEPT_DEPOSIT_INTERBANK_YOY,other,announcement_pit_feature,notice_or_disclosure_lagged,candidate_after_pit_contract,lagged_level|rank_xsection|zscore,low,use notice/disclosure date plus conservative next-trading-day lag,nonminute_pit_context_panel_then_integrated_factor_pack,eligible_for_bulk_transform_plan
cn_fundamental_akshare_batch_v1_20260531\aggregated_v1,balance_sheet_report_em,ACCEPT_DEPOSIT_YOY,other,announcement_pit_feature,notice_or_disclosure_lagged,candidate_after_pit_contract,lagged_level|rank_xsection|zscore,low,use notice/disclosure date plus conservative next-trading-day lag,nonminute_pit_context_panel_then_integrated_factor_pack,eligible_for_bulk_transform_plan
cn_fundamental_akshare_batch_v1_20260531\aggregated_v1,balance_sheet_report_em,ACCOUNTS_PAYABLE,other,announcement_pit_feature,notice_or_disclosure_lagged,candidate_after_pit_contract,lagged_level|rank_xsection|zscore,low,use notice/disclosure date plus conservative next-trading-day lag,nonminute_pit_context_panel_then_integrated_factor_pack,eligible_for_bulk_transform_plan
cn_fundamental_akshare_batch_v1_20260531\aggregated_v1,balance_sheet_report_em,ACCOUNTS_PAYABLE_YOY,other,announcement_pit_feature,notice_or_disclosure_lagged,candidate_after_pit_contract,lagged_level|rank_xsection|zscore,low,use notice/disclosure date plus conservative next-trading-day lag,nonminute_pit_context_panel_then_integrated_factor_pack,eligible_for_bulk_transform_plan
cn_fundamental_akshare_batch_v1_20260531\aggregated_v1,balance_sheet_report_em,ACCOUNTS_RECE,other,announcement_pit_feature,notice_or_disclosure_lagged,candidate_after_pit_contract,lagged_level|rank_xsection|zscore,low,use notice/disclosure date plus conservative next-trading-day lag,nonminute_pit_context_panel_then_integrated_factor_pack,eligible_for_bulk_transform_plan
cn_fundamental_akshare_batch_v1_20260531\aggregated_v1,balance_sheet_report_em,ACCOUNTS_RECE_YOY,other,announcement_pit_feature,notice_or_disclosure_lagged,candidate_after_pit_contract,lagged_level|rank_xsection|zscore,low,use notice/disclosure date plus conservative next-trading-day lag,nonminute_pit_context_panel_then_integrated_factor_pack,eligible_for_bulk_transform_plan
cn_fundamental_akshare_batch_v1_20260531\aggregated_v1,balance_sheet_report_em,ACCRUED_EXPENSE,other,announcement_pit_feature,notice_or_disclosure_lagged,candidate_after_pit_contract,lagged_level|rank_xsection|zscore,low,use notice/disclosure date plus conservative next-trading-day lag,nonminute_pit_context_panel_then_integrated_factor_pack,eligible_for_bulk_transform_plan
cn_fundamental_akshare_batch_v1_20260531\aggregated_v1,balance_sheet_report_em,ACCRUED_EXPENSE_YOY,other,announcement_pit_feature,notice_or_disclosure_lagged,candidate_after_pit_contract,lagged_level|rank_xsection|zscore,low,use notice/disclosure date plus conservative next-trading-day lag,nonminute_pit_context_panel_then_integrated_factor_pack,eligible_for_bulk_transform_plan
cn_fundamental_akshare_batch_v1_20260531\aggregated_v1,balance_sheet_report_em,ADVANCE_PREMIUM,other,announcement_pit_feature,notice_or_disclosure_lagged,candidate_after_pit_contract,lagged_level|rank_xsection|zscore,low,use notice/disclosure date plus conservative next-trading-day lag,nonminute_pit_context_panel_then_integrated_factor_pack,eligible_for_bulk_transform_plan
cn_fundamental_akshare_batch_v1_20260531\aggregated_v1,balance_sheet_report_em,ADVANCE_PREMIUM_YOY,other,announcement_pit_feature,notice_or_disclosure_lagged,candidate_after_pit_contract,lagged_level|rank_xsection|zscore,low,use notice/disclosure date plus conservative next-trading-day lag,nonminute_pit_context_panel_then_integrated_factor_pack,eligible_for_bulk_transform_plan
cn_fundamental_akshare_batch_v1_20260531\aggregated_v1,balance_sheet_report_em,ADVANCE_RECE,other,announcement_pit_feature,notice_or_disclosure_lagged,candidate_after_pit_contract,lagged_level|rank_xsection|zscore,low,use notice/disclosure date plus conservative next-trading-day lag,nonminute_pit_context_panel_then_integrated_factor_pack,eligible_for_bulk_transform_plan
cn_fundamental_akshare_batch_v1_20260531\aggregated_v1,balance_sheet_report_em,ADVANCE_RECEIVABLES,other,announcement_pit_feature,notice_or_disclosure_lagged,candidate_after_pit_contract,lagged_level|rank_xsection|zscore,low,use notice/disclosure date plus conservative next-trading-day lag,nonminute_pit_context_panel_then_integrated_factor_pack,eligible_for_bulk_transform_plan
cn_fundamental_akshare_batch_v1_20260531\aggregated_v1,balance_sheet_report_em,ADVANCE_RECEIVABLES_YOY,other,announcement_pit_feature,notice_or_disclosure_lagged,candidate_after_pit_contract,lagged_level|rank_xsection|zscore,low,use notice/disclosure date plus conservative next-trading-day lag,nonminute_pit_context_panel_then_integrated_factor_pack,eligible_for_bulk_transform_plan
cn_fundamental_akshare_batch_v1_20260531\aggregated_v1,balance_sheet_report_em,ADVANCE_RECE_YOY,other,announcement_pit_feature,notice_or_disclosure_lagged,candidate_after_pit_contract,lagged_level|rank_xsection|zscore,low,use notice/disclosure date plus conservative next-trading-day lag,nonminute_pit_context_panel_then_integrated_factor_pack,eligible_for_bulk_transform_plan
cn_fundamental_akshare_batch_v1_20260531\aggregated_v1,balance_sheet_report_em,ADVICE_ASSIGN_DIVIDEND,holder_corporate_action,announcement_pit_feature,notice_or_disclosure_lagged,candidate_after_pit_contract,announcement_lagged_latest|holder_change|holder_ratio|event_age|rank_xsection,medium,use notice/disclosure date plus conservative next-trading-day lag,nonminute_pit_context_panel_then_integrated_factor_pack,eligible_for_bulk_transform_plan
cn_fundamental_akshare_batch_v1_20260531\aggregated_v1,balance_sheet_report_em,ADVICE_ASSIGN_DIVIDEND_YOY,holder_corporate_action,announcement_pit_feature,notice_or_disclosure_lagged,candidate_after_pit_contract,announcement_lagged_latest|holder_change|holder_ratio|event_age|rank_xsection,medium,use notice/disclosure date plus conservative next-trading-day lag,nonminute_pit_context_panel_then_integrated_factor_pack,eligible_for_bulk_transform_plan
cn_fundamental_akshare_batch_v1_20260531\aggregated_v1,balance_sheet_report_em,AGENT_BUSINESS_ASSET,fundamental_quality_risk,announcement_pit_feature,notice_or_disclosure_lagged,candidate_after_pit_contract,notice_lagged_latest|quarter_delta|ttm_proxy|ratio|winsorized_rank|quality_minus_risk,medium,use notice/disclosure date plus conservative next-trading-day lag,nonminute_pit_context_panel_then_integrated_factor_pack,eligible_for_bulk_transform_plan
cn_fundamental_akshare_batch_v1_20260531\aggregated_v1,balance_sheet_report_em,AGENT_BUSINESS_ASSET_YOY,fundamental_quality_risk,announcement_pit_feature,notice_or_disclosure_lagged,candidate_after_pit_contract,notice_lagged_latest|quarter_delta|ttm_proxy|ratio|winsorized_rank|quality_minus_risk,medium,use notice/disclosure date plus conservative next-trading-day lag,nonminute_pit_context_panel_then_integrated_factor_pack,eligible_for_bulk_transform_plan
cn_fundamental_akshare_batch_v1_20260531\aggregated_v1,balance_sheet_report_em,AGENT_BUSINESS_LIAB,fundamental_quality_risk,announcement_pit_feature,notice_or_disclosure_lagged,candidate_after_pit_contract,notice_lagged_latest|quarter_delta|ttm_proxy|ratio|winsorized_rank|quality_minus_risk,medium,use notice/disclosure date plus conservative next-trading-day lag,nonminute_pit_context_panel_then_integrated_factor_pack,eligible_for_bulk_transform_plan
cn_fundamental_akshare_batch_v1_20260531\aggregated_v1,balance_sheet_report_em,AGENT_BUSINESS_LIAB_YOY,fundamental_quality_risk,announcement_pit_feature,notice_or_disclosure_lagged,candidate_after_pit_contract,notice_lagged_latest|quarter_delta|ttm_proxy|ratio|winsorized_rank|quality_minus_risk,medium,use notice/disclosure date plus conservative next-trading-day lag,nonminute_pit_context_panel_then_integrated_factor_pack,eligible_for_bulk_transform_plan
cn_fundamental_akshare_batch_v1_20260531\aggregated_v1,balance_sheet_report_em,AGENT_TRADE_SECURITY,other,announcement_pit_feature,notice_or_disclosure_lagged,candidate_after_pit_contract,lagged_level|rank_xsection|zscore,low,use notice/disclosure date plus conservative next-trading-day lag,nonminute_pit_context_panel_then_integrated_factor_pack,eligible_for_bulk_transform_plan
cn_fundamental_akshare_batch_v1_20260531\aggregated_v1,balance_sheet_report_em,AGENT_TRADE_SECURITY_YOY,other,announcement_pit_feature,notice_or_disclosure_lagged,candidate_after_pit_contract,lagged_level|rank_xsection|zscore,low,use notice/disclosure date plus conservative next-trading-day lag,nonminute_pit_context_panel_then_integrated_factor_pack,eligible_for_bulk_transform_plan
cn_fundamental_akshare_batch_v1_20260531\aggregated_v1,balance_sheet_report_em,AGENT_UNDERWRITE_SECURITY,other,announcement_pit_feature,notice_or_disclosure_lagged,candidate_after_pit_contract,lagged_level|rank_xsection|zscore,low,use notice/disclosure date plus conservative next-trading-day lag,nonminute_pit_context_panel_then_integrated_factor_pack,eligible_for_bulk_transform_plan
cn_fundamental_akshare_batch_v1_20260531\aggregated_v1,balance_sheet_report_em,AGENT_UNDERWRITE_SECURITY_YOY,other,announcement_pit_feature,notice_or_disclosure_lagged,candidate_after_pit_contract,lagged_level|rank_xsection|zscore,low,use notice/disclosure date plus conservative next-trading-day lag,nonminute_pit_context_panel_then_integrated_factor_pack,eligible_for_bulk_transform_plan
cn_fundamental_akshare_batch_v1_20260531\aggregated_v1,balance_sheet_report_em,AMORTIZE_COST_FINASSET,fundamental_quality_risk,announcement_pit_feature,notice_or_disclosure_lagged,candidate_after_pit_contract,notice_lagged_latest|quarter_delta|ttm_proxy|ratio|winsorized_rank|quality_minus_risk,medium,use notice/disclosure date plus conservative next-trading-day lag,nonminute_pit_context_panel_then_integrated_factor_pack,eligible_for_bulk_transform_plan
cn_fundamental_akshare_batch_v1_20260531\aggregated_v1,balance_sheet_report_em,AMORTIZE_COST_FINASSET_YOY,fundamental_quality_risk,announcement_pit_feature,notice_or_disclosure_lagged,candidate_after_pit_contract,notice_lagged_latest|quarter_delta|ttm_proxy|ratio|winsorized_rank|quality_minus_risk,medium,use notice/disclosure date plus conservative next-trading-day lag,nonminute_pit_context_panel_then_integrated_factor_pack,eligible_for_bulk_transform_plan
cn_fundamental_akshare_batch_v1_20260531\aggregated_v1,balance_sheet_report_em,AMORTIZE_COST_FINLIAB,fundamental_quality_risk,announcement_pit_feature,notice_or_disclosure_lagged,candidate_after_pit_contract,notice_lagged_latest|quarter_delta|ttm_proxy|ratio|winsorized_rank|quality_minus_risk,medium,use notice/disclosure date plus conservative next-trading-day lag,nonminute_pit_context_panel_then_integrated_factor_pack,eligible_for_bulk_transform_plan
cn_fundamental_akshare_batch_v1_20260531\aggregated_v1,balance_sheet_report_em,AMORTIZE_COST_FINLIAB_YOY,fundamental_quality_risk,announcement_pit_feature,notice_or_disclosure_lagged,candidate_after_pit_contract,notice_lagged_latest|quarter_delta|ttm_proxy|ratio|winsorized_rank|quality_minus_risk,medium,use notice/disclosure date plus conservative next-trading-day lag,nonminute_pit_context_panel_then_integrated_factor_pack,eligible_for_bulk_transform_plan
cn_fundamental_akshare_batch_v1_20260531\aggregated_v1,balance_sheet_report_em,AMORTIZE_COST_NCFINASSET,fundamental_quality_risk,announcement_pit_feature,notice_or_disclosure_lagged,candidate_after_pit_contract,notice_lagged_latest|quarter_delta|ttm_proxy|ratio|winsorized_rank|quality_minus_risk,medium,use notice/disclosure date plus conservative next-trading-day lag,nonminute_pit_context_panel_then_integrated_factor_pack,eligible_for_bulk_transform_plan
cn_fundamental_akshare_batch_v1_20260531\aggregated_v1,balance_sheet_report_em,AMORTIZE_COST_NCFINASSET_YOY,fundamental_quality_risk,announcement_pit_feature,notice_or_disclosure_lagged,candidate_after_pit_contract,notice_lagged_latest|quarter_delta|ttm_proxy|ratio|winsorized_rank|quality_minus_risk,medium,use notice/disclosure date plus conservative next-trading-day lag,nonminute_pit_context_panel_then_integrated_factor_pack,eligible_for_bulk_transform_plan
cn_fundamental_akshare_batch_v1_20260531\aggregated_v1,balance_sheet_report_em,AMORTIZE_COST_NCFINLIAB,fundamental_quality_risk,announcement_pit_feature,notice_or_disclosure_lagged,candidate_after_pit_contract,notice_lagged_latest|quarter_delta|ttm_proxy|ratio|winsorized_rank|quality_minus_risk,medium,use notice/disclosure date plus conservative next-trading-day lag,nonminute_pit_context_panel_then_integrated_factor_pack,eligible_for_bulk_transform_plan
cn_fundamental_akshare_batch_v1_20260531\aggregated_v1,balance_sheet_report_em,AMORTIZE_COST_NCFINLIAB_YOY,fundamental_quality_risk,announcement_pit_feature,notice_or_disclosure_lagged,candidate_after_pit_contract,notice_lagged_latest|quarter_delta|ttm_proxy|ratio|winsorized_rank|quality_minus_risk,medium,use notice/disclosure date plus conservative next-trading-day lag,nonminute_pit_context_panel_then_integrated_factor_pack,eligible_for_bulk_transform_plan
cn_fundamental_akshare_batch_v1_20260531\aggregated_v1,balance_sheet_report_em,APPOINT_FVTPL_FINASSET,fundamental_quality_risk,announcement_pit_feature,notice_or_disclosure_lagged,candidate_after_pit_contract,notice_lagged_latest|quarter_delta|ttm_proxy|ratio|winsorized_rank|quality_minus_risk,medium,use notice/disclosure date plus conservative next-trading-day lag,nonminute_pit_context_panel_then_integrated_factor_pack,eligible_for_bulk_transform_plan
cn_fundamental_akshare_batch_v1_20260531\aggregated_v1,balance_sheet_report_em,APPOINT_FVTPL_FINASSET_YOY,fundamental_quality_risk,announcement_pit_feature,notice_or_disclosure_lagged,candidate_after_pit_contract,notice_lagged_latest|quarter_delta|ttm_proxy|ratio|winsorized_rank|quality_minus_risk,medium,use notice/disclosure date plus conservative next-trading-day lag,nonminute_pit_context_panel_then_integrated_factor_pack,eligible_for_bulk_transform_plan
cn_fundamental_akshare_batch_v1_20260531\aggregated_v1,balance_sheet_report_em,APPOINT_FVTPL_FINLIAB,fundamental_quality_risk,announcement_pit_feature,notice_or_disclosure_lagged,candidate_after_pit_contract,notice_lagged_latest|quarter_delta|ttm_proxy|ratio|winsorized_rank|quality_minus_risk,medium,use notice/disclosure date plus conservative next-trading-day lag,nonminute_pit_context_panel_then_integrated_factor_pack,eligible_for_bulk_transform_plan
cn_fundamental_akshare_batch_v1_20260531\aggregated_v1,balance_sheet_report_em,APPOINT_FVTPL_FINLIAB_YOY,fundamental_quality_risk,announcement_pit_feature,notice_or_disclosure_lagged,candidate_after_pit_contract,notice_lagged_latest|quarter_delta|ttm_proxy|ratio|winsorized_rank|quality_minus_risk,medium,use notice/disclosure date plus conservative next-trading-day lag,nonminute_pit_context_panel_then_integrated_factor_pack,eligible_for_bulk_transform_plan
cn_fundamental_akshare_batch_v1_20260531\aggregated_v1,balance_sheet_report_em,ASSET_BALANCE,fundamental_quality_risk,announcement_pit_feature,notice_or_disclosure_lagged,candidate_after_pit_contract,notice_lagged_latest|quarter_delta|ttm_proxy|ratio|winsorized_rank|quality_minus_risk,medium,use notice/disclosure date plus conservative next-trading-day lag,nonminute_pit_context_panel_then_integrated_factor_pack,eligible_for_bulk_transform_plan
cn_fundamental_akshare_batch_v1_20260531\aggregated_v1,balance_sheet_report_em,ASSET_BALANCE_YOY,fundamental_quality_risk,announcement_pit_feature,notice_or_disclosure_lagged,candidate_after_pit_contract,notice_lagged_latest|quarter_delta|ttm_proxy|ratio|winsorized_rank|quality_minus_risk,medium,use notice/disclosure date plus conservative next-trading-day lag,nonminute_pit_context_panel_then_integrated_factor_pack,eligible_for_bulk_transform_plan
cn_fundamental_akshare_batch_v1_20260531\aggregated_v1,balance_sheet_report_em,ASSET_OTHER,fundamental_quality_risk,announcement_pit_feature,notice_or_disclosure_lagged,candidate_after_pit_contract,notice_lagged_latest|quarter_delta|ttm_proxy|ratio|winsorized_rank|quality_minus_risk,medium,use notice/disclosure date plus conservative next-trading-day lag,nonminute_pit_context_panel_then_integrated_factor_pack,eligible_for_bulk_transform_plan
cn_fundamental_akshare_batch_v1_20260531\aggregated_v1,balance_sheet_report_em,ASSET_OTHER_YOY,fundamental_quality_risk,announcement_pit_feature,notice_or_disclosure_lagged,candidate_after_pit_contract,notice_lagged_latest|quarter_delta|ttm_proxy|ratio|winsorized_rank|quality_minus_risk,medium,use notice/disclosure date plus conservative next-trading-day lag,nonminute_pit_context_panel_then_integrated_factor_pack,eligible_for_bulk_transform_plan
cn_fundamental_akshare_batch_v1_20260531\aggregated_v1,balance_sheet_report_em,ASSIGN_CASH_DIVIDEND,fundamental_quality_risk,announcement_pit_feature,notice_or_disclosure_lagged,candidate_after_pit_contract,notice_lagged_latest|quarter_delta|ttm_proxy|ratio|winsorized_rank|quality_minus_risk,medium,use notice/disclosure date plus conservative next-trading-day lag,nonminute_pit_context_panel_then_integrated_factor_pack,eligible_for_bulk_transform_plan
cn_fundamental_akshare_batch_v1_20260531\aggregated_v1,balance_sheet_report_em,ASSIGN_CASH_DIVIDEND_YOY,fundamental_quality_risk,announcement_pit_feature,notice_or_disclosure_lagged,candidate_after_pit_contract,notice_lagged_latest|quarter_delta|ttm_proxy|ratio|winsorized_rank|quality_minus_risk,medium,use notice/disclosure date plus conservative next-trading-day lag,nonminute_pit_context_panel_then_integrated_factor_pack,eligible_for_bulk_transform_plan
cn_fundamental_akshare_batch_v1_20260531\aggregated_v1,balance_sheet_report_em,AVAILABLE_SALE_FINASSET,fundamental_quality_risk,announcement_pit_feature,notice_or_disclosure_lagged,candidate_after_pit_contract,notice_lagged_latest|quarter_delta|ttm_proxy|ratio|winsorized_rank|quality_minus_risk,medium,use notice/disclosure date plus conservative next-trading-day lag,nonminute_pit_context_panel_then_integrated_factor_pack,eligible_for_bulk_transform_plan
cn_fundamental_akshare_batch_v1_20260531\aggregated_v1,balance_sheet_report_em,AVAILABLE_SALE_FINASSET_YOY,fundamental_quality_risk,announcement_pit_feature,notice_or_disclosure_lagged,candidate_after_pit_contract,notice_lagged_latest|quarter_delta|ttm_proxy|ratio|winsorized_rank|quality_minus_risk,medium,use notice/disclosure date plus conservative next-trading-day lag,nonminute_pit_context_panel_then_integrated_factor_pack,eligible_for_bulk_transform_plan
cn_fundamental_akshare_batch_v1_20260531\aggregated_v1,balance_sheet_report_em,BOND_PAYABLE,other,announcement_pit_feature,notice_or_disclosure_lagged,candidate_after_pit_contract,lagged_level|rank_xsection|zscore,low,use notice/disclosure date plus conservative next-trading-day lag,nonminute_pit_context_panel_then_integrated_factor_pack,eligible_for_bulk_transform_plan
cn_fundamental_akshare_batch_v1_20260531\aggregated_v1,balance_sheet_report_em,BOND_PAYABLE_YOY,other,announcement_pit_feature,notice_or_disclosure_lagged,candidate_after_pit_contract,lagged_level|rank_xsection|zscore,low,use notice/disclosure date plus conservative next-trading-day lag,nonminute_pit_context_panel_then_integrated_factor_pack,eligible_for_bulk_transform_plan
cn_fundamental_akshare_batch_v1_20260531\aggregated_v1,balance_sheet_report_em,BORROW_FUND,other,announcement_pit_feature,notice_or_disclosure_lagged,candidate_after_pit_contract,lagged_level|rank_xsection|zscore,low,use notice/disclosure date plus conservative next-trading-day lag,nonminute_pit_context_panel_then_integrated_factor_pack,eligible_for_bulk_transform_plan
cn_fundamental_akshare_batch_v1_20260531\aggregated_v1,balance_sheet_report_em,BORROW_FUND_YOY,other,announcement_pit_feature,notice_or_disclosure_lagged,candidate_after_pit_contract,lagged_level|rank_xsection|zscore,low,use notice/disclosure date plus conservative next-trading-day lag,nonminute_pit_context_panel_then_integrated_factor_pack,eligible_for_bulk_transform_plan
cn_fundamental_akshare_batch_v1_20260531\aggregated_v1,balance_sheet_report_em,BUY_RESALE_FINASSET,fundamental_quality_risk,announcement_pit_feature,notice_or_disclosure_lagged,candidate_after_pit_contract,notice_lagged_latest|quarter_delta|ttm_proxy|ratio|winsorized_rank|quality_minus_risk,medium,use notice/disclosure date plus conservative next-trading-day lag,nonminute_pit_context_panel_then_integrated_factor_pack,eligible_for_bulk_transform_plan
cn_fundamental_akshare_batch_v1_20260531\aggregated_v1,balance_sheet_report_em,BUY_RESALE_FINASSET_YOY,fundamental_quality_risk,announcement_pit_feature,notice_or_disclosure_lagged,candidate_after_pit_contract,notice_lagged_latest|quarter_delta|ttm_proxy|ratio|winsorized_rank|quality_minus_risk,medium,use notice/disclosure date plus conservative next-trading-day lag,nonminute_pit_context_panel_then_integrated_factor_pack,eligible_for_bulk_transform_plan
cn_fundamental_akshare_batch_v1_20260531\aggregated_v1,balance_sheet_report_em,CAPITAL_RESERVE,capacity_size,announcement_pit_feature,notice_or_disclosure_lagged,candidate_after_pit_contract,lagged_level|rank_xsection|capacity_bucket|liquidity_capacity_interaction|small_capacity_guard,high,use notice/disclosure date plus conservative next-trading-day lag,nonminute_pit_context_panel_then_integrated_factor_pack,add capacity-aware filter templates and book-readiness metrics
cn_fundamental_akshare_batch_v1_20260531\aggregated_v1,balance_sheet_report_em,CAPITAL_RESERVE_YOY,capacity_size,announcement_pit_feature,notice_or_disclosure_lagged,candidate_after_pit_contract,lagged_level|rank_xsection|capacity_bucket|liquidity_capacity_interaction|small_capacity_guard,high,use notice/disclosure date plus conservative next-trading-day lag,nonminute_pit_context_panel_then_integrated_factor_pack,add capacity-aware filter templates and book-readiness metrics
cn_fundamental_akshare_batch_v1_20260531\aggregated_v1,balance_sheet_report_em,CASH_DEPOSIT_PBC,fundamental_quality_risk,announcement_pit_feature,notice_or_disclosure_lagged,candidate_after_pit_contract,notice_lagged_latest|quarter_delta|ttm_proxy|ratio|winsorized_rank|quality_minus_risk,medium,use notice/disclosure date plus conservative next-trading-day lag,nonminute_pit_context_panel_then_integrated_factor_pack,eligible_for_bulk_transform_plan
cn_fundamental_akshare_batch_v1_20260531\aggregated_v1,balance_sheet_report_em,CASH_DEPOSIT_PBC_YOY,fundamental_quality_risk,announcement_pit_feature,notice_or_disclosure_lagged,candidate_after_pit_contract,notice_lagged_latest|quarter_delta|ttm_proxy|ratio|winsorized_rank|quality_minus_risk,medium,use notice/disclosure date plus conservative next-trading-day lag,nonminute_pit_context_panel_then_integrated_factor_pack,eligible_for_bulk_transform_plan
cn_fundamental_akshare_batch_v1_20260531\aggregated_v1,balance_sheet_report_em,CD_NOTE_PAYABLE,other,announcement_pit_feature,notice_or_disclosure_lagged,candidate_after_pit_contract,lagged_level|rank_xsection|zscore,low,use notice/disclosure date plus conservative next-trading-day lag,nonminute_pit_context_panel_then_integrated_factor_pack,eligible_for_bulk_transform_plan
cn_fundamental_akshare_batch_v1_20260531\aggregated_v1,balance_sheet_report_em,CD_NOTE_PAYABLE_YOY,other,announcement_pit_feature,notice_or_disclosure_lagged,candidate_after_pit_contract,lagged_level|rank_xsection|zscore,low,use notice/disclosure date plus conservative next-trading-day lag,nonminute_pit_context_panel_then_integrated_factor_pack,eligible_for_bulk_transform_plan
cn_fundamental_akshare_batch_v1_20260531\aggregated_v1,balance_sheet_report_em,CIP,other,announcement_pit_feature,notice_or_disclosure_lagged,candidate_after_pit_contract,lagged_level|rank_xsection|zscore,low,use notice/disclosure date plus conservative next-trading-day lag,nonminute_pit_context_panel_then_integrated_factor_pack,eligible_for_bulk_transform_plan
cn_fundamental_akshare_batch_v1_20260531\aggregated_v1,balance_sheet_report_em,CIP_YOY,other,announcement_pit_feature,notice_or_disclosure_lagged,candidate_after_pit_contract,lagged_level|rank_xsection|zscore,low,use notice/disclosure date plus conservative next-trading-day lag,nonminute_pit_context_panel_then_integrated_factor_pack,eligible_for_bulk_transform_plan
cn_fundamental_akshare_batch_v1_20260531\aggregated_v1,balance_sheet_report_em,COMPENSATE_PAYABLE,other,announcement_pit_feature,notice_or_disclosure_lagged,candidate_after_pit_contract,lagged_level|rank_xsection|zscore,low,use notice/disclosure date plus conservative next-trading-day lag,nonminute_pit_context_panel_then_integrated_factor_pack,eligible_for_bulk_transform_plan
cn_fundamental_akshare_batch_v1_20260531\aggregated_v1,balance_sheet_report_em,COMPENSATE_PAYABLE_YOY,other,announcement_pit_feature,notice_or_disclosure_lagged,candidate_after_pit_contract,lagged_level|rank_xsection|zscore,low,use notice/disclosure date plus conservative next-trading-day lag,nonminute_pit_context_panel_then_integrated_factor_pack,eligible_for_bulk_transform_plan
cn_fundamental_akshare_batch_v1_20260531\aggregated_v1,balance_sheet_report_em,CONSUMPTIVE_BIOLOGICAL_ASSET,fundamental_quality_risk,announcement_pit_feature,notice_or_disclosure_lagged,candidate_after_pit_contract,notice_lagged_latest|quarter_delta|ttm_proxy|ratio|winsorized_rank|quality_minus_risk,medium,use notice/disclosure date plus conservative next-trading-day lag,nonminute_pit_context_panel_then_integrated_factor_pack,eligible_for_bulk_transform_plan
cn_fundamental_akshare_batch_v1_20260531\aggregated_v1,balance_sheet_report_em,CONSUMPTIVE_BIOLOGICAL_ASSET_YOY,fundamental_quality_risk,announcement_pit_feature,notice_or_disclosure_lagged,candidate_after_pit_contract,notice_lagged_latest|quarter_delta|ttm_proxy|ratio|winsorized_rank|quality_minus_risk,medium,use notice/disclosure date plus conservative next-trading-day lag,nonminute_pit_context_panel_then_integrated_factor_pack,eligible_for_bulk_transform_plan
cn_fundamental_akshare_batch_v1_20260531\aggregated_v1,balance_sheet_report_em,CONTRACT_ASSET,fundamental_quality_risk,announcement_pit_feature,notice_or_disclosure_lagged,candidate_after_pit_contract,notice_lagged_latest|quarter_delta|ttm_proxy|ratio|winsorized_rank|quality_minus_risk,medium,use notice/disclosure date plus conservative next-trading-day lag,nonminute_pit_context_panel_then_integrated_factor_pack,eligible_for_bulk_transform_plan
cn_fundamental_akshare_batch_v1_20260531\aggregated_v1,balance_sheet_report_em,CONTRACT_ASSET_YOY,fundamental_quality_risk,announcement_pit_feature,notice_or_disclosure_lagged,candidate_after_pit_contract,notice_lagged_latest|quarter_delta|ttm_proxy|ratio|winsorized_rank|quality_minus_risk,medium,use notice/disclosure date plus conservative next-trading-day lag,nonminute_pit_context_panel_then_integrated_factor_pack,eligible_for_bulk_transform_plan
cn_fundamental_akshare_batch_v1_20260531\aggregated_v1,balance_sheet_report_em,CONTRACT_LIAB,fundamental_quality_risk,announcement_pit_feature,notice_or_disclosure_lagged,candidate_after_pit_contract,notice_lagged_latest|quarter_delta|ttm_proxy|ratio|winsorized_rank|quality_minus_risk,medium,use notice/disclosure date plus conservative next-trading-day lag,nonminute_pit_context_panel_then_integrated_factor_pack,eligible_for_bulk_transform_plan
cn_fundamental_akshare_batch_v1_20260531\aggregated_v1,balance_sheet_report_em,CONTRACT_LIAB_YOY,fundamental_quality_risk,announcement_pit_feature,notice_or_disclosure_lagged,candidate_after_pit_contract,notice_lagged_latest|quarter_delta|ttm_proxy|ratio|winsorized_rank|quality_minus_risk,medium,use notice/disclosure date plus conservative next-trading-day lag,nonminute_pit_context_panel_then_integrated_factor_pack,eligible_for_bulk_transform_plan
cn_fundamental_akshare_batch_v1_20260531\aggregated_v1,balance_sheet_report_em,CONVERT_DIFF,other,announcement_pit_feature,notice_or_disclosure_lagged,candidate_after_pit_contract,lagged_level|rank_xsection|zscore,low,use notice/disclosure date plus conservative next-trading-day lag,nonminute_pit_context_panel_then_integrated_factor_pack,eligible_for_bulk_transform_plan
cn_fundamental_akshare_batch_v1_20260531\aggregated_v1,balance_sheet_report_em,CONVERT_DIFF_YOY,other,announcement_pit_feature,notice_or_disclosure_lagged,candidate_after_pit_contract,lagged_level|rank_xsection|zscore,low,use notice/disclosure date plus conservative next-trading-day lag,nonminute_pit_context_panel_then_integrated_factor_pack,eligible_for_bulk_transform_plan
cn_fundamental_akshare_batch_v1_20260531\aggregated_v1,balance_sheet_report_em,CREDITOR_INVEST,tradability_universe,announcement_pit_feature,notice_or_disclosure_lagged,candidate_after_pit_contract,filter_only|risk_control|do_not_rank_standalone,low,use notice/disclosure date plus conservative next-trading-day lag,nonminute_pit_context_panel_then_integrated_factor_pack,eligible_for_bulk_transform_plan
cn_fundamental_akshare_batch_v1_20260531\aggregated_v1,balance_sheet_report_em,CREDITOR_INVEST_YOY,tradability_universe,announcement_pit_feature,notice_or_disclosure_lagged,candidate_after_pit_contract,filter_only|risk_control|do_not_rank_standalone,low,use notice/disclosure date plus conservative next-trading-day lag,nonminute_pit_context_panel_then_integrated_factor_pack,eligible_for_bulk_transform_plan
cn_fundamental_akshare_batch_v1_20260531\aggregated_v1,balance_sheet_report_em,CREDITOR_PLAN_INVEST,tradability_universe,announcement_pit_feature,notice_or_disclosure_lagged,candidate_after_pit_contract,filter_only|risk_control|do_not_rank_standalone,low,use notice/disclosure date plus conservative next-trading-day lag,nonminute_pit_context_panel_then_integrated_factor_pack,eligible_for_bulk_transform_plan
cn_fundamental_akshare_batch_v1_20260531\aggregated_v1,balance_sheet_report_em,CREDITOR_PLAN_INVEST_YOY,tradability_universe,announcement_pit_feature,notice_or_disclosure_lagged,candidate_after_pit_contract,filter_only|risk_control|do_not_rank_standalone,low,use notice/disclosure date plus conservative next-trading-day lag,nonminute_pit_context_panel_then_integrated_factor_pack,eligible_for_bulk_transform_plan
cn_fundamental_akshare_batch_v1_20260531\aggregated_v1,balance_sheet_report_em,CREDIT_AGENT_SECURITY,other,announcement_pit_feature,notice_or_disclosure_lagged,candidate_after_pit_contract,lagged_level|rank_xsection|zscore,low,use notice/disclosure date plus conservative next-trading-day lag,nonminute_pit_context_panel_then_integrated_factor_pack,eligible_for_bulk_transform_plan
cn_fundamental_akshare_batch_v1_20260531\aggregated_v1,balance_sheet_report_em,CREDIT_AGENT_SECURITY_YOY,other,announcement_pit_feature,notice_or_disclosure_lagged,candidate_after_pit_contract,lagged_level|rank_xsection|zscore,low,use notice/disclosure date plus conservative next-trading-day lag,nonminute_pit_context_panel_then_integrated_factor_pack,eligible_for_bulk_transform_plan
cn_fundamental_akshare_batch_v1_20260531\aggregated_v1,balance_sheet_report_em,CREDIT_EXCESS_RESERVE,other,announcement_pit_feature,notice_or_disclosure_lagged,candidate_after_pit_contract,lagged_level|rank_xsection|zscore,low,use notice/disclosure date plus conservative next-trading-day lag,nonminute_pit_context_panel_then_integrated_factor_pack,eligible_for_bulk_transform_plan
cn_fundamental_akshare_batch_v1_20260531\aggregated_v1,balance_sheet_report_em,CREDIT_EXCESS_RESERVE_YOY,other,announcement_pit_feature,notice_or_disclosure_lagged,candidate_after_pit_contract,lagged_level|rank_xsection|zscore,low,use notice/disclosure date plus conservative next-trading-day lag,nonminute_pit_context_panel_then_integrated_factor_pack,eligible_for_bulk_transform_plan
cn_fundamental_akshare_batch_v1_20260531\aggregated_v1,balance_sheet_report_em,CURRENCY,other,announcement_pit_feature,notice_or_disclosure_lagged,candidate_after_pit_contract,lagged_level|rank_xsection|zscore,low,use notice/disclosure date plus conservative next-trading-day lag,nonminute_pit_context_panel_then_integrated_factor_pack,eligible_for_bulk_transform_plan
cn_fundamental_akshare_batch_v1_20260531\aggregated_v1,balance_sheet_report_em,CURRENT_ASSET_BALANCE,fundamental_quality_risk,announcement_pit_feature,notice_or_disclosure_lagged,candidate_after_pit_contract,notice_lagged_latest|quarter_delta|ttm_proxy|ratio|winsorized_rank|quality_minus_risk,medium,use notice/disclosure date plus conservative next-trading-day lag,nonminute_pit_context_panel_then_integrated_factor_pack,eligible_for_bulk_transform_plan
cn_fundamental_akshare_batch_v1_20260531\aggregated_v1,balance_sheet_report_em,CURRENT_ASSET_BALANCE_YOY,fundamental_quality_risk,announcement_pit_feature,notice_or_disclosure_lagged,candidate_after_pit_contract,notice_lagged_latest|quarter_delta|ttm_proxy|ratio|winsorized_rank|quality_minus_risk,medium,use notice/disclosure date plus conservative next-trading-day lag,nonminute_pit_context_panel_then_integrated_factor_pack,eligible_for_bulk_transform_plan
cn_fundamental_akshare_batch_v1_20260531\aggregated_v1,balance_sheet_report_em,CURRENT_ASSET_OTHER,fundamental_quality_risk,announcement_pit_feature,notice_or_disclosure_lagged,candidate_after_pit_contract,notice_lagged_latest|quarter_delta|ttm_proxy|ratio|winsorized_rank|quality_minus_risk,medium,use notice/disclosure date plus conservative next-trading-day lag,nonminute_pit_context_panel_then_integrated_factor_pack,eligible_for_bulk_transform_plan
cn_fundamental_akshare_batch_v1_20260531\aggregated_v1,balance_sheet_report_em,CURRENT_ASSET_OTHER_YOY,fundamental_quality_risk,announcement_pit_feature,notice_or_disclosure_lagged,candidate_after_pit_contract,notice_lagged_latest|quarter_delta|ttm_proxy|ratio|winsorized_rank|quality_minus_risk,medium,use notice/disclosure date plus conservative next-trading-day lag,nonminute_pit_context_panel_then_integrated_factor_pack,eligible_for_bulk_transform_plan
cn_fundamental_akshare_batch_v1_20260531\aggregated_v1,balance_sheet_report_em,CURRENT_LIAB_BALANCE,fundamental_quality_risk,announcement_pit_feature,notice_or_disclosure_lagged,candidate_after_pit_contract,notice_lagged_latest|quarter_delta|ttm_proxy|ratio|winsorized_rank|quality_minus_risk,medium,use notice/disclosure date plus conservative next-trading-day lag,nonminute_pit_context_panel_then_integrated_factor_pack,eligible_for_bulk_transform_plan
cn_fundamental_akshare_batch_v1_20260531\aggregated_v1,balance_sheet_report_em,CURRENT_LIAB_BALANCE_YOY,fundamental_quality_risk,announcement_pit_feature,notice_or_disclosure_lagged,candidate_after_pit_contract,notice_lagged_latest|quarter_delta|ttm_proxy|ratio|winsorized_rank|quality_minus_risk,medium,use notice/disclosure date plus conservative next-trading-day lag,nonminute_pit_context_panel_then_integrated_factor_pack,eligible_for_bulk_transform_plan
cn_fundamental_akshare_batch_v1_20260531\aggregated_v1,balance_sheet_report_em,CURRENT_LIAB_OTHER,fundamental_quality_risk,announcement_pit_feature,notice_or_disclosure_lagged,candidate_after_pit_contract,notice_lagged_latest|quarter_delta|ttm_proxy|ratio|winsorized_rank|quality_minus_risk,medium,use notice/disclosure date plus conservative next-trading-day lag,nonminute_pit_context_panel_then_integrated_factor_pack,eligible_for_bulk_transform_plan
cn_fundamental_akshare_batch_v1_20260531\aggregated_v1,balance_sheet_report_em,CURRENT_LIAB_OTHER_YOY,fundamental_quality_risk,announcement_pit_feature,notice_or_disclosure_lagged,candidate_after_pit_contract,notice_lagged_latest|quarter_delta|ttm_proxy|ratio|winsorized_rank|quality_minus_risk,medium,use notice/disclosure date plus conservative next-trading-day lag,nonminute_pit_context_panel_then_integrated_factor_pack,eligible_for_bulk_transform_plan
cn_fundamental_akshare_batch_v1_20260531\aggregated_v1,balance_sheet_report_em,CUSTOMER_CREDIT_DEPOSIT,tradability_universe,announcement_pit_feature,notice_or_disclosure_lagged,candidate_after_pit_contract,filter_only|risk_control|do_not_rank_standalone,low,use notice/disclosure date plus conservative next-trading-day lag,nonminute_pit_context_panel_then_integrated_factor_pack,eligible_for_bulk_transform_plan
cn_fundamental_akshare_batch_v1_20260531\aggregated_v1,balance_sheet_report_em,CUSTOMER_CREDIT_DEPOSIT_YOY,tradability_universe,announcement_pit_feature,notice_or_disclosure_lagged,candidate_after_pit_contract,filter_only|risk_control|do_not_rank_standalone,low,use notice/disclosure date plus conservative next-trading-day lag,nonminute_pit_context_panel_then_integrated_factor_pack,eligible_for_bulk_transform_plan
cn_fundamental_akshare_batch_v1_20260531\aggregated_v1,balance_sheet_report_em,CUSTOMER_DEPOSIT,tradability_universe,announcement_pit_feature,notice_or_disclosure_lagged,candidate_after_pit_contract,filter_only|risk_control|do_not_rank_standalone,low,use notice/disclosure date plus conservative next-trading-day lag,nonminute_pit_context_panel_then_integrated_factor_pack,eligible_for_bulk_transform_plan
cn_fundamental_akshare_batch_v1_20260531\aggregated_v1,balance_sheet_report_em,CUSTOMER_DEPOSIT_YOY,tradability_universe,announcement_pit_feature,notice_or_disclosure_lagged,candidate_after_pit_contract,filter_only|risk_control|do_not_rank_standalone,low,use notice/disclosure date plus conservative next-trading-day lag,nonminute_pit_context_panel_then_integrated_factor_pack,eligible_for_bulk_transform_plan
cn_fundamental_akshare_batch_v1_20260531\aggregated_v1,balance_sheet_report_em,CUSTOMER_EXCESS_RESERVE,tradability_universe,announcement_pit_feature,notice_or_disclosure_lagged,candidate_after_pit_contract,filter_only|risk_control|do_not_rank_standalone,low,use notice/disclosure date plus conservative next-trading-day lag,nonminute_pit_context_panel_then_integrated_factor_pack,eligible_for_bulk_transform_plan
cn_fundamental_akshare_batch_v1_20260531\aggregated_v1,balance_sheet_report_em,CUSTOMER_EXCESS_RESERVE_YOY,tradability_universe,announcement_pit_feature,notice_or_disclosure_lagged,candidate_after_pit_contract,filter_only|risk_control|do_not_rank_standalone,low,use notice/disclosure date plus conservative next-trading-day lag,nonminute_pit_context_panel_then_integrated_factor_pack,eligible_for_bulk_transform_plan
cn_fundamental_akshare_batch_v1_20260531\aggregated_v1,balance_sheet_report_em,DEFER_INCOME,fundamental_quality_risk,announcement_pit_feature,notice_or_disclosure_lagged,candidate_after_pit_contract,notice_lagged_latest|quarter_delta|ttm_proxy|ratio|winsorized_rank|quality_minus_risk,medium,use notice/disclosure date plus conservative next-trading-day lag,nonminute_pit_context_panel_then_integrated_factor_pack,eligible_for_bulk_transform_plan
cn_fundamental_akshare_batch_v1_20260531\aggregated_v1,balance_sheet_report_em,DEFER_INCOME_1YEAR,fundamental_quality_risk,announcement_pit_feature,notice_or_disclosure_lagged,candidate_after_pit_contract,notice_lagged_latest|quarter_delta|ttm_proxy|ratio|winsorized_rank|quality_minus_risk,medium,use notice/disclosure date plus conservative next-trading-day lag,nonminute_pit_context_panel_then_integrated_factor_pack,eligible_for_bulk_transform_plan
cn_fundamental_akshare_batch_v1_20260531\aggregated_v1,balance_sheet_report_em,DEFER_INCOME_1YEAR_YOY,fundamental_quality_risk,announcement_pit_feature,notice_or_disclosure_lagged,candidate_after_pit_contract,notice_lagged_latest|quarter_delta|ttm_proxy|ratio|winsorized_rank|quality_minus_risk,medium,use notice/disclosure date plus conservative next-trading-day lag,nonminute_pit_context_panel_then_integrated_factor_pack,eligible_for_bulk_transform_plan
cn_fundamental_akshare_batch_v1_20260531\aggregated_v1,balance_sheet_report_em,DEFER_INCOME_YOY,fundamental_quality_risk,announcement_pit_feature,notice_or_disclosure_lagged,candidate_after_pit_contract,notice_lagged_latest|quarter_delta|ttm_proxy|ratio|winsorized_rank|quality_minus_risk,medium,use notice/disclosure date plus conservative next-trading-day lag,nonminute_pit_context_panel_then_integrated_factor_pack,eligible_for_bulk_transform_plan
cn_fundamental_akshare_batch_v1_20260531\aggregated_v1,balance_sheet_report_em,DEFER_TAX_ASSET,fundamental_quality_risk,announcement_pit_feature,notice_or_disclosure_lagged,candidate_after_pit_contract,notice_lagged_latest|quarter_delta|ttm_proxy|ratio|winsorized_rank|quality_minus_risk,medium,use notice/disclosure date plus conservative next-trading-day lag,nonminute_pit_context_panel_then_integrated_factor_pack,eligible_for_bulk_transform_plan
cn_fundamental_akshare_batch_v1_20260531\aggregated_v1,balance_sheet_report_em,DEFER_TAX_ASSET_YOY,fundamental_quality_risk,announcement_pit_feature,notice_or_disclosure_lagged,candidate_after_pit_contract,notice_lagged_latest|quarter_delta|ttm_proxy|ratio|winsorized_rank|quality_minus_risk,medium,use notice/disclosure date plus conservative next-trading-day lag,nonminute_pit_context_panel_then_integrated_factor_pack,eligible_for_bulk_transform_plan
cn_fundamental_akshare_batch_v1_20260531\aggregated_v1,balance_sheet_report_em,DEFER_TAX_LIAB,fundamental_quality_risk,announcement_pit_feature,notice_or_disclosure_lagged,candidate_after_pit_contract,notice_lagged_latest|quarter_delta|ttm_proxy|ratio|winsorized_rank|quality_minus_risk,medium,use notice/disclosure date plus conservative next-trading-day lag,nonminute_pit_context_panel_then_integrated_factor_pack,eligible_for_bulk_transform_plan
cn_fundamental_akshare_batch_v1_20260531\aggregated_v1,balance_sheet_report_em,DEFER_TAX_LIAB_YOY,fundamental_quality_risk,announcement_pit_feature,notice_or_disclosure_lagged,candidate_after_pit_contract,notice_lagged_latest|quarter_delta|ttm_proxy|ratio|winsorized_rank|quality_minus_risk,medium,use notice/disclosure date plus conservative next-trading-day lag,nonminute_pit_context_panel_then_integrated_factor_pack,eligible_for_bulk_transform_plan
cn_fundamental_akshare_batch_v1_20260531\aggregated_v1,balance_sheet_report_em,DEPOSIT_CERTIFICATE,other,announcement_pit_feature,notice_or_disclosure_lagged,candidate_after_pit_contract,lagged_level|rank_xsection|zscore,low,use notice/disclosure date plus conservative next-trading-day lag,nonminute_pit_context_panel_then_integrated_factor_pack,eligible_for_bulk_transform_plan
cn_fundamental_akshare_batch_v1_20260531\aggregated_v1,balance_sheet_report_em,DEPOSIT_CERTIFICATE_YOY,other,announcement_pit_feature,notice_or_disclosure_lagged,candidate_after_pit_contract,lagged_level|rank_xsection|zscore,low,use notice/disclosure date plus conservative next-trading-day lag,nonminute_pit_context_panel_then_integrated_factor_pack,eligible_for_bulk_transform_plan
cn_fundamental_akshare_batch_v1_20260531\aggregated_v1,balance_sheet_report_em,DEPOSIT_INTERBANK,other,announcement_pit_feature,notice_or_disclosure_lagged,candidate_after_pit_contract,lagged_level|rank_xsection|zscore,low,use notice/disclosure date plus conservative next-trading-day lag,nonminute_pit_context_panel_then_integrated_factor_pack,eligible_for_bulk_transform_plan
cn_fundamental_akshare_batch_v1_20260531\aggregated_v1,balance_sheet_report_em,DEPOSIT_INTERBANK_YOY,other,announcement_pit_feature,notice_or_disclosure_lagged,candidate_after_pit_contract,lagged_level|rank_xsection|zscore,low,use notice/disclosure date plus conservative next-trading-day lag,nonminute_pit_context_panel_then_integrated_factor_pack,eligible_for_bulk_transform_plan
cn_fundamental_akshare_batch_v1_20260531\aggregated_v1,balance_sheet_report_em,DERIVE_FINASSET,fundamental_quality_risk,announcement_pit_feature,notice_or_disclosure_lagged,candidate_after_pit_contract,notice_lagged_latest|quarter_delta|ttm_proxy|ratio|winsorized_rank|quality_minus_risk,medium,use notice/disclosure date plus conservative next-trading-day lag,nonminute_pit_context_panel_then_integrated_factor_pack,eligible_for_bulk_transform_plan
cn_fundamental_akshare_batch_v1_20260531\aggregated_v1,balance_sheet_report_em,DERIVE_FINASSET_YOY,fundamental_quality_risk,announcement_pit_feature,notice_or_disclosure_lagged,candidate_after_pit_contract,notice_lagged_latest|quarter_delta|ttm_proxy|ratio|winsorized_rank|quality_minus_risk,medium,use notice/disclosure date plus conservative next-trading-day lag,nonminute_pit_context_panel_then_integrated_factor_pack,eligible_for_bulk_transform_plan
cn_fundamental_akshare_batch_v1_20260531\aggregated_v1,balance_sheet_report_em,DERIVE_FINLIAB,fundamental_quality_risk,announcement_pit_feature,notice_or_disclosure_lagged,candidate_after_pit_contract,notice_lagged_latest|quarter_delta|ttm_proxy|ratio|winsorized_rank|quality_minus_risk,medium,use notice/disclosure date plus conservative next-trading-day lag,nonminute_pit_context_panel_then_integrated_factor_pack,eligible_for_bulk_transform_plan
cn_fundamental_akshare_batch_v1_20260531\aggregated_v1,balance_sheet_report_em,DERIVE_FINLIAB_YOY,fundamental_quality_risk,announcement_pit_feature,notice_or_disclosure_lagged,candidate_after_pit_contract,notice_lagged_latest|quarter_delta|ttm_proxy|ratio|winsorized_rank|quality_minus_risk,medium,use notice/disclosure date plus conservative next-trading-day lag,nonminute_pit_context_panel_then_integrated_factor_pack,eligible_for_bulk_transform_plan
cn_fundamental_akshare_batch_v1_20260531\aggregated_v1,balance_sheet_report_em,DEVELOP_EXPENSE,other,announcement_pit_feature,notice_or_disclosure_lagged,candidate_after_pit_contract,lagged_level|rank_xsection|zscore,low,use notice/disclosure date plus conservative next-trading-day lag,nonminute_pit_context_panel_then_integrated_factor_pack,eligible_for_bulk_transform_plan
cn_fundamental_akshare_batch_v1_20260531\aggregated_v1,balance_sheet_report_em,DEVELOP_EXPENSE_YOY,other,announcement_pit_feature,notice_or_disclosure_lagged,candidate_after_pit_contract,lagged_level|rank_xsection|zscore,low,use notice/disclosure date plus conservative next-trading-day lag,nonminute_pit_context_panel_then_integrated_factor_pack,eligible_for_bulk_transform_plan
cn_fundamental_akshare_batch_v1_20260531\aggregated_v1,balance_sheet_report_em,DIVIDEND_PAYABLE,holder_corporate_action,announcement_pit_feature,notice_or_disclosure_lagged,candidate_after_pit_contract,announcement_lagged_latest|holder_change|holder_ratio|event_age|rank_xsection,medium,use notice/disclosure date plus conservative next-trading-day lag,nonminute_pit_context_panel_then_integrated_factor_pack,eligible_for_bulk_transform_plan
cn_fundamental_akshare_batch_v1_20260531\aggregated_v1,balance_sheet_report_em,DIVIDEND_PAYABLE_YOY,holder_corporate_action,announcement_pit_feature,notice_or_disclosure_lagged,candidate_after_pit_contract,announcement_lagged_latest|holder_change|holder_ratio|event_age|rank_xsection,medium,use notice/disclosure date plus conservative next-trading-day lag,nonminute_pit_context_panel_then_integrated_factor_pack,eligible_for_bulk_transform_plan
cn_fundamental_akshare_batch_v1_20260531\aggregated_v1,balance_sheet_report_em,DIVIDEND_RECE,holder_corporate_action,announcement_pit_feature,notice_or_disclosure_lagged,candidate_after_pit_contract,announcement_lagged_latest|holder_change|holder_ratio|event_age|rank_xsection,medium,use notice/disclosure date plus conservative next-trading-day lag,nonminute_pit_context_panel_then_integrated_factor_pack,eligible_for_bulk_transform_plan
cn_fundamental_akshare_batch_v1_20260531\aggregated_v1,balance_sheet_report_em,DIVIDEND_RECE_YOY,holder_corporate_action,announcement_pit_feature,notice_or_disclosure_lagged,candidate_after_pit_contract,announcement_lagged_latest|holder_change|holder_ratio|event_age|rank_xsection,medium,use notice/disclosure date plus conservative next-trading-day lag,nonminute_pit_context_panel_then_integrated_factor_pack,eligible_for_bulk_transform_plan
cn_fundamental_akshare_batch_v1_20260531\aggregated_v1,balance_sheet_report_em,DIV_HOLDSALE_ASSET,fundamental_quality_risk,announcement_pit_feature,notice_or_disclosure_lagged,candidate_after_pit_contract,notice_lagged_latest|quarter_delta|ttm_proxy|ratio|winsorized_rank|quality_minus_risk,medium,use notice/disclosure date plus conservative next-trading-day lag,nonminute_pit_context_panel_then_integrated_factor_pack,eligible_for_bulk_transform_plan
cn_fundamental_akshare_batch_v1_20260531\aggregated_v1,balance_sheet_report_em,DIV_HOLDSALE_ASSET_YOY,fundamental_quality_risk,announcement_pit_feature,notice_or_disclosure_lagged,candidate_after_pit_contract,notice_lagged_latest|quarter_delta|ttm_proxy|ratio|winsorized_rank|quality_minus_risk,medium,use notice/disclosure date plus conservative next-trading-day lag,nonminute_pit_context_panel_then_integrated_factor_pack,eligible_for_bulk_transform_plan
cn_fundamental_akshare_batch_v1_20260531\aggregated_v1,balance_sheet_report_em,DIV_HOLDSALE_LIAB,fundamental_quality_risk,announcement_pit_feature,notice_or_disclosure_lagged,candidate_after_pit_contract,notice_lagged_latest|quarter_delta|ttm_proxy|ratio|winsorized_rank|quality_minus_risk,medium,use notice/disclosure date plus conservative next-trading-day lag,nonminute_pit_context_panel_then_integrated_factor_pack,eligible_for_bulk_transform_plan
cn_fundamental_akshare_batch_v1_20260531\aggregated_v1,balance_sheet_report_em,DIV_HOLDSALE_LIAB_YOY,fundamental_quality_risk,announcement_pit_feature,notice_or_disclosure_lagged,candidate_after_pit_contract,notice_lagged_latest|quarter_delta|ttm_proxy|ratio|winsorized_rank|quality_minus_risk,medium,use notice/disclosure date plus conservative next-trading-day lag,nonminute_pit_context_panel_then_integrated_factor_pack,eligible_for_bulk_transform_plan
cn_fundamental_akshare_batch_v1_20260531\aggregated_v1,balance_sheet_report_em,EQUITY_BALANCE,other,announcement_pit_feature,notice_or_disclosure_lagged,candidate_after_pit_contract,lagged_level|rank_xsection|zscore,low,use notice/disclosure date plus conservative next-trading-day lag,nonminute_pit_context_panel_then_integrated_factor_pack,eligible_for_bulk_transform_plan
cn_fundamental_akshare_batch_v1_20260531\aggregated_v1,balance_sheet_report_em,EQUITY_BALANCE_YOY,other,announcement_pit_feature,notice_or_disclosure_lagged,candidate_after_pit_contract,lagged_level|rank_xsection|zscore,low,use notice/disclosure date plus conservative next-trading-day lag,nonminute_pit_context_panel_then_integrated_factor_pack,eligible_for_bulk_transform_plan
cn_fundamental_akshare_batch_v1_20260531\aggregated_v1,balance_sheet_report_em,EQUITY_OTHER,other,announcement_pit_feature,notice_or_disclosure_lagged,candidate_after_pit_contract,lagged_level|rank_xsection|zscore,low,use notice/disclosure date plus conservative next-trading-day lag,nonminute_pit_context_panel_then_integrated_factor_pack,eligible_for_bulk_transform_plan
cn_fundamental_akshare_batch_v1_20260531\aggregated_v1,balance_sheet_report_em,EQUITY_OTHER_YOY,other,announcement_pit_feature,notice_or_disclosure_lagged,candidate_after_pit_contract,lagged_level|rank_xsection|zscore,low,use notice/disclosure date plus conservative next-trading-day lag,nonminute_pit_context_panel_then_integrated_factor_pack,eligible_for_bulk_transform_plan
cn_fundamental_akshare_batch_v1_20260531\aggregated_v1,balance_sheet_report_em,EXPORT_REFUND_RECE,other,announcement_pit_feature,notice_or_disclosure_lagged,candidate_after_pit_contract,lagged_level|rank_xsection|zscore,low,use notice/disclosure date plus conservative next-trading-day lag,nonminute_pit_context_panel_then_integrated_factor_pack,eligible_for_bulk_transform_plan
cn_fundamental_akshare_batch_v1_20260531\aggregated_v1,balance_sheet_report_em,EXPORT_REFUND_RECE_YOY,other,announcement_pit_feature,notice_or_disclosure_lagged,candidate_after_pit_contract,lagged_level|rank_xsection|zscore,low,use notice/disclosure date plus conservative next-trading-day lag,nonminute_pit_context_panel_then_integrated_factor_pack,eligible_for_bulk_transform_plan
cn_fundamental_akshare_batch_v1_20260531\aggregated_v1,balance_sheet_report_em,FEE_COMMISSION_PAYABLE,other,announcement_pit_feature,notice_or_disclosure_lagged,candidate_after_pit_contract,lagged_level|rank_xsection|zscore,low,use notice/disclosure date plus conservative next-trading-day lag,nonminute_pit_context_panel_then_integrated_factor_pack,eligible_for_bulk_transform_plan
cn_fundamental_akshare_batch_v1_20260531\aggregated_v1,balance_sheet_report_em,FEE_COMMISSION_PAYABLE_YOY,other,announcement_pit_feature,notice_or_disclosure_lagged,candidate_after_pit_contract,lagged_level|rank_xsection|zscore,low,use notice/disclosure date plus conservative next-trading-day lag,nonminute_pit_context_panel_then_integrated_factor_pack,eligible_for_bulk_transform_plan
cn_fundamental_akshare_batch_v1_20260531\aggregated_v1,balance_sheet_report_em,FINANCE_RECE,other,announcement_pit_feature,notice_or_disclosure_lagged,candidate_after_pit_contract,lagged_level|rank_xsection|zscore,low,use notice/disclosure date plus conservative next-trading-day lag,nonminute_pit_context_panel_then_integrated_factor_pack,eligible_for_bulk_transform_plan
cn_fundamental_akshare_batch_v1_20260531\aggregated_v1,balance_sheet_report_em,FINANCE_RECE_YOY,other,announcement_pit_feature,notice_or_disclosure_lagged,candidate_after_pit_contract,lagged_level|rank_xsection|zscore,low,use notice/disclosure date plus conservative next-trading-day lag,nonminute_pit_context_panel_then_integrated_factor_pack,eligible_for_bulk_transform_plan
cn_fundamental_akshare_batch_v1_20260531\aggregated_v1,balance_sheet_report_em,FIN_FUND,other,announcement_pit_feature,notice_or_disclosure_lagged,candidate_after_pit_contract,lagged_level|rank_xsection|zscore,low,use notice/disclosure date plus conservative next-trading-day lag,nonminute_pit_context_panel_then_integrated_factor_pack,eligible_for_bulk_transform_plan
cn_fundamental_akshare_batch_v1_20260531\aggregated_v1,balance_sheet_report_em,FIN_FUND_YOY,other,announcement_pit_feature,notice_or_disclosure_lagged,candidate_after_pit_contract,lagged_level|rank_xsection|zscore,low,use notice/disclosure date plus conservative next-trading-day lag,nonminute_pit_context_panel_then_integrated_factor_pack,eligible_for_bulk_transform_plan
cn_fundamental_akshare_batch_v1_20260531\aggregated_v1,balance_sheet_report_em,FIN_SECURITY,other,announcement_pit_feature,notice_or_disclosure_lagged,candidate_after_pit_contract,lagged_level|rank_xsection|zscore,low,use notice/disclosure date plus conservative next-trading-day lag,nonminute_pit_context_panel_then_integrated_factor_pack,eligible_for_bulk_transform_plan
cn_fundamental_akshare_batch_v1_20260531\aggregated_v1,balance_sheet_report_em,FIN_SECURITY_YOY,other,announcement_pit_feature,notice_or_disclosure_lagged,candidate_after_pit_contract,lagged_level|rank_xsection|zscore,low,use notice/disclosure date plus conservative next-trading-day lag,nonminute_pit_context_panel_then_integrated_factor_pack,eligible_for_bulk_transform_plan
cn_fundamental_akshare_batch_v1_20260531\aggregated_v1,balance_sheet_report_em,FIXED_ASSET,fundamental_quality_risk,announcement_pit_feature,notice_or_disclosure_lagged,candidate_after_pit_contract,notice_lagged_latest|quarter_delta|ttm_proxy|ratio|winsorized_rank|quality_minus_risk,medium,use notice/disclosure date plus conservative next-trading-day lag,nonminute_pit_context_panel_then_integrated_factor_pack,eligible_for_bulk_transform_plan
cn_fundamental_akshare_batch_v1_20260531\aggregated_v1,balance_sheet_report_em,FIXED_ASSET_DISPOSAL,fundamental_quality_risk,announcement_pit_feature,notice_or_disclosure_lagged,candidate_after_pit_contract,notice_lagged_latest|quarter_delta|ttm_proxy|ratio|winsorized_rank|quality_minus_risk,medium,use notice/disclosure date plus conservative next-trading-day lag,nonminute_pit_context_panel_then_integrated_factor_pack,eligible_for_bulk_transform_plan
cn_fundamental_akshare_batch_v1_20260531\aggregated_v1,balance_sheet_report_em,FIXED_ASSET_DISPOSAL_YOY,fundamental_quality_risk,announcement_pit_feature,notice_or_disclosure_lagged,candidate_after_pit_contract,notice_lagged_latest|quarter_delta|ttm_proxy|ratio|winsorized_rank|quality_minus_risk,medium,use notice/disclosure date plus conservative next-trading-day lag,nonminute_pit_context_panel_then_integrated_factor_pack,eligible_for_bulk_transform_plan
cn_fundamental_akshare_batch_v1_20260531\aggregated_v1,balance_sheet_report_em,FIXED_ASSET_YOY,fundamental_quality_risk,announcement_pit_feature,notice_or_disclosure_lagged,candidate_after_pit_contract,notice_lagged_latest|quarter_delta|ttm_proxy|ratio|winsorized_rank|quality_minus_risk,medium,use notice/disclosure date plus conservative next-trading-day lag,nonminute_pit_context_panel_then_integrated_factor_pack,eligible_for_bulk_transform_plan
cn_fundamental_akshare_batch_v1_20260531\aggregated_v1,balance_sheet_report_em,FVTOCI_FINASSET,fundamental_quality_risk,announcement_pit_feature,notice_or_disclosure_lagged,candidate_after_pit_contract,notice_lagged_latest|quarter_delta|ttm_proxy|ratio|winsorized_rank|quality_minus_risk,medium,use notice/disclosure date plus conservative next-trading-day lag,nonminute_pit_context_panel_then_integrated_factor_pack,eligible_for_bulk_transform_plan
cn_fundamental_akshare_batch_v1_20260531\aggregated_v1,balance_sheet_report_em,FVTOCI_FINASSET_YOY,fundamental_quality_risk,announcement_pit_feature,notice_or_disclosure_lagged,candidate_after_pit_contract,notice_lagged_latest|quarter_delta|ttm_proxy|ratio|winsorized_rank|quality_minus_risk,medium,use notice/disclosure date plus conservative next-trading-day lag,nonminute_pit_context_panel_then_integrated_factor_pack,eligible_for_bulk_transform_plan
cn_fundamental_akshare_batch_v1_20260531\aggregated_v1,balance_sheet_report_em,FVTOCI_NCFINASSET,fundamental_quality_risk,announcement_pit_feature,notice_or_disclosure_lagged,candidate_after_pit_contract,notice_lagged_latest|quarter_delta|ttm_proxy|ratio|winsorized_rank|quality_minus_risk,medium,use notice/disclosure date plus conservative next-trading-day lag,nonminute_pit_context_panel_then_integrated_factor_pack,eligible_for_bulk_transform_plan
cn_fundamental_akshare_batch_v1_20260531\aggregated_v1,balance_sheet_report_em,FVTOCI_NCFINASSET_YOY,fundamental_quality_risk,announcement_pit_feature,notice_or_disclosure_lagged,candidate_after_pit_contract,notice_lagged_latest|quarter_delta|ttm_proxy|ratio|winsorized_rank|quality_minus_risk,medium,use notice/disclosure date plus conservative next-trading-day lag,nonminute_pit_context_panel_then_integrated_factor_pack,eligible_for_bulk_transform_plan
cn_fundamental_akshare_batch_v1_20260531\aggregated_v1,balance_sheet_report_em,FVTPL_FINASSET,fundamental_quality_risk,announcement_pit_feature,notice_or_disclosure_lagged,candidate_after_pit_contract,notice_lagged_latest|quarter_delta|ttm_proxy|ratio|winsorized_rank|quality_minus_risk,medium,use notice/disclosure date plus conservative next-trading-day lag,nonminute_pit_context_panel_then_integrated_factor_pack,eligible_for_bulk_transform_plan
cn_fundamental_akshare_batch_v1_20260531\aggregated_v1,balance_sheet_report_em,FVTPL_FINASSET_YOY,fundamental_quality_risk,announcement_pit_feature,notice_or_disclosure_lagged,candidate_after_pit_contract,notice_lagged_latest|quarter_delta|ttm_proxy|ratio|winsorized_rank|quality_minus_risk,medium,use notice/disclosure date plus conservative next-trading-day lag,nonminute_pit_context_panel_then_integrated_factor_pack,eligible_for_bulk_transform_plan
cn_fundamental_akshare_batch_v1_20260531\aggregated_v1,balance_sheet_report_em,FVTPL_FINLIAB,fundamental_quality_risk,announcement_pit_feature,notice_or_disclosure_lagged,candidate_after_pit_contract,notice_lagged_latest|quarter_delta|ttm_proxy|ratio|winsorized_rank|quality_minus_risk,medium,use notice/disclosure date plus conservative next-trading-day lag,nonminute_pit_context_panel_then_integrated_factor_pack,eligible_for_bulk_transform_plan
cn_fundamental_akshare_batch_v1_20260531\aggregated_v1,balance_sheet_report_em,FVTPL_FINLIAB_YOY,fundamental_quality_risk,announcement_pit_feature,notice_or_disclosure_lagged,candidate_after_pit_contract,notice_lagged_latest|quarter_delta|ttm_proxy|ratio|winsorized_rank|quality_minus_risk,medium,use notice/disclosure date plus conservative next-trading-day lag,nonminute_pit_context_panel_then_integrated_factor_pack,eligible_for_bulk_transform_plan
cn_fundamental_akshare_batch_v1_20260531\aggregated_v1,balance_sheet_report_em,GENERAL_RISK_RESERVE,other,announcement_pit_feature,notice_or_disclosure_lagged,candidate_after_pit_contract,lagged_level|rank_xsection|zscore,low,use notice/disclosure date plus conservative next-trading-day lag,nonminute_pit_context_panel_then_integrated_factor_pack,eligible_for_bulk_transform_plan
cn_fundamental_akshare_batch_v1_20260531\aggregated_v1,balance_sheet_report_em,GENERAL_RISK_RESERVE_YOY,other,announcement_pit_feature,notice_or_disclosure_lagged,candidate_after_pit_contract,lagged_level|rank_xsection|zscore,low,use notice/disclosure date plus conservative next-trading-day lag,nonminute_pit_context_panel_then_integrated_factor_pack,eligible_for_bulk_transform_plan
cn_fundamental_akshare_batch_v1_20260531\aggregated_v1,balance_sheet_report_em,GOODWILL,fundamental_quality_risk,announcement_pit_feature,notice_or_disclosure_lagged,candidate_after_pit_contract,notice_lagged_latest|quarter_delta|ttm_proxy|ratio|winsorized_rank|quality_minus_risk,medium,use notice/disclosure date plus conservative next-trading-day lag,nonminute_pit_context_panel_then_integrated_factor_pack,eligible_for_bulk_transform_plan
cn_fundamental_akshare_batch_v1_20260531\aggregated_v1,balance_sheet_report_em,GOODWILL_YOY,fundamental_quality_risk,announcement_pit_feature,notice_or_disclosure_lagged,candidate_after_pit_contract,notice_lagged_latest|quarter_delta|ttm_proxy|ratio|winsorized_rank|quality_minus_risk,medium,use notice/disclosure date plus conservative next-trading-day lag,nonminute_pit_context_panel_then_integrated_factor_pack,eligible_for_bulk_transform_plan
cn_fundamental_akshare_batch_v1_20260531\aggregated_v1,balance_sheet_report_em,HD_RESERVE,other,announcement_pit_feature,notice_or_disclosure_lagged,candidate_after_pit_contract,lagged_level|rank_xsection|zscore,low,use notice/disclosure date plus conservative next-trading-day lag,nonminute_pit_context_panel_then_integrated_factor_pack,eligible_for_bulk_transform_plan
cn_fundamental_akshare_batch_v1_20260531\aggregated_v1,balance_sheet_report_em,HD_RESERVE_YOY,other,announcement_pit_feature,notice_or_disclosure_lagged,candidate_after_pit_contract,lagged_level|rank_xsection|zscore,low,use notice/disclosure date plus conservative next-trading-day lag,nonminute_pit_context_panel_then_integrated_factor_pack,eligible_for_bulk_transform_plan
cn_fundamental_akshare_batch_v1_20260531\aggregated_v1,balance_sheet_report_em,HEDGE_RESERVE,other,announcement_pit_feature,notice_or_disclosure_lagged,candidate_after_pit_contract,lagged_level|rank_xsection|zscore,low,use notice/disclosure date plus conservative next-trading-day lag,nonminute_pit_context_panel_then_integrated_factor_pack,eligible_for_bulk_transform_plan
cn_fundamental_akshare_batch_v1_20260531\aggregated_v1,balance_sheet_report_em,HEDGE_RESERVE_YOY,other,announcement_pit_feature,notice_or_disclosure_lagged,candidate_after_pit_contract,lagged_level|rank_xsection|zscore,low,use notice/disclosure date plus conservative next-trading-day lag,nonminute_pit_context_panel_then_integrated_factor_pack,eligible_for_bulk_transform_plan
cn_fundamental_akshare_batch_v1_20260531\aggregated_v1,balance_sheet_report_em,HOLDSALE_ASSET,fundamental_quality_risk,announcement_pit_feature,notice_or_disclosure_lagged,candidate_after_pit_contract,notice_lagged_latest|quarter_delta|ttm_proxy|ratio|winsorized_rank|quality_minus_risk,medium,use notice/disclosure date plus conservative next-trading-day lag,nonminute_pit_context_panel_then_integrated_factor_pack,eligible_for_bulk_transform_plan
cn_fundamental_akshare_batch_v1_20260531\aggregated_v1,balance_sheet_report_em,HOLDSALE_ASSET_YOY,fundamental_quality_risk,announcement_pit_feature,notice_or_disclosure_lagged,candidate_after_pit_contract,notice_lagged_latest|quarter_delta|ttm_proxy|ratio|winsorized_rank|quality_minus_risk,medium,use notice/disclosure date plus conservative next-trading-day lag,nonminute_pit_context_panel_then_integrated_factor_pack,eligible_for_bulk_transform_plan
cn_fundamental_akshare_batch_v1_20260531\aggregated_v1,balance_sheet_report_em,HOLDSALE_LIAB,fundamental_quality_risk,announcement_pit_feature,notice_or_disclosure_lagged,candidate_after_pit_contract,notice_lagged_latest|quarter_delta|ttm_proxy|ratio|winsorized_rank|quality_minus_risk,medium,use notice/disclosure date plus conservative next-trading-day lag,nonminute_pit_context_panel_then_integrated_factor_pack,eligible_for_bulk_transform_plan
cn_fundamental_akshare_batch_v1_20260531\aggregated_v1,balance_sheet_report_em,HOLDSALE_LIAB_YOY,fundamental_quality_risk,announcement_pit_feature,notice_or_disclosure_lagged,candidate_after_pit_contract,notice_lagged_latest|quarter_delta|ttm_proxy|ratio|winsorized_rank|quality_minus_risk,medium,use notice/disclosure date plus conservative next-trading-day lag,nonminute_pit_context_panel_then_integrated_factor_pack,eligible_for_bulk_transform_plan
cn_fundamental_akshare_batch_v1_20260531\aggregated_v1,balance_sheet_report_em,HOLD_MATURITY_INVEST,tradability_universe,announcement_pit_feature,notice_or_disclosure_lagged,candidate_after_pit_contract,filter_only|risk_control|do_not_rank_standalone,low,use notice/disclosure date plus conservative next-trading-day lag,nonminute_pit_context_panel_then_integrated_factor_pack,eligible_for_bulk_transform_plan
cn_fundamental_akshare_batch_v1_20260531\aggregated_v1,balance_sheet_report_em,HOLD_MATURITY_INVEST_YOY,tradability_universe,announcement_pit_feature,notice_or_disclosure_lagged,candidate_after_pit_contract,filter_only|risk_control|do_not_rank_standalone,low,use notice/disclosure date plus conservative next-trading-day lag,nonminute_pit_context_panel_then_integrated_factor_pack,eligible_for_bulk_transform_plan
cn_fundamental_akshare_batch_v1_20260531\aggregated_v1,balance_sheet_report_em,IND_ACC_ASSET,fundamental_quality_risk,announcement_pit_feature,notice_or_disclosure_lagged,candidate_after_pit_contract,notice_lagged_latest|quarter_delta|ttm_proxy|ratio|winsorized_rank|quality_minus_risk,medium,use notice/disclosure date plus conservative next-trading-day lag,nonminute_pit_context_panel_then_integrated_factor_pack,eligible_for_bulk_transform_plan
cn_fundamental_akshare_batch_v1_20260531\aggregated_v1,balance_sheet_report_em,IND_ACC_ASSET_YOY,fundamental_quality_risk,announcement_pit_feature,notice_or_disclosure_lagged,candidate_after_pit_contract,notice_lagged_latest|quarter_delta|ttm_proxy|ratio|winsorized_rank|quality_minus_risk,medium,use notice/disclosure date plus conservative next-trading-day lag,nonminute_pit_context_panel_then_integrated_factor_pack,eligible_for_bulk_transform_plan
cn_fundamental_akshare_batch_v1_20260531\aggregated_v1,balance_sheet_report_em,IND_ACC_LIAB,fundamental_quality_risk,announcement_pit_feature,notice_or_disclosure_lagged,candidate_after_pit_contract,notice_lagged_latest|quarter_delta|ttm_proxy|ratio|winsorized_rank|quality_minus_risk,medium,use notice/disclosure date plus conservative next-trading-day lag,nonminute_pit_context_panel_then_integrated_factor_pack,eligible_for_bulk_transform_plan
cn_fundamental_akshare_batch_v1_20260531\aggregated_v1,balance_sheet_report_em,IND_ACC_LIAB_YOY,fundamental_quality_risk,announcement_pit_feature,notice_or_disclosure_lagged,candidate_after_pit_contract,notice_lagged_latest|quarter_delta|ttm_proxy|ratio|winsorized_rank|quality_minus_risk,medium,use notice/disclosure date plus conservative next-trading-day lag,nonminute_pit_context_panel_then_integrated_factor_pack,eligible_for_bulk_transform_plan
cn_fundamental_akshare_batch_v1_20260531\aggregated_v1,balance_sheet_report_em,INSURANCE_CONTRACT_RESERVE,other,announcement_pit_feature,notice_or_disclosure_lagged,candidate_after_pit_contract,lagged_level|rank_xsection|zscore,low,use notice/disclosure date plus conservative next-trading-day lag,nonminute_pit_context_panel_then_integrated_factor_pack,eligible_for_bulk_transform_plan
cn_fundamental_akshare_batch_v1_20260531\aggregated_v1,balance_sheet_report_em,INSURANCE_CONTRACT_RESERVE_YOY,other,announcement_pit_feature,notice_or_disclosure_lagged,candidate_after_pit_contract,lagged_level|rank_xsection|zscore,low,use notice/disclosure date plus conservative next-trading-day lag,nonminute_pit_context_panel_then_integrated_factor_pack,eligible_for_bulk_transform_plan
cn_fundamental_akshare_batch_v1_20260531\aggregated_v1,balance_sheet_report_em,INSURED_DEPOSIT_INVEST,tradability_universe,announcement_pit_feature,notice_or_disclosure_lagged,candidate_after_pit_contract,filter_only|risk_control|do_not_rank_standalone,low,use notice/disclosure date plus conservative next-trading-day lag,nonminute_pit_context_panel_then_integrated_factor_pack,eligible_for_bulk_transform_plan
cn_fundamental_akshare_batch_v1_20260531\aggregated_v1,balance_sheet_report_em,INSURED_DEPOSIT_INVEST_YOY,tradability_universe,announcement_pit_feature,notice_or_disclosure_lagged,candidate_after_pit_contract,filter_only|risk_control|do_not_rank_standalone,low,use notice/disclosure date plus conservative next-trading-day lag,nonminute_pit_context_panel_then_integrated_factor_pack,eligible_for_bulk_transform_plan
cn_fundamental_akshare_batch_v1_20260531\aggregated_v1,balance_sheet_report_em,INSURED_PLEDGE_LOAN,other,announcement_pit_feature,notice_or_disclosure_lagged,candidate_after_pit_contract,lagged_level|rank_xsection|zscore,low,use notice/disclosure date plus conservative next-trading-day lag,nonminute_pit_context_panel_then_integrated_factor_pack,eligible_for_bulk_transform_plan
cn_fundamental_akshare_batch_v1_20260531\aggregated_v1,balance_sheet_report_em,INSURED_PLEDGE_LOAN_YOY,other,announcement_pit_feature,notice_or_disclosure_lagged,candidate_after_pit_contract,lagged_level|rank_xsection|zscore,low,use notice/disclosure date plus conservative next-trading-day lag,nonminute_pit_context_panel_then_integrated_factor_pack,eligible_for_bulk_transform_plan
cn_fundamental_akshare_batch_v1_20260531\aggregated_v1,balance_sheet_report_em,INTANGIBLE_ASSET,fundamental_quality_risk,announcement_pit_feature,notice_or_disclosure_lagged,candidate_after_pit_contract,notice_lagged_latest|quarter_delta|ttm_proxy|ratio|winsorized_rank|quality_minus_risk,medium,use notice/disclosure date plus conservative next-trading-day lag,nonminute_pit_context_panel_then_integrated_factor_pack,eligible_for_bulk_transform_plan
cn_fundamental_akshare_batch_v1_20260531\aggregated_v1,balance_sheet_report_em,INTANGIBLE_ASSET_YOY,fundamental_quality_risk,announcement_pit_feature,notice_or_disclosure_lagged,candidate_after_pit_contract,notice_lagged_latest|quarter_delta|ttm_proxy|ratio|winsorized_rank|quality_minus_risk,medium,use notice/disclosure date plus conservative next-trading-day lag,nonminute_pit_context_panel_then_integrated_factor_pack,eligible_for_bulk_transform_plan
cn_fundamental_akshare_batch_v1_20260531\aggregated_v1,balance_sheet_report_em,INTEREST_PAYABLE,tradability_universe,announcement_pit_feature,notice_or_disclosure_lagged,candidate_after_pit_contract,filter_only|risk_control|do_not_rank_standalone,low,use notice/disclosure date plus conservative next-trading-day lag,nonminute_pit_context_panel_then_integrated_factor_pack,eligible_for_bulk_transform_plan
cn_fundamental_akshare_batch_v1_20260531\aggregated_v1,balance_sheet_report_em,INTEREST_PAYABLE_YOY,tradability_universe,announcement_pit_feature,notice_or_disclosure_lagged,candidate_after_pit_contract,filter_only|risk_control|do_not_rank_standalone,low,use notice/disclosure date plus conservative next-trading-day lag,nonminute_pit_context_panel_then_integrated_factor_pack,eligible_for_bulk_transform_plan
cn_fundamental_akshare_batch_v1_20260531\aggregated_v1,balance_sheet_report_em,INTEREST_RECE,tradability_universe,announcement_pit_feature,notice_or_disclosure_lagged,candidate_after_pit_contract,filter_only|risk_control|do_not_rank_standalone,low,use notice/disclosure date plus conservative next-trading-day lag,nonminute_pit_context_panel_then_integrated_factor_pack,eligible_for_bulk_transform_plan
cn_fundamental_akshare_batch_v1_20260531\aggregated_v1,balance_sheet_report_em,INTEREST_RECE_YOY,tradability_universe,announcement_pit_feature,notice_or_disclosure_lagged,candidate_after_pit_contract,filter_only|risk_control|do_not_rank_standalone,low,use notice/disclosure date plus conservative next-trading-day lag,nonminute_pit_context_panel_then_integrated_factor_pack,eligible_for_bulk_transform_plan
cn_fundamental_akshare_batch_v1_20260531\aggregated_v1,balance_sheet_report_em,INTERNAL_PAYABLE,other,announcement_pit_feature,notice_or_disclosure_lagged,candidate_after_pit_contract,lagged_level|rank_xsection|zscore,low,use notice/disclosure date plus conservative next-trading-day lag,nonminute_pit_context_panel_then_integrated_factor_pack,eligible_for_bulk_transform_plan
cn_fundamental_akshare_batch_v1_20260531\aggregated_v1,balance_sheet_report_em,INTERNAL_PAYABLE_YOY,other,announcement_pit_feature,notice_or_disclosure_lagged,candidate_after_pit_contract,lagged_level|rank_xsection|zscore,low,use notice/disclosure date plus conservative next-trading-day lag,nonminute_pit_context_panel_then_integrated_factor_pack,eligible_for_bulk_transform_plan
cn_fundamental_akshare_batch_v1_20260531\aggregated_v1,balance_sheet_report_em,INTERNAL_RECE,other,announcement_pit_feature,notice_or_disclosure_lagged,candidate_after_pit_contract,lagged_level|rank_xsection|zscore,low,use notice/disclosure date plus conservative next-trading-day lag,nonminute_pit_context_panel_then_integrated_factor_pack,eligible_for_bulk_transform_plan
cn_fundamental_akshare_batch_v1_20260531\aggregated_v1,balance_sheet_report_em,INTERNAL_RECE_YOY,other,announcement_pit_feature,notice_or_disclosure_lagged,candidate_after_pit_contract,lagged_level|rank_xsection|zscore,low,use notice/disclosure date plus conservative next-trading-day lag,nonminute_pit_context_panel_then_integrated_factor_pack,eligible_for_bulk_transform_plan
cn_fundamental_akshare_batch_v1_20260531\aggregated_v1,balance_sheet_report_em,INVENTORY,fundamental_quality_risk,announcement_pit_feature,notice_or_disclosure_lagged,candidate_after_pit_contract,notice_lagged_latest|quarter_delta|ttm_proxy|ratio|winsorized_rank|quality_minus_risk,medium,use notice/disclosure date plus conservative next-trading-day lag,nonminute_pit_context_panel_then_integrated_factor_pack,eligible_for_bulk_transform_plan
cn_fundamental_akshare_batch_v1_20260531\aggregated_v1,balance_sheet_report_em,INVENTORY_YOY,fundamental_quality_risk,announcement_pit_feature,notice_or_disclosure_lagged,candidate_after_pit_contract,notice_lagged_latest|quarter_delta|ttm_proxy|ratio|winsorized_rank|quality_minus_risk,medium,use notice/disclosure date plus conservative next-trading-day lag,nonminute_pit_context_panel_then_integrated_factor_pack,eligible_for_bulk_transform_plan
cn_fundamental_akshare_batch_v1_20260531\aggregated_v1,balance_sheet_report_em,INVEST_JOINT,tradability_universe,announcement_pit_feature,notice_or_disclosure_lagged,candidate_after_pit_contract,filter_only|risk_control|do_not_rank_standalone,low,use notice/disclosure date plus conservative next-trading-day lag,nonminute_pit_context_panel_then_integrated_factor_pack,eligible_for_bulk_transform_plan
cn_fundamental_akshare_batch_v1_20260531\aggregated_v1,balance_sheet_report_em,INVEST_JOINT_YOY,tradability_universe,announcement_pit_feature,notice_or_disclosure_lagged,candidate_after_pit_contract,filter_only|risk_control|do_not_rank_standalone,low,use notice/disclosure date plus conservative next-trading-day lag,nonminute_pit_context_panel_then_integrated_factor_pack,eligible_for_bulk_transform_plan
cn_fundamental_akshare_batch_v1_20260531\aggregated_v1,balance_sheet_report_em,INVEST_REALESTATE,tradability_universe,announcement_pit_feature,notice_or_disclosure_lagged,candidate_after_pit_contract,filter_only|risk_control|do_not_rank_standalone,low,use notice/disclosure date plus conservative next-trading-day lag,nonminute_pit_context_panel_then_integrated_factor_pack,eligible_for_bulk_transform_plan
cn_fundamental_akshare_batch_v1_20260531\aggregated_v1,balance_sheet_report_em,INVEST_REALESTATE_YOY,tradability_universe,announcement_pit_feature,notice_or_disclosure_lagged,candidate_after_pit_contract,filter_only|risk_control|do_not_rank_standalone,low,use notice/disclosure date plus conservative next-trading-day lag,nonminute_pit_context_panel_then_integrated_factor_pack,eligible_for_bulk_transform_plan
cn_fundamental_akshare_batch_v1_20260531\aggregated_v1,balance_sheet_report_em,INVEST_RECE,tradability_universe,announcement_pit_feature,notice_or_disclosure_lagged,candidate_after_pit_contract,filter_only|risk_control|do_not_rank_standalone,low,use notice/disclosure date plus conservative next-trading-day lag,nonminute_pit_context_panel_then_integrated_factor_pack,eligible_for_bulk_transform_plan
cn_fundamental_akshare_batch_v1_20260531\aggregated_v1,balance_sheet_report_em,INVEST_RECE_YOY,tradability_universe,announcement_pit_feature,notice_or_disclosure_lagged,candidate_after_pit_contract,filter_only|risk_control|do_not_rank_standalone,low,use notice/disclosure date plus conservative next-trading-day lag,nonminute_pit_context_panel_then_integrated_factor_pack,eligible_for_bulk_transform_plan
cn_fundamental_akshare_batch_v1_20260531\aggregated_v1,balance_sheet_report_em,INVEST_REVALUE_RESERVE,tradability_universe,announcement_pit_feature,notice_or_disclosure_lagged,candidate_after_pit_contract,filter_only|risk_control|do_not_rank_standalone,low,use notice/disclosure date plus conservative next-trading-day lag,nonminute_pit_context_panel_then_integrated_factor_pack,eligible_for_bulk_transform_plan
cn_fundamental_akshare_batch_v1_20260531\aggregated_v1,balance_sheet_report_em,INVEST_REVALUE_RESERVE_YOY,tradability_universe,announcement_pit_feature,notice_or_disclosure_lagged,candidate_after_pit_contract,filter_only|risk_control|do_not_rank_standalone,low,use notice/disclosure date plus conservative next-trading-day lag,nonminute_pit_context_panel_then_integrated_factor_pack,eligible_for_bulk_transform_plan
cn_fundamental_akshare_batch_v1_20260531\aggregated_v1,balance_sheet_report_em,INVEST_SUBSIDIARY,tradability_universe,announcement_pit_feature,notice_or_disclosure_lagged,candidate_after_pit_contract,filter_only|risk_control|do_not_rank_standalone,low,use notice/disclosure date plus conservative next-trading-day lag,nonminute_pit_context_panel_then_integrated_factor_pack,eligible_for_bulk_transform_plan
cn_fundamental_akshare_batch_v1_20260531\aggregated_v1,balance_sheet_report_em,INVEST_SUBSIDIARY_YOY,tradability_universe,announcement_pit_feature,notice_or_disclosure_lagged,candidate_after_pit_contract,filter_only|risk_control|do_not_rank_standalone,low,use notice/disclosure date plus conservative next-trading-day lag,nonminute_pit_context_panel_then_integrated_factor_pack,eligible_for_bulk_transform_plan
cn_fundamental_akshare_batch_v1_20260531\aggregated_v1,balance_sheet_report_em,IOFI_DEPOSIT,other,announcement_pit_feature,notice_or_disclosure_lagged,candidate_after_pit_contract,lagged_level|rank_xsection|zscore,low,use notice/disclosure date plus conservative next-trading-day lag,nonminute_pit_context_panel_then_integrated_factor_pack,eligible_for_bulk_transform_plan
cn_fundamental_akshare_batch_v1_20260531\aggregated_v1,balance_sheet_report_em,IOFI_DEPOSIT_YOY,other,announcement_pit_feature,notice_or_disclosure_lagged,candidate_after_pit_contract,lagged_level|rank_xsection|zscore,low,use notice/disclosure date plus conservative next-trading-day lag,nonminute_pit_context_panel_then_integrated_factor_pack,eligible_for_bulk_transform_plan
cn_fundamental_akshare_batch_v1_20260531\aggregated_v1,balance_sheet_report_em,LD_RESERVE,other,announcement_pit_feature,notice_or_disclosure_lagged,candidate_after_pit_contract,lagged_level|rank_xsection|zscore,low,use notice/disclosure date plus conservative next-trading-day lag,nonminute_pit_context_panel_then_integrated_factor_pack,eligible_for_bulk_transform_plan
cn_fundamental_akshare_batch_v1_20260531\aggregated_v1,balance_sheet_report_em,LD_RESERVE_YOY,other,announcement_pit_feature,notice_or_disclosure_lagged,candidate_after_pit_contract,lagged_level|rank_xsection|zscore,low,use notice/disclosure date plus conservative next-trading-day lag,nonminute_pit_context_panel_then_integrated_factor_pack,eligible_for_bulk_transform_plan
cn_fundamental_akshare_batch_v1_20260531\aggregated_v1,balance_sheet_report_em,LEASE_LIAB,fundamental_quality_risk,announcement_pit_feature,notice_or_disclosure_lagged,candidate_after_pit_contract,notice_lagged_latest|quarter_delta|ttm_proxy|ratio|winsorized_rank|quality_minus_risk,medium,use notice/disclosure date plus conservative next-trading-day lag,nonminute_pit_context_panel_then_integrated_factor_pack,eligible_for_bulk_transform_plan
cn_fundamental_akshare_batch_v1_20260531\aggregated_v1,balance_sheet_report_em,LEASE_LIAB_YOY,fundamental_quality_risk,announcement_pit_feature,notice_or_disclosure_lagged,candidate_after_pit_contract,notice_lagged_latest|quarter_delta|ttm_proxy|ratio|winsorized_rank|quality_minus_risk,medium,use notice/disclosure date plus conservative next-trading-day lag,nonminute_pit_context_panel_then_integrated_factor_pack,eligible_for_bulk_transform_plan
cn_fundamental_akshare_batch_v1_20260531\aggregated_v1,balance_sheet_report_em,LEND_FUND,other,announcement_pit_feature,notice_or_disclosure_lagged,candidate_after_pit_contract,lagged_level|rank_xsection|zscore,low,use notice/disclosure date plus conservative next-trading-day lag,nonminute_pit_context_panel_then_integrated_factor_pack,eligible_for_bulk_transform_plan
cn_fundamental_akshare_batch_v1_20260531\aggregated_v1,balance_sheet_report_em,LEND_FUND_YOY,other,announcement_pit_feature,notice_or_disclosure_lagged,candidate_after_pit_contract,lagged_level|rank_xsection|zscore,low,use notice/disclosure date plus conservative next-trading-day lag,nonminute_pit_context_panel_then_integrated_factor_pack,eligible_for_bulk_transform_plan
cn_fundamental_akshare_batch_v1_20260531\aggregated_v1,balance_sheet_report_em,LIAB_BALANCE,fundamental_quality_risk,announcement_pit_feature,notice_or_disclosure_lagged,candidate_after_pit_contract,notice_lagged_latest|quarter_delta|ttm_proxy|ratio|winsorized_rank|quality_minus_risk,medium,use notice/disclosure date plus conservative next-trading-day lag,nonminute_pit_context_panel_then_integrated_factor_pack,eligible_for_bulk_transform_plan
cn_fundamental_akshare_batch_v1_20260531\aggregated_v1,balance_sheet_report_em,LIAB_BALANCE_YOY,fundamental_quality_risk,announcement_pit_feature,notice_or_disclosure_lagged,candidate_after_pit_contract,notice_lagged_latest|quarter_delta|ttm_proxy|ratio|winsorized_rank|quality_minus_risk,medium,use notice/disclosure date plus conservative next-trading-day lag,nonminute_pit_context_panel_then_integrated_factor_pack,eligible_for_bulk_transform_plan
cn_fundamental_akshare_batch_v1_20260531\aggregated_v1,balance_sheet_report_em,LIAB_EQUITY_BALANCE,fundamental_quality_risk,announcement_pit_feature,notice_or_disclosure_lagged,candidate_after_pit_contract,notice_lagged_latest|quarter_delta|ttm_proxy|ratio|winsorized_rank|quality_minus_risk,medium,use notice/disclosure date plus conservative next-trading-day lag,nonminute_pit_context_panel_then_integrated_factor_pack,eligible_for_bulk_transform_plan
cn_fundamental_akshare_batch_v1_20260531\aggregated_v1,balance_sheet_report_em,LIAB_EQUITY_BALANCE_YOY,fundamental_quality_risk,announcement_pit_feature,notice_or_disclosure_lagged,candidate_after_pit_contract,notice_lagged_latest|quarter_delta|ttm_proxy|ratio|winsorized_rank|quality_minus_risk,medium,use notice/disclosure date plus conservative next-trading-day lag,nonminute_pit_context_panel_then_integrated_factor_pack,eligible_for_bulk_transform_plan
cn_fundamental_akshare_batch_v1_20260531\aggregated_v1,balance_sheet_report_em,LIAB_EQUITY_OTHER,fundamental_quality_risk,announcement_pit_feature,notice_or_disclosure_lagged,candidate_after_pit_contract,notice_lagged_latest|quarter_delta|ttm_proxy|ratio|winsorized_rank|quality_minus_risk,medium,use notice/disclosure date plus conservative next-trading-day lag,nonminute_pit_context_panel_then_integrated_factor_pack,eligible_for_bulk_transform_plan
cn_fundamental_akshare_batch_v1_20260531\aggregated_v1,balance_sheet_report_em,LIAB_EQUITY_OTHER_YOY,fundamental_quality_risk,announcement_pit_feature,notice_or_disclosure_lagged,candidate_after_pit_contract,notice_lagged_latest|quarter_delta|ttm_proxy|ratio|winsorized_rank|quality_minus_risk,medium,use notice/disclosure date plus conservative next-trading-day lag,nonminute_pit_context_panel_then_integrated_factor_pack,eligible_for_bulk_transform_plan
cn_fundamental_akshare_batch_v1_20260531\aggregated_v1,balance_sheet_report_em,LIAB_OTHER,fundamental_quality_risk,announcement_pit_feature,notice_or_disclosure_lagged,candidate_after_pit_contract,notice_lagged_latest|quarter_delta|ttm_proxy|ratio|winsorized_rank|quality_minus_risk,medium,use notice/disclosure date plus conservative next-trading-day lag,nonminute_pit_context_panel_then_integrated_factor_pack,eligible_for_bulk_transform_plan
cn_fundamental_akshare_batch_v1_20260531\aggregated_v1,balance_sheet_report_em,LIAB_OTHER_YOY,fundamental_quality_risk,announcement_pit_feature,notice_or_disclosure_lagged,candidate_after_pit_contract,notice_lagged_latest|quarter_delta|ttm_proxy|ratio|winsorized_rank|quality_minus_risk,medium,use notice/disclosure date plus conservative next-trading-day lag,nonminute_pit_context_panel_then_integrated_factor_pack,eligible_for_bulk_transform_plan
cn_fundamental_akshare_batch_v1_20260531\aggregated_v1,balance_sheet_report_em,LISTING_STATE,tradability_universe,announcement_pit_feature,notice_or_disclosure_lagged,candidate_after_pit_contract,filter_only|risk_control|do_not_rank_standalone,low,use notice/disclosure date plus conservative next-trading-day lag,nonminute_pit_context_panel_then_integrated_factor_pack,eligible_for_bulk_transform_plan
cn_fundamental_akshare_batch_v1_20260531\aggregated_v1,balance_sheet_report_em,LOAN_ADVANCE,other,announcement_pit_feature,notice_or_disclosure_lagged,candidate_after_pit_contract,lagged_level|rank_xsection|zscore,low,use notice/disclosure date plus conservative next-trading-day lag,nonminute_pit_context_panel_then_integrated_factor_pack,eligible_for_bulk_transform_plan
cn_fundamental_akshare_batch_v1_20260531\aggregated_v1,balance_sheet_report_em,LOAN_ADVANCE_YOY,other,announcement_pit_feature,notice_or_disclosure_lagged,candidate_after_pit_contract,lagged_level|rank_xsection|zscore,low,use notice/disclosure date plus conservative next-trading-day lag,nonminute_pit_context_panel_then_integrated_factor_pack,eligible_for_bulk_transform_plan
cn_fundamental_akshare_batch_v1_20260531\aggregated_v1,balance_sheet_report_em,LOAN_PBC,other,announcement_pit_feature,notice_or_disclosure_lagged,candidate_after_pit_contract,lagged_level|rank_xsection|zscore,low,use notice/disclosure date plus conservative next-trading-day lag,nonminute_pit_context_panel_then_integrated_factor_pack,eligible_for_bulk_transform_plan
cn_fundamental_akshare_batch_v1_20260531\aggregated_v1,balance_sheet_report_em,LOAN_PBC_YOY,other,announcement_pit_feature,notice_or_disclosure_lagged,candidate_after_pit_contract,lagged_level|rank_xsection|zscore,low,use notice/disclosure date plus conservative next-trading-day lag,nonminute_pit_context_panel_then_integrated_factor_pack,eligible_for_bulk_transform_plan
cn_fundamental_akshare_batch_v1_20260531\aggregated_v1,balance_sheet_report_em,LONG_EQUITY_INVEST,tradability_universe,announcement_pit_feature,notice_or_disclosure_lagged,candidate_after_pit_contract,filter_only|risk_control|do_not_rank_standalone,low,use notice/disclosure date plus conservative next-trading-day lag,nonminute_pit_context_panel_then_integrated_factor_pack,eligible_for_bulk_transform_plan
cn_fundamental_akshare_batch_v1_20260531\aggregated_v1,balance_sheet_report_em,LONG_EQUITY_INVEST_YOY,tradability_universe,announcement_pit_feature,notice_or_disclosure_lagged,candidate_after_pit_contract,filter_only|risk_control|do_not_rank_standalone,low,use notice/disclosure date plus conservative next-trading-day lag,nonminute_pit_context_panel_then_integrated_factor_pack,eligible_for_bulk_transform_plan
cn_fundamental_akshare_batch_v1_20260531\aggregated_v1,balance_sheet_report_em,LONG_LOAN,other,announcement_pit_feature,notice_or_disclosure_lagged,candidate_after_pit_contract,lagged_level|rank_xsection|zscore,low,use notice/disclosure date plus conservative next-trading-day lag,nonminute_pit_context_panel_then_integrated_factor_pack,eligible_for_bulk_transform_plan
cn_fundamental_akshare_batch_v1_20260531\aggregated_v1,balance_sheet_report_em,LONG_LOAN_YOY,other,announcement_pit_feature,notice_or_disclosure_lagged,candidate_after_pit_contract,lagged_level|rank_xsection|zscore,low,use notice/disclosure date plus conservative next-trading-day lag,nonminute_pit_context_panel_then_integrated_factor_pack,eligible_for_bulk_transform_plan
cn_fundamental_akshare_batch_v1_20260531\aggregated_v1,balance_sheet_report_em,LONG_PAYABLE,other,announcement_pit_feature,notice_or_disclosure_lagged,candidate_after_pit_contract,lagged_level|rank_xsection|zscore,low,use notice/disclosure date plus conservative next-trading-day lag,nonminute_pit_context_panel_then_integrated_factor_pack,eligible_for_bulk_transform_plan
cn_fundamental_akshare_batch_v1_20260531\aggregated_v1,balance_sheet_report_em,LONG_PAYABLE_YOY,other,announcement_pit_feature,notice_or_disclosure_lagged,candidate_after_pit_contract,lagged_level|rank_xsection|zscore,low,use notice/disclosure date plus conservative next-trading-day lag,nonminute_pit_context_panel_then_integrated_factor_pack,eligible_for_bulk_transform_plan
cn_fundamental_akshare_batch_v1_20260531\aggregated_v1,balance_sheet_report_em,LONG_PREPAID_EXPENSE,other,announcement_pit_feature,notice_or_disclosure_lagged,candidate_after_pit_contract,lagged_level|rank_xsection|zscore,low,use notice/disclosure date plus conservative next-trading-day lag,nonminute_pit_context_panel_then_integrated_factor_pack,eligible_for_bulk_transform_plan
cn_fundamental_akshare_batch_v1_20260531\aggregated_v1,balance_sheet_report_em,LONG_PREPAID_EXPENSE_YOY,other,announcement_pit_feature,notice_or_disclosure_lagged,candidate_after_pit_contract,lagged_level|rank_xsection|zscore,low,use notice/disclosure date plus conservative next-trading-day lag,nonminute_pit_context_panel_then_integrated_factor_pack,eligible_for_bulk_transform_plan
cn_fundamental_akshare_batch_v1_20260531\aggregated_v1,balance_sheet_report_em,LONG_RECE,other,announcement_pit_feature,notice_or_disclosure_lagged,candidate_after_pit_contract,lagged_level|rank_xsection|zscore,low,use notice/disclosure date plus conservative next-trading-day lag,nonminute_pit_context_panel_then_integrated_factor_pack,eligible_for_bulk_transform_plan
cn_fundamental_akshare_batch_v1_20260531\aggregated_v1,balance_sheet_report_em,LONG_RECE_YOY,other,announcement_pit_feature,notice_or_disclosure_lagged,candidate_after_pit_contract,lagged_level|rank_xsection|zscore,low,use notice/disclosure date plus conservative next-trading-day lag,nonminute_pit_context_panel_then_integrated_factor_pack,eligible_for_bulk_transform_plan
cn_fundamental_akshare_batch_v1_20260531\aggregated_v1,balance_sheet_report_em,LONG_STAFFSALARY_PAYABLE,tradability_universe,announcement_pit_feature,notice_or_disclosure_lagged,candidate_after_pit_contract,filter_only|risk_control|do_not_rank_standalone,low,use notice/disclosure date plus conservative next-trading-day lag,nonminute_pit_context_panel_then_integrated_factor_pack,eligible_for_bulk_transform_plan
cn_fundamental_akshare_batch_v1_20260531\aggregated_v1,balance_sheet_report_em,LONG_STAFFSALARY_PAYABLE_YOY,tradability_universe,announcement_pit_feature,notice_or_disclosure_lagged,candidate_after_pit_contract,filter_only|risk_control|do_not_rank_standalone,low,use notice/disclosure date plus conservative next-trading-day lag,nonminute_pit_context_panel_then_integrated_factor_pack,eligible_for_bulk_transform_plan
cn_fundamental_akshare_batch_v1_20260531\aggregated_v1,balance_sheet_report_em,MINORITY_EQUITY,other,announcement_pit_feature,notice_or_disclosure_lagged,candidate_after_pit_contract,lagged_level|rank_xsection|zscore,low,use notice/disclosure date plus conservative next-trading-day lag,nonminute_pit_context_panel_then_integrated_factor_pack,eligible_for_bulk_transform_plan
cn_fundamental_akshare_batch_v1_20260531\aggregated_v1,balance_sheet_report_em,MINORITY_EQUITY_YOY,other,announcement_pit_feature,notice_or_disclosure_lagged,candidate_after_pit_contract,lagged_level|rank_xsection|zscore,low,use notice/disclosure date plus conservative next-trading-day lag,nonminute_pit_context_panel_then_integrated_factor_pack,eligible_for_bulk_transform_plan
cn_fundamental_akshare_batch_v1_20260531\aggregated_v1,balance_sheet_report_em,MONETARYFUNDS,disclosure_event_flow,announcement_pit_feature,notice_or_disclosure_lagged,candidate_after_pit_contract,event_flag|event_age|net_buy_sell_ratio|matched_control_required|diagnostic_first,medium,use notice/disclosure date plus conservative next-trading-day lag,nonminute_pit_context_panel_then_integrated_factor_pack,eligible_for_bulk_transform_plan
cn_fundamental_akshare_batch_v1_20260531\aggregated_v1,balance_sheet_report_em,MONETARYFUNDS_YOY,disclosure_event_flow,announcement_pit_feature,notice_or_disclosure_lagged,candidate_after_pit_contract,event_flag|event_age|net_buy_sell_ratio|matched_control_required|diagnostic_first,medium,use notice/disclosure date plus conservative next-trading-day lag,nonminute_pit_context_panel_then_integrated_factor_pack,eligible_for_bulk_transform_plan
cn_fundamental_akshare_batch_v1_20260531\aggregated_v1,balance_sheet_report_em,MORTGAGE_ASSET_IMPAIRMENT,fundamental_quality_risk,announcement_pit_feature,notice_or_disclosure_lagged,candidate_after_pit_contract,notice_lagged_latest|quarter_delta|ttm_proxy|ratio|winsorized_rank|quality_minus_risk,medium,use notice/disclosure date plus conservative next-trading-day lag,nonminute_pit_context_panel_then_integrated_factor_pack,eligible_for_bulk_transform_plan
cn_fundamental_akshare_batch_v1_20260531\aggregated_v1,balance_sheet_report_em,MORTGAGE_ASSET_IMPAIRMENT_YOY,fundamental_quality_risk,announcement_pit_feature,notice_or_disclosure_lagged,candidate_after_pit_contract,notice_lagged_latest|quarter_delta|ttm_proxy|ratio|winsorized_rank|quality_minus_risk,medium,use notice/disclosure date plus conservative next-trading-day lag,nonminute_pit_context_panel_then_integrated_factor_pack,eligible_for_bulk_transform_plan
cn_fundamental_akshare_batch_v1_20260531\aggregated_v1,balance_sheet_report_em,NET_PENDMORTGAGE_ASSET,fundamental_quality_risk,announcement_pit_feature,notice_or_disclosure_lagged,candidate_after_pit_contract,notice_lagged_latest|quarter_delta|ttm_proxy|ratio|winsorized_rank|quality_minus_risk,medium,use notice/disclosure date plus conservative next-trading-day lag,nonminute_pit_context_panel_then_integrated_factor_pack,eligible_for_bulk_transform_plan
cn_fundamental_akshare_batch_v1_20260531\aggregated_v1,balance_sheet_report_em,NET_PENDMORTGAGE_ASSET_YOY,fundamental_quality_risk,announcement_pit_feature,notice_or_disclosure_lagged,candidate_after_pit_contract,notice_lagged_latest|quarter_delta|ttm_proxy|ratio|winsorized_rank|quality_minus_risk,medium,use notice/disclosure date plus conservative next-trading-day lag,nonminute_pit_context_panel_then_integrated_factor_pack,eligible_for_bulk_transform_plan
cn_fundamental_akshare_batch_v1_20260531\aggregated_v1,balance_sheet_report_em,NONCURRENT_ASSET_1YEAR,fundamental_quality_risk,announcement_pit_feature,notice_or_disclosure_lagged,candidate_after_pit_contract,notice_lagged_latest|quarter_delta|ttm_proxy|ratio|winsorized_rank|quality_minus_risk,medium,use notice/disclosure date plus conservative next-trading-day lag,nonminute_pit_context_panel_then_integrated_factor_pack,eligible_for_bulk_transform_plan
cn_fundamental_akshare_batch_v1_20260531\aggregated_v1,balance_sheet_report_em,NONCURRENT_ASSET_1YEAR_YOY,fundamental_quality_risk,announcement_pit_feature,notice_or_disclosure_lagged,candidate_after_pit_contract,notice_lagged_latest|quarter_delta|ttm_proxy|ratio|winsorized_rank|quality_minus_risk,medium,use notice/disclosure date plus conservative next-trading-day lag,nonminute_pit_context_panel_then_integrated_factor_pack,eligible_for_bulk_transform_plan
cn_fundamental_akshare_batch_v1_20260531\aggregated_v1,balance_sheet_report_em,NONCURRENT_ASSET_BALANCE,fundamental_quality_risk,announcement_pit_feature,notice_or_disclosure_lagged,candidate_after_pit_contract,notice_lagged_latest|quarter_delta|ttm_proxy|ratio|winsorized_rank|quality_minus_risk,medium,use notice/disclosure date plus conservative next-trading-day lag,nonminute_pit_context_panel_then_integrated_factor_pack,eligible_for_bulk_transform_plan
cn_fundamental_akshare_batch_v1_20260531\aggregated_v1,balance_sheet_report_em,NONCURRENT_ASSET_BALANCE_YOY,fundamental_quality_risk,announcement_pit_feature,notice_or_disclosure_lagged,candidate_after_pit_contract,notice_lagged_latest|quarter_delta|ttm_proxy|ratio|winsorized_rank|quality_minus_risk,medium,use notice/disclosure date plus conservative next-trading-day lag,nonminute_pit_context_panel_then_integrated_factor_pack,eligible_for_bulk_transform_plan
cn_fundamental_akshare_batch_v1_20260531\aggregated_v1,balance_sheet_report_em,NONCURRENT_ASSET_OTHER,fundamental_quality_risk,announcement_pit_feature,notice_or_disclosure_lagged,candidate_after_pit_contract,notice_lagged_latest|quarter_delta|ttm_proxy|ratio|winsorized_rank|quality_minus_risk,medium,use notice/disclosure date plus conservative next-trading-day lag,nonminute_pit_context_panel_then_integrated_factor_pack,eligible_for_bulk_transform_plan
cn_fundamental_akshare_batch_v1_20260531\aggregated_v1,balance_sheet_report_em,NONCURRENT_ASSET_OTHER_YOY,fundamental_quality_risk,announcement_pit_feature,notice_or_disclosure_lagged,candidate_after_pit_contract,notice_lagged_latest|quarter_delta|ttm_proxy|ratio|winsorized_rank|quality_minus_risk,medium,use notice/disclosure date plus conservative next-trading-day lag,nonminute_pit_context_panel_then_integrated_factor_pack,eligible_for_bulk_transform_plan
cn_fundamental_akshare_batch_v1_20260531\aggregated_v1,balance_sheet_report_em,NONCURRENT_LIAB_1YEAR,fundamental_quality_risk,announcement_pit_feature,notice_or_disclosure_lagged,candidate_after_pit_contract,notice_lagged_latest|quarter_delta|ttm_proxy|ratio|winsorized_rank|quality_minus_risk,medium,use notice/disclosure date plus conservative next-trading-day lag,nonminute_pit_context_panel_then_integrated_factor_pack,eligible_for_bulk_transform_plan
cn_fundamental_akshare_batch_v1_20260531\aggregated_v1,balance_sheet_report_em,NONCURRENT_LIAB_1YEAR_YOY,fundamental_quality_risk,announcement_pit_feature,notice_or_disclosure_lagged,candidate_after_pit_contract,notice_lagged_latest|quarter_delta|ttm_proxy|ratio|winsorized_rank|quality_minus_risk,medium,use notice/disclosure date plus conservative next-trading-day lag,nonminute_pit_context_panel_then_integrated_factor_pack,eligible_for_bulk_transform_plan
cn_fundamental_akshare_batch_v1_20260531\aggregated_v1,balance_sheet_report_em,NONCURRENT_LIAB_BALANCE,fundamental_quality_risk,announcement_pit_feature,notice_or_disclosure_lagged,candidate_after_pit_contract,notice_lagged_latest|quarter_delta|ttm_proxy|ratio|winsorized_rank|quality_minus_risk,medium,use notice/disclosure date plus conservative next-trading-day lag,nonminute_pit_context_panel_then_integrated_factor_pack,eligible_for_bulk_transform_plan
cn_fundamental_akshare_batch_v1_20260531\aggregated_v1,balance_sheet_report_em,NONCURRENT_LIAB_BALANCE_YOY,fundamental_quality_risk,announcement_pit_feature,notice_or_disclosure_lagged,candidate_after_pit_contract,notice_lagged_latest|quarter_delta|ttm_proxy|ratio|winsorized_rank|quality_minus_risk,medium,use notice/disclosure date plus conservative next-trading-day lag,nonminute_pit_context_panel_then_integrated_factor_pack,eligible_for_bulk_transform_plan
cn_fundamental_akshare_batch_v1_20260531\aggregated_v1,balance_sheet_report_em,NONCURRENT_LIAB_OTHER,fundamental_quality_risk,announcement_pit_feature,notice_or_disclosure_lagged,candidate_after_pit_contract,notice_lagged_latest|quarter_delta|ttm_proxy|ratio|winsorized_rank|quality_minus_risk,medium,use notice/disclosure date plus conservative next-trading-day lag,nonminute_pit_context_panel_then_integrated_factor_pack,eligible_for_bulk_transform_plan
cn_fundamental_akshare_batch_v1_20260531\aggregated_v1,balance_sheet_report_em,NONCURRENT_LIAB_OTHER_YOY,fundamental_quality_risk,announcement_pit_feature,notice_or_disclosure_lagged,candidate_after_pit_contract,notice_lagged_latest|quarter_delta|ttm_proxy|ratio|winsorized_rank|quality_minus_risk,medium,use notice/disclosure date plus conservative next-trading-day lag,nonminute_pit_context_panel_then_integrated_factor_pack,eligible_for_bulk_transform_plan
cn_fundamental_akshare_batch_v1_20260531\aggregated_v1,balance_sheet_report_em,NOTE_ACCOUNTS_PAYABLE,other,announcement_pit_feature,notice_or_disclosure_lagged,candidate_after_pit_contract,lagged_level|rank_xsection|zscore,low,use notice/disclosure date plus conservative next-trading-day lag,nonminute_pit_context_panel_then_integrated_factor_pack,eligible_for_bulk_transform_plan
cn_fundamental_akshare_batch_v1_20260531\aggregated_v1,balance_sheet_report_em,NOTE_ACCOUNTS_PAYABLE_YOY,other,announcement_pit_feature,notice_or_disclosure_lagged,candidate_after_pit_contract,lagged_level|rank_xsection|zscore,low,use notice/disclosure date plus conservative next-trading-day lag,nonminute_pit_context_panel_then_integrated_factor_pack,eligible_for_bulk_transform_plan
cn_fundamental_akshare_batch_v1_20260531\aggregated_v1,balance_sheet_report_em,NOTE_ACCOUNTS_RECE,other,announcement_pit_feature,notice_or_disclosure_lagged,candidate_after_pit_contract,lagged_level|rank_xsection|zscore,low,use notice/disclosure date plus conservative next-trading-day lag,nonminute_pit_context_panel_then_integrated_factor_pack,eligible_for_bulk_transform_plan
cn_fundamental_akshare_batch_v1_20260531\aggregated_v1,balance_sheet_report_em,NOTE_ACCOUNTS_RECE_YOY,other,announcement_pit_feature,notice_or_disclosure_lagged,candidate_after_pit_contract,lagged_level|rank_xsection|zscore,low,use notice/disclosure date plus conservative next-trading-day lag,nonminute_pit_context_panel_then_integrated_factor_pack,eligible_for_bulk_transform_plan
cn_fundamental_akshare_batch_v1_20260531\aggregated_v1,balance_sheet_report_em,NOTE_PAYABLE,other,announcement_pit_feature,notice_or_disclosure_lagged,candidate_after_pit_contract,lagged_level|rank_xsection|zscore,low,use notice/disclosure date plus conservative next-trading-day lag,nonminute_pit_context_panel_then_integrated_factor_pack,eligible_for_bulk_transform_plan
cn_fundamental_akshare_batch_v1_20260531\aggregated_v1,balance_sheet_report_em,NOTE_PAYABLE_YOY,other,announcement_pit_feature,notice_or_disclosure_lagged,candidate_after_pit_contract,lagged_level|rank_xsection|zscore,low,use notice/disclosure date plus conservative next-trading-day lag,nonminute_pit_context_panel_then_integrated_factor_pack,eligible_for_bulk_transform_plan
cn_fundamental_akshare_batch_v1_20260531\aggregated_v1,balance_sheet_report_em,NOTE_RECE,other,announcement_pit_feature,notice_or_disclosure_lagged,candidate_after_pit_contract,lagged_level|rank_xsection|zscore,low,use notice/disclosure date plus conservative next-trading-day lag,nonminute_pit_context_panel_then_integrated_factor_pack,eligible_for_bulk_transform_plan
cn_fundamental_akshare_batch_v1_20260531\aggregated_v1,balance_sheet_report_em,NOTE_RECE_YOY,other,announcement_pit_feature,notice_or_disclosure_lagged,candidate_after_pit_contract,lagged_level|rank_xsection|zscore,low,use notice/disclosure date plus conservative next-trading-day lag,nonminute_pit_context_panel_then_integrated_factor_pack,eligible_for_bulk_transform_plan
cn_fundamental_akshare_batch_v1_20260531\aggregated_v1,balance_sheet_report_em,OIL_GAS_ASSET,fundamental_quality_risk,announcement_pit_feature,notice_or_disclosure_lagged,candidate_after_pit_contract,notice_lagged_latest|quarter_delta|ttm_proxy|ratio|winsorized_rank|quality_minus_risk,medium,use notice/disclosure date plus conservative next-trading-day lag,nonminute_pit_context_panel_then_integrated_factor_pack,eligible_for_bulk_transform_plan
cn_fundamental_akshare_batch_v1_20260531\aggregated_v1,balance_sheet_report_em,OIL_GAS_ASSET_YOY,fundamental_quality_risk,announcement_pit_feature,notice_or_disclosure_lagged,candidate_after_pit_contract,notice_lagged_latest|quarter_delta|ttm_proxy|ratio|winsorized_rank|quality_minus_risk,medium,use notice/disclosure date plus conservative next-trading-day lag,nonminute_pit_context_panel_then_integrated_factor_pack,eligible_for_bulk_transform_plan
cn_fundamental_akshare_batch_v1_20260531\aggregated_v1,balance_sheet_report_em,OPINION_TYPE,other,announcement_pit_feature,notice_or_disclosure_lagged,candidate_after_pit_contract,lagged_level|rank_xsection|zscore,low,use notice/disclosure date plus conservative next-trading-day lag,nonminute_pit_context_panel_then_integrated_factor_pack,eligible_for_bulk_transform_plan
cn_fundamental_akshare_batch_v1_20260531\aggregated_v1,balance_sheet_report_em,ORG_CODE,other,announcement_pit_feature,notice_or_disclosure_lagged,candidate_after_pit_contract,lagged_level|rank_xsection|zscore,low,use notice/disclosure date plus conservative next-trading-day lag,nonminute_pit_context_panel_then_integrated_factor_pack,eligible_for_bulk_transform_plan
cn_fundamental_akshare_batch_v1_20260531\aggregated_v1,balance_sheet_report_em,ORG_TYPE,other,announcement_pit_feature,notice_or_disclosure_lagged,candidate_after_pit_contract,lagged_level|rank_xsection|zscore,low,use notice/disclosure date plus conservative next-trading-day lag,nonminute_pit_context_panel_then_integrated_factor_pack,eligible_for_bulk_transform_plan
cn_fundamental_akshare_batch_v1_20260531\aggregated_v1,balance_sheet_report_em,OSOOPINION_TYPE,other,announcement_pit_feature,notice_or_disclosure_lagged,candidate_after_pit_contract,lagged_level|rank_xsection|zscore,low,use notice/disclosure date plus conservative next-trading-day lag,nonminute_pit_context_panel_then_integrated_factor_pack,eligible_for_bulk_transform_plan
cn_fundamental_akshare_batch_v1_20260531\aggregated_v1,balance_sheet_report_em,OSOPINION_TYPE,other,announcement_pit_feature,notice_or_disclosure_lagged,candidate_after_pit_contract,lagged_level|rank_xsection|zscore,low,use notice/disclosure date plus conservative next-trading-day lag,nonminute_pit_context_panel_then_integrated_factor_pack,eligible_for_bulk_transform_plan
cn_fundamental_akshare_batch_v1_20260531\aggregated_v1,balance_sheet_report_em,OTHER_ASSET,fundamental_quality_risk,announcement_pit_feature,notice_or_disclosure_lagged,candidate_after_pit_contract,notice_lagged_latest|quarter_delta|ttm_proxy|ratio|winsorized_rank|quality_minus_risk,medium,use notice/disclosure date plus conservative next-trading-day lag,nonminute_pit_context_panel_then_integrated_factor_pack,eligible_for_bulk_transform_plan
cn_fundamental_akshare_batch_v1_20260531\aggregated_v1,balance_sheet_report_em,OTHER_ASSET_YOY,fundamental_quality_risk,announcement_pit_feature,notice_or_disclosure_lagged,candidate_after_pit_contract,notice_lagged_latest|quarter_delta|ttm_proxy|ratio|winsorized_rank|quality_minus_risk,medium,use notice/disclosure date plus conservative next-trading-day lag,nonminute_pit_context_panel_then_integrated_factor_pack,eligible_for_bulk_transform_plan
cn_fundamental_akshare_batch_v1_20260531\aggregated_v1,balance_sheet_report_em,OTHER_COMPRE_INCOME,fundamental_quality_risk,announcement_pit_feature,notice_or_disclosure_lagged,candidate_after_pit_contract,notice_lagged_latest|quarter_delta|ttm_proxy|ratio|winsorized_rank|quality_minus_risk,medium,use notice/disclosure date plus conservative next-trading-day lag,nonminute_pit_context_panel_then_integrated_factor_pack,eligible_for_bulk_transform_plan
cn_fundamental_akshare_batch_v1_20260531\aggregated_v1,balance_sheet_report_em,OTHER_COMPRE_INCOME_YOY,fundamental_quality_risk,announcement_pit_feature,notice_or_disclosure_lagged,candidate_after_pit_contract,notice_lagged_latest|quarter_delta|ttm_proxy|ratio|winsorized_rank|quality_minus_risk,medium,use notice/disclosure date plus conservative next-trading-day lag,nonminute_pit_context_panel_then_integrated_factor_pack,eligible_for_bulk_transform_plan
cn_fundamental_akshare_batch_v1_20260531\aggregated_v1,balance_sheet_report_em,OTHER_CREDITOR_INVEST,tradability_universe,announcement_pit_feature,notice_or_disclosure_lagged,candidate_after_pit_contract,filter_only|risk_control|do_not_rank_standalone,low,use notice/disclosure date plus conservative next-trading-day lag,nonminute_pit_context_panel_then_integrated_factor_pack,eligible_for_bulk_transform_plan
cn_fundamental_akshare_batch_v1_20260531\aggregated_v1,balance_sheet_report_em,OTHER_CREDITOR_INVEST_YOY,tradability_universe,announcement_pit_feature,notice_or_disclosure_lagged,candidate_after_pit_contract,filter_only|risk_control|do_not_rank_standalone,low,use notice/disclosure date plus conservative next-trading-day lag,nonminute_pit_context_panel_then_integrated_factor_pack,eligible_for_bulk_transform_plan
cn_fundamental_akshare_batch_v1_20260531\aggregated_v1,balance_sheet_report_em,OTHER_CURRENT_ASSET,fundamental_quality_risk,announcement_pit_feature,notice_or_disclosure_lagged,candidate_after_pit_contract,notice_lagged_latest|quarter_delta|ttm_proxy|ratio|winsorized_rank|quality_minus_risk,medium,use notice/disclosure date plus conservative next-trading-day lag,nonminute_pit_context_panel_then_integrated_factor_pack,eligible_for_bulk_transform_plan
cn_fundamental_akshare_batch_v1_20260531\aggregated_v1,balance_sheet_report_em,OTHER_CURRENT_ASSET_YOY,fundamental_quality_risk,announcement_pit_feature,notice_or_disclosure_lagged,candidate_after_pit_contract,notice_lagged_latest|quarter_delta|ttm_proxy|ratio|winsorized_rank|quality_minus_risk,medium,use notice/disclosure date plus conservative next-trading-day lag,nonminute_pit_context_panel_then_integrated_factor_pack,eligible_for_bulk_transform_plan
cn_fundamental_akshare_batch_v1_20260531\aggregated_v1,balance_sheet_report_em,OTHER_CURRENT_LIAB,fundamental_quality_risk,announcement_pit_feature,notice_or_disclosure_lagged,candidate_after_pit_contract,notice_lagged_latest|quarter_delta|ttm_proxy|ratio|winsorized_rank|quality_minus_risk,medium,use notice/disclosure date plus conservative next-trading-day lag,nonminute_pit_context_panel_then_integrated_factor_pack,eligible_for_bulk_transform_plan
cn_fundamental_akshare_batch_v1_20260531\aggregated_v1,balance_sheet_report_em,OTHER_CURRENT_LIAB_YOY,fundamental_quality_risk,announcement_pit_feature,notice_or_disclosure_lagged,candidate_after_pit_contract,notice_lagged_latest|quarter_delta|ttm_proxy|ratio|winsorized_rank|quality_minus_risk,medium,use notice/disclosure date plus conservative next-trading-day lag,nonminute_pit_context_panel_then_integrated_factor_pack,eligible_for_bulk_transform_plan
cn_fundamental_akshare_batch_v1_20260531\aggregated_v1,balance_sheet_report_em,OTHER_EQUITY_INVEST,tradability_universe,announcement_pit_feature,notice_or_disclosure_lagged,candidate_after_pit_contract,filter_only|risk_control|do_not_rank_standalone,low,use notice/disclosure date plus conservative next-trading-day lag,nonminute_pit_context_panel_then_integrated_factor_pack,eligible_for_bulk_transform_plan
cn_fundamental_akshare_batch_v1_20260531\aggregated_v1,balance_sheet_report_em,OTHER_EQUITY_INVEST_YOY,tradability_universe,announcement_pit_feature,notice_or_disclosure_lagged,candidate_after_pit_contract,filter_only|risk_control|do_not_rank_standalone,low,use notice/disclosure date plus conservative next-trading-day lag,nonminute_pit_context_panel_then_integrated_factor_pack,eligible_for_bulk_transform_plan
cn_fundamental_akshare_batch_v1_20260531\aggregated_v1,balance_sheet_report_em,OTHER_EQUITY_OTHER,other,announcement_pit_feature,notice_or_disclosure_lagged,candidate_after_pit_contract,lagged_level|rank_xsection|zscore,low,use notice/disclosure date plus conservative next-trading-day lag,nonminute_pit_context_panel_then_integrated_factor_pack,eligible_for_bulk_transform_plan
cn_fundamental_akshare_batch_v1_20260531\aggregated_v1,balance_sheet_report_em,OTHER_EQUITY_OTHER_YOY,other,announcement_pit_feature,notice_or_disclosure_lagged,candidate_after_pit_contract,lagged_level|rank_xsection|zscore,low,use notice/disclosure date plus conservative next-trading-day lag,nonminute_pit_context_panel_then_integrated_factor_pack,eligible_for_bulk_transform_plan
cn_fundamental_akshare_batch_v1_20260531\aggregated_v1,balance_sheet_report_em,OTHER_EQUITY_TOOL,other,announcement_pit_feature,notice_or_disclosure_lagged,candidate_after_pit_contract,lagged_level|rank_xsection|zscore,low,use notice/disclosure date plus conservative next-trading-day lag,nonminute_pit_context_panel_then_integrated_factor_pack,eligible_for_bulk_transform_plan
cn_fundamental_akshare_batch_v1_20260531\aggregated_v1,balance_sheet_report_em,OTHER_EQUITY_TOOL_YOY,other,announcement_pit_feature,notice_or_disclosure_lagged,candidate_after_pit_contract,lagged_level|rank_xsection|zscore,low,use notice/disclosure date plus conservative next-trading-day lag,nonminute_pit_context_panel_then_integrated_factor_pack,eligible_for_bulk_transform_plan
cn_fundamental_akshare_batch_v1_20260531\aggregated_v1,balance_sheet_report_em,OTHER_LIAB,fundamental_quality_risk,announcement_pit_feature,notice_or_disclosure_lagged,candidate_after_pit_contract,notice_lagged_latest|quarter_delta|ttm_proxy|ratio|winsorized_rank|quality_minus_risk,medium,use notice/disclosure date plus conservative next-trading-day lag,nonminute_pit_context_panel_then_integrated_factor_pack,eligible_for_bulk_transform_plan
cn_fundamental_akshare_batch_v1_20260531\aggregated_v1,balance_sheet_report_em,OTHER_LIAB_YOY,fundamental_quality_risk,announcement_pit_feature,notice_or_disclosure_lagged,candidate_after_pit_contract,notice_lagged_latest|quarter_delta|ttm_proxy|ratio|winsorized_rank|quality_minus_risk,medium,use notice/disclosure date plus conservative next-trading-day lag,nonminute_pit_context_panel_then_integrated_factor_pack,eligible_for_bulk_transform_plan
cn_fundamental_akshare_batch_v1_20260531\aggregated_v1,balance_sheet_report_em,OTHER_NONCURRENT_ASSET,fundamental_quality_risk,announcement_pit_feature,notice_or_disclosure_lagged,candidate_after_pit_contract,notice_lagged_latest|quarter_delta|ttm_proxy|ratio|winsorized_rank|quality_minus_risk,medium,use notice/disclosure date plus conservative next-trading-day lag,nonminute_pit_context_panel_then_integrated_factor_pack,eligible_for_bulk_transform_plan
cn_fundamental_akshare_batch_v1_20260531\aggregated_v1,balance_sheet_report_em,OTHER_NONCURRENT_ASSET_YOY,fundamental_quality_risk,announcement_pit_feature,notice_or_disclosure_lagged,candidate_after_pit_contract,notice_lagged_latest|quarter_delta|ttm_proxy|ratio|winsorized_rank|quality_minus_risk,medium,use notice/disclosure date plus conservative next-trading-day lag,nonminute_pit_context_panel_then_integrated_factor_pack,eligible_for_bulk_transform_plan
cn_fundamental_akshare_batch_v1_20260531\aggregated_v1,balance_sheet_report_em,OTHER_NONCURRENT_FINASSET,fundamental_quality_risk,announcement_pit_feature,notice_or_disclosure_lagged,candidate_after_pit_contract,notice_lagged_latest|quarter_delta|ttm_proxy|ratio|winsorized_rank|quality_minus_risk,medium,use notice/disclosure date plus conservative next-trading-day lag,nonminute_pit_context_panel_then_integrated_factor_pack,eligible_for_bulk_transform_plan
cn_fundamental_akshare_batch_v1_20260531\aggregated_v1,balance_sheet_report_em,OTHER_NONCURRENT_FINASSET_YOY,fundamental_quality_risk,announcement_pit_feature,notice_or_disclosure_lagged,candidate_after_pit_contract,notice_lagged_latest|quarter_delta|ttm_proxy|ratio|winsorized_rank|quality_minus_risk,medium,use notice/disclosure date plus conservative next-trading-day lag,nonminute_pit_context_panel_then_integrated_factor_pack,eligible_for_bulk_transform_plan
cn_fundamental_akshare_batch_v1_20260531\aggregated_v1,balance_sheet_report_em,OTHER_NONCURRENT_LIAB,fundamental_quality_risk,announcement_pit_feature,notice_or_disclosure_lagged,candidate_after_pit_contract,notice_lagged_latest|quarter_delta|ttm_proxy|ratio|winsorized_rank|quality_minus_risk,medium,use notice/disclosure date plus conservative next-trading-day lag,nonminute_pit_context_panel_then_integrated_factor_pack,eligible_for_bulk_transform_plan
cn_fundamental_akshare_batch_v1_20260531\aggregated_v1,balance_sheet_report_em,OTHER_NONCURRENT_LIAB_YOY,fundamental_quality_risk,announcement_pit_feature,notice_or_disclosure_lagged,candidate_after_pit_contract,notice_lagged_latest|quarter_delta|ttm_proxy|ratio|winsorized_rank|quality_minus_risk,medium,use notice/disclosure date plus conservative next-trading-day lag,nonminute_pit_context_panel_then_integrated_factor_pack,eligible_for_bulk_transform_plan
cn_fundamental_akshare_batch_v1_20260531\aggregated_v1,balance_sheet_report_em,OTHER_PAYABLE,other,announcement_pit_feature,notice_or_disclosure_lagged,candidate_after_pit_contract,lagged_level|rank_xsection|zscore,low,use notice/disclosure date plus conservative next-trading-day lag,nonminute_pit_context_panel_then_integrated_factor_pack,eligible_for_bulk_transform_plan
cn_fundamental_akshare_batch_v1_20260531\aggregated_v1,balance_sheet_report_em,OTHER_PAYABLE_YOY,other,announcement_pit_feature,notice_or_disclosure_lagged,candidate_after_pit_contract,lagged_level|rank_xsection|zscore,low,use notice/disclosure date plus conservative next-trading-day lag,nonminute_pit_context_panel_then_integrated_factor_pack,eligible_for_bulk_transform_plan
cn_fundamental_akshare_batch_v1_20260531\aggregated_v1,balance_sheet_report_em,OTHER_RECE,other,announcement_pit_feature,notice_or_disclosure_lagged,candidate_after_pit_contract,lagged_level|rank_xsection|zscore,low,use notice/disclosure date plus conservative next-trading-day lag,nonminute_pit_context_panel_then_integrated_factor_pack,eligible_for_bulk_transform_plan
cn_fundamental_akshare_batch_v1_20260531\aggregated_v1,balance_sheet_report_em,OTHER_RECE_YOY,other,announcement_pit_feature,notice_or_disclosure_lagged,candidate_after_pit_contract,lagged_level|rank_xsection|zscore,low,use notice/disclosure date plus conservative next-trading-day lag,nonminute_pit_context_panel_then_integrated_factor_pack,eligible_for_bulk_transform_plan
cn_fundamental_akshare_batch_v1_20260531\aggregated_v1,balance_sheet_report_em,OUTWARD_REMIT,other,announcement_pit_feature,notice_or_disclosure_lagged,candidate_after_pit_contract,lagged_level|rank_xsection|zscore,low,use notice/disclosure date plus conservative next-trading-day lag,nonminute_pit_context_panel_then_integrated_factor_pack,eligible_for_bulk_transform_plan
cn_fundamental_akshare_batch_v1_20260531\aggregated_v1,balance_sheet_report_em,OUTWARD_REMIT_YOY,other,announcement_pit_feature,notice_or_disclosure_lagged,candidate_after_pit_contract,lagged_level|rank_xsection|zscore,low,use notice/disclosure date plus conservative next-trading-day lag,nonminute_pit_context_panel_then_integrated_factor_pack,eligible_for_bulk_transform_plan
cn_fundamental_akshare_batch_v1_20260531\aggregated_v1,balance_sheet_report_em,PARENT_EQUITY_BALANCE,other,announcement_pit_feature,notice_or_disclosure_lagged,candidate_after_pit_contract,lagged_level|rank_xsection|zscore,low,use notice/disclosure date plus conservative next-trading-day lag,nonminute_pit_context_panel_then_integrated_factor_pack,eligible_for_bulk_transform_plan
cn_fundamental_akshare_batch_v1_20260531\aggregated_v1,balance_sheet_report_em,PARENT_EQUITY_BALANCE_YOY,other,announcement_pit_feature,notice_or_disclosure_lagged,candidate_after_pit_contract,lagged_level|rank_xsection|zscore,low,use notice/disclosure date plus conservative next-trading-day lag,nonminute_pit_context_panel_then_integrated_factor_pack,eligible_for_bulk_transform_plan
cn_fundamental_akshare_batch_v1_20260531\aggregated_v1,balance_sheet_report_em,PARENT_EQUITY_OTHER,other,announcement_pit_feature,notice_or_disclosure_lagged,candidate_after_pit_contract,lagged_level|rank_xsection|zscore,low,use notice/disclosure date plus conservative next-trading-day lag,nonminute_pit_context_panel_then_integrated_factor_pack,eligible_for_bulk_transform_plan
cn_fundamental_akshare_batch_v1_20260531\aggregated_v1,balance_sheet_report_em,PARENT_EQUITY_OTHER_YOY,other,announcement_pit_feature,notice_or_disclosure_lagged,candidate_after_pit_contract,lagged_level|rank_xsection|zscore,low,use notice/disclosure date plus conservative next-trading-day lag,nonminute_pit_context_panel_then_integrated_factor_pack,eligible_for_bulk_transform_plan
cn_fundamental_akshare_batch_v1_20260531\aggregated_v1,balance_sheet_report_em,PEND_MORTGAGE_ASSET,fundamental_quality_risk,announcement_pit_feature,notice_or_disclosure_lagged,candidate_after_pit_contract,notice_lagged_latest|quarter_delta|ttm_proxy|ratio|winsorized_rank|quality_minus_risk,medium,use notice/disclosure date plus conservative next-trading-day lag,nonminute_pit_context_panel_then_integrated_factor_pack,eligible_for_bulk_transform_plan
cn_fundamental_akshare_batch_v1_20260531\aggregated_v1,balance_sheet_report_em,PEND_MORTGAGE_ASSET_YOY,fundamental_quality_risk,announcement_pit_feature,notice_or_disclosure_lagged,candidate_after_pit_contract,notice_lagged_latest|quarter_delta|ttm_proxy|ratio|winsorized_rank|quality_minus_risk,medium,use notice/disclosure date plus conservative next-trading-day lag,nonminute_pit_context_panel_then_integrated_factor_pack,eligible_for_bulk_transform_plan
cn_fundamental_akshare_batch_v1_20260531\aggregated_v1,balance_sheet_report_em,PERPETUAL_BOND,other,announcement_pit_feature,notice_or_disclosure_lagged,candidate_after_pit_contract,lagged_level|rank_xsection|zscore,low,use notice/disclosure date plus conservative next-trading-day lag,nonminute_pit_context_panel_then_integrated_factor_pack,eligible_for_bulk_transform_plan
cn_fundamental_akshare_batch_v1_20260531\aggregated_v1,balance_sheet_report_em,PERPETUAL_BOND_PAYBALE,other,announcement_pit_feature,notice_or_disclosure_lagged,candidate_after_pit_contract,lagged_level|rank_xsection|zscore,low,use notice/disclosure date plus conservative next-trading-day lag,nonminute_pit_context_panel_then_integrated_factor_pack,eligible_for_bulk_transform_plan
cn_fundamental_akshare_batch_v1_20260531\aggregated_v1,balance_sheet_report_em,PERPETUAL_BOND_PAYBALE_YOY,other,announcement_pit_feature,notice_or_disclosure_lagged,candidate_after_pit_contract,lagged_level|rank_xsection|zscore,low,use notice/disclosure date plus conservative next-trading-day lag,nonminute_pit_context_panel_then_integrated_factor_pack,eligible_for_bulk_transform_plan
cn_fundamental_akshare_batch_v1_20260531\aggregated_v1,balance_sheet_report_em,PERPETUAL_BOND_YOY,other,announcement_pit_feature,notice_or_disclosure_lagged,candidate_after_pit_contract,lagged_level|rank_xsection|zscore,low,use notice/disclosure date plus conservative next-trading-day lag,nonminute_pit_context_panel_then_integrated_factor_pack,eligible_for_bulk_transform_plan
cn_fundamental_akshare_batch_v1_20260531\aggregated_v1,balance_sheet_report_em,PLEDGE_LOAN,other,announcement_pit_feature,notice_or_disclosure_lagged,candidate_after_pit_contract,lagged_level|rank_xsection|zscore,low,use notice/disclosure date plus conservative next-trading-day lag,nonminute_pit_context_panel_then_integrated_factor_pack,eligible_for_bulk_transform_plan
cn_fundamental_akshare_batch_v1_20260531\aggregated_v1,balance_sheet_report_em,PLEDGE_LOAN_YOY,other,announcement_pit_feature,notice_or_disclosure_lagged,candidate_after_pit_contract,lagged_level|rank_xsection|zscore,low,use notice/disclosure date plus conservative next-trading-day lag,nonminute_pit_context_panel_then_integrated_factor_pack,eligible_for_bulk_transform_plan
cn_fundamental_akshare_batch_v1_20260531\aggregated_v1,balance_sheet_report_em,POLICY_BONUS_PAYABLE,holder_corporate_action,announcement_pit_feature,notice_or_disclosure_lagged,candidate_after_pit_contract,announcement_lagged_latest|holder_change|holder_ratio|event_age|rank_xsection,medium,use notice/disclosure date plus conservative next-trading-day lag,nonminute_pit_context_panel_then_integrated_factor_pack,eligible_for_bulk_transform_plan
cn_fundamental_akshare_batch_v1_20260531\aggregated_v1,balance_sheet_report_em,POLICY_BONUS_PAYABLE_YOY,holder_corporate_action,announcement_pit_feature,notice_or_disclosure_lagged,candidate_after_pit_contract,announcement_lagged_latest|holder_change|holder_ratio|event_age|rank_xsection,medium,use notice/disclosure date plus conservative next-trading-day lag,nonminute_pit_context_panel_then_integrated_factor_pack,eligible_for_bulk_transform_plan
cn_fundamental_akshare_batch_v1_20260531\aggregated_v1,balance_sheet_report_em,PRECIOUS_METAL,other,announcement_pit_feature,notice_or_disclosure_lagged,candidate_after_pit_contract,lagged_level|rank_xsection|zscore,low,use notice/disclosure date plus conservative next-trading-day lag,nonminute_pit_context_panel_then_integrated_factor_pack,eligible_for_bulk_transform_plan
cn_fundamental_akshare_batch_v1_20260531\aggregated_v1,balance_sheet_report_em,PRECIOUS_METAL_YOY,other,announcement_pit_feature,notice_or_disclosure_lagged,candidate_after_pit_contract,lagged_level|rank_xsection|zscore,low,use notice/disclosure date plus conservative next-trading-day lag,nonminute_pit_context_panel_then_integrated_factor_pack,eligible_for_bulk_transform_plan
cn_fundamental_akshare_batch_v1_20260531\aggregated_v1,balance_sheet_report_em,PREDICT_CURRENT_LIAB,fundamental_quality_risk,announcement_pit_feature,notice_or_disclosure_lagged,candidate_after_pit_contract,notice_lagged_latest|quarter_delta|ttm_proxy|ratio|winsorized_rank|quality_minus_risk,medium,use notice/disclosure date plus conservative next-trading-day lag,nonminute_pit_context_panel_then_integrated_factor_pack,eligible_for_bulk_transform_plan
cn_fundamental_akshare_batch_v1_20260531\aggregated_v1,balance_sheet_report_em,PREDICT_CURRENT_LIAB_YOY,fundamental_quality_risk,announcement_pit_feature,notice_or_disclosure_lagged,candidate_after_pit_contract,notice_lagged_latest|quarter_delta|ttm_proxy|ratio|winsorized_rank|quality_minus_risk,medium,use notice/disclosure date plus conservative next-trading-day lag,nonminute_pit_context_panel_then_integrated_factor_pack,eligible_for_bulk_transform_plan
cn_fundamental_akshare_batch_v1_20260531\aggregated_v1,balance_sheet_report_em,PREDICT_LIAB,fundamental_quality_risk,announcement_pit_feature,notice_or_disclosure_lagged,candidate_after_pit_contract,notice_lagged_latest|quarter_delta|ttm_proxy|ratio|winsorized_rank|quality_minus_risk,medium,use notice/disclosure date plus conservative next-trading-day lag,nonminute_pit_context_panel_then_integrated_factor_pack,eligible_for_bulk_transform_plan
cn_fundamental_akshare_batch_v1_20260531\aggregated_v1,balance_sheet_report_em,PREDICT_LIAB_YOY,fundamental_quality_risk,announcement_pit_feature,notice_or_disclosure_lagged,candidate_after_pit_contract,notice_lagged_latest|quarter_delta|ttm_proxy|ratio|winsorized_rank|quality_minus_risk,medium,use notice/disclosure date plus conservative next-trading-day lag,nonminute_pit_context_panel_then_integrated_factor_pack,eligible_for_bulk_transform_plan
cn_fundamental_akshare_batch_v1_20260531\aggregated_v1,balance_sheet_report_em,PREFERRED_SHARES,capacity_size,announcement_pit_feature,notice_or_disclosure_lagged,candidate_after_pit_contract,lagged_level|rank_xsection|capacity_bucket|liquidity_capacity_interaction|small_capacity_guard,high,use notice/disclosure date plus conservative next-trading-day lag,nonminute_pit_context_panel_then_integrated_factor_pack,add capacity-aware filter templates and book-readiness metrics
cn_fundamental_akshare_batch_v1_20260531\aggregated_v1,balance_sheet_report_em,PREFERRED_SHARES_PAYBALE,capacity_size,announcement_pit_feature,notice_or_disclosure_lagged,candidate_after_pit_contract,lagged_level|rank_xsection|capacity_bucket|liquidity_capacity_interaction|small_capacity_guard,high,use notice/disclosure date plus conservative next-trading-day lag,nonminute_pit_context_panel_then_integrated_factor_pack,add capacity-aware filter templates and book-readiness metrics
cn_fundamental_akshare_batch_v1_20260531\aggregated_v1,balance_sheet_report_em,PREFERRED_SHARES_PAYBALE_YOY,capacity_size,announcement_pit_feature,notice_or_disclosure_lagged,candidate_after_pit_contract,lagged_level|rank_xsection|capacity_bucket|liquidity_capacity_interaction|small_capacity_guard,high,use notice/disclosure date plus conservative next-trading-day lag,nonminute_pit_context_panel_then_integrated_factor_pack,add capacity-aware filter templates and book-readiness metrics
cn_fundamental_akshare_batch_v1_20260531\aggregated_v1,balance_sheet_report_em,PREFERRED_SHARES_YOY,capacity_size,announcement_pit_feature,notice_or_disclosure_lagged,candidate_after_pit_contract,lagged_level|rank_xsection|capacity_bucket|liquidity_capacity_interaction|small_capacity_guard,high,use notice/disclosure date plus conservative next-trading-day lag,nonminute_pit_context_panel_then_integrated_factor_pack,add capacity-aware filter templates and book-readiness metrics
cn_fundamental_akshare_batch_v1_20260531\aggregated_v1,balance_sheet_report_em,PREMIUM_RECE,other,announcement_pit_feature,notice_or_disclosure_lagged,candidate_after_pit_contract,lagged_level|rank_xsection|zscore,low,use notice/disclosure date plus conservative next-trading-day lag,nonminute_pit_context_panel_then_integrated_factor_pack,eligible_for_bulk_transform_plan
cn_fundamental_akshare_batch_v1_20260531\aggregated_v1,balance_sheet_report_em,PREMIUM_RECE_YOY,other,announcement_pit_feature,notice_or_disclosure_lagged,candidate_after_pit_contract,lagged_level|rank_xsection|zscore,low,use notice/disclosure date plus conservative next-trading-day lag,nonminute_pit_context_panel_then_integrated_factor_pack,eligible_for_bulk_transform_plan
cn_fundamental_akshare_batch_v1_20260531\aggregated_v1,balance_sheet_report_em,PREPAYMENT,other,announcement_pit_feature,notice_or_disclosure_lagged,candidate_after_pit_contract,lagged_level|rank_xsection|zscore,low,use notice/disclosure date plus conservative next-trading-day lag,nonminute_pit_context_panel_then_integrated_factor_pack,eligible_for_bulk_transform_plan
cn_fundamental_akshare_batch_v1_20260531\aggregated_v1,balance_sheet_report_em,PREPAYMENT_YOY,other,announcement_pit_feature,notice_or_disclosure_lagged,candidate_after_pit_contract,lagged_level|rank_xsection|zscore,low,use notice/disclosure date plus conservative next-trading-day lag,nonminute_pit_context_panel_then_integrated_factor_pack,eligible_for_bulk_transform_plan
cn_fundamental_akshare_batch_v1_20260531\aggregated_v1,balance_sheet_report_em,PRODUCTIVE_BIOLOGY_ASSET,fundamental_quality_risk,announcement_pit_feature,notice_or_disclosure_lagged,candidate_after_pit_contract,notice_lagged_latest|quarter_delta|ttm_proxy|ratio|winsorized_rank|quality_minus_risk,medium,use notice/disclosure date plus conservative next-trading-day lag,nonminute_pit_context_panel_then_integrated_factor_pack,eligible_for_bulk_transform_plan
cn_fundamental_akshare_batch_v1_20260531\aggregated_v1,balance_sheet_report_em,PRODUCTIVE_BIOLOGY_ASSET_YOY,fundamental_quality_risk,announcement_pit_feature,notice_or_disclosure_lagged,candidate_after_pit_contract,notice_lagged_latest|quarter_delta|ttm_proxy|ratio|winsorized_rank|quality_minus_risk,medium,use notice/disclosure date plus conservative next-trading-day lag,nonminute_pit_context_panel_then_integrated_factor_pack,eligible_for_bulk_transform_plan
cn_fundamental_akshare_batch_v1_20260531\aggregated_v1,balance_sheet_report_em,PROJECT_MATERIAL,other,announcement_pit_feature,notice_or_disclosure_lagged,candidate_after_pit_contract,lagged_level|rank_xsection|zscore,low,use notice/disclosure date plus conservative next-trading-day lag,nonminute_pit_context_panel_then_integrated_factor_pack,eligible_for_bulk_transform_plan
cn_fundamental_akshare_batch_v1_20260531\aggregated_v1,balance_sheet_report_em,PROJECT_MATERIAL_YOY,other,announcement_pit_feature,notice_or_disclosure_lagged,candidate_after_pit_contract,lagged_level|rank_xsection|zscore,low,use notice/disclosure date plus conservative next-trading-day lag,nonminute_pit_context_panel_then_integrated_factor_pack,eligible_for_bulk_transform_plan
cn_fundamental_akshare_batch_v1_20260531\aggregated_v1,balance_sheet_report_em,RC_RESERVE_RECE,other,announcement_pit_feature,notice_or_disclosure_lagged,candidate_after_pit_contract,lagged_level|rank_xsection|zscore,low,use notice/disclosure date plus conservative next-trading-day lag,nonminute_pit_context_panel_then_integrated_factor_pack,eligible_for_bulk_transform_plan
cn_fundamental_akshare_batch_v1_20260531\aggregated_v1,balance_sheet_report_em,RC_RESERVE_RECE_YOY,other,announcement_pit_feature,notice_or_disclosure_lagged,candidate_after_pit_contract,lagged_level|rank_xsection|zscore,low,use notice/disclosure date plus conservative next-trading-day lag,nonminute_pit_context_panel_then_integrated_factor_pack,eligible_for_bulk_transform_plan
cn_fundamental_akshare_batch_v1_20260531\aggregated_v1,balance_sheet_report_em,RECEIVABLES,other,announcement_pit_feature,notice_or_disclosure_lagged,candidate_after_pit_contract,lagged_level|rank_xsection|zscore,low,use notice/disclosure date plus conservative next-trading-day lag,nonminute_pit_context_panel_then_integrated_factor_pack,eligible_for_bulk_transform_plan
cn_fundamental_akshare_batch_v1_20260531\aggregated_v1,balance_sheet_report_em,RECEIVABLES_YOY,other,announcement_pit_feature,notice_or_disclosure_lagged,candidate_after_pit_contract,lagged_level|rank_xsection|zscore,low,use notice/disclosure date plus conservative next-trading-day lag,nonminute_pit_context_panel_then_integrated_factor_pack,eligible_for_bulk_transform_plan
cn_fundamental_akshare_batch_v1_20260531\aggregated_v1,balance_sheet_report_em,REFUND_CAPITAL_DEPOSIT,capacity_size,announcement_pit_feature,notice_or_disclosure_lagged,candidate_after_pit_contract,lagged_level|rank_xsection|capacity_bucket|liquidity_capacity_interaction|small_capacity_guard,high,use notice/disclosure date plus conservative next-trading-day lag,nonminute_pit_context_panel_then_integrated_factor_pack,add capacity-aware filter templates and book-readiness metrics
cn_fundamental_akshare_batch_v1_20260531\aggregated_v1,balance_sheet_report_em,REFUND_CAPITAL_DEPOSIT_YOY,capacity_size,announcement_pit_feature,notice_or_disclosure_lagged,candidate_after_pit_contract,lagged_level|rank_xsection|capacity_bucket|liquidity_capacity_interaction|small_capacity_guard,high,use notice/disclosure date plus conservative next-trading-day lag,nonminute_pit_context_panel_then_integrated_factor_pack,add capacity-aware filter templates and book-readiness metrics
cn_fundamental_akshare_batch_v1_20260531\aggregated_v1,balance_sheet_report_em,REFUND_DEPOSIT_PAY,other,announcement_pit_feature,notice_or_disclosure_lagged,candidate_after_pit_contract,lagged_level|rank_xsection|zscore,low,use notice/disclosure date plus conservative next-trading-day lag,nonminute_pit_context_panel_then_integrated_factor_pack,eligible_for_bulk_transform_plan
cn_fundamental_akshare_batch_v1_20260531\aggregated_v1,balance_sheet_report_em,REFUND_DEPOSIT_PAY_YOY,other,announcement_pit_feature,notice_or_disclosure_lagged,candidate_after_pit_contract,lagged_level|rank_xsection|zscore,low,use notice/disclosure date plus conservative next-trading-day lag,nonminute_pit_context_panel_then_integrated_factor_pack,eligible_for_bulk_transform_plan
cn_fundamental_akshare_batch_v1_20260531\aggregated_v1,balance_sheet_report_em,REFUND_DEPOSIT_RECE,other,announcement_pit_feature,notice_or_disclosure_lagged,candidate_after_pit_contract,lagged_level|rank_xsection|zscore,low,use notice/disclosure date plus conservative next-trading-day lag,nonminute_pit_context_panel_then_integrated_factor_pack,eligible_for_bulk_transform_plan
cn_fundamental_akshare_batch_v1_20260531\aggregated_v1,balance_sheet_report_em,REFUND_DEPOSIT_RECE_YOY,other,announcement_pit_feature,notice_or_disclosure_lagged,candidate_after_pit_contract,lagged_level|rank_xsection|zscore,low,use notice/disclosure date plus conservative next-trading-day lag,nonminute_pit_context_panel_then_integrated_factor_pack,eligible_for_bulk_transform_plan
cn_fundamental_akshare_batch_v1_20260531\aggregated_v1,balance_sheet_report_em,REINSURE_PAYABLE,other,announcement_pit_feature,notice_or_disclosure_lagged,candidate_after_pit_contract,lagged_level|rank_xsection|zscore,low,use notice/disclosure date plus conservative next-trading-day lag,nonminute_pit_context_panel_then_integrated_factor_pack,eligible_for_bulk_transform_plan
cn_fundamental_akshare_batch_v1_20260531\aggregated_v1,balance_sheet_report_em,REINSURE_PAYABLE_YOY,other,announcement_pit_feature,notice_or_disclosure_lagged,candidate_after_pit_contract,lagged_level|rank_xsection|zscore,low,use notice/disclosure date plus conservative next-trading-day lag,nonminute_pit_context_panel_then_integrated_factor_pack,eligible_for_bulk_transform_plan
cn_fundamental_akshare_batch_v1_20260531\aggregated_v1,balance_sheet_report_em,REINSURE_RECE,other,announcement_pit_feature,notice_or_disclosure_lagged,candidate_after_pit_contract,lagged_level|rank_xsection|zscore,low,use notice/disclosure date plus conservative next-trading-day lag,nonminute_pit_context_panel_then_integrated_factor_pack,eligible_for_bulk_transform_plan
cn_fundamental_akshare_batch_v1_20260531\aggregated_v1,balance_sheet_report_em,REINSURE_RECE_YOY,other,announcement_pit_feature,notice_or_disclosure_lagged,candidate_after_pit_contract,lagged_level|rank_xsection|zscore,low,use notice/disclosure date plus conservative next-trading-day lag,nonminute_pit_context_panel_then_integrated_factor_pack,eligible_for_bulk_transform_plan
cn_fundamental_akshare_batch_v1_20260531\aggregated_v1,balance_sheet_report_em,REPORT_TYPE,other,announcement_pit_feature,notice_or_disclosure_lagged,candidate_after_pit_contract,lagged_level|rank_xsection|zscore,low,use notice/disclosure date plus conservative next-trading-day lag,nonminute_pit_context_panel_then_integrated_factor_pack,eligible_for_bulk_transform_plan
cn_fundamental_akshare_batch_v1_20260531\aggregated_v1,balance_sheet_report_em,RHD_RESERVE_RECE,other,announcement_pit_feature,notice_or_disclosure_lagged,candidate_after_pit_contract,lagged_level|rank_xsection|zscore,low,use notice/disclosure date plus conservative next-trading-day lag,nonminute_pit_context_panel_then_integrated_factor_pack,eligible_for_bulk_transform_plan
cn_fundamental_akshare_batch_v1_20260531\aggregated_v1,balance_sheet_report_em,RHD_RESERVE_RECE_YOY,other,announcement_pit_feature,notice_or_disclosure_lagged,candidate_after_pit_contract,lagged_level|rank_xsection|zscore,low,use notice/disclosure date plus conservative next-trading-day lag,nonminute_pit_context_panel_then_integrated_factor_pack,eligible_for_bulk_transform_plan
cn_fundamental_akshare_batch_v1_20260531\aggregated_v1,balance_sheet_report_em,RLD_RESERVE_RECE,other,announcement_pit_feature,notice_or_disclosure_lagged,candidate_after_pit_contract,lagged_level|rank_xsection|zscore,low,use notice/disclosure date plus conservative next-trading-day lag,nonminute_pit_context_panel_then_integrated_factor_pack,eligible_for_bulk_transform_plan
cn_fundamental_akshare_batch_v1_20260531\aggregated_v1,balance_sheet_report_em,RLD_RESERVE_RECE_YOY,other,announcement_pit_feature,notice_or_disclosure_lagged,candidate_after_pit_contract,lagged_level|rank_xsection|zscore,low,use notice/disclosure date plus conservative next-trading-day lag,nonminute_pit_context_panel_then_integrated_factor_pack,eligible_for_bulk_transform_plan
cn_fundamental_akshare_batch_v1_20260531\aggregated_v1,balance_sheet_report_em,RUC_RESERVE_RECE,other,announcement_pit_feature,notice_or_disclosure_lagged,candidate_after_pit_contract,lagged_level|rank_xsection|zscore,low,use notice/disclosure date plus conservative next-trading-day lag,nonminute_pit_context_panel_then_integrated_factor_pack,eligible_for_bulk_transform_plan
cn_fundamental_akshare_batch_v1_20260531\aggregated_v1,balance_sheet_report_em,RUC_RESERVE_RECE_YOY,other,announcement_pit_feature,notice_or_disclosure_lagged,candidate_after_pit_contract,lagged_level|rank_xsection|zscore,low,use notice/disclosure date plus conservative next-trading-day lag,nonminute_pit_context_panel_then_integrated_factor_pack,eligible_for_bulk_transform_plan
cn_fundamental_akshare_batch_v1_20260531\aggregated_v1,balance_sheet_report_em,RUD_RESERVE_RECE,other,announcement_pit_feature,notice_or_disclosure_lagged,candidate_after_pit_contract,lagged_level|rank_xsection|zscore,low,use notice/disclosure date plus conservative next-trading-day lag,nonminute_pit_context_panel_then_integrated_factor_pack,eligible_for_bulk_transform_plan
cn_fundamental_akshare_batch_v1_20260531\aggregated_v1,balance_sheet_report_em,RUD_RESERVE_RECE_YOY,other,announcement_pit_feature,notice_or_disclosure_lagged,candidate_after_pit_contract,lagged_level|rank_xsection|zscore,low,use notice/disclosure date plus conservative next-trading-day lag,nonminute_pit_context_panel_then_integrated_factor_pack,eligible_for_bulk_transform_plan
cn_fundamental_akshare_batch_v1_20260531\aggregated_v1,balance_sheet_report_em,SECURITY_TYPE_CODE,other,announcement_pit_feature,notice_or_disclosure_lagged,candidate_after_pit_contract,lagged_level|rank_xsection|zscore,low,use notice/disclosure date plus conservative next-trading-day lag,nonminute_pit_context_panel_then_integrated_factor_pack,eligible_for_bulk_transform_plan
cn_fundamental_akshare_batch_v1_20260531\aggregated_v1,balance_sheet_report_em,SELL_REPO_FINASSET,fundamental_quality_risk,announcement_pit_feature,notice_or_disclosure_lagged,candidate_after_pit_contract,notice_lagged_latest|quarter_delta|ttm_proxy|ratio|winsorized_rank|quality_minus_risk,medium,use notice/disclosure date plus conservative next-trading-day lag,nonminute_pit_context_panel_then_integrated_factor_pack,eligible_for_bulk_transform_plan
cn_fundamental_akshare_batch_v1_20260531\aggregated_v1,balance_sheet_report_em,SELL_REPO_FINASSET_YOY,fundamental_quality_risk,announcement_pit_feature,notice_or_disclosure_lagged,candidate_after_pit_contract,notice_lagged_latest|quarter_delta|ttm_proxy|ratio|winsorized_rank|quality_minus_risk,medium,use notice/disclosure date plus conservative next-trading-day lag,nonminute_pit_context_panel_then_integrated_factor_pack,eligible_for_bulk_transform_plan
cn_fundamental_akshare_batch_v1_20260531\aggregated_v1,balance_sheet_report_em,SETTLE_EXCESS_RESERVE,other,announcement_pit_feature,notice_or_disclosure_lagged,candidate_after_pit_contract,lagged_level|rank_xsection|zscore,low,use notice/disclosure date plus conservative next-trading-day lag,nonminute_pit_context_panel_then_integrated_factor_pack,eligible_for_bulk_transform_plan
cn_fundamental_akshare_batch_v1_20260531\aggregated_v1,balance_sheet_report_em,SETTLE_EXCESS_RESERVE_YOY,other,announcement_pit_feature,notice_or_disclosure_lagged,candidate_after_pit_contract,lagged_level|rank_xsection|zscore,low,use notice/disclosure date plus conservative next-trading-day lag,nonminute_pit_context_panel_then_integrated_factor_pack,eligible_for_bulk_transform_plan
cn_fundamental_akshare_batch_v1_20260531\aggregated_v1,balance_sheet_report_em,SHARE_CAPITAL,capacity_size,announcement_pit_feature,notice_or_disclosure_lagged,candidate_after_pit_contract,lagged_level|rank_xsection|capacity_bucket|liquidity_capacity_interaction|small_capacity_guard,high,use notice/disclosure date plus conservative next-trading-day lag,nonminute_pit_context_panel_then_integrated_factor_pack,add capacity-aware filter templates and book-readiness metrics
cn_fundamental_akshare_batch_v1_20260531\aggregated_v1,balance_sheet_report_em,SHARE_CAPITAL_YOY,capacity_size,announcement_pit_feature,notice_or_disclosure_lagged,candidate_after_pit_contract,lagged_level|rank_xsection|capacity_bucket|liquidity_capacity_interaction|small_capacity_guard,high,use notice/disclosure date plus conservative next-trading-day lag,nonminute_pit_context_panel_then_integrated_factor_pack,add capacity-aware filter templates and book-readiness metrics
cn_fundamental_akshare_batch_v1_20260531\aggregated_v1,balance_sheet_report_em,SHORT_BOND_PAYABLE,other,announcement_pit_feature,notice_or_disclosure_lagged,candidate_after_pit_contract,lagged_level|rank_xsection|zscore,low,use notice/disclosure date plus conservative next-trading-day lag,nonminute_pit_context_panel_then_integrated_factor_pack,eligible_for_bulk_transform_plan
cn_fundamental_akshare_batch_v1_20260531\aggregated_v1,balance_sheet_report_em,SHORT_BOND_PAYABLE_YOY,other,announcement_pit_feature,notice_or_disclosure_lagged,candidate_after_pit_contract,lagged_level|rank_xsection|zscore,low,use notice/disclosure date plus conservative next-trading-day lag,nonminute_pit_context_panel_then_integrated_factor_pack,eligible_for_bulk_transform_plan
cn_fundamental_akshare_batch_v1_20260531\aggregated_v1,balance_sheet_report_em,SHORT_FIN_PAYABLE,other,announcement_pit_feature,notice_or_disclosure_lagged,candidate_after_pit_contract,lagged_level|rank_xsection|zscore,low,use notice/disclosure date plus conservative next-trading-day lag,nonminute_pit_context_panel_then_integrated_factor_pack,eligible_for_bulk_transform_plan
cn_fundamental_akshare_batch_v1_20260531\aggregated_v1,balance_sheet_report_em,SHORT_FIN_PAYABLE_YOY,other,announcement_pit_feature,notice_or_disclosure_lagged,candidate_after_pit_contract,lagged_level|rank_xsection|zscore,low,use notice/disclosure date plus conservative next-trading-day lag,nonminute_pit_context_panel_then_integrated_factor_pack,eligible_for_bulk_transform_plan
cn_fundamental_akshare_batch_v1_20260531\aggregated_v1,balance_sheet_report_em,SHORT_LOAN,other,announcement_pit_feature,notice_or_disclosure_lagged,candidate_after_pit_contract,lagged_level|rank_xsection|zscore,low,use notice/disclosure date plus conservative next-trading-day lag,nonminute_pit_context_panel_then_integrated_factor_pack,eligible_for_bulk_transform_plan
cn_fundamental_akshare_batch_v1_20260531\aggregated_v1,balance_sheet_report_em,SHORT_LOAN_YOY,other,announcement_pit_feature,notice_or_disclosure_lagged,candidate_after_pit_contract,lagged_level|rank_xsection|zscore,low,use notice/disclosure date plus conservative next-trading-day lag,nonminute_pit_context_panel_then_integrated_factor_pack,eligible_for_bulk_transform_plan
cn_fundamental_akshare_batch_v1_20260531\aggregated_v1,balance_sheet_report_em,SPECIAL_PAYABLE,other,announcement_pit_feature,notice_or_disclosure_lagged,candidate_after_pit_contract,lagged_level|rank_xsection|zscore,low,use notice/disclosure date plus conservative next-trading-day lag,nonminute_pit_context_panel_then_integrated_factor_pack,eligible_for_bulk_transform_plan
cn_fundamental_akshare_batch_v1_20260531\aggregated_v1,balance_sheet_report_em,SPECIAL_PAYABLE_YOY,other,announcement_pit_feature,notice_or_disclosure_lagged,candidate_after_pit_contract,lagged_level|rank_xsection|zscore,low,use notice/disclosure date plus conservative next-trading-day lag,nonminute_pit_context_panel_then_integrated_factor_pack,eligible_for_bulk_transform_plan
cn_fundamental_akshare_batch_v1_20260531\aggregated_v1,balance_sheet_report_em,SPECIAL_RESERVE,other,announcement_pit_feature,notice_or_disclosure_lagged,candidate_after_pit_contract,lagged_level|rank_xsection|zscore,low,use notice/disclosure date plus conservative next-trading-day lag,nonminute_pit_context_panel_then_integrated_factor_pack,eligible_for_bulk_transform_plan
cn_fundamental_akshare_batch_v1_20260531\aggregated_v1,balance_sheet_report_em,SPECIAL_RESERVE_YOY,other,announcement_pit_feature,notice_or_disclosure_lagged,candidate_after_pit_contract,lagged_level|rank_xsection|zscore,low,use notice/disclosure date plus conservative next-trading-day lag,nonminute_pit_context_panel_then_integrated_factor_pack,eligible_for_bulk_transform_plan
cn_fundamental_akshare_batch_v1_20260531\aggregated_v1,balance_sheet_report_em,STAFF_SALARY_PAYABLE,tradability_universe,announcement_pit_feature,notice_or_disclosure_lagged,candidate_after_pit_contract,filter_only|risk_control|do_not_rank_standalone,low,use notice/disclosure date plus conservative next-trading-day lag,nonminute_pit_context_panel_then_integrated_factor_pack,eligible_for_bulk_transform_plan
cn_fundamental_akshare_batch_v1_20260531\aggregated_v1,balance_sheet_report_em,STAFF_SALARY_PAYABLE_YOY,tradability_universe,announcement_pit_feature,notice_or_disclosure_lagged,candidate_after_pit_contract,filter_only|risk_control|do_not_rank_standalone,low,use notice/disclosure date plus conservative next-trading-day lag,nonminute_pit_context_panel_then_integrated_factor_pack,eligible_for_bulk_transform_plan
cn_fundamental_akshare_batch_v1_20260531\aggregated_v1,balance_sheet_report_em,SUBBOND_PAYABLE,other,announcement_pit_feature,notice_or_disclosure_lagged,candidate_after_pit_contract,lagged_level|rank_xsection|zscore,low,use notice/disclosure date plus conservative next-trading-day lag,nonminute_pit_context_panel_then_integrated_factor_pack,eligible_for_bulk_transform_plan
cn_fundamental_akshare_batch_v1_20260531\aggregated_v1,balance_sheet_report_em,SUBBOND_PAYABLE_YOY,other,announcement_pit_feature,notice_or_disclosure_lagged,candidate_after_pit_contract,lagged_level|rank_xsection|zscore,low,use notice/disclosure date plus conservative next-trading-day lag,nonminute_pit_context_panel_then_integrated_factor_pack,eligible_for_bulk_transform_plan
cn_fundamental_akshare_batch_v1_20260531\aggregated_v1,balance_sheet_report_em,SUBROGATION_RECE,other,announcement_pit_feature,notice_or_disclosure_lagged,candidate_after_pit_contract,lagged_level|rank_xsection|zscore,low,use notice/disclosure date plus conservative next-trading-day lag,nonminute_pit_context_panel_then_integrated_factor_pack,eligible_for_bulk_transform_plan
cn_fundamental_akshare_batch_v1_20260531\aggregated_v1,balance_sheet_report_em,SUBROGATION_RECE_YOY,other,announcement_pit_feature,notice_or_disclosure_lagged,candidate_after_pit_contract,lagged_level|rank_xsection|zscore,low,use notice/disclosure date plus conservative next-trading-day lag,nonminute_pit_context_panel_then_integrated_factor_pack,eligible_for_bulk_transform_plan
cn_fundamental_akshare_batch_v1_20260531\aggregated_v1,balance_sheet_report_em,SUBSIDY_RECE,other,announcement_pit_feature,notice_or_disclosure_lagged,candidate_after_pit_contract,lagged_level|rank_xsection|zscore,low,use notice/disclosure date plus conservative next-trading-day lag,nonminute_pit_context_panel_then_integrated_factor_pack,eligible_for_bulk_transform_plan
cn_fundamental_akshare_batch_v1_20260531\aggregated_v1,balance_sheet_report_em,SUBSIDY_RECE_YOY,other,announcement_pit_feature,notice_or_disclosure_lagged,candidate_after_pit_contract,lagged_level|rank_xsection|zscore,low,use notice/disclosure date plus conservative next-trading-day lag,nonminute_pit_context_panel_then_integrated_factor_pack,eligible_for_bulk_transform_plan
cn_fundamental_akshare_batch_v1_20260531\aggregated_v1,balance_sheet_report_em,SURPLUS_RESERVE,other,announcement_pit_feature,notice_or_disclosure_lagged,candidate_after_pit_contract,lagged_level|rank_xsection|zscore,low,use notice/disclosure date plus conservative next-trading-day lag,nonminute_pit_context_panel_then_integrated_factor_pack,eligible_for_bulk_transform_plan
cn_fundamental_akshare_batch_v1_20260531\aggregated_v1,balance_sheet_report_em,SURPLUS_RESERVE_YOY,other,announcement_pit_feature,notice_or_disclosure_lagged,candidate_after_pit_contract,lagged_level|rank_xsection|zscore,low,use notice/disclosure date plus conservative next-trading-day lag,nonminute_pit_context_panel_then_integrated_factor_pack,eligible_for_bulk_transform_plan
cn_fundamental_akshare_batch_v1_20260531\aggregated_v1,balance_sheet_report_em,TAX_PAYABLE,other,announcement_pit_feature,notice_or_disclosure_lagged,candidate_after_pit_contract,lagged_level|rank_xsection|zscore,low,use notice/disclosure date plus conservative next-trading-day lag,nonminute_pit_context_panel_then_integrated_factor_pack,eligible_for_bulk_transform_plan
cn_fundamental_akshare_batch_v1_20260531\aggregated_v1,balance_sheet_report_em,TAX_PAYABLE_YOY,other,announcement_pit_feature,notice_or_disclosure_lagged,candidate_after_pit_contract,lagged_level|rank_xsection|zscore,low,use notice/disclosure date plus conservative next-trading-day lag,nonminute_pit_context_panel_then_integrated_factor_pack,eligible_for_bulk_transform_plan
cn_fundamental_akshare_batch_v1_20260531\aggregated_v1,balance_sheet_report_em,TOTAL_ASSETS,fundamental_quality_risk,announcement_pit_feature,notice_or_disclosure_lagged,candidate_after_pit_contract,notice_lagged_latest|quarter_delta|ttm_proxy|ratio|winsorized_rank|quality_minus_risk,medium,use notice/disclosure date plus conservative next-trading-day lag,nonminute_pit_context_panel_then_integrated_factor_pack,eligible_for_bulk_transform_plan
cn_fundamental_akshare_batch_v1_20260531\aggregated_v1,balance_sheet_report_em,TOTAL_ASSETS_YOY,fundamental_quality_risk,announcement_pit_feature,notice_or_disclosure_lagged,candidate_after_pit_contract,notice_lagged_latest|quarter_delta|ttm_proxy|ratio|winsorized_rank|quality_minus_risk,medium,use notice/disclosure date plus conservative next-trading-day lag,nonminute_pit_context_panel_then_integrated_factor_pack,eligible_for_bulk_transform_plan
cn_fundamental_akshare_batch_v1_20260531\aggregated_v1,balance_sheet_report_em,TOTAL_CURRENT_ASSETS,fundamental_quality_risk,announcement_pit_feature,notice_or_disclosure_lagged,candidate_after_pit_contract,notice_lagged_latest|quarter_delta|ttm_proxy|ratio|winsorized_rank|quality_minus_risk,medium,use notice/disclosure date plus conservative next-trading-day lag,nonminute_pit_context_panel_then_integrated_factor_pack,eligible_for_bulk_transform_plan
cn_fundamental_akshare_batch_v1_20260531\aggregated_v1,balance_sheet_report_em,TOTAL_CURRENT_ASSETS_YOY,fundamental_quality_risk,announcement_pit_feature,notice_or_disclosure_lagged,candidate_after_pit_contract,notice_lagged_latest|quarter_delta|ttm_proxy|ratio|winsorized_rank|quality_minus_risk,medium,use notice/disclosure date plus conservative next-trading-day lag,nonminute_pit_context_panel_then_integrated_factor_pack,eligible_for_bulk_transform_plan
cn_fundamental_akshare_batch_v1_20260531\aggregated_v1,balance_sheet_report_em,TOTAL_CURRENT_LIAB,fundamental_quality_risk,announcement_pit_feature,notice_or_disclosure_lagged,candidate_after_pit_contract,notice_lagged_latest|quarter_delta|ttm_proxy|ratio|winsorized_rank|quality_minus_risk,medium,use notice/disclosure date plus conservative next-trading-day lag,nonminute_pit_context_panel_then_integrated_factor_pack,eligible_for_bulk_transform_plan
cn_fundamental_akshare_batch_v1_20260531\aggregated_v1,balance_sheet_report_em,TOTAL_CURRENT_LIAB_YOY,fundamental_quality_risk,announcement_pit_feature,notice_or_disclosure_lagged,candidate_after_pit_contract,notice_lagged_latest|quarter_delta|ttm_proxy|ratio|winsorized_rank|quality_minus_risk,medium,use notice/disclosure date plus conservative next-trading-day lag,nonminute_pit_context_panel_then_integrated_factor_pack,eligible_for_bulk_transform_plan
cn_fundamental_akshare_batch_v1_20260531\aggregated_v1,balance_sheet_report_em,TOTAL_EQUITY,other,announcement_pit_feature,notice_or_disclosure_lagged,candidate_after_pit_contract,lagged_level|rank_xsection|zscore,low,use notice/disclosure date plus conservative next-trading-day lag,nonminute_pit_context_panel_then_integrated_factor_pack,eligible_for_bulk_transform_plan
cn_fundamental_akshare_batch_v1_20260531\aggregated_v1,balance_sheet_report_em,TOTAL_EQUITY_YOY,other,announcement_pit_feature,notice_or_disclosure_lagged,candidate_after_pit_contract,lagged_level|rank_xsection|zscore,low,use notice/disclosure date plus conservative next-trading-day lag,nonminute_pit_context_panel_then_integrated_factor_pack,eligible_for_bulk_transform_plan
cn_fundamental_akshare_batch_v1_20260531\aggregated_v1,balance_sheet_report_em,TOTAL_LIABILITIES,fundamental_quality_risk,announcement_pit_feature,notice_or_disclosure_lagged,candidate_after_pit_contract,notice_lagged_latest|quarter_delta|ttm_proxy|ratio|winsorized_rank|quality_minus_risk,medium,use notice/disclosure date plus conservative next-trading-day lag,nonminute_pit_context_panel_then_integrated_factor_pack,eligible_for_bulk_transform_plan
cn_fundamental_akshare_batch_v1_20260531\aggregated_v1,balance_sheet_report_em,TOTAL_LIABILITIES_YOY,fundamental_quality_risk,announcement_pit_feature,notice_or_disclosure_lagged,candidate_after_pit_contract,notice_lagged_latest|quarter_delta|ttm_proxy|ratio|winsorized_rank|quality_minus_risk,medium,use notice/disclosure date plus conservative next-trading-day lag,nonminute_pit_context_panel_then_integrated_factor_pack,eligible_for_bulk_transform_plan
cn_fundamental_akshare_batch_v1_20260531\aggregated_v1,balance_sheet_report_em,TOTAL_LIAB_EQUITY,fundamental_quality_risk,announcement_pit_feature,notice_or_disclosure_lagged,candidate_after_pit_contract,notice_lagged_latest|quarter_delta|ttm_proxy|ratio|winsorized_rank|quality_minus_risk,medium,use notice/disclosure date plus conservative next-trading-day lag,nonminute_pit_context_panel_then_integrated_factor_pack,eligible_for_bulk_transform_plan
cn_fundamental_akshare_batch_v1_20260531\aggregated_v1,balance_sheet_report_em,TOTAL_LIAB_EQUITY_YOY,fundamental_quality_risk,announcement_pit_feature,notice_or_disclosure_lagged,candidate_after_pit_contract,notice_lagged_latest|quarter_delta|ttm_proxy|ratio|winsorized_rank|quality_minus_risk,medium,use notice/disclosure date plus conservative next-trading-day lag,nonminute_pit_context_panel_then_integrated_factor_pack,eligible_for_bulk_transform_plan
cn_fundamental_akshare_batch_v1_20260531\aggregated_v1,balance_sheet_report_em,TOTAL_NONCURRENT_ASSETS,fundamental_quality_risk,announcement_pit_feature,notice_or_disclosure_lagged,candidate_after_pit_contract,notice_lagged_latest|quarter_delta|ttm_proxy|ratio|winsorized_rank|quality_minus_risk,medium,use notice/disclosure date plus conservative next-trading-day lag,nonminute_pit_context_panel_then_integrated_factor_pack,eligible_for_bulk_transform_plan
cn_fundamental_akshare_batch_v1_20260531\aggregated_v1,balance_sheet_report_em,TOTAL_NONCURRENT_ASSETS_YOY,fundamental_quality_risk,announcement_pit_feature,notice_or_disclosure_lagged,candidate_after_pit_contract,notice_lagged_latest|quarter_delta|ttm_proxy|ratio|winsorized_rank|quality_minus_risk,medium,use notice/disclosure date plus conservative next-trading-day lag,nonminute_pit_context_panel_then_integrated_factor_pack,eligible_for_bulk_transform_plan
cn_fundamental_akshare_batch_v1_20260531\aggregated_v1,balance_sheet_report_em,TOTAL_NONCURRENT_LIAB,fundamental_quality_risk,announcement_pit_feature,notice_or_disclosure_lagged,candidate_after_pit_contract,notice_lagged_latest|quarter_delta|ttm_proxy|ratio|winsorized_rank|quality_minus_risk,medium,use notice/disclosure date plus conservative next-trading-day lag,nonminute_pit_context_panel_then_integrated_factor_pack,eligible_for_bulk_transform_plan
cn_fundamental_akshare_batch_v1_20260531\aggregated_v1,balance_sheet_report_em,TOTAL_NONCURRENT_LIAB_YOY,fundamental_quality_risk,announcement_pit_feature,notice_or_disclosure_lagged,candidate_after_pit_contract,notice_lagged_latest|quarter_delta|ttm_proxy|ratio|winsorized_rank|quality_minus_risk,medium,use notice/disclosure date plus conservative next-trading-day lag,nonminute_pit_context_panel_then_integrated_factor_pack,eligible_for_bulk_transform_plan
cn_fundamental_akshare_batch_v1_20260531\aggregated_v1,balance_sheet_report_em,TOTAL_OTHER_PAYABLE,other,announcement_pit_feature,notice_or_disclosure_lagged,candidate_after_pit_contract,lagged_level|rank_xsection|zscore,low,use notice/disclosure date plus conservative next-trading-day lag,nonminute_pit_context_panel_then_integrated_factor_pack,eligible_for_bulk_transform_plan
cn_fundamental_akshare_batch_v1_20260531\aggregated_v1,balance_sheet_report_em,TOTAL_OTHER_PAYABLE_YOY,other,announcement_pit_feature,notice_or_disclosure_lagged,candidate_after_pit_contract,lagged_level|rank_xsection|zscore,low,use notice/disclosure date plus conservative next-trading-day lag,nonminute_pit_context_panel_then_integrated_factor_pack,eligible_for_bulk_transform_plan
cn_fundamental_akshare_batch_v1_20260531\aggregated_v1,balance_sheet_report_em,TOTAL_OTHER_RECE,other,announcement_pit_feature,notice_or_disclosure_lagged,candidate_after_pit_contract,lagged_level|rank_xsection|zscore,low,use notice/disclosure date plus conservative next-trading-day lag,nonminute_pit_context_panel_then_integrated_factor_pack,eligible_for_bulk_transform_plan
cn_fundamental_akshare_batch_v1_20260531\aggregated_v1,balance_sheet_report_em,TOTAL_OTHER_RECE_YOY,other,announcement_pit_feature,notice_or_disclosure_lagged,candidate_after_pit_contract,lagged_level|rank_xsection|zscore,low,use notice/disclosure date plus conservative next-trading-day lag,nonminute_pit_context_panel_then_integrated_factor_pack,eligible_for_bulk_transform_plan
cn_fundamental_akshare_batch_v1_20260531\aggregated_v1,balance_sheet_report_em,TOTAL_PARENT_EQUITY,other,announcement_pit_feature,notice_or_disclosure_lagged,candidate_after_pit_contract,lagged_level|rank_xsection|zscore,low,use notice/disclosure date plus conservative next-trading-day lag,nonminute_pit_context_panel_then_integrated_factor_pack,eligible_for_bulk_transform_plan
cn_fundamental_akshare_batch_v1_20260531\aggregated_v1,balance_sheet_report_em,TOTAL_PARENT_EQUITY_YOY,other,announcement_pit_feature,notice_or_disclosure_lagged,candidate_after_pit_contract,lagged_level|rank_xsection|zscore,low,use notice/disclosure date plus conservative next-trading-day lag,nonminute_pit_context_panel_then_integrated_factor_pack,eligible_for_bulk_transform_plan
cn_fundamental_akshare_batch_v1_20260531\aggregated_v1,balance_sheet_report_em,TRADE_FINASSET,fundamental_quality_risk,announcement_pit_feature,notice_or_disclosure_lagged,candidate_after_pit_contract,notice_lagged_latest|quarter_delta|ttm_proxy|ratio|winsorized_rank|quality_minus_risk,medium,use notice/disclosure date plus conservative next-trading-day lag,nonminute_pit_context_panel_then_integrated_factor_pack,eligible_for_bulk_transform_plan
cn_fundamental_akshare_batch_v1_20260531\aggregated_v1,balance_sheet_report_em,TRADE_FINASSET_NOTFVTPL,fundamental_quality_risk,announcement_pit_feature,notice_or_disclosure_lagged,candidate_after_pit_contract,notice_lagged_latest|quarter_delta|ttm_proxy|ratio|winsorized_rank|quality_minus_risk,medium,use notice/disclosure date plus conservative next-trading-day lag,nonminute_pit_context_panel_then_integrated_factor_pack,eligible_for_bulk_transform_plan
cn_fundamental_akshare_batch_v1_20260531\aggregated_v1,balance_sheet_report_em,TRADE_FINASSET_NOTFVTPL_YOY,fundamental_quality_risk,announcement_pit_feature,notice_or_disclosure_lagged,candidate_after_pit_contract,notice_lagged_latest|quarter_delta|ttm_proxy|ratio|winsorized_rank|quality_minus_risk,medium,use notice/disclosure date plus conservative next-trading-day lag,nonminute_pit_context_panel_then_integrated_factor_pack,eligible_for_bulk_transform_plan
cn_fundamental_akshare_batch_v1_20260531\aggregated_v1,balance_sheet_report_em,TRADE_FINASSET_YOY,fundamental_quality_risk,announcement_pit_feature,notice_or_disclosure_lagged,candidate_after_pit_contract,notice_lagged_latest|quarter_delta|ttm_proxy|ratio|winsorized_rank|quality_minus_risk,medium,use notice/disclosure date plus conservative next-trading-day lag,nonminute_pit_context_panel_then_integrated_factor_pack,eligible_for_bulk_transform_plan
cn_fundamental_akshare_batch_v1_20260531\aggregated_v1,balance_sheet_report_em,TRADE_FINLIAB,fundamental_quality_risk,announcement_pit_feature,notice_or_disclosure_lagged,candidate_after_pit_contract,notice_lagged_latest|quarter_delta|ttm_proxy|ratio|winsorized_rank|quality_minus_risk,medium,use notice/disclosure date plus conservative next-trading-day lag,nonminute_pit_context_panel_then_integrated_factor_pack,eligible_for_bulk_transform_plan
cn_fundamental_akshare_batch_v1_20260531\aggregated_v1,balance_sheet_report_em,TRADE_FINLIAB_NOTFVTPL,fundamental_quality_risk,announcement_pit_feature,notice_or_disclosure_lagged,candidate_after_pit_contract,notice_lagged_latest|quarter_delta|ttm_proxy|ratio|winsorized_rank|quality_minus_risk,medium,use notice/disclosure date plus conservative next-trading-day lag,nonminute_pit_context_panel_then_integrated_factor_pack,eligible_for_bulk_transform_plan
cn_fundamental_akshare_batch_v1_20260531\aggregated_v1,balance_sheet_report_em,TRADE_FINLIAB_NOTFVTPL_YOY,fundamental_quality_risk,announcement_pit_feature,notice_or_disclosure_lagged,candidate_after_pit_contract,notice_lagged_latest|quarter_delta|ttm_proxy|ratio|winsorized_rank|quality_minus_risk,medium,use notice/disclosure date plus conservative next-trading-day lag,nonminute_pit_context_panel_then_integrated_factor_pack,eligible_for_bulk_transform_plan
cn_fundamental_akshare_batch_v1_20260531\aggregated_v1,balance_sheet_report_em,TRADE_FINLIAB_YOY,fundamental_quality_risk,announcement_pit_feature,notice_or_disclosure_lagged,candidate_after_pit_contract,notice_lagged_latest|quarter_delta|ttm_proxy|ratio|winsorized_rank|quality_minus_risk,medium,use notice/disclosure date plus conservative next-trading-day lag,nonminute_pit_context_panel_then_integrated_factor_pack,eligible_for_bulk_transform_plan
cn_fundamental_akshare_batch_v1_20260531\aggregated_v1,balance_sheet_report_em,TRADE_RISK_RESERVE,other,announcement_pit_feature,notice_or_disclosure_lagged,candidate_after_pit_contract,lagged_level|rank_xsection|zscore,low,use notice/disclosure date plus conservative next-trading-day lag,nonminute_pit_context_panel_then_integrated_factor_pack,eligible_for_bulk_transform_plan
cn_fundamental_akshare_batch_v1_20260531\aggregated_v1,balance_sheet_report_em,TRADE_RISK_RESERVE_YOY,other,announcement_pit_feature,notice_or_disclosure_lagged,candidate_after_pit_contract,lagged_level|rank_xsection|zscore,low,use notice/disclosure date plus conservative next-trading-day lag,nonminute_pit_context_panel_then_integrated_factor_pack,eligible_for_bulk_transform_plan
cn_fundamental_akshare_batch_v1_20260531\aggregated_v1,balance_sheet_report_em,TRADE_SEAT_FEE,disclosure_event_flow,announcement_pit_feature,notice_or_disclosure_lagged,candidate_after_pit_contract,event_flag|event_age|net_buy_sell_ratio|matched_control_required|diagnostic_first,medium,use notice/disclosure date plus conservative next-trading-day lag,nonminute_pit_context_panel_then_integrated_factor_pack,eligible_for_bulk_transform_plan
cn_fundamental_akshare_batch_v1_20260531\aggregated_v1,balance_sheet_report_em,TRADE_SEAT_FEE_YOY,disclosure_event_flow,announcement_pit_feature,notice_or_disclosure_lagged,candidate_after_pit_contract,event_flag|event_age|net_buy_sell_ratio|matched_control_required|diagnostic_first,medium,use notice/disclosure date plus conservative next-trading-day lag,nonminute_pit_context_panel_then_integrated_factor_pack,eligible_for_bulk_transform_plan
cn_fundamental_akshare_batch_v1_20260531\aggregated_v1,balance_sheet_report_em,TREASURY_SHARES,capacity_size,announcement_pit_feature,notice_or_disclosure_lagged,candidate_after_pit_contract,lagged_level|rank_xsection|capacity_bucket|liquidity_capacity_interaction|small_capacity_guard,high,use notice/disclosure date plus conservative next-trading-day lag,nonminute_pit_context_panel_then_integrated_factor_pack,add capacity-aware filter templates and book-readiness metrics
cn_fundamental_akshare_batch_v1_20260531\aggregated_v1,balance_sheet_report_em,TREASURY_SHARES_YOY,capacity_size,announcement_pit_feature,notice_or_disclosure_lagged,candidate_after_pit_contract,lagged_level|rank_xsection|capacity_bucket|liquidity_capacity_interaction|small_capacity_guard,high,use notice/disclosure date plus conservative next-trading-day lag,nonminute_pit_context_panel_then_integrated_factor_pack,add capacity-aware filter templates and book-readiness metrics
cn_fundamental_akshare_batch_v1_20260531\aggregated_v1,balance_sheet_report_em,UC_RESERVE,other,announcement_pit_feature,notice_or_disclosure_lagged,candidate_after_pit_contract,lagged_level|rank_xsection|zscore,low,use notice/disclosure date plus conservative next-trading-day lag,nonminute_pit_context_panel_then_integrated_factor_pack,eligible_for_bulk_transform_plan
cn_fundamental_akshare_batch_v1_20260531\aggregated_v1,balance_sheet_report_em,UC_RESERVE_YOY,other,announcement_pit_feature,notice_or_disclosure_lagged,candidate_after_pit_contract,lagged_level|rank_xsection|zscore,low,use notice/disclosure date plus conservative next-trading-day lag,nonminute_pit_context_panel_then_integrated_factor_pack,eligible_for_bulk_transform_plan
cn_fundamental_akshare_batch_v1_20260531\aggregated_v1,balance_sheet_report_em,UD_RESERVE,other,announcement_pit_feature,notice_or_disclosure_lagged,candidate_after_pit_contract,lagged_level|rank_xsection|zscore,low,use notice/disclosure date plus conservative next-trading-day lag,nonminute_pit_context_panel_then_integrated_factor_pack,eligible_for_bulk_transform_plan
cn_fundamental_akshare_batch_v1_20260531\aggregated_v1,balance_sheet_report_em,UD_RESERVE_YOY,other,announcement_pit_feature,notice_or_disclosure_lagged,candidate_after_pit_contract,lagged_level|rank_xsection|zscore,low,use notice/disclosure date plus conservative next-trading-day lag,nonminute_pit_context_panel_then_integrated_factor_pack,eligible_for_bulk_transform_plan
cn_fundamental_akshare_batch_v1_20260531\aggregated_v1,balance_sheet_report_em,UNASSIGN_RPOFIT,other,announcement_pit_feature,notice_or_disclosure_lagged,candidate_after_pit_contract,lagged_level|rank_xsection|zscore,low,use notice/disclosure date plus conservative next-trading-day lag,nonminute_pit_context_panel_then_integrated_factor_pack,eligible_for_bulk_transform_plan
cn_fundamental_akshare_batch_v1_20260531\aggregated_v1,balance_sheet_report_em,UNASSIGN_RPOFIT_YOY,other,announcement_pit_feature,notice_or_disclosure_lagged,candidate_after_pit_contract,lagged_level|rank_xsection|zscore,low,use notice/disclosure date plus conservative next-trading-day lag,nonminute_pit_context_panel_then_integrated_factor_pack,eligible_for_bulk_transform_plan
cn_fundamental_akshare_batch_v1_20260531\aggregated_v1,balance_sheet_report_em,UNCONFIRM_INVEST_LOSS,tradability_universe,announcement_pit_feature,notice_or_disclosure_lagged,candidate_after_pit_contract,filter_only|risk_control|do_not_rank_standalone,low,use notice/disclosure date plus conservative next-trading-day lag,nonminute_pit_context_panel_then_integrated_factor_pack,eligible_for_bulk_transform_plan
cn_fundamental_akshare_batch_v1_20260531\aggregated_v1,balance_sheet_report_em,UNCONFIRM_INVEST_LOSS_YOY,tradability_universe,announcement_pit_feature,notice_or_disclosure_lagged,candidate_after_pit_contract,filter_only|risk_control|do_not_rank_standalone,low,use notice/disclosure date plus conservative next-trading-day lag,nonminute_pit_context_panel_then_integrated_factor_pack,eligible_for_bulk_transform_plan
cn_fundamental_akshare_batch_v1_20260531\aggregated_v1,balance_sheet_report_em,USERIGHT_ASSET,fundamental_quality_risk,announcement_pit_feature,notice_or_disclosure_lagged,candidate_after_pit_contract,notice_lagged_latest|quarter_delta|ttm_proxy|ratio|winsorized_rank|quality_minus_risk,medium,use notice/disclosure date plus conservative next-trading-day lag,nonminute_pit_context_panel_then_integrated_factor_pack,eligible_for_bulk_transform_plan
cn_fundamental_akshare_batch_v1_20260531\aggregated_v1,balance_sheet_report_em,USERIGHT_ASSET_YOY,fundamental_quality_risk,announcement_pit_feature,notice_or_disclosure_lagged,candidate_after_pit_contract,notice_lagged_latest|quarter_delta|ttm_proxy|ratio|winsorized_rank|quality_minus_risk,medium,use notice/disclosure date plus conservative next-trading-day lag,nonminute_pit_context_panel_then_integrated_factor_pack,eligible_for_bulk_transform_plan
cn_fundamental_akshare_batch_v1_20260531\aggregated_v1,cash_flow_sheet_report_em,ACCEPT_INVEST_CASH,price_state,announcement_pit_feature,notice_or_disclosure_lagged,candidate_after_pit_contract,lagged_momentum|mean_reversion|gap|volatility|rank_xsection,low,use notice/disclosure date plus conservative next-trading-day lag,nonminute_pit_context_panel_then_integrated_factor_pack,eligible_for_bulk_transform_plan
cn_fundamental_akshare_batch_v1_20260531\aggregated_v1,cash_flow_sheet_report_em,ACCEPT_INVEST_CASH_YOY,price_state,announcement_pit_feature,notice_or_disclosure_lagged,candidate_after_pit_contract,lagged_momentum|mean_reversion|gap|volatility|rank_xsection,low,use notice/disclosure date plus conservative next-trading-day lag,nonminute_pit_context_panel_then_integrated_factor_pack,eligible_for_bulk_transform_plan
cn_fundamental_akshare_batch_v1_20260531\aggregated_v1,cash_flow_sheet_report_em,ACCOUNTS_RECE_ADD,price_state,announcement_pit_feature,notice_or_disclosure_lagged,candidate_after_pit_contract,lagged_momentum|mean_reversion|gap|volatility|rank_xsection,low,use notice/disclosure date plus conservative next-trading-day lag,nonminute_pit_context_panel_then_integrated_factor_pack,eligible_for_bulk_transform_plan
cn_fundamental_akshare_batch_v1_20260531\aggregated_v1,cash_flow_sheet_report_em,ACCOUNTS_RECE_ADD_YOY,price_state,announcement_pit_feature,notice_or_disclosure_lagged,candidate_after_pit_contract,lagged_momentum|mean_reversion|gap|volatility|rank_xsection,low,use notice/disclosure date plus conservative next-trading-day lag,nonminute_pit_context_panel_then_integrated_factor_pack,eligible_for_bulk_transform_plan
cn_fundamental_akshare_batch_v1_20260531\aggregated_v1,cash_flow_sheet_report_em,ACCRUED_EXPENSE_ADD,price_state,announcement_pit_feature,notice_or_disclosure_lagged,candidate_after_pit_contract,lagged_momentum|mean_reversion|gap|volatility|rank_xsection,low,use notice/disclosure date plus conservative next-trading-day lag,nonminute_pit_context_panel_then_integrated_factor_pack,eligible_for_bulk_transform_plan
cn_fundamental_akshare_batch_v1_20260531\aggregated_v1,cash_flow_sheet_report_em,ACCRUED_EXPENSE_ADD_YOY,price_state,announcement_pit_feature,notice_or_disclosure_lagged,candidate_after_pit_contract,lagged_momentum|mean_reversion|gap|volatility|rank_xsection,low,use notice/disclosure date plus conservative next-trading-day lag,nonminute_pit_context_panel_then_integrated_factor_pack,eligible_for_bulk_transform_plan
cn_fundamental_akshare_batch_v1_20260531\aggregated_v1,cash_flow_sheet_report_em,AFA_REDUCE,price_state,announcement_pit_feature,notice_or_disclosure_lagged,candidate_after_pit_contract,lagged_momentum|mean_reversion|gap|volatility|rank_xsection,low,use notice/disclosure date plus conservative next-trading-day lag,nonminute_pit_context_panel_then_integrated_factor_pack,eligible_for_bulk_transform_plan
cn_fundamental_akshare_batch_v1_20260531\aggregated_v1,cash_flow_sheet_report_em,AFA_REDUCE_YOY,price_state,announcement_pit_feature,notice_or_disclosure_lagged,candidate_after_pit_contract,lagged_momentum|mean_reversion|gap|volatility|rank_xsection,low,use notice/disclosure date plus conservative next-trading-day lag,nonminute_pit_context_panel_then_integrated_factor_pack,eligible_for_bulk_transform_plan
cn_fundamental_akshare_batch_v1_20260531\aggregated_v1,cash_flow_sheet_report_em,ASSET_IMPAIRMENT,price_state,announcement_pit_feature,notice_or_disclosure_lagged,candidate_after_pit_contract,lagged_momentum|mean_reversion|gap|volatility|rank_xsection,low,use notice/disclosure date plus conservative next-trading-day lag,nonminute_pit_context_panel_then_integrated_factor_pack,eligible_for_bulk_transform_plan
cn_fundamental_akshare_batch_v1_20260531\aggregated_v1,cash_flow_sheet_report_em,ASSET_IMPAIRMENT_YOY,price_state,announcement_pit_feature,notice_or_disclosure_lagged,candidate_after_pit_contract,lagged_momentum|mean_reversion|gap|volatility|rank_xsection,low,use notice/disclosure date plus conservative next-trading-day lag,nonminute_pit_context_panel_then_integrated_factor_pack,eligible_for_bulk_transform_plan
cn_fundamental_akshare_batch_v1_20260531\aggregated_v1,cash_flow_sheet_report_em,ASSIGN_DIVIDEND_PORFIT,price_state,announcement_pit_feature,notice_or_disclosure_lagged,candidate_after_pit_contract,lagged_momentum|mean_reversion|gap|volatility|rank_xsection,low,use notice/disclosure date plus conservative next-trading-day lag,nonminute_pit_context_panel_then_integrated_factor_pack,eligible_for_bulk_transform_plan
cn_fundamental_akshare_batch_v1_20260531\aggregated_v1,cash_flow_sheet_report_em,ASSIGN_DIVIDEND_PORFIT_YOY,price_state,announcement_pit_feature,notice_or_disclosure_lagged,candidate_after_pit_contract,lagged_momentum|mean_reversion|gap|volatility|rank_xsection,low,use notice/disclosure date plus conservative next-trading-day lag,nonminute_pit_context_panel_then_integrated_factor_pack,eligible_for_bulk_transform_plan
cn_fundamental_akshare_batch_v1_20260531\aggregated_v1,cash_flow_sheet_report_em,BANKSECURITY_LEND_ADD,price_state,announcement_pit_feature,notice_or_disclosure_lagged,candidate_after_pit_contract,lagged_momentum|mean_reversion|gap|volatility|rank_xsection,low,use notice/disclosure date plus conservative next-trading-day lag,nonminute_pit_context_panel_then_integrated_factor_pack,eligible_for_bulk_transform_plan
cn_fundamental_akshare_batch_v1_20260531\aggregated_v1,cash_flow_sheet_report_em,BANKSECURITY_LEND_ADD_YOY,price_state,announcement_pit_feature,notice_or_disclosure_lagged,candidate_after_pit_contract,lagged_momentum|mean_reversion|gap|volatility|rank_xsection,low,use notice/disclosure date plus conservative next-trading-day lag,nonminute_pit_context_panel_then_integrated_factor_pack,eligible_for_bulk_transform_plan
cn_fundamental_akshare_batch_v1_20260531\aggregated_v1,cash_flow_sheet_report_em,BANKSECURITY_LEND_REDUCE,price_state,announcement_pit_feature,notice_or_disclosure_lagged,candidate_after_pit_contract,lagged_momentum|mean_reversion|gap|volatility|rank_xsection,low,use notice/disclosure date plus conservative next-trading-day lag,nonminute_pit_context_panel_then_integrated_factor_pack,eligible_for_bulk_transform_plan
cn_fundamental_akshare_batch_v1_20260531\aggregated_v1,cash_flow_sheet_report_em,BANKSECURITY_LEND_REDUCE_YOY,price_state,announcement_pit_feature,notice_or_disclosure_lagged,candidate_after_pit_contract,lagged_momentum|mean_reversion|gap|volatility|rank_xsection,low,use notice/disclosure date plus conservative next-trading-day lag,nonminute_pit_context_panel_then_integrated_factor_pack,eligible_for_bulk_transform_plan
cn_fundamental_akshare_batch_v1_20260531\aggregated_v1,cash_flow_sheet_report_em,BANKSECURITY_REPO_ADD,price_state,announcement_pit_feature,notice_or_disclosure_lagged,candidate_after_pit_contract,lagged_momentum|mean_reversion|gap|volatility|rank_xsection,low,use notice/disclosure date plus conservative next-trading-day lag,nonminute_pit_context_panel_then_integrated_factor_pack,eligible_for_bulk_transform_plan
cn_fundamental_akshare_batch_v1_20260531\aggregated_v1,cash_flow_sheet_report_em,BANKSECURITY_REPO_ADD_YOY,price_state,announcement_pit_feature,notice_or_disclosure_lagged,candidate_after_pit_contract,lagged_momentum|mean_reversion|gap|volatility|rank_xsection,low,use notice/disclosure date plus conservative next-trading-day lag,nonminute_pit_context_panel_then_integrated_factor_pack,eligible_for_bulk_transform_plan
cn_fundamental_akshare_batch_v1_20260531\aggregated_v1,cash_flow_sheet_report_em,BANKSECURITY_REPO_REDUCE,price_state,announcement_pit_feature,notice_or_disclosure_lagged,candidate_after_pit_contract,lagged_momentum|mean_reversion|gap|volatility|rank_xsection,low,use notice/disclosure date plus conservative next-trading-day lag,nonminute_pit_context_panel_then_integrated_factor_pack,eligible_for_bulk_transform_plan
cn_fundamental_akshare_batch_v1_20260531\aggregated_v1,cash_flow_sheet_report_em,BANKSECURITY_REPO_REDUCE_YOY,price_state,announcement_pit_feature,notice_or_disclosure_lagged,candidate_after_pit_contract,lagged_momentum|mean_reversion|gap|volatility|rank_xsection,low,use notice/disclosure date plus conservative next-trading-day lag,nonminute_pit_context_panel_then_integrated_factor_pack,eligible_for_bulk_transform_plan
cn_fundamental_akshare_batch_v1_20260531\aggregated_v1,cash_flow_sheet_report_em,BANKSECURITY_RESALE_ADD,price_state,announcement_pit_feature,notice_or_disclosure_lagged,candidate_after_pit_contract,lagged_momentum|mean_reversion|gap|volatility|rank_xsection,low,use notice/disclosure date plus conservative next-trading-day lag,nonminute_pit_context_panel_then_integrated_factor_pack,eligible_for_bulk_transform_plan
cn_fundamental_akshare_batch_v1_20260531\aggregated_v1,cash_flow_sheet_report_em,BANKSECURITY_RESALE_ADD_YOY,price_state,announcement_pit_feature,notice_or_disclosure_lagged,candidate_after_pit_contract,lagged_momentum|mean_reversion|gap|volatility|rank_xsection,low,use notice/disclosure date plus conservative next-trading-day lag,nonminute_pit_context_panel_then_integrated_factor_pack,eligible_for_bulk_transform_plan
cn_fundamental_akshare_batch_v1_20260531\aggregated_v1,cash_flow_sheet_report_em,BANKSECURITY_RESALE_REDUCE,price_state,announcement_pit_feature,notice_or_disclosure_lagged,candidate_after_pit_contract,lagged_momentum|mean_reversion|gap|volatility|rank_xsection,low,use notice/disclosure date plus conservative next-trading-day lag,nonminute_pit_context_panel_then_integrated_factor_pack,eligible_for_bulk_transform_plan
cn_fundamental_akshare_batch_v1_20260531\aggregated_v1,cash_flow_sheet_report_em,BANKSECURITY_RESALE_REDUCE_YOY,price_state,announcement_pit_feature,notice_or_disclosure_lagged,candidate_after_pit_contract,lagged_momentum|mean_reversion|gap|volatility|rank_xsection,low,use notice/disclosure date plus conservative next-trading-day lag,nonminute_pit_context_panel_then_integrated_factor_pack,eligible_for_bulk_transform_plan
cn_fundamental_akshare_batch_v1_20260531\aggregated_v1,cash_flow_sheet_report_em,BEGIN_CASH,price_state,announcement_pit_feature,notice_or_disclosure_lagged,candidate_after_pit_contract,lagged_momentum|mean_reversion|gap|volatility|rank_xsection,low,use notice/disclosure date plus conservative next-trading-day lag,nonminute_pit_context_panel_then_integrated_factor_pack,eligible_for_bulk_transform_plan
cn_fundamental_akshare_batch_v1_20260531\aggregated_v1,cash_flow_sheet_report_em,BEGIN_CASH_EQUIVALENTS,price_state,announcement_pit_feature,notice_or_disclosure_lagged,candidate_after_pit_contract,lagged_momentum|mean_reversion|gap|volatility|rank_xsection,low,use notice/disclosure date plus conservative next-trading-day lag,nonminute_pit_context_panel_then_integrated_factor_pack,eligible_for_bulk_transform_plan
cn_fundamental_akshare_batch_v1_20260531\aggregated_v1,cash_flow_sheet_report_em,BEGIN_CASH_EQUIVALENTS_YOY,price_state,announcement_pit_feature,notice_or_disclosure_lagged,candidate_after_pit_contract,lagged_momentum|mean_reversion|gap|volatility|rank_xsection,low,use notice/disclosure date plus conservative next-trading-day lag,nonminute_pit_context_panel_then_integrated_factor_pack,eligible_for_bulk_transform_plan
cn_fundamental_akshare_batch_v1_20260531\aggregated_v1,cash_flow_sheet_report_em,BEGIN_CASH_YOY,price_state,announcement_pit_feature,notice_or_disclosure_lagged,candidate_after_pit_contract,lagged_momentum|mean_reversion|gap|volatility|rank_xsection,low,use notice/disclosure date plus conservative next-trading-day lag,nonminute_pit_context_panel_then_integrated_factor_pack,eligible_for_bulk_transform_plan
cn_fundamental_akshare_batch_v1_20260531\aggregated_v1,cash_flow_sheet_report_em,BEGIN_CCE,price_state,announcement_pit_feature,notice_or_disclosure_lagged,candidate_after_pit_contract,lagged_momentum|mean_reversion|gap|volatility|rank_xsection,low,use notice/disclosure date plus conservative next-trading-day lag,nonminute_pit_context_panel_then_integrated_factor_pack,eligible_for_bulk_transform_plan
cn_fundamental_akshare_batch_v1_20260531\aggregated_v1,cash_flow_sheet_report_em,BEGIN_CCE_YOY,price_state,announcement_pit_feature,notice_or_disclosure_lagged,candidate_after_pit_contract,lagged_momentum|mean_reversion|gap|volatility|rank_xsection,low,use notice/disclosure date plus conservative next-trading-day lag,nonminute_pit_context_panel_then_integrated_factor_pack,eligible_for_bulk_transform_plan
cn_fundamental_akshare_batch_v1_20260531\aggregated_v1,cash_flow_sheet_report_em,BOND_INTEREST_EXPENSE,price_state,announcement_pit_feature,notice_or_disclosure_lagged,candidate_after_pit_contract,lagged_momentum|mean_reversion|gap|volatility|rank_xsection,low,use notice/disclosure date plus conservative next-trading-day lag,nonminute_pit_context_panel_then_integrated_factor_pack,eligible_for_bulk_transform_plan
cn_fundamental_akshare_batch_v1_20260531\aggregated_v1,cash_flow_sheet_report_em,BOND_INTEREST_EXPENSE_YOY,price_state,announcement_pit_feature,notice_or_disclosure_lagged,candidate_after_pit_contract,lagged_momentum|mean_reversion|gap|volatility|rank_xsection,low,use notice/disclosure date plus conservative next-trading-day lag,nonminute_pit_context_panel_then_integrated_factor_pack,eligible_for_bulk_transform_plan
cn_fundamental_akshare_batch_v1_20260531\aggregated_v1,cash_flow_sheet_report_em,BORROW_FUND_ADD,price_state,announcement_pit_feature,notice_or_disclosure_lagged,candidate_after_pit_contract,lagged_momentum|mean_reversion|gap|volatility|rank_xsection,low,use notice/disclosure date plus conservative next-trading-day lag,nonminute_pit_context_panel_then_integrated_factor_pack,eligible_for_bulk_transform_plan
cn_fundamental_akshare_batch_v1_20260531\aggregated_v1,cash_flow_sheet_report_em,BORROW_FUND_ADD_YOY,price_state,announcement_pit_feature,notice_or_disclosure_lagged,candidate_after_pit_contract,lagged_momentum|mean_reversion|gap|volatility|rank_xsection,low,use notice/disclosure date plus conservative next-trading-day lag,nonminute_pit_context_panel_then_integrated_factor_pack,eligible_for_bulk_transform_plan
cn_fundamental_akshare_batch_v1_20260531\aggregated_v1,cash_flow_sheet_report_em,BORROW_FUND_REDUCE,price_state,announcement_pit_feature,notice_or_disclosure_lagged,candidate_after_pit_contract,lagged_momentum|mean_reversion|gap|volatility|rank_xsection,low,use notice/disclosure date plus conservative next-trading-day lag,nonminute_pit_context_panel_then_integrated_factor_pack,eligible_for_bulk_transform_plan
cn_fundamental_akshare_batch_v1_20260531\aggregated_v1,cash_flow_sheet_report_em,BORROW_FUND_REDUCE_YOY,price_state,announcement_pit_feature,notice_or_disclosure_lagged,candidate_after_pit_contract,lagged_momentum|mean_reversion|gap|volatility|rank_xsection,low,use notice/disclosure date plus conservative next-trading-day lag,nonminute_pit_context_panel_then_integrated_factor_pack,eligible_for_bulk_transform_plan
cn_fundamental_akshare_batch_v1_20260531\aggregated_v1,cash_flow_sheet_report_em,BORROW_REPO_ADD,price_state,announcement_pit_feature,notice_or_disclosure_lagged,candidate_after_pit_contract,lagged_momentum|mean_reversion|gap|volatility|rank_xsection,low,use notice/disclosure date plus conservative next-trading-day lag,nonminute_pit_context_panel_then_integrated_factor_pack,eligible_for_bulk_transform_plan
cn_fundamental_akshare_batch_v1_20260531\aggregated_v1,cash_flow_sheet_report_em,BORROW_REPO_ADD_YOY,price_state,announcement_pit_feature,notice_or_disclosure_lagged,candidate_after_pit_contract,lagged_momentum|mean_reversion|gap|volatility|rank_xsection,low,use notice/disclosure date plus conservative next-trading-day lag,nonminute_pit_context_panel_then_integrated_factor_pack,eligible_for_bulk_transform_plan
cn_fundamental_akshare_batch_v1_20260531\aggregated_v1,cash_flow_sheet_report_em,BORROW_REPO_REDUCE,price_state,announcement_pit_feature,notice_or_disclosure_lagged,candidate_after_pit_contract,lagged_momentum|mean_reversion|gap|volatility|rank_xsection,low,use notice/disclosure date plus conservative next-trading-day lag,nonminute_pit_context_panel_then_integrated_factor_pack,eligible_for_bulk_transform_plan
cn_fundamental_akshare_batch_v1_20260531\aggregated_v1,cash_flow_sheet_report_em,BORROW_REPO_REDUCE_YOY,price_state,announcement_pit_feature,notice_or_disclosure_lagged,candidate_after_pit_contract,lagged_momentum|mean_reversion|gap|volatility|rank_xsection,low,use notice/disclosure date plus conservative next-trading-day lag,nonminute_pit_context_panel_then_integrated_factor_pack,eligible_for_bulk_transform_plan
cn_fundamental_akshare_batch_v1_20260531\aggregated_v1,cash_flow_sheet_report_em,BUY_FIN_LEASE,price_state,announcement_pit_feature,notice_or_disclosure_lagged,candidate_after_pit_contract,lagged_momentum|mean_reversion|gap|volatility|rank_xsection,low,use notice/disclosure date plus conservative next-trading-day lag,nonminute_pit_context_panel_then_integrated_factor_pack,eligible_for_bulk_transform_plan
cn_fundamental_akshare_batch_v1_20260531\aggregated_v1,cash_flow_sheet_report_em,BUY_FIN_LEASE_YOY,price_state,announcement_pit_feature,notice_or_disclosure_lagged,candidate_after_pit_contract,lagged_momentum|mean_reversion|gap|volatility|rank_xsection,low,use notice/disclosure date plus conservative next-trading-day lag,nonminute_pit_context_panel_then_integrated_factor_pack,eligible_for_bulk_transform_plan
cn_fundamental_akshare_batch_v1_20260531\aggregated_v1,cash_flow_sheet_report_em,BUY_RESALE_ADD,price_state,announcement_pit_feature,notice_or_disclosure_lagged,candidate_after_pit_contract,lagged_momentum|mean_reversion|gap|volatility|rank_xsection,low,use notice/disclosure date plus conservative next-trading-day lag,nonminute_pit_context_panel_then_integrated_factor_pack,eligible_for_bulk_transform_plan
cn_fundamental_akshare_batch_v1_20260531\aggregated_v1,cash_flow_sheet_report_em,BUY_RESALE_ADD_YOY,price_state,announcement_pit_feature,notice_or_disclosure_lagged,candidate_after_pit_contract,lagged_momentum|mean_reversion|gap|volatility|rank_xsection,low,use notice/disclosure date plus conservative next-trading-day lag,nonminute_pit_context_panel_then_integrated_factor_pack,eligible_for_bulk_transform_plan
cn_fundamental_akshare_batch_v1_20260531\aggregated_v1,cash_flow_sheet_report_em,BUY_RESALE_REDUCE,price_state,announcement_pit_feature,notice_or_disclosure_lagged,candidate_after_pit_contract,lagged_momentum|mean_reversion|gap|volatility|rank_xsection,low,use notice/disclosure date plus conservative next-trading-day lag,nonminute_pit_context_panel_then_integrated_factor_pack,eligible_for_bulk_transform_plan
cn_fundamental_akshare_batch_v1_20260531\aggregated_v1,cash_flow_sheet_report_em,BUY_RESALE_REDUCE_YOY,price_state,announcement_pit_feature,notice_or_disclosure_lagged,candidate_after_pit_contract,lagged_momentum|mean_reversion|gap|volatility|rank_xsection,low,use notice/disclosure date plus conservative next-trading-day lag,nonminute_pit_context_panel_then_integrated_factor_pack,eligible_for_bulk_transform_plan
cn_fundamental_akshare_batch_v1_20260531\aggregated_v1,cash_flow_sheet_report_em,BUY_SERVICES,price_state,announcement_pit_feature,notice_or_disclosure_lagged,candidate_after_pit_contract,lagged_momentum|mean_reversion|gap|volatility|rank_xsection,low,use notice/disclosure date plus conservative next-trading-day lag,nonminute_pit_context_panel_then_integrated_factor_pack,eligible_for_bulk_transform_plan
cn_fundamental_akshare_batch_v1_20260531\aggregated_v1,cash_flow_sheet_report_em,BUY_SERVICES_YOY,price_state,announcement_pit_feature,notice_or_disclosure_lagged,candidate_after_pit_contract,lagged_momentum|mean_reversion|gap|volatility|rank_xsection,low,use notice/disclosure date plus conservative next-trading-day lag,nonminute_pit_context_panel_then_integrated_factor_pack,eligible_for_bulk_transform_plan
cn_fundamental_akshare_batch_v1_20260531\aggregated_v1,cash_flow_sheet_report_em,BUY_SUBSIDIARY_EQUITY,price_state,announcement_pit_feature,notice_or_disclosure_lagged,candidate_after_pit_contract,lagged_momentum|mean_reversion|gap|volatility|rank_xsection,low,use notice/disclosure date plus conservative next-trading-day lag,nonminute_pit_context_panel_then_integrated_factor_pack,eligible_for_bulk_transform_plan
cn_fundamental_akshare_batch_v1_20260531\aggregated_v1,cash_flow_sheet_report_em,BUY_SUBSIDIARY_EQUITY_YOY,price_state,announcement_pit_feature,notice_or_disclosure_lagged,candidate_after_pit_contract,lagged_momentum|mean_reversion|gap|volatility|rank_xsection,low,use notice/disclosure date plus conservative next-trading-day lag,nonminute_pit_context_panel_then_integrated_factor_pack,eligible_for_bulk_transform_plan
cn_fundamental_akshare_batch_v1_20260531\aggregated_v1,cash_flow_sheet_report_em,CCE_ADD,price_state,announcement_pit_feature,notice_or_disclosure_lagged,candidate_after_pit_contract,lagged_momentum|mean_reversion|gap|volatility|rank_xsection,low,use notice/disclosure date plus conservative next-trading-day lag,nonminute_pit_context_panel_then_integrated_factor_pack,eligible_for_bulk_transform_plan
cn_fundamental_akshare_batch_v1_20260531\aggregated_v1,cash_flow_sheet_report_em,CCE_ADDNOTE,price_state,announcement_pit_feature,notice_or_disclosure_lagged,candidate_after_pit_contract,lagged_momentum|mean_reversion|gap|volatility|rank_xsection,low,use notice/disclosure date plus conservative next-trading-day lag,nonminute_pit_context_panel_then_integrated_factor_pack,eligible_for_bulk_transform_plan
cn_fundamental_akshare_batch_v1_20260531\aggregated_v1,cash_flow_sheet_report_em,CCE_ADDNOTE_YOY,price_state,announcement_pit_feature,notice_or_disclosure_lagged,candidate_after_pit_contract,lagged_momentum|mean_reversion|gap|volatility|rank_xsection,low,use notice/disclosure date plus conservative next-trading-day lag,nonminute_pit_context_panel_then_integrated_factor_pack,eligible_for_bulk_transform_plan
cn_fundamental_akshare_batch_v1_20260531\aggregated_v1,cash_flow_sheet_report_em,CCE_ADD_BALANCE,price_state,announcement_pit_feature,notice_or_disclosure_lagged,candidate_after_pit_contract,lagged_momentum|mean_reversion|gap|volatility|rank_xsection,low,use notice/disclosure date plus conservative next-trading-day lag,nonminute_pit_context_panel_then_integrated_factor_pack,eligible_for_bulk_transform_plan
cn_fundamental_akshare_batch_v1_20260531\aggregated_v1,cash_flow_sheet_report_em,CCE_ADD_BALANCENOTE,price_state,announcement_pit_feature,notice_or_disclosure_lagged,candidate_after_pit_contract,lagged_momentum|mean_reversion|gap|volatility|rank_xsection,low,use notice/disclosure date plus conservative next-trading-day lag,nonminute_pit_context_panel_then_integrated_factor_pack,eligible_for_bulk_transform_plan
cn_fundamental_akshare_batch_v1_20260531\aggregated_v1,cash_flow_sheet_report_em,CCE_ADD_BALANCENOTE_YOY,price_state,announcement_pit_feature,notice_or_disclosure_lagged,candidate_after_pit_contract,lagged_momentum|mean_reversion|gap|volatility|rank_xsection,low,use notice/disclosure date plus conservative next-trading-day lag,nonminute_pit_context_panel_then_integrated_factor_pack,eligible_for_bulk_transform_plan
cn_fundamental_akshare_batch_v1_20260531\aggregated_v1,cash_flow_sheet_report_em,CCE_ADD_BALANCE_YOY,price_state,announcement_pit_feature,notice_or_disclosure_lagged,candidate_after_pit_contract,lagged_momentum|mean_reversion|gap|volatility|rank_xsection,low,use notice/disclosure date plus conservative next-trading-day lag,nonminute_pit_context_panel_then_integrated_factor_pack,eligible_for_bulk_transform_plan
cn_fundamental_akshare_batch_v1_20260531\aggregated_v1,cash_flow_sheet_report_em,CCE_ADD_OTHER,price_state,announcement_pit_feature,notice_or_disclosure_lagged,candidate_after_pit_contract,lagged_momentum|mean_reversion|gap|volatility|rank_xsection,low,use notice/disclosure date plus conservative next-trading-day lag,nonminute_pit_context_panel_then_integrated_factor_pack,eligible_for_bulk_transform_plan
cn_fundamental_akshare_batch_v1_20260531\aggregated_v1,cash_flow_sheet_report_em,CCE_ADD_OTHERNOTE,price_state,announcement_pit_feature,notice_or_disclosure_lagged,candidate_after_pit_contract,lagged_momentum|mean_reversion|gap|volatility|rank_xsection,low,use notice/disclosure date plus conservative next-trading-day lag,nonminute_pit_context_panel_then_integrated_factor_pack,eligible_for_bulk_transform_plan
cn_fundamental_akshare_batch_v1_20260531\aggregated_v1,cash_flow_sheet_report_em,CCE_ADD_OTHERNOTE_YOY,price_state,announcement_pit_feature,notice_or_disclosure_lagged,candidate_after_pit_contract,lagged_momentum|mean_reversion|gap|volatility|rank_xsection,low,use notice/disclosure date plus conservative next-trading-day lag,nonminute_pit_context_panel_then_integrated_factor_pack,eligible_for_bulk_transform_plan
cn_fundamental_akshare_batch_v1_20260531\aggregated_v1,cash_flow_sheet_report_em,CCE_ADD_OTHER_YOY,price_state,announcement_pit_feature,notice_or_disclosure_lagged,candidate_after_pit_contract,lagged_momentum|mean_reversion|gap|volatility|rank_xsection,low,use notice/disclosure date plus conservative next-trading-day lag,nonminute_pit_context_panel_then_integrated_factor_pack,eligible_for_bulk_transform_plan
cn_fundamental_akshare_batch_v1_20260531\aggregated_v1,cash_flow_sheet_report_em,CCE_ADD_YOY,price_state,announcement_pit_feature,notice_or_disclosure_lagged,candidate_after_pit_contract,lagged_momentum|mean_reversion|gap|volatility|rank_xsection,low,use notice/disclosure date plus conservative next-trading-day lag,nonminute_pit_context_panel_then_integrated_factor_pack,eligible_for_bulk_transform_plan
cn_fundamental_akshare_batch_v1_20260531\aggregated_v1,cash_flow_sheet_report_em,CONSTRUCT_LONG_ASSET,price_state,announcement_pit_feature,notice_or_disclosure_lagged,candidate_after_pit_contract,lagged_momentum|mean_reversion|gap|volatility|rank_xsection,low,use notice/disclosure date plus conservative next-trading-day lag,nonminute_pit_context_panel_then_integrated_factor_pack,eligible_for_bulk_transform_plan
cn_fundamental_akshare_batch_v1_20260531\aggregated_v1,cash_flow_sheet_report_em,CONSTRUCT_LONG_ASSET_YOY,price_state,announcement_pit_feature,notice_or_disclosure_lagged,candidate_after_pit_contract,lagged_momentum|mean_reversion|gap|volatility|rank_xsection,low,use notice/disclosure date plus conservative next-trading-day lag,nonminute_pit_context_panel_then_integrated_factor_pack,eligible_for_bulk_transform_plan
cn_fundamental_akshare_batch_v1_20260531\aggregated_v1,cash_flow_sheet_report_em,CONVERT_BOND_1YEAR,price_state,announcement_pit_feature,notice_or_disclosure_lagged,candidate_after_pit_contract,lagged_momentum|mean_reversion|gap|volatility|rank_xsection,low,use notice/disclosure date plus conservative next-trading-day lag,nonminute_pit_context_panel_then_integrated_factor_pack,eligible_for_bulk_transform_plan
cn_fundamental_akshare_batch_v1_20260531\aggregated_v1,cash_flow_sheet_report_em,CONVERT_BOND_1YEAR_YOY,price_state,announcement_pit_feature,notice_or_disclosure_lagged,candidate_after_pit_contract,lagged_momentum|mean_reversion|gap|volatility|rank_xsection,low,use notice/disclosure date plus conservative next-trading-day lag,nonminute_pit_context_panel_then_integrated_factor_pack,eligible_for_bulk_transform_plan
cn_fundamental_akshare_batch_v1_20260531\aggregated_v1,cash_flow_sheet_report_em,CREDIT_IMPAIRMENT_INCOME,price_state,announcement_pit_feature,notice_or_disclosure_lagged,candidate_after_pit_contract,lagged_momentum|mean_reversion|gap|volatility|rank_xsection,low,use notice/disclosure date plus conservative next-trading-day lag,nonminute_pit_context_panel_then_integrated_factor_pack,eligible_for_bulk_transform_plan
cn_fundamental_akshare_batch_v1_20260531\aggregated_v1,cash_flow_sheet_report_em,CREDIT_IMPAIRMENT_INCOME_YOY,price_state,announcement_pit_feature,notice_or_disclosure_lagged,candidate_after_pit_contract,lagged_momentum|mean_reversion|gap|volatility|rank_xsection,low,use notice/disclosure date plus conservative next-trading-day lag,nonminute_pit_context_panel_then_integrated_factor_pack,eligible_for_bulk_transform_plan
cn_fundamental_akshare_batch_v1_20260531\aggregated_v1,cash_flow_sheet_report_em,CURRENCY,price_state,announcement_pit_feature,notice_or_disclosure_lagged,candidate_after_pit_contract,lagged_momentum|mean_reversion|gap|volatility|rank_xsection,low,use notice/disclosure date plus conservative next-trading-day lag,nonminute_pit_context_panel_then_integrated_factor_pack,eligible_for_bulk_transform_plan
cn_fundamental_akshare_batch_v1_20260531\aggregated_v1,cash_flow_sheet_report_em,CUSTOMER_DEPOSIT_ADD,price_state,announcement_pit_feature,notice_or_disclosure_lagged,candidate_after_pit_contract,lagged_momentum|mean_reversion|gap|volatility|rank_xsection,low,use notice/disclosure date plus conservative next-trading-day lag,nonminute_pit_context_panel_then_integrated_factor_pack,eligible_for_bulk_transform_plan
cn_fundamental_akshare_batch_v1_20260531\aggregated_v1,cash_flow_sheet_report_em,CUSTOMER_DEPOSIT_ADD_YOY,price_state,announcement_pit_feature,notice_or_disclosure_lagged,candidate_after_pit_contract,lagged_momentum|mean_reversion|gap|volatility|rank_xsection,low,use notice/disclosure date plus conservative next-trading-day lag,nonminute_pit_context_panel_then_integrated_factor_pack,eligible_for_bulk_transform_plan
cn_fundamental_akshare_batch_v1_20260531\aggregated_v1,cash_flow_sheet_report_em,DEBT_TRANSFER_CAPITAL,capacity_size,announcement_pit_feature,notice_or_disclosure_lagged,candidate_after_pit_contract,lagged_level|rank_xsection|capacity_bucket|liquidity_capacity_interaction|small_capacity_guard,high,use notice/disclosure date plus conservative next-trading-day lag,nonminute_pit_context_panel_then_integrated_factor_pack,add capacity-aware filter templates and book-readiness metrics
cn_fundamental_akshare_batch_v1_20260531\aggregated_v1,cash_flow_sheet_report_em,DEBT_TRANSFER_CAPITAL_YOY,capacity_size,announcement_pit_feature,notice_or_disclosure_lagged,candidate_after_pit_contract,lagged_level|rank_xsection|capacity_bucket|liquidity_capacity_interaction|small_capacity_guard,high,use notice/disclosure date plus conservative next-trading-day lag,nonminute_pit_context_panel_then_integrated_factor_pack,add capacity-aware filter templates and book-readiness metrics
cn_fundamental_akshare_batch_v1_20260531\aggregated_v1,cash_flow_sheet_report_em,DEFER_INCOME_AMORTIZE,price_state,announcement_pit_feature,notice_or_disclosure_lagged,candidate_after_pit_contract,lagged_momentum|mean_reversion|gap|volatility|rank_xsection,low,use notice/disclosure date plus conservative next-trading-day lag,nonminute_pit_context_panel_then_integrated_factor_pack,eligible_for_bulk_transform_plan
cn_fundamental_akshare_batch_v1_20260531\aggregated_v1,cash_flow_sheet_report_em,DEFER_INCOME_AMORTIZE_YOY,price_state,announcement_pit_feature,notice_or_disclosure_lagged,candidate_after_pit_contract,lagged_momentum|mean_reversion|gap|volatility|rank_xsection,low,use notice/disclosure date plus conservative next-trading-day lag,nonminute_pit_context_panel_then_integrated_factor_pack,eligible_for_bulk_transform_plan
cn_fundamental_akshare_batch_v1_20260531\aggregated_v1,cash_flow_sheet_report_em,DEFER_TAX,price_state,announcement_pit_feature,notice_or_disclosure_lagged,candidate_after_pit_contract,lagged_momentum|mean_reversion|gap|volatility|rank_xsection,low,use notice/disclosure date plus conservative next-trading-day lag,nonminute_pit_context_panel_then_integrated_factor_pack,eligible_for_bulk_transform_plan
cn_fundamental_akshare_batch_v1_20260531\aggregated_v1,cash_flow_sheet_report_em,DEFER_TAX_YOY,price_state,announcement_pit_feature,notice_or_disclosure_lagged,candidate_after_pit_contract,lagged_momentum|mean_reversion|gap|volatility|rank_xsection,low,use notice/disclosure date plus conservative next-trading-day lag,nonminute_pit_context_panel_then_integrated_factor_pack,eligible_for_bulk_transform_plan
cn_fundamental_akshare_batch_v1_20260531\aggregated_v1,cash_flow_sheet_report_em,DEPOSIT_ADD,price_state,announcement_pit_feature,notice_or_disclosure_lagged,candidate_after_pit_contract,lagged_momentum|mean_reversion|gap|volatility|rank_xsection,low,use notice/disclosure date plus conservative next-trading-day lag,nonminute_pit_context_panel_then_integrated_factor_pack,eligible_for_bulk_transform_plan
cn_fundamental_akshare_batch_v1_20260531\aggregated_v1,cash_flow_sheet_report_em,DEPOSIT_ADD_YOY,price_state,announcement_pit_feature,notice_or_disclosure_lagged,candidate_after_pit_contract,lagged_momentum|mean_reversion|gap|volatility|rank_xsection,low,use notice/disclosure date plus conservative next-trading-day lag,nonminute_pit_context_panel_then_integrated_factor_pack,eligible_for_bulk_transform_plan
cn_fundamental_akshare_batch_v1_20260531\aggregated_v1,cash_flow_sheet_report_em,DEPOSIT_INTERBANK_ADD,price_state,announcement_pit_feature,notice_or_disclosure_lagged,candidate_after_pit_contract,lagged_momentum|mean_reversion|gap|volatility|rank_xsection,low,use notice/disclosure date plus conservative next-trading-day lag,nonminute_pit_context_panel_then_integrated_factor_pack,eligible_for_bulk_transform_plan
cn_fundamental_akshare_batch_v1_20260531\aggregated_v1,cash_flow_sheet_report_em,DEPOSIT_INTERBANK_ADD_YOY,price_state,announcement_pit_feature,notice_or_disclosure_lagged,candidate_after_pit_contract,lagged_momentum|mean_reversion|gap|volatility|rank_xsection,low,use notice/disclosure date plus conservative next-trading-day lag,nonminute_pit_context_panel_then_integrated_factor_pack,eligible_for_bulk_transform_plan
cn_fundamental_akshare_batch_v1_20260531\aggregated_v1,cash_flow_sheet_report_em,DEPOSIT_IOFI_ADD,price_state,announcement_pit_feature,notice_or_disclosure_lagged,candidate_after_pit_contract,lagged_momentum|mean_reversion|gap|volatility|rank_xsection,low,use notice/disclosure date plus conservative next-trading-day lag,nonminute_pit_context_panel_then_integrated_factor_pack,eligible_for_bulk_transform_plan
cn_fundamental_akshare_batch_v1_20260531\aggregated_v1,cash_flow_sheet_report_em,DEPOSIT_IOFI_ADD_YOY,price_state,announcement_pit_feature,notice_or_disclosure_lagged,candidate_after_pit_contract,lagged_momentum|mean_reversion|gap|volatility|rank_xsection,low,use notice/disclosure date plus conservative next-trading-day lag,nonminute_pit_context_panel_then_integrated_factor_pack,eligible_for_bulk_transform_plan
cn_fundamental_akshare_batch_v1_20260531\aggregated_v1,cash_flow_sheet_report_em,DEPOSIT_IOFI_OTHER,price_state,announcement_pit_feature,notice_or_disclosure_lagged,candidate_after_pit_contract,lagged_momentum|mean_reversion|gap|volatility|rank_xsection,low,use notice/disclosure date plus conservative next-trading-day lag,nonminute_pit_context_panel_then_integrated_factor_pack,eligible_for_bulk_transform_plan
cn_fundamental_akshare_batch_v1_20260531\aggregated_v1,cash_flow_sheet_report_em,DEPOSIT_IOFI_OTHER_YOY,price_state,announcement_pit_feature,notice_or_disclosure_lagged,candidate_after_pit_contract,lagged_momentum|mean_reversion|gap|volatility|rank_xsection,low,use notice/disclosure date plus conservative next-trading-day lag,nonminute_pit_context_panel_then_integrated_factor_pack,eligible_for_bulk_transform_plan
cn_fundamental_akshare_batch_v1_20260531\aggregated_v1,cash_flow_sheet_report_em,DEPOSIT_IOFI_REDUCE,price_state,announcement_pit_feature,notice_or_disclosure_lagged,candidate_after_pit_contract,lagged_momentum|mean_reversion|gap|volatility|rank_xsection,low,use notice/disclosure date plus conservative next-trading-day lag,nonminute_pit_context_panel_then_integrated_factor_pack,eligible_for_bulk_transform_plan
cn_fundamental_akshare_batch_v1_20260531\aggregated_v1,cash_flow_sheet_report_em,DEPOSIT_IOFI_REDUCE_YOY,price_state,announcement_pit_feature,notice_or_disclosure_lagged,candidate_after_pit_contract,lagged_momentum|mean_reversion|gap|volatility|rank_xsection,low,use notice/disclosure date plus conservative next-trading-day lag,nonminute_pit_context_panel_then_integrated_factor_pack,eligible_for_bulk_transform_plan
cn_fundamental_akshare_batch_v1_20260531\aggregated_v1,cash_flow_sheet_report_em,DEPOSIT_PBC_ADD,price_state,announcement_pit_feature,notice_or_disclosure_lagged,candidate_after_pit_contract,lagged_momentum|mean_reversion|gap|volatility|rank_xsection,low,use notice/disclosure date plus conservative next-trading-day lag,nonminute_pit_context_panel_then_integrated_factor_pack,eligible_for_bulk_transform_plan
cn_fundamental_akshare_batch_v1_20260531\aggregated_v1,cash_flow_sheet_report_em,DEPOSIT_PBC_ADD_YOY,price_state,announcement_pit_feature,notice_or_disclosure_lagged,candidate_after_pit_contract,lagged_momentum|mean_reversion|gap|volatility|rank_xsection,low,use notice/disclosure date plus conservative next-trading-day lag,nonminute_pit_context_panel_then_integrated_factor_pack,eligible_for_bulk_transform_plan
cn_fundamental_akshare_batch_v1_20260531\aggregated_v1,cash_flow_sheet_report_em,DEPOSIT_PBC_REDUCE,price_state,announcement_pit_feature,notice_or_disclosure_lagged,candidate_after_pit_contract,lagged_momentum|mean_reversion|gap|volatility|rank_xsection,low,use notice/disclosure date plus conservative next-trading-day lag,nonminute_pit_context_panel_then_integrated_factor_pack,eligible_for_bulk_transform_plan
cn_fundamental_akshare_batch_v1_20260531\aggregated_v1,cash_flow_sheet_report_em,DEPOSIT_PBC_REDUCE_YOY,price_state,announcement_pit_feature,notice_or_disclosure_lagged,candidate_after_pit_contract,lagged_momentum|mean_reversion|gap|volatility|rank_xsection,low,use notice/disclosure date plus conservative next-trading-day lag,nonminute_pit_context_panel_then_integrated_factor_pack,eligible_for_bulk_transform_plan
cn_fundamental_akshare_batch_v1_20260531\aggregated_v1,cash_flow_sheet_report_em,DIRECT_INVEST_ADD,price_state,announcement_pit_feature,notice_or_disclosure_lagged,candidate_after_pit_contract,lagged_momentum|mean_reversion|gap|volatility|rank_xsection,low,use notice/disclosure date plus conservative next-trading-day lag,nonminute_pit_context_panel_then_integrated_factor_pack,eligible_for_bulk_transform_plan
cn_fundamental_akshare_batch_v1_20260531\aggregated_v1,cash_flow_sheet_report_em,DIRECT_INVEST_ADD_YOY,price_state,announcement_pit_feature,notice_or_disclosure_lagged,candidate_after_pit_contract,lagged_momentum|mean_reversion|gap|volatility|rank_xsection,low,use notice/disclosure date plus conservative next-trading-day lag,nonminute_pit_context_panel_then_integrated_factor_pack,eligible_for_bulk_transform_plan
cn_fundamental_akshare_batch_v1_20260531\aggregated_v1,cash_flow_sheet_report_em,DIRECT_INVEST_REDUCE,price_state,announcement_pit_feature,notice_or_disclosure_lagged,candidate_after_pit_contract,lagged_momentum|mean_reversion|gap|volatility|rank_xsection,low,use notice/disclosure date plus conservative next-trading-day lag,nonminute_pit_context_panel_then_integrated_factor_pack,eligible_for_bulk_transform_plan
cn_fundamental_akshare_batch_v1_20260531\aggregated_v1,cash_flow_sheet_report_em,DIRECT_INVEST_REDUCE_YOY,price_state,announcement_pit_feature,notice_or_disclosure_lagged,candidate_after_pit_contract,lagged_momentum|mean_reversion|gap|volatility|rank_xsection,low,use notice/disclosure date plus conservative next-trading-day lag,nonminute_pit_context_panel_then_integrated_factor_pack,eligible_for_bulk_transform_plan
cn_fundamental_akshare_batch_v1_20260531\aggregated_v1,cash_flow_sheet_report_em,DISPOSAL_AFA_ADD,price_state,announcement_pit_feature,notice_or_disclosure_lagged,candidate_after_pit_contract,lagged_momentum|mean_reversion|gap|volatility|rank_xsection,low,use notice/disclosure date plus conservative next-trading-day lag,nonminute_pit_context_panel_then_integrated_factor_pack,eligible_for_bulk_transform_plan
cn_fundamental_akshare_batch_v1_20260531\aggregated_v1,cash_flow_sheet_report_em,DISPOSAL_AFA_ADD_YOY,price_state,announcement_pit_feature,notice_or_disclosure_lagged,candidate_after_pit_contract,lagged_momentum|mean_reversion|gap|volatility|rank_xsection,low,use notice/disclosure date plus conservative next-trading-day lag,nonminute_pit_context_panel_then_integrated_factor_pack,eligible_for_bulk_transform_plan
cn_fundamental_akshare_batch_v1_20260531\aggregated_v1,cash_flow_sheet_report_em,DISPOSAL_AFA_REDUCE,price_state,announcement_pit_feature,notice_or_disclosure_lagged,candidate_after_pit_contract,lagged_momentum|mean_reversion|gap|volatility|rank_xsection,low,use notice/disclosure date plus conservative next-trading-day lag,nonminute_pit_context_panel_then_integrated_factor_pack,eligible_for_bulk_transform_plan
cn_fundamental_akshare_batch_v1_20260531\aggregated_v1,cash_flow_sheet_report_em,DISPOSAL_AFA_REDUCE_YOY,price_state,announcement_pit_feature,notice_or_disclosure_lagged,candidate_after_pit_contract,lagged_momentum|mean_reversion|gap|volatility|rank_xsection,low,use notice/disclosure date plus conservative next-trading-day lag,nonminute_pit_context_panel_then_integrated_factor_pack,eligible_for_bulk_transform_plan
cn_fundamental_akshare_batch_v1_20260531\aggregated_v1,cash_flow_sheet_report_em,DISPOSAL_LONGASSET_LOSS,price_state,announcement_pit_feature,notice_or_disclosure_lagged,candidate_after_pit_contract,lagged_momentum|mean_reversion|gap|volatility|rank_xsection,low,use notice/disclosure date plus conservative next-trading-day lag,nonminute_pit_context_panel_then_integrated_factor_pack,eligible_for_bulk_transform_plan
cn_fundamental_akshare_batch_v1_20260531\aggregated_v1,cash_flow_sheet_report_em,DISPOSAL_LONGASSET_LOSS_YOY,price_state,announcement_pit_feature,notice_or_disclosure_lagged,candidate_after_pit_contract,lagged_momentum|mean_reversion|gap|volatility|rank_xsection,low,use notice/disclosure date plus conservative next-trading-day lag,nonminute_pit_context_panel_then_integrated_factor_pack,eligible_for_bulk_transform_plan
cn_fundamental_akshare_batch_v1_20260531\aggregated_v1,cash_flow_sheet_report_em,DISPOSAL_LONG_ASSET,price_state,announcement_pit_feature,notice_or_disclosure_lagged,candidate_after_pit_contract,lagged_momentum|mean_reversion|gap|volatility|rank_xsection,low,use notice/disclosure date plus conservative next-trading-day lag,nonminute_pit_context_panel_then_integrated_factor_pack,eligible_for_bulk_transform_plan
cn_fundamental_akshare_batch_v1_20260531\aggregated_v1,cash_flow_sheet_report_em,DISPOSAL_LONG_ASSET_YOY,price_state,announcement_pit_feature,notice_or_disclosure_lagged,candidate_after_pit_contract,lagged_momentum|mean_reversion|gap|volatility|rank_xsection,low,use notice/disclosure date plus conservative next-trading-day lag,nonminute_pit_context_panel_then_integrated_factor_pack,eligible_for_bulk_transform_plan
cn_fundamental_akshare_batch_v1_20260531\aggregated_v1,cash_flow_sheet_report_em,DISPOSAL_MORTGAGE_ASSET,price_state,announcement_pit_feature,notice_or_disclosure_lagged,candidate_after_pit_contract,lagged_momentum|mean_reversion|gap|volatility|rank_xsection,low,use notice/disclosure date plus conservative next-trading-day lag,nonminute_pit_context_panel_then_integrated_factor_pack,eligible_for_bulk_transform_plan
cn_fundamental_akshare_batch_v1_20260531\aggregated_v1,cash_flow_sheet_report_em,DISPOSAL_MORTGAGE_ASSET_YOY,price_state,announcement_pit_feature,notice_or_disclosure_lagged,candidate_after_pit_contract,lagged_momentum|mean_reversion|gap|volatility|rank_xsection,low,use notice/disclosure date plus conservative next-trading-day lag,nonminute_pit_context_panel_then_integrated_factor_pack,eligible_for_bulk_transform_plan
cn_fundamental_akshare_batch_v1_20260531\aggregated_v1,cash_flow_sheet_report_em,DISPOSAL_SUBSIDIARY_JOINT,price_state,announcement_pit_feature,notice_or_disclosure_lagged,candidate_after_pit_contract,lagged_momentum|mean_reversion|gap|volatility|rank_xsection,low,use notice/disclosure date plus conservative next-trading-day lag,nonminute_pit_context_panel_then_integrated_factor_pack,eligible_for_bulk_transform_plan
cn_fundamental_akshare_batch_v1_20260531\aggregated_v1,cash_flow_sheet_report_em,DISPOSAL_SUBSIDIARY_JOINT_YOY,price_state,announcement_pit_feature,notice_or_disclosure_lagged,candidate_after_pit_contract,lagged_momentum|mean_reversion|gap|volatility|rank_xsection,low,use notice/disclosure date plus conservative next-trading-day lag,nonminute_pit_context_panel_then_integrated_factor_pack,eligible_for_bulk_transform_plan
cn_fundamental_akshare_batch_v1_20260531\aggregated_v1,cash_flow_sheet_report_em,DISPOSAL_SUBSIDIARY_OTHER,price_state,announcement_pit_feature,notice_or_disclosure_lagged,candidate_after_pit_contract,lagged_momentum|mean_reversion|gap|volatility|rank_xsection,low,use notice/disclosure date plus conservative next-trading-day lag,nonminute_pit_context_panel_then_integrated_factor_pack,eligible_for_bulk_transform_plan
cn_fundamental_akshare_batch_v1_20260531\aggregated_v1,cash_flow_sheet_report_em,DISPOSAL_SUBSIDIARY_OTHER_YOY,price_state,announcement_pit_feature,notice_or_disclosure_lagged,candidate_after_pit_contract,lagged_momentum|mean_reversion|gap|volatility|rank_xsection,low,use notice/disclosure date plus conservative next-trading-day lag,nonminute_pit_context_panel_then_integrated_factor_pack,eligible_for_bulk_transform_plan
cn_fundamental_akshare_batch_v1_20260531\aggregated_v1,cash_flow_sheet_report_em,DISPOSAL_SUBSIDIARY_OUTFLOW,price_state,announcement_pit_feature,notice_or_disclosure_lagged,candidate_after_pit_contract,lagged_momentum|mean_reversion|gap|volatility|rank_xsection,low,use notice/disclosure date plus conservative next-trading-day lag,nonminute_pit_context_panel_then_integrated_factor_pack,eligible_for_bulk_transform_plan
cn_fundamental_akshare_batch_v1_20260531\aggregated_v1,cash_flow_sheet_report_em,DISPOSAL_SUBSIDIARY_OUTFLOW_YOY,price_state,announcement_pit_feature,notice_or_disclosure_lagged,candidate_after_pit_contract,lagged_momentum|mean_reversion|gap|volatility|rank_xsection,low,use notice/disclosure date plus conservative next-trading-day lag,nonminute_pit_context_panel_then_integrated_factor_pack,eligible_for_bulk_transform_plan
cn_fundamental_akshare_batch_v1_20260531\aggregated_v1,cash_flow_sheet_report_em,DISPOSAL_TFA_ADD,price_state,announcement_pit_feature,notice_or_disclosure_lagged,candidate_after_pit_contract,lagged_momentum|mean_reversion|gap|volatility|rank_xsection,low,use notice/disclosure date plus conservative next-trading-day lag,nonminute_pit_context_panel_then_integrated_factor_pack,eligible_for_bulk_transform_plan
cn_fundamental_akshare_batch_v1_20260531\aggregated_v1,cash_flow_sheet_report_em,DISPOSAL_TFA_ADD_YOY,price_state,announcement_pit_feature,notice_or_disclosure_lagged,candidate_after_pit_contract,lagged_momentum|mean_reversion|gap|volatility|rank_xsection,low,use notice/disclosure date plus conservative next-trading-day lag,nonminute_pit_context_panel_then_integrated_factor_pack,eligible_for_bulk_transform_plan
cn_fundamental_akshare_batch_v1_20260531\aggregated_v1,cash_flow_sheet_report_em,DISPOSAL_TFA_REDUCE,price_state,announcement_pit_feature,notice_or_disclosure_lagged,candidate_after_pit_contract,lagged_momentum|mean_reversion|gap|volatility|rank_xsection,low,use notice/disclosure date plus conservative next-trading-day lag,nonminute_pit_context_panel_then_integrated_factor_pack,eligible_for_bulk_transform_plan
cn_fundamental_akshare_batch_v1_20260531\aggregated_v1,cash_flow_sheet_report_em,DISPOSAL_TFA_REDUCE_YOY,price_state,announcement_pit_feature,notice_or_disclosure_lagged,candidate_after_pit_contract,lagged_momentum|mean_reversion|gap|volatility|rank_xsection,low,use notice/disclosure date plus conservative next-trading-day lag,nonminute_pit_context_panel_then_integrated_factor_pack,eligible_for_bulk_transform_plan
cn_fundamental_akshare_batch_v1_20260531\aggregated_v1,cash_flow_sheet_report_em,DT_ASSET_REDUCE,price_state,announcement_pit_feature,notice_or_disclosure_lagged,candidate_after_pit_contract,lagged_momentum|mean_reversion|gap|volatility|rank_xsection,low,use notice/disclosure date plus conservative next-trading-day lag,nonminute_pit_context_panel_then_integrated_factor_pack,eligible_for_bulk_transform_plan
cn_fundamental_akshare_batch_v1_20260531\aggregated_v1,cash_flow_sheet_report_em,DT_ASSET_REDUCE_YOY,price_state,announcement_pit_feature,notice_or_disclosure_lagged,candidate_after_pit_contract,lagged_momentum|mean_reversion|gap|volatility|rank_xsection,low,use notice/disclosure date plus conservative next-trading-day lag,nonminute_pit_context_panel_then_integrated_factor_pack,eligible_for_bulk_transform_plan
cn_fundamental_akshare_batch_v1_20260531\aggregated_v1,cash_flow_sheet_report_em,DT_LIAB_ADD,price_state,announcement_pit_feature,notice_or_disclosure_lagged,candidate_after_pit_contract,lagged_momentum|mean_reversion|gap|volatility|rank_xsection,low,use notice/disclosure date plus conservative next-trading-day lag,nonminute_pit_context_panel_then_integrated_factor_pack,eligible_for_bulk_transform_plan
cn_fundamental_akshare_batch_v1_20260531\aggregated_v1,cash_flow_sheet_report_em,DT_LIAB_ADD_YOY,price_state,announcement_pit_feature,notice_or_disclosure_lagged,candidate_after_pit_contract,lagged_momentum|mean_reversion|gap|volatility|rank_xsection,low,use notice/disclosure date plus conservative next-trading-day lag,nonminute_pit_context_panel_then_integrated_factor_pack,eligible_for_bulk_transform_plan
cn_fundamental_akshare_batch_v1_20260531\aggregated_v1,cash_flow_sheet_report_em,END_CASH,price_state,announcement_pit_feature,notice_or_disclosure_lagged,candidate_after_pit_contract,lagged_momentum|mean_reversion|gap|volatility|rank_xsection,low,use notice/disclosure date plus conservative next-trading-day lag,nonminute_pit_context_panel_then_integrated_factor_pack,eligible_for_bulk_transform_plan
cn_fundamental_akshare_batch_v1_20260531\aggregated_v1,cash_flow_sheet_report_em,END_CASH_EQUIVALENTS,price_state,announcement_pit_feature,notice_or_disclosure_lagged,candidate_after_pit_contract,lagged_momentum|mean_reversion|gap|volatility|rank_xsection,low,use notice/disclosure date plus conservative next-trading-day lag,nonminute_pit_context_panel_then_integrated_factor_pack,eligible_for_bulk_transform_plan
cn_fundamental_akshare_batch_v1_20260531\aggregated_v1,cash_flow_sheet_report_em,END_CASH_EQUIVALENTS_YOY,price_state,announcement_pit_feature,notice_or_disclosure_lagged,candidate_after_pit_contract,lagged_momentum|mean_reversion|gap|volatility|rank_xsection,low,use notice/disclosure date plus conservative next-trading-day lag,nonminute_pit_context_panel_then_integrated_factor_pack,eligible_for_bulk_transform_plan
cn_fundamental_akshare_batch_v1_20260531\aggregated_v1,cash_flow_sheet_report_em,END_CASH_YOY,price_state,announcement_pit_feature,notice_or_disclosure_lagged,candidate_after_pit_contract,lagged_momentum|mean_reversion|gap|volatility|rank_xsection,low,use notice/disclosure date plus conservative next-trading-day lag,nonminute_pit_context_panel_then_integrated_factor_pack,eligible_for_bulk_transform_plan
cn_fundamental_akshare_batch_v1_20260531\aggregated_v1,cash_flow_sheet_report_em,END_CCE,price_state,announcement_pit_feature,notice_or_disclosure_lagged,candidate_after_pit_contract,lagged_momentum|mean_reversion|gap|volatility|rank_xsection,low,use notice/disclosure date plus conservative next-trading-day lag,nonminute_pit_context_panel_then_integrated_factor_pack,eligible_for_bulk_transform_plan
cn_fundamental_akshare_batch_v1_20260531\aggregated_v1,cash_flow_sheet_report_em,END_CCE_BALANCE,price_state,announcement_pit_feature,notice_or_disclosure_lagged,candidate_after_pit_contract,lagged_momentum|mean_reversion|gap|volatility|rank_xsection,low,use notice/disclosure date plus conservative next-trading-day lag,nonminute_pit_context_panel_then_integrated_factor_pack,eligible_for_bulk_transform_plan
cn_fundamental_akshare_batch_v1_20260531\aggregated_v1,cash_flow_sheet_report_em,END_CCE_BALANCE_YOY,price_state,announcement_pit_feature,notice_or_disclosure_lagged,candidate_after_pit_contract,lagged_momentum|mean_reversion|gap|volatility|rank_xsection,low,use notice/disclosure date plus conservative next-trading-day lag,nonminute_pit_context_panel_then_integrated_factor_pack,eligible_for_bulk_transform_plan
cn_fundamental_akshare_batch_v1_20260531\aggregated_v1,cash_flow_sheet_report_em,END_CCE_OTHER,price_state,announcement_pit_feature,notice_or_disclosure_lagged,candidate_after_pit_contract,lagged_momentum|mean_reversion|gap|volatility|rank_xsection,low,use notice/disclosure date plus conservative next-trading-day lag,nonminute_pit_context_panel_then_integrated_factor_pack,eligible_for_bulk_transform_plan
cn_fundamental_akshare_batch_v1_20260531\aggregated_v1,cash_flow_sheet_report_em,END_CCE_OTHER_YOY,price_state,announcement_pit_feature,notice_or_disclosure_lagged,candidate_after_pit_contract,lagged_momentum|mean_reversion|gap|volatility|rank_xsection,low,use notice/disclosure date plus conservative next-trading-day lag,nonminute_pit_context_panel_then_integrated_factor_pack,eligible_for_bulk_transform_plan
cn_fundamental_akshare_batch_v1_20260531\aggregated_v1,cash_flow_sheet_report_em,END_CCE_YOY,price_state,announcement_pit_feature,notice_or_disclosure_lagged,candidate_after_pit_contract,lagged_momentum|mean_reversion|gap|volatility|rank_xsection,low,use notice/disclosure date plus conservative next-trading-day lag,nonminute_pit_context_panel_then_integrated_factor_pack,eligible_for_bulk_transform_plan
cn_fundamental_akshare_batch_v1_20260531\aggregated_v1,cash_flow_sheet_report_em,EXCHANGE_LOSS,price_state,announcement_pit_feature,notice_or_disclosure_lagged,candidate_after_pit_contract,lagged_momentum|mean_reversion|gap|volatility|rank_xsection,low,use notice/disclosure date plus conservative next-trading-day lag,nonminute_pit_context_panel_then_integrated_factor_pack,eligible_for_bulk_transform_plan
cn_fundamental_akshare_batch_v1_20260531\aggregated_v1,cash_flow_sheet_report_em,EXCHANGE_LOSS_YOY,price_state,announcement_pit_feature,notice_or_disclosure_lagged,candidate_after_pit_contract,lagged_momentum|mean_reversion|gap|volatility|rank_xsection,low,use notice/disclosure date plus conservative next-trading-day lag,nonminute_pit_context_panel_then_integrated_factor_pack,eligible_for_bulk_transform_plan
cn_fundamental_akshare_batch_v1_20260531\aggregated_v1,cash_flow_sheet_report_em,EXTRACT_INSURANCE_RESERVE,price_state,announcement_pit_feature,notice_or_disclosure_lagged,candidate_after_pit_contract,lagged_momentum|mean_reversion|gap|volatility|rank_xsection,low,use notice/disclosure date plus conservative next-trading-day lag,nonminute_pit_context_panel_then_integrated_factor_pack,eligible_for_bulk_transform_plan
cn_fundamental_akshare_batch_v1_20260531\aggregated_v1,cash_flow_sheet_report_em,EXTRACT_INSURANCE_RESERVE_YOY,price_state,announcement_pit_feature,notice_or_disclosure_lagged,candidate_after_pit_contract,lagged_momentum|mean_reversion|gap|volatility|rank_xsection,low,use notice/disclosure date plus conservative next-trading-day lag,nonminute_pit_context_panel_then_integrated_factor_pack,eligible_for_bulk_transform_plan
cn_fundamental_akshare_batch_v1_20260531\aggregated_v1,cash_flow_sheet_report_em,EXTRACT_UNEXPIRE_RESERVE,price_state,announcement_pit_feature,notice_or_disclosure_lagged,candidate_after_pit_contract,lagged_momentum|mean_reversion|gap|volatility|rank_xsection,low,use notice/disclosure date plus conservative next-trading-day lag,nonminute_pit_context_panel_then_integrated_factor_pack,eligible_for_bulk_transform_plan
cn_fundamental_akshare_batch_v1_20260531\aggregated_v1,cash_flow_sheet_report_em,EXTRACT_UNEXPIRE_RESERVE_YOY,price_state,announcement_pit_feature,notice_or_disclosure_lagged,candidate_after_pit_contract,lagged_momentum|mean_reversion|gap|volatility|rank_xsection,low,use notice/disclosure date plus conservative next-trading-day lag,nonminute_pit_context_panel_then_integrated_factor_pack,eligible_for_bulk_transform_plan
cn_fundamental_akshare_batch_v1_20260531\aggregated_v1,cash_flow_sheet_report_em,FAIRVALUE_CHANGE_LOSS,price_state,announcement_pit_feature,notice_or_disclosure_lagged,candidate_after_pit_contract,lagged_momentum|mean_reversion|gap|volatility|rank_xsection,low,use notice/disclosure date plus conservative next-trading-day lag,nonminute_pit_context_panel_then_integrated_factor_pack,eligible_for_bulk_transform_plan
cn_fundamental_akshare_batch_v1_20260531\aggregated_v1,cash_flow_sheet_report_em,FAIRVALUE_CHANGE_LOSS_YOY,price_state,announcement_pit_feature,notice_or_disclosure_lagged,candidate_after_pit_contract,lagged_momentum|mean_reversion|gap|volatility|rank_xsection,low,use notice/disclosure date plus conservative next-trading-day lag,nonminute_pit_context_panel_then_integrated_factor_pack,eligible_for_bulk_transform_plan
cn_fundamental_akshare_batch_v1_20260531\aggregated_v1,cash_flow_sheet_report_em,FA_IR_DEPR,price_state,announcement_pit_feature,notice_or_disclosure_lagged,candidate_after_pit_contract,lagged_momentum|mean_reversion|gap|volatility|rank_xsection,low,use notice/disclosure date plus conservative next-trading-day lag,nonminute_pit_context_panel_then_integrated_factor_pack,eligible_for_bulk_transform_plan
cn_fundamental_akshare_batch_v1_20260531\aggregated_v1,cash_flow_sheet_report_em,FA_IR_DEPR_YOY,price_state,announcement_pit_feature,notice_or_disclosure_lagged,candidate_after_pit_contract,lagged_momentum|mean_reversion|gap|volatility|rank_xsection,low,use notice/disclosure date plus conservative next-trading-day lag,nonminute_pit_context_panel_then_integrated_factor_pack,eligible_for_bulk_transform_plan
cn_fundamental_akshare_batch_v1_20260531\aggregated_v1,cash_flow_sheet_report_em,FA_SCRAP_LOSS,price_state,announcement_pit_feature,notice_or_disclosure_lagged,candidate_after_pit_contract,lagged_momentum|mean_reversion|gap|volatility|rank_xsection,low,use notice/disclosure date plus conservative next-trading-day lag,nonminute_pit_context_panel_then_integrated_factor_pack,eligible_for_bulk_transform_plan
cn_fundamental_akshare_batch_v1_20260531\aggregated_v1,cash_flow_sheet_report_em,FA_SCRAP_LOSS_YOY,price_state,announcement_pit_feature,notice_or_disclosure_lagged,candidate_after_pit_contract,lagged_momentum|mean_reversion|gap|volatility|rank_xsection,low,use notice/disclosure date plus conservative next-trading-day lag,nonminute_pit_context_panel_then_integrated_factor_pack,eligible_for_bulk_transform_plan
cn_fundamental_akshare_batch_v1_20260531\aggregated_v1,cash_flow_sheet_report_em,FBCCE_ADD,price_state,announcement_pit_feature,notice_or_disclosure_lagged,candidate_after_pit_contract,lagged_momentum|mean_reversion|gap|volatility|rank_xsection,low,use notice/disclosure date plus conservative next-trading-day lag,nonminute_pit_context_panel_then_integrated_factor_pack,eligible_for_bulk_transform_plan
cn_fundamental_akshare_batch_v1_20260531\aggregated_v1,cash_flow_sheet_report_em,FBCCE_ADD_BALANCE,price_state,announcement_pit_feature,notice_or_disclosure_lagged,candidate_after_pit_contract,lagged_momentum|mean_reversion|gap|volatility|rank_xsection,low,use notice/disclosure date plus conservative next-trading-day lag,nonminute_pit_context_panel_then_integrated_factor_pack,eligible_for_bulk_transform_plan
cn_fundamental_akshare_batch_v1_20260531\aggregated_v1,cash_flow_sheet_report_em,FBCCE_ADD_BALANCE_YOY,price_state,announcement_pit_feature,notice_or_disclosure_lagged,candidate_after_pit_contract,lagged_momentum|mean_reversion|gap|volatility|rank_xsection,low,use notice/disclosure date plus conservative next-trading-day lag,nonminute_pit_context_panel_then_integrated_factor_pack,eligible_for_bulk_transform_plan
cn_fundamental_akshare_batch_v1_20260531\aggregated_v1,cash_flow_sheet_report_em,FBCCE_ADD_OTHER,price_state,announcement_pit_feature,notice_or_disclosure_lagged,candidate_after_pit_contract,lagged_momentum|mean_reversion|gap|volatility|rank_xsection,low,use notice/disclosure date plus conservative next-trading-day lag,nonminute_pit_context_panel_then_integrated_factor_pack,eligible_for_bulk_transform_plan
cn_fundamental_akshare_batch_v1_20260531\aggregated_v1,cash_flow_sheet_report_em,FBCCE_ADD_OTHER_YOY,price_state,announcement_pit_feature,notice_or_disclosure_lagged,candidate_after_pit_contract,lagged_momentum|mean_reversion|gap|volatility|rank_xsection,low,use notice/disclosure date plus conservative next-trading-day lag,nonminute_pit_context_panel_then_integrated_factor_pack,eligible_for_bulk_transform_plan
cn_fundamental_akshare_batch_v1_20260531\aggregated_v1,cash_flow_sheet_report_em,FBCCE_ADD_YOY,price_state,announcement_pit_feature,notice_or_disclosure_lagged,candidate_after_pit_contract,lagged_momentum|mean_reversion|gap|volatility|rank_xsection,low,use notice/disclosure date plus conservative next-trading-day lag,nonminute_pit_context_panel_then_integrated_factor_pack,eligible_for_bulk_transform_plan
cn_fundamental_akshare_batch_v1_20260531\aggregated_v1,cash_flow_sheet_report_em,FBNETCASH_OPERATE,price_state,announcement_pit_feature,notice_or_disclosure_lagged,candidate_after_pit_contract,lagged_momentum|mean_reversion|gap|volatility|rank_xsection,low,use notice/disclosure date plus conservative next-trading-day lag,nonminute_pit_context_panel_then_integrated_factor_pack,eligible_for_bulk_transform_plan
cn_fundamental_akshare_batch_v1_20260531\aggregated_v1,cash_flow_sheet_report_em,FBNETCASH_OPERATE_YOY,price_state,announcement_pit_feature,notice_or_disclosure_lagged,candidate_after_pit_contract,lagged_momentum|mean_reversion|gap|volatility|rank_xsection,low,use notice/disclosure date plus conservative next-trading-day lag,nonminute_pit_context_panel_then_integrated_factor_pack,eligible_for_bulk_transform_plan
cn_fundamental_akshare_batch_v1_20260531\aggregated_v1,cash_flow_sheet_report_em,FBOPERATE_NETCASH_BALANCE,price_state,announcement_pit_feature,notice_or_disclosure_lagged,candidate_after_pit_contract,lagged_momentum|mean_reversion|gap|volatility|rank_xsection,low,use notice/disclosure date plus conservative next-trading-day lag,nonminute_pit_context_panel_then_integrated_factor_pack,eligible_for_bulk_transform_plan
cn_fundamental_akshare_batch_v1_20260531\aggregated_v1,cash_flow_sheet_report_em,FBOPERATE_NETCASH_BALANCE_YOY,price_state,announcement_pit_feature,notice_or_disclosure_lagged,candidate_after_pit_contract,lagged_momentum|mean_reversion|gap|volatility|rank_xsection,low,use notice/disclosure date plus conservative next-trading-day lag,nonminute_pit_context_panel_then_integrated_factor_pack,eligible_for_bulk_transform_plan
cn_fundamental_akshare_batch_v1_20260531\aggregated_v1,cash_flow_sheet_report_em,FBOPERATE_NETCASH_OTHER,price_state,announcement_pit_feature,notice_or_disclosure_lagged,candidate_after_pit_contract,lagged_momentum|mean_reversion|gap|volatility|rank_xsection,low,use notice/disclosure date plus conservative next-trading-day lag,nonminute_pit_context_panel_then_integrated_factor_pack,eligible_for_bulk_transform_plan
cn_fundamental_akshare_batch_v1_20260531\aggregated_v1,cash_flow_sheet_report_em,FBOPERATE_NETCASH_OTHER_YOY,price_state,announcement_pit_feature,notice_or_disclosure_lagged,candidate_after_pit_contract,lagged_momentum|mean_reversion|gap|volatility|rank_xsection,low,use notice/disclosure date plus conservative next-trading-day lag,nonminute_pit_context_panel_then_integrated_factor_pack,eligible_for_bulk_transform_plan
cn_fundamental_akshare_batch_v1_20260531\aggregated_v1,cash_flow_sheet_report_em,FB_CCE_ADD,price_state,announcement_pit_feature,notice_or_disclosure_lagged,candidate_after_pit_contract,lagged_momentum|mean_reversion|gap|volatility|rank_xsection,low,use notice/disclosure date plus conservative next-trading-day lag,nonminute_pit_context_panel_then_integrated_factor_pack,eligible_for_bulk_transform_plan
cn_fundamental_akshare_batch_v1_20260531\aggregated_v1,cash_flow_sheet_report_em,FB_CCE_ADD_BALANCE,price_state,announcement_pit_feature,notice_or_disclosure_lagged,candidate_after_pit_contract,lagged_momentum|mean_reversion|gap|volatility|rank_xsection,low,use notice/disclosure date plus conservative next-trading-day lag,nonminute_pit_context_panel_then_integrated_factor_pack,eligible_for_bulk_transform_plan
cn_fundamental_akshare_batch_v1_20260531\aggregated_v1,cash_flow_sheet_report_em,FB_CCE_ADD_BALANCE_YOY,price_state,announcement_pit_feature,notice_or_disclosure_lagged,candidate_after_pit_contract,lagged_momentum|mean_reversion|gap|volatility|rank_xsection,low,use notice/disclosure date plus conservative next-trading-day lag,nonminute_pit_context_panel_then_integrated_factor_pack,eligible_for_bulk_transform_plan
cn_fundamental_akshare_batch_v1_20260531\aggregated_v1,cash_flow_sheet_report_em,FB_CCE_ADD_OTHER,price_state,announcement_pit_feature,notice_or_disclosure_lagged,candidate_after_pit_contract,lagged_momentum|mean_reversion|gap|volatility|rank_xsection,low,use notice/disclosure date plus conservative next-trading-day lag,nonminute_pit_context_panel_then_integrated_factor_pack,eligible_for_bulk_transform_plan
cn_fundamental_akshare_batch_v1_20260531\aggregated_v1,cash_flow_sheet_report_em,FB_CCE_ADD_OTHER_YOY,price_state,announcement_pit_feature,notice_or_disclosure_lagged,candidate_after_pit_contract,lagged_momentum|mean_reversion|gap|volatility|rank_xsection,low,use notice/disclosure date plus conservative next-trading-day lag,nonminute_pit_context_panel_then_integrated_factor_pack,eligible_for_bulk_transform_plan
cn_fundamental_akshare_batch_v1_20260531\aggregated_v1,cash_flow_sheet_report_em,FB_CCE_ADD_YOY,price_state,announcement_pit_feature,notice_or_disclosure_lagged,candidate_after_pit_contract,lagged_momentum|mean_reversion|gap|volatility|rank_xsection,low,use notice/disclosure date plus conservative next-trading-day lag,nonminute_pit_context_panel_then_integrated_factor_pack,eligible_for_bulk_transform_plan
cn_fundamental_akshare_batch_v1_20260531\aggregated_v1,cash_flow_sheet_report_em,FB_NETCASH_OPERATE,price_state,announcement_pit_feature,notice_or_disclosure_lagged,candidate_after_pit_contract,lagged_momentum|mean_reversion|gap|volatility|rank_xsection,low,use notice/disclosure date plus conservative next-trading-day lag,nonminute_pit_context_panel_then_integrated_factor_pack,eligible_for_bulk_transform_plan
cn_fundamental_akshare_batch_v1_20260531\aggregated_v1,cash_flow_sheet_report_em,FB_NETCASH_OPERATE_YOY,price_state,announcement_pit_feature,notice_or_disclosure_lagged,candidate_after_pit_contract,lagged_momentum|mean_reversion|gap|volatility|rank_xsection,low,use notice/disclosure date plus conservative next-trading-day lag,nonminute_pit_context_panel_then_integrated_factor_pack,eligible_for_bulk_transform_plan
cn_fundamental_akshare_batch_v1_20260531\aggregated_v1,cash_flow_sheet_report_em,FB_OPERATE_NETCASH_BALANCE,price_state,announcement_pit_feature,notice_or_disclosure_lagged,candidate_after_pit_contract,lagged_momentum|mean_reversion|gap|volatility|rank_xsection,low,use notice/disclosure date plus conservative next-trading-day lag,nonminute_pit_context_panel_then_integrated_factor_pack,eligible_for_bulk_transform_plan
cn_fundamental_akshare_batch_v1_20260531\aggregated_v1,cash_flow_sheet_report_em,FB_OPERATE_NETCASH_BALANCE_YOY,price_state,announcement_pit_feature,notice_or_disclosure_lagged,candidate_after_pit_contract,lagged_momentum|mean_reversion|gap|volatility|rank_xsection,low,use notice/disclosure date plus conservative next-trading-day lag,nonminute_pit_context_panel_then_integrated_factor_pack,eligible_for_bulk_transform_plan
cn_fundamental_akshare_batch_v1_20260531\aggregated_v1,cash_flow_sheet_report_em,FB_OPERATE_NETCASH_OTHER,price_state,announcement_pit_feature,notice_or_disclosure_lagged,candidate_after_pit_contract,lagged_momentum|mean_reversion|gap|volatility|rank_xsection,low,use notice/disclosure date plus conservative next-trading-day lag,nonminute_pit_context_panel_then_integrated_factor_pack,eligible_for_bulk_transform_plan
cn_fundamental_akshare_batch_v1_20260531\aggregated_v1,cash_flow_sheet_report_em,FB_OPERATE_NETCASH_OTHER_YOY,price_state,announcement_pit_feature,notice_or_disclosure_lagged,candidate_after_pit_contract,lagged_momentum|mean_reversion|gap|volatility|rank_xsection,low,use notice/disclosure date plus conservative next-trading-day lag,nonminute_pit_context_panel_then_integrated_factor_pack,eligible_for_bulk_transform_plan
cn_fundamental_akshare_batch_v1_20260531\aggregated_v1,cash_flow_sheet_report_em,FINANCE_EXPENSE,price_state,announcement_pit_feature,notice_or_disclosure_lagged,candidate_after_pit_contract,lagged_momentum|mean_reversion|gap|volatility|rank_xsection,low,use notice/disclosure date plus conservative next-trading-day lag,nonminute_pit_context_panel_then_integrated_factor_pack,eligible_for_bulk_transform_plan
cn_fundamental_akshare_batch_v1_20260531\aggregated_v1,cash_flow_sheet_report_em,FINANCE_EXPENSE_YOY,price_state,announcement_pit_feature,notice_or_disclosure_lagged,candidate_after_pit_contract,lagged_momentum|mean_reversion|gap|volatility|rank_xsection,low,use notice/disclosure date plus conservative next-trading-day lag,nonminute_pit_context_panel_then_integrated_factor_pack,eligible_for_bulk_transform_plan
cn_fundamental_akshare_batch_v1_20260531\aggregated_v1,cash_flow_sheet_report_em,FINANCE_INFLOW_BALANCE,price_state,announcement_pit_feature,notice_or_disclosure_lagged,candidate_after_pit_contract,lagged_momentum|mean_reversion|gap|volatility|rank_xsection,low,use notice/disclosure date plus conservative next-trading-day lag,nonminute_pit_context_panel_then_integrated_factor_pack,eligible_for_bulk_transform_plan
cn_fundamental_akshare_batch_v1_20260531\aggregated_v1,cash_flow_sheet_report_em,FINANCE_INFLOW_BALANCE_YOY,price_state,announcement_pit_feature,notice_or_disclosure_lagged,candidate_after_pit_contract,lagged_momentum|mean_reversion|gap|volatility|rank_xsection,low,use notice/disclosure date plus conservative next-trading-day lag,nonminute_pit_context_panel_then_integrated_factor_pack,eligible_for_bulk_transform_plan
cn_fundamental_akshare_batch_v1_20260531\aggregated_v1,cash_flow_sheet_report_em,FINANCE_INFLOW_OTHER,price_state,announcement_pit_feature,notice_or_disclosure_lagged,candidate_after_pit_contract,lagged_momentum|mean_reversion|gap|volatility|rank_xsection,low,use notice/disclosure date plus conservative next-trading-day lag,nonminute_pit_context_panel_then_integrated_factor_pack,eligible_for_bulk_transform_plan
cn_fundamental_akshare_batch_v1_20260531\aggregated_v1,cash_flow_sheet_report_em,FINANCE_INFLOW_OTHER_YOY,price_state,announcement_pit_feature,notice_or_disclosure_lagged,candidate_after_pit_contract,lagged_momentum|mean_reversion|gap|volatility|rank_xsection,low,use notice/disclosure date plus conservative next-trading-day lag,nonminute_pit_context_panel_then_integrated_factor_pack,eligible_for_bulk_transform_plan
cn_fundamental_akshare_batch_v1_20260531\aggregated_v1,cash_flow_sheet_report_em,FINANCE_NETCASH_BALANCE,price_state,announcement_pit_feature,notice_or_disclosure_lagged,candidate_after_pit_contract,lagged_momentum|mean_reversion|gap|volatility|rank_xsection,low,use notice/disclosure date plus conservative next-trading-day lag,nonminute_pit_context_panel_then_integrated_factor_pack,eligible_for_bulk_transform_plan
cn_fundamental_akshare_batch_v1_20260531\aggregated_v1,cash_flow_sheet_report_em,FINANCE_NETCASH_BALANCE_YOY,price_state,announcement_pit_feature,notice_or_disclosure_lagged,candidate_after_pit_contract,lagged_momentum|mean_reversion|gap|volatility|rank_xsection,low,use notice/disclosure date plus conservative next-trading-day lag,nonminute_pit_context_panel_then_integrated_factor_pack,eligible_for_bulk_transform_plan
cn_fundamental_akshare_batch_v1_20260531\aggregated_v1,cash_flow_sheet_report_em,FINANCE_NETCASH_OTHER,price_state,announcement_pit_feature,notice_or_disclosure_lagged,candidate_after_pit_contract,lagged_momentum|mean_reversion|gap|volatility|rank_xsection,low,use notice/disclosure date plus conservative next-trading-day lag,nonminute_pit_context_panel_then_integrated_factor_pack,eligible_for_bulk_transform_plan
cn_fundamental_akshare_batch_v1_20260531\aggregated_v1,cash_flow_sheet_report_em,FINANCE_NETCASH_OTHER_YOY,price_state,announcement_pit_feature,notice_or_disclosure_lagged,candidate_after_pit_contract,lagged_momentum|mean_reversion|gap|volatility|rank_xsection,low,use notice/disclosure date plus conservative next-trading-day lag,nonminute_pit_context_panel_then_integrated_factor_pack,eligible_for_bulk_transform_plan
cn_fundamental_akshare_batch_v1_20260531\aggregated_v1,cash_flow_sheet_report_em,FINANCE_OUTFLOW_BALANCE,price_state,announcement_pit_feature,notice_or_disclosure_lagged,candidate_after_pit_contract,lagged_momentum|mean_reversion|gap|volatility|rank_xsection,low,use notice/disclosure date plus conservative next-trading-day lag,nonminute_pit_context_panel_then_integrated_factor_pack,eligible_for_bulk_transform_plan
cn_fundamental_akshare_batch_v1_20260531\aggregated_v1,cash_flow_sheet_report_em,FINANCE_OUTFLOW_BALANCE_YOY,price_state,announcement_pit_feature,notice_or_disclosure_lagged,candidate_after_pit_contract,lagged_momentum|mean_reversion|gap|volatility|rank_xsection,low,use notice/disclosure date plus conservative next-trading-day lag,nonminute_pit_context_panel_then_integrated_factor_pack,eligible_for_bulk_transform_plan
cn_fundamental_akshare_batch_v1_20260531\aggregated_v1,cash_flow_sheet_report_em,FINANCE_OUTFLOW_OTHER,price_state,announcement_pit_feature,notice_or_disclosure_lagged,candidate_after_pit_contract,lagged_momentum|mean_reversion|gap|volatility|rank_xsection,low,use notice/disclosure date plus conservative next-trading-day lag,nonminute_pit_context_panel_then_integrated_factor_pack,eligible_for_bulk_transform_plan
cn_fundamental_akshare_batch_v1_20260531\aggregated_v1,cash_flow_sheet_report_em,FINANCE_OUTFLOW_OTHER_YOY,price_state,announcement_pit_feature,notice_or_disclosure_lagged,candidate_after_pit_contract,lagged_momentum|mean_reversion|gap|volatility|rank_xsection,low,use notice/disclosure date plus conservative next-trading-day lag,nonminute_pit_context_panel_then_integrated_factor_pack,eligible_for_bulk_transform_plan
cn_fundamental_akshare_batch_v1_20260531\aggregated_v1,cash_flow_sheet_report_em,FINASSET_REDUCE,price_state,announcement_pit_feature,notice_or_disclosure_lagged,candidate_after_pit_contract,lagged_momentum|mean_reversion|gap|volatility|rank_xsection,low,use notice/disclosure date plus conservative next-trading-day lag,nonminute_pit_context_panel_then_integrated_factor_pack,eligible_for_bulk_transform_plan
cn_fundamental_akshare_batch_v1_20260531\aggregated_v1,cash_flow_sheet_report_em,FINASSET_REDUCE_YOY,price_state,announcement_pit_feature,notice_or_disclosure_lagged,candidate_after_pit_contract,lagged_momentum|mean_reversion|gap|volatility|rank_xsection,low,use notice/disclosure date plus conservative next-trading-day lag,nonminute_pit_context_panel_then_integrated_factor_pack,eligible_for_bulk_transform_plan
cn_fundamental_akshare_batch_v1_20260531\aggregated_v1,cash_flow_sheet_report_em,FINLEASE_OBTAIN_FA,price_state,announcement_pit_feature,notice_or_disclosure_lagged,candidate_after_pit_contract,lagged_momentum|mean_reversion|gap|volatility|rank_xsection,low,use notice/disclosure date plus conservative next-trading-day lag,nonminute_pit_context_panel_then_integrated_factor_pack,eligible_for_bulk_transform_plan
cn_fundamental_akshare_batch_v1_20260531\aggregated_v1,cash_flow_sheet_report_em,FINLEASE_OBTAIN_FA_YOY,price_state,announcement_pit_feature,notice_or_disclosure_lagged,candidate_after_pit_contract,lagged_momentum|mean_reversion|gap|volatility|rank_xsection,low,use notice/disclosure date plus conservative next-trading-day lag,nonminute_pit_context_panel_then_integrated_factor_pack,eligible_for_bulk_transform_plan
cn_fundamental_akshare_batch_v1_20260531\aggregated_v1,cash_flow_sheet_report_em,FINLIAB_ADD,price_state,announcement_pit_feature,notice_or_disclosure_lagged,candidate_after_pit_contract,lagged_momentum|mean_reversion|gap|volatility|rank_xsection,low,use notice/disclosure date plus conservative next-trading-day lag,nonminute_pit_context_panel_then_integrated_factor_pack,eligible_for_bulk_transform_plan
cn_fundamental_akshare_batch_v1_20260531\aggregated_v1,cash_flow_sheet_report_em,FINLIAB_ADD_YOY,price_state,announcement_pit_feature,notice_or_disclosure_lagged,candidate_after_pit_contract,lagged_momentum|mean_reversion|gap|volatility|rank_xsection,low,use notice/disclosure date plus conservative next-trading-day lag,nonminute_pit_context_panel_then_integrated_factor_pack,eligible_for_bulk_transform_plan
cn_fundamental_akshare_batch_v1_20260531\aggregated_v1,cash_flow_sheet_report_em,FIXED_ASSET_DEPR,price_state,announcement_pit_feature,notice_or_disclosure_lagged,candidate_after_pit_contract,lagged_momentum|mean_reversion|gap|volatility|rank_xsection,low,use notice/disclosure date plus conservative next-trading-day lag,nonminute_pit_context_panel_then_integrated_factor_pack,eligible_for_bulk_transform_plan
cn_fundamental_akshare_batch_v1_20260531\aggregated_v1,cash_flow_sheet_report_em,FIXED_ASSET_DEPR_YOY,price_state,announcement_pit_feature,notice_or_disclosure_lagged,candidate_after_pit_contract,lagged_momentum|mean_reversion|gap|volatility|rank_xsection,low,use notice/disclosure date plus conservative next-trading-day lag,nonminute_pit_context_panel_then_integrated_factor_pack,eligible_for_bulk_transform_plan
cn_fundamental_akshare_batch_v1_20260531\aggregated_v1,cash_flow_sheet_report_em,IA_AMORTIZE,price_state,announcement_pit_feature,notice_or_disclosure_lagged,candidate_after_pit_contract,lagged_momentum|mean_reversion|gap|volatility|rank_xsection,low,use notice/disclosure date plus conservative next-trading-day lag,nonminute_pit_context_panel_then_integrated_factor_pack,eligible_for_bulk_transform_plan
cn_fundamental_akshare_batch_v1_20260531\aggregated_v1,cash_flow_sheet_report_em,IA_AMORTIZE_YOY,price_state,announcement_pit_feature,notice_or_disclosure_lagged,candidate_after_pit_contract,lagged_momentum|mean_reversion|gap|volatility|rank_xsection,low,use notice/disclosure date plus conservative next-trading-day lag,nonminute_pit_context_panel_then_integrated_factor_pack,eligible_for_bulk_transform_plan
cn_fundamental_akshare_batch_v1_20260531\aggregated_v1,cash_flow_sheet_report_em,IA_LPE_AMORTIZE,price_state,announcement_pit_feature,notice_or_disclosure_lagged,candidate_after_pit_contract,lagged_momentum|mean_reversion|gap|volatility|rank_xsection,low,use notice/disclosure date plus conservative next-trading-day lag,nonminute_pit_context_panel_then_integrated_factor_pack,eligible_for_bulk_transform_plan
cn_fundamental_akshare_batch_v1_20260531\aggregated_v1,cash_flow_sheet_report_em,IA_LPE_AMORTIZE_YOY,price_state,announcement_pit_feature,notice_or_disclosure_lagged,candidate_after_pit_contract,lagged_momentum|mean_reversion|gap|volatility|rank_xsection,low,use notice/disclosure date plus conservative next-trading-day lag,nonminute_pit_context_panel_then_integrated_factor_pack,eligible_for_bulk_transform_plan
cn_fundamental_akshare_batch_v1_20260531\aggregated_v1,cash_flow_sheet_report_em,INSURED_INVEST_ADD,price_state,announcement_pit_feature,notice_or_disclosure_lagged,candidate_after_pit_contract,lagged_momentum|mean_reversion|gap|volatility|rank_xsection,low,use notice/disclosure date plus conservative next-trading-day lag,nonminute_pit_context_panel_then_integrated_factor_pack,eligible_for_bulk_transform_plan
cn_fundamental_akshare_batch_v1_20260531\aggregated_v1,cash_flow_sheet_report_em,INSURED_INVEST_ADD_YOY,price_state,announcement_pit_feature,notice_or_disclosure_lagged,candidate_after_pit_contract,lagged_momentum|mean_reversion|gap|volatility|rank_xsection,low,use notice/disclosure date plus conservative next-trading-day lag,nonminute_pit_context_panel_then_integrated_factor_pack,eligible_for_bulk_transform_plan
cn_fundamental_akshare_batch_v1_20260531\aggregated_v1,cash_flow_sheet_report_em,INSURED_INVEST_REDUCE,price_state,announcement_pit_feature,notice_or_disclosure_lagged,candidate_after_pit_contract,lagged_momentum|mean_reversion|gap|volatility|rank_xsection,low,use notice/disclosure date plus conservative next-trading-day lag,nonminute_pit_context_panel_then_integrated_factor_pack,eligible_for_bulk_transform_plan
cn_fundamental_akshare_batch_v1_20260531\aggregated_v1,cash_flow_sheet_report_em,INSURED_INVEST_REDUCE_YOY,price_state,announcement_pit_feature,notice_or_disclosure_lagged,candidate_after_pit_contract,lagged_momentum|mean_reversion|gap|volatility|rank_xsection,low,use notice/disclosure date plus conservative next-trading-day lag,nonminute_pit_context_panel_then_integrated_factor_pack,eligible_for_bulk_transform_plan
cn_fundamental_akshare_batch_v1_20260531\aggregated_v1,cash_flow_sheet_report_em,INSURED_PLA,price_state,announcement_pit_feature,notice_or_disclosure_lagged,candidate_after_pit_contract,lagged_momentum|mean_reversion|gap|volatility|rank_xsection,low,use notice/disclosure date plus conservative next-trading-day lag,nonminute_pit_context_panel_then_integrated_factor_pack,eligible_for_bulk_transform_plan
cn_fundamental_akshare_batch_v1_20260531\aggregated_v1,cash_flow_sheet_report_em,INSURED_PLA_YOY,price_state,announcement_pit_feature,notice_or_disclosure_lagged,candidate_after_pit_contract,lagged_momentum|mean_reversion|gap|volatility|rank_xsection,low,use notice/disclosure date plus conservative next-trading-day lag,nonminute_pit_context_panel_then_integrated_factor_pack,eligible_for_bulk_transform_plan
cn_fundamental_akshare_batch_v1_20260531\aggregated_v1,cash_flow_sheet_report_em,INTERBANK_OTHER_REDUCE,price_state,announcement_pit_feature,notice_or_disclosure_lagged,candidate_after_pit_contract,lagged_momentum|mean_reversion|gap|volatility|rank_xsection,low,use notice/disclosure date plus conservative next-trading-day lag,nonminute_pit_context_panel_then_integrated_factor_pack,eligible_for_bulk_transform_plan
cn_fundamental_akshare_batch_v1_20260531\aggregated_v1,cash_flow_sheet_report_em,INTERBANK_OTHER_REDUCE_YOY,price_state,announcement_pit_feature,notice_or_disclosure_lagged,candidate_after_pit_contract,lagged_momentum|mean_reversion|gap|volatility|rank_xsection,low,use notice/disclosure date plus conservative next-trading-day lag,nonminute_pit_context_panel_then_integrated_factor_pack,eligible_for_bulk_transform_plan
cn_fundamental_akshare_batch_v1_20260531\aggregated_v1,cash_flow_sheet_report_em,INVENTORY_REDUCE,price_state,announcement_pit_feature,notice_or_disclosure_lagged,candidate_after_pit_contract,lagged_momentum|mean_reversion|gap|volatility|rank_xsection,low,use notice/disclosure date plus conservative next-trading-day lag,nonminute_pit_context_panel_then_integrated_factor_pack,eligible_for_bulk_transform_plan
cn_fundamental_akshare_batch_v1_20260531\aggregated_v1,cash_flow_sheet_report_em,INVENTORY_REDUCE_YOY,price_state,announcement_pit_feature,notice_or_disclosure_lagged,candidate_after_pit_contract,lagged_momentum|mean_reversion|gap|volatility|rank_xsection,low,use notice/disclosure date plus conservative next-trading-day lag,nonminute_pit_context_panel_then_integrated_factor_pack,eligible_for_bulk_transform_plan
cn_fundamental_akshare_batch_v1_20260531\aggregated_v1,cash_flow_sheet_report_em,INVEST_INFLOW_BALANCE,price_state,announcement_pit_feature,notice_or_disclosure_lagged,candidate_after_pit_contract,lagged_momentum|mean_reversion|gap|volatility|rank_xsection,low,use notice/disclosure date plus conservative next-trading-day lag,nonminute_pit_context_panel_then_integrated_factor_pack,eligible_for_bulk_transform_plan
cn_fundamental_akshare_batch_v1_20260531\aggregated_v1,cash_flow_sheet_report_em,INVEST_INFLOW_BALANCE_YOY,price_state,announcement_pit_feature,notice_or_disclosure_lagged,candidate_after_pit_contract,lagged_momentum|mean_reversion|gap|volatility|rank_xsection,low,use notice/disclosure date plus conservative next-trading-day lag,nonminute_pit_context_panel_then_integrated_factor_pack,eligible_for_bulk_transform_plan
cn_fundamental_akshare_batch_v1_20260531\aggregated_v1,cash_flow_sheet_report_em,INVEST_INFLOW_OTHER,price_state,announcement_pit_feature,notice_or_disclosure_lagged,candidate_after_pit_contract,lagged_momentum|mean_reversion|gap|volatility|rank_xsection,low,use notice/disclosure date plus conservative next-trading-day lag,nonminute_pit_context_panel_then_integrated_factor_pack,eligible_for_bulk_transform_plan
cn_fundamental_akshare_batch_v1_20260531\aggregated_v1,cash_flow_sheet_report_em,INVEST_INFLOW_OTHER_YOY,price_state,announcement_pit_feature,notice_or_disclosure_lagged,candidate_after_pit_contract,lagged_momentum|mean_reversion|gap|volatility|rank_xsection,low,use notice/disclosure date plus conservative next-trading-day lag,nonminute_pit_context_panel_then_integrated_factor_pack,eligible_for_bulk_transform_plan
cn_fundamental_akshare_batch_v1_20260531\aggregated_v1,cash_flow_sheet_report_em,INVEST_LOSS,price_state,announcement_pit_feature,notice_or_disclosure_lagged,candidate_after_pit_contract,lagged_momentum|mean_reversion|gap|volatility|rank_xsection,low,use notice/disclosure date plus conservative next-trading-day lag,nonminute_pit_context_panel_then_integrated_factor_pack,eligible_for_bulk_transform_plan
cn_fundamental_akshare_batch_v1_20260531\aggregated_v1,cash_flow_sheet_report_em,INVEST_LOSS_YOY,price_state,announcement_pit_feature,notice_or_disclosure_lagged,candidate_after_pit_contract,lagged_momentum|mean_reversion|gap|volatility|rank_xsection,low,use notice/disclosure date plus conservative next-trading-day lag,nonminute_pit_context_panel_then_integrated_factor_pack,eligible_for_bulk_transform_plan
cn_fundamental_akshare_batch_v1_20260531\aggregated_v1,cash_flow_sheet_report_em,INVEST_NETCASH_BALANCE,price_state,announcement_pit_feature,notice_or_disclosure_lagged,candidate_after_pit_contract,lagged_momentum|mean_reversion|gap|volatility|rank_xsection,low,use notice/disclosure date plus conservative next-trading-day lag,nonminute_pit_context_panel_then_integrated_factor_pack,eligible_for_bulk_transform_plan
cn_fundamental_akshare_batch_v1_20260531\aggregated_v1,cash_flow_sheet_report_em,INVEST_NETCASH_BALANCE_YOY,price_state,announcement_pit_feature,notice_or_disclosure_lagged,candidate_after_pit_contract,lagged_momentum|mean_reversion|gap|volatility|rank_xsection,low,use notice/disclosure date plus conservative next-trading-day lag,nonminute_pit_context_panel_then_integrated_factor_pack,eligible_for_bulk_transform_plan
cn_fundamental_akshare_batch_v1_20260531\aggregated_v1,cash_flow_sheet_report_em,INVEST_NETCASH_OTHER,price_state,announcement_pit_feature,notice_or_disclosure_lagged,candidate_after_pit_contract,lagged_momentum|mean_reversion|gap|volatility|rank_xsection,low,use notice/disclosure date plus conservative next-trading-day lag,nonminute_pit_context_panel_then_integrated_factor_pack,eligible_for_bulk_transform_plan
cn_fundamental_akshare_batch_v1_20260531\aggregated_v1,cash_flow_sheet_report_em,INVEST_NETCASH_OTHER_YOY,price_state,announcement_pit_feature,notice_or_disclosure_lagged,candidate_after_pit_contract,lagged_momentum|mean_reversion|gap|volatility|rank_xsection,low,use notice/disclosure date plus conservative next-trading-day lag,nonminute_pit_context_panel_then_integrated_factor_pack,eligible_for_bulk_transform_plan
cn_fundamental_akshare_batch_v1_20260531\aggregated_v1,cash_flow_sheet_report_em,INVEST_OUTFLOW_BALANCE,price_state,announcement_pit_feature,notice_or_disclosure_lagged,candidate_after_pit_contract,lagged_momentum|mean_reversion|gap|volatility|rank_xsection,low,use notice/disclosure date plus conservative next-trading-day lag,nonminute_pit_context_panel_then_integrated_factor_pack,eligible_for_bulk_transform_plan
cn_fundamental_akshare_batch_v1_20260531\aggregated_v1,cash_flow_sheet_report_em,INVEST_OUTFLOW_BALANCE_YOY,price_state,announcement_pit_feature,notice_or_disclosure_lagged,candidate_after_pit_contract,lagged_momentum|mean_reversion|gap|volatility|rank_xsection,low,use notice/disclosure date plus conservative next-trading-day lag,nonminute_pit_context_panel_then_integrated_factor_pack,eligible_for_bulk_transform_plan
cn_fundamental_akshare_batch_v1_20260531\aggregated_v1,cash_flow_sheet_report_em,INVEST_OUTFLOW_OTHER,price_state,announcement_pit_feature,notice_or_disclosure_lagged,candidate_after_pit_contract,lagged_momentum|mean_reversion|gap|volatility|rank_xsection,low,use notice/disclosure date plus conservative next-trading-day lag,nonminute_pit_context_panel_then_integrated_factor_pack,eligible_for_bulk_transform_plan
cn_fundamental_akshare_batch_v1_20260531\aggregated_v1,cash_flow_sheet_report_em,INVEST_OUTFLOW_OTHER_YOY,price_state,announcement_pit_feature,notice_or_disclosure_lagged,candidate_after_pit_contract,lagged_momentum|mean_reversion|gap|volatility|rank_xsection,low,use notice/disclosure date plus conservative next-trading-day lag,nonminute_pit_context_panel_then_integrated_factor_pack,eligible_for_bulk_transform_plan
cn_fundamental_akshare_batch_v1_20260531\aggregated_v1,cash_flow_sheet_report_em,INVEST_PAY_CASH,price_state,announcement_pit_feature,notice_or_disclosure_lagged,candidate_after_pit_contract,lagged_momentum|mean_reversion|gap|volatility|rank_xsection,low,use notice/disclosure date plus conservative next-trading-day lag,nonminute_pit_context_panel_then_integrated_factor_pack,eligible_for_bulk_transform_plan
cn_fundamental_akshare_batch_v1_20260531\aggregated_v1,cash_flow_sheet_report_em,INVEST_PAY_CASH_YOY,price_state,announcement_pit_feature,notice_or_disclosure_lagged,candidate_after_pit_contract,lagged_momentum|mean_reversion|gap|volatility|rank_xsection,low,use notice/disclosure date plus conservative next-trading-day lag,nonminute_pit_context_panel_then_integrated_factor_pack,eligible_for_bulk_transform_plan
cn_fundamental_akshare_batch_v1_20260531\aggregated_v1,cash_flow_sheet_report_em,IOFI_ADD,price_state,announcement_pit_feature,notice_or_disclosure_lagged,candidate_after_pit_contract,lagged_momentum|mean_reversion|gap|volatility|rank_xsection,low,use notice/disclosure date plus conservative next-trading-day lag,nonminute_pit_context_panel_then_integrated_factor_pack,eligible_for_bulk_transform_plan
cn_fundamental_akshare_batch_v1_20260531\aggregated_v1,cash_flow_sheet_report_em,IOFI_ADD_YOY,price_state,announcement_pit_feature,notice_or_disclosure_lagged,candidate_after_pit_contract,lagged_momentum|mean_reversion|gap|volatility|rank_xsection,low,use notice/disclosure date plus conservative next-trading-day lag,nonminute_pit_context_panel_then_integrated_factor_pack,eligible_for_bulk_transform_plan
cn_fundamental_akshare_batch_v1_20260531\aggregated_v1,cash_flow_sheet_report_em,IR_DEPR,price_state,announcement_pit_feature,notice_or_disclosure_lagged,candidate_after_pit_contract,lagged_momentum|mean_reversion|gap|volatility|rank_xsection,low,use notice/disclosure date plus conservative next-trading-day lag,nonminute_pit_context_panel_then_integrated_factor_pack,eligible_for_bulk_transform_plan
cn_fundamental_akshare_batch_v1_20260531\aggregated_v1,cash_flow_sheet_report_em,IR_DEPR_YOY,price_state,announcement_pit_feature,notice_or_disclosure_lagged,candidate_after_pit_contract,lagged_momentum|mean_reversion|gap|volatility|rank_xsection,low,use notice/disclosure date plus conservative next-trading-day lag,nonminute_pit_context_panel_then_integrated_factor_pack,eligible_for_bulk_transform_plan
cn_fundamental_akshare_batch_v1_20260531\aggregated_v1,cash_flow_sheet_report_em,ISSUED_CD_REDUCE,price_state,announcement_pit_feature,notice_or_disclosure_lagged,candidate_after_pit_contract,lagged_momentum|mean_reversion|gap|volatility|rank_xsection,low,use notice/disclosure date plus conservative next-trading-day lag,nonminute_pit_context_panel_then_integrated_factor_pack,eligible_for_bulk_transform_plan
cn_fundamental_akshare_batch_v1_20260531\aggregated_v1,cash_flow_sheet_report_em,ISSUED_CD_REDUCE_YOY,price_state,announcement_pit_feature,notice_or_disclosure_lagged,candidate_after_pit_contract,lagged_momentum|mean_reversion|gap|volatility|rank_xsection,low,use notice/disclosure date plus conservative next-trading-day lag,nonminute_pit_context_panel_then_integrated_factor_pack,eligible_for_bulk_transform_plan
cn_fundamental_akshare_batch_v1_20260531\aggregated_v1,cash_flow_sheet_report_em,ISSUE_BOND,price_state,announcement_pit_feature,notice_or_disclosure_lagged,candidate_after_pit_contract,lagged_momentum|mean_reversion|gap|volatility|rank_xsection,low,use notice/disclosure date plus conservative next-trading-day lag,nonminute_pit_context_panel_then_integrated_factor_pack,eligible_for_bulk_transform_plan
cn_fundamental_akshare_batch_v1_20260531\aggregated_v1,cash_flow_sheet_report_em,ISSUE_BOND_YOY,price_state,announcement_pit_feature,notice_or_disclosure_lagged,candidate_after_pit_contract,lagged_momentum|mean_reversion|gap|volatility|rank_xsection,low,use notice/disclosure date plus conservative next-trading-day lag,nonminute_pit_context_panel_then_integrated_factor_pack,eligible_for_bulk_transform_plan
cn_fundamental_akshare_batch_v1_20260531\aggregated_v1,cash_flow_sheet_report_em,ISSUE_CD,price_state,announcement_pit_feature,notice_or_disclosure_lagged,candidate_after_pit_contract,lagged_momentum|mean_reversion|gap|volatility|rank_xsection,low,use notice/disclosure date plus conservative next-trading-day lag,nonminute_pit_context_panel_then_integrated_factor_pack,eligible_for_bulk_transform_plan
cn_fundamental_akshare_batch_v1_20260531\aggregated_v1,cash_flow_sheet_report_em,ISSUE_CD_YOY,price_state,announcement_pit_feature,notice_or_disclosure_lagged,candidate_after_pit_contract,lagged_momentum|mean_reversion|gap|volatility|rank_xsection,low,use notice/disclosure date plus conservative next-trading-day lag,nonminute_pit_context_panel_then_integrated_factor_pack,eligible_for_bulk_transform_plan
cn_fundamental_akshare_batch_v1_20260531\aggregated_v1,cash_flow_sheet_report_em,ISSUE_OTHER_BOND,price_state,announcement_pit_feature,notice_or_disclosure_lagged,candidate_after_pit_contract,lagged_momentum|mean_reversion|gap|volatility|rank_xsection,low,use notice/disclosure date plus conservative next-trading-day lag,nonminute_pit_context_panel_then_integrated_factor_pack,eligible_for_bulk_transform_plan
cn_fundamental_akshare_batch_v1_20260531\aggregated_v1,cash_flow_sheet_report_em,ISSUE_OTHER_BOND_YOY,price_state,announcement_pit_feature,notice_or_disclosure_lagged,candidate_after_pit_contract,lagged_momentum|mean_reversion|gap|volatility|rank_xsection,low,use notice/disclosure date plus conservative next-trading-day lag,nonminute_pit_context_panel_then_integrated_factor_pack,eligible_for_bulk_transform_plan
cn_fundamental_akshare_batch_v1_20260531\aggregated_v1,cash_flow_sheet_report_em,ISSUE_SHARES_EXPENSE,capacity_size,announcement_pit_feature,notice_or_disclosure_lagged,candidate_after_pit_contract,lagged_level|rank_xsection|capacity_bucket|liquidity_capacity_interaction|small_capacity_guard,high,use notice/disclosure date plus conservative next-trading-day lag,nonminute_pit_context_panel_then_integrated_factor_pack,add capacity-aware filter templates and book-readiness metrics
cn_fundamental_akshare_batch_v1_20260531\aggregated_v1,cash_flow_sheet_report_em,ISSUE_SHARES_EXPENSE_YOY,capacity_size,announcement_pit_feature,notice_or_disclosure_lagged,candidate_after_pit_contract,lagged_level|rank_xsection|capacity_bucket|liquidity_capacity_interaction|small_capacity_guard,high,use notice/disclosure date plus conservative next-trading-day lag,nonminute_pit_context_panel_then_integrated_factor_pack,add capacity-aware filter templates and book-readiness metrics
cn_fundamental_akshare_batch_v1_20260531\aggregated_v1,cash_flow_sheet_report_em,ISSUE_SUBBOND,price_state,announcement_pit_feature,notice_or_disclosure_lagged,candidate_after_pit_contract,lagged_momentum|mean_reversion|gap|volatility|rank_xsection,low,use notice/disclosure date plus conservative next-trading-day lag,nonminute_pit_context_panel_then_integrated_factor_pack,eligible_for_bulk_transform_plan
cn_fundamental_akshare_batch_v1_20260531\aggregated_v1,cash_flow_sheet_report_em,ISSUE_SUBBOND_YOY,price_state,announcement_pit_feature,notice_or_disclosure_lagged,candidate_after_pit_contract,lagged_momentum|mean_reversion|gap|volatility|rank_xsection,low,use notice/disclosure date plus conservative next-trading-day lag,nonminute_pit_context_panel_then_integrated_factor_pack,eligible_for_bulk_transform_plan
cn_fundamental_akshare_batch_v1_20260531\aggregated_v1,cash_flow_sheet_report_em,LEND_ADD,price_state,announcement_pit_feature,notice_or_disclosure_lagged,candidate_after_pit_contract,lagged_momentum|mean_reversion|gap|volatility|rank_xsection,low,use notice/disclosure date plus conservative next-trading-day lag,nonminute_pit_context_panel_then_integrated_factor_pack,eligible_for_bulk_transform_plan
cn_fundamental_akshare_batch_v1_20260531\aggregated_v1,cash_flow_sheet_report_em,LEND_ADD_YOY,price_state,announcement_pit_feature,notice_or_disclosure_lagged,candidate_after_pit_contract,lagged_momentum|mean_reversion|gap|volatility|rank_xsection,low,use notice/disclosure date plus conservative next-trading-day lag,nonminute_pit_context_panel_then_integrated_factor_pack,eligible_for_bulk_transform_plan
cn_fundamental_akshare_batch_v1_20260531\aggregated_v1,cash_flow_sheet_report_em,LEND_FUND_ADD,price_state,announcement_pit_feature,notice_or_disclosure_lagged,candidate_after_pit_contract,lagged_momentum|mean_reversion|gap|volatility|rank_xsection,low,use notice/disclosure date plus conservative next-trading-day lag,nonminute_pit_context_panel_then_integrated_factor_pack,eligible_for_bulk_transform_plan
cn_fundamental_akshare_batch_v1_20260531\aggregated_v1,cash_flow_sheet_report_em,LEND_FUND_ADD_YOY,price_state,announcement_pit_feature,notice_or_disclosure_lagged,candidate_after_pit_contract,lagged_momentum|mean_reversion|gap|volatility|rank_xsection,low,use notice/disclosure date plus conservative next-trading-day lag,nonminute_pit_context_panel_then_integrated_factor_pack,eligible_for_bulk_transform_plan
cn_fundamental_akshare_batch_v1_20260531\aggregated_v1,cash_flow_sheet_report_em,LEND_FUND_REDUCE,price_state,announcement_pit_feature,notice_or_disclosure_lagged,candidate_after_pit_contract,lagged_momentum|mean_reversion|gap|volatility|rank_xsection,low,use notice/disclosure date plus conservative next-trading-day lag,nonminute_pit_context_panel_then_integrated_factor_pack,eligible_for_bulk_transform_plan
cn_fundamental_akshare_batch_v1_20260531\aggregated_v1,cash_flow_sheet_report_em,LEND_FUND_REDUCE_YOY,price_state,announcement_pit_feature,notice_or_disclosure_lagged,candidate_after_pit_contract,lagged_momentum|mean_reversion|gap|volatility|rank_xsection,low,use notice/disclosure date plus conservative next-trading-day lag,nonminute_pit_context_panel_then_integrated_factor_pack,eligible_for_bulk_transform_plan
cn_fundamental_akshare_batch_v1_20260531\aggregated_v1,cash_flow_sheet_report_em,LEND_RESALE_ADD,price_state,announcement_pit_feature,notice_or_disclosure_lagged,candidate_after_pit_contract,lagged_momentum|mean_reversion|gap|volatility|rank_xsection,low,use notice/disclosure date plus conservative next-trading-day lag,nonminute_pit_context_panel_then_integrated_factor_pack,eligible_for_bulk_transform_plan
cn_fundamental_akshare_batch_v1_20260531\aggregated_v1,cash_flow_sheet_report_em,LEND_RESALE_ADD_YOY,price_state,announcement_pit_feature,notice_or_disclosure_lagged,candidate_after_pit_contract,lagged_momentum|mean_reversion|gap|volatility|rank_xsection,low,use notice/disclosure date plus conservative next-trading-day lag,nonminute_pit_context_panel_then_integrated_factor_pack,eligible_for_bulk_transform_plan
cn_fundamental_akshare_batch_v1_20260531\aggregated_v1,cash_flow_sheet_report_em,LEND_RESALE_REDUCE,price_state,announcement_pit_feature,notice_or_disclosure_lagged,candidate_after_pit_contract,lagged_momentum|mean_reversion|gap|volatility|rank_xsection,low,use notice/disclosure date plus conservative next-trading-day lag,nonminute_pit_context_panel_then_integrated_factor_pack,eligible_for_bulk_transform_plan
cn_fundamental_akshare_batch_v1_20260531\aggregated_v1,cash_flow_sheet_report_em,LEND_RESALE_REDUCE_YOY,price_state,announcement_pit_feature,notice_or_disclosure_lagged,candidate_after_pit_contract,lagged_momentum|mean_reversion|gap|volatility|rank_xsection,low,use notice/disclosure date plus conservative next-trading-day lag,nonminute_pit_context_panel_then_integrated_factor_pack,eligible_for_bulk_transform_plan
cn_fundamental_akshare_batch_v1_20260531\aggregated_v1,cash_flow_sheet_report_em,LOAN_ADVANCE_ADD,price_state,announcement_pit_feature,notice_or_disclosure_lagged,candidate_after_pit_contract,lagged_momentum|mean_reversion|gap|volatility|rank_xsection,low,use notice/disclosure date plus conservative next-trading-day lag,nonminute_pit_context_panel_then_integrated_factor_pack,eligible_for_bulk_transform_plan
cn_fundamental_akshare_batch_v1_20260531\aggregated_v1,cash_flow_sheet_report_em,LOAN_ADVANCE_ADD_YOY,price_state,announcement_pit_feature,notice_or_disclosure_lagged,candidate_after_pit_contract,lagged_momentum|mean_reversion|gap|volatility|rank_xsection,low,use notice/disclosure date plus conservative next-trading-day lag,nonminute_pit_context_panel_then_integrated_factor_pack,eligible_for_bulk_transform_plan
cn_fundamental_akshare_batch_v1_20260531\aggregated_v1,cash_flow_sheet_report_em,LOAN_ADVANCE_REDUCE,price_state,announcement_pit_feature,notice_or_disclosure_lagged,candidate_after_pit_contract,lagged_momentum|mean_reversion|gap|volatility|rank_xsection,low,use notice/disclosure date plus conservative next-trading-day lag,nonminute_pit_context_panel_then_integrated_factor_pack,eligible_for_bulk_transform_plan
cn_fundamental_akshare_batch_v1_20260531\aggregated_v1,cash_flow_sheet_report_em,LOAN_ADVANCE_REDUCE_YOY,price_state,announcement_pit_feature,notice_or_disclosure_lagged,candidate_after_pit_contract,lagged_momentum|mean_reversion|gap|volatility|rank_xsection,low,use notice/disclosure date plus conservative next-trading-day lag,nonminute_pit_context_panel_then_integrated_factor_pack,eligible_for_bulk_transform_plan
cn_fundamental_akshare_batch_v1_20260531\aggregated_v1,cash_flow_sheet_report_em,LOAN_PBC_ADD,price_state,announcement_pit_feature,notice_or_disclosure_lagged,candidate_after_pit_contract,lagged_momentum|mean_reversion|gap|volatility|rank_xsection,low,use notice/disclosure date plus conservative next-trading-day lag,nonminute_pit_context_panel_then_integrated_factor_pack,eligible_for_bulk_transform_plan
cn_fundamental_akshare_batch_v1_20260531\aggregated_v1,cash_flow_sheet_report_em,LOAN_PBC_ADD_YOY,price_state,announcement_pit_feature,notice_or_disclosure_lagged,candidate_after_pit_contract,lagged_momentum|mean_reversion|gap|volatility|rank_xsection,low,use notice/disclosure date plus conservative next-trading-day lag,nonminute_pit_context_panel_then_integrated_factor_pack,eligible_for_bulk_transform_plan
cn_fundamental_akshare_batch_v1_20260531\aggregated_v1,cash_flow_sheet_report_em,LOAN_PBC_REDUCE,price_state,announcement_pit_feature,notice_or_disclosure_lagged,candidate_after_pit_contract,lagged_momentum|mean_reversion|gap|volatility|rank_xsection,low,use notice/disclosure date plus conservative next-trading-day lag,nonminute_pit_context_panel_then_integrated_factor_pack,eligible_for_bulk_transform_plan
cn_fundamental_akshare_batch_v1_20260531\aggregated_v1,cash_flow_sheet_report_em,LOAN_PBC_REDUCE_YOY,price_state,announcement_pit_feature,notice_or_disclosure_lagged,candidate_after_pit_contract,lagged_momentum|mean_reversion|gap|volatility|rank_xsection,low,use notice/disclosure date plus conservative next-trading-day lag,nonminute_pit_context_panel_then_integrated_factor_pack,eligible_for_bulk_transform_plan
cn_fundamental_akshare_batch_v1_20260531\aggregated_v1,cash_flow_sheet_report_em,LOAN_REDUCE,price_state,announcement_pit_feature,notice_or_disclosure_lagged,candidate_after_pit_contract,lagged_momentum|mean_reversion|gap|volatility|rank_xsection,low,use notice/disclosure date plus conservative next-trading-day lag,nonminute_pit_context_panel_then_integrated_factor_pack,eligible_for_bulk_transform_plan
cn_fundamental_akshare_batch_v1_20260531\aggregated_v1,cash_flow_sheet_report_em,LOAN_REDUCE_YOY,price_state,announcement_pit_feature,notice_or_disclosure_lagged,candidate_after_pit_contract,lagged_momentum|mean_reversion|gap|volatility|rank_xsection,low,use notice/disclosure date plus conservative next-trading-day lag,nonminute_pit_context_panel_then_integrated_factor_pack,eligible_for_bulk_transform_plan
cn_fundamental_akshare_batch_v1_20260531\aggregated_v1,cash_flow_sheet_report_em,LONGASSET_AMORTIZE,price_state,announcement_pit_feature,notice_or_disclosure_lagged,candidate_after_pit_contract,lagged_momentum|mean_reversion|gap|volatility|rank_xsection,low,use notice/disclosure date plus conservative next-trading-day lag,nonminute_pit_context_panel_then_integrated_factor_pack,eligible_for_bulk_transform_plan
cn_fundamental_akshare_batch_v1_20260531\aggregated_v1,cash_flow_sheet_report_em,LONGASSET_AMORTIZE_YOY,price_state,announcement_pit_feature,notice_or_disclosure_lagged,candidate_after_pit_contract,lagged_momentum|mean_reversion|gap|volatility|rank_xsection,low,use notice/disclosure date plus conservative next-trading-day lag,nonminute_pit_context_panel_then_integrated_factor_pack,eligible_for_bulk_transform_plan
cn_fundamental_akshare_batch_v1_20260531\aggregated_v1,cash_flow_sheet_report_em,LPE_AMORTIZE,price_state,announcement_pit_feature,notice_or_disclosure_lagged,candidate_after_pit_contract,lagged_momentum|mean_reversion|gap|volatility|rank_xsection,low,use notice/disclosure date plus conservative next-trading-day lag,nonminute_pit_context_panel_then_integrated_factor_pack,eligible_for_bulk_transform_plan
cn_fundamental_akshare_batch_v1_20260531\aggregated_v1,cash_flow_sheet_report_em,LPE_AMORTIZE_YOY,price_state,announcement_pit_feature,notice_or_disclosure_lagged,candidate_after_pit_contract,lagged_momentum|mean_reversion|gap|volatility|rank_xsection,low,use notice/disclosure date plus conservative next-trading-day lag,nonminute_pit_context_panel_then_integrated_factor_pack,eligible_for_bulk_transform_plan
cn_fundamental_akshare_batch_v1_20260531\aggregated_v1,cash_flow_sheet_report_em,MINORITY_INTEREST,price_state,announcement_pit_feature,notice_or_disclosure_lagged,candidate_after_pit_contract,lagged_momentum|mean_reversion|gap|volatility|rank_xsection,low,use notice/disclosure date plus conservative next-trading-day lag,nonminute_pit_context_panel_then_integrated_factor_pack,eligible_for_bulk_transform_plan
cn_fundamental_akshare_batch_v1_20260531\aggregated_v1,cash_flow_sheet_report_em,MINORITY_INTEREST_YOY,price_state,announcement_pit_feature,notice_or_disclosure_lagged,candidate_after_pit_contract,lagged_momentum|mean_reversion|gap|volatility|rank_xsection,low,use notice/disclosure date plus conservative next-trading-day lag,nonminute_pit_context_panel_then_integrated_factor_pack,eligible_for_bulk_transform_plan
cn_fundamental_akshare_batch_v1_20260531\aggregated_v1,cash_flow_sheet_report_em,NETCASH_FINANCE,price_state,announcement_pit_feature,notice_or_disclosure_lagged,candidate_after_pit_contract,lagged_momentum|mean_reversion|gap|volatility|rank_xsection,low,use notice/disclosure date plus conservative next-trading-day lag,nonminute_pit_context_panel_then_integrated_factor_pack,eligible_for_bulk_transform_plan
cn_fundamental_akshare_batch_v1_20260531\aggregated_v1,cash_flow_sheet_report_em,NETCASH_FINANCE_YOY,price_state,announcement_pit_feature,notice_or_disclosure_lagged,candidate_after_pit_contract,lagged_momentum|mean_reversion|gap|volatility|rank_xsection,low,use notice/disclosure date plus conservative next-trading-day lag,nonminute_pit_context_panel_then_integrated_factor_pack,eligible_for_bulk_transform_plan
cn_fundamental_akshare_batch_v1_20260531\aggregated_v1,cash_flow_sheet_report_em,NETCASH_INVEST,price_state,announcement_pit_feature,notice_or_disclosure_lagged,candidate_after_pit_contract,lagged_momentum|mean_reversion|gap|volatility|rank_xsection,low,use notice/disclosure date plus conservative next-trading-day lag,nonminute_pit_context_panel_then_integrated_factor_pack,eligible_for_bulk_transform_plan
cn_fundamental_akshare_batch_v1_20260531\aggregated_v1,cash_flow_sheet_report_em,NETCASH_INVEST_YOY,price_state,announcement_pit_feature,notice_or_disclosure_lagged,candidate_after_pit_contract,lagged_momentum|mean_reversion|gap|volatility|rank_xsection,low,use notice/disclosure date plus conservative next-trading-day lag,nonminute_pit_context_panel_then_integrated_factor_pack,eligible_for_bulk_transform_plan
cn_fundamental_akshare_batch_v1_20260531\aggregated_v1,cash_flow_sheet_report_em,NETCASH_OPERATE,price_state,announcement_pit_feature,notice_or_disclosure_lagged,candidate_after_pit_contract,lagged_momentum|mean_reversion|gap|volatility|rank_xsection,low,use notice/disclosure date plus conservative next-trading-day lag,nonminute_pit_context_panel_then_integrated_factor_pack,eligible_for_bulk_transform_plan
cn_fundamental_akshare_batch_v1_20260531\aggregated_v1,cash_flow_sheet_report_em,NETCASH_OPERATENOTE,price_state,announcement_pit_feature,notice_or_disclosure_lagged,candidate_after_pit_contract,lagged_momentum|mean_reversion|gap|volatility|rank_xsection,low,use notice/disclosure date plus conservative next-trading-day lag,nonminute_pit_context_panel_then_integrated_factor_pack,eligible_for_bulk_transform_plan
cn_fundamental_akshare_batch_v1_20260531\aggregated_v1,cash_flow_sheet_report_em,NETCASH_OPERATENOTE_YOY,price_state,announcement_pit_feature,notice_or_disclosure_lagged,candidate_after_pit_contract,lagged_momentum|mean_reversion|gap|volatility|rank_xsection,low,use notice/disclosure date plus conservative next-trading-day lag,nonminute_pit_context_panel_then_integrated_factor_pack,eligible_for_bulk_transform_plan
cn_fundamental_akshare_batch_v1_20260531\aggregated_v1,cash_flow_sheet_report_em,NETCASH_OPERATE_YOY,price_state,announcement_pit_feature,notice_or_disclosure_lagged,candidate_after_pit_contract,lagged_momentum|mean_reversion|gap|volatility|rank_xsection,low,use notice/disclosure date plus conservative next-trading-day lag,nonminute_pit_context_panel_then_integrated_factor_pack,eligible_for_bulk_transform_plan
cn_fundamental_akshare_batch_v1_20260531\aggregated_v1,cash_flow_sheet_report_em,NETPROFIT,price_state,announcement_pit_feature,notice_or_disclosure_lagged,candidate_after_pit_contract,lagged_momentum|mean_reversion|gap|volatility|rank_xsection,low,use notice/disclosure date plus conservative next-trading-day lag,nonminute_pit_context_panel_then_integrated_factor_pack,eligible_for_bulk_transform_plan
cn_fundamental_akshare_batch_v1_20260531\aggregated_v1,cash_flow_sheet_report_em,NETPROFIT_YOY,price_state,announcement_pit_feature,notice_or_disclosure_lagged,candidate_after_pit_contract,lagged_momentum|mean_reversion|gap|volatility|rank_xsection,low,use notice/disclosure date plus conservative next-trading-day lag,nonminute_pit_context_panel_then_integrated_factor_pack,eligible_for_bulk_transform_plan
cn_fundamental_akshare_batch_v1_20260531\aggregated_v1,cash_flow_sheet_report_em,NET_CD,price_state,announcement_pit_feature,notice_or_disclosure_lagged,candidate_after_pit_contract,lagged_momentum|mean_reversion|gap|volatility|rank_xsection,low,use notice/disclosure date plus conservative next-trading-day lag,nonminute_pit_context_panel_then_integrated_factor_pack,eligible_for_bulk_transform_plan
cn_fundamental_akshare_batch_v1_20260531\aggregated_v1,cash_flow_sheet_report_em,NET_CD_YOY,price_state,announcement_pit_feature,notice_or_disclosure_lagged,candidate_after_pit_contract,lagged_momentum|mean_reversion|gap|volatility|rank_xsection,low,use notice/disclosure date plus conservative next-trading-day lag,nonminute_pit_context_panel_then_integrated_factor_pack,eligible_for_bulk_transform_plan
cn_fundamental_akshare_batch_v1_20260531\aggregated_v1,cash_flow_sheet_report_em,OBTAIN_SUBSIDIARY_OTHER,price_state,announcement_pit_feature,notice_or_disclosure_lagged,candidate_after_pit_contract,lagged_momentum|mean_reversion|gap|volatility|rank_xsection,low,use notice/disclosure date plus conservative next-trading-day lag,nonminute_pit_context_panel_then_integrated_factor_pack,eligible_for_bulk_transform_plan
cn_fundamental_akshare_batch_v1_20260531\aggregated_v1,cash_flow_sheet_report_em,OBTAIN_SUBSIDIARY_OTHER_YOY,price_state,announcement_pit_feature,notice_or_disclosure_lagged,candidate_after_pit_contract,lagged_momentum|mean_reversion|gap|volatility|rank_xsection,low,use notice/disclosure date plus conservative next-trading-day lag,nonminute_pit_context_panel_then_integrated_factor_pack,eligible_for_bulk_transform_plan
cn_fundamental_akshare_batch_v1_20260531\aggregated_v1,cash_flow_sheet_report_em,OFI_BF_ADD,price_state,announcement_pit_feature,notice_or_disclosure_lagged,candidate_after_pit_contract,lagged_momentum|mean_reversion|gap|volatility|rank_xsection,low,use notice/disclosure date plus conservative next-trading-day lag,nonminute_pit_context_panel_then_integrated_factor_pack,eligible_for_bulk_transform_plan
cn_fundamental_akshare_batch_v1_20260531\aggregated_v1,cash_flow_sheet_report_em,OFI_BF_ADD_YOY,price_state,announcement_pit_feature,notice_or_disclosure_lagged,candidate_after_pit_contract,lagged_momentum|mean_reversion|gap|volatility|rank_xsection,low,use notice/disclosure date plus conservative next-trading-day lag,nonminute_pit_context_panel_then_integrated_factor_pack,eligible_for_bulk_transform_plan
cn_fundamental_akshare_batch_v1_20260531\aggregated_v1,cash_flow_sheet_report_em,OILGAS_BIOLOGY_DEPR,price_state,announcement_pit_feature,notice_or_disclosure_lagged,candidate_after_pit_contract,lagged_momentum|mean_reversion|gap|volatility|rank_xsection,low,use notice/disclosure date plus conservative next-trading-day lag,nonminute_pit_context_panel_then_integrated_factor_pack,eligible_for_bulk_transform_plan
cn_fundamental_akshare_batch_v1_20260531\aggregated_v1,cash_flow_sheet_report_em,OILGAS_BIOLOGY_DEPR_YOY,price_state,announcement_pit_feature,notice_or_disclosure_lagged,candidate_after_pit_contract,lagged_momentum|mean_reversion|gap|volatility|rank_xsection,low,use notice/disclosure date plus conservative next-trading-day lag,nonminute_pit_context_panel_then_integrated_factor_pack,eligible_for_bulk_transform_plan
cn_fundamental_akshare_batch_v1_20260531\aggregated_v1,cash_flow_sheet_report_em,OPERATE_INFLOW_BALANCE,price_state,announcement_pit_feature,notice_or_disclosure_lagged,candidate_after_pit_contract,lagged_momentum|mean_reversion|gap|volatility|rank_xsection,low,use notice/disclosure date plus conservative next-trading-day lag,nonminute_pit_context_panel_then_integrated_factor_pack,eligible_for_bulk_transform_plan
cn_fundamental_akshare_batch_v1_20260531\aggregated_v1,cash_flow_sheet_report_em,OPERATE_INFLOW_BALANCE_YOY,price_state,announcement_pit_feature,notice_or_disclosure_lagged,candidate_after_pit_contract,lagged_momentum|mean_reversion|gap|volatility|rank_xsection,low,use notice/disclosure date plus conservative next-trading-day lag,nonminute_pit_context_panel_then_integrated_factor_pack,eligible_for_bulk_transform_plan
cn_fundamental_akshare_batch_v1_20260531\aggregated_v1,cash_flow_sheet_report_em,OPERATE_INFLOW_OTHER,price_state,announcement_pit_feature,notice_or_disclosure_lagged,candidate_after_pit_contract,lagged_momentum|mean_reversion|gap|volatility|rank_xsection,low,use notice/disclosure date plus conservative next-trading-day lag,nonminute_pit_context_panel_then_integrated_factor_pack,eligible_for_bulk_transform_plan
cn_fundamental_akshare_batch_v1_20260531\aggregated_v1,cash_flow_sheet_report_em,OPERATE_INFLOW_OTHER_YOY,price_state,announcement_pit_feature,notice_or_disclosure_lagged,candidate_after_pit_contract,lagged_momentum|mean_reversion|gap|volatility|rank_xsection,low,use notice/disclosure date plus conservative next-trading-day lag,nonminute_pit_context_panel_then_integrated_factor_pack,eligible_for_bulk_transform_plan
cn_fundamental_akshare_batch_v1_20260531\aggregated_v1,cash_flow_sheet_report_em,OPERATE_NETCASH_BALANCE,price_state,announcement_pit_feature,notice_or_disclosure_lagged,candidate_after_pit_contract,lagged_momentum|mean_reversion|gap|volatility|rank_xsection,low,use notice/disclosure date plus conservative next-trading-day lag,nonminute_pit_context_panel_then_integrated_factor_pack,eligible_for_bulk_transform_plan
cn_fundamental_akshare_batch_v1_20260531\aggregated_v1,cash_flow_sheet_report_em,OPERATE_NETCASH_BALANCENOTE,price_state,announcement_pit_feature,notice_or_disclosure_lagged,candidate_after_pit_contract,lagged_momentum|mean_reversion|gap|volatility|rank_xsection,low,use notice/disclosure date plus conservative next-trading-day lag,nonminute_pit_context_panel_then_integrated_factor_pack,eligible_for_bulk_transform_plan
cn_fundamental_akshare_batch_v1_20260531\aggregated_v1,cash_flow_sheet_report_em,OPERATE_NETCASH_BALANCENOTE_YOY,price_state,announcement_pit_feature,notice_or_disclosure_lagged,candidate_after_pit_contract,lagged_momentum|mean_reversion|gap|volatility|rank_xsection,low,use notice/disclosure date plus conservative next-trading-day lag,nonminute_pit_context_panel_then_integrated_factor_pack,eligible_for_bulk_transform_plan
cn_fundamental_akshare_batch_v1_20260531\aggregated_v1,cash_flow_sheet_report_em,OPERATE_NETCASH_BALANCE_YOY,price_state,announcement_pit_feature,notice_or_disclosure_lagged,candidate_after_pit_contract,lagged_momentum|mean_reversion|gap|volatility|rank_xsection,low,use notice/disclosure date plus conservative next-trading-day lag,nonminute_pit_context_panel_then_integrated_factor_pack,eligible_for_bulk_transform_plan
cn_fundamental_akshare_batch_v1_20260531\aggregated_v1,cash_flow_sheet_report_em,OPERATE_NETCASH_OTHER,price_state,announcement_pit_feature,notice_or_disclosure_lagged,candidate_after_pit_contract,lagged_momentum|mean_reversion|gap|volatility|rank_xsection,low,use notice/disclosure date plus conservative next-trading-day lag,nonminute_pit_context_panel_then_integrated_factor_pack,eligible_for_bulk_transform_plan
cn_fundamental_akshare_batch_v1_20260531\aggregated_v1,cash_flow_sheet_report_em,OPERATE_NETCASH_OTHERNOTE,price_state,announcement_pit_feature,notice_or_disclosure_lagged,candidate_after_pit_contract,lagged_momentum|mean_reversion|gap|volatility|rank_xsection,low,use notice/disclosure date plus conservative next-trading-day lag,nonminute_pit_context_panel_then_integrated_factor_pack,eligible_for_bulk_transform_plan
cn_fundamental_akshare_batch_v1_20260531\aggregated_v1,cash_flow_sheet_report_em,OPERATE_NETCASH_OTHERNOTE_YOY,price_state,announcement_pit_feature,notice_or_disclosure_lagged,candidate_after_pit_contract,lagged_momentum|mean_reversion|gap|volatility|rank_xsection,low,use notice/disclosure date plus conservative next-trading-day lag,nonminute_pit_context_panel_then_integrated_factor_pack,eligible_for_bulk_transform_plan
cn_fundamental_akshare_batch_v1_20260531\aggregated_v1,cash_flow_sheet_report_em,OPERATE_NETCASH_OTHER_YOY,price_state,announcement_pit_feature,notice_or_disclosure_lagged,candidate_after_pit_contract,lagged_momentum|mean_reversion|gap|volatility|rank_xsection,low,use notice/disclosure date plus conservative next-trading-day lag,nonminute_pit_context_panel_then_integrated_factor_pack,eligible_for_bulk_transform_plan
cn_fundamental_akshare_batch_v1_20260531\aggregated_v1,cash_flow_sheet_report_em,OPERATE_OUTFLOW_BALANCE,price_state,announcement_pit_feature,notice_or_disclosure_lagged,candidate_after_pit_contract,lagged_momentum|mean_reversion|gap|volatility|rank_xsection,low,use notice/disclosure date plus conservative next-trading-day lag,nonminute_pit_context_panel_then_integrated_factor_pack,eligible_for_bulk_transform_plan
cn_fundamental_akshare_batch_v1_20260531\aggregated_v1,cash_flow_sheet_report_em,OPERATE_OUTFLOW_BALANCE_YOY,price_state,announcement_pit_feature,notice_or_disclosure_lagged,candidate_after_pit_contract,lagged_momentum|mean_reversion|gap|volatility|rank_xsection,low,use notice/disclosure date plus conservative next-trading-day lag,nonminute_pit_context_panel_then_integrated_factor_pack,eligible_for_bulk_transform_plan
cn_fundamental_akshare_batch_v1_20260531\aggregated_v1,cash_flow_sheet_report_em,OPERATE_OUTFLOW_OTHER,price_state,announcement_pit_feature,notice_or_disclosure_lagged,candidate_after_pit_contract,lagged_momentum|mean_reversion|gap|volatility|rank_xsection,low,use notice/disclosure date plus conservative next-trading-day lag,nonminute_pit_context_panel_then_integrated_factor_pack,eligible_for_bulk_transform_plan
cn_fundamental_akshare_batch_v1_20260531\aggregated_v1,cash_flow_sheet_report_em,OPERATE_OUTFLOW_OTHER_YOY,price_state,announcement_pit_feature,notice_or_disclosure_lagged,candidate_after_pit_contract,lagged_momentum|mean_reversion|gap|volatility|rank_xsection,low,use notice/disclosure date plus conservative next-trading-day lag,nonminute_pit_context_panel_then_integrated_factor_pack,eligible_for_bulk_transform_plan
cn_fundamental_akshare_batch_v1_20260531\aggregated_v1,cash_flow_sheet_report_em,OPERATE_PAYABLE_ADD,price_state,announcement_pit_feature,notice_or_disclosure_lagged,candidate_after_pit_contract,lagged_momentum|mean_reversion|gap|volatility|rank_xsection,low,use notice/disclosure date plus conservative next-trading-day lag,nonminute_pit_context_panel_then_integrated_factor_pack,eligible_for_bulk_transform_plan
cn_fundamental_akshare_batch_v1_20260531\aggregated_v1,cash_flow_sheet_report_em,OPERATE_PAYABLE_ADD_YOY,price_state,announcement_pit_feature,notice_or_disclosure_lagged,candidate_after_pit_contract,lagged_momentum|mean_reversion|gap|volatility|rank_xsection,low,use notice/disclosure date plus conservative next-trading-day lag,nonminute_pit_context_panel_then_integrated_factor_pack,eligible_for_bulk_transform_plan
cn_fundamental_akshare_batch_v1_20260531\aggregated_v1,cash_flow_sheet_report_em,OPERATE_RECE_REDUCE,price_state,announcement_pit_feature,notice_or_disclosure_lagged,candidate_after_pit_contract,lagged_momentum|mean_reversion|gap|volatility|rank_xsection,low,use notice/disclosure date plus conservative next-trading-day lag,nonminute_pit_context_panel_then_integrated_factor_pack,eligible_for_bulk_transform_plan
cn_fundamental_akshare_batch_v1_20260531\aggregated_v1,cash_flow_sheet_report_em,OPERATE_RECE_REDUCE_YOY,price_state,announcement_pit_feature,notice_or_disclosure_lagged,candidate_after_pit_contract,lagged_momentum|mean_reversion|gap|volatility|rank_xsection,low,use notice/disclosure date plus conservative next-trading-day lag,nonminute_pit_context_panel_then_integrated_factor_pack,eligible_for_bulk_transform_plan
cn_fundamental_akshare_batch_v1_20260531\aggregated_v1,cash_flow_sheet_report_em,OPINION_TYPE,price_state,announcement_pit_feature,notice_or_disclosure_lagged,candidate_after_pit_contract,lagged_momentum|mean_reversion|gap|volatility|rank_xsection,low,use notice/disclosure date plus conservative next-trading-day lag,nonminute_pit_context_panel_then_integrated_factor_pack,eligible_for_bulk_transform_plan
cn_fundamental_akshare_batch_v1_20260531\aggregated_v1,cash_flow_sheet_report_em,ORG_CODE,price_state,announcement_pit_feature,notice_or_disclosure_lagged,candidate_after_pit_contract,lagged_momentum|mean_reversion|gap|volatility|rank_xsection,low,use notice/disclosure date plus conservative next-trading-day lag,nonminute_pit_context_panel_then_integrated_factor_pack,eligible_for_bulk_transform_plan
cn_fundamental_akshare_batch_v1_20260531\aggregated_v1,cash_flow_sheet_report_em,ORG_TYPE,price_state,announcement_pit_feature,notice_or_disclosure_lagged,candidate_after_pit_contract,lagged_momentum|mean_reversion|gap|volatility|rank_xsection,low,use notice/disclosure date plus conservative next-trading-day lag,nonminute_pit_context_panel_then_integrated_factor_pack,eligible_for_bulk_transform_plan
cn_fundamental_akshare_batch_v1_20260531\aggregated_v1,cash_flow_sheet_report_em,OSOPINION_TYPE,price_state,announcement_pit_feature,notice_or_disclosure_lagged,candidate_after_pit_contract,lagged_momentum|mean_reversion|gap|volatility|rank_xsection,low,use notice/disclosure date plus conservative next-trading-day lag,nonminute_pit_context_panel_then_integrated_factor_pack,eligible_for_bulk_transform_plan
cn_fundamental_akshare_batch_v1_20260531\aggregated_v1,cash_flow_sheet_report_em,OTHER,price_state,announcement_pit_feature,notice_or_disclosure_lagged,candidate_after_pit_contract,lagged_momentum|mean_reversion|gap|volatility|rank_xsection,low,use notice/disclosure date plus conservative next-trading-day lag,nonminute_pit_context_panel_then_integrated_factor_pack,eligible_for_bulk_transform_plan
cn_fundamental_akshare_batch_v1_20260531\aggregated_v1,cash_flow_sheet_report_em,OTHERFINTOOL_ADD,price_state,announcement_pit_feature,notice_or_disclosure_lagged,candidate_after_pit_contract,lagged_momentum|mean_reversion|gap|volatility|rank_xsection,low,use notice/disclosure date plus conservative next-trading-day lag,nonminute_pit_context_panel_then_integrated_factor_pack,eligible_for_bulk_transform_plan
cn_fundamental_akshare_batch_v1_20260531\aggregated_v1,cash_flow_sheet_report_em,OTHERFINTOOL_ADD_YOY,price_state,announcement_pit_feature,notice_or_disclosure_lagged,candidate_after_pit_contract,lagged_momentum|mean_reversion|gap|volatility|rank_xsection,low,use notice/disclosure date plus conservative next-trading-day lag,nonminute_pit_context_panel_then_integrated_factor_pack,eligible_for_bulk_transform_plan
cn_fundamental_akshare_batch_v1_20260531\aggregated_v1,cash_flow_sheet_report_em,OTHERFINTOOL_REDUCE,price_state,announcement_pit_feature,notice_or_disclosure_lagged,candidate_after_pit_contract,lagged_momentum|mean_reversion|gap|volatility|rank_xsection,low,use notice/disclosure date plus conservative next-trading-day lag,nonminute_pit_context_panel_then_integrated_factor_pack,eligible_for_bulk_transform_plan
cn_fundamental_akshare_batch_v1_20260531\aggregated_v1,cash_flow_sheet_report_em,OTHERFINTOOL_REDUCE_YOY,price_state,announcement_pit_feature,notice_or_disclosure_lagged,candidate_after_pit_contract,lagged_momentum|mean_reversion|gap|volatility|rank_xsection,low,use notice/disclosure date plus conservative next-trading-day lag,nonminute_pit_context_panel_then_integrated_factor_pack,eligible_for_bulk_transform_plan
cn_fundamental_akshare_batch_v1_20260531\aggregated_v1,cash_flow_sheet_report_em,OTHER_ASSET_IMPAIRMENT,price_state,announcement_pit_feature,notice_or_disclosure_lagged,candidate_after_pit_contract,lagged_momentum|mean_reversion|gap|volatility|rank_xsection,low,use notice/disclosure date plus conservative next-trading-day lag,nonminute_pit_context_panel_then_integrated_factor_pack,eligible_for_bulk_transform_plan
cn_fundamental_akshare_batch_v1_20260531\aggregated_v1,cash_flow_sheet_report_em,OTHER_ASSET_IMPAIRMENT_YOY,price_state,announcement_pit_feature,notice_or_disclosure_lagged,candidate_after_pit_contract,lagged_momentum|mean_reversion|gap|volatility|rank_xsection,low,use notice/disclosure date plus conservative next-trading-day lag,nonminute_pit_context_panel_then_integrated_factor_pack,eligible_for_bulk_transform_plan
cn_fundamental_akshare_batch_v1_20260531\aggregated_v1,cash_flow_sheet_report_em,OTHER_YOY,price_state,announcement_pit_feature,notice_or_disclosure_lagged,candidate_after_pit_contract,lagged_momentum|mean_reversion|gap|volatility|rank_xsection,low,use notice/disclosure date plus conservative next-trading-day lag,nonminute_pit_context_panel_then_integrated_factor_pack,eligible_for_bulk_transform_plan
cn_fundamental_akshare_batch_v1_20260531\aggregated_v1,cash_flow_sheet_report_em,PAY_AGENT_TRADE,price_state,announcement_pit_feature,notice_or_disclosure_lagged,candidate_after_pit_contract,lagged_momentum|mean_reversion|gap|volatility|rank_xsection,low,use notice/disclosure date plus conservative next-trading-day lag,nonminute_pit_context_panel_then_integrated_factor_pack,eligible_for_bulk_transform_plan
cn_fundamental_akshare_batch_v1_20260531\aggregated_v1,cash_flow_sheet_report_em,PAY_AGENT_TRADE_YOY,price_state,announcement_pit_feature,notice_or_disclosure_lagged,candidate_after_pit_contract,lagged_momentum|mean_reversion|gap|volatility|rank_xsection,low,use notice/disclosure date plus conservative next-trading-day lag,nonminute_pit_context_panel_then_integrated_factor_pack,eligible_for_bulk_transform_plan
cn_fundamental_akshare_batch_v1_20260531\aggregated_v1,cash_flow_sheet_report_em,PAY_ALL_TAX,price_state,announcement_pit_feature,notice_or_disclosure_lagged,candidate_after_pit_contract,lagged_momentum|mean_reversion|gap|volatility|rank_xsection,low,use notice/disclosure date plus conservative next-trading-day lag,nonminute_pit_context_panel_then_integrated_factor_pack,eligible_for_bulk_transform_plan
cn_fundamental_akshare_batch_v1_20260531\aggregated_v1,cash_flow_sheet_report_em,PAY_ALL_TAX_YOY,price_state,announcement_pit_feature,notice_or_disclosure_lagged,candidate_after_pit_contract,lagged_momentum|mean_reversion|gap|volatility|rank_xsection,low,use notice/disclosure date plus conservative next-trading-day lag,nonminute_pit_context_panel_then_integrated_factor_pack,eligible_for_bulk_transform_plan
cn_fundamental_akshare_batch_v1_20260531\aggregated_v1,cash_flow_sheet_report_em,PAY_BOND_INTEREST,price_state,announcement_pit_feature,notice_or_disclosure_lagged,candidate_after_pit_contract,lagged_momentum|mean_reversion|gap|volatility|rank_xsection,low,use notice/disclosure date plus conservative next-trading-day lag,nonminute_pit_context_panel_then_integrated_factor_pack,eligible_for_bulk_transform_plan
cn_fundamental_akshare_batch_v1_20260531\aggregated_v1,cash_flow_sheet_report_em,PAY_BOND_INTEREST_YOY,price_state,announcement_pit_feature,notice_or_disclosure_lagged,candidate_after_pit_contract,lagged_momentum|mean_reversion|gap|volatility|rank_xsection,low,use notice/disclosure date plus conservative next-trading-day lag,nonminute_pit_context_panel_then_integrated_factor_pack,eligible_for_bulk_transform_plan
cn_fundamental_akshare_batch_v1_20260531\aggregated_v1,cash_flow_sheet_report_em,PAY_BUY_RESALE,price_state,announcement_pit_feature,notice_or_disclosure_lagged,candidate_after_pit_contract,lagged_momentum|mean_reversion|gap|volatility|rank_xsection,low,use notice/disclosure date plus conservative next-trading-day lag,nonminute_pit_context_panel_then_integrated_factor_pack,eligible_for_bulk_transform_plan
cn_fundamental_akshare_batch_v1_20260531\aggregated_v1,cash_flow_sheet_report_em,PAY_BUY_RESALE_YOY,price_state,announcement_pit_feature,notice_or_disclosure_lagged,candidate_after_pit_contract,lagged_momentum|mean_reversion|gap|volatility|rank_xsection,low,use notice/disclosure date plus conservative next-trading-day lag,nonminute_pit_context_panel_then_integrated_factor_pack,eligible_for_bulk_transform_plan
cn_fundamental_akshare_batch_v1_20260531\aggregated_v1,cash_flow_sheet_report_em,PAY_COMMISSION,price_state,announcement_pit_feature,notice_or_disclosure_lagged,candidate_after_pit_contract,lagged_momentum|mean_reversion|gap|volatility|rank_xsection,low,use notice/disclosure date plus conservative next-trading-day lag,nonminute_pit_context_panel_then_integrated_factor_pack,eligible_for_bulk_transform_plan
cn_fundamental_akshare_batch_v1_20260531\aggregated_v1,cash_flow_sheet_report_em,PAY_COMMISSION_YOY,price_state,announcement_pit_feature,notice_or_disclosure_lagged,candidate_after_pit_contract,lagged_momentum|mean_reversion|gap|volatility|rank_xsection,low,use notice/disclosure date plus conservative next-trading-day lag,nonminute_pit_context_panel_then_integrated_factor_pack,eligible_for_bulk_transform_plan
cn_fundamental_akshare_batch_v1_20260531\aggregated_v1,cash_flow_sheet_report_em,PAY_DEBT_CASH,price_state,announcement_pit_feature,notice_or_disclosure_lagged,candidate_after_pit_contract,lagged_momentum|mean_reversion|gap|volatility|rank_xsection,low,use notice/disclosure date plus conservative next-trading-day lag,nonminute_pit_context_panel_then_integrated_factor_pack,eligible_for_bulk_transform_plan
cn_fundamental_akshare_batch_v1_20260531\aggregated_v1,cash_flow_sheet_report_em,PAY_DEBT_CASH_YOY,price_state,announcement_pit_feature,notice_or_disclosure_lagged,candidate_after_pit_contract,lagged_momentum|mean_reversion|gap|volatility|rank_xsection,low,use notice/disclosure date plus conservative next-trading-day lag,nonminute_pit_context_panel_then_integrated_factor_pack,eligible_for_bulk_transform_plan
cn_fundamental_akshare_batch_v1_20260531\aggregated_v1,cash_flow_sheet_report_em,PAY_INTEREST,price_state,announcement_pit_feature,notice_or_disclosure_lagged,candidate_after_pit_contract,lagged_momentum|mean_reversion|gap|volatility|rank_xsection,low,use notice/disclosure date plus conservative next-trading-day lag,nonminute_pit_context_panel_then_integrated_factor_pack,eligible_for_bulk_transform_plan
cn_fundamental_akshare_batch_v1_20260531\aggregated_v1,cash_flow_sheet_report_em,PAY_INTEREST_COMMISSION,price_state,announcement_pit_feature,notice_or_disclosure_lagged,candidate_after_pit_contract,lagged_momentum|mean_reversion|gap|volatility|rank_xsection,low,use notice/disclosure date plus conservative next-trading-day lag,nonminute_pit_context_panel_then_integrated_factor_pack,eligible_for_bulk_transform_plan
cn_fundamental_akshare_batch_v1_20260531\aggregated_v1,cash_flow_sheet_report_em,PAY_INTEREST_COMMISSION_YOY,price_state,announcement_pit_feature,notice_or_disclosure_lagged,candidate_after_pit_contract,lagged_momentum|mean_reversion|gap|volatility|rank_xsection,low,use notice/disclosure date plus conservative next-trading-day lag,nonminute_pit_context_panel_then_integrated_factor_pack,eligible_for_bulk_transform_plan
cn_fundamental_akshare_batch_v1_20260531\aggregated_v1,cash_flow_sheet_report_em,PAY_INTEREST_YOY,price_state,announcement_pit_feature,notice_or_disclosure_lagged,candidate_after_pit_contract,lagged_momentum|mean_reversion|gap|volatility|rank_xsection,low,use notice/disclosure date plus conservative next-trading-day lag,nonminute_pit_context_panel_then_integrated_factor_pack,eligible_for_bulk_transform_plan
cn_fundamental_akshare_batch_v1_20260531\aggregated_v1,cash_flow_sheet_report_em,PAY_ORIGIC_COMPENSATE,price_state,announcement_pit_feature,notice_or_disclosure_lagged,candidate_after_pit_contract,lagged_momentum|mean_reversion|gap|volatility|rank_xsection,low,use notice/disclosure date plus conservative next-trading-day lag,nonminute_pit_context_panel_then_integrated_factor_pack,eligible_for_bulk_transform_plan
cn_fundamental_akshare_batch_v1_20260531\aggregated_v1,cash_flow_sheet_report_em,PAY_ORIGIC_COMPENSATE_YOY,price_state,announcement_pit_feature,notice_or_disclosure_lagged,candidate_after_pit_contract,lagged_momentum|mean_reversion|gap|volatility|rank_xsection,low,use notice/disclosure date plus conservative next-trading-day lag,nonminute_pit_context_panel_then_integrated_factor_pack,eligible_for_bulk_transform_plan
cn_fundamental_akshare_batch_v1_20260531\aggregated_v1,cash_flow_sheet_report_em,PAY_OTHER_FINANCE,price_state,announcement_pit_feature,notice_or_disclosure_lagged,candidate_after_pit_contract,lagged_momentum|mean_reversion|gap|volatility|rank_xsection,low,use notice/disclosure date plus conservative next-trading-day lag,nonminute_pit_context_panel_then_integrated_factor_pack,eligible_for_bulk_transform_plan
cn_fundamental_akshare_batch_v1_20260531\aggregated_v1,cash_flow_sheet_report_em,PAY_OTHER_FINANCE_YOY,price_state,announcement_pit_feature,notice_or_disclosure_lagged,candidate_after_pit_contract,lagged_momentum|mean_reversion|gap|volatility|rank_xsection,low,use notice/disclosure date plus conservative next-trading-day lag,nonminute_pit_context_panel_then_integrated_factor_pack,eligible_for_bulk_transform_plan
cn_fundamental_akshare_batch_v1_20260531\aggregated_v1,cash_flow_sheet_report_em,PAY_OTHER_INVEST,price_state,announcement_pit_feature,notice_or_disclosure_lagged,candidate_after_pit_contract,lagged_momentum|mean_reversion|gap|volatility|rank_xsection,low,use notice/disclosure date plus conservative next-trading-day lag,nonminute_pit_context_panel_then_integrated_factor_pack,eligible_for_bulk_transform_plan
cn_fundamental_akshare_batch_v1_20260531\aggregated_v1,cash_flow_sheet_report_em,PAY_OTHER_INVEST_YOY,price_state,announcement_pit_feature,notice_or_disclosure_lagged,candidate_after_pit_contract,lagged_momentum|mean_reversion|gap|volatility|rank_xsection,low,use notice/disclosure date plus conservative next-trading-day lag,nonminute_pit_context_panel_then_integrated_factor_pack,eligible_for_bulk_transform_plan
cn_fundamental_akshare_batch_v1_20260531\aggregated_v1,cash_flow_sheet_report_em,PAY_OTHER_OPERATE,price_state,announcement_pit_feature,notice_or_disclosure_lagged,candidate_after_pit_contract,lagged_momentum|mean_reversion|gap|volatility|rank_xsection,low,use notice/disclosure date plus conservative next-trading-day lag,nonminute_pit_context_panel_then_integrated_factor_pack,eligible_for_bulk_transform_plan
cn_fundamental_akshare_batch_v1_20260531\aggregated_v1,cash_flow_sheet_report_em,PAY_OTHER_OPERATE_YOY,price_state,announcement_pit_feature,notice_or_disclosure_lagged,candidate_after_pit_contract,lagged_momentum|mean_reversion|gap|volatility|rank_xsection,low,use notice/disclosure date plus conservative next-trading-day lag,nonminute_pit_context_panel_then_integrated_factor_pack,eligible_for_bulk_transform_plan
cn_fundamental_akshare_batch_v1_20260531\aggregated_v1,cash_flow_sheet_report_em,PAY_POLICY_BONUS,price_state,announcement_pit_feature,notice_or_disclosure_lagged,candidate_after_pit_contract,lagged_momentum|mean_reversion|gap|volatility|rank_xsection,low,use notice/disclosure date plus conservative next-trading-day lag,nonminute_pit_context_panel_then_integrated_factor_pack,eligible_for_bulk_transform_plan
cn_fundamental_akshare_batch_v1_20260531\aggregated_v1,cash_flow_sheet_report_em,PAY_POLICY_BONUS_YOY,price_state,announcement_pit_feature,notice_or_disclosure_lagged,candidate_after_pit_contract,lagged_momentum|mean_reversion|gap|volatility|rank_xsection,low,use notice/disclosure date plus conservative next-trading-day lag,nonminute_pit_context_panel_then_integrated_factor_pack,eligible_for_bulk_transform_plan
cn_fundamental_akshare_batch_v1_20260531\aggregated_v1,cash_flow_sheet_report_em,PAY_REINSURE,price_state,announcement_pit_feature,notice_or_disclosure_lagged,candidate_after_pit_contract,lagged_momentum|mean_reversion|gap|volatility|rank_xsection,low,use notice/disclosure date plus conservative next-trading-day lag,nonminute_pit_context_panel_then_integrated_factor_pack,eligible_for_bulk_transform_plan
cn_fundamental_akshare_batch_v1_20260531\aggregated_v1,cash_flow_sheet_report_em,PAY_REINSURE_YOY,price_state,announcement_pit_feature,notice_or_disclosure_lagged,candidate_after_pit_contract,lagged_momentum|mean_reversion|gap|volatility|rank_xsection,low,use notice/disclosure date plus conservative next-trading-day lag,nonminute_pit_context_panel_then_integrated_factor_pack,eligible_for_bulk_transform_plan
cn_fundamental_akshare_batch_v1_20260531\aggregated_v1,cash_flow_sheet_report_em,PAY_SELL_REPO,price_state,announcement_pit_feature,notice_or_disclosure_lagged,candidate_after_pit_contract,lagged_momentum|mean_reversion|gap|volatility|rank_xsection,low,use notice/disclosure date plus conservative next-trading-day lag,nonminute_pit_context_panel_then_integrated_factor_pack,eligible_for_bulk_transform_plan
cn_fundamental_akshare_batch_v1_20260531\aggregated_v1,cash_flow_sheet_report_em,PAY_SELL_REPO_YOY,price_state,announcement_pit_feature,notice_or_disclosure_lagged,candidate_after_pit_contract,lagged_momentum|mean_reversion|gap|volatility|rank_xsection,low,use notice/disclosure date plus conservative next-trading-day lag,nonminute_pit_context_panel_then_integrated_factor_pack,eligible_for_bulk_transform_plan
cn_fundamental_akshare_batch_v1_20260531\aggregated_v1,cash_flow_sheet_report_em,PAY_STAFF_CASH,price_state,announcement_pit_feature,notice_or_disclosure_lagged,candidate_after_pit_contract,lagged_momentum|mean_reversion|gap|volatility|rank_xsection,low,use notice/disclosure date plus conservative next-trading-day lag,nonminute_pit_context_panel_then_integrated_factor_pack,eligible_for_bulk_transform_plan
cn_fundamental_akshare_batch_v1_20260531\aggregated_v1,cash_flow_sheet_report_em,PAY_STAFF_CASH_YOY,price_state,announcement_pit_feature,notice_or_disclosure_lagged,candidate_after_pit_contract,lagged_momentum|mean_reversion|gap|volatility|rank_xsection,low,use notice/disclosure date plus conservative next-trading-day lag,nonminute_pit_context_panel_then_integrated_factor_pack,eligible_for_bulk_transform_plan
cn_fundamental_akshare_batch_v1_20260531\aggregated_v1,cash_flow_sheet_report_em,PAY_TRADE_FINASSET,price_state,announcement_pit_feature,notice_or_disclosure_lagged,candidate_after_pit_contract,lagged_momentum|mean_reversion|gap|volatility|rank_xsection,low,use notice/disclosure date plus conservative next-trading-day lag,nonminute_pit_context_panel_then_integrated_factor_pack,eligible_for_bulk_transform_plan
cn_fundamental_akshare_batch_v1_20260531\aggregated_v1,cash_flow_sheet_report_em,PAY_TRADE_FINASSET_YOY,price_state,announcement_pit_feature,notice_or_disclosure_lagged,candidate_after_pit_contract,lagged_momentum|mean_reversion|gap|volatility|rank_xsection,low,use notice/disclosure date plus conservative next-trading-day lag,nonminute_pit_context_panel_then_integrated_factor_pack,eligible_for_bulk_transform_plan
cn_fundamental_akshare_batch_v1_20260531\aggregated_v1,cash_flow_sheet_report_em,PBC_INTERBANK_ADD,price_state,announcement_pit_feature,notice_or_disclosure_lagged,candidate_after_pit_contract,lagged_momentum|mean_reversion|gap|volatility|rank_xsection,low,use notice/disclosure date plus conservative next-trading-day lag,nonminute_pit_context_panel_then_integrated_factor_pack,eligible_for_bulk_transform_plan
cn_fundamental_akshare_batch_v1_20260531\aggregated_v1,cash_flow_sheet_report_em,PBC_INTERBANK_ADD_YOY,price_state,announcement_pit_feature,notice_or_disclosure_lagged,candidate_after_pit_contract,lagged_momentum|mean_reversion|gap|volatility|rank_xsection,low,use notice/disclosure date plus conservative next-trading-day lag,nonminute_pit_context_panel_then_integrated_factor_pack,eligible_for_bulk_transform_plan
cn_fundamental_akshare_batch_v1_20260531\aggregated_v1,cash_flow_sheet_report_em,PBC_INTERBANK_REDUCE,price_state,announcement_pit_feature,notice_or_disclosure_lagged,candidate_after_pit_contract,lagged_momentum|mean_reversion|gap|volatility|rank_xsection,low,use notice/disclosure date plus conservative next-trading-day lag,nonminute_pit_context_panel_then_integrated_factor_pack,eligible_for_bulk_transform_plan
cn_fundamental_akshare_batch_v1_20260531\aggregated_v1,cash_flow_sheet_report_em,PBC_INTERBANK_REDUCE_YOY,price_state,announcement_pit_feature,notice_or_disclosure_lagged,candidate_after_pit_contract,lagged_momentum|mean_reversion|gap|volatility|rank_xsection,low,use notice/disclosure date plus conservative next-trading-day lag,nonminute_pit_context_panel_then_integrated_factor_pack,eligible_for_bulk_transform_plan
cn_fundamental_akshare_batch_v1_20260531\aggregated_v1,cash_flow_sheet_report_em,PBC_IOFI_ADD,price_state,announcement_pit_feature,notice_or_disclosure_lagged,candidate_after_pit_contract,lagged_momentum|mean_reversion|gap|volatility|rank_xsection,low,use notice/disclosure date plus conservative next-trading-day lag,nonminute_pit_context_panel_then_integrated_factor_pack,eligible_for_bulk_transform_plan
cn_fundamental_akshare_batch_v1_20260531\aggregated_v1,cash_flow_sheet_report_em,PBC_IOFI_ADD_YOY,price_state,announcement_pit_feature,notice_or_disclosure_lagged,candidate_after_pit_contract,lagged_momentum|mean_reversion|gap|volatility|rank_xsection,low,use notice/disclosure date plus conservative next-trading-day lag,nonminute_pit_context_panel_then_integrated_factor_pack,eligible_for_bulk_transform_plan
cn_fundamental_akshare_batch_v1_20260531\aggregated_v1,cash_flow_sheet_report_em,PBC_IOFI_REDUCE,price_state,announcement_pit_feature,notice_or_disclosure_lagged,candidate_after_pit_contract,lagged_momentum|mean_reversion|gap|volatility|rank_xsection,low,use notice/disclosure date plus conservative next-trading-day lag,nonminute_pit_context_panel_then_integrated_factor_pack,eligible_for_bulk_transform_plan
cn_fundamental_akshare_batch_v1_20260531\aggregated_v1,cash_flow_sheet_report_em,PBC_IOFI_REDUCE_YOY,price_state,announcement_pit_feature,notice_or_disclosure_lagged,candidate_after_pit_contract,lagged_momentum|mean_reversion|gap|volatility|rank_xsection,low,use notice/disclosure date plus conservative next-trading-day lag,nonminute_pit_context_panel_then_integrated_factor_pack,eligible_for_bulk_transform_plan
cn_fundamental_akshare_batch_v1_20260531\aggregated_v1,cash_flow_sheet_report_em,PLEDGE_LOAN_ADD,price_state,announcement_pit_feature,notice_or_disclosure_lagged,candidate_after_pit_contract,lagged_momentum|mean_reversion|gap|volatility|rank_xsection,low,use notice/disclosure date plus conservative next-trading-day lag,nonminute_pit_context_panel_then_integrated_factor_pack,eligible_for_bulk_transform_plan
cn_fundamental_akshare_batch_v1_20260531\aggregated_v1,cash_flow_sheet_report_em,PLEDGE_LOAN_ADD_YOY,price_state,announcement_pit_feature,notice_or_disclosure_lagged,candidate_after_pit_contract,lagged_momentum|mean_reversion|gap|volatility|rank_xsection,low,use notice/disclosure date plus conservative next-trading-day lag,nonminute_pit_context_panel_then_integrated_factor_pack,eligible_for_bulk_transform_plan
cn_fundamental_akshare_batch_v1_20260531\aggregated_v1,cash_flow_sheet_report_em,PREDICT_LIAB_ADD,price_state,announcement_pit_feature,notice_or_disclosure_lagged,candidate_after_pit_contract,lagged_momentum|mean_reversion|gap|volatility|rank_xsection,low,use notice/disclosure date plus conservative next-trading-day lag,nonminute_pit_context_panel_then_integrated_factor_pack,eligible_for_bulk_transform_plan
cn_fundamental_akshare_batch_v1_20260531\aggregated_v1,cash_flow_sheet_report_em,PREDICT_LIAB_ADD_YOY,price_state,announcement_pit_feature,notice_or_disclosure_lagged,candidate_after_pit_contract,lagged_momentum|mean_reversion|gap|volatility|rank_xsection,low,use notice/disclosure date plus conservative next-trading-day lag,nonminute_pit_context_panel_then_integrated_factor_pack,eligible_for_bulk_transform_plan
cn_fundamental_akshare_batch_v1_20260531\aggregated_v1,cash_flow_sheet_report_em,PREPAID_EXPENSE_REDUCE,price_state,announcement_pit_feature,notice_or_disclosure_lagged,candidate_after_pit_contract,lagged_momentum|mean_reversion|gap|volatility|rank_xsection,low,use notice/disclosure date plus conservative next-trading-day lag,nonminute_pit_context_panel_then_integrated_factor_pack,eligible_for_bulk_transform_plan
cn_fundamental_akshare_batch_v1_20260531\aggregated_v1,cash_flow_sheet_report_em,PREPAID_EXPENSE_REDUCE_YOY,price_state,announcement_pit_feature,notice_or_disclosure_lagged,candidate_after_pit_contract,lagged_momentum|mean_reversion|gap|volatility|rank_xsection,low,use notice/disclosure date plus conservative next-trading-day lag,nonminute_pit_context_panel_then_integrated_factor_pack,eligible_for_bulk_transform_plan
cn_fundamental_akshare_batch_v1_20260531\aggregated_v1,cash_flow_sheet_report_em,PROVISION_INVEST_IMPAIRMENT,price_state,announcement_pit_feature,notice_or_disclosure_lagged,candidate_after_pit_contract,lagged_momentum|mean_reversion|gap|volatility|rank_xsection,low,use notice/disclosure date plus conservative next-trading-day lag,nonminute_pit_context_panel_then_integrated_factor_pack,eligible_for_bulk_transform_plan
cn_fundamental_akshare_batch_v1_20260531\aggregated_v1,cash_flow_sheet_report_em,PROVISION_INVEST_IMPAIRMENT_YOY,price_state,announcement_pit_feature,notice_or_disclosure_lagged,candidate_after_pit_contract,lagged_momentum|mean_reversion|gap|volatility|rank_xsection,low,use notice/disclosure date plus conservative next-trading-day lag,nonminute_pit_context_panel_then_integrated_factor_pack,eligible_for_bulk_transform_plan
cn_fundamental_akshare_batch_v1_20260531\aggregated_v1,cash_flow_sheet_report_em,PROVISION_LOAN_IMPAIRMENT,price_state,announcement_pit_feature,notice_or_disclosure_lagged,candidate_after_pit_contract,lagged_momentum|mean_reversion|gap|volatility|rank_xsection,low,use notice/disclosure date plus conservative next-trading-day lag,nonminute_pit_context_panel_then_integrated_factor_pack,eligible_for_bulk_transform_plan
cn_fundamental_akshare_batch_v1_20260531\aggregated_v1,cash_flow_sheet_report_em,PROVISION_LOAN_IMPAIRMENT_YOY,price_state,announcement_pit_feature,notice_or_disclosure_lagged,candidate_after_pit_contract,lagged_momentum|mean_reversion|gap|volatility|rank_xsection,low,use notice/disclosure date plus conservative next-trading-day lag,nonminute_pit_context_panel_then_integrated_factor_pack,eligible_for_bulk_transform_plan
cn_fundamental_akshare_batch_v1_20260531\aggregated_v1,cash_flow_sheet_report_em,PROVISION_PREDICT_LIAB,price_state,announcement_pit_feature,notice_or_disclosure_lagged,candidate_after_pit_contract,lagged_momentum|mean_reversion|gap|volatility|rank_xsection,low,use notice/disclosure date plus conservative next-trading-day lag,nonminute_pit_context_panel_then_integrated_factor_pack,eligible_for_bulk_transform_plan
cn_fundamental_akshare_batch_v1_20260531\aggregated_v1,cash_flow_sheet_report_em,PROVISION_PREDICT_LIAB_YOY,price_state,announcement_pit_feature,notice_or_disclosure_lagged,candidate_after_pit_contract,lagged_momentum|mean_reversion|gap|volatility|rank_xsection,low,use notice/disclosure date plus conservative next-trading-day lag,nonminute_pit_context_panel_then_integrated_factor_pack,eligible_for_bulk_transform_plan
cn_fundamental_akshare_batch_v1_20260531\aggregated_v1,cash_flow_sheet_report_em,PURCHASE_SUBSIDIARY_OTHER,price_state,announcement_pit_feature,notice_or_disclosure_lagged,candidate_after_pit_contract,lagged_momentum|mean_reversion|gap|volatility|rank_xsection,low,use notice/disclosure date plus conservative next-trading-day lag,nonminute_pit_context_panel_then_integrated_factor_pack,eligible_for_bulk_transform_plan
cn_fundamental_akshare_batch_v1_20260531\aggregated_v1,cash_flow_sheet_report_em,PURCHASE_SUBSIDIARY_OTHER_YOY,price_state,announcement_pit_feature,notice_or_disclosure_lagged,candidate_after_pit_contract,lagged_momentum|mean_reversion|gap|volatility|rank_xsection,low,use notice/disclosure date plus conservative next-trading-day lag,nonminute_pit_context_panel_then_integrated_factor_pack,eligible_for_bulk_transform_plan
cn_fundamental_akshare_batch_v1_20260531\aggregated_v1,cash_flow_sheet_report_em,RATE_CHANGE_EFFECT,price_state,announcement_pit_feature,notice_or_disclosure_lagged,candidate_after_pit_contract,lagged_momentum|mean_reversion|gap|volatility|rank_xsection,low,use notice/disclosure date plus conservative next-trading-day lag,nonminute_pit_context_panel_then_integrated_factor_pack,eligible_for_bulk_transform_plan
cn_fundamental_akshare_batch_v1_20260531\aggregated_v1,cash_flow_sheet_report_em,RATE_CHANGE_EFFECT_YOY,price_state,announcement_pit_feature,notice_or_disclosure_lagged,candidate_after_pit_contract,lagged_momentum|mean_reversion|gap|volatility|rank_xsection,low,use notice/disclosure date plus conservative next-trading-day lag,nonminute_pit_context_panel_then_integrated_factor_pack,eligible_for_bulk_transform_plan
cn_fundamental_akshare_batch_v1_20260531\aggregated_v1,cash_flow_sheet_report_em,RECEIVE_ADD_EQUITY,price_state,announcement_pit_feature,notice_or_disclosure_lagged,candidate_after_pit_contract,lagged_momentum|mean_reversion|gap|volatility|rank_xsection,low,use notice/disclosure date plus conservative next-trading-day lag,nonminute_pit_context_panel_then_integrated_factor_pack,eligible_for_bulk_transform_plan
cn_fundamental_akshare_batch_v1_20260531\aggregated_v1,cash_flow_sheet_report_em,RECEIVE_ADD_EQUITY_YOY,price_state,announcement_pit_feature,notice_or_disclosure_lagged,candidate_after_pit_contract,lagged_momentum|mean_reversion|gap|volatility|rank_xsection,low,use notice/disclosure date plus conservative next-trading-day lag,nonminute_pit_context_panel_then_integrated_factor_pack,eligible_for_bulk_transform_plan
cn_fundamental_akshare_batch_v1_20260531\aggregated_v1,cash_flow_sheet_report_em,RECEIVE_AGENT_TRADE,price_state,announcement_pit_feature,notice_or_disclosure_lagged,candidate_after_pit_contract,lagged_momentum|mean_reversion|gap|volatility|rank_xsection,low,use notice/disclosure date plus conservative next-trading-day lag,nonminute_pit_context_panel_then_integrated_factor_pack,eligible_for_bulk_transform_plan
cn_fundamental_akshare_batch_v1_20260531\aggregated_v1,cash_flow_sheet_report_em,RECEIVE_AGENT_TRADE_YOY,price_state,announcement_pit_feature,notice_or_disclosure_lagged,candidate_after_pit_contract,lagged_momentum|mean_reversion|gap|volatility|rank_xsection,low,use notice/disclosure date plus conservative next-trading-day lag,nonminute_pit_context_panel_then_integrated_factor_pack,eligible_for_bulk_transform_plan
cn_fundamental_akshare_batch_v1_20260531\aggregated_v1,cash_flow_sheet_report_em,RECEIVE_AGENT_UNDERWRITE,price_state,announcement_pit_feature,notice_or_disclosure_lagged,candidate_after_pit_contract,lagged_momentum|mean_reversion|gap|volatility|rank_xsection,low,use notice/disclosure date plus conservative next-trading-day lag,nonminute_pit_context_panel_then_integrated_factor_pack,eligible_for_bulk_transform_plan
cn_fundamental_akshare_batch_v1_20260531\aggregated_v1,cash_flow_sheet_report_em,RECEIVE_AGENT_UNDERWRITE_YOY,price_state,announcement_pit_feature,notice_or_disclosure_lagged,candidate_after_pit_contract,lagged_momentum|mean_reversion|gap|volatility|rank_xsection,low,use notice/disclosure date plus conservative next-trading-day lag,nonminute_pit_context_panel_then_integrated_factor_pack,eligible_for_bulk_transform_plan
cn_fundamental_akshare_batch_v1_20260531\aggregated_v1,cash_flow_sheet_report_em,RECEIVE_BUY_RESALE,price_state,announcement_pit_feature,notice_or_disclosure_lagged,candidate_after_pit_contract,lagged_momentum|mean_reversion|gap|volatility|rank_xsection,low,use notice/disclosure date plus conservative next-trading-day lag,nonminute_pit_context_panel_then_integrated_factor_pack,eligible_for_bulk_transform_plan
cn_fundamental_akshare_batch_v1_20260531\aggregated_v1,cash_flow_sheet_report_em,RECEIVE_BUY_RESALE_YOY,price_state,announcement_pit_feature,notice_or_disclosure_lagged,candidate_after_pit_contract,lagged_momentum|mean_reversion|gap|volatility|rank_xsection,low,use notice/disclosure date plus conservative next-trading-day lag,nonminute_pit_context_panel_then_integrated_factor_pack,eligible_for_bulk_transform_plan
cn_fundamental_akshare_batch_v1_20260531\aggregated_v1,cash_flow_sheet_report_em,RECEIVE_COMMISSION,price_state,announcement_pit_feature,notice_or_disclosure_lagged,candidate_after_pit_contract,lagged_momentum|mean_reversion|gap|volatility|rank_xsection,low,use notice/disclosure date plus conservative next-trading-day lag,nonminute_pit_context_panel_then_integrated_factor_pack,eligible_for_bulk_transform_plan
cn_fundamental_akshare_batch_v1_20260531\aggregated_v1,cash_flow_sheet_report_em,RECEIVE_COMMISSION_YOY,price_state,announcement_pit_feature,notice_or_disclosure_lagged,candidate_after_pit_contract,lagged_momentum|mean_reversion|gap|volatility|rank_xsection,low,use notice/disclosure date plus conservative next-trading-day lag,nonminute_pit_context_panel_then_integrated_factor_pack,eligible_for_bulk_transform_plan
cn_fundamental_akshare_batch_v1_20260531\aggregated_v1,cash_flow_sheet_report_em,RECEIVE_DIVIDEND_PROFIT,price_state,announcement_pit_feature,notice_or_disclosure_lagged,candidate_after_pit_contract,lagged_momentum|mean_reversion|gap|volatility|rank_xsection,low,use notice/disclosure date plus conservative next-trading-day lag,nonminute_pit_context_panel_then_integrated_factor_pack,eligible_for_bulk_transform_plan
cn_fundamental_akshare_batch_v1_20260531\aggregated_v1,cash_flow_sheet_report_em,RECEIVE_DIVIDEND_PROFIT_YOY,price_state,announcement_pit_feature,notice_or_disclosure_lagged,candidate_after_pit_contract,lagged_momentum|mean_reversion|gap|volatility|rank_xsection,low,use notice/disclosure date plus conservative next-trading-day lag,nonminute_pit_context_panel_then_integrated_factor_pack,eligible_for_bulk_transform_plan
cn_fundamental_akshare_batch_v1_20260531\aggregated_v1,cash_flow_sheet_report_em,RECEIVE_INTEREST,price_state,announcement_pit_feature,notice_or_disclosure_lagged,candidate_after_pit_contract,lagged_momentum|mean_reversion|gap|volatility|rank_xsection,low,use notice/disclosure date plus conservative next-trading-day lag,nonminute_pit_context_panel_then_integrated_factor_pack,eligible_for_bulk_transform_plan
cn_fundamental_akshare_batch_v1_20260531\aggregated_v1,cash_flow_sheet_report_em,RECEIVE_INTEREST_COMMISSION,price_state,announcement_pit_feature,notice_or_disclosure_lagged,candidate_after_pit_contract,lagged_momentum|mean_reversion|gap|volatility|rank_xsection,low,use notice/disclosure date plus conservative next-trading-day lag,nonminute_pit_context_panel_then_integrated_factor_pack,eligible_for_bulk_transform_plan
cn_fundamental_akshare_batch_v1_20260531\aggregated_v1,cash_flow_sheet_report_em,RECEIVE_INTEREST_COMMISSION_YOY,price_state,announcement_pit_feature,notice_or_disclosure_lagged,candidate_after_pit_contract,lagged_momentum|mean_reversion|gap|volatility|rank_xsection,low,use notice/disclosure date plus conservative next-trading-day lag,nonminute_pit_context_panel_then_integrated_factor_pack,eligible_for_bulk_transform_plan
cn_fundamental_akshare_batch_v1_20260531\aggregated_v1,cash_flow_sheet_report_em,RECEIVE_INTEREST_YOY,price_state,announcement_pit_feature,notice_or_disclosure_lagged,candidate_after_pit_contract,lagged_momentum|mean_reversion|gap|volatility|rank_xsection,low,use notice/disclosure date plus conservative next-trading-day lag,nonminute_pit_context_panel_then_integrated_factor_pack,eligible_for_bulk_transform_plan
cn_fundamental_akshare_batch_v1_20260531\aggregated_v1,cash_flow_sheet_report_em,RECEIVE_INVEST_INCOME,price_state,announcement_pit_feature,notice_or_disclosure_lagged,candidate_after_pit_contract,lagged_momentum|mean_reversion|gap|volatility|rank_xsection,low,use notice/disclosure date plus conservative next-trading-day lag,nonminute_pit_context_panel_then_integrated_factor_pack,eligible_for_bulk_transform_plan
cn_fundamental_akshare_batch_v1_20260531\aggregated_v1,cash_flow_sheet_report_em,RECEIVE_INVEST_INCOME_YOY,price_state,announcement_pit_feature,notice_or_disclosure_lagged,candidate_after_pit_contract,lagged_momentum|mean_reversion|gap|volatility|rank_xsection,low,use notice/disclosure date plus conservative next-trading-day lag,nonminute_pit_context_panel_then_integrated_factor_pack,eligible_for_bulk_transform_plan
cn_fundamental_akshare_batch_v1_20260531\aggregated_v1,cash_flow_sheet_report_em,RECEIVE_LOAN_CASH,price_state,announcement_pit_feature,notice_or_disclosure_lagged,candidate_after_pit_contract,lagged_momentum|mean_reversion|gap|volatility|rank_xsection,low,use notice/disclosure date plus conservative next-trading-day lag,nonminute_pit_context_panel_then_integrated_factor_pack,eligible_for_bulk_transform_plan
cn_fundamental_akshare_batch_v1_20260531\aggregated_v1,cash_flow_sheet_report_em,RECEIVE_LOAN_CASH_YOY,price_state,announcement_pit_feature,notice_or_disclosure_lagged,candidate_after_pit_contract,lagged_momentum|mean_reversion|gap|volatility|rank_xsection,low,use notice/disclosure date plus conservative next-trading-day lag,nonminute_pit_context_panel_then_integrated_factor_pack,eligible_for_bulk_transform_plan
cn_fundamental_akshare_batch_v1_20260531\aggregated_v1,cash_flow_sheet_report_em,RECEIVE_ORIGIC_PREMIUM,price_state,announcement_pit_feature,notice_or_disclosure_lagged,candidate_after_pit_contract,lagged_momentum|mean_reversion|gap|volatility|rank_xsection,low,use notice/disclosure date plus conservative next-trading-day lag,nonminute_pit_context_panel_then_integrated_factor_pack,eligible_for_bulk_transform_plan
cn_fundamental_akshare_batch_v1_20260531\aggregated_v1,cash_flow_sheet_report_em,RECEIVE_ORIGIC_PREMIUM_YOY,price_state,announcement_pit_feature,notice_or_disclosure_lagged,candidate_after_pit_contract,lagged_momentum|mean_reversion|gap|volatility|rank_xsection,low,use notice/disclosure date plus conservative next-trading-day lag,nonminute_pit_context_panel_then_integrated_factor_pack,eligible_for_bulk_transform_plan
cn_fundamental_akshare_batch_v1_20260531\aggregated_v1,cash_flow_sheet_report_em,RECEIVE_OTHER_FINANCE,price_state,announcement_pit_feature,notice_or_disclosure_lagged,candidate_after_pit_contract,lagged_momentum|mean_reversion|gap|volatility|rank_xsection,low,use notice/disclosure date plus conservative next-trading-day lag,nonminute_pit_context_panel_then_integrated_factor_pack,eligible_for_bulk_transform_plan
cn_fundamental_akshare_batch_v1_20260531\aggregated_v1,cash_flow_sheet_report_em,RECEIVE_OTHER_FINANCE_YOY,price_state,announcement_pit_feature,notice_or_disclosure_lagged,candidate_after_pit_contract,lagged_momentum|mean_reversion|gap|volatility|rank_xsection,low,use notice/disclosure date plus conservative next-trading-day lag,nonminute_pit_context_panel_then_integrated_factor_pack,eligible_for_bulk_transform_plan
cn_fundamental_akshare_batch_v1_20260531\aggregated_v1,cash_flow_sheet_report_em,RECEIVE_OTHER_INVEST,price_state,announcement_pit_feature,notice_or_disclosure_lagged,candidate_after_pit_contract,lagged_momentum|mean_reversion|gap|volatility|rank_xsection,low,use notice/disclosure date plus conservative next-trading-day lag,nonminute_pit_context_panel_then_integrated_factor_pack,eligible_for_bulk_transform_plan
cn_fundamental_akshare_batch_v1_20260531\aggregated_v1,cash_flow_sheet_report_em,RECEIVE_OTHER_INVEST_YOY,price_state,announcement_pit_feature,notice_or_disclosure_lagged,candidate_after_pit_contract,lagged_momentum|mean_reversion|gap|volatility|rank_xsection,low,use notice/disclosure date plus conservative next-trading-day lag,nonminute_pit_context_panel_then_integrated_factor_pack,eligible_for_bulk_transform_plan
cn_fundamental_akshare_batch_v1_20260531\aggregated_v1,cash_flow_sheet_report_em,RECEIVE_OTHER_OPERATE,price_state,announcement_pit_feature,notice_or_disclosure_lagged,candidate_after_pit_contract,lagged_momentum|mean_reversion|gap|volatility|rank_xsection,low,use notice/disclosure date plus conservative next-trading-day lag,nonminute_pit_context_panel_then_integrated_factor_pack,eligible_for_bulk_transform_plan
cn_fundamental_akshare_batch_v1_20260531\aggregated_v1,cash_flow_sheet_report_em,RECEIVE_OTHER_OPERATE_YOY,price_state,announcement_pit_feature,notice_or_disclosure_lagged,candidate_after_pit_contract,lagged_momentum|mean_reversion|gap|volatility|rank_xsection,low,use notice/disclosure date plus conservative next-trading-day lag,nonminute_pit_context_panel_then_integrated_factor_pack,eligible_for_bulk_transform_plan
cn_fundamental_akshare_batch_v1_20260531\aggregated_v1,cash_flow_sheet_report_em,RECEIVE_REINSURE_NET,price_state,announcement_pit_feature,notice_or_disclosure_lagged,candidate_after_pit_contract,lagged_momentum|mean_reversion|gap|volatility|rank_xsection,low,use notice/disclosure date plus conservative next-trading-day lag,nonminute_pit_context_panel_then_integrated_factor_pack,eligible_for_bulk_transform_plan
cn_fundamental_akshare_batch_v1_20260531\aggregated_v1,cash_flow_sheet_report_em,RECEIVE_REINSURE_NET_YOY,price_state,announcement_pit_feature,notice_or_disclosure_lagged,candidate_after_pit_contract,lagged_momentum|mean_reversion|gap|volatility|rank_xsection,low,use notice/disclosure date plus conservative next-trading-day lag,nonminute_pit_context_panel_then_integrated_factor_pack,eligible_for_bulk_transform_plan
cn_fundamental_akshare_batch_v1_20260531\aggregated_v1,cash_flow_sheet_report_em,RECEIVE_SELL_REPO,price_state,announcement_pit_feature,notice_or_disclosure_lagged,candidate_after_pit_contract,lagged_momentum|mean_reversion|gap|volatility|rank_xsection,low,use notice/disclosure date plus conservative next-trading-day lag,nonminute_pit_context_panel_then_integrated_factor_pack,eligible_for_bulk_transform_plan
cn_fundamental_akshare_batch_v1_20260531\aggregated_v1,cash_flow_sheet_report_em,RECEIVE_SELL_REPO_YOY,price_state,announcement_pit_feature,notice_or_disclosure_lagged,candidate_after_pit_contract,lagged_momentum|mean_reversion|gap|volatility|rank_xsection,low,use notice/disclosure date plus conservative next-trading-day lag,nonminute_pit_context_panel_then_integrated_factor_pack,eligible_for_bulk_transform_plan
cn_fundamental_akshare_batch_v1_20260531\aggregated_v1,cash_flow_sheet_report_em,RECEIVE_TAX_REFUND,price_state,announcement_pit_feature,notice_or_disclosure_lagged,candidate_after_pit_contract,lagged_momentum|mean_reversion|gap|volatility|rank_xsection,low,use notice/disclosure date plus conservative next-trading-day lag,nonminute_pit_context_panel_then_integrated_factor_pack,eligible_for_bulk_transform_plan
cn_fundamental_akshare_batch_v1_20260531\aggregated_v1,cash_flow_sheet_report_em,RECEIVE_TAX_REFUND_YOY,price_state,announcement_pit_feature,notice_or_disclosure_lagged,candidate_after_pit_contract,lagged_momentum|mean_reversion|gap|volatility|rank_xsection,low,use notice/disclosure date plus conservative next-trading-day lag,nonminute_pit_context_panel_then_integrated_factor_pack,eligible_for_bulk_transform_plan
cn_fundamental_akshare_batch_v1_20260531\aggregated_v1,cash_flow_sheet_report_em,RECEIVE_TRADE_FINASSET,price_state,announcement_pit_feature,notice_or_disclosure_lagged,candidate_after_pit_contract,lagged_momentum|mean_reversion|gap|volatility|rank_xsection,low,use notice/disclosure date plus conservative next-trading-day lag,nonminute_pit_context_panel_then_integrated_factor_pack,eligible_for_bulk_transform_plan
cn_fundamental_akshare_batch_v1_20260531\aggregated_v1,cash_flow_sheet_report_em,RECEIVE_TRADE_FINASSET_YOY,price_state,announcement_pit_feature,notice_or_disclosure_lagged,candidate_after_pit_contract,lagged_momentum|mean_reversion|gap|volatility|rank_xsection,low,use notice/disclosure date plus conservative next-trading-day lag,nonminute_pit_context_panel_then_integrated_factor_pack,eligible_for_bulk_transform_plan
cn_fundamental_akshare_batch_v1_20260531\aggregated_v1,cash_flow_sheet_report_em,RECEIVE_WRITEOFF,price_state,announcement_pit_feature,notice_or_disclosure_lagged,candidate_after_pit_contract,lagged_momentum|mean_reversion|gap|volatility|rank_xsection,low,use notice/disclosure date plus conservative next-trading-day lag,nonminute_pit_context_panel_then_integrated_factor_pack,eligible_for_bulk_transform_plan
cn_fundamental_akshare_batch_v1_20260531\aggregated_v1,cash_flow_sheet_report_em,RECEIVE_WRITEOFF_YOY,price_state,announcement_pit_feature,notice_or_disclosure_lagged,candidate_after_pit_contract,lagged_momentum|mean_reversion|gap|volatility|rank_xsection,low,use notice/disclosure date plus conservative next-trading-day lag,nonminute_pit_context_panel_then_integrated_factor_pack,eligible_for_bulk_transform_plan
cn_fundamental_akshare_batch_v1_20260531\aggregated_v1,cash_flow_sheet_report_em,REPORT_TYPE,price_state,announcement_pit_feature,notice_or_disclosure_lagged,candidate_after_pit_contract,lagged_momentum|mean_reversion|gap|volatility|rank_xsection,low,use notice/disclosure date plus conservative next-trading-day lag,nonminute_pit_context_panel_then_integrated_factor_pack,eligible_for_bulk_transform_plan
cn_fundamental_akshare_batch_v1_20260531\aggregated_v1,cash_flow_sheet_report_em,REPO_BUSINESS_ADD,price_state,announcement_pit_feature,notice_or_disclosure_lagged,candidate_after_pit_contract,lagged_momentum|mean_reversion|gap|volatility|rank_xsection,low,use notice/disclosure date plus conservative next-trading-day lag,nonminute_pit_context_panel_then_integrated_factor_pack,eligible_for_bulk_transform_plan
cn_fundamental_akshare_batch_v1_20260531\aggregated_v1,cash_flow_sheet_report_em,REPO_BUSINESS_ADD_YOY,price_state,announcement_pit_feature,notice_or_disclosure_lagged,candidate_after_pit_contract,lagged_momentum|mean_reversion|gap|volatility|rank_xsection,low,use notice/disclosure date plus conservative next-trading-day lag,nonminute_pit_context_panel_then_integrated_factor_pack,eligible_for_bulk_transform_plan
cn_fundamental_akshare_batch_v1_20260531\aggregated_v1,cash_flow_sheet_report_em,REPO_BUSINESS_REDUCE,price_state,announcement_pit_feature,notice_or_disclosure_lagged,candidate_after_pit_contract,lagged_momentum|mean_reversion|gap|volatility|rank_xsection,low,use notice/disclosure date plus conservative next-trading-day lag,nonminute_pit_context_panel_then_integrated_factor_pack,eligible_for_bulk_transform_plan
cn_fundamental_akshare_batch_v1_20260531\aggregated_v1,cash_flow_sheet_report_em,REPO_BUSINESS_REDUCE_YOY,price_state,announcement_pit_feature,notice_or_disclosure_lagged,candidate_after_pit_contract,lagged_momentum|mean_reversion|gap|volatility|rank_xsection,low,use notice/disclosure date plus conservative next-trading-day lag,nonminute_pit_context_panel_then_integrated_factor_pack,eligible_for_bulk_transform_plan
cn_fundamental_akshare_batch_v1_20260531\aggregated_v1,cash_flow_sheet_report_em,SALES_SERVICES,price_state,announcement_pit_feature,notice_or_disclosure_lagged,candidate_after_pit_contract,lagged_momentum|mean_reversion|gap|volatility|rank_xsection,low,use notice/disclosure date plus conservative next-trading-day lag,nonminute_pit_context_panel_then_integrated_factor_pack,eligible_for_bulk_transform_plan
cn_fundamental_akshare_batch_v1_20260531\aggregated_v1,cash_flow_sheet_report_em,SALES_SERVICES_YOY,price_state,announcement_pit_feature,notice_or_disclosure_lagged,candidate_after_pit_contract,lagged_momentum|mean_reversion|gap|volatility|rank_xsection,low,use notice/disclosure date plus conservative next-trading-day lag,nonminute_pit_context_panel_then_integrated_factor_pack,eligible_for_bulk_transform_plan
cn_fundamental_akshare_batch_v1_20260531\aggregated_v1,cash_flow_sheet_report_em,SECURITY_TYPE_CODE,price_state,announcement_pit_feature,notice_or_disclosure_lagged,candidate_after_pit_contract,lagged_momentum|mean_reversion|gap|volatility|rank_xsection,low,use notice/disclosure date plus conservative next-trading-day lag,nonminute_pit_context_panel_then_integrated_factor_pack,eligible_for_bulk_transform_plan
cn_fundamental_akshare_batch_v1_20260531\aggregated_v1,cash_flow_sheet_report_em,SELL_REPO_ADD,price_state,announcement_pit_feature,notice_or_disclosure_lagged,candidate_after_pit_contract,lagged_momentum|mean_reversion|gap|volatility|rank_xsection,low,use notice/disclosure date plus conservative next-trading-day lag,nonminute_pit_context_panel_then_integrated_factor_pack,eligible_for_bulk_transform_plan
cn_fundamental_akshare_batch_v1_20260531\aggregated_v1,cash_flow_sheet_report_em,SELL_REPO_ADD_YOY,price_state,announcement_pit_feature,notice_or_disclosure_lagged,candidate_after_pit_contract,lagged_momentum|mean_reversion|gap|volatility|rank_xsection,low,use notice/disclosure date plus conservative next-trading-day lag,nonminute_pit_context_panel_then_integrated_factor_pack,eligible_for_bulk_transform_plan
cn_fundamental_akshare_batch_v1_20260531\aggregated_v1,cash_flow_sheet_report_em,SELL_REPO_REDUCE,price_state,announcement_pit_feature,notice_or_disclosure_lagged,candidate_after_pit_contract,lagged_momentum|mean_reversion|gap|volatility|rank_xsection,low,use notice/disclosure date plus conservative next-trading-day lag,nonminute_pit_context_panel_then_integrated_factor_pack,eligible_for_bulk_transform_plan
cn_fundamental_akshare_batch_v1_20260531\aggregated_v1,cash_flow_sheet_report_em,SELL_REPO_REDUCE_YOY,price_state,announcement_pit_feature,notice_or_disclosure_lagged,candidate_after_pit_contract,lagged_momentum|mean_reversion|gap|volatility|rank_xsection,low,use notice/disclosure date plus conservative next-trading-day lag,nonminute_pit_context_panel_then_integrated_factor_pack,eligible_for_bulk_transform_plan
cn_fundamental_akshare_batch_v1_20260531\aggregated_v1,cash_flow_sheet_report_em,SUBSIDIARY_ACCEPT_INVEST,price_state,announcement_pit_feature,notice_or_disclosure_lagged,candidate_after_pit_contract,lagged_momentum|mean_reversion|gap|volatility|rank_xsection,low,use notice/disclosure date plus conservative next-trading-day lag,nonminute_pit_context_panel_then_integrated_factor_pack,eligible_for_bulk_transform_plan
cn_fundamental_akshare_batch_v1_20260531\aggregated_v1,cash_flow_sheet_report_em,SUBSIDIARY_ACCEPT_INVEST_YOY,price_state,announcement_pit_feature,notice_or_disclosure_lagged,candidate_after_pit_contract,lagged_momentum|mean_reversion|gap|volatility|rank_xsection,low,use notice/disclosure date plus conservative next-trading-day lag,nonminute_pit_context_panel_then_integrated_factor_pack,eligible_for_bulk_transform_plan
cn_fundamental_akshare_batch_v1_20260531\aggregated_v1,cash_flow_sheet_report_em,SUBSIDIARY_PAY_DIVIDEND,price_state,announcement_pit_feature,notice_or_disclosure_lagged,candidate_after_pit_contract,lagged_momentum|mean_reversion|gap|volatility|rank_xsection,low,use notice/disclosure date plus conservative next-trading-day lag,nonminute_pit_context_panel_then_integrated_factor_pack,eligible_for_bulk_transform_plan
cn_fundamental_akshare_batch_v1_20260531\aggregated_v1,cash_flow_sheet_report_em,SUBSIDIARY_PAY_DIVIDEND_YOY,price_state,announcement_pit_feature,notice_or_disclosure_lagged,candidate_after_pit_contract,lagged_momentum|mean_reversion|gap|volatility|rank_xsection,low,use notice/disclosure date plus conservative next-trading-day lag,nonminute_pit_context_panel_then_integrated_factor_pack,eligible_for_bulk_transform_plan
cn_fundamental_akshare_batch_v1_20260531\aggregated_v1,cash_flow_sheet_report_em,SUBSIDIARY_REDUCE_CASH,price_state,announcement_pit_feature,notice_or_disclosure_lagged,candidate_after_pit_contract,lagged_momentum|mean_reversion|gap|volatility|rank_xsection,low,use notice/disclosure date plus conservative next-trading-day lag,nonminute_pit_context_panel_then_integrated_factor_pack,eligible_for_bulk_transform_plan
cn_fundamental_akshare_batch_v1_20260531\aggregated_v1,cash_flow_sheet_report_em,SUBSIDIARY_REDUCE_CASH_YOY,price_state,announcement_pit_feature,notice_or_disclosure_lagged,candidate_after_pit_contract,lagged_momentum|mean_reversion|gap|volatility|rank_xsection,low,use notice/disclosure date plus conservative next-trading-day lag,nonminute_pit_context_panel_then_integrated_factor_pack,eligible_for_bulk_transform_plan
cn_fundamental_akshare_batch_v1_20260531\aggregated_v1,cash_flow_sheet_report_em,TOTAL_FINANCE_INFLOW,price_state,announcement_pit_feature,notice_or_disclosure_lagged,candidate_after_pit_contract,lagged_momentum|mean_reversion|gap|volatility|rank_xsection,low,use notice/disclosure date plus conservative next-trading-day lag,nonminute_pit_context_panel_then_integrated_factor_pack,eligible_for_bulk_transform_plan
cn_fundamental_akshare_batch_v1_20260531\aggregated_v1,cash_flow_sheet_report_em,TOTAL_FINANCE_INFLOW_YOY,price_state,announcement_pit_feature,notice_or_disclosure_lagged,candidate_after_pit_contract,lagged_momentum|mean_reversion|gap|volatility|rank_xsection,low,use notice/disclosure date plus conservative next-trading-day lag,nonminute_pit_context_panel_then_integrated_factor_pack,eligible_for_bulk_transform_plan
cn_fundamental_akshare_batch_v1_20260531\aggregated_v1,cash_flow_sheet_report_em,TOTAL_FINANCE_OUTFLOW,price_state,announcement_pit_feature,notice_or_disclosure_lagged,candidate_after_pit_contract,lagged_momentum|mean_reversion|gap|volatility|rank_xsection,low,use notice/disclosure date plus conservative next-trading-day lag,nonminute_pit_context_panel_then_integrated_factor_pack,eligible_for_bulk_transform_plan
cn_fundamental_akshare_batch_v1_20260531\aggregated_v1,cash_flow_sheet_report_em,TOTAL_FINANCE_OUTFLOW_YOY,price_state,announcement_pit_feature,notice_or_disclosure_lagged,candidate_after_pit_contract,lagged_momentum|mean_reversion|gap|volatility|rank_xsection,low,use notice/disclosure date plus conservative next-trading-day lag,nonminute_pit_context_panel_then_integrated_factor_pack,eligible_for_bulk_transform_plan
cn_fundamental_akshare_batch_v1_20260531\aggregated_v1,cash_flow_sheet_report_em,TOTAL_INVEST_INFLOW,price_state,announcement_pit_feature,notice_or_disclosure_lagged,candidate_after_pit_contract,lagged_momentum|mean_reversion|gap|volatility|rank_xsection,low,use notice/disclosure date plus conservative next-trading-day lag,nonminute_pit_context_panel_then_integrated_factor_pack,eligible_for_bulk_transform_plan
cn_fundamental_akshare_batch_v1_20260531\aggregated_v1,cash_flow_sheet_report_em,TOTAL_INVEST_INFLOW_YOY,price_state,announcement_pit_feature,notice_or_disclosure_lagged,candidate_after_pit_contract,lagged_momentum|mean_reversion|gap|volatility|rank_xsection,low,use notice/disclosure date plus conservative next-trading-day lag,nonminute_pit_context_panel_then_integrated_factor_pack,eligible_for_bulk_transform_plan
cn_fundamental_akshare_batch_v1_20260531\aggregated_v1,cash_flow_sheet_report_em,TOTAL_INVEST_OUTFLOW,price_state,announcement_pit_feature,notice_or_disclosure_lagged,candidate_after_pit_contract,lagged_momentum|mean_reversion|gap|volatility|rank_xsection,low,use notice/disclosure date plus conservative next-trading-day lag,nonminute_pit_context_panel_then_integrated_factor_pack,eligible_for_bulk_transform_plan
cn_fundamental_akshare_batch_v1_20260531\aggregated_v1,cash_flow_sheet_report_em,TOTAL_INVEST_OUTFLOW_YOY,price_state,announcement_pit_feature,notice_or_disclosure_lagged,candidate_after_pit_contract,lagged_momentum|mean_reversion|gap|volatility|rank_xsection,low,use notice/disclosure date plus conservative next-trading-day lag,nonminute_pit_context_panel_then_integrated_factor_pack,eligible_for_bulk_transform_plan
cn_fundamental_akshare_batch_v1_20260531\aggregated_v1,cash_flow_sheet_report_em,TOTAL_OPERATE_INFLOW,price_state,announcement_pit_feature,notice_or_disclosure_lagged,candidate_after_pit_contract,lagged_momentum|mean_reversion|gap|volatility|rank_xsection,low,use notice/disclosure date plus conservative next-trading-day lag,nonminute_pit_context_panel_then_integrated_factor_pack,eligible_for_bulk_transform_plan
cn_fundamental_akshare_batch_v1_20260531\aggregated_v1,cash_flow_sheet_report_em,TOTAL_OPERATE_INFLOW_YOY,price_state,announcement_pit_feature,notice_or_disclosure_lagged,candidate_after_pit_contract,lagged_momentum|mean_reversion|gap|volatility|rank_xsection,low,use notice/disclosure date plus conservative next-trading-day lag,nonminute_pit_context_panel_then_integrated_factor_pack,eligible_for_bulk_transform_plan
cn_fundamental_akshare_batch_v1_20260531\aggregated_v1,cash_flow_sheet_report_em,TOTAL_OPERATE_OUTFLOW,price_state,announcement_pit_feature,notice_or_disclosure_lagged,candidate_after_pit_contract,lagged_momentum|mean_reversion|gap|volatility|rank_xsection,low,use notice/disclosure date plus conservative next-trading-day lag,nonminute_pit_context_panel_then_integrated_factor_pack,eligible_for_bulk_transform_plan
cn_fundamental_akshare_batch_v1_20260531\aggregated_v1,cash_flow_sheet_report_em,TOTAL_OPERATE_OUTFLOW_YOY,price_state,announcement_pit_feature,notice_or_disclosure_lagged,candidate_after_pit_contract,lagged_momentum|mean_reversion|gap|volatility|rank_xsection,low,use notice/disclosure date plus conservative next-trading-day lag,nonminute_pit_context_panel_then_integrated_factor_pack,eligible_for_bulk_transform_plan
cn_fundamental_akshare_batch_v1_20260531\aggregated_v1,cash_flow_sheet_report_em,TRADE_FINASSET_ADD,price_state,announcement_pit_feature,notice_or_disclosure_lagged,candidate_after_pit_contract,lagged_momentum|mean_reversion|gap|volatility|rank_xsection,low,use notice/disclosure date plus conservative next-trading-day lag,nonminute_pit_context_panel_then_integrated_factor_pack,eligible_for_bulk_transform_plan
cn_fundamental_akshare_batch_v1_20260531\aggregated_v1,cash_flow_sheet_report_em,TRADE_FINASSET_ADD_YOY,price_state,announcement_pit_feature,notice_or_disclosure_lagged,candidate_after_pit_contract,lagged_momentum|mean_reversion|gap|volatility|rank_xsection,low,use notice/disclosure date plus conservative next-trading-day lag,nonminute_pit_context_panel_then_integrated_factor_pack,eligible_for_bulk_transform_plan
cn_fundamental_akshare_batch_v1_20260531\aggregated_v1,cash_flow_sheet_report_em,TRADE_FINASSET_REDUCE,price_state,announcement_pit_feature,notice_or_disclosure_lagged,candidate_after_pit_contract,lagged_momentum|mean_reversion|gap|volatility|rank_xsection,low,use notice/disclosure date plus conservative next-trading-day lag,nonminute_pit_context_panel_then_integrated_factor_pack,eligible_for_bulk_transform_plan
cn_fundamental_akshare_batch_v1_20260531\aggregated_v1,cash_flow_sheet_report_em,TRADE_FINASSET_REDUCE_YOY,price_state,announcement_pit_feature,notice_or_disclosure_lagged,candidate_after_pit_contract,lagged_momentum|mean_reversion|gap|volatility|rank_xsection,low,use notice/disclosure date plus conservative next-trading-day lag,nonminute_pit_context_panel_then_integrated_factor_pack,eligible_for_bulk_transform_plan
cn_fundamental_akshare_batch_v1_20260531\aggregated_v1,cash_flow_sheet_report_em,TRADE_FINLIAB_ADD,price_state,announcement_pit_feature,notice_or_disclosure_lagged,candidate_after_pit_contract,lagged_momentum|mean_reversion|gap|volatility|rank_xsection,low,use notice/disclosure date plus conservative next-trading-day lag,nonminute_pit_context_panel_then_integrated_factor_pack,eligible_for_bulk_transform_plan
cn_fundamental_akshare_batch_v1_20260531\aggregated_v1,cash_flow_sheet_report_em,TRADE_FINLIAB_ADD_YOY,price_state,announcement_pit_feature,notice_or_disclosure_lagged,candidate_after_pit_contract,lagged_momentum|mean_reversion|gap|volatility|rank_xsection,low,use notice/disclosure date plus conservative next-trading-day lag,nonminute_pit_context_panel_then_integrated_factor_pack,eligible_for_bulk_transform_plan
cn_fundamental_akshare_batch_v1_20260531\aggregated_v1,cash_flow_sheet_report_em,TRADE_FINLIAB_REDUCE,price_state,announcement_pit_feature,notice_or_disclosure_lagged,candidate_after_pit_contract,lagged_momentum|mean_reversion|gap|volatility|rank_xsection,low,use notice/disclosure date plus conservative next-trading-day lag,nonminute_pit_context_panel_then_integrated_factor_pack,eligible_for_bulk_transform_plan
cn_fundamental_akshare_batch_v1_20260531\aggregated_v1,cash_flow_sheet_report_em,TRADE_FINLIAB_REDUCE_YOY,price_state,announcement_pit_feature,notice_or_disclosure_lagged,candidate_after_pit_contract,lagged_momentum|mean_reversion|gap|volatility|rank_xsection,low,use notice/disclosure date plus conservative next-trading-day lag,nonminute_pit_context_panel_then_integrated_factor_pack,eligible_for_bulk_transform_plan
cn_fundamental_akshare_batch_v1_20260531\aggregated_v1,cash_flow_sheet_report_em,TRADE_SETTLE_ADD,price_state,announcement_pit_feature,notice_or_disclosure_lagged,candidate_after_pit_contract,lagged_momentum|mean_reversion|gap|volatility|rank_xsection,low,use notice/disclosure date plus conservative next-trading-day lag,nonminute_pit_context_panel_then_integrated_factor_pack,eligible_for_bulk_transform_plan
cn_fundamental_akshare_batch_v1_20260531\aggregated_v1,cash_flow_sheet_report_em,TRADE_SETTLE_ADD_YOY,price_state,announcement_pit_feature,notice_or_disclosure_lagged,candidate_after_pit_contract,lagged_momentum|mean_reversion|gap|volatility|rank_xsection,low,use notice/disclosure date plus conservative next-trading-day lag,nonminute_pit_context_panel_then_integrated_factor_pack,eligible_for_bulk_transform_plan
cn_fundamental_akshare_batch_v1_20260531\aggregated_v1,cash_flow_sheet_report_em,TRADE_SETTLE_REDUCE,price_state,announcement_pit_feature,notice_or_disclosure_lagged,candidate_after_pit_contract,lagged_momentum|mean_reversion|gap|volatility|rank_xsection,low,use notice/disclosure date plus conservative next-trading-day lag,nonminute_pit_context_panel_then_integrated_factor_pack,eligible_for_bulk_transform_plan
cn_fundamental_akshare_batch_v1_20260531\aggregated_v1,cash_flow_sheet_report_em,TRADE_SETTLE_REDUCE_YOY,price_state,announcement_pit_feature,notice_or_disclosure_lagged,candidate_after_pit_contract,lagged_momentum|mean_reversion|gap|volatility|rank_xsection,low,use notice/disclosure date plus conservative next-trading-day lag,nonminute_pit_context_panel_then_integrated_factor_pack,eligible_for_bulk_transform_plan
cn_fundamental_akshare_batch_v1_20260531\aggregated_v1,cash_flow_sheet_report_em,TRANSFER_INVEST_IMPAIRMENT,price_state,announcement_pit_feature,notice_or_disclosure_lagged,candidate_after_pit_contract,lagged_momentum|mean_reversion|gap|volatility|rank_xsection,low,use notice/disclosure date plus conservative next-trading-day lag,nonminute_pit_context_panel_then_integrated_factor_pack,eligible_for_bulk_transform_plan
cn_fundamental_akshare_batch_v1_20260531\aggregated_v1,cash_flow_sheet_report_em,TRANSFER_INVEST_IMPAIRMENT_YOY,price_state,announcement_pit_feature,notice_or_disclosure_lagged,candidate_after_pit_contract,lagged_momentum|mean_reversion|gap|volatility|rank_xsection,low,use notice/disclosure date plus conservative next-trading-day lag,nonminute_pit_context_panel_then_integrated_factor_pack,eligible_for_bulk_transform_plan
cn_fundamental_akshare_batch_v1_20260531\aggregated_v1,cash_flow_sheet_report_em,UNDERWRITE_SECURITY,price_state,announcement_pit_feature,notice_or_disclosure_lagged,candidate_after_pit_contract,lagged_momentum|mean_reversion|gap|volatility|rank_xsection,low,use notice/disclosure date plus conservative next-trading-day lag,nonminute_pit_context_panel_then_integrated_factor_pack,eligible_for_bulk_transform_plan
cn_fundamental_akshare_batch_v1_20260531\aggregated_v1,cash_flow_sheet_report_em,UNDERWRITE_SECURITY_YOY,price_state,announcement_pit_feature,notice_or_disclosure_lagged,candidate_after_pit_contract,lagged_momentum|mean_reversion|gap|volatility|rank_xsection,low,use notice/disclosure date plus conservative next-trading-day lag,nonminute_pit_context_panel_then_integrated_factor_pack,eligible_for_bulk_transform_plan
cn_fundamental_akshare_batch_v1_20260531\aggregated_v1,cash_flow_sheet_report_em,UNINVOLVE_INVESTFIN_OTHER,flow_liquidity,announcement_pit_feature,notice_or_disclosure_lagged,candidate_after_pit_contract,lagged_level|delta_3_5_10|zscore_20|rank_xsection|amount_to_float_mcap|turnover_bucket,high,use notice/disclosure date plus conservative next-trading-day lag,nonminute_pit_context_panel_then_integrated_factor_pack,add explicit liquidity/volume factor templates and source attribution
cn_fundamental_akshare_batch_v1_20260531\aggregated_v1,cash_flow_sheet_report_em,UNINVOLVE_INVESTFIN_OTHER_YOY,flow_liquidity,announcement_pit_feature,notice_or_disclosure_lagged,candidate_after_pit_contract,lagged_level|delta_3_5_10|zscore_20|rank_xsection|amount_to_float_mcap|turnover_bucket,high,use notice/disclosure date plus conservative next-trading-day lag,nonminute_pit_context_panel_then_integrated_factor_pack,add explicit liquidity/volume factor templates and source attribution
cn_fundamental_akshare_batch_v1_20260531\aggregated_v1,cash_flow_sheet_report_em,USERIGHT_ASSET_AMORTIZE,price_state,announcement_pit_feature,notice_or_disclosure_lagged,candidate_after_pit_contract,lagged_momentum|mean_reversion|gap|volatility|rank_xsection,low,use notice/disclosure date plus conservative next-trading-day lag,nonminute_pit_context_panel_then_integrated_factor_pack,eligible_for_bulk_transform_plan
cn_fundamental_akshare_batch_v1_20260531\aggregated_v1,cash_flow_sheet_report_em,USERIGHT_ASSET_AMORTIZE_YOY,price_state,announcement_pit_feature,notice_or_disclosure_lagged,candidate_after_pit_contract,lagged_momentum|mean_reversion|gap|volatility|rank_xsection,low,use notice/disclosure date plus conservative next-trading-day lag,nonminute_pit_context_panel_then_integrated_factor_pack,eligible_for_bulk_transform_plan
cn_fundamental_akshare_batch_v1_20260531\aggregated_v1,cash_flow_sheet_report_em,WITHDRAW_INVEST,price_state,announcement_pit_feature,notice_or_disclosure_lagged,candidate_after_pit_contract,lagged_momentum|mean_reversion|gap|volatility|rank_xsection,low,use notice/disclosure date plus conservative next-trading-day lag,nonminute_pit_context_panel_then_integrated_factor_pack,eligible_for_bulk_transform_plan
cn_fundamental_akshare_batch_v1_20260531\aggregated_v1,cash_flow_sheet_report_em,WITHDRAW_INVEST_YOY,price_state,announcement_pit_feature,notice_or_disclosure_lagged,candidate_after_pit_contract,lagged_momentum|mean_reversion|gap|volatility|rank_xsection,low,use notice/disclosure date plus conservative next-trading-day lag,nonminute_pit_context_panel_then_integrated_factor_pack,eligible_for_bulk_transform_plan
cn_fundamental_akshare_batch_v1_20260531\aggregated_v1,cash_flow_sheet_report_em,WITHDRAW_WRITEOFF_LOAN,price_state,announcement_pit_feature,notice_or_disclosure_lagged,candidate_after_pit_contract,lagged_momentum|mean_reversion|gap|volatility|rank_xsection,low,use notice/disclosure date plus conservative next-trading-day lag,nonminute_pit_context_panel_then_integrated_factor_pack,eligible_for_bulk_transform_plan
cn_fundamental_akshare_batch_v1_20260531\aggregated_v1,cash_flow_sheet_report_em,WITHDRAW_WRITEOFF_LOAN_YOY,price_state,announcement_pit_feature,notice_or_disclosure_lagged,candidate_after_pit_contract,lagged_momentum|mean_reversion|gap|volatility|rank_xsection,low,use notice/disclosure date plus conservative next-trading-day lag,nonminute_pit_context_panel_then_integrated_factor_pack,eligible_for_bulk_transform_plan
cn_fundamental_akshare_batch_v1_20260531\aggregated_v1,circulate_stock_holder_sina,公告日期,holder_corporate_action,announcement_pit_feature,notice_or_disclosure_lagged,candidate_after_pit_contract,announcement_lagged_latest|holder_change|holder_ratio|event_age|rank_xsection,medium,use notice/disclosure date plus conservative next-trading-day lag,nonminute_pit_context_panel_then_integrated_factor_pack,eligible_for_bulk_transform_plan
cn_fundamental_akshare_batch_v1_20260531\aggregated_v1,circulate_stock_holder_sina,占流通股比例,holder_corporate_action,announcement_pit_feature,notice_or_disclosure_lagged,candidate_after_pit_contract,announcement_lagged_latest|holder_change|holder_ratio|event_age|rank_xsection,medium,use notice/disclosure date plus conservative next-trading-day lag,nonminute_pit_context_panel_then_integrated_factor_pack,eligible_for_bulk_transform_plan
cn_fundamental_akshare_batch_v1_20260531\aggregated_v1,circulate_stock_holder_sina,截止日期,holder_corporate_action,announcement_pit_feature,notice_or_disclosure_lagged,candidate_after_pit_contract,announcement_lagged_latest|holder_change|holder_ratio|event_age|rank_xsection,medium,use notice/disclosure date plus conservative next-trading-day lag,nonminute_pit_context_panel_then_integrated_factor_pack,eligible_for_bulk_transform_plan
cn_fundamental_akshare_batch_v1_20260531\aggregated_v1,circulate_stock_holder_sina,持股数量,holder_corporate_action,announcement_pit_feature,notice_or_disclosure_lagged,candidate_after_pit_contract,announcement_lagged_latest|holder_change|holder_ratio|event_age|rank_xsection,medium,use notice/disclosure date plus conservative next-trading-day lag,nonminute_pit_context_panel_then_integrated_factor_pack,eligible_for_bulk_transform_plan
cn_fundamental_akshare_batch_v1_20260531\aggregated_v1,circulate_stock_holder_sina,编号,holder_corporate_action,announcement_pit_feature,notice_or_disclosure_lagged,candidate_after_pit_contract,announcement_lagged_latest|holder_change|holder_ratio|event_age|rank_xsection,medium,use notice/disclosure date plus conservative next-trading-day lag,nonminute_pit_context_panel_then_integrated_factor_pack,eligible_for_bulk_transform_plan
cn_fundamental_akshare_batch_v1_20260531\aggregated_v1,circulate_stock_holder_sina,股东名称,holder_corporate_action,announcement_pit_feature,notice_or_disclosure_lagged,candidate_after_pit_contract,announcement_lagged_latest|holder_change|holder_ratio|event_age|rank_xsection,medium,use notice/disclosure date plus conservative next-trading-day lag,nonminute_pit_context_panel_then_integrated_factor_pack,eligible_for_bulk_transform_plan
cn_fundamental_akshare_batch_v1_20260531\aggregated_v1,circulate_stock_holder_sina,股本性质,holder_corporate_action,announcement_pit_feature,notice_or_disclosure_lagged,candidate_after_pit_contract,announcement_lagged_latest|holder_change|holder_ratio|event_age|rank_xsection,medium,use notice/disclosure date plus conservative next-trading-day lag,nonminute_pit_context_panel_then_integrated_factor_pack,eligible_for_bulk_transform_plan
cn_fundamental_akshare_batch_v1_20260531\aggregated_v1,dividend_cninfo,分红类型,holder_corporate_action,announcement_pit_feature,notice_or_disclosure_lagged,candidate_after_pit_contract,announcement_lagged_latest|holder_change|holder_ratio|event_age|rank_xsection,medium,use notice/disclosure date plus conservative next-trading-day lag,nonminute_pit_context_panel_then_integrated_factor_pack,eligible_for_bulk_transform_plan
cn_fundamental_akshare_batch_v1_20260531\aggregated_v1,dividend_cninfo,实施方案公告日期,holder_corporate_action,announcement_pit_feature,notice_or_disclosure_lagged,candidate_after_pit_contract,announcement_lagged_latest|holder_change|holder_ratio|event_age|rank_xsection,medium,use notice/disclosure date plus conservative next-trading-day lag,nonminute_pit_context_panel_then_integrated_factor_pack,eligible_for_bulk_transform_plan
cn_fundamental_akshare_batch_v1_20260531\aggregated_v1,dividend_cninfo,实施方案分红说明,holder_corporate_action,announcement_pit_feature,notice_or_disclosure_lagged,candidate_after_pit_contract,announcement_lagged_latest|holder_change|holder_ratio|event_age|rank_xsection,medium,use notice/disclosure date plus conservative next-trading-day lag,nonminute_pit_context_panel_then_integrated_factor_pack,eligible_for_bulk_transform_plan
cn_fundamental_akshare_batch_v1_20260531\aggregated_v1,dividend_cninfo,报告时间,holder_corporate_action,announcement_pit_feature,notice_or_disclosure_lagged,candidate_after_pit_contract,announcement_lagged_latest|holder_change|holder_ratio|event_age|rank_xsection,medium,use notice/disclosure date plus conservative next-trading-day lag,nonminute_pit_context_panel_then_integrated_factor_pack,eligible_for_bulk_transform_plan
cn_fundamental_akshare_batch_v1_20260531\aggregated_v1,dividend_cninfo,派息日,holder_corporate_action,announcement_pit_feature,notice_or_disclosure_lagged,candidate_after_pit_contract,announcement_lagged_latest|holder_change|holder_ratio|event_age|rank_xsection,medium,use notice/disclosure date plus conservative next-trading-day lag,nonminute_pit_context_panel_then_integrated_factor_pack,eligible_for_bulk_transform_plan
cn_fundamental_akshare_batch_v1_20260531\aggregated_v1,dividend_cninfo,派息比例,holder_corporate_action,announcement_pit_feature,notice_or_disclosure_lagged,candidate_after_pit_contract,announcement_lagged_latest|holder_change|holder_ratio|event_age|rank_xsection,medium,use notice/disclosure date plus conservative next-trading-day lag,nonminute_pit_context_panel_then_integrated_factor_pack,eligible_for_bulk_transform_plan
cn_fundamental_akshare_batch_v1_20260531\aggregated_v1,dividend_cninfo,股份到账日,holder_corporate_action,announcement_pit_feature,notice_or_disclosure_lagged,candidate_after_pit_contract,announcement_lagged_latest|holder_change|holder_ratio|event_age|rank_xsection,medium,use notice/disclosure date plus conservative next-trading-day lag,nonminute_pit_context_panel_then_integrated_factor_pack,eligible_for_bulk_transform_plan
cn_fundamental_akshare_batch_v1_20260531\aggregated_v1,dividend_cninfo,股权登记日,holder_corporate_action,announcement_pit_feature,notice_or_disclosure_lagged,candidate_after_pit_contract,announcement_lagged_latest|holder_change|holder_ratio|event_age|rank_xsection,medium,use notice/disclosure date plus conservative next-trading-day lag,nonminute_pit_context_panel_then_integrated_factor_pack,eligible_for_bulk_transform_plan
cn_fundamental_akshare_batch_v1_20260531\aggregated_v1,dividend_cninfo,转增比例,holder_corporate_action,announcement_pit_feature,notice_or_disclosure_lagged,candidate_after_pit_contract,announcement_lagged_latest|holder_change|holder_ratio|event_age|rank_xsection,medium,use notice/disclosure date plus conservative next-trading-day lag,nonminute_pit_context_panel_then_integrated_factor_pack,eligible_for_bulk_transform_plan
cn_fundamental_akshare_batch_v1_20260531\aggregated_v1,dividend_cninfo,送股比例,holder_corporate_action,announcement_pit_feature,notice_or_disclosure_lagged,candidate_after_pit_contract,announcement_lagged_latest|holder_change|holder_ratio|event_age|rank_xsection,medium,use notice/disclosure date plus conservative next-trading-day lag,nonminute_pit_context_panel_then_integrated_factor_pack,eligible_for_bulk_transform_plan
cn_fundamental_akshare_batch_v1_20260531\aggregated_v1,dividend_cninfo,除权日,holder_corporate_action,announcement_pit_feature,notice_or_disclosure_lagged,candidate_after_pit_contract,announcement_lagged_latest|holder_change|holder_ratio|event_age|rank_xsection,medium,use notice/disclosure date plus conservative next-trading-day lag,nonminute_pit_context_panel_then_integrated_factor_pack,eligible_for_bulk_transform_plan
cn_fundamental_akshare_batch_v1_20260531\aggregated_v1,financial_analysis_indicator_sina,1-2年以内其它应收款(元),other,announcement_pit_feature,notice_or_disclosure_lagged,candidate_after_pit_contract,lagged_level|rank_xsection|zscore,low,use notice/disclosure date plus conservative next-trading-day lag,nonminute_pit_context_panel_then_integrated_factor_pack,eligible_for_bulk_transform_plan
cn_fundamental_akshare_batch_v1_20260531\aggregated_v1,financial_analysis_indicator_sina,1-2年以内应收帐款(元),other,announcement_pit_feature,notice_or_disclosure_lagged,candidate_after_pit_contract,lagged_level|rank_xsection|zscore,low,use notice/disclosure date plus conservative next-trading-day lag,nonminute_pit_context_panel_then_integrated_factor_pack,eligible_for_bulk_transform_plan
cn_fundamental_akshare_batch_v1_20260531\aggregated_v1,financial_analysis_indicator_sina,1-2年以内预付货款(元),other,announcement_pit_feature,notice_or_disclosure_lagged,candidate_after_pit_contract,lagged_level|rank_xsection|zscore,low,use notice/disclosure date plus conservative next-trading-day lag,nonminute_pit_context_panel_then_integrated_factor_pack,eligible_for_bulk_transform_plan
cn_fundamental_akshare_batch_v1_20260531\aggregated_v1,financial_analysis_indicator_sina,1年以内其它应收款(元),other,announcement_pit_feature,notice_or_disclosure_lagged,candidate_after_pit_contract,lagged_level|rank_xsection|zscore,low,use notice/disclosure date plus conservative next-trading-day lag,nonminute_pit_context_panel_then_integrated_factor_pack,eligible_for_bulk_transform_plan
cn_fundamental_akshare_batch_v1_20260531\aggregated_v1,financial_analysis_indicator_sina,1年以内应收帐款(元),other,announcement_pit_feature,notice_or_disclosure_lagged,candidate_after_pit_contract,lagged_level|rank_xsection|zscore,low,use notice/disclosure date plus conservative next-trading-day lag,nonminute_pit_context_panel_then_integrated_factor_pack,eligible_for_bulk_transform_plan
cn_fundamental_akshare_batch_v1_20260531\aggregated_v1,financial_analysis_indicator_sina,1年以内预付货款(元),other,announcement_pit_feature,notice_or_disclosure_lagged,candidate_after_pit_contract,lagged_level|rank_xsection|zscore,low,use notice/disclosure date plus conservative next-trading-day lag,nonminute_pit_context_panel_then_integrated_factor_pack,eligible_for_bulk_transform_plan
cn_fundamental_akshare_batch_v1_20260531\aggregated_v1,financial_analysis_indicator_sina,2-3年以内其它应收款(元),other,announcement_pit_feature,notice_or_disclosure_lagged,candidate_after_pit_contract,lagged_level|rank_xsection|zscore,low,use notice/disclosure date plus conservative next-trading-day lag,nonminute_pit_context_panel_then_integrated_factor_pack,eligible_for_bulk_transform_plan
cn_fundamental_akshare_batch_v1_20260531\aggregated_v1,financial_analysis_indicator_sina,2-3年以内应收帐款(元),other,announcement_pit_feature,notice_or_disclosure_lagged,candidate_after_pit_contract,lagged_level|rank_xsection|zscore,low,use notice/disclosure date plus conservative next-trading-day lag,nonminute_pit_context_panel_then_integrated_factor_pack,eligible_for_bulk_transform_plan
cn_fundamental_akshare_batch_v1_20260531\aggregated_v1,financial_analysis_indicator_sina,2-3年以内预付货款(元),other,announcement_pit_feature,notice_or_disclosure_lagged,candidate_after_pit_contract,lagged_level|rank_xsection|zscore,low,use notice/disclosure date plus conservative next-trading-day lag,nonminute_pit_context_panel_then_integrated_factor_pack,eligible_for_bulk_transform_plan
cn_fundamental_akshare_batch_v1_20260531\aggregated_v1,financial_analysis_indicator_sina,3年以内其它应收款(元),other,announcement_pit_feature,notice_or_disclosure_lagged,candidate_after_pit_contract,lagged_level|rank_xsection|zscore,low,use notice/disclosure date plus conservative next-trading-day lag,nonminute_pit_context_panel_then_integrated_factor_pack,eligible_for_bulk_transform_plan
cn_fundamental_akshare_batch_v1_20260531\aggregated_v1,financial_analysis_indicator_sina,3年以内应收帐款(元),other,announcement_pit_feature,notice_or_disclosure_lagged,candidate_after_pit_contract,lagged_level|rank_xsection|zscore,low,use notice/disclosure date plus conservative next-trading-day lag,nonminute_pit_context_panel_then_integrated_factor_pack,eligible_for_bulk_transform_plan
cn_fundamental_akshare_batch_v1_20260531\aggregated_v1,financial_analysis_indicator_sina,3年以内预付货款(元),other,announcement_pit_feature,notice_or_disclosure_lagged,candidate_after_pit_contract,lagged_level|rank_xsection|zscore,low,use notice/disclosure date plus conservative next-trading-day lag,nonminute_pit_context_panel_then_integrated_factor_pack,eligible_for_bulk_transform_plan
cn_fundamental_akshare_batch_v1_20260531\aggregated_v1,financial_analysis_indicator_sina,三项费用比重,other,announcement_pit_feature,notice_or_disclosure_lagged,candidate_after_pit_contract,lagged_level|rank_xsection|zscore,low,use notice/disclosure date plus conservative next-trading-day lag,nonminute_pit_context_panel_then_integrated_factor_pack,eligible_for_bulk_transform_plan
cn_fundamental_akshare_batch_v1_20260531\aggregated_v1,financial_analysis_indicator_sina,主营业务利润(元),other,announcement_pit_feature,notice_or_disclosure_lagged,candidate_after_pit_contract,lagged_level|rank_xsection|zscore,low,use notice/disclosure date plus conservative next-trading-day lag,nonminute_pit_context_panel_then_integrated_factor_pack,eligible_for_bulk_transform_plan
cn_fundamental_akshare_batch_v1_20260531\aggregated_v1,financial_analysis_indicator_sina,主营业务利润率(%),other,announcement_pit_feature,notice_or_disclosure_lagged,candidate_after_pit_contract,lagged_level|rank_xsection|zscore,low,use notice/disclosure date plus conservative next-trading-day lag,nonminute_pit_context_panel_then_integrated_factor_pack,eligible_for_bulk_transform_plan
cn_fundamental_akshare_batch_v1_20260531\aggregated_v1,financial_analysis_indicator_sina,主营业务成本率(%),other,announcement_pit_feature,notice_or_disclosure_lagged,candidate_after_pit_contract,lagged_level|rank_xsection|zscore,low,use notice/disclosure date plus conservative next-trading-day lag,nonminute_pit_context_panel_then_integrated_factor_pack,eligible_for_bulk_transform_plan
cn_fundamental_akshare_batch_v1_20260531\aggregated_v1,financial_analysis_indicator_sina,主营业务收入增长率(%),other,announcement_pit_feature,notice_or_disclosure_lagged,candidate_after_pit_contract,lagged_level|rank_xsection|zscore,low,use notice/disclosure date plus conservative next-trading-day lag,nonminute_pit_context_panel_then_integrated_factor_pack,eligible_for_bulk_transform_plan
cn_fundamental_akshare_batch_v1_20260531\aggregated_v1,financial_analysis_indicator_sina,主营利润比重,other,announcement_pit_feature,notice_or_disclosure_lagged,candidate_after_pit_contract,lagged_level|rank_xsection|zscore,low,use notice/disclosure date plus conservative next-trading-day lag,nonminute_pit_context_panel_then_integrated_factor_pack,eligible_for_bulk_transform_plan
cn_fundamental_akshare_batch_v1_20260531\aggregated_v1,financial_analysis_indicator_sina,产权比率(%),other,announcement_pit_feature,notice_or_disclosure_lagged,candidate_after_pit_contract,lagged_level|rank_xsection|zscore,low,use notice/disclosure date plus conservative next-trading-day lag,nonminute_pit_context_panel_then_integrated_factor_pack,eligible_for_bulk_transform_plan
cn_fundamental_akshare_batch_v1_20260531\aggregated_v1,financial_analysis_indicator_sina,净利润增长率(%),other,announcement_pit_feature,notice_or_disclosure_lagged,candidate_after_pit_contract,lagged_level|rank_xsection|zscore,low,use notice/disclosure date plus conservative next-trading-day lag,nonminute_pit_context_panel_then_integrated_factor_pack,eligible_for_bulk_transform_plan
cn_fundamental_akshare_batch_v1_20260531\aggregated_v1,financial_analysis_indicator_sina,净资产增长率(%),other,announcement_pit_feature,notice_or_disclosure_lagged,candidate_after_pit_contract,lagged_level|rank_xsection|zscore,low,use notice/disclosure date plus conservative next-trading-day lag,nonminute_pit_context_panel_then_integrated_factor_pack,eligible_for_bulk_transform_plan
cn_fundamental_akshare_batch_v1_20260531\aggregated_v1,financial_analysis_indicator_sina,净资产报酬率(%),other,announcement_pit_feature,notice_or_disclosure_lagged,candidate_after_pit_contract,lagged_level|rank_xsection|zscore,low,use notice/disclosure date plus conservative next-trading-day lag,nonminute_pit_context_panel_then_integrated_factor_pack,eligible_for_bulk_transform_plan
cn_fundamental_akshare_batch_v1_20260531\aggregated_v1,financial_analysis_indicator_sina,净资产收益率(%),other,announcement_pit_feature,notice_or_disclosure_lagged,candidate_after_pit_contract,lagged_level|rank_xsection|zscore,low,use notice/disclosure date plus conservative next-trading-day lag,nonminute_pit_context_panel_then_integrated_factor_pack,eligible_for_bulk_transform_plan
cn_fundamental_akshare_batch_v1_20260531\aggregated_v1,financial_analysis_indicator_sina,利息支付倍数,other,announcement_pit_feature,notice_or_disclosure_lagged,candidate_after_pit_contract,lagged_level|rank_xsection|zscore,low,use notice/disclosure date plus conservative next-trading-day lag,nonminute_pit_context_panel_then_integrated_factor_pack,eligible_for_bulk_transform_plan
cn_fundamental_akshare_batch_v1_20260531\aggregated_v1,financial_analysis_indicator_sina,加权净资产收益率(%),other,announcement_pit_feature,notice_or_disclosure_lagged,candidate_after_pit_contract,lagged_level|rank_xsection|zscore,low,use notice/disclosure date plus conservative next-trading-day lag,nonminute_pit_context_panel_then_integrated_factor_pack,eligible_for_bulk_transform_plan
cn_fundamental_akshare_batch_v1_20260531\aggregated_v1,financial_analysis_indicator_sina,加权每股收益(元),other,announcement_pit_feature,notice_or_disclosure_lagged,candidate_after_pit_contract,lagged_level|rank_xsection|zscore,low,use notice/disclosure date plus conservative next-trading-day lag,nonminute_pit_context_panel_then_integrated_factor_pack,eligible_for_bulk_transform_plan
cn_fundamental_akshare_batch_v1_20260531\aggregated_v1,financial_analysis_indicator_sina,固定资产净值率(%),other,announcement_pit_feature,notice_or_disclosure_lagged,candidate_after_pit_contract,lagged_level|rank_xsection|zscore,low,use notice/disclosure date plus conservative next-trading-day lag,nonminute_pit_context_panel_then_integrated_factor_pack,eligible_for_bulk_transform_plan
cn_fundamental_akshare_batch_v1_20260531\aggregated_v1,financial_analysis_indicator_sina,固定资产周转率(次),other,announcement_pit_feature,notice_or_disclosure_lagged,candidate_after_pit_contract,lagged_level|rank_xsection|zscore,low,use notice/disclosure date plus conservative next-trading-day lag,nonminute_pit_context_panel_then_integrated_factor_pack,eligible_for_bulk_transform_plan
cn_fundamental_akshare_batch_v1_20260531\aggregated_v1,financial_analysis_indicator_sina,固定资产比重(%),other,announcement_pit_feature,notice_or_disclosure_lagged,candidate_after_pit_contract,lagged_level|rank_xsection|zscore,low,use notice/disclosure date plus conservative next-trading-day lag,nonminute_pit_context_panel_then_integrated_factor_pack,eligible_for_bulk_transform_plan
cn_fundamental_akshare_batch_v1_20260531\aggregated_v1,financial_analysis_indicator_sina,存货周转天数(天),other,announcement_pit_feature,notice_or_disclosure_lagged,candidate_after_pit_contract,lagged_level|rank_xsection|zscore,low,use notice/disclosure date plus conservative next-trading-day lag,nonminute_pit_context_panel_then_integrated_factor_pack,eligible_for_bulk_transform_plan
cn_fundamental_akshare_batch_v1_20260531\aggregated_v1,financial_analysis_indicator_sina,存货周转率(次),other,announcement_pit_feature,notice_or_disclosure_lagged,candidate_after_pit_contract,lagged_level|rank_xsection|zscore,low,use notice/disclosure date plus conservative next-trading-day lag,nonminute_pit_context_panel_then_integrated_factor_pack,eligible_for_bulk_transform_plan
cn_fundamental_akshare_batch_v1_20260531\aggregated_v1,financial_analysis_indicator_sina,应收账款周转天数(天),other,announcement_pit_feature,notice_or_disclosure_lagged,candidate_after_pit_contract,lagged_level|rank_xsection|zscore,low,use notice/disclosure date plus conservative next-trading-day lag,nonminute_pit_context_panel_then_integrated_factor_pack,eligible_for_bulk_transform_plan
cn_fundamental_akshare_batch_v1_20260531\aggregated_v1,financial_analysis_indicator_sina,应收账款周转率(次),other,announcement_pit_feature,notice_or_disclosure_lagged,candidate_after_pit_contract,lagged_level|rank_xsection|zscore,low,use notice/disclosure date plus conservative next-trading-day lag,nonminute_pit_context_panel_then_integrated_factor_pack,eligible_for_bulk_transform_plan
cn_fundamental_akshare_batch_v1_20260531\aggregated_v1,financial_analysis_indicator_sina,总资产(元),other,announcement_pit_feature,notice_or_disclosure_lagged,candidate_after_pit_contract,lagged_level|rank_xsection|zscore,low,use notice/disclosure date plus conservative next-trading-day lag,nonminute_pit_context_panel_then_integrated_factor_pack,eligible_for_bulk_transform_plan
cn_fundamental_akshare_batch_v1_20260531\aggregated_v1,financial_analysis_indicator_sina,总资产净利润率(%),other,announcement_pit_feature,notice_or_disclosure_lagged,candidate_after_pit_contract,lagged_level|rank_xsection|zscore,low,use notice/disclosure date plus conservative next-trading-day lag,nonminute_pit_context_panel_then_integrated_factor_pack,eligible_for_bulk_transform_plan
cn_fundamental_akshare_batch_v1_20260531\aggregated_v1,financial_analysis_indicator_sina,总资产利润率(%),other,announcement_pit_feature,notice_or_disclosure_lagged,candidate_after_pit_contract,lagged_level|rank_xsection|zscore,low,use notice/disclosure date plus conservative next-trading-day lag,nonminute_pit_context_panel_then_integrated_factor_pack,eligible_for_bulk_transform_plan
cn_fundamental_akshare_batch_v1_20260531\aggregated_v1,financial_analysis_indicator_sina,总资产周转天数(天),other,announcement_pit_feature,notice_or_disclosure_lagged,candidate_after_pit_contract,lagged_level|rank_xsection|zscore,low,use notice/disclosure date plus conservative next-trading-day lag,nonminute_pit_context_panel_then_integrated_factor_pack,eligible_for_bulk_transform_plan
cn_fundamental_akshare_batch_v1_20260531\aggregated_v1,financial_analysis_indicator_sina,总资产周转率(次),other,announcement_pit_feature,notice_or_disclosure_lagged,candidate_after_pit_contract,lagged_level|rank_xsection|zscore,low,use notice/disclosure date plus conservative next-trading-day lag,nonminute_pit_context_panel_then_integrated_factor_pack,eligible_for_bulk_transform_plan
cn_fundamental_akshare_batch_v1_20260531\aggregated_v1,financial_analysis_indicator_sina,总资产增长率(%),other,announcement_pit_feature,notice_or_disclosure_lagged,candidate_after_pit_contract,lagged_level|rank_xsection|zscore,low,use notice/disclosure date plus conservative next-trading-day lag,nonminute_pit_context_panel_then_integrated_factor_pack,eligible_for_bulk_transform_plan
cn_fundamental_akshare_batch_v1_20260531\aggregated_v1,financial_analysis_indicator_sina,成本费用利润率(%),other,announcement_pit_feature,notice_or_disclosure_lagged,candidate_after_pit_contract,lagged_level|rank_xsection|zscore,low,use notice/disclosure date plus conservative next-trading-day lag,nonminute_pit_context_panel_then_integrated_factor_pack,eligible_for_bulk_transform_plan
cn_fundamental_akshare_batch_v1_20260531\aggregated_v1,financial_analysis_indicator_sina,扣除非经常性损益后的净利润(元),other,announcement_pit_feature,notice_or_disclosure_lagged,candidate_after_pit_contract,lagged_level|rank_xsection|zscore,low,use notice/disclosure date plus conservative next-trading-day lag,nonminute_pit_context_panel_then_integrated_factor_pack,eligible_for_bulk_transform_plan
cn_fundamental_akshare_batch_v1_20260531\aggregated_v1,financial_analysis_indicator_sina,扣除非经常性损益后的每股收益(元),other,announcement_pit_feature,notice_or_disclosure_lagged,candidate_after_pit_contract,lagged_level|rank_xsection|zscore,low,use notice/disclosure date plus conservative next-trading-day lag,nonminute_pit_context_panel_then_integrated_factor_pack,eligible_for_bulk_transform_plan
cn_fundamental_akshare_batch_v1_20260531\aggregated_v1,financial_analysis_indicator_sina,投资收益率(%),other,announcement_pit_feature,notice_or_disclosure_lagged,candidate_after_pit_contract,lagged_level|rank_xsection|zscore,low,use notice/disclosure date plus conservative next-trading-day lag,nonminute_pit_context_panel_then_integrated_factor_pack,eligible_for_bulk_transform_plan
cn_fundamental_akshare_batch_v1_20260531\aggregated_v1,financial_analysis_indicator_sina,摊薄每股收益(元),other,announcement_pit_feature,notice_or_disclosure_lagged,candidate_after_pit_contract,lagged_level|rank_xsection|zscore,low,use notice/disclosure date plus conservative next-trading-day lag,nonminute_pit_context_panel_then_integrated_factor_pack,eligible_for_bulk_transform_plan
cn_fundamental_akshare_batch_v1_20260531\aggregated_v1,financial_analysis_indicator_sina,日期,other,announcement_pit_feature,notice_or_disclosure_lagged,candidate_after_pit_contract,lagged_level|rank_xsection|zscore,low,use notice/disclosure date plus conservative next-trading-day lag,nonminute_pit_context_panel_then_integrated_factor_pack,eligible_for_bulk_transform_plan
cn_fundamental_akshare_batch_v1_20260531\aggregated_v1,financial_analysis_indicator_sina,每股净资产_调整前(元),other,announcement_pit_feature,notice_or_disclosure_lagged,candidate_after_pit_contract,lagged_level|rank_xsection|zscore,low,use notice/disclosure date plus conservative next-trading-day lag,nonminute_pit_context_panel_then_integrated_factor_pack,eligible_for_bulk_transform_plan
cn_fundamental_akshare_batch_v1_20260531\aggregated_v1,financial_analysis_indicator_sina,每股净资产_调整后(元),other,announcement_pit_feature,notice_or_disclosure_lagged,candidate_after_pit_contract,lagged_level|rank_xsection|zscore,low,use notice/disclosure date plus conservative next-trading-day lag,nonminute_pit_context_panel_then_integrated_factor_pack,eligible_for_bulk_transform_plan
cn_fundamental_akshare_batch_v1_20260531\aggregated_v1,financial_analysis_indicator_sina,每股收益_调整后(元),other,announcement_pit_feature,notice_or_disclosure_lagged,candidate_after_pit_contract,lagged_level|rank_xsection|zscore,low,use notice/disclosure date plus conservative next-trading-day lag,nonminute_pit_context_panel_then_integrated_factor_pack,eligible_for_bulk_transform_plan
cn_fundamental_akshare_batch_v1_20260531\aggregated_v1,financial_analysis_indicator_sina,每股未分配利润(元),other,announcement_pit_feature,notice_or_disclosure_lagged,candidate_after_pit_contract,lagged_level|rank_xsection|zscore,low,use notice/disclosure date plus conservative next-trading-day lag,nonminute_pit_context_panel_then_integrated_factor_pack,eligible_for_bulk_transform_plan
cn_fundamental_akshare_batch_v1_20260531\aggregated_v1,financial_analysis_indicator_sina,每股经营性现金流(元),other,announcement_pit_feature,notice_or_disclosure_lagged,candidate_after_pit_contract,lagged_level|rank_xsection|zscore,low,use notice/disclosure date plus conservative next-trading-day lag,nonminute_pit_context_panel_then_integrated_factor_pack,eligible_for_bulk_transform_plan
cn_fundamental_akshare_batch_v1_20260531\aggregated_v1,financial_analysis_indicator_sina,每股资本公积金(元),other,announcement_pit_feature,notice_or_disclosure_lagged,candidate_after_pit_contract,lagged_level|rank_xsection|zscore,low,use notice/disclosure date plus conservative next-trading-day lag,nonminute_pit_context_panel_then_integrated_factor_pack,eligible_for_bulk_transform_plan
cn_fundamental_akshare_batch_v1_20260531\aggregated_v1,financial_analysis_indicator_sina,流动比率,other,announcement_pit_feature,notice_or_disclosure_lagged,candidate_after_pit_contract,lagged_level|rank_xsection|zscore,low,use notice/disclosure date plus conservative next-trading-day lag,nonminute_pit_context_panel_then_integrated_factor_pack,eligible_for_bulk_transform_plan
cn_fundamental_akshare_batch_v1_20260531\aggregated_v1,financial_analysis_indicator_sina,流动资产周转天数(天),other,announcement_pit_feature,notice_or_disclosure_lagged,candidate_after_pit_contract,lagged_level|rank_xsection|zscore,low,use notice/disclosure date plus conservative next-trading-day lag,nonminute_pit_context_panel_then_integrated_factor_pack,eligible_for_bulk_transform_plan
cn_fundamental_akshare_batch_v1_20260531\aggregated_v1,financial_analysis_indicator_sina,流动资产周转率(次),other,announcement_pit_feature,notice_or_disclosure_lagged,candidate_after_pit_contract,lagged_level|rank_xsection|zscore,low,use notice/disclosure date plus conservative next-trading-day lag,nonminute_pit_context_panel_then_integrated_factor_pack,eligible_for_bulk_transform_plan
cn_fundamental_akshare_batch_v1_20260531\aggregated_v1,financial_analysis_indicator_sina,清算价值比率(%),other,announcement_pit_feature,notice_or_disclosure_lagged,candidate_after_pit_contract,lagged_level|rank_xsection|zscore,low,use notice/disclosure date plus conservative next-trading-day lag,nonminute_pit_context_panel_then_integrated_factor_pack,eligible_for_bulk_transform_plan
cn_fundamental_akshare_batch_v1_20260531\aggregated_v1,financial_analysis_indicator_sina,现金比率(%),other,announcement_pit_feature,notice_or_disclosure_lagged,candidate_after_pit_contract,lagged_level|rank_xsection|zscore,low,use notice/disclosure date plus conservative next-trading-day lag,nonminute_pit_context_panel_then_integrated_factor_pack,eligible_for_bulk_transform_plan
cn_fundamental_akshare_batch_v1_20260531\aggregated_v1,financial_analysis_indicator_sina,现金流量比率(%),other,announcement_pit_feature,notice_or_disclosure_lagged,candidate_after_pit_contract,lagged_level|rank_xsection|zscore,low,use notice/disclosure date plus conservative next-trading-day lag,nonminute_pit_context_panel_then_integrated_factor_pack,eligible_for_bulk_transform_plan
cn_fundamental_akshare_batch_v1_20260531\aggregated_v1,financial_analysis_indicator_sina,短期债券投资(元),other,announcement_pit_feature,notice_or_disclosure_lagged,candidate_after_pit_contract,lagged_level|rank_xsection|zscore,low,use notice/disclosure date plus conservative next-trading-day lag,nonminute_pit_context_panel_then_integrated_factor_pack,eligible_for_bulk_transform_plan
cn_fundamental_akshare_batch_v1_20260531\aggregated_v1,financial_analysis_indicator_sina,短期其它经营性投资(元),other,announcement_pit_feature,notice_or_disclosure_lagged,candidate_after_pit_contract,lagged_level|rank_xsection|zscore,low,use notice/disclosure date plus conservative next-trading-day lag,nonminute_pit_context_panel_then_integrated_factor_pack,eligible_for_bulk_transform_plan
cn_fundamental_akshare_batch_v1_20260531\aggregated_v1,financial_analysis_indicator_sina,短期股票投资(元),other,announcement_pit_feature,notice_or_disclosure_lagged,candidate_after_pit_contract,lagged_level|rank_xsection|zscore,low,use notice/disclosure date plus conservative next-trading-day lag,nonminute_pit_context_panel_then_integrated_factor_pack,eligible_for_bulk_transform_plan
cn_fundamental_akshare_batch_v1_20260531\aggregated_v1,financial_analysis_indicator_sina,经营现金净流量与净利润的比率(%),other,announcement_pit_feature,notice_or_disclosure_lagged,candidate_after_pit_contract,lagged_level|rank_xsection|zscore,low,use notice/disclosure date plus conservative next-trading-day lag,nonminute_pit_context_panel_then_integrated_factor_pack,eligible_for_bulk_transform_plan
cn_fundamental_akshare_batch_v1_20260531\aggregated_v1,financial_analysis_indicator_sina,经营现金净流量对负债比率(%),other,announcement_pit_feature,notice_or_disclosure_lagged,candidate_after_pit_contract,lagged_level|rank_xsection|zscore,low,use notice/disclosure date plus conservative next-trading-day lag,nonminute_pit_context_panel_then_integrated_factor_pack,eligible_for_bulk_transform_plan
cn_fundamental_akshare_batch_v1_20260531\aggregated_v1,financial_analysis_indicator_sina,经营现金净流量对销售收入比率(%),other,announcement_pit_feature,notice_or_disclosure_lagged,candidate_after_pit_contract,lagged_level|rank_xsection|zscore,low,use notice/disclosure date plus conservative next-trading-day lag,nonminute_pit_context_panel_then_integrated_factor_pack,eligible_for_bulk_transform_plan
cn_fundamental_akshare_batch_v1_20260531\aggregated_v1,financial_analysis_indicator_sina,股东权益与固定资产比率(%),other,announcement_pit_feature,notice_or_disclosure_lagged,candidate_after_pit_contract,lagged_level|rank_xsection|zscore,low,use notice/disclosure date plus conservative next-trading-day lag,nonminute_pit_context_panel_then_integrated_factor_pack,eligible_for_bulk_transform_plan
cn_fundamental_akshare_batch_v1_20260531\aggregated_v1,financial_analysis_indicator_sina,股东权益周转率(次),other,announcement_pit_feature,notice_or_disclosure_lagged,candidate_after_pit_contract,lagged_level|rank_xsection|zscore,low,use notice/disclosure date plus conservative next-trading-day lag,nonminute_pit_context_panel_then_integrated_factor_pack,eligible_for_bulk_transform_plan
cn_fundamental_akshare_batch_v1_20260531\aggregated_v1,financial_analysis_indicator_sina,股东权益比率(%),other,announcement_pit_feature,notice_or_disclosure_lagged,candidate_after_pit_contract,lagged_level|rank_xsection|zscore,low,use notice/disclosure date plus conservative next-trading-day lag,nonminute_pit_context_panel_then_integrated_factor_pack,eligible_for_bulk_transform_plan
cn_fundamental_akshare_batch_v1_20260531\aggregated_v1,financial_analysis_indicator_sina,股息发放率(%),other,announcement_pit_feature,notice_or_disclosure_lagged,candidate_after_pit_contract,lagged_level|rank_xsection|zscore,low,use notice/disclosure date plus conservative next-trading-day lag,nonminute_pit_context_panel_then_integrated_factor_pack,eligible_for_bulk_transform_plan
cn_fundamental_akshare_batch_v1_20260531\aggregated_v1,financial_analysis_indicator_sina,股本报酬率(%),other,announcement_pit_feature,notice_or_disclosure_lagged,candidate_after_pit_contract,lagged_level|rank_xsection|zscore,low,use notice/disclosure date plus conservative next-trading-day lag,nonminute_pit_context_panel_then_integrated_factor_pack,eligible_for_bulk_transform_plan
cn_fundamental_akshare_batch_v1_20260531\aggregated_v1,financial_analysis_indicator_sina,营业利润率(%),other,announcement_pit_feature,notice_or_disclosure_lagged,candidate_after_pit_contract,lagged_level|rank_xsection|zscore,low,use notice/disclosure date plus conservative next-trading-day lag,nonminute_pit_context_panel_then_integrated_factor_pack,eligible_for_bulk_transform_plan
cn_fundamental_akshare_batch_v1_20260531\aggregated_v1,financial_analysis_indicator_sina,调整后的每股净资产(元),other,announcement_pit_feature,notice_or_disclosure_lagged,candidate_after_pit_contract,lagged_level|rank_xsection|zscore,low,use notice/disclosure date plus conservative next-trading-day lag,nonminute_pit_context_panel_then_integrated_factor_pack,eligible_for_bulk_transform_plan
cn_fundamental_akshare_batch_v1_20260531\aggregated_v1,financial_analysis_indicator_sina,负债与所有者权益比率(%),other,announcement_pit_feature,notice_or_disclosure_lagged,candidate_after_pit_contract,lagged_level|rank_xsection|zscore,low,use notice/disclosure date plus conservative next-trading-day lag,nonminute_pit_context_panel_then_integrated_factor_pack,eligible_for_bulk_transform_plan
cn_fundamental_akshare_batch_v1_20260531\aggregated_v1,financial_analysis_indicator_sina,资产报酬率(%),other,announcement_pit_feature,notice_or_disclosure_lagged,candidate_after_pit_contract,lagged_level|rank_xsection|zscore,low,use notice/disclosure date plus conservative next-trading-day lag,nonminute_pit_context_panel_then_integrated_factor_pack,eligible_for_bulk_transform_plan
cn_fundamental_akshare_batch_v1_20260531\aggregated_v1,financial_analysis_indicator_sina,资产的经营现金流量回报率(%),other,announcement_pit_feature,notice_or_disclosure_lagged,candidate_after_pit_contract,lagged_level|rank_xsection|zscore,low,use notice/disclosure date plus conservative next-trading-day lag,nonminute_pit_context_panel_then_integrated_factor_pack,eligible_for_bulk_transform_plan
cn_fundamental_akshare_batch_v1_20260531\aggregated_v1,financial_analysis_indicator_sina,资产负债率(%),other,announcement_pit_feature,notice_or_disclosure_lagged,candidate_after_pit_contract,lagged_level|rank_xsection|zscore,low,use notice/disclosure date plus conservative next-trading-day lag,nonminute_pit_context_panel_then_integrated_factor_pack,eligible_for_bulk_transform_plan
cn_fundamental_akshare_batch_v1_20260531\aggregated_v1,financial_analysis_indicator_sina,资本化比率(%),other,announcement_pit_feature,notice_or_disclosure_lagged,candidate_after_pit_contract,lagged_level|rank_xsection|zscore,low,use notice/disclosure date plus conservative next-trading-day lag,nonminute_pit_context_panel_then_integrated_factor_pack,eligible_for_bulk_transform_plan
cn_fundamental_akshare_batch_v1_20260531\aggregated_v1,financial_analysis_indicator_sina,资本固定化比率(%),other,announcement_pit_feature,notice_or_disclosure_lagged,candidate_after_pit_contract,lagged_level|rank_xsection|zscore,low,use notice/disclosure date plus conservative next-trading-day lag,nonminute_pit_context_panel_then_integrated_factor_pack,eligible_for_bulk_transform_plan
cn_fundamental_akshare_batch_v1_20260531\aggregated_v1,financial_analysis_indicator_sina,速动比率,other,announcement_pit_feature,notice_or_disclosure_lagged,candidate_after_pit_contract,lagged_level|rank_xsection|zscore,low,use notice/disclosure date plus conservative next-trading-day lag,nonminute_pit_context_panel_then_integrated_factor_pack,eligible_for_bulk_transform_plan
cn_fundamental_akshare_batch_v1_20260531\aggregated_v1,financial_analysis_indicator_sina,销售净利率(%),other,announcement_pit_feature,notice_or_disclosure_lagged,candidate_after_pit_contract,lagged_level|rank_xsection|zscore,low,use notice/disclosure date plus conservative next-trading-day lag,nonminute_pit_context_panel_then_integrated_factor_pack,eligible_for_bulk_transform_plan
cn_fundamental_akshare_batch_v1_20260531\aggregated_v1,financial_analysis_indicator_sina,销售毛利率(%),other,announcement_pit_feature,notice_or_disclosure_lagged,candidate_after_pit_contract,lagged_level|rank_xsection|zscore,low,use notice/disclosure date plus conservative next-trading-day lag,nonminute_pit_context_panel_then_integrated_factor_pack,eligible_for_bulk_transform_plan
cn_fundamental_akshare_batch_v1_20260531\aggregated_v1,financial_analysis_indicator_sina,长期债券投资(元),other,announcement_pit_feature,notice_or_disclosure_lagged,candidate_after_pit_contract,lagged_level|rank_xsection|zscore,low,use notice/disclosure date plus conservative next-trading-day lag,nonminute_pit_context_panel_then_integrated_factor_pack,eligible_for_bulk_transform_plan
cn_fundamental_akshare_batch_v1_20260531\aggregated_v1,financial_analysis_indicator_sina,长期债务与营运资金比率(%),other,announcement_pit_feature,notice_or_disclosure_lagged,candidate_after_pit_contract,lagged_level|rank_xsection|zscore,low,use notice/disclosure date plus conservative next-trading-day lag,nonminute_pit_context_panel_then_integrated_factor_pack,eligible_for_bulk_transform_plan
cn_fundamental_akshare_batch_v1_20260531\aggregated_v1,financial_analysis_indicator_sina,长期其它经营性投资(元),other,announcement_pit_feature,notice_or_disclosure_lagged,candidate_after_pit_contract,lagged_level|rank_xsection|zscore,low,use notice/disclosure date plus conservative next-trading-day lag,nonminute_pit_context_panel_then_integrated_factor_pack,eligible_for_bulk_transform_plan
cn_fundamental_akshare_batch_v1_20260531\aggregated_v1,financial_analysis_indicator_sina,长期股票投资(元),other,announcement_pit_feature,notice_or_disclosure_lagged,candidate_after_pit_contract,lagged_level|rank_xsection|zscore,low,use notice/disclosure date plus conservative next-trading-day lag,nonminute_pit_context_panel_then_integrated_factor_pack,eligible_for_bulk_transform_plan
cn_fundamental_akshare_batch_v1_20260531\aggregated_v1,financial_analysis_indicator_sina,长期负债比率(%),other,announcement_pit_feature,notice_or_disclosure_lagged,candidate_after_pit_contract,lagged_level|rank_xsection|zscore,low,use notice/disclosure date plus conservative next-trading-day lag,nonminute_pit_context_panel_then_integrated_factor_pack,eligible_for_bulk_transform_plan
cn_fundamental_akshare_batch_v1_20260531\aggregated_v1,financial_analysis_indicator_sina,长期资产与长期资金比率(%),other,announcement_pit_feature,notice_or_disclosure_lagged,candidate_after_pit_contract,lagged_level|rank_xsection|zscore,low,use notice/disclosure date plus conservative next-trading-day lag,nonminute_pit_context_panel_then_integrated_factor_pack,eligible_for_bulk_transform_plan
cn_fundamental_akshare_batch_v1_20260531\aggregated_v1,financial_analysis_indicator_sina,非主营比重,other,announcement_pit_feature,notice_or_disclosure_lagged,candidate_after_pit_contract,lagged_level|rank_xsection|zscore,low,use notice/disclosure date plus conservative next-trading-day lag,nonminute_pit_context_panel_then_integrated_factor_pack,eligible_for_bulk_transform_plan
cn_fundamental_akshare_batch_v1_20260531\aggregated_v1,main_stock_holder_sina,公告日期,holder_corporate_action,announcement_pit_feature,notice_or_disclosure_lagged,candidate_after_pit_contract,announcement_lagged_latest|holder_change|holder_ratio|event_age|rank_xsection,medium,use notice/disclosure date plus conservative next-trading-day lag,nonminute_pit_context_panel_then_integrated_factor_pack,eligible_for_bulk_transform_plan
cn_fundamental_akshare_batch_v1_20260531\aggregated_v1,main_stock_holder_sina,平均持股数,holder_corporate_action,announcement_pit_feature,notice_or_disclosure_lagged,candidate_after_pit_contract,announcement_lagged_latest|holder_change|holder_ratio|event_age|rank_xsection,medium,use notice/disclosure date plus conservative next-trading-day lag,nonminute_pit_context_panel_then_integrated_factor_pack,eligible_for_bulk_transform_plan
cn_fundamental_akshare_batch_v1_20260531\aggregated_v1,main_stock_holder_sina,截至日期,holder_corporate_action,announcement_pit_feature,notice_or_disclosure_lagged,candidate_after_pit_contract,announcement_lagged_latest|holder_change|holder_ratio|event_age|rank_xsection,medium,use notice/disclosure date plus conservative next-trading-day lag,nonminute_pit_context_panel_then_integrated_factor_pack,eligible_for_bulk_transform_plan
cn_fundamental_akshare_batch_v1_20260531\aggregated_v1,main_stock_holder_sina,持股数量,holder_corporate_action,announcement_pit_feature,notice_or_disclosure_lagged,candidate_after_pit_contract,announcement_lagged_latest|holder_change|holder_ratio|event_age|rank_xsection,medium,use notice/disclosure date plus conservative next-trading-day lag,nonminute_pit_context_panel_then_integrated_factor_pack,eligible_for_bulk_transform_plan
cn_fundamental_akshare_batch_v1_20260531\aggregated_v1,main_stock_holder_sina,持股比例,holder_corporate_action,announcement_pit_feature,notice_or_disclosure_lagged,candidate_after_pit_contract,announcement_lagged_latest|holder_change|holder_ratio|event_age|rank_xsection,medium,use notice/disclosure date plus conservative next-trading-day lag,nonminute_pit_context_panel_then_integrated_factor_pack,eligible_for_bulk_transform_plan
cn_fundamental_akshare_batch_v1_20260531\aggregated_v1,main_stock_holder_sina,编号,holder_corporate_action,announcement_pit_feature,notice_or_disclosure_lagged,candidate_after_pit_contract,announcement_lagged_latest|holder_change|holder_ratio|event_age|rank_xsection,medium,use notice/disclosure date plus conservative next-trading-day lag,nonminute_pit_context_panel_then_integrated_factor_pack,eligible_for_bulk_transform_plan
cn_fundamental_akshare_batch_v1_20260531\aggregated_v1,main_stock_holder_sina,股东名称,holder_corporate_action,announcement_pit_feature,notice_or_disclosure_lagged,candidate_after_pit_contract,announcement_lagged_latest|holder_change|holder_ratio|event_age|rank_xsection,medium,use notice/disclosure date plus conservative next-trading-day lag,nonminute_pit_context_panel_then_integrated_factor_pack,eligible_for_bulk_transform_plan
cn_fundamental_akshare_batch_v1_20260531\aggregated_v1,main_stock_holder_sina,股东总数,holder_corporate_action,announcement_pit_feature,notice_or_disclosure_lagged,candidate_after_pit_contract,announcement_lagged_latest|holder_change|holder_ratio|event_age|rank_xsection,medium,use notice/disclosure date plus conservative next-trading-day lag,nonminute_pit_context_panel_then_integrated_factor_pack,eligible_for_bulk_transform_plan
cn_fundamental_akshare_batch_v1_20260531\aggregated_v1,main_stock_holder_sina,股东说明,holder_corporate_action,announcement_pit_feature,notice_or_disclosure_lagged,candidate_after_pit_contract,announcement_lagged_latest|holder_change|holder_ratio|event_age|rank_xsection,medium,use notice/disclosure date plus conservative next-trading-day lag,nonminute_pit_context_panel_then_integrated_factor_pack,eligible_for_bulk_transform_plan
cn_fundamental_akshare_batch_v1_20260531\aggregated_v1,main_stock_holder_sina,股本性质,holder_corporate_action,announcement_pit_feature,notice_or_disclosure_lagged,candidate_after_pit_contract,announcement_lagged_latest|holder_change|holder_ratio|event_age|rank_xsection,medium,use notice/disclosure date plus conservative next-trading-day lag,nonminute_pit_context_panel_then_integrated_factor_pack,eligible_for_bulk_transform_plan
cn_fundamental_akshare_batch_v1_20260531\aggregated_v1,profit_sheet_report_em,ABLE_OCI,fundamental_quality_risk,announcement_pit_feature,notice_or_disclosure_lagged,candidate_after_pit_contract,notice_lagged_latest|quarter_delta|ttm_proxy|ratio|winsorized_rank|quality_minus_risk,medium,use notice/disclosure date plus conservative next-trading-day lag,nonminute_pit_context_panel_then_integrated_factor_pack,eligible_for_bulk_transform_plan
cn_fundamental_akshare_batch_v1_20260531\aggregated_v1,profit_sheet_report_em,ABLE_OCI_BALANCE,fundamental_quality_risk,announcement_pit_feature,notice_or_disclosure_lagged,candidate_after_pit_contract,notice_lagged_latest|quarter_delta|ttm_proxy|ratio|winsorized_rank|quality_minus_risk,medium,use notice/disclosure date plus conservative next-trading-day lag,nonminute_pit_context_panel_then_integrated_factor_pack,eligible_for_bulk_transform_plan
cn_fundamental_akshare_batch_v1_20260531\aggregated_v1,profit_sheet_report_em,ABLE_OCI_BALANCE_YOY,fundamental_quality_risk,announcement_pit_feature,notice_or_disclosure_lagged,candidate_after_pit_contract,notice_lagged_latest|quarter_delta|ttm_proxy|ratio|winsorized_rank|quality_minus_risk,medium,use notice/disclosure date plus conservative next-trading-day lag,nonminute_pit_context_panel_then_integrated_factor_pack,eligible_for_bulk_transform_plan
cn_fundamental_akshare_batch_v1_20260531\aggregated_v1,profit_sheet_report_em,ABLE_OCI_OTHER,fundamental_quality_risk,announcement_pit_feature,notice_or_disclosure_lagged,candidate_after_pit_contract,notice_lagged_latest|quarter_delta|ttm_proxy|ratio|winsorized_rank|quality_minus_risk,medium,use notice/disclosure date plus conservative next-trading-day lag,nonminute_pit_context_panel_then_integrated_factor_pack,eligible_for_bulk_transform_plan
cn_fundamental_akshare_batch_v1_20260531\aggregated_v1,profit_sheet_report_em,ABLE_OCI_OTHER_YOY,fundamental_quality_risk,announcement_pit_feature,notice_or_disclosure_lagged,candidate_after_pit_contract,notice_lagged_latest|quarter_delta|ttm_proxy|ratio|winsorized_rank|quality_minus_risk,medium,use notice/disclosure date plus conservative next-trading-day lag,nonminute_pit_context_panel_then_integrated_factor_pack,eligible_for_bulk_transform_plan
cn_fundamental_akshare_batch_v1_20260531\aggregated_v1,profit_sheet_report_em,ABLE_OCI_YOY,fundamental_quality_risk,announcement_pit_feature,notice_or_disclosure_lagged,candidate_after_pit_contract,notice_lagged_latest|quarter_delta|ttm_proxy|ratio|winsorized_rank|quality_minus_risk,medium,use notice/disclosure date plus conservative next-trading-day lag,nonminute_pit_context_panel_then_integrated_factor_pack,eligible_for_bulk_transform_plan
cn_fundamental_akshare_batch_v1_20260531\aggregated_v1,profit_sheet_report_em,ACF_END_INCOME,fundamental_quality_risk,announcement_pit_feature,notice_or_disclosure_lagged,candidate_after_pit_contract,notice_lagged_latest|quarter_delta|ttm_proxy|ratio|winsorized_rank|quality_minus_risk,medium,use notice/disclosure date plus conservative next-trading-day lag,nonminute_pit_context_panel_then_integrated_factor_pack,eligible_for_bulk_transform_plan
cn_fundamental_akshare_batch_v1_20260531\aggregated_v1,profit_sheet_report_em,ACF_END_INCOME_YOY,fundamental_quality_risk,announcement_pit_feature,notice_or_disclosure_lagged,candidate_after_pit_contract,notice_lagged_latest|quarter_delta|ttm_proxy|ratio|winsorized_rank|quality_minus_risk,medium,use notice/disclosure date plus conservative next-trading-day lag,nonminute_pit_context_panel_then_integrated_factor_pack,eligible_for_bulk_transform_plan
cn_fundamental_akshare_batch_v1_20260531\aggregated_v1,profit_sheet_report_em,AFA_FAIRVALUE_CHANGE,price_state,announcement_pit_feature,notice_or_disclosure_lagged,candidate_after_pit_contract,lagged_momentum|mean_reversion|gap|volatility|rank_xsection,low,use notice/disclosure date plus conservative next-trading-day lag,nonminute_pit_context_panel_then_integrated_factor_pack,eligible_for_bulk_transform_plan
cn_fundamental_akshare_batch_v1_20260531\aggregated_v1,profit_sheet_report_em,AFA_FAIRVALUE_CHANGE_YOY,price_state,announcement_pit_feature,notice_or_disclosure_lagged,candidate_after_pit_contract,lagged_momentum|mean_reversion|gap|volatility|rank_xsection,low,use notice/disclosure date plus conservative next-trading-day lag,nonminute_pit_context_panel_then_integrated_factor_pack,eligible_for_bulk_transform_plan
cn_fundamental_akshare_batch_v1_20260531\aggregated_v1,profit_sheet_report_em,AGENT_SECURITY_NI,fundamental_quality_risk,announcement_pit_feature,notice_or_disclosure_lagged,candidate_after_pit_contract,notice_lagged_latest|quarter_delta|ttm_proxy|ratio|winsorized_rank|quality_minus_risk,medium,use notice/disclosure date plus conservative next-trading-day lag,nonminute_pit_context_panel_then_integrated_factor_pack,eligible_for_bulk_transform_plan
cn_fundamental_akshare_batch_v1_20260531\aggregated_v1,profit_sheet_report_em,AGENT_SECURITY_NI_YOY,fundamental_quality_risk,announcement_pit_feature,notice_or_disclosure_lagged,candidate_after_pit_contract,notice_lagged_latest|quarter_delta|ttm_proxy|ratio|winsorized_rank|quality_minus_risk,medium,use notice/disclosure date plus conservative next-trading-day lag,nonminute_pit_context_panel_then_integrated_factor_pack,eligible_for_bulk_transform_plan
cn_fundamental_akshare_batch_v1_20260531\aggregated_v1,profit_sheet_report_em,AMORTIZE_COMPENSATE_EXPENSE,fundamental_quality_risk,announcement_pit_feature,notice_or_disclosure_lagged,candidate_after_pit_contract,notice_lagged_latest|quarter_delta|ttm_proxy|ratio|winsorized_rank|quality_minus_risk,medium,use notice/disclosure date plus conservative next-trading-day lag,nonminute_pit_context_panel_then_integrated_factor_pack,eligible_for_bulk_transform_plan
cn_fundamental_akshare_batch_v1_20260531\aggregated_v1,profit_sheet_report_em,AMORTIZE_COMPENSATE_EXPENSE_YOY,fundamental_quality_risk,announcement_pit_feature,notice_or_disclosure_lagged,candidate_after_pit_contract,notice_lagged_latest|quarter_delta|ttm_proxy|ratio|winsorized_rank|quality_minus_risk,medium,use notice/disclosure date plus conservative next-trading-day lag,nonminute_pit_context_panel_then_integrated_factor_pack,eligible_for_bulk_transform_plan
cn_fundamental_akshare_batch_v1_20260531\aggregated_v1,profit_sheet_report_em,AMORTIZE_INSURANCE_RESERVE,fundamental_quality_risk,announcement_pit_feature,notice_or_disclosure_lagged,candidate_after_pit_contract,notice_lagged_latest|quarter_delta|ttm_proxy|ratio|winsorized_rank|quality_minus_risk,medium,use notice/disclosure date plus conservative next-trading-day lag,nonminute_pit_context_panel_then_integrated_factor_pack,eligible_for_bulk_transform_plan
cn_fundamental_akshare_batch_v1_20260531\aggregated_v1,profit_sheet_report_em,AMORTIZE_INSURANCE_RESERVE_YOY,fundamental_quality_risk,announcement_pit_feature,notice_or_disclosure_lagged,candidate_after_pit_contract,notice_lagged_latest|quarter_delta|ttm_proxy|ratio|winsorized_rank|quality_minus_risk,medium,use notice/disclosure date plus conservative next-trading-day lag,nonminute_pit_context_panel_then_integrated_factor_pack,eligible_for_bulk_transform_plan
cn_fundamental_akshare_batch_v1_20260531\aggregated_v1,profit_sheet_report_em,AMORTIZE_REINSURE_EXPENSE,fundamental_quality_risk,announcement_pit_feature,notice_or_disclosure_lagged,candidate_after_pit_contract,notice_lagged_latest|quarter_delta|ttm_proxy|ratio|winsorized_rank|quality_minus_risk,medium,use notice/disclosure date plus conservative next-trading-day lag,nonminute_pit_context_panel_then_integrated_factor_pack,eligible_for_bulk_transform_plan
cn_fundamental_akshare_batch_v1_20260531\aggregated_v1,profit_sheet_report_em,AMORTIZE_REINSURE_EXPENSE_YOY,fundamental_quality_risk,announcement_pit_feature,notice_or_disclosure_lagged,candidate_after_pit_contract,notice_lagged_latest|quarter_delta|ttm_proxy|ratio|winsorized_rank|quality_minus_risk,medium,use notice/disclosure date plus conservative next-trading-day lag,nonminute_pit_context_panel_then_integrated_factor_pack,eligible_for_bulk_transform_plan
cn_fundamental_akshare_batch_v1_20260531\aggregated_v1,profit_sheet_report_em,ASSETMANAGE_FEE_NI,fundamental_quality_risk,announcement_pit_feature,notice_or_disclosure_lagged,candidate_after_pit_contract,notice_lagged_latest|quarter_delta|ttm_proxy|ratio|winsorized_rank|quality_minus_risk,medium,use notice/disclosure date plus conservative next-trading-day lag,nonminute_pit_context_panel_then_integrated_factor_pack,eligible_for_bulk_transform_plan
cn_fundamental_akshare_batch_v1_20260531\aggregated_v1,profit_sheet_report_em,ASSETMANAGE_FEE_NI_YOY,fundamental_quality_risk,announcement_pit_feature,notice_or_disclosure_lagged,candidate_after_pit_contract,notice_lagged_latest|quarter_delta|ttm_proxy|ratio|winsorized_rank|quality_minus_risk,medium,use notice/disclosure date plus conservative next-trading-day lag,nonminute_pit_context_panel_then_integrated_factor_pack,eligible_for_bulk_transform_plan
cn_fundamental_akshare_batch_v1_20260531\aggregated_v1,profit_sheet_report_em,ASSET_DISPOSAL_INCOME,fundamental_quality_risk,announcement_pit_feature,notice_or_disclosure_lagged,candidate_after_pit_contract,notice_lagged_latest|quarter_delta|ttm_proxy|ratio|winsorized_rank|quality_minus_risk,medium,use notice/disclosure date plus conservative next-trading-day lag,nonminute_pit_context_panel_then_integrated_factor_pack,eligible_for_bulk_transform_plan
cn_fundamental_akshare_batch_v1_20260531\aggregated_v1,profit_sheet_report_em,ASSET_DISPOSAL_INCOME_YOY,fundamental_quality_risk,announcement_pit_feature,notice_or_disclosure_lagged,candidate_after_pit_contract,notice_lagged_latest|quarter_delta|ttm_proxy|ratio|winsorized_rank|quality_minus_risk,medium,use notice/disclosure date plus conservative next-trading-day lag,nonminute_pit_context_panel_then_integrated_factor_pack,eligible_for_bulk_transform_plan
cn_fundamental_akshare_batch_v1_20260531\aggregated_v1,profit_sheet_report_em,ASSET_IMPAIRMENT_INCOME,fundamental_quality_risk,announcement_pit_feature,notice_or_disclosure_lagged,candidate_after_pit_contract,notice_lagged_latest|quarter_delta|ttm_proxy|ratio|winsorized_rank|quality_minus_risk,medium,use notice/disclosure date plus conservative next-trading-day lag,nonminute_pit_context_panel_then_integrated_factor_pack,eligible_for_bulk_transform_plan
cn_fundamental_akshare_batch_v1_20260531\aggregated_v1,profit_sheet_report_em,ASSET_IMPAIRMENT_INCOME_YOY,fundamental_quality_risk,announcement_pit_feature,notice_or_disclosure_lagged,candidate_after_pit_contract,notice_lagged_latest|quarter_delta|ttm_proxy|ratio|winsorized_rank|quality_minus_risk,medium,use notice/disclosure date plus conservative next-trading-day lag,nonminute_pit_context_panel_then_integrated_factor_pack,eligible_for_bulk_transform_plan
cn_fundamental_akshare_batch_v1_20260531\aggregated_v1,profit_sheet_report_em,ASSET_IMPAIRMENT_LOSS,fundamental_quality_risk,announcement_pit_feature,notice_or_disclosure_lagged,candidate_after_pit_contract,notice_lagged_latest|quarter_delta|ttm_proxy|ratio|winsorized_rank|quality_minus_risk,medium,use notice/disclosure date plus conservative next-trading-day lag,nonminute_pit_context_panel_then_integrated_factor_pack,eligible_for_bulk_transform_plan
cn_fundamental_akshare_batch_v1_20260531\aggregated_v1,profit_sheet_report_em,ASSET_IMPAIRMENT_LOSS_YOY,fundamental_quality_risk,announcement_pit_feature,notice_or_disclosure_lagged,candidate_after_pit_contract,notice_lagged_latest|quarter_delta|ttm_proxy|ratio|winsorized_rank|quality_minus_risk,medium,use notice/disclosure date plus conservative next-trading-day lag,nonminute_pit_context_panel_then_integrated_factor_pack,eligible_for_bulk_transform_plan
cn_fundamental_akshare_batch_v1_20260531\aggregated_v1,profit_sheet_report_em,ASSET_MANAGE_NI,fundamental_quality_risk,announcement_pit_feature,notice_or_disclosure_lagged,candidate_after_pit_contract,notice_lagged_latest|quarter_delta|ttm_proxy|ratio|winsorized_rank|quality_minus_risk,medium,use notice/disclosure date plus conservative next-trading-day lag,nonminute_pit_context_panel_then_integrated_factor_pack,eligible_for_bulk_transform_plan
cn_fundamental_akshare_batch_v1_20260531\aggregated_v1,profit_sheet_report_em,ASSET_MANAGE_NI_YOY,fundamental_quality_risk,announcement_pit_feature,notice_or_disclosure_lagged,candidate_after_pit_contract,notice_lagged_latest|quarter_delta|ttm_proxy|ratio|winsorized_rank|quality_minus_risk,medium,use notice/disclosure date plus conservative next-trading-day lag,nonminute_pit_context_panel_then_integrated_factor_pack,eligible_for_bulk_transform_plan
cn_fundamental_akshare_batch_v1_20260531\aggregated_v1,profit_sheet_report_em,BANK_INTEREST_EXPENSE,fundamental_quality_risk,announcement_pit_feature,notice_or_disclosure_lagged,candidate_after_pit_contract,notice_lagged_latest|quarter_delta|ttm_proxy|ratio|winsorized_rank|quality_minus_risk,medium,use notice/disclosure date plus conservative next-trading-day lag,nonminute_pit_context_panel_then_integrated_factor_pack,eligible_for_bulk_transform_plan
cn_fundamental_akshare_batch_v1_20260531\aggregated_v1,profit_sheet_report_em,BANK_INTEREST_EXPENSE_YOY,fundamental_quality_risk,announcement_pit_feature,notice_or_disclosure_lagged,candidate_after_pit_contract,notice_lagged_latest|quarter_delta|ttm_proxy|ratio|winsorized_rank|quality_minus_risk,medium,use notice/disclosure date plus conservative next-trading-day lag,nonminute_pit_context_panel_then_integrated_factor_pack,eligible_for_bulk_transform_plan
cn_fundamental_akshare_batch_v1_20260531\aggregated_v1,profit_sheet_report_em,BANK_INTEREST_INCOME,fundamental_quality_risk,announcement_pit_feature,notice_or_disclosure_lagged,candidate_after_pit_contract,notice_lagged_latest|quarter_delta|ttm_proxy|ratio|winsorized_rank|quality_minus_risk,medium,use notice/disclosure date plus conservative next-trading-day lag,nonminute_pit_context_panel_then_integrated_factor_pack,eligible_for_bulk_transform_plan
cn_fundamental_akshare_batch_v1_20260531\aggregated_v1,profit_sheet_report_em,BANK_INTEREST_INCOME_YOY,fundamental_quality_risk,announcement_pit_feature,notice_or_disclosure_lagged,candidate_after_pit_contract,notice_lagged_latest|quarter_delta|ttm_proxy|ratio|winsorized_rank|quality_minus_risk,medium,use notice/disclosure date plus conservative next-trading-day lag,nonminute_pit_context_panel_then_integrated_factor_pack,eligible_for_bulk_transform_plan
cn_fundamental_akshare_batch_v1_20260531\aggregated_v1,profit_sheet_report_em,BANK_INTEREST_NI,fundamental_quality_risk,announcement_pit_feature,notice_or_disclosure_lagged,candidate_after_pit_contract,notice_lagged_latest|quarter_delta|ttm_proxy|ratio|winsorized_rank|quality_minus_risk,medium,use notice/disclosure date plus conservative next-trading-day lag,nonminute_pit_context_panel_then_integrated_factor_pack,eligible_for_bulk_transform_plan
cn_fundamental_akshare_batch_v1_20260531\aggregated_v1,profit_sheet_report_em,BANK_INTEREST_NI_YOY,fundamental_quality_risk,announcement_pit_feature,notice_or_disclosure_lagged,candidate_after_pit_contract,notice_lagged_latest|quarter_delta|ttm_proxy|ratio|winsorized_rank|quality_minus_risk,medium,use notice/disclosure date plus conservative next-trading-day lag,nonminute_pit_context_panel_then_integrated_factor_pack,eligible_for_bulk_transform_plan
cn_fundamental_akshare_batch_v1_20260531\aggregated_v1,profit_sheet_report_em,BASIC_EPS,fundamental_quality_risk,announcement_pit_feature,notice_or_disclosure_lagged,candidate_after_pit_contract,notice_lagged_latest|quarter_delta|ttm_proxy|ratio|winsorized_rank|quality_minus_risk,medium,use notice/disclosure date plus conservative next-trading-day lag,nonminute_pit_context_panel_then_integrated_factor_pack,eligible_for_bulk_transform_plan
cn_fundamental_akshare_batch_v1_20260531\aggregated_v1,profit_sheet_report_em,BASIC_EPS_YOY,fundamental_quality_risk,announcement_pit_feature,notice_or_disclosure_lagged,candidate_after_pit_contract,notice_lagged_latest|quarter_delta|ttm_proxy|ratio|winsorized_rank|quality_minus_risk,medium,use notice/disclosure date plus conservative next-trading-day lag,nonminute_pit_context_panel_then_integrated_factor_pack,eligible_for_bulk_transform_plan
cn_fundamental_akshare_batch_v1_20260531\aggregated_v1,profit_sheet_report_em,BROKER_FEE_NI,fundamental_quality_risk,announcement_pit_feature,notice_or_disclosure_lagged,candidate_after_pit_contract,notice_lagged_latest|quarter_delta|ttm_proxy|ratio|winsorized_rank|quality_minus_risk,medium,use notice/disclosure date plus conservative next-trading-day lag,nonminute_pit_context_panel_then_integrated_factor_pack,eligible_for_bulk_transform_plan
cn_fundamental_akshare_batch_v1_20260531\aggregated_v1,profit_sheet_report_em,BROKER_FEE_NI_YOY,fundamental_quality_risk,announcement_pit_feature,notice_or_disclosure_lagged,candidate_after_pit_contract,notice_lagged_latest|quarter_delta|ttm_proxy|ratio|winsorized_rank|quality_minus_risk,medium,use notice/disclosure date plus conservative next-trading-day lag,nonminute_pit_context_panel_then_integrated_factor_pack,eligible_for_bulk_transform_plan
cn_fundamental_akshare_batch_v1_20260531\aggregated_v1,profit_sheet_report_em,BROKER_NI,fundamental_quality_risk,announcement_pit_feature,notice_or_disclosure_lagged,candidate_after_pit_contract,notice_lagged_latest|quarter_delta|ttm_proxy|ratio|winsorized_rank|quality_minus_risk,medium,use notice/disclosure date plus conservative next-trading-day lag,nonminute_pit_context_panel_then_integrated_factor_pack,eligible_for_bulk_transform_plan
cn_fundamental_akshare_batch_v1_20260531\aggregated_v1,profit_sheet_report_em,BROKER_NI_YOY,fundamental_quality_risk,announcement_pit_feature,notice_or_disclosure_lagged,candidate_after_pit_contract,notice_lagged_latest|quarter_delta|ttm_proxy|ratio|winsorized_rank|quality_minus_risk,medium,use notice/disclosure date plus conservative next-trading-day lag,nonminute_pit_context_panel_then_integrated_factor_pack,eligible_for_bulk_transform_plan
cn_fundamental_akshare_batch_v1_20260531\aggregated_v1,profit_sheet_report_em,BUSINESS_MANAGE_EXPENSE,fundamental_quality_risk,announcement_pit_feature,notice_or_disclosure_lagged,candidate_after_pit_contract,notice_lagged_latest|quarter_delta|ttm_proxy|ratio|winsorized_rank|quality_minus_risk,medium,use notice/disclosure date plus conservative next-trading-day lag,nonminute_pit_context_panel_then_integrated_factor_pack,eligible_for_bulk_transform_plan
cn_fundamental_akshare_batch_v1_20260531\aggregated_v1,profit_sheet_report_em,BUSINESS_MANAGE_EXPENSE_YOY,fundamental_quality_risk,announcement_pit_feature,notice_or_disclosure_lagged,candidate_after_pit_contract,notice_lagged_latest|quarter_delta|ttm_proxy|ratio|winsorized_rank|quality_minus_risk,medium,use notice/disclosure date plus conservative next-trading-day lag,nonminute_pit_context_panel_then_integrated_factor_pack,eligible_for_bulk_transform_plan
cn_fundamental_akshare_batch_v1_20260531\aggregated_v1,profit_sheet_report_em,CASHFLOW_HEDGE_VALID,price_state,announcement_pit_feature,notice_or_disclosure_lagged,candidate_after_pit_contract,lagged_momentum|mean_reversion|gap|volatility|rank_xsection,low,use notice/disclosure date plus conservative next-trading-day lag,nonminute_pit_context_panel_then_integrated_factor_pack,eligible_for_bulk_transform_plan
cn_fundamental_akshare_batch_v1_20260531\aggregated_v1,profit_sheet_report_em,CASHFLOW_HEDGE_VALID_YOY,price_state,announcement_pit_feature,notice_or_disclosure_lagged,candidate_after_pit_contract,lagged_momentum|mean_reversion|gap|volatility|rank_xsection,low,use notice/disclosure date plus conservative next-trading-day lag,nonminute_pit_context_panel_then_integrated_factor_pack,eligible_for_bulk_transform_plan
cn_fundamental_akshare_batch_v1_20260531\aggregated_v1,profit_sheet_report_em,COMMISSION_NI_OTHER,fundamental_quality_risk,announcement_pit_feature,notice_or_disclosure_lagged,candidate_after_pit_contract,notice_lagged_latest|quarter_delta|ttm_proxy|ratio|winsorized_rank|quality_minus_risk,medium,use notice/disclosure date plus conservative next-trading-day lag,nonminute_pit_context_panel_then_integrated_factor_pack,eligible_for_bulk_transform_plan
cn_fundamental_akshare_batch_v1_20260531\aggregated_v1,profit_sheet_report_em,COMMISSION_NI_OTHER_YOY,fundamental_quality_risk,announcement_pit_feature,notice_or_disclosure_lagged,candidate_after_pit_contract,notice_lagged_latest|quarter_delta|ttm_proxy|ratio|winsorized_rank|quality_minus_risk,medium,use notice/disclosure date plus conservative next-trading-day lag,nonminute_pit_context_panel_then_integrated_factor_pack,eligible_for_bulk_transform_plan
cn_fundamental_akshare_batch_v1_20260531\aggregated_v1,profit_sheet_report_em,COMPENSATE_EXPENSE,fundamental_quality_risk,announcement_pit_feature,notice_or_disclosure_lagged,candidate_after_pit_contract,notice_lagged_latest|quarter_delta|ttm_proxy|ratio|winsorized_rank|quality_minus_risk,medium,use notice/disclosure date plus conservative next-trading-day lag,nonminute_pit_context_panel_then_integrated_factor_pack,eligible_for_bulk_transform_plan
cn_fundamental_akshare_batch_v1_20260531\aggregated_v1,profit_sheet_report_em,COMPENSATE_EXPENSE_YOY,fundamental_quality_risk,announcement_pit_feature,notice_or_disclosure_lagged,candidate_after_pit_contract,notice_lagged_latest|quarter_delta|ttm_proxy|ratio|winsorized_rank|quality_minus_risk,medium,use notice/disclosure date plus conservative next-trading-day lag,nonminute_pit_context_panel_then_integrated_factor_pack,eligible_for_bulk_transform_plan
cn_fundamental_akshare_batch_v1_20260531\aggregated_v1,profit_sheet_report_em,CONTINUED_NETPROFIT,fundamental_quality_risk,announcement_pit_feature,notice_or_disclosure_lagged,candidate_after_pit_contract,notice_lagged_latest|quarter_delta|ttm_proxy|ratio|winsorized_rank|quality_minus_risk,medium,use notice/disclosure date plus conservative next-trading-day lag,nonminute_pit_context_panel_then_integrated_factor_pack,eligible_for_bulk_transform_plan
cn_fundamental_akshare_batch_v1_20260531\aggregated_v1,profit_sheet_report_em,CONTINUED_NETPROFIT_YOY,fundamental_quality_risk,announcement_pit_feature,notice_or_disclosure_lagged,candidate_after_pit_contract,notice_lagged_latest|quarter_delta|ttm_proxy|ratio|winsorized_rank|quality_minus_risk,medium,use notice/disclosure date plus conservative next-trading-day lag,nonminute_pit_context_panel_then_integrated_factor_pack,eligible_for_bulk_transform_plan
cn_fundamental_akshare_batch_v1_20260531\aggregated_v1,profit_sheet_report_em,CONVERT_DIFF,fundamental_quality_risk,announcement_pit_feature,notice_or_disclosure_lagged,candidate_after_pit_contract,notice_lagged_latest|quarter_delta|ttm_proxy|ratio|winsorized_rank|quality_minus_risk,medium,use notice/disclosure date plus conservative next-trading-day lag,nonminute_pit_context_panel_then_integrated_factor_pack,eligible_for_bulk_transform_plan
cn_fundamental_akshare_batch_v1_20260531\aggregated_v1,profit_sheet_report_em,CONVERT_DIFF_YOY,fundamental_quality_risk,announcement_pit_feature,notice_or_disclosure_lagged,candidate_after_pit_contract,notice_lagged_latest|quarter_delta|ttm_proxy|ratio|winsorized_rank|quality_minus_risk,medium,use notice/disclosure date plus conservative next-trading-day lag,nonminute_pit_context_panel_then_integrated_factor_pack,eligible_for_bulk_transform_plan
cn_fundamental_akshare_batch_v1_20260531\aggregated_v1,profit_sheet_report_em,CREDITOR_FAIRVALUE_CHANGE,price_state,announcement_pit_feature,notice_or_disclosure_lagged,candidate_after_pit_contract,lagged_momentum|mean_reversion|gap|volatility|rank_xsection,low,use notice/disclosure date plus conservative next-trading-day lag,nonminute_pit_context_panel_then_integrated_factor_pack,eligible_for_bulk_transform_plan
cn_fundamental_akshare_batch_v1_20260531\aggregated_v1,profit_sheet_report_em,CREDITOR_FAIRVALUE_CHANGE_YOY,price_state,announcement_pit_feature,notice_or_disclosure_lagged,candidate_after_pit_contract,lagged_momentum|mean_reversion|gap|volatility|rank_xsection,low,use notice/disclosure date plus conservative next-trading-day lag,nonminute_pit_context_panel_then_integrated_factor_pack,eligible_for_bulk_transform_plan
cn_fundamental_akshare_batch_v1_20260531\aggregated_v1,profit_sheet_report_em,CREDITOR_IMPAIRMENT_RESERVE,fundamental_quality_risk,announcement_pit_feature,notice_or_disclosure_lagged,candidate_after_pit_contract,notice_lagged_latest|quarter_delta|ttm_proxy|ratio|winsorized_rank|quality_minus_risk,medium,use notice/disclosure date plus conservative next-trading-day lag,nonminute_pit_context_panel_then_integrated_factor_pack,eligible_for_bulk_transform_plan
cn_fundamental_akshare_batch_v1_20260531\aggregated_v1,profit_sheet_report_em,CREDITOR_IMPAIRMENT_RESERVE_YOY,fundamental_quality_risk,announcement_pit_feature,notice_or_disclosure_lagged,candidate_after_pit_contract,notice_lagged_latest|quarter_delta|ttm_proxy|ratio|winsorized_rank|quality_minus_risk,medium,use notice/disclosure date plus conservative next-trading-day lag,nonminute_pit_context_panel_then_integrated_factor_pack,eligible_for_bulk_transform_plan
cn_fundamental_akshare_batch_v1_20260531\aggregated_v1,profit_sheet_report_em,CREDITRISK_FAIRVALUE_CHANGE,price_state,announcement_pit_feature,notice_or_disclosure_lagged,candidate_after_pit_contract,lagged_momentum|mean_reversion|gap|volatility|rank_xsection,low,use notice/disclosure date plus conservative next-trading-day lag,nonminute_pit_context_panel_then_integrated_factor_pack,eligible_for_bulk_transform_plan
cn_fundamental_akshare_batch_v1_20260531\aggregated_v1,profit_sheet_report_em,CREDITRISK_FAIRVALUE_CHANGE_YOY,price_state,announcement_pit_feature,notice_or_disclosure_lagged,candidate_after_pit_contract,lagged_momentum|mean_reversion|gap|volatility|rank_xsection,low,use notice/disclosure date plus conservative next-trading-day lag,nonminute_pit_context_panel_then_integrated_factor_pack,eligible_for_bulk_transform_plan
cn_fundamental_akshare_batch_v1_20260531\aggregated_v1,profit_sheet_report_em,CREDIT_IMPAIRMENT_INCOME,fundamental_quality_risk,announcement_pit_feature,notice_or_disclosure_lagged,candidate_after_pit_contract,notice_lagged_latest|quarter_delta|ttm_proxy|ratio|winsorized_rank|quality_minus_risk,medium,use notice/disclosure date plus conservative next-trading-day lag,nonminute_pit_context_panel_then_integrated_factor_pack,eligible_for_bulk_transform_plan
cn_fundamental_akshare_batch_v1_20260531\aggregated_v1,profit_sheet_report_em,CREDIT_IMPAIRMENT_INCOME_YOY,fundamental_quality_risk,announcement_pit_feature,notice_or_disclosure_lagged,candidate_after_pit_contract,notice_lagged_latest|quarter_delta|ttm_proxy|ratio|winsorized_rank|quality_minus_risk,medium,use notice/disclosure date plus conservative next-trading-day lag,nonminute_pit_context_panel_then_integrated_factor_pack,eligible_for_bulk_transform_plan
cn_fundamental_akshare_batch_v1_20260531\aggregated_v1,profit_sheet_report_em,CREDIT_IMPAIRMENT_LOSS,fundamental_quality_risk,announcement_pit_feature,notice_or_disclosure_lagged,candidate_after_pit_contract,notice_lagged_latest|quarter_delta|ttm_proxy|ratio|winsorized_rank|quality_minus_risk,medium,use notice/disclosure date plus conservative next-trading-day lag,nonminute_pit_context_panel_then_integrated_factor_pack,eligible_for_bulk_transform_plan
cn_fundamental_akshare_batch_v1_20260531\aggregated_v1,profit_sheet_report_em,CREDIT_IMPAIRMENT_LOSS_YOY,fundamental_quality_risk,announcement_pit_feature,notice_or_disclosure_lagged,candidate_after_pit_contract,notice_lagged_latest|quarter_delta|ttm_proxy|ratio|winsorized_rank|quality_minus_risk,medium,use notice/disclosure date plus conservative next-trading-day lag,nonminute_pit_context_panel_then_integrated_factor_pack,eligible_for_bulk_transform_plan
cn_fundamental_akshare_batch_v1_20260531\aggregated_v1,profit_sheet_report_em,CURRENCY,fundamental_quality_risk,announcement_pit_feature,notice_or_disclosure_lagged,candidate_after_pit_contract,notice_lagged_latest|quarter_delta|ttm_proxy|ratio|winsorized_rank|quality_minus_risk,medium,use notice/disclosure date plus conservative next-trading-day lag,nonminute_pit_context_panel_then_integrated_factor_pack,eligible_for_bulk_transform_plan
cn_fundamental_akshare_batch_v1_20260531\aggregated_v1,profit_sheet_report_em,DEDUCT_PARENT_NETPROFIT,fundamental_quality_risk,announcement_pit_feature,notice_or_disclosure_lagged,candidate_after_pit_contract,notice_lagged_latest|quarter_delta|ttm_proxy|ratio|winsorized_rank|quality_minus_risk,medium,use notice/disclosure date plus conservative next-trading-day lag,nonminute_pit_context_panel_then_integrated_factor_pack,eligible_for_bulk_transform_plan
cn_fundamental_akshare_batch_v1_20260531\aggregated_v1,profit_sheet_report_em,DEDUCT_PARENT_NETPROFIT_YOY,fundamental_quality_risk,announcement_pit_feature,notice_or_disclosure_lagged,candidate_after_pit_contract,notice_lagged_latest|quarter_delta|ttm_proxy|ratio|winsorized_rank|quality_minus_risk,medium,use notice/disclosure date plus conservative next-trading-day lag,nonminute_pit_context_panel_then_integrated_factor_pack,eligible_for_bulk_transform_plan
cn_fundamental_akshare_batch_v1_20260531\aggregated_v1,profit_sheet_report_em,DILUTED_EPS,fundamental_quality_risk,announcement_pit_feature,notice_or_disclosure_lagged,candidate_after_pit_contract,notice_lagged_latest|quarter_delta|ttm_proxy|ratio|winsorized_rank|quality_minus_risk,medium,use notice/disclosure date plus conservative next-trading-day lag,nonminute_pit_context_panel_then_integrated_factor_pack,eligible_for_bulk_transform_plan
cn_fundamental_akshare_batch_v1_20260531\aggregated_v1,profit_sheet_report_em,DILUTED_EPS_YOY,fundamental_quality_risk,announcement_pit_feature,notice_or_disclosure_lagged,candidate_after_pit_contract,notice_lagged_latest|quarter_delta|ttm_proxy|ratio|winsorized_rank|quality_minus_risk,medium,use notice/disclosure date plus conservative next-trading-day lag,nonminute_pit_context_panel_then_integrated_factor_pack,eligible_for_bulk_transform_plan
cn_fundamental_akshare_batch_v1_20260531\aggregated_v1,profit_sheet_report_em,DISCONTINUED_NETPROFIT,fundamental_quality_risk,announcement_pit_feature,notice_or_disclosure_lagged,candidate_after_pit_contract,notice_lagged_latest|quarter_delta|ttm_proxy|ratio|winsorized_rank|quality_minus_risk,medium,use notice/disclosure date plus conservative next-trading-day lag,nonminute_pit_context_panel_then_integrated_factor_pack,eligible_for_bulk_transform_plan
cn_fundamental_akshare_batch_v1_20260531\aggregated_v1,profit_sheet_report_em,DISCONTINUED_NETPROFIT_YOY,fundamental_quality_risk,announcement_pit_feature,notice_or_disclosure_lagged,candidate_after_pit_contract,notice_lagged_latest|quarter_delta|ttm_proxy|ratio|winsorized_rank|quality_minus_risk,medium,use notice/disclosure date plus conservative next-trading-day lag,nonminute_pit_context_panel_then_integrated_factor_pack,eligible_for_bulk_transform_plan
cn_fundamental_akshare_batch_v1_20260531\aggregated_v1,profit_sheet_report_em,EARNED_PREMIUM,fundamental_quality_risk,announcement_pit_feature,notice_or_disclosure_lagged,candidate_after_pit_contract,notice_lagged_latest|quarter_delta|ttm_proxy|ratio|winsorized_rank|quality_minus_risk,medium,use notice/disclosure date plus conservative next-trading-day lag,nonminute_pit_context_panel_then_integrated_factor_pack,eligible_for_bulk_transform_plan
cn_fundamental_akshare_batch_v1_20260531\aggregated_v1,profit_sheet_report_em,EARNED_PREMIUM_BALANCE,fundamental_quality_risk,announcement_pit_feature,notice_or_disclosure_lagged,candidate_after_pit_contract,notice_lagged_latest|quarter_delta|ttm_proxy|ratio|winsorized_rank|quality_minus_risk,medium,use notice/disclosure date plus conservative next-trading-day lag,nonminute_pit_context_panel_then_integrated_factor_pack,eligible_for_bulk_transform_plan
cn_fundamental_akshare_batch_v1_20260531\aggregated_v1,profit_sheet_report_em,EARNED_PREMIUM_BALANCE_YOY,fundamental_quality_risk,announcement_pit_feature,notice_or_disclosure_lagged,candidate_after_pit_contract,notice_lagged_latest|quarter_delta|ttm_proxy|ratio|winsorized_rank|quality_minus_risk,medium,use notice/disclosure date plus conservative next-trading-day lag,nonminute_pit_context_panel_then_integrated_factor_pack,eligible_for_bulk_transform_plan
cn_fundamental_akshare_batch_v1_20260531\aggregated_v1,profit_sheet_report_em,EARNED_PREMIUM_YOY,fundamental_quality_risk,announcement_pit_feature,notice_or_disclosure_lagged,candidate_after_pit_contract,notice_lagged_latest|quarter_delta|ttm_proxy|ratio|winsorized_rank|quality_minus_risk,medium,use notice/disclosure date plus conservative next-trading-day lag,nonminute_pit_context_panel_then_integrated_factor_pack,eligible_for_bulk_transform_plan
cn_fundamental_akshare_batch_v1_20260531\aggregated_v1,profit_sheet_report_em,EFFECT_NETPROFIT_BALANCE,fundamental_quality_risk,announcement_pit_feature,notice_or_disclosure_lagged,candidate_after_pit_contract,notice_lagged_latest|quarter_delta|ttm_proxy|ratio|winsorized_rank|quality_minus_risk,medium,use notice/disclosure date plus conservative next-trading-day lag,nonminute_pit_context_panel_then_integrated_factor_pack,eligible_for_bulk_transform_plan
cn_fundamental_akshare_batch_v1_20260531\aggregated_v1,profit_sheet_report_em,EFFECT_NETPROFIT_BALANCE_YOY,fundamental_quality_risk,announcement_pit_feature,notice_or_disclosure_lagged,candidate_after_pit_contract,notice_lagged_latest|quarter_delta|ttm_proxy|ratio|winsorized_rank|quality_minus_risk,medium,use notice/disclosure date plus conservative next-trading-day lag,nonminute_pit_context_panel_then_integrated_factor_pack,eligible_for_bulk_transform_plan
cn_fundamental_akshare_batch_v1_20260531\aggregated_v1,profit_sheet_report_em,EFFECT_NETPROFIT_OTHER,fundamental_quality_risk,announcement_pit_feature,notice_or_disclosure_lagged,candidate_after_pit_contract,notice_lagged_latest|quarter_delta|ttm_proxy|ratio|winsorized_rank|quality_minus_risk,medium,use notice/disclosure date plus conservative next-trading-day lag,nonminute_pit_context_panel_then_integrated_factor_pack,eligible_for_bulk_transform_plan
cn_fundamental_akshare_batch_v1_20260531\aggregated_v1,profit_sheet_report_em,EFFECT_NETPROFIT_OTHER_YOY,fundamental_quality_risk,announcement_pit_feature,notice_or_disclosure_lagged,candidate_after_pit_contract,notice_lagged_latest|quarter_delta|ttm_proxy|ratio|winsorized_rank|quality_minus_risk,medium,use notice/disclosure date plus conservative next-trading-day lag,nonminute_pit_context_panel_then_integrated_factor_pack,eligible_for_bulk_transform_plan
cn_fundamental_akshare_batch_v1_20260531\aggregated_v1,profit_sheet_report_em,EFFECT_TCI_BALANCE,fundamental_quality_risk,announcement_pit_feature,notice_or_disclosure_lagged,candidate_after_pit_contract,notice_lagged_latest|quarter_delta|ttm_proxy|ratio|winsorized_rank|quality_minus_risk,medium,use notice/disclosure date plus conservative next-trading-day lag,nonminute_pit_context_panel_then_integrated_factor_pack,eligible_for_bulk_transform_plan
cn_fundamental_akshare_batch_v1_20260531\aggregated_v1,profit_sheet_report_em,EFFECT_TCI_BALANCE_YOY,fundamental_quality_risk,announcement_pit_feature,notice_or_disclosure_lagged,candidate_after_pit_contract,notice_lagged_latest|quarter_delta|ttm_proxy|ratio|winsorized_rank|quality_minus_risk,medium,use notice/disclosure date plus conservative next-trading-day lag,nonminute_pit_context_panel_then_integrated_factor_pack,eligible_for_bulk_transform_plan
cn_fundamental_akshare_batch_v1_20260531\aggregated_v1,profit_sheet_report_em,EFFECT_TP_OTHER,fundamental_quality_risk,announcement_pit_feature,notice_or_disclosure_lagged,candidate_after_pit_contract,notice_lagged_latest|quarter_delta|ttm_proxy|ratio|winsorized_rank|quality_minus_risk,medium,use notice/disclosure date plus conservative next-trading-day lag,nonminute_pit_context_panel_then_integrated_factor_pack,eligible_for_bulk_transform_plan
cn_fundamental_akshare_batch_v1_20260531\aggregated_v1,profit_sheet_report_em,EFFECT_TP_OTHER_YOY,fundamental_quality_risk,announcement_pit_feature,notice_or_disclosure_lagged,candidate_after_pit_contract,notice_lagged_latest|quarter_delta|ttm_proxy|ratio|winsorized_rank|quality_minus_risk,medium,use notice/disclosure date plus conservative next-trading-day lag,nonminute_pit_context_panel_then_integrated_factor_pack,eligible_for_bulk_transform_plan
cn_fundamental_akshare_batch_v1_20260531\aggregated_v1,profit_sheet_report_em,EXCHANGE_INCOME,price_state,announcement_pit_feature,notice_or_disclosure_lagged,candidate_after_pit_contract,lagged_momentum|mean_reversion|gap|volatility|rank_xsection,low,use notice/disclosure date plus conservative next-trading-day lag,nonminute_pit_context_panel_then_integrated_factor_pack,eligible_for_bulk_transform_plan
cn_fundamental_akshare_batch_v1_20260531\aggregated_v1,profit_sheet_report_em,EXCHANGE_INCOME_YOY,price_state,announcement_pit_feature,notice_or_disclosure_lagged,candidate_after_pit_contract,lagged_momentum|mean_reversion|gap|volatility|rank_xsection,low,use notice/disclosure date plus conservative next-trading-day lag,nonminute_pit_context_panel_then_integrated_factor_pack,eligible_for_bulk_transform_plan
cn_fundamental_akshare_batch_v1_20260531\aggregated_v1,profit_sheet_report_em,EXTRACT_INSURANCE_RESERVE,fundamental_quality_risk,announcement_pit_feature,notice_or_disclosure_lagged,candidate_after_pit_contract,notice_lagged_latest|quarter_delta|ttm_proxy|ratio|winsorized_rank|quality_minus_risk,medium,use notice/disclosure date plus conservative next-trading-day lag,nonminute_pit_context_panel_then_integrated_factor_pack,eligible_for_bulk_transform_plan
cn_fundamental_akshare_batch_v1_20260531\aggregated_v1,profit_sheet_report_em,EXTRACT_INSURANCE_RESERVE_YOY,fundamental_quality_risk,announcement_pit_feature,notice_or_disclosure_lagged,candidate_after_pit_contract,notice_lagged_latest|quarter_delta|ttm_proxy|ratio|winsorized_rank|quality_minus_risk,medium,use notice/disclosure date plus conservative next-trading-day lag,nonminute_pit_context_panel_then_integrated_factor_pack,eligible_for_bulk_transform_plan
cn_fundamental_akshare_batch_v1_20260531\aggregated_v1,profit_sheet_report_em,EXTRACT_UNEXPIRE_RESERVE,fundamental_quality_risk,announcement_pit_feature,notice_or_disclosure_lagged,candidate_after_pit_contract,notice_lagged_latest|quarter_delta|ttm_proxy|ratio|winsorized_rank|quality_minus_risk,medium,use notice/disclosure date plus conservative next-trading-day lag,nonminute_pit_context_panel_then_integrated_factor_pack,eligible_for_bulk_transform_plan
cn_fundamental_akshare_batch_v1_20260531\aggregated_v1,profit_sheet_report_em,EXTRACT_UNEXPIRE_RESERVE_YOY,fundamental_quality_risk,announcement_pit_feature,notice_or_disclosure_lagged,candidate_after_pit_contract,notice_lagged_latest|quarter_delta|ttm_proxy|ratio|winsorized_rank|quality_minus_risk,medium,use notice/disclosure date plus conservative next-trading-day lag,nonminute_pit_context_panel_then_integrated_factor_pack,eligible_for_bulk_transform_plan
cn_fundamental_akshare_batch_v1_20260531\aggregated_v1,profit_sheet_report_em,FAIRVALUE_CHANGE,price_state,announcement_pit_feature,notice_or_disclosure_lagged,candidate_after_pit_contract,lagged_momentum|mean_reversion|gap|volatility|rank_xsection,low,use notice/disclosure date plus conservative next-trading-day lag,nonminute_pit_context_panel_then_integrated_factor_pack,eligible_for_bulk_transform_plan
cn_fundamental_akshare_batch_v1_20260531\aggregated_v1,profit_sheet_report_em,FAIRVALUE_CHANGE_INCOME,price_state,announcement_pit_feature,notice_or_disclosure_lagged,candidate_after_pit_contract,lagged_momentum|mean_reversion|gap|volatility|rank_xsection,low,use notice/disclosure date plus conservative next-trading-day lag,nonminute_pit_context_panel_then_integrated_factor_pack,eligible_for_bulk_transform_plan
cn_fundamental_akshare_batch_v1_20260531\aggregated_v1,profit_sheet_report_em,FAIRVALUE_CHANGE_INCOME_YOY,price_state,announcement_pit_feature,notice_or_disclosure_lagged,candidate_after_pit_contract,lagged_momentum|mean_reversion|gap|volatility|rank_xsection,low,use notice/disclosure date plus conservative next-trading-day lag,nonminute_pit_context_panel_then_integrated_factor_pack,eligible_for_bulk_transform_plan
cn_fundamental_akshare_batch_v1_20260531\aggregated_v1,profit_sheet_report_em,FAIRVALUE_CHANGE_YOY,price_state,announcement_pit_feature,notice_or_disclosure_lagged,candidate_after_pit_contract,lagged_momentum|mean_reversion|gap|volatility|rank_xsection,low,use notice/disclosure date plus conservative next-trading-day lag,nonminute_pit_context_panel_then_integrated_factor_pack,eligible_for_bulk_transform_plan
cn_fundamental_akshare_batch_v1_20260531\aggregated_v1,profit_sheet_report_em,FEE_COMMISSION_EXPENSE,fundamental_quality_risk,announcement_pit_feature,notice_or_disclosure_lagged,candidate_after_pit_contract,notice_lagged_latest|quarter_delta|ttm_proxy|ratio|winsorized_rank|quality_minus_risk,medium,use notice/disclosure date plus conservative next-trading-day lag,nonminute_pit_context_panel_then_integrated_factor_pack,eligible_for_bulk_transform_plan
cn_fundamental_akshare_batch_v1_20260531\aggregated_v1,profit_sheet_report_em,FEE_COMMISSION_EXPENSE_YOY,fundamental_quality_risk,announcement_pit_feature,notice_or_disclosure_lagged,candidate_after_pit_contract,notice_lagged_latest|quarter_delta|ttm_proxy|ratio|winsorized_rank|quality_minus_risk,medium,use notice/disclosure date plus conservative next-trading-day lag,nonminute_pit_context_panel_then_integrated_factor_pack,eligible_for_bulk_transform_plan
cn_fundamental_akshare_batch_v1_20260531\aggregated_v1,profit_sheet_report_em,FEE_COMMISSION_INCOME,fundamental_quality_risk,announcement_pit_feature,notice_or_disclosure_lagged,candidate_after_pit_contract,notice_lagged_latest|quarter_delta|ttm_proxy|ratio|winsorized_rank|quality_minus_risk,medium,use notice/disclosure date plus conservative next-trading-day lag,nonminute_pit_context_panel_then_integrated_factor_pack,eligible_for_bulk_transform_plan
cn_fundamental_akshare_batch_v1_20260531\aggregated_v1,profit_sheet_report_em,FEE_COMMISSION_INCOME_YOY,fundamental_quality_risk,announcement_pit_feature,notice_or_disclosure_lagged,candidate_after_pit_contract,notice_lagged_latest|quarter_delta|ttm_proxy|ratio|winsorized_rank|quality_minus_risk,medium,use notice/disclosure date plus conservative next-trading-day lag,nonminute_pit_context_panel_then_integrated_factor_pack,eligible_for_bulk_transform_plan
cn_fundamental_akshare_batch_v1_20260531\aggregated_v1,profit_sheet_report_em,FEE_COMMISSION_NI,fundamental_quality_risk,announcement_pit_feature,notice_or_disclosure_lagged,candidate_after_pit_contract,notice_lagged_latest|quarter_delta|ttm_proxy|ratio|winsorized_rank|quality_minus_risk,medium,use notice/disclosure date plus conservative next-trading-day lag,nonminute_pit_context_panel_then_integrated_factor_pack,eligible_for_bulk_transform_plan
cn_fundamental_akshare_batch_v1_20260531\aggregated_v1,profit_sheet_report_em,FEE_COMMISSION_NI_YOY,fundamental_quality_risk,announcement_pit_feature,notice_or_disclosure_lagged,candidate_after_pit_contract,notice_lagged_latest|quarter_delta|ttm_proxy|ratio|winsorized_rank|quality_minus_risk,medium,use notice/disclosure date plus conservative next-trading-day lag,nonminute_pit_context_panel_then_integrated_factor_pack,eligible_for_bulk_transform_plan
cn_fundamental_akshare_batch_v1_20260531\aggregated_v1,profit_sheet_report_em,FE_INTEREST_EXPENSE,fundamental_quality_risk,announcement_pit_feature,notice_or_disclosure_lagged,candidate_after_pit_contract,notice_lagged_latest|quarter_delta|ttm_proxy|ratio|winsorized_rank|quality_minus_risk,medium,use notice/disclosure date plus conservative next-trading-day lag,nonminute_pit_context_panel_then_integrated_factor_pack,eligible_for_bulk_transform_plan
cn_fundamental_akshare_batch_v1_20260531\aggregated_v1,profit_sheet_report_em,FE_INTEREST_EXPENSE_YOY,fundamental_quality_risk,announcement_pit_feature,notice_or_disclosure_lagged,candidate_after_pit_contract,notice_lagged_latest|quarter_delta|ttm_proxy|ratio|winsorized_rank|quality_minus_risk,medium,use notice/disclosure date plus conservative next-trading-day lag,nonminute_pit_context_panel_then_integrated_factor_pack,eligible_for_bulk_transform_plan
cn_fundamental_akshare_batch_v1_20260531\aggregated_v1,profit_sheet_report_em,FE_INTEREST_INCOME,fundamental_quality_risk,announcement_pit_feature,notice_or_disclosure_lagged,candidate_after_pit_contract,notice_lagged_latest|quarter_delta|ttm_proxy|ratio|winsorized_rank|quality_minus_risk,medium,use notice/disclosure date plus conservative next-trading-day lag,nonminute_pit_context_panel_then_integrated_factor_pack,eligible_for_bulk_transform_plan
cn_fundamental_akshare_batch_v1_20260531\aggregated_v1,profit_sheet_report_em,FE_INTEREST_INCOME_YOY,fundamental_quality_risk,announcement_pit_feature,notice_or_disclosure_lagged,candidate_after_pit_contract,notice_lagged_latest|quarter_delta|ttm_proxy|ratio|winsorized_rank|quality_minus_risk,medium,use notice/disclosure date plus conservative next-trading-day lag,nonminute_pit_context_panel_then_integrated_factor_pack,eligible_for_bulk_transform_plan
cn_fundamental_akshare_batch_v1_20260531\aggregated_v1,profit_sheet_report_em,FINANCE_ADVISER_NI,fundamental_quality_risk,announcement_pit_feature,notice_or_disclosure_lagged,candidate_after_pit_contract,notice_lagged_latest|quarter_delta|ttm_proxy|ratio|winsorized_rank|quality_minus_risk,medium,use notice/disclosure date plus conservative next-trading-day lag,nonminute_pit_context_panel_then_integrated_factor_pack,eligible_for_bulk_transform_plan
cn_fundamental_akshare_batch_v1_20260531\aggregated_v1,profit_sheet_report_em,FINANCE_ADVISER_NI_YOY,fundamental_quality_risk,announcement_pit_feature,notice_or_disclosure_lagged,candidate_after_pit_contract,notice_lagged_latest|quarter_delta|ttm_proxy|ratio|winsorized_rank|quality_minus_risk,medium,use notice/disclosure date plus conservative next-trading-day lag,nonminute_pit_context_panel_then_integrated_factor_pack,eligible_for_bulk_transform_plan
cn_fundamental_akshare_batch_v1_20260531\aggregated_v1,profit_sheet_report_em,FINANCE_EXPENSE,fundamental_quality_risk,announcement_pit_feature,notice_or_disclosure_lagged,candidate_after_pit_contract,notice_lagged_latest|quarter_delta|ttm_proxy|ratio|winsorized_rank|quality_minus_risk,medium,use notice/disclosure date plus conservative next-trading-day lag,nonminute_pit_context_panel_then_integrated_factor_pack,eligible_for_bulk_transform_plan
cn_fundamental_akshare_batch_v1_20260531\aggregated_v1,profit_sheet_report_em,FINANCE_EXPENSE_YOY,fundamental_quality_risk,announcement_pit_feature,notice_or_disclosure_lagged,candidate_after_pit_contract,notice_lagged_latest|quarter_delta|ttm_proxy|ratio|winsorized_rank|quality_minus_risk,medium,use notice/disclosure date plus conservative next-trading-day lag,nonminute_pit_context_panel_then_integrated_factor_pack,eligible_for_bulk_transform_plan
cn_fundamental_akshare_batch_v1_20260531\aggregated_v1,profit_sheet_report_em,FINANCE_OCI_AMT,fundamental_quality_risk,announcement_pit_feature,notice_or_disclosure_lagged,candidate_after_pit_contract,notice_lagged_latest|quarter_delta|ttm_proxy|ratio|winsorized_rank|quality_minus_risk,medium,use notice/disclosure date plus conservative next-trading-day lag,nonminute_pit_context_panel_then_integrated_factor_pack,eligible_for_bulk_transform_plan
cn_fundamental_akshare_batch_v1_20260531\aggregated_v1,profit_sheet_report_em,FINANCE_OCI_AMT_YOY,fundamental_quality_risk,announcement_pit_feature,notice_or_disclosure_lagged,candidate_after_pit_contract,notice_lagged_latest|quarter_delta|ttm_proxy|ratio|winsorized_rank|quality_minus_risk,medium,use notice/disclosure date plus conservative next-trading-day lag,nonminute_pit_context_panel_then_integrated_factor_pack,eligible_for_bulk_transform_plan
cn_fundamental_akshare_batch_v1_20260531\aggregated_v1,profit_sheet_report_em,FUND_MANAGE_NI,fundamental_quality_risk,announcement_pit_feature,notice_or_disclosure_lagged,candidate_after_pit_contract,notice_lagged_latest|quarter_delta|ttm_proxy|ratio|winsorized_rank|quality_minus_risk,medium,use notice/disclosure date plus conservative next-trading-day lag,nonminute_pit_context_panel_then_integrated_factor_pack,eligible_for_bulk_transform_plan
cn_fundamental_akshare_batch_v1_20260531\aggregated_v1,profit_sheet_report_em,FUND_MANAGE_NI_YOY,fundamental_quality_risk,announcement_pit_feature,notice_or_disclosure_lagged,candidate_after_pit_contract,notice_lagged_latest|quarter_delta|ttm_proxy|ratio|winsorized_rank|quality_minus_risk,medium,use notice/disclosure date plus conservative next-trading-day lag,nonminute_pit_context_panel_then_integrated_factor_pack,eligible_for_bulk_transform_plan
cn_fundamental_akshare_batch_v1_20260531\aggregated_v1,profit_sheet_report_em,FUND_SALE_NI,fundamental_quality_risk,announcement_pit_feature,notice_or_disclosure_lagged,candidate_after_pit_contract,notice_lagged_latest|quarter_delta|ttm_proxy|ratio|winsorized_rank|quality_minus_risk,medium,use notice/disclosure date plus conservative next-trading-day lag,nonminute_pit_context_panel_then_integrated_factor_pack,eligible_for_bulk_transform_plan
cn_fundamental_akshare_batch_v1_20260531\aggregated_v1,profit_sheet_report_em,FUND_SALE_NI_YOY,fundamental_quality_risk,announcement_pit_feature,notice_or_disclosure_lagged,candidate_after_pit_contract,notice_lagged_latest|quarter_delta|ttm_proxy|ratio|winsorized_rank|quality_minus_risk,medium,use notice/disclosure date plus conservative next-trading-day lag,nonminute_pit_context_panel_then_integrated_factor_pack,eligible_for_bulk_transform_plan
cn_fundamental_akshare_batch_v1_20260531\aggregated_v1,profit_sheet_report_em,HMI_AFA,fundamental_quality_risk,announcement_pit_feature,notice_or_disclosure_lagged,candidate_after_pit_contract,notice_lagged_latest|quarter_delta|ttm_proxy|ratio|winsorized_rank|quality_minus_risk,medium,use notice/disclosure date plus conservative next-trading-day lag,nonminute_pit_context_panel_then_integrated_factor_pack,eligible_for_bulk_transform_plan
cn_fundamental_akshare_batch_v1_20260531\aggregated_v1,profit_sheet_report_em,HMI_AFA_YOY,fundamental_quality_risk,announcement_pit_feature,notice_or_disclosure_lagged,candidate_after_pit_contract,notice_lagged_latest|quarter_delta|ttm_proxy|ratio|winsorized_rank|quality_minus_risk,medium,use notice/disclosure date plus conservative next-trading-day lag,nonminute_pit_context_panel_then_integrated_factor_pack,eligible_for_bulk_transform_plan
cn_fundamental_akshare_batch_v1_20260531\aggregated_v1,profit_sheet_report_em,INCOME_TAX,fundamental_quality_risk,announcement_pit_feature,notice_or_disclosure_lagged,candidate_after_pit_contract,notice_lagged_latest|quarter_delta|ttm_proxy|ratio|winsorized_rank|quality_minus_risk,medium,use notice/disclosure date plus conservative next-trading-day lag,nonminute_pit_context_panel_then_integrated_factor_pack,eligible_for_bulk_transform_plan
cn_fundamental_akshare_batch_v1_20260531\aggregated_v1,profit_sheet_report_em,INCOME_TAX_YOY,fundamental_quality_risk,announcement_pit_feature,notice_or_disclosure_lagged,candidate_after_pit_contract,notice_lagged_latest|quarter_delta|ttm_proxy|ratio|winsorized_rank|quality_minus_risk,medium,use notice/disclosure date plus conservative next-trading-day lag,nonminute_pit_context_panel_then_integrated_factor_pack,eligible_for_bulk_transform_plan
cn_fundamental_akshare_batch_v1_20260531\aggregated_v1,profit_sheet_report_em,INSURANCE_INCOME,fundamental_quality_risk,announcement_pit_feature,notice_or_disclosure_lagged,candidate_after_pit_contract,notice_lagged_latest|quarter_delta|ttm_proxy|ratio|winsorized_rank|quality_minus_risk,medium,use notice/disclosure date plus conservative next-trading-day lag,nonminute_pit_context_panel_then_integrated_factor_pack,eligible_for_bulk_transform_plan
cn_fundamental_akshare_batch_v1_20260531\aggregated_v1,profit_sheet_report_em,INSURANCE_INCOME_YOY,fundamental_quality_risk,announcement_pit_feature,notice_or_disclosure_lagged,candidate_after_pit_contract,notice_lagged_latest|quarter_delta|ttm_proxy|ratio|winsorized_rank|quality_minus_risk,medium,use notice/disclosure date plus conservative next-trading-day lag,nonminute_pit_context_panel_then_integrated_factor_pack,eligible_for_bulk_transform_plan
cn_fundamental_akshare_batch_v1_20260531\aggregated_v1,profit_sheet_report_em,INTEREST_EXPENSE,fundamental_quality_risk,announcement_pit_feature,notice_or_disclosure_lagged,candidate_after_pit_contract,notice_lagged_latest|quarter_delta|ttm_proxy|ratio|winsorized_rank|quality_minus_risk,medium,use notice/disclosure date plus conservative next-trading-day lag,nonminute_pit_context_panel_then_integrated_factor_pack,eligible_for_bulk_transform_plan
cn_fundamental_akshare_batch_v1_20260531\aggregated_v1,profit_sheet_report_em,INTEREST_EXPENSE_YOY,fundamental_quality_risk,announcement_pit_feature,notice_or_disclosure_lagged,candidate_after_pit_contract,notice_lagged_latest|quarter_delta|ttm_proxy|ratio|winsorized_rank|quality_minus_risk,medium,use notice/disclosure date plus conservative next-trading-day lag,nonminute_pit_context_panel_then_integrated_factor_pack,eligible_for_bulk_transform_plan
cn_fundamental_akshare_batch_v1_20260531\aggregated_v1,profit_sheet_report_em,INTEREST_INCOME,fundamental_quality_risk,announcement_pit_feature,notice_or_disclosure_lagged,candidate_after_pit_contract,notice_lagged_latest|quarter_delta|ttm_proxy|ratio|winsorized_rank|quality_minus_risk,medium,use notice/disclosure date plus conservative next-trading-day lag,nonminute_pit_context_panel_then_integrated_factor_pack,eligible_for_bulk_transform_plan
cn_fundamental_akshare_batch_v1_20260531\aggregated_v1,profit_sheet_report_em,INTEREST_INCOME_YOY,fundamental_quality_risk,announcement_pit_feature,notice_or_disclosure_lagged,candidate_after_pit_contract,notice_lagged_latest|quarter_delta|ttm_proxy|ratio|winsorized_rank|quality_minus_risk,medium,use notice/disclosure date plus conservative next-trading-day lag,nonminute_pit_context_panel_then_integrated_factor_pack,eligible_for_bulk_transform_plan
cn_fundamental_akshare_batch_v1_20260531\aggregated_v1,profit_sheet_report_em,INTEREST_NI,fundamental_quality_risk,announcement_pit_feature,notice_or_disclosure_lagged,candidate_after_pit_contract,notice_lagged_latest|quarter_delta|ttm_proxy|ratio|winsorized_rank|quality_minus_risk,medium,use notice/disclosure date plus conservative next-trading-day lag,nonminute_pit_context_panel_then_integrated_factor_pack,eligible_for_bulk_transform_plan
cn_fundamental_akshare_batch_v1_20260531\aggregated_v1,profit_sheet_report_em,INTEREST_NI_YOY,fundamental_quality_risk,announcement_pit_feature,notice_or_disclosure_lagged,candidate_after_pit_contract,notice_lagged_latest|quarter_delta|ttm_proxy|ratio|winsorized_rank|quality_minus_risk,medium,use notice/disclosure date plus conservative next-trading-day lag,nonminute_pit_context_panel_then_integrated_factor_pack,eligible_for_bulk_transform_plan
cn_fundamental_akshare_batch_v1_20260531\aggregated_v1,profit_sheet_report_em,INVESTBANK_FEE_NI,fundamental_quality_risk,announcement_pit_feature,notice_or_disclosure_lagged,candidate_after_pit_contract,notice_lagged_latest|quarter_delta|ttm_proxy|ratio|winsorized_rank|quality_minus_risk,medium,use notice/disclosure date plus conservative next-trading-day lag,nonminute_pit_context_panel_then_integrated_factor_pack,eligible_for_bulk_transform_plan
cn_fundamental_akshare_batch_v1_20260531\aggregated_v1,profit_sheet_report_em,INVESTBANK_FEE_NI_YOY,fundamental_quality_risk,announcement_pit_feature,notice_or_disclosure_lagged,candidate_after_pit_contract,notice_lagged_latest|quarter_delta|ttm_proxy|ratio|winsorized_rank|quality_minus_risk,medium,use notice/disclosure date plus conservative next-trading-day lag,nonminute_pit_context_panel_then_integrated_factor_pack,eligible_for_bulk_transform_plan
cn_fundamental_akshare_batch_v1_20260531\aggregated_v1,profit_sheet_report_em,INVEST_INCOME,fundamental_quality_risk,announcement_pit_feature,notice_or_disclosure_lagged,candidate_after_pit_contract,notice_lagged_latest|quarter_delta|ttm_proxy|ratio|winsorized_rank|quality_minus_risk,medium,use notice/disclosure date plus conservative next-trading-day lag,nonminute_pit_context_panel_then_integrated_factor_pack,eligible_for_bulk_transform_plan
cn_fundamental_akshare_batch_v1_20260531\aggregated_v1,profit_sheet_report_em,INVEST_INCOME_YOY,fundamental_quality_risk,announcement_pit_feature,notice_or_disclosure_lagged,candidate_after_pit_contract,notice_lagged_latest|quarter_delta|ttm_proxy|ratio|winsorized_rank|quality_minus_risk,medium,use notice/disclosure date plus conservative next-trading-day lag,nonminute_pit_context_panel_then_integrated_factor_pack,eligible_for_bulk_transform_plan
cn_fundamental_akshare_batch_v1_20260531\aggregated_v1,profit_sheet_report_em,INVEST_JOINT_INCOME,fundamental_quality_risk,announcement_pit_feature,notice_or_disclosure_lagged,candidate_after_pit_contract,notice_lagged_latest|quarter_delta|ttm_proxy|ratio|winsorized_rank|quality_minus_risk,medium,use notice/disclosure date plus conservative next-trading-day lag,nonminute_pit_context_panel_then_integrated_factor_pack,eligible_for_bulk_transform_plan
cn_fundamental_akshare_batch_v1_20260531\aggregated_v1,profit_sheet_report_em,INVEST_JOINT_INCOME_YOY,fundamental_quality_risk,announcement_pit_feature,notice_or_disclosure_lagged,candidate_after_pit_contract,notice_lagged_latest|quarter_delta|ttm_proxy|ratio|winsorized_rank|quality_minus_risk,medium,use notice/disclosure date plus conservative next-trading-day lag,nonminute_pit_context_panel_then_integrated_factor_pack,eligible_for_bulk_transform_plan
cn_fundamental_akshare_batch_v1_20260531\aggregated_v1,profit_sheet_report_em,MANAGE_EXPENSE,fundamental_quality_risk,announcement_pit_feature,notice_or_disclosure_lagged,candidate_after_pit_contract,notice_lagged_latest|quarter_delta|ttm_proxy|ratio|winsorized_rank|quality_minus_risk,medium,use notice/disclosure date plus conservative next-trading-day lag,nonminute_pit_context_panel_then_integrated_factor_pack,eligible_for_bulk_transform_plan
cn_fundamental_akshare_batch_v1_20260531\aggregated_v1,profit_sheet_report_em,MANAGE_EXPENSE_YOY,fundamental_quality_risk,announcement_pit_feature,notice_or_disclosure_lagged,candidate_after_pit_contract,notice_lagged_latest|quarter_delta|ttm_proxy|ratio|winsorized_rank|quality_minus_risk,medium,use notice/disclosure date plus conservative next-trading-day lag,nonminute_pit_context_panel_then_integrated_factor_pack,eligible_for_bulk_transform_plan
cn_fundamental_akshare_batch_v1_20260531\aggregated_v1,profit_sheet_report_em,ME_RESEARCH_EXPENSE,fundamental_quality_risk,announcement_pit_feature,notice_or_disclosure_lagged,candidate_after_pit_contract,notice_lagged_latest|quarter_delta|ttm_proxy|ratio|winsorized_rank|quality_minus_risk,medium,use notice/disclosure date plus conservative next-trading-day lag,nonminute_pit_context_panel_then_integrated_factor_pack,eligible_for_bulk_transform_plan
cn_fundamental_akshare_batch_v1_20260531\aggregated_v1,profit_sheet_report_em,ME_RESEARCH_EXPENSE_YOY,fundamental_quality_risk,announcement_pit_feature,notice_or_disclosure_lagged,candidate_after_pit_contract,notice_lagged_latest|quarter_delta|ttm_proxy|ratio|winsorized_rank|quality_minus_risk,medium,use notice/disclosure date plus conservative next-trading-day lag,nonminute_pit_context_panel_then_integrated_factor_pack,eligible_for_bulk_transform_plan
cn_fundamental_akshare_batch_v1_20260531\aggregated_v1,profit_sheet_report_em,MINORITY_INTEREST,fundamental_quality_risk,announcement_pit_feature,notice_or_disclosure_lagged,candidate_after_pit_contract,notice_lagged_latest|quarter_delta|ttm_proxy|ratio|winsorized_rank|quality_minus_risk,medium,use notice/disclosure date plus conservative next-trading-day lag,nonminute_pit_context_panel_then_integrated_factor_pack,eligible_for_bulk_transform_plan
cn_fundamental_akshare_batch_v1_20260531\aggregated_v1,profit_sheet_report_em,MINORITY_INTEREST_YOY,fundamental_quality_risk,announcement_pit_feature,notice_or_disclosure_lagged,candidate_after_pit_contract,notice_lagged_latest|quarter_delta|ttm_proxy|ratio|winsorized_rank|quality_minus_risk,medium,use notice/disclosure date plus conservative next-trading-day lag,nonminute_pit_context_panel_then_integrated_factor_pack,eligible_for_bulk_transform_plan
cn_fundamental_akshare_batch_v1_20260531\aggregated_v1,profit_sheet_report_em,MINORITY_OCI,fundamental_quality_risk,announcement_pit_feature,notice_or_disclosure_lagged,candidate_after_pit_contract,notice_lagged_latest|quarter_delta|ttm_proxy|ratio|winsorized_rank|quality_minus_risk,medium,use notice/disclosure date plus conservative next-trading-day lag,nonminute_pit_context_panel_then_integrated_factor_pack,eligible_for_bulk_transform_plan
cn_fundamental_akshare_batch_v1_20260531\aggregated_v1,profit_sheet_report_em,MINORITY_OCI_YOY,fundamental_quality_risk,announcement_pit_feature,notice_or_disclosure_lagged,candidate_after_pit_contract,notice_lagged_latest|quarter_delta|ttm_proxy|ratio|winsorized_rank|quality_minus_risk,medium,use notice/disclosure date plus conservative next-trading-day lag,nonminute_pit_context_panel_then_integrated_factor_pack,eligible_for_bulk_transform_plan
cn_fundamental_akshare_batch_v1_20260531\aggregated_v1,profit_sheet_report_em,MINORITY_TCI,fundamental_quality_risk,announcement_pit_feature,notice_or_disclosure_lagged,candidate_after_pit_contract,notice_lagged_latest|quarter_delta|ttm_proxy|ratio|winsorized_rank|quality_minus_risk,medium,use notice/disclosure date plus conservative next-trading-day lag,nonminute_pit_context_panel_then_integrated_factor_pack,eligible_for_bulk_transform_plan
cn_fundamental_akshare_batch_v1_20260531\aggregated_v1,profit_sheet_report_em,MINORITY_TCI_YOY,fundamental_quality_risk,announcement_pit_feature,notice_or_disclosure_lagged,candidate_after_pit_contract,notice_lagged_latest|quarter_delta|ttm_proxy|ratio|winsorized_rank|quality_minus_risk,medium,use notice/disclosure date plus conservative next-trading-day lag,nonminute_pit_context_panel_then_integrated_factor_pack,eligible_for_bulk_transform_plan
cn_fundamental_akshare_batch_v1_20260531\aggregated_v1,profit_sheet_report_em,NETPROFIT,fundamental_quality_risk,announcement_pit_feature,notice_or_disclosure_lagged,candidate_after_pit_contract,notice_lagged_latest|quarter_delta|ttm_proxy|ratio|winsorized_rank|quality_minus_risk,medium,use notice/disclosure date plus conservative next-trading-day lag,nonminute_pit_context_panel_then_integrated_factor_pack,eligible_for_bulk_transform_plan
cn_fundamental_akshare_batch_v1_20260531\aggregated_v1,profit_sheet_report_em,NETPROFIT_BALANCE,fundamental_quality_risk,announcement_pit_feature,notice_or_disclosure_lagged,candidate_after_pit_contract,notice_lagged_latest|quarter_delta|ttm_proxy|ratio|winsorized_rank|quality_minus_risk,medium,use notice/disclosure date plus conservative next-trading-day lag,nonminute_pit_context_panel_then_integrated_factor_pack,eligible_for_bulk_transform_plan
cn_fundamental_akshare_batch_v1_20260531\aggregated_v1,profit_sheet_report_em,NETPROFIT_BALANCE_YOY,fundamental_quality_risk,announcement_pit_feature,notice_or_disclosure_lagged,candidate_after_pit_contract,notice_lagged_latest|quarter_delta|ttm_proxy|ratio|winsorized_rank|quality_minus_risk,medium,use notice/disclosure date plus conservative next-trading-day lag,nonminute_pit_context_panel_then_integrated_factor_pack,eligible_for_bulk_transform_plan
cn_fundamental_akshare_batch_v1_20260531\aggregated_v1,profit_sheet_report_em,NETPROFIT_OTHER,fundamental_quality_risk,announcement_pit_feature,notice_or_disclosure_lagged,candidate_after_pit_contract,notice_lagged_latest|quarter_delta|ttm_proxy|ratio|winsorized_rank|quality_minus_risk,medium,use notice/disclosure date plus conservative next-trading-day lag,nonminute_pit_context_panel_then_integrated_factor_pack,eligible_for_bulk_transform_plan
cn_fundamental_akshare_batch_v1_20260531\aggregated_v1,profit_sheet_report_em,NETPROFIT_OTHER_YOY,fundamental_quality_risk,announcement_pit_feature,notice_or_disclosure_lagged,candidate_after_pit_contract,notice_lagged_latest|quarter_delta|ttm_proxy|ratio|winsorized_rank|quality_minus_risk,medium,use notice/disclosure date plus conservative next-trading-day lag,nonminute_pit_context_panel_then_integrated_factor_pack,eligible_for_bulk_transform_plan
cn_fundamental_akshare_batch_v1_20260531\aggregated_v1,profit_sheet_report_em,NETPROFIT_YOY,fundamental_quality_risk,announcement_pit_feature,notice_or_disclosure_lagged,candidate_after_pit_contract,notice_lagged_latest|quarter_delta|ttm_proxy|ratio|winsorized_rank|quality_minus_risk,medium,use notice/disclosure date plus conservative next-trading-day lag,nonminute_pit_context_panel_then_integrated_factor_pack,eligible_for_bulk_transform_plan
cn_fundamental_akshare_batch_v1_20260531\aggregated_v1,profit_sheet_report_em,NET_COMPENSATE_EXPENSE,fundamental_quality_risk,announcement_pit_feature,notice_or_disclosure_lagged,candidate_after_pit_contract,notice_lagged_latest|quarter_delta|ttm_proxy|ratio|winsorized_rank|quality_minus_risk,medium,use notice/disclosure date plus conservative next-trading-day lag,nonminute_pit_context_panel_then_integrated_factor_pack,eligible_for_bulk_transform_plan
cn_fundamental_akshare_batch_v1_20260531\aggregated_v1,profit_sheet_report_em,NET_COMPENSATE_EXPENSE_YOY,fundamental_quality_risk,announcement_pit_feature,notice_or_disclosure_lagged,candidate_after_pit_contract,notice_lagged_latest|quarter_delta|ttm_proxy|ratio|winsorized_rank|quality_minus_risk,medium,use notice/disclosure date plus conservative next-trading-day lag,nonminute_pit_context_panel_then_integrated_factor_pack,eligible_for_bulk_transform_plan
cn_fundamental_akshare_batch_v1_20260531\aggregated_v1,profit_sheet_report_em,NET_CONTRACT_RESERVE,fundamental_quality_risk,announcement_pit_feature,notice_or_disclosure_lagged,candidate_after_pit_contract,notice_lagged_latest|quarter_delta|ttm_proxy|ratio|winsorized_rank|quality_minus_risk,medium,use notice/disclosure date plus conservative next-trading-day lag,nonminute_pit_context_panel_then_integrated_factor_pack,eligible_for_bulk_transform_plan
cn_fundamental_akshare_batch_v1_20260531\aggregated_v1,profit_sheet_report_em,NET_CONTRACT_RESERVE_YOY,fundamental_quality_risk,announcement_pit_feature,notice_or_disclosure_lagged,candidate_after_pit_contract,notice_lagged_latest|quarter_delta|ttm_proxy|ratio|winsorized_rank|quality_minus_risk,medium,use notice/disclosure date plus conservative next-trading-day lag,nonminute_pit_context_panel_then_integrated_factor_pack,eligible_for_bulk_transform_plan
cn_fundamental_akshare_batch_v1_20260531\aggregated_v1,profit_sheet_report_em,NET_EXPOSURE_INCOME,fundamental_quality_risk,announcement_pit_feature,notice_or_disclosure_lagged,candidate_after_pit_contract,notice_lagged_latest|quarter_delta|ttm_proxy|ratio|winsorized_rank|quality_minus_risk,medium,use notice/disclosure date plus conservative next-trading-day lag,nonminute_pit_context_panel_then_integrated_factor_pack,eligible_for_bulk_transform_plan
cn_fundamental_akshare_batch_v1_20260531\aggregated_v1,profit_sheet_report_em,NET_EXPOSURE_INCOME_YOY,fundamental_quality_risk,announcement_pit_feature,notice_or_disclosure_lagged,candidate_after_pit_contract,notice_lagged_latest|quarter_delta|ttm_proxy|ratio|winsorized_rank|quality_minus_risk,medium,use notice/disclosure date plus conservative next-trading-day lag,nonminute_pit_context_panel_then_integrated_factor_pack,eligible_for_bulk_transform_plan
cn_fundamental_akshare_batch_v1_20260531\aggregated_v1,profit_sheet_report_em,NONBUSINESS_EXPENSE,fundamental_quality_risk,announcement_pit_feature,notice_or_disclosure_lagged,candidate_after_pit_contract,notice_lagged_latest|quarter_delta|ttm_proxy|ratio|winsorized_rank|quality_minus_risk,medium,use notice/disclosure date plus conservative next-trading-day lag,nonminute_pit_context_panel_then_integrated_factor_pack,eligible_for_bulk_transform_plan
cn_fundamental_akshare_batch_v1_20260531\aggregated_v1,profit_sheet_report_em,NONBUSINESS_EXPENSE_YOY,fundamental_quality_risk,announcement_pit_feature,notice_or_disclosure_lagged,candidate_after_pit_contract,notice_lagged_latest|quarter_delta|ttm_proxy|ratio|winsorized_rank|quality_minus_risk,medium,use notice/disclosure date plus conservative next-trading-day lag,nonminute_pit_context_panel_then_integrated_factor_pack,eligible_for_bulk_transform_plan
cn_fundamental_akshare_batch_v1_20260531\aggregated_v1,profit_sheet_report_em,NONBUSINESS_INCOME,fundamental_quality_risk,announcement_pit_feature,notice_or_disclosure_lagged,candidate_after_pit_contract,notice_lagged_latest|quarter_delta|ttm_proxy|ratio|winsorized_rank|quality_minus_risk,medium,use notice/disclosure date plus conservative next-trading-day lag,nonminute_pit_context_panel_then_integrated_factor_pack,eligible_for_bulk_transform_plan
cn_fundamental_akshare_batch_v1_20260531\aggregated_v1,profit_sheet_report_em,NONBUSINESS_INCOME_YOY,fundamental_quality_risk,announcement_pit_feature,notice_or_disclosure_lagged,candidate_after_pit_contract,notice_lagged_latest|quarter_delta|ttm_proxy|ratio|winsorized_rank|quality_minus_risk,medium,use notice/disclosure date plus conservative next-trading-day lag,nonminute_pit_context_panel_then_integrated_factor_pack,eligible_for_bulk_transform_plan
cn_fundamental_akshare_batch_v1_20260531\aggregated_v1,profit_sheet_report_em,NONCURRENT_DISPOSAL_INCOME,fundamental_quality_risk,announcement_pit_feature,notice_or_disclosure_lagged,candidate_after_pit_contract,notice_lagged_latest|quarter_delta|ttm_proxy|ratio|winsorized_rank|quality_minus_risk,medium,use notice/disclosure date plus conservative next-trading-day lag,nonminute_pit_context_panel_then_integrated_factor_pack,eligible_for_bulk_transform_plan
cn_fundamental_akshare_batch_v1_20260531\aggregated_v1,profit_sheet_report_em,NONCURRENT_DISPOSAL_INCOME_YOY,fundamental_quality_risk,announcement_pit_feature,notice_or_disclosure_lagged,candidate_after_pit_contract,notice_lagged_latest|quarter_delta|ttm_proxy|ratio|winsorized_rank|quality_minus_risk,medium,use notice/disclosure date plus conservative next-trading-day lag,nonminute_pit_context_panel_then_integrated_factor_pack,eligible_for_bulk_transform_plan
cn_fundamental_akshare_batch_v1_20260531\aggregated_v1,profit_sheet_report_em,NONCURRENT_DISPOSAL_LOSS,fundamental_quality_risk,announcement_pit_feature,notice_or_disclosure_lagged,candidate_after_pit_contract,notice_lagged_latest|quarter_delta|ttm_proxy|ratio|winsorized_rank|quality_minus_risk,medium,use notice/disclosure date plus conservative next-trading-day lag,nonminute_pit_context_panel_then_integrated_factor_pack,eligible_for_bulk_transform_plan
cn_fundamental_akshare_batch_v1_20260531\aggregated_v1,profit_sheet_report_em,NONCURRENT_DISPOSAL_LOSS_YOY,fundamental_quality_risk,announcement_pit_feature,notice_or_disclosure_lagged,candidate_after_pit_contract,notice_lagged_latest|quarter_delta|ttm_proxy|ratio|winsorized_rank|quality_minus_risk,medium,use notice/disclosure date plus conservative next-trading-day lag,nonminute_pit_context_panel_then_integrated_factor_pack,eligible_for_bulk_transform_plan
cn_fundamental_akshare_batch_v1_20260531\aggregated_v1,profit_sheet_report_em,OCI_BALANCE,fundamental_quality_risk,announcement_pit_feature,notice_or_disclosure_lagged,candidate_after_pit_contract,notice_lagged_latest|quarter_delta|ttm_proxy|ratio|winsorized_rank|quality_minus_risk,medium,use notice/disclosure date plus conservative next-trading-day lag,nonminute_pit_context_panel_then_integrated_factor_pack,eligible_for_bulk_transform_plan
cn_fundamental_akshare_batch_v1_20260531\aggregated_v1,profit_sheet_report_em,OCI_BALANCE_YOY,fundamental_quality_risk,announcement_pit_feature,notice_or_disclosure_lagged,candidate_after_pit_contract,notice_lagged_latest|quarter_delta|ttm_proxy|ratio|winsorized_rank|quality_minus_risk,medium,use notice/disclosure date plus conservative next-trading-day lag,nonminute_pit_context_panel_then_integrated_factor_pack,eligible_for_bulk_transform_plan
cn_fundamental_akshare_batch_v1_20260531\aggregated_v1,profit_sheet_report_em,OCI_OTHER,fundamental_quality_risk,announcement_pit_feature,notice_or_disclosure_lagged,candidate_after_pit_contract,notice_lagged_latest|quarter_delta|ttm_proxy|ratio|winsorized_rank|quality_minus_risk,medium,use notice/disclosure date plus conservative next-trading-day lag,nonminute_pit_context_panel_then_integrated_factor_pack,eligible_for_bulk_transform_plan
cn_fundamental_akshare_batch_v1_20260531\aggregated_v1,profit_sheet_report_em,OCI_OTHER_YOY,fundamental_quality_risk,announcement_pit_feature,notice_or_disclosure_lagged,candidate_after_pit_contract,notice_lagged_latest|quarter_delta|ttm_proxy|ratio|winsorized_rank|quality_minus_risk,medium,use notice/disclosure date plus conservative next-trading-day lag,nonminute_pit_context_panel_then_integrated_factor_pack,eligible_for_bulk_transform_plan
cn_fundamental_akshare_batch_v1_20260531\aggregated_v1,profit_sheet_report_em,OPERATE_COST,fundamental_quality_risk,announcement_pit_feature,notice_or_disclosure_lagged,candidate_after_pit_contract,notice_lagged_latest|quarter_delta|ttm_proxy|ratio|winsorized_rank|quality_minus_risk,medium,use notice/disclosure date plus conservative next-trading-day lag,nonminute_pit_context_panel_then_integrated_factor_pack,eligible_for_bulk_transform_plan
cn_fundamental_akshare_batch_v1_20260531\aggregated_v1,profit_sheet_report_em,OPERATE_COST_YOY,fundamental_quality_risk,announcement_pit_feature,notice_or_disclosure_lagged,candidate_after_pit_contract,notice_lagged_latest|quarter_delta|ttm_proxy|ratio|winsorized_rank|quality_minus_risk,medium,use notice/disclosure date plus conservative next-trading-day lag,nonminute_pit_context_panel_then_integrated_factor_pack,eligible_for_bulk_transform_plan
cn_fundamental_akshare_batch_v1_20260531\aggregated_v1,profit_sheet_report_em,OPERATE_EXPENSE,fundamental_quality_risk,announcement_pit_feature,notice_or_disclosure_lagged,candidate_after_pit_contract,notice_lagged_latest|quarter_delta|ttm_proxy|ratio|winsorized_rank|quality_minus_risk,medium,use notice/disclosure date plus conservative next-trading-day lag,nonminute_pit_context_panel_then_integrated_factor_pack,eligible_for_bulk_transform_plan
cn_fundamental_akshare_batch_v1_20260531\aggregated_v1,profit_sheet_report_em,OPERATE_EXPENSE_BALANCE,fundamental_quality_risk,announcement_pit_feature,notice_or_disclosure_lagged,candidate_after_pit_contract,notice_lagged_latest|quarter_delta|ttm_proxy|ratio|winsorized_rank|quality_minus_risk,medium,use notice/disclosure date plus conservative next-trading-day lag,nonminute_pit_context_panel_then_integrated_factor_pack,eligible_for_bulk_transform_plan
cn_fundamental_akshare_batch_v1_20260531\aggregated_v1,profit_sheet_report_em,OPERATE_EXPENSE_BALANCE_YOY,fundamental_quality_risk,announcement_pit_feature,notice_or_disclosure_lagged,candidate_after_pit_contract,notice_lagged_latest|quarter_delta|ttm_proxy|ratio|winsorized_rank|quality_minus_risk,medium,use notice/disclosure date plus conservative next-trading-day lag,nonminute_pit_context_panel_then_integrated_factor_pack,eligible_for_bulk_transform_plan
cn_fundamental_akshare_batch_v1_20260531\aggregated_v1,profit_sheet_report_em,OPERATE_EXPENSE_OTHER,fundamental_quality_risk,announcement_pit_feature,notice_or_disclosure_lagged,candidate_after_pit_contract,notice_lagged_latest|quarter_delta|ttm_proxy|ratio|winsorized_rank|quality_minus_risk,medium,use notice/disclosure date plus conservative next-trading-day lag,nonminute_pit_context_panel_then_integrated_factor_pack,eligible_for_bulk_transform_plan
cn_fundamental_akshare_batch_v1_20260531\aggregated_v1,profit_sheet_report_em,OPERATE_EXPENSE_OTHER_YOY,fundamental_quality_risk,announcement_pit_feature,notice_or_disclosure_lagged,candidate_after_pit_contract,notice_lagged_latest|quarter_delta|ttm_proxy|ratio|winsorized_rank|quality_minus_risk,medium,use notice/disclosure date plus conservative next-trading-day lag,nonminute_pit_context_panel_then_integrated_factor_pack,eligible_for_bulk_transform_plan
cn_fundamental_akshare_batch_v1_20260531\aggregated_v1,profit_sheet_report_em,OPERATE_EXPENSE_YOY,fundamental_quality_risk,announcement_pit_feature,notice_or_disclosure_lagged,candidate_after_pit_contract,notice_lagged_latest|quarter_delta|ttm_proxy|ratio|winsorized_rank|quality_minus_risk,medium,use notice/disclosure date plus conservative next-trading-day lag,nonminute_pit_context_panel_then_integrated_factor_pack,eligible_for_bulk_transform_plan
cn_fundamental_akshare_batch_v1_20260531\aggregated_v1,profit_sheet_report_em,OPERATE_INCOME,fundamental_quality_risk,announcement_pit_feature,notice_or_disclosure_lagged,candidate_after_pit_contract,notice_lagged_latest|quarter_delta|ttm_proxy|ratio|winsorized_rank|quality_minus_risk,medium,use notice/disclosure date plus conservative next-trading-day lag,nonminute_pit_context_panel_then_integrated_factor_pack,eligible_for_bulk_transform_plan
cn_fundamental_akshare_batch_v1_20260531\aggregated_v1,profit_sheet_report_em,OPERATE_INCOME_BALANCE,fundamental_quality_risk,announcement_pit_feature,notice_or_disclosure_lagged,candidate_after_pit_contract,notice_lagged_latest|quarter_delta|ttm_proxy|ratio|winsorized_rank|quality_minus_risk,medium,use notice/disclosure date plus conservative next-trading-day lag,nonminute_pit_context_panel_then_integrated_factor_pack,eligible_for_bulk_transform_plan
cn_fundamental_akshare_batch_v1_20260531\aggregated_v1,profit_sheet_report_em,OPERATE_INCOME_BALANCE_YOY,fundamental_quality_risk,announcement_pit_feature,notice_or_disclosure_lagged,candidate_after_pit_contract,notice_lagged_latest|quarter_delta|ttm_proxy|ratio|winsorized_rank|quality_minus_risk,medium,use notice/disclosure date plus conservative next-trading-day lag,nonminute_pit_context_panel_then_integrated_factor_pack,eligible_for_bulk_transform_plan
cn_fundamental_akshare_batch_v1_20260531\aggregated_v1,profit_sheet_report_em,OPERATE_INCOME_OTHER,fundamental_quality_risk,announcement_pit_feature,notice_or_disclosure_lagged,candidate_after_pit_contract,notice_lagged_latest|quarter_delta|ttm_proxy|ratio|winsorized_rank|quality_minus_risk,medium,use notice/disclosure date plus conservative next-trading-day lag,nonminute_pit_context_panel_then_integrated_factor_pack,eligible_for_bulk_transform_plan
cn_fundamental_akshare_batch_v1_20260531\aggregated_v1,profit_sheet_report_em,OPERATE_INCOME_OTHER_YOY,fundamental_quality_risk,announcement_pit_feature,notice_or_disclosure_lagged,candidate_after_pit_contract,notice_lagged_latest|quarter_delta|ttm_proxy|ratio|winsorized_rank|quality_minus_risk,medium,use notice/disclosure date plus conservative next-trading-day lag,nonminute_pit_context_panel_then_integrated_factor_pack,eligible_for_bulk_transform_plan
cn_fundamental_akshare_batch_v1_20260531\aggregated_v1,profit_sheet_report_em,OPERATE_INCOME_YOY,fundamental_quality_risk,announcement_pit_feature,notice_or_disclosure_lagged,candidate_after_pit_contract,notice_lagged_latest|quarter_delta|ttm_proxy|ratio|winsorized_rank|quality_minus_risk,medium,use notice/disclosure date plus conservative next-trading-day lag,nonminute_pit_context_panel_then_integrated_factor_pack,eligible_for_bulk_transform_plan
cn_fundamental_akshare_batch_v1_20260531\aggregated_v1,profit_sheet_report_em,OPERATE_PROFIT,fundamental_quality_risk,announcement_pit_feature,notice_or_disclosure_lagged,candidate_after_pit_contract,notice_lagged_latest|quarter_delta|ttm_proxy|ratio|winsorized_rank|quality_minus_risk,medium,use notice/disclosure date plus conservative next-trading-day lag,nonminute_pit_context_panel_then_integrated_factor_pack,eligible_for_bulk_transform_plan
cn_fundamental_akshare_batch_v1_20260531\aggregated_v1,profit_sheet_report_em,OPERATE_PROFIT_BALANCE,fundamental_quality_risk,announcement_pit_feature,notice_or_disclosure_lagged,candidate_after_pit_contract,notice_lagged_latest|quarter_delta|ttm_proxy|ratio|winsorized_rank|quality_minus_risk,medium,use notice/disclosure date plus conservative next-trading-day lag,nonminute_pit_context_panel_then_integrated_factor_pack,eligible_for_bulk_transform_plan
cn_fundamental_akshare_batch_v1_20260531\aggregated_v1,profit_sheet_report_em,OPERATE_PROFIT_BALANCE_YOY,fundamental_quality_risk,announcement_pit_feature,notice_or_disclosure_lagged,candidate_after_pit_contract,notice_lagged_latest|quarter_delta|ttm_proxy|ratio|winsorized_rank|quality_minus_risk,medium,use notice/disclosure date plus conservative next-trading-day lag,nonminute_pit_context_panel_then_integrated_factor_pack,eligible_for_bulk_transform_plan
cn_fundamental_akshare_batch_v1_20260531\aggregated_v1,profit_sheet_report_em,OPERATE_PROFIT_OTHER,fundamental_quality_risk,announcement_pit_feature,notice_or_disclosure_lagged,candidate_after_pit_contract,notice_lagged_latest|quarter_delta|ttm_proxy|ratio|winsorized_rank|quality_minus_risk,medium,use notice/disclosure date plus conservative next-trading-day lag,nonminute_pit_context_panel_then_integrated_factor_pack,eligible_for_bulk_transform_plan
cn_fundamental_akshare_batch_v1_20260531\aggregated_v1,profit_sheet_report_em,OPERATE_PROFIT_OTHER_YOY,fundamental_quality_risk,announcement_pit_feature,notice_or_disclosure_lagged,candidate_after_pit_contract,notice_lagged_latest|quarter_delta|ttm_proxy|ratio|winsorized_rank|quality_minus_risk,medium,use notice/disclosure date plus conservative next-trading-day lag,nonminute_pit_context_panel_then_integrated_factor_pack,eligible_for_bulk_transform_plan
cn_fundamental_akshare_batch_v1_20260531\aggregated_v1,profit_sheet_report_em,OPERATE_PROFIT_YOY,fundamental_quality_risk,announcement_pit_feature,notice_or_disclosure_lagged,candidate_after_pit_contract,notice_lagged_latest|quarter_delta|ttm_proxy|ratio|winsorized_rank|quality_minus_risk,medium,use notice/disclosure date plus conservative next-trading-day lag,nonminute_pit_context_panel_then_integrated_factor_pack,eligible_for_bulk_transform_plan
cn_fundamental_akshare_batch_v1_20260531\aggregated_v1,profit_sheet_report_em,OPERATE_TAX_ADD,fundamental_quality_risk,announcement_pit_feature,notice_or_disclosure_lagged,candidate_after_pit_contract,notice_lagged_latest|quarter_delta|ttm_proxy|ratio|winsorized_rank|quality_minus_risk,medium,use notice/disclosure date plus conservative next-trading-day lag,nonminute_pit_context_panel_then_integrated_factor_pack,eligible_for_bulk_transform_plan
cn_fundamental_akshare_batch_v1_20260531\aggregated_v1,profit_sheet_report_em,OPERATE_TAX_ADD_YOY,fundamental_quality_risk,announcement_pit_feature,notice_or_disclosure_lagged,candidate_after_pit_contract,notice_lagged_latest|quarter_delta|ttm_proxy|ratio|winsorized_rank|quality_minus_risk,medium,use notice/disclosure date plus conservative next-trading-day lag,nonminute_pit_context_panel_then_integrated_factor_pack,eligible_for_bulk_transform_plan
cn_fundamental_akshare_batch_v1_20260531\aggregated_v1,profit_sheet_report_em,OPINION_TYPE,fundamental_quality_risk,announcement_pit_feature,notice_or_disclosure_lagged,candidate_after_pit_contract,notice_lagged_latest|quarter_delta|ttm_proxy|ratio|winsorized_rank|quality_minus_risk,medium,use notice/disclosure date plus conservative next-trading-day lag,nonminute_pit_context_panel_then_integrated_factor_pack,eligible_for_bulk_transform_plan
cn_fundamental_akshare_batch_v1_20260531\aggregated_v1,profit_sheet_report_em,ORG_CODE,fundamental_quality_risk,announcement_pit_feature,notice_or_disclosure_lagged,candidate_after_pit_contract,notice_lagged_latest|quarter_delta|ttm_proxy|ratio|winsorized_rank|quality_minus_risk,medium,use notice/disclosure date plus conservative next-trading-day lag,nonminute_pit_context_panel_then_integrated_factor_pack,eligible_for_bulk_transform_plan
cn_fundamental_akshare_batch_v1_20260531\aggregated_v1,profit_sheet_report_em,ORG_TYPE,fundamental_quality_risk,announcement_pit_feature,notice_or_disclosure_lagged,candidate_after_pit_contract,notice_lagged_latest|quarter_delta|ttm_proxy|ratio|winsorized_rank|quality_minus_risk,medium,use notice/disclosure date plus conservative next-trading-day lag,nonminute_pit_context_panel_then_integrated_factor_pack,eligible_for_bulk_transform_plan
cn_fundamental_akshare_batch_v1_20260531\aggregated_v1,profit_sheet_report_em,OSOPINION_TYPE,fundamental_quality_risk,announcement_pit_feature,notice_or_disclosure_lagged,candidate_after_pit_contract,notice_lagged_latest|quarter_delta|ttm_proxy|ratio|winsorized_rank|quality_minus_risk,medium,use notice/disclosure date plus conservative next-trading-day lag,nonminute_pit_context_panel_then_integrated_factor_pack,eligible_for_bulk_transform_plan
cn_fundamental_akshare_batch_v1_20260531\aggregated_v1,profit_sheet_report_em,OTHERRIGHT_FAIRVALUE_CHANGE,price_state,announcement_pit_feature,notice_or_disclosure_lagged,candidate_after_pit_contract,lagged_momentum|mean_reversion|gap|volatility|rank_xsection,low,use notice/disclosure date plus conservative next-trading-day lag,nonminute_pit_context_panel_then_integrated_factor_pack,eligible_for_bulk_transform_plan
cn_fundamental_akshare_batch_v1_20260531\aggregated_v1,profit_sheet_report_em,OTHERRIGHT_FAIRVALUE_CHANGE_YOY,price_state,announcement_pit_feature,notice_or_disclosure_lagged,candidate_after_pit_contract,lagged_momentum|mean_reversion|gap|volatility|rank_xsection,low,use notice/disclosure date plus conservative next-trading-day lag,nonminute_pit_context_panel_then_integrated_factor_pack,eligible_for_bulk_transform_plan
cn_fundamental_akshare_batch_v1_20260531\aggregated_v1,profit_sheet_report_em,OTHER_BUSINESS_COST,fundamental_quality_risk,announcement_pit_feature,notice_or_disclosure_lagged,candidate_after_pit_contract,notice_lagged_latest|quarter_delta|ttm_proxy|ratio|winsorized_rank|quality_minus_risk,medium,use notice/disclosure date plus conservative next-trading-day lag,nonminute_pit_context_panel_then_integrated_factor_pack,eligible_for_bulk_transform_plan
cn_fundamental_akshare_batch_v1_20260531\aggregated_v1,profit_sheet_report_em,OTHER_BUSINESS_COST_YOY,fundamental_quality_risk,announcement_pit_feature,notice_or_disclosure_lagged,candidate_after_pit_contract,notice_lagged_latest|quarter_delta|ttm_proxy|ratio|winsorized_rank|quality_minus_risk,medium,use notice/disclosure date plus conservative next-trading-day lag,nonminute_pit_context_panel_then_integrated_factor_pack,eligible_for_bulk_transform_plan
cn_fundamental_akshare_batch_v1_20260531\aggregated_v1,profit_sheet_report_em,OTHER_BUSINESS_INCOME,fundamental_quality_risk,announcement_pit_feature,notice_or_disclosure_lagged,candidate_after_pit_contract,notice_lagged_latest|quarter_delta|ttm_proxy|ratio|winsorized_rank|quality_minus_risk,medium,use notice/disclosure date plus conservative next-trading-day lag,nonminute_pit_context_panel_then_integrated_factor_pack,eligible_for_bulk_transform_plan
cn_fundamental_akshare_batch_v1_20260531\aggregated_v1,profit_sheet_report_em,OTHER_BUSINESS_INCOME_YOY,fundamental_quality_risk,announcement_pit_feature,notice_or_disclosure_lagged,candidate_after_pit_contract,notice_lagged_latest|quarter_delta|ttm_proxy|ratio|winsorized_rank|quality_minus_risk,medium,use notice/disclosure date plus conservative next-trading-day lag,nonminute_pit_context_panel_then_integrated_factor_pack,eligible_for_bulk_transform_plan
cn_fundamental_akshare_batch_v1_20260531\aggregated_v1,profit_sheet_report_em,OTHER_COMPRE_INCOME,fundamental_quality_risk,announcement_pit_feature,notice_or_disclosure_lagged,candidate_after_pit_contract,notice_lagged_latest|quarter_delta|ttm_proxy|ratio|winsorized_rank|quality_minus_risk,medium,use notice/disclosure date plus conservative next-trading-day lag,nonminute_pit_context_panel_then_integrated_factor_pack,eligible_for_bulk_transform_plan
cn_fundamental_akshare_batch_v1_20260531\aggregated_v1,profit_sheet_report_em,OTHER_COMPRE_INCOME_YOY,fundamental_quality_risk,announcement_pit_feature,notice_or_disclosure_lagged,candidate_after_pit_contract,notice_lagged_latest|quarter_delta|ttm_proxy|ratio|winsorized_rank|quality_minus_risk,medium,use notice/disclosure date plus conservative next-trading-day lag,nonminute_pit_context_panel_then_integrated_factor_pack,eligible_for_bulk_transform_plan
cn_fundamental_akshare_batch_v1_20260531\aggregated_v1,profit_sheet_report_em,OTHER_INCOME,fundamental_quality_risk,announcement_pit_feature,notice_or_disclosure_lagged,candidate_after_pit_contract,notice_lagged_latest|quarter_delta|ttm_proxy|ratio|winsorized_rank|quality_minus_risk,medium,use notice/disclosure date plus conservative next-trading-day lag,nonminute_pit_context_panel_then_integrated_factor_pack,eligible_for_bulk_transform_plan
cn_fundamental_akshare_batch_v1_20260531\aggregated_v1,profit_sheet_report_em,OTHER_INCOME_YOY,fundamental_quality_risk,announcement_pit_feature,notice_or_disclosure_lagged,candidate_after_pit_contract,notice_lagged_latest|quarter_delta|ttm_proxy|ratio|winsorized_rank|quality_minus_risk,medium,use notice/disclosure date plus conservative next-trading-day lag,nonminute_pit_context_panel_then_integrated_factor_pack,eligible_for_bulk_transform_plan
cn_fundamental_akshare_batch_v1_20260531\aggregated_v1,profit_sheet_report_em,PARENT_NETPROFIT,fundamental_quality_risk,announcement_pit_feature,notice_or_disclosure_lagged,candidate_after_pit_contract,notice_lagged_latest|quarter_delta|ttm_proxy|ratio|winsorized_rank|quality_minus_risk,medium,use notice/disclosure date plus conservative next-trading-day lag,nonminute_pit_context_panel_then_integrated_factor_pack,eligible_for_bulk_transform_plan
cn_fundamental_akshare_batch_v1_20260531\aggregated_v1,profit_sheet_report_em,PARENT_NETPROFIT_YOY,fundamental_quality_risk,announcement_pit_feature,notice_or_disclosure_lagged,candidate_after_pit_contract,notice_lagged_latest|quarter_delta|ttm_proxy|ratio|winsorized_rank|quality_minus_risk,medium,use notice/disclosure date plus conservative next-trading-day lag,nonminute_pit_context_panel_then_integrated_factor_pack,eligible_for_bulk_transform_plan
cn_fundamental_akshare_batch_v1_20260531\aggregated_v1,profit_sheet_report_em,PARENT_OCI,fundamental_quality_risk,announcement_pit_feature,notice_or_disclosure_lagged,candidate_after_pit_contract,notice_lagged_latest|quarter_delta|ttm_proxy|ratio|winsorized_rank|quality_minus_risk,medium,use notice/disclosure date plus conservative next-trading-day lag,nonminute_pit_context_panel_then_integrated_factor_pack,eligible_for_bulk_transform_plan
cn_fundamental_akshare_batch_v1_20260531\aggregated_v1,profit_sheet_report_em,PARENT_OCI_BALANCE,fundamental_quality_risk,announcement_pit_feature,notice_or_disclosure_lagged,candidate_after_pit_contract,notice_lagged_latest|quarter_delta|ttm_proxy|ratio|winsorized_rank|quality_minus_risk,medium,use notice/disclosure date plus conservative next-trading-day lag,nonminute_pit_context_panel_then_integrated_factor_pack,eligible_for_bulk_transform_plan
cn_fundamental_akshare_batch_v1_20260531\aggregated_v1,profit_sheet_report_em,PARENT_OCI_BALANCE_YOY,fundamental_quality_risk,announcement_pit_feature,notice_or_disclosure_lagged,candidate_after_pit_contract,notice_lagged_latest|quarter_delta|ttm_proxy|ratio|winsorized_rank|quality_minus_risk,medium,use notice/disclosure date plus conservative next-trading-day lag,nonminute_pit_context_panel_then_integrated_factor_pack,eligible_for_bulk_transform_plan
cn_fundamental_akshare_batch_v1_20260531\aggregated_v1,profit_sheet_report_em,PARENT_OCI_OTHER,fundamental_quality_risk,announcement_pit_feature,notice_or_disclosure_lagged,candidate_after_pit_contract,notice_lagged_latest|quarter_delta|ttm_proxy|ratio|winsorized_rank|quality_minus_risk,medium,use notice/disclosure date plus conservative next-trading-day lag,nonminute_pit_context_panel_then_integrated_factor_pack,eligible_for_bulk_transform_plan
cn_fundamental_akshare_batch_v1_20260531\aggregated_v1,profit_sheet_report_em,PARENT_OCI_OTHER_YOY,fundamental_quality_risk,announcement_pit_feature,notice_or_disclosure_lagged,candidate_after_pit_contract,notice_lagged_latest|quarter_delta|ttm_proxy|ratio|winsorized_rank|quality_minus_risk,medium,use notice/disclosure date plus conservative next-trading-day lag,nonminute_pit_context_panel_then_integrated_factor_pack,eligible_for_bulk_transform_plan
cn_fundamental_akshare_batch_v1_20260531\aggregated_v1,profit_sheet_report_em,PARENT_OCI_YOY,fundamental_quality_risk,announcement_pit_feature,notice_or_disclosure_lagged,candidate_after_pit_contract,notice_lagged_latest|quarter_delta|ttm_proxy|ratio|winsorized_rank|quality_minus_risk,medium,use notice/disclosure date plus conservative next-trading-day lag,nonminute_pit_context_panel_then_integrated_factor_pack,eligible_for_bulk_transform_plan
cn_fundamental_akshare_batch_v1_20260531\aggregated_v1,profit_sheet_report_em,PARENT_TCI,fundamental_quality_risk,announcement_pit_feature,notice_or_disclosure_lagged,candidate_after_pit_contract,notice_lagged_latest|quarter_delta|ttm_proxy|ratio|winsorized_rank|quality_minus_risk,medium,use notice/disclosure date plus conservative next-trading-day lag,nonminute_pit_context_panel_then_integrated_factor_pack,eligible_for_bulk_transform_plan
cn_fundamental_akshare_batch_v1_20260531\aggregated_v1,profit_sheet_report_em,PARENT_TCI_YOY,fundamental_quality_risk,announcement_pit_feature,notice_or_disclosure_lagged,candidate_after_pit_contract,notice_lagged_latest|quarter_delta|ttm_proxy|ratio|winsorized_rank|quality_minus_risk,medium,use notice/disclosure date plus conservative next-trading-day lag,nonminute_pit_context_panel_then_integrated_factor_pack,eligible_for_bulk_transform_plan
cn_fundamental_akshare_batch_v1_20260531\aggregated_v1,profit_sheet_report_em,POLICY_BONUS_EXPENSE,fundamental_quality_risk,announcement_pit_feature,notice_or_disclosure_lagged,candidate_after_pit_contract,notice_lagged_latest|quarter_delta|ttm_proxy|ratio|winsorized_rank|quality_minus_risk,medium,use notice/disclosure date plus conservative next-trading-day lag,nonminute_pit_context_panel_then_integrated_factor_pack,eligible_for_bulk_transform_plan
cn_fundamental_akshare_batch_v1_20260531\aggregated_v1,profit_sheet_report_em,POLICY_BONUS_EXPENSE_YOY,fundamental_quality_risk,announcement_pit_feature,notice_or_disclosure_lagged,candidate_after_pit_contract,notice_lagged_latest|quarter_delta|ttm_proxy|ratio|winsorized_rank|quality_minus_risk,medium,use notice/disclosure date plus conservative next-trading-day lag,nonminute_pit_context_panel_then_integrated_factor_pack,eligible_for_bulk_transform_plan
cn_fundamental_akshare_batch_v1_20260531\aggregated_v1,profit_sheet_report_em,PRECOMBINE_PROFIT,fundamental_quality_risk,announcement_pit_feature,notice_or_disclosure_lagged,candidate_after_pit_contract,notice_lagged_latest|quarter_delta|ttm_proxy|ratio|winsorized_rank|quality_minus_risk,medium,use notice/disclosure date plus conservative next-trading-day lag,nonminute_pit_context_panel_then_integrated_factor_pack,eligible_for_bulk_transform_plan
cn_fundamental_akshare_batch_v1_20260531\aggregated_v1,profit_sheet_report_em,PRECOMBINE_PROFIT_YOY,fundamental_quality_risk,announcement_pit_feature,notice_or_disclosure_lagged,candidate_after_pit_contract,notice_lagged_latest|quarter_delta|ttm_proxy|ratio|winsorized_rank|quality_minus_risk,medium,use notice/disclosure date plus conservative next-trading-day lag,nonminute_pit_context_panel_then_integrated_factor_pack,eligible_for_bulk_transform_plan
cn_fundamental_akshare_batch_v1_20260531\aggregated_v1,profit_sheet_report_em,PRECOMBINE_TCI,fundamental_quality_risk,announcement_pit_feature,notice_or_disclosure_lagged,candidate_after_pit_contract,notice_lagged_latest|quarter_delta|ttm_proxy|ratio|winsorized_rank|quality_minus_risk,medium,use notice/disclosure date plus conservative next-trading-day lag,nonminute_pit_context_panel_then_integrated_factor_pack,eligible_for_bulk_transform_plan
cn_fundamental_akshare_batch_v1_20260531\aggregated_v1,profit_sheet_report_em,PRECOMBINE_TCI_YOY,fundamental_quality_risk,announcement_pit_feature,notice_or_disclosure_lagged,candidate_after_pit_contract,notice_lagged_latest|quarter_delta|ttm_proxy|ratio|winsorized_rank|quality_minus_risk,medium,use notice/disclosure date plus conservative next-trading-day lag,nonminute_pit_context_panel_then_integrated_factor_pack,eligible_for_bulk_transform_plan
cn_fundamental_akshare_batch_v1_20260531\aggregated_v1,profit_sheet_report_em,RECOMMEND_NI,fundamental_quality_risk,announcement_pit_feature,notice_or_disclosure_lagged,candidate_after_pit_contract,notice_lagged_latest|quarter_delta|ttm_proxy|ratio|winsorized_rank|quality_minus_risk,medium,use notice/disclosure date plus conservative next-trading-day lag,nonminute_pit_context_panel_then_integrated_factor_pack,eligible_for_bulk_transform_plan
cn_fundamental_akshare_batch_v1_20260531\aggregated_v1,profit_sheet_report_em,RECOMMEND_NI_YOY,fundamental_quality_risk,announcement_pit_feature,notice_or_disclosure_lagged,candidate_after_pit_contract,notice_lagged_latest|quarter_delta|ttm_proxy|ratio|winsorized_rank|quality_minus_risk,medium,use notice/disclosure date plus conservative next-trading-day lag,nonminute_pit_context_panel_then_integrated_factor_pack,eligible_for_bulk_transform_plan
cn_fundamental_akshare_batch_v1_20260531\aggregated_v1,profit_sheet_report_em,REINSURE_EXPENSE,fundamental_quality_risk,announcement_pit_feature,notice_or_disclosure_lagged,candidate_after_pit_contract,notice_lagged_latest|quarter_delta|ttm_proxy|ratio|winsorized_rank|quality_minus_risk,medium,use notice/disclosure date plus conservative next-trading-day lag,nonminute_pit_context_panel_then_integrated_factor_pack,eligible_for_bulk_transform_plan
cn_fundamental_akshare_batch_v1_20260531\aggregated_v1,profit_sheet_report_em,REINSURE_EXPENSE_YOY,fundamental_quality_risk,announcement_pit_feature,notice_or_disclosure_lagged,candidate_after_pit_contract,notice_lagged_latest|quarter_delta|ttm_proxy|ratio|winsorized_rank|quality_minus_risk,medium,use notice/disclosure date plus conservative next-trading-day lag,nonminute_pit_context_panel_then_integrated_factor_pack,eligible_for_bulk_transform_plan
cn_fundamental_akshare_batch_v1_20260531\aggregated_v1,profit_sheet_report_em,REINSURE_INCOME,fundamental_quality_risk,announcement_pit_feature,notice_or_disclosure_lagged,candidate_after_pit_contract,notice_lagged_latest|quarter_delta|ttm_proxy|ratio|winsorized_rank|quality_minus_risk,medium,use notice/disclosure date plus conservative next-trading-day lag,nonminute_pit_context_panel_then_integrated_factor_pack,eligible_for_bulk_transform_plan
cn_fundamental_akshare_batch_v1_20260531\aggregated_v1,profit_sheet_report_em,REINSURE_INCOME_YOY,fundamental_quality_risk,announcement_pit_feature,notice_or_disclosure_lagged,candidate_after_pit_contract,notice_lagged_latest|quarter_delta|ttm_proxy|ratio|winsorized_rank|quality_minus_risk,medium,use notice/disclosure date plus conservative next-trading-day lag,nonminute_pit_context_panel_then_integrated_factor_pack,eligible_for_bulk_transform_plan
cn_fundamental_akshare_batch_v1_20260531\aggregated_v1,profit_sheet_report_em,REINSURE_PREMIUM,fundamental_quality_risk,announcement_pit_feature,notice_or_disclosure_lagged,candidate_after_pit_contract,notice_lagged_latest|quarter_delta|ttm_proxy|ratio|winsorized_rank|quality_minus_risk,medium,use notice/disclosure date plus conservative next-trading-day lag,nonminute_pit_context_panel_then_integrated_factor_pack,eligible_for_bulk_transform_plan
cn_fundamental_akshare_batch_v1_20260531\aggregated_v1,profit_sheet_report_em,REINSURE_PREMIUM_YOY,fundamental_quality_risk,announcement_pit_feature,notice_or_disclosure_lagged,candidate_after_pit_contract,notice_lagged_latest|quarter_delta|ttm_proxy|ratio|winsorized_rank|quality_minus_risk,medium,use notice/disclosure date plus conservative next-trading-day lag,nonminute_pit_context_panel_then_integrated_factor_pack,eligible_for_bulk_transform_plan
cn_fundamental_akshare_batch_v1_20260531\aggregated_v1,profit_sheet_report_em,REPORT_TYPE,fundamental_quality_risk,announcement_pit_feature,notice_or_disclosure_lagged,candidate_after_pit_contract,notice_lagged_latest|quarter_delta|ttm_proxy|ratio|winsorized_rank|quality_minus_risk,medium,use notice/disclosure date plus conservative next-trading-day lag,nonminute_pit_context_panel_then_integrated_factor_pack,eligible_for_bulk_transform_plan
cn_fundamental_akshare_batch_v1_20260531\aggregated_v1,profit_sheet_report_em,RESEARCH_EXPENSE,fundamental_quality_risk,announcement_pit_feature,notice_or_disclosure_lagged,candidate_after_pit_contract,notice_lagged_latest|quarter_delta|ttm_proxy|ratio|winsorized_rank|quality_minus_risk,medium,use notice/disclosure date plus conservative next-trading-day lag,nonminute_pit_context_panel_then_integrated_factor_pack,eligible_for_bulk_transform_plan
cn_fundamental_akshare_batch_v1_20260531\aggregated_v1,profit_sheet_report_em,RESEARCH_EXPENSE_YOY,fundamental_quality_risk,announcement_pit_feature,notice_or_disclosure_lagged,candidate_after_pit_contract,notice_lagged_latest|quarter_delta|ttm_proxy|ratio|winsorized_rank|quality_minus_risk,medium,use notice/disclosure date plus conservative next-trading-day lag,nonminute_pit_context_panel_then_integrated_factor_pack,eligible_for_bulk_transform_plan
cn_fundamental_akshare_batch_v1_20260531\aggregated_v1,profit_sheet_report_em,RIGHTLAW_ABLE_OCI,fundamental_quality_risk,announcement_pit_feature,notice_or_disclosure_lagged,candidate_after_pit_contract,notice_lagged_latest|quarter_delta|ttm_proxy|ratio|winsorized_rank|quality_minus_risk,medium,use notice/disclosure date plus conservative next-trading-day lag,nonminute_pit_context_panel_then_integrated_factor_pack,eligible_for_bulk_transform_plan
cn_fundamental_akshare_batch_v1_20260531\aggregated_v1,profit_sheet_report_em,RIGHTLAW_ABLE_OCI_YOY,fundamental_quality_risk,announcement_pit_feature,notice_or_disclosure_lagged,candidate_after_pit_contract,notice_lagged_latest|quarter_delta|ttm_proxy|ratio|winsorized_rank|quality_minus_risk,medium,use notice/disclosure date plus conservative next-trading-day lag,nonminute_pit_context_panel_then_integrated_factor_pack,eligible_for_bulk_transform_plan
cn_fundamental_akshare_batch_v1_20260531\aggregated_v1,profit_sheet_report_em,RIGHTLAW_UNABLE_OCI,fundamental_quality_risk,announcement_pit_feature,notice_or_disclosure_lagged,candidate_after_pit_contract,notice_lagged_latest|quarter_delta|ttm_proxy|ratio|winsorized_rank|quality_minus_risk,medium,use notice/disclosure date plus conservative next-trading-day lag,nonminute_pit_context_panel_then_integrated_factor_pack,eligible_for_bulk_transform_plan
cn_fundamental_akshare_batch_v1_20260531\aggregated_v1,profit_sheet_report_em,RIGHTLAW_UNABLE_OCI_YOY,fundamental_quality_risk,announcement_pit_feature,notice_or_disclosure_lagged,candidate_after_pit_contract,notice_lagged_latest|quarter_delta|ttm_proxy|ratio|winsorized_rank|quality_minus_risk,medium,use notice/disclosure date plus conservative next-trading-day lag,nonminute_pit_context_panel_then_integrated_factor_pack,eligible_for_bulk_transform_plan
cn_fundamental_akshare_batch_v1_20260531\aggregated_v1,profit_sheet_report_em,SALE_EXPENSE,fundamental_quality_risk,announcement_pit_feature,notice_or_disclosure_lagged,candidate_after_pit_contract,notice_lagged_latest|quarter_delta|ttm_proxy|ratio|winsorized_rank|quality_minus_risk,medium,use notice/disclosure date plus conservative next-trading-day lag,nonminute_pit_context_panel_then_integrated_factor_pack,eligible_for_bulk_transform_plan
cn_fundamental_akshare_batch_v1_20260531\aggregated_v1,profit_sheet_report_em,SALE_EXPENSE_YOY,fundamental_quality_risk,announcement_pit_feature,notice_or_disclosure_lagged,candidate_after_pit_contract,notice_lagged_latest|quarter_delta|ttm_proxy|ratio|winsorized_rank|quality_minus_risk,medium,use notice/disclosure date plus conservative next-trading-day lag,nonminute_pit_context_panel_then_integrated_factor_pack,eligible_for_bulk_transform_plan
cn_fundamental_akshare_batch_v1_20260531\aggregated_v1,profit_sheet_report_em,SECURITY_TYPE_CODE,fundamental_quality_risk,announcement_pit_feature,notice_or_disclosure_lagged,candidate_after_pit_contract,notice_lagged_latest|quarter_delta|ttm_proxy|ratio|winsorized_rank|quality_minus_risk,medium,use notice/disclosure date plus conservative next-trading-day lag,nonminute_pit_context_panel_then_integrated_factor_pack,eligible_for_bulk_transform_plan
cn_fundamental_akshare_batch_v1_20260531\aggregated_v1,profit_sheet_report_em,SECURITY_UNDERWRITE_NI,fundamental_quality_risk,announcement_pit_feature,notice_or_disclosure_lagged,candidate_after_pit_contract,notice_lagged_latest|quarter_delta|ttm_proxy|ratio|winsorized_rank|quality_minus_risk,medium,use notice/disclosure date plus conservative next-trading-day lag,nonminute_pit_context_panel_then_integrated_factor_pack,eligible_for_bulk_transform_plan
cn_fundamental_akshare_batch_v1_20260531\aggregated_v1,profit_sheet_report_em,SECURITY_UNDERWRITE_NI_YOY,fundamental_quality_risk,announcement_pit_feature,notice_or_disclosure_lagged,candidate_after_pit_contract,notice_lagged_latest|quarter_delta|ttm_proxy|ratio|winsorized_rank|quality_minus_risk,medium,use notice/disclosure date plus conservative next-trading-day lag,nonminute_pit_context_panel_then_integrated_factor_pack,eligible_for_bulk_transform_plan
cn_fundamental_akshare_batch_v1_20260531\aggregated_v1,profit_sheet_report_em,SETUP_PROFIT_CHANGE,price_state,announcement_pit_feature,notice_or_disclosure_lagged,candidate_after_pit_contract,lagged_momentum|mean_reversion|gap|volatility|rank_xsection,low,use notice/disclosure date plus conservative next-trading-day lag,nonminute_pit_context_panel_then_integrated_factor_pack,eligible_for_bulk_transform_plan
cn_fundamental_akshare_batch_v1_20260531\aggregated_v1,profit_sheet_report_em,SETUP_PROFIT_CHANGE_YOY,price_state,announcement_pit_feature,notice_or_disclosure_lagged,candidate_after_pit_contract,lagged_momentum|mean_reversion|gap|volatility|rank_xsection,low,use notice/disclosure date plus conservative next-trading-day lag,nonminute_pit_context_panel_then_integrated_factor_pack,eligible_for_bulk_transform_plan
cn_fundamental_akshare_batch_v1_20260531\aggregated_v1,profit_sheet_report_em,SURRENDER_VALUE,fundamental_quality_risk,announcement_pit_feature,notice_or_disclosure_lagged,candidate_after_pit_contract,notice_lagged_latest|quarter_delta|ttm_proxy|ratio|winsorized_rank|quality_minus_risk,medium,use notice/disclosure date plus conservative next-trading-day lag,nonminute_pit_context_panel_then_integrated_factor_pack,eligible_for_bulk_transform_plan
cn_fundamental_akshare_batch_v1_20260531\aggregated_v1,profit_sheet_report_em,SURRENDER_VALUE_YOY,fundamental_quality_risk,announcement_pit_feature,notice_or_disclosure_lagged,candidate_after_pit_contract,notice_lagged_latest|quarter_delta|ttm_proxy|ratio|winsorized_rank|quality_minus_risk,medium,use notice/disclosure date plus conservative next-trading-day lag,nonminute_pit_context_panel_then_integrated_factor_pack,eligible_for_bulk_transform_plan
cn_fundamental_akshare_batch_v1_20260531\aggregated_v1,profit_sheet_report_em,TCI_BALANCE,fundamental_quality_risk,announcement_pit_feature,notice_or_disclosure_lagged,candidate_after_pit_contract,notice_lagged_latest|quarter_delta|ttm_proxy|ratio|winsorized_rank|quality_minus_risk,medium,use notice/disclosure date plus conservative next-trading-day lag,nonminute_pit_context_panel_then_integrated_factor_pack,eligible_for_bulk_transform_plan
cn_fundamental_akshare_batch_v1_20260531\aggregated_v1,profit_sheet_report_em,TCI_BALANCE_YOY,fundamental_quality_risk,announcement_pit_feature,notice_or_disclosure_lagged,candidate_after_pit_contract,notice_lagged_latest|quarter_delta|ttm_proxy|ratio|winsorized_rank|quality_minus_risk,medium,use notice/disclosure date plus conservative next-trading-day lag,nonminute_pit_context_panel_then_integrated_factor_pack,eligible_for_bulk_transform_plan
cn_fundamental_akshare_batch_v1_20260531\aggregated_v1,profit_sheet_report_em,TCI_OTHER,fundamental_quality_risk,announcement_pit_feature,notice_or_disclosure_lagged,candidate_after_pit_contract,notice_lagged_latest|quarter_delta|ttm_proxy|ratio|winsorized_rank|quality_minus_risk,medium,use notice/disclosure date plus conservative next-trading-day lag,nonminute_pit_context_panel_then_integrated_factor_pack,eligible_for_bulk_transform_plan
cn_fundamental_akshare_batch_v1_20260531\aggregated_v1,profit_sheet_report_em,TCI_OTHER_YOY,fundamental_quality_risk,announcement_pit_feature,notice_or_disclosure_lagged,candidate_after_pit_contract,notice_lagged_latest|quarter_delta|ttm_proxy|ratio|winsorized_rank|quality_minus_risk,medium,use notice/disclosure date plus conservative next-trading-day lag,nonminute_pit_context_panel_then_integrated_factor_pack,eligible_for_bulk_transform_plan
cn_fundamental_akshare_batch_v1_20260531\aggregated_v1,profit_sheet_report_em,TOC_OTHER,fundamental_quality_risk,announcement_pit_feature,notice_or_disclosure_lagged,candidate_after_pit_contract,notice_lagged_latest|quarter_delta|ttm_proxy|ratio|winsorized_rank|quality_minus_risk,medium,use notice/disclosure date plus conservative next-trading-day lag,nonminute_pit_context_panel_then_integrated_factor_pack,eligible_for_bulk_transform_plan
cn_fundamental_akshare_batch_v1_20260531\aggregated_v1,profit_sheet_report_em,TOC_OTHER_YOY,fundamental_quality_risk,announcement_pit_feature,notice_or_disclosure_lagged,candidate_after_pit_contract,notice_lagged_latest|quarter_delta|ttm_proxy|ratio|winsorized_rank|quality_minus_risk,medium,use notice/disclosure date plus conservative next-trading-day lag,nonminute_pit_context_panel_then_integrated_factor_pack,eligible_for_bulk_transform_plan
cn_fundamental_akshare_batch_v1_20260531\aggregated_v1,profit_sheet_report_em,TOI_OTHER,fundamental_quality_risk,announcement_pit_feature,notice_or_disclosure_lagged,candidate_after_pit_contract,notice_lagged_latest|quarter_delta|ttm_proxy|ratio|winsorized_rank|quality_minus_risk,medium,use notice/disclosure date plus conservative next-trading-day lag,nonminute_pit_context_panel_then_integrated_factor_pack,eligible_for_bulk_transform_plan
cn_fundamental_akshare_batch_v1_20260531\aggregated_v1,profit_sheet_report_em,TOI_OTHER_YOY,fundamental_quality_risk,announcement_pit_feature,notice_or_disclosure_lagged,candidate_after_pit_contract,notice_lagged_latest|quarter_delta|ttm_proxy|ratio|winsorized_rank|quality_minus_risk,medium,use notice/disclosure date plus conservative next-trading-day lag,nonminute_pit_context_panel_then_integrated_factor_pack,eligible_for_bulk_transform_plan
cn_fundamental_akshare_batch_v1_20260531\aggregated_v1,profit_sheet_report_em,TOTAL_COMPRE_INCOME,fundamental_quality_risk,announcement_pit_feature,notice_or_disclosure_lagged,candidate_after_pit_contract,notice_lagged_latest|quarter_delta|ttm_proxy|ratio|winsorized_rank|quality_minus_risk,medium,use notice/disclosure date plus conservative next-trading-day lag,nonminute_pit_context_panel_then_integrated_factor_pack,eligible_for_bulk_transform_plan
cn_fundamental_akshare_batch_v1_20260531\aggregated_v1,profit_sheet_report_em,TOTAL_COMPRE_INCOME_YOY,fundamental_quality_risk,announcement_pit_feature,notice_or_disclosure_lagged,candidate_after_pit_contract,notice_lagged_latest|quarter_delta|ttm_proxy|ratio|winsorized_rank|quality_minus_risk,medium,use notice/disclosure date plus conservative next-trading-day lag,nonminute_pit_context_panel_then_integrated_factor_pack,eligible_for_bulk_transform_plan
cn_fundamental_akshare_batch_v1_20260531\aggregated_v1,profit_sheet_report_em,TOTAL_OPERATE_COST,fundamental_quality_risk,announcement_pit_feature,notice_or_disclosure_lagged,candidate_after_pit_contract,notice_lagged_latest|quarter_delta|ttm_proxy|ratio|winsorized_rank|quality_minus_risk,medium,use notice/disclosure date plus conservative next-trading-day lag,nonminute_pit_context_panel_then_integrated_factor_pack,eligible_for_bulk_transform_plan
cn_fundamental_akshare_batch_v1_20260531\aggregated_v1,profit_sheet_report_em,TOTAL_OPERATE_COST_YOY,fundamental_quality_risk,announcement_pit_feature,notice_or_disclosure_lagged,candidate_after_pit_contract,notice_lagged_latest|quarter_delta|ttm_proxy|ratio|winsorized_rank|quality_minus_risk,medium,use notice/disclosure date plus conservative next-trading-day lag,nonminute_pit_context_panel_then_integrated_factor_pack,eligible_for_bulk_transform_plan
cn_fundamental_akshare_batch_v1_20260531\aggregated_v1,profit_sheet_report_em,TOTAL_OPERATE_INCOME,fundamental_quality_risk,announcement_pit_feature,notice_or_disclosure_lagged,candidate_after_pit_contract,notice_lagged_latest|quarter_delta|ttm_proxy|ratio|winsorized_rank|quality_minus_risk,medium,use notice/disclosure date plus conservative next-trading-day lag,nonminute_pit_context_panel_then_integrated_factor_pack,eligible_for_bulk_transform_plan
cn_fundamental_akshare_batch_v1_20260531\aggregated_v1,profit_sheet_report_em,TOTAL_OPERATE_INCOME_YOY,fundamental_quality_risk,announcement_pit_feature,notice_or_disclosure_lagged,candidate_after_pit_contract,notice_lagged_latest|quarter_delta|ttm_proxy|ratio|winsorized_rank|quality_minus_risk,medium,use notice/disclosure date plus conservative next-trading-day lag,nonminute_pit_context_panel_then_integrated_factor_pack,eligible_for_bulk_transform_plan
cn_fundamental_akshare_batch_v1_20260531\aggregated_v1,profit_sheet_report_em,TOTAL_PROFIT,fundamental_quality_risk,announcement_pit_feature,notice_or_disclosure_lagged,candidate_after_pit_contract,notice_lagged_latest|quarter_delta|ttm_proxy|ratio|winsorized_rank|quality_minus_risk,medium,use notice/disclosure date plus conservative next-trading-day lag,nonminute_pit_context_panel_then_integrated_factor_pack,eligible_for_bulk_transform_plan
cn_fundamental_akshare_batch_v1_20260531\aggregated_v1,profit_sheet_report_em,TOTAL_PROFIT_BALANCE,fundamental_quality_risk,announcement_pit_feature,notice_or_disclosure_lagged,candidate_after_pit_contract,notice_lagged_latest|quarter_delta|ttm_proxy|ratio|winsorized_rank|quality_minus_risk,medium,use notice/disclosure date plus conservative next-trading-day lag,nonminute_pit_context_panel_then_integrated_factor_pack,eligible_for_bulk_transform_plan
cn_fundamental_akshare_batch_v1_20260531\aggregated_v1,profit_sheet_report_em,TOTAL_PROFIT_BALANCE_YOY,fundamental_quality_risk,announcement_pit_feature,notice_or_disclosure_lagged,candidate_after_pit_contract,notice_lagged_latest|quarter_delta|ttm_proxy|ratio|winsorized_rank|quality_minus_risk,medium,use notice/disclosure date plus conservative next-trading-day lag,nonminute_pit_context_panel_then_integrated_factor_pack,eligible_for_bulk_transform_plan
cn_fundamental_akshare_batch_v1_20260531\aggregated_v1,profit_sheet_report_em,TOTAL_PROFIT_YOY,fundamental_quality_risk,announcement_pit_feature,notice_or_disclosure_lagged,candidate_after_pit_contract,notice_lagged_latest|quarter_delta|ttm_proxy|ratio|winsorized_rank|quality_minus_risk,medium,use notice/disclosure date plus conservative next-trading-day lag,nonminute_pit_context_panel_then_integrated_factor_pack,eligible_for_bulk_transform_plan
cn_fundamental_akshare_batch_v1_20260531\aggregated_v1,profit_sheet_report_em,UNABLE_OCI,fundamental_quality_risk,announcement_pit_feature,notice_or_disclosure_lagged,candidate_after_pit_contract,notice_lagged_latest|quarter_delta|ttm_proxy|ratio|winsorized_rank|quality_minus_risk,medium,use notice/disclosure date plus conservative next-trading-day lag,nonminute_pit_context_panel_then_integrated_factor_pack,eligible_for_bulk_transform_plan
cn_fundamental_akshare_batch_v1_20260531\aggregated_v1,profit_sheet_report_em,UNABLE_OCI_BALANCE,fundamental_quality_risk,announcement_pit_feature,notice_or_disclosure_lagged,candidate_after_pit_contract,notice_lagged_latest|quarter_delta|ttm_proxy|ratio|winsorized_rank|quality_minus_risk,medium,use notice/disclosure date plus conservative next-trading-day lag,nonminute_pit_context_panel_then_integrated_factor_pack,eligible_for_bulk_transform_plan
cn_fundamental_akshare_batch_v1_20260531\aggregated_v1,profit_sheet_report_em,UNABLE_OCI_BALANCE_YOY,fundamental_quality_risk,announcement_pit_feature,notice_or_disclosure_lagged,candidate_after_pit_contract,notice_lagged_latest|quarter_delta|ttm_proxy|ratio|winsorized_rank|quality_minus_risk,medium,use notice/disclosure date plus conservative next-trading-day lag,nonminute_pit_context_panel_then_integrated_factor_pack,eligible_for_bulk_transform_plan
cn_fundamental_akshare_batch_v1_20260531\aggregated_v1,profit_sheet_report_em,UNABLE_OCI_OTHER,fundamental_quality_risk,announcement_pit_feature,notice_or_disclosure_lagged,candidate_after_pit_contract,notice_lagged_latest|quarter_delta|ttm_proxy|ratio|winsorized_rank|quality_minus_risk,medium,use notice/disclosure date plus conservative next-trading-day lag,nonminute_pit_context_panel_then_integrated_factor_pack,eligible_for_bulk_transform_plan
cn_fundamental_akshare_batch_v1_20260531\aggregated_v1,profit_sheet_report_em,UNABLE_OCI_OTHER_YOY,fundamental_quality_risk,announcement_pit_feature,notice_or_disclosure_lagged,candidate_after_pit_contract,notice_lagged_latest|quarter_delta|ttm_proxy|ratio|winsorized_rank|quality_minus_risk,medium,use notice/disclosure date plus conservative next-trading-day lag,nonminute_pit_context_panel_then_integrated_factor_pack,eligible_for_bulk_transform_plan
cn_fundamental_akshare_batch_v1_20260531\aggregated_v1,profit_sheet_report_em,UNABLE_OCI_YOY,fundamental_quality_risk,announcement_pit_feature,notice_or_disclosure_lagged,candidate_after_pit_contract,notice_lagged_latest|quarter_delta|ttm_proxy|ratio|winsorized_rank|quality_minus_risk,medium,use notice/disclosure date plus conservative next-trading-day lag,nonminute_pit_context_panel_then_integrated_factor_pack,eligible_for_bulk_transform_plan
cn_fundamental_akshare_batch_v1_20260531\aggregated_v1,profit_sheet_report_em,UNCONFIRM_INVEST_LOSS,fundamental_quality_risk,announcement_pit_feature,notice_or_disclosure_lagged,candidate_after_pit_contract,notice_lagged_latest|quarter_delta|ttm_proxy|ratio|winsorized_rank|quality_minus_risk,medium,use notice/disclosure date plus conservative next-trading-day lag,nonminute_pit_context_panel_then_integrated_factor_pack,eligible_for_bulk_transform_plan
cn_fundamental_akshare_batch_v1_20260531\aggregated_v1,profit_sheet_report_em,UNCONFIRM_INVEST_LOSS_YOY,fundamental_quality_risk,announcement_pit_feature,notice_or_disclosure_lagged,candidate_after_pit_contract,notice_lagged_latest|quarter_delta|ttm_proxy|ratio|winsorized_rank|quality_minus_risk,medium,use notice/disclosure date plus conservative next-trading-day lag,nonminute_pit_context_panel_then_integrated_factor_pack,eligible_for_bulk_transform_plan
cn_fundamental_akshare_batch_v1_20260531\aggregated_v1,profit_sheet_report_em,UNINSURANCE_CE,fundamental_quality_risk,announcement_pit_feature,notice_or_disclosure_lagged,candidate_after_pit_contract,notice_lagged_latest|quarter_delta|ttm_proxy|ratio|winsorized_rank|quality_minus_risk,medium,use notice/disclosure date plus conservative next-trading-day lag,nonminute_pit_context_panel_then_integrated_factor_pack,eligible_for_bulk_transform_plan
cn_fundamental_akshare_batch_v1_20260531\aggregated_v1,profit_sheet_report_em,UNINSURANCE_CE_YOY,fundamental_quality_risk,announcement_pit_feature,notice_or_disclosure_lagged,candidate_after_pit_contract,notice_lagged_latest|quarter_delta|ttm_proxy|ratio|winsorized_rank|quality_minus_risk,medium,use notice/disclosure date plus conservative next-trading-day lag,nonminute_pit_context_panel_then_integrated_factor_pack,eligible_for_bulk_transform_plan
cn_fundamental_akshare_batch_v1_20260531\aggregated_v1,profit_sheet_report_em,UNINSURANCE_CI,fundamental_quality_risk,announcement_pit_feature,notice_or_disclosure_lagged,candidate_after_pit_contract,notice_lagged_latest|quarter_delta|ttm_proxy|ratio|winsorized_rank|quality_minus_risk,medium,use notice/disclosure date plus conservative next-trading-day lag,nonminute_pit_context_panel_then_integrated_factor_pack,eligible_for_bulk_transform_plan
cn_fundamental_akshare_batch_v1_20260531\aggregated_v1,profit_sheet_report_em,UNINSURANCE_CI_YOY,fundamental_quality_risk,announcement_pit_feature,notice_or_disclosure_lagged,candidate_after_pit_contract,notice_lagged_latest|quarter_delta|ttm_proxy|ratio|winsorized_rank|quality_minus_risk,medium,use notice/disclosure date plus conservative next-trading-day lag,nonminute_pit_context_panel_then_integrated_factor_pack,eligible_for_bulk_transform_plan
cn_fundamental_akshare_batch_v1_20260531\aggregated_v1,profit_sheet_report_em,UNINSURANCE_CNI,fundamental_quality_risk,announcement_pit_feature,notice_or_disclosure_lagged,candidate_after_pit_contract,notice_lagged_latest|quarter_delta|ttm_proxy|ratio|winsorized_rank|quality_minus_risk,medium,use notice/disclosure date plus conservative next-trading-day lag,nonminute_pit_context_panel_then_integrated_factor_pack,eligible_for_bulk_transform_plan
cn_fundamental_akshare_batch_v1_20260531\aggregated_v1,profit_sheet_report_em,UNINSURANCE_CNI_YOY,fundamental_quality_risk,announcement_pit_feature,notice_or_disclosure_lagged,candidate_after_pit_contract,notice_lagged_latest|quarter_delta|ttm_proxy|ratio|winsorized_rank|quality_minus_risk,medium,use notice/disclosure date plus conservative next-trading-day lag,nonminute_pit_context_panel_then_integrated_factor_pack,eligible_for_bulk_transform_plan
cn_fundamental_akshare_batch_v1_20260531\aggregated_v1,share_change_cninfo,一般法人持股,capacity_size,announcement_pit_feature,notice_or_disclosure_lagged,candidate_after_pit_contract,lagged_level|rank_xsection|capacity_bucket|liquidity_capacity_interaction|small_capacity_guard,high,use notice/disclosure date plus conservative next-trading-day lag,nonminute_pit_context_panel_then_integrated_factor_pack,add capacity-aware filter templates and book-readiness metrics
cn_fundamental_akshare_batch_v1_20260531\aggregated_v1,share_change_cninfo,人民币普通股,capacity_size,announcement_pit_feature,notice_or_disclosure_lagged,candidate_after_pit_contract,lagged_level|rank_xsection|capacity_bucket|liquidity_capacity_interaction|small_capacity_guard,high,use notice/disclosure date plus conservative next-trading-day lag,nonminute_pit_context_panel_then_integrated_factor_pack,add capacity-aware filter templates and book-readiness metrics
cn_fundamental_akshare_batch_v1_20260531\aggregated_v1,share_change_cninfo,优先股,capacity_size,announcement_pit_feature,notice_or_disclosure_lagged,candidate_after_pit_contract,lagged_level|rank_xsection|capacity_bucket|liquidity_capacity_interaction|small_capacity_guard,high,use notice/disclosure date plus conservative next-trading-day lag,nonminute_pit_context_panel_then_integrated_factor_pack,add capacity-aware filter templates and book-readiness metrics
cn_fundamental_akshare_batch_v1_20260531\aggregated_v1,share_change_cninfo,公告日期,capacity_size,announcement_pit_feature,notice_or_disclosure_lagged,candidate_after_pit_contract,lagged_level|rank_xsection|capacity_bucket|liquidity_capacity_interaction|small_capacity_guard,high,use notice/disclosure date plus conservative next-trading-day lag,nonminute_pit_context_panel_then_integrated_factor_pack,add capacity-aware filter templates and book-readiness metrics
cn_fundamental_akshare_batch_v1_20260531\aggregated_v1,share_change_cninfo,其中：境内法人持股,capacity_size,announcement_pit_feature,notice_or_disclosure_lagged,candidate_after_pit_contract,lagged_level|rank_xsection|capacity_bucket|liquidity_capacity_interaction|small_capacity_guard,high,use notice/disclosure date plus conservative next-trading-day lag,nonminute_pit_context_panel_then_integrated_factor_pack,add capacity-aware filter templates and book-readiness metrics
cn_fundamental_akshare_batch_v1_20260531\aggregated_v1,share_change_cninfo,其中：境内自然人持股,capacity_size,announcement_pit_feature,notice_or_disclosure_lagged,candidate_after_pit_contract,lagged_level|rank_xsection|capacity_bucket|liquidity_capacity_interaction|small_capacity_guard,high,use notice/disclosure date plus conservative next-trading-day lag,nonminute_pit_context_panel_then_integrated_factor_pack,add capacity-aware filter templates and book-readiness metrics
cn_fundamental_akshare_batch_v1_20260531\aggregated_v1,share_change_cninfo,其中：境外法人持股,capacity_size,announcement_pit_feature,notice_or_disclosure_lagged,candidate_after_pit_contract,lagged_level|rank_xsection|capacity_bucket|liquidity_capacity_interaction|small_capacity_guard,high,use notice/disclosure date plus conservative next-trading-day lag,nonminute_pit_context_panel_then_integrated_factor_pack,add capacity-aware filter templates and book-readiness metrics
cn_fundamental_akshare_batch_v1_20260531\aggregated_v1,share_change_cninfo,其中：境外自然人持股,capacity_size,announcement_pit_feature,notice_or_disclosure_lagged,candidate_after_pit_contract,lagged_level|rank_xsection|capacity_bucket|liquidity_capacity_interaction|small_capacity_guard,high,use notice/disclosure date plus conservative next-trading-day lag,nonminute_pit_context_panel_then_integrated_factor_pack,add capacity-aware filter templates and book-readiness metrics
cn_fundamental_akshare_batch_v1_20260531\aggregated_v1,share_change_cninfo,其中：限售B股,capacity_size,announcement_pit_feature,notice_or_disclosure_lagged,candidate_after_pit_contract,lagged_level|rank_xsection|capacity_bucket|liquidity_capacity_interaction|small_capacity_guard,high,use notice/disclosure date plus conservative next-trading-day lag,nonminute_pit_context_panel_then_integrated_factor_pack,add capacity-aware filter templates and book-readiness metrics
cn_fundamental_akshare_batch_v1_20260531\aggregated_v1,share_change_cninfo,其中：限售H股,capacity_size,announcement_pit_feature,notice_or_disclosure_lagged,candidate_after_pit_contract,lagged_level|rank_xsection|capacity_bucket|liquidity_capacity_interaction|small_capacity_guard,high,use notice/disclosure date plus conservative next-trading-day lag,nonminute_pit_context_panel_then_integrated_factor_pack,add capacity-aware filter templates and book-readiness metrics
cn_fundamental_akshare_batch_v1_20260531\aggregated_v1,share_change_cninfo,其中：限售高管股,capacity_size,announcement_pit_feature,notice_or_disclosure_lagged,candidate_after_pit_contract,lagged_level|rank_xsection|capacity_bucket|liquidity_capacity_interaction|small_capacity_guard,high,use notice/disclosure date plus conservative next-trading-day lag,nonminute_pit_context_panel_then_integrated_factor_pack,add capacity-aware filter templates and book-readiness metrics
cn_fundamental_akshare_batch_v1_20260531\aggregated_v1,share_change_cninfo,其他内资持股-受限,capacity_size,announcement_pit_feature,notice_or_disclosure_lagged,candidate_after_pit_contract,lagged_level|rank_xsection|capacity_bucket|liquidity_capacity_interaction|small_capacity_guard,high,use notice/disclosure date plus conservative next-trading-day lag,nonminute_pit_context_panel_then_integrated_factor_pack,add capacity-aware filter templates and book-readiness metrics
cn_fundamental_akshare_batch_v1_20260531\aggregated_v1,share_change_cninfo,其他未流通股,capacity_size,announcement_pit_feature,notice_or_disclosure_lagged,candidate_after_pit_contract,lagged_level|rank_xsection|capacity_bucket|liquidity_capacity_interaction|small_capacity_guard,high,use notice/disclosure date plus conservative next-trading-day lag,nonminute_pit_context_panel_then_integrated_factor_pack,add capacity-aware filter templates and book-readiness metrics
cn_fundamental_akshare_batch_v1_20260531\aggregated_v1,share_change_cninfo,其他流通受限股份,capacity_size,announcement_pit_feature,notice_or_disclosure_lagged,candidate_after_pit_contract,lagged_level|rank_xsection|capacity_bucket|liquidity_capacity_interaction|small_capacity_guard,high,use notice/disclosure date plus conservative next-trading-day lag,nonminute_pit_context_panel_then_integrated_factor_pack,add capacity-aware filter templates and book-readiness metrics
cn_fundamental_akshare_batch_v1_20260531\aggregated_v1,share_change_cninfo,其他流通股,capacity_size,announcement_pit_feature,notice_or_disclosure_lagged,candidate_after_pit_contract,lagged_level|rank_xsection|capacity_bucket|liquidity_capacity_interaction|small_capacity_guard,high,use notice/disclosure date plus conservative next-trading-day lag,nonminute_pit_context_panel_then_integrated_factor_pack,add capacity-aware filter templates and book-readiness metrics
cn_fundamental_akshare_batch_v1_20260531\aggregated_v1,share_change_cninfo,内部职工股,capacity_size,announcement_pit_feature,notice_or_disclosure_lagged,candidate_after_pit_contract,lagged_level|rank_xsection|capacity_bucket|liquidity_capacity_interaction|small_capacity_guard,high,use notice/disclosure date plus conservative next-trading-day lag,nonminute_pit_context_panel_then_integrated_factor_pack,add capacity-aware filter templates and book-readiness metrics
cn_fundamental_akshare_batch_v1_20260531\aggregated_v1,share_change_cninfo,募集法人股,capacity_size,announcement_pit_feature,notice_or_disclosure_lagged,candidate_after_pit_contract,lagged_level|rank_xsection|capacity_bucket|liquidity_capacity_interaction|small_capacity_guard,high,use notice/disclosure date plus conservative next-trading-day lag,nonminute_pit_context_panel_then_integrated_factor_pack,add capacity-aware filter templates and book-readiness metrics
cn_fundamental_akshare_batch_v1_20260531\aggregated_v1,share_change_cninfo,发起人股份,capacity_size,announcement_pit_feature,notice_or_disclosure_lagged,candidate_after_pit_contract,lagged_level|rank_xsection|capacity_bucket|liquidity_capacity_interaction|small_capacity_guard,high,use notice/disclosure date plus conservative next-trading-day lag,nonminute_pit_context_panel_then_integrated_factor_pack,add capacity-aware filter templates and book-readiness metrics
cn_fundamental_akshare_batch_v1_20260531\aggregated_v1,share_change_cninfo,变动原因,capacity_size,announcement_pit_feature,notice_or_disclosure_lagged,candidate_after_pit_contract,lagged_level|rank_xsection|capacity_bucket|liquidity_capacity_interaction|small_capacity_guard,high,use notice/disclosure date plus conservative next-trading-day lag,nonminute_pit_context_panel_then_integrated_factor_pack,add capacity-aware filter templates and book-readiness metrics
cn_fundamental_akshare_batch_v1_20260531\aggregated_v1,share_change_cninfo,变动原因编码,capacity_size,announcement_pit_feature,notice_or_disclosure_lagged,candidate_after_pit_contract,lagged_level|rank_xsection|capacity_bucket|liquidity_capacity_interaction|small_capacity_guard,high,use notice/disclosure date plus conservative next-trading-day lag,nonminute_pit_context_panel_then_integrated_factor_pack,add capacity-aware filter templates and book-readiness metrics
cn_fundamental_akshare_batch_v1_20260531\aggregated_v1,share_change_cninfo,变动日期,capacity_size,announcement_pit_feature,notice_or_disclosure_lagged,candidate_after_pit_contract,lagged_level|rank_xsection|capacity_bucket|liquidity_capacity_interaction|small_capacity_guard,high,use notice/disclosure date plus conservative next-trading-day lag,nonminute_pit_context_panel_then_integrated_factor_pack,add capacity-aware filter templates and book-readiness metrics
cn_fundamental_akshare_batch_v1_20260531\aggregated_v1,share_change_cninfo,国家持股,capacity_size,announcement_pit_feature,notice_or_disclosure_lagged,candidate_after_pit_contract,lagged_level|rank_xsection|capacity_bucket|liquidity_capacity_interaction|small_capacity_guard,high,use notice/disclosure date plus conservative next-trading-day lag,nonminute_pit_context_panel_then_integrated_factor_pack,add capacity-aware filter templates and book-readiness metrics
cn_fundamental_akshare_batch_v1_20260531\aggregated_v1,share_change_cninfo,国家持股-受限,capacity_size,announcement_pit_feature,notice_or_disclosure_lagged,candidate_after_pit_contract,lagged_level|rank_xsection|capacity_bucket|liquidity_capacity_interaction|small_capacity_guard,high,use notice/disclosure date plus conservative next-trading-day lag,nonminute_pit_context_panel_then_integrated_factor_pack,add capacity-aware filter templates and book-readiness metrics
cn_fundamental_akshare_batch_v1_20260531\aggregated_v1,share_change_cninfo,国有法人持股,capacity_size,announcement_pit_feature,notice_or_disclosure_lagged,candidate_after_pit_contract,lagged_level|rank_xsection|capacity_bucket|liquidity_capacity_interaction|small_capacity_guard,high,use notice/disclosure date plus conservative next-trading-day lag,nonminute_pit_context_panel_then_integrated_factor_pack,add capacity-aware filter templates and book-readiness metrics
cn_fundamental_akshare_batch_v1_20260531\aggregated_v1,share_change_cninfo,国有法人持股-受限,capacity_size,announcement_pit_feature,notice_or_disclosure_lagged,candidate_after_pit_contract,lagged_level|rank_xsection|capacity_bucket|liquidity_capacity_interaction|small_capacity_guard,high,use notice/disclosure date plus conservative next-trading-day lag,nonminute_pit_context_panel_then_integrated_factor_pack,add capacity-aware filter templates and book-readiness metrics
cn_fundamental_akshare_batch_v1_20260531\aggregated_v1,share_change_cninfo,境内上市外资股-B股,capacity_size,announcement_pit_feature,notice_or_disclosure_lagged,candidate_after_pit_contract,lagged_level|rank_xsection|capacity_bucket|liquidity_capacity_interaction|small_capacity_guard,high,use notice/disclosure date plus conservative next-trading-day lag,nonminute_pit_context_panel_then_integrated_factor_pack,add capacity-aware filter templates and book-readiness metrics
cn_fundamental_akshare_batch_v1_20260531\aggregated_v1,share_change_cninfo,境内法人持股,capacity_size,announcement_pit_feature,notice_or_disclosure_lagged,candidate_after_pit_contract,lagged_level|rank_xsection|capacity_bucket|liquidity_capacity_interaction|small_capacity_guard,high,use notice/disclosure date plus conservative next-trading-day lag,nonminute_pit_context_panel_then_integrated_factor_pack,add capacity-aware filter templates and book-readiness metrics
cn_fundamental_akshare_batch_v1_20260531\aggregated_v1,share_change_cninfo,境外上市外资股-H股,capacity_size,announcement_pit_feature,notice_or_disclosure_lagged,candidate_after_pit_contract,lagged_level|rank_xsection|capacity_bucket|liquidity_capacity_interaction|small_capacity_guard,high,use notice/disclosure date plus conservative next-trading-day lag,nonminute_pit_context_panel_then_integrated_factor_pack,add capacity-aware filter templates and book-readiness metrics
cn_fundamental_akshare_batch_v1_20260531\aggregated_v1,share_change_cninfo,境外法人持股,capacity_size,announcement_pit_feature,notice_or_disclosure_lagged,candidate_after_pit_contract,lagged_level|rank_xsection|capacity_bucket|liquidity_capacity_interaction|small_capacity_guard,high,use notice/disclosure date plus conservative next-trading-day lag,nonminute_pit_context_panel_then_integrated_factor_pack,add capacity-aware filter templates and book-readiness metrics
cn_fundamental_akshare_batch_v1_20260531\aggregated_v1,share_change_cninfo,外资持股-受限,capacity_size,announcement_pit_feature,notice_or_disclosure_lagged,candidate_after_pit_contract,lagged_level|rank_xsection|capacity_bucket|liquidity_capacity_interaction|small_capacity_guard,high,use notice/disclosure date plus conservative next-trading-day lag,nonminute_pit_context_panel_then_integrated_factor_pack,add capacity-aware filter templates and book-readiness metrics
cn_fundamental_akshare_batch_v1_20260531\aggregated_v1,share_change_cninfo,已流通股份,capacity_size,announcement_pit_feature,notice_or_disclosure_lagged,candidate_after_pit_contract,lagged_level|rank_xsection|capacity_bucket|liquidity_capacity_interaction|small_capacity_guard,high,use notice/disclosure date plus conservative next-trading-day lag,nonminute_pit_context_panel_then_integrated_factor_pack,add capacity-aware filter templates and book-readiness metrics
cn_fundamental_akshare_batch_v1_20260531\aggregated_v1,share_change_cninfo,总股本,capacity_size,announcement_pit_feature,notice_or_disclosure_lagged,candidate_after_pit_contract,lagged_level|rank_xsection|capacity_bucket|liquidity_capacity_interaction|small_capacity_guard,high,use notice/disclosure date plus conservative next-trading-day lag,nonminute_pit_context_panel_then_integrated_factor_pack,add capacity-aware filter templates and book-readiness metrics
cn_fundamental_akshare_batch_v1_20260531\aggregated_v1,share_change_cninfo,战略投资者持股,capacity_size,announcement_pit_feature,notice_or_disclosure_lagged,candidate_after_pit_contract,lagged_level|rank_xsection|capacity_bucket|liquidity_capacity_interaction|small_capacity_guard,high,use notice/disclosure date plus conservative next-trading-day lag,nonminute_pit_context_panel_then_integrated_factor_pack,add capacity-aware filter templates and book-readiness metrics
cn_fundamental_akshare_batch_v1_20260531\aggregated_v1,share_change_cninfo,控股股东、实际控制人,capacity_size,announcement_pit_feature,notice_or_disclosure_lagged,candidate_after_pit_contract,lagged_level|rank_xsection|capacity_bucket|liquidity_capacity_interaction|small_capacity_guard,high,use notice/disclosure date plus conservative next-trading-day lag,nonminute_pit_context_panel_then_integrated_factor_pack,add capacity-aware filter templates and book-readiness metrics
cn_fundamental_akshare_batch_v1_20260531\aggregated_v1,share_change_cninfo,未流通股份,capacity_size,announcement_pit_feature,notice_or_disclosure_lagged,candidate_after_pit_contract,lagged_level|rank_xsection|capacity_bucket|liquidity_capacity_interaction|small_capacity_guard,high,use notice/disclosure date plus conservative next-trading-day lag,nonminute_pit_context_panel_then_integrated_factor_pack,add capacity-aware filter templates and book-readiness metrics
cn_fundamental_akshare_batch_v1_20260531\aggregated_v1,share_change_cninfo,机构名称,capacity_size,announcement_pit_feature,notice_or_disclosure_lagged,candidate_after_pit_contract,lagged_level|rank_xsection|capacity_bucket|liquidity_capacity_interaction|small_capacity_guard,high,use notice/disclosure date plus conservative next-trading-day lag,nonminute_pit_context_panel_then_integrated_factor_pack,add capacity-aware filter templates and book-readiness metrics
cn_fundamental_akshare_batch_v1_20260531\aggregated_v1,share_change_cninfo,流通受限股份,capacity_size,announcement_pit_feature,notice_or_disclosure_lagged,candidate_after_pit_contract,lagged_level|rank_xsection|capacity_bucket|liquidity_capacity_interaction|small_capacity_guard,high,use notice/disclosure date plus conservative next-trading-day lag,nonminute_pit_context_panel_then_integrated_factor_pack,add capacity-aware filter templates and book-readiness metrics
cn_fundamental_akshare_batch_v1_20260531\aggregated_v1,share_change_cninfo,自然人持股,capacity_size,announcement_pit_feature,notice_or_disclosure_lagged,candidate_after_pit_contract,lagged_level|rank_xsection|capacity_bucket|liquidity_capacity_interaction|small_capacity_guard,high,use notice/disclosure date plus conservative next-trading-day lag,nonminute_pit_context_panel_then_integrated_factor_pack,add capacity-aware filter templates and book-readiness metrics
cn_fundamental_akshare_batch_v1_20260531\aggregated_v1,share_change_cninfo,证券代码,capacity_size,announcement_pit_feature,notice_or_disclosure_lagged,candidate_after_pit_contract,lagged_level|rank_xsection|capacity_bucket|liquidity_capacity_interaction|small_capacity_guard,high,use notice/disclosure date plus conservative next-trading-day lag,nonminute_pit_context_panel_then_integrated_factor_pack,add capacity-aware filter templates and book-readiness metrics
cn_fundamental_akshare_batch_v1_20260531\aggregated_v1,share_change_cninfo,证券投资基金持股,capacity_size,announcement_pit_feature,notice_or_disclosure_lagged,candidate_after_pit_contract,lagged_level|rank_xsection|capacity_bucket|liquidity_capacity_interaction|small_capacity_guard,high,use notice/disclosure date plus conservative next-trading-day lag,nonminute_pit_context_panel_then_integrated_factor_pack,add capacity-aware filter templates and book-readiness metrics
cn_fundamental_akshare_batch_v1_20260531\aggregated_v1,share_change_cninfo,证券简称,capacity_size,announcement_pit_feature,notice_or_disclosure_lagged,candidate_after_pit_contract,lagged_level|rank_xsection|capacity_bucket|liquidity_capacity_interaction|small_capacity_guard,high,use notice/disclosure date plus conservative next-trading-day lag,nonminute_pit_context_panel_then_integrated_factor_pack,add capacity-aware filter templates and book-readiness metrics
cn_fundamental_akshare_batch_v1_20260531\aggregated_v1,share_change_cninfo,转配股,capacity_size,announcement_pit_feature,notice_or_disclosure_lagged,candidate_after_pit_contract,lagged_level|rank_xsection|capacity_bucket|liquidity_capacity_interaction|small_capacity_guard,high,use notice/disclosure date plus conservative next-trading-day lag,nonminute_pit_context_panel_then_integrated_factor_pack,add capacity-aware filter templates and book-readiness metrics
cn_fundamental_akshare_batch_v1_20260531\aggregated_v1,share_change_cninfo,配售法人股,capacity_size,announcement_pit_feature,notice_or_disclosure_lagged,candidate_after_pit_contract,lagged_level|rank_xsection|capacity_bucket|liquidity_capacity_interaction|small_capacity_guard,high,use notice/disclosure date plus conservative next-trading-day lag,nonminute_pit_context_panel_then_integrated_factor_pack,add capacity-aware filter templates and book-readiness metrics
cn_fundamental_akshare_batch_v1_20260531\aggregated_v1,share_change_cninfo,高管股,capacity_size,announcement_pit_feature,notice_or_disclosure_lagged,candidate_after_pit_contract,lagged_level|rank_xsection|capacity_bucket|liquidity_capacity_interaction|small_capacity_guard,high,use notice/disclosure date plus conservative next-trading-day lag,nonminute_pit_context_panel_then_integrated_factor_pack,add capacity-aware filter templates and book-readiness metrics
cn_fundamental_akshare_batch_v1_20260531\aggregated_v1,zygc_em,主营利润,other,announcement_pit_feature,notice_or_disclosure_lagged,candidate_after_pit_contract,lagged_level|rank_xsection|zscore,low,use notice/disclosure date plus conservative next-trading-day lag,nonminute_pit_context_panel_then_integrated_factor_pack,eligible_for_bulk_transform_plan
cn_fundamental_akshare_batch_v1_20260531\aggregated_v1,zygc_em,主营成本,other,announcement_pit_feature,notice_or_disclosure_lagged,candidate_after_pit_contract,lagged_level|rank_xsection|zscore,low,use notice/disclosure date plus conservative next-trading-day lag,nonminute_pit_context_panel_then_integrated_factor_pack,eligible_for_bulk_transform_plan
cn_fundamental_akshare_batch_v1_20260531\aggregated_v1,zygc_em,主营收入,other,announcement_pit_feature,notice_or_disclosure_lagged,candidate_after_pit_contract,lagged_level|rank_xsection|zscore,low,use notice/disclosure date plus conservative next-trading-day lag,nonminute_pit_context_panel_then_integrated_factor_pack,eligible_for_bulk_transform_plan
cn_fundamental_akshare_batch_v1_20260531\aggregated_v1,zygc_em,主营构成,other,announcement_pit_feature,notice_or_disclosure_lagged,candidate_after_pit_contract,lagged_level|rank_xsection|zscore,low,use notice/disclosure date plus conservative next-trading-day lag,nonminute_pit_context_panel_then_integrated_factor_pack,eligible_for_bulk_transform_plan
cn_fundamental_akshare_batch_v1_20260531\aggregated_v1,zygc_em,分类类型,other,announcement_pit_feature,notice_or_disclosure_lagged,candidate_after_pit_contract,lagged_level|rank_xsection|zscore,low,use notice/disclosure date plus conservative next-trading-day lag,nonminute_pit_context_panel_then_integrated_factor_pack,eligible_for_bulk_transform_plan
cn_fundamental_akshare_batch_v1_20260531\aggregated_v1,zygc_em,利润比例,other,announcement_pit_feature,notice_or_disclosure_lagged,candidate_after_pit_contract,lagged_level|rank_xsection|zscore,low,use notice/disclosure date plus conservative next-trading-day lag,nonminute_pit_context_panel_then_integrated_factor_pack,eligible_for_bulk_transform_plan
cn_fundamental_akshare_batch_v1_20260531\aggregated_v1,zygc_em,成本比例,other,announcement_pit_feature,notice_or_disclosure_lagged,candidate_after_pit_contract,lagged_level|rank_xsection|zscore,low,use notice/disclosure date plus conservative next-trading-day lag,nonminute_pit_context_panel_then_integrated_factor_pack,eligible_for_bulk_transform_plan
cn_fundamental_akshare_batch_v1_20260531\aggregated_v1,zygc_em,报告日期,other,announcement_pit_feature,notice_or_disclosure_lagged,candidate_after_pit_contract,lagged_level|rank_xsection|zscore,low,use notice/disclosure date plus conservative next-trading-day lag,nonminute_pit_context_panel_then_integrated_factor_pack,eligible_for_bulk_transform_plan
cn_fundamental_akshare_batch_v1_20260531\aggregated_v1,zygc_em,收入比例,other,announcement_pit_feature,notice_or_disclosure_lagged,candidate_after_pit_contract,lagged_level|rank_xsection|zscore,low,use notice/disclosure date plus conservative next-trading-day lag,nonminute_pit_context_panel_then_integrated_factor_pack,eligible_for_bulk_transform_plan
cn_fundamental_akshare_batch_v1_20260531\aggregated_v1,zygc_em,毛利率,other,announcement_pit_feature,notice_or_disclosure_lagged,candidate_after_pit_contract,lagged_level|rank_xsection|zscore,low,use notice/disclosure date plus conservative next-trading-day lag,nonminute_pit_context_panel_then_integrated_factor_pack,eligible_for_bulk_transform_plan
cn_fundamental_akshare_batch_v1_20260531\aggregated_v1,zygc_em,股票代码,other,announcement_pit_feature,notice_or_disclosure_lagged,candidate_after_pit_contract,lagged_level|rank_xsection|zscore,low,use notice/disclosure date plus conservative next-trading-day lag,nonminute_pit_context_panel_then_integrated_factor_pack,eligible_for_bulk_transform_plan
cn_local_index_1min_silver_v2_20260601\index_1min_silver_by_date,index_1min_v2,amount,flow_liquidity,index_minute_market_context,observed_window_market_context,regime_or_interaction_candidate,index_window_return|index_breadth_proxy|market_regime_bucket|stock_x_index_interaction,high,index context only after observed minute window closes,index_minute_context_panel_then_regime_interactions,"build index-minute context sidecar and use as regime/interaction, not standalone stock rank"
cn_local_index_1min_silver_v2_20260601\index_1min_silver_by_date,index_1min_v2,amplitude_pct,group_market_context,index_minute_market_context,observed_window_market_context,regime_or_interaction_candidate,index_window_return|index_breadth_proxy|market_regime_bucket|stock_x_index_interaction,medium,index context only after observed minute window closes,index_minute_context_panel_then_regime_interactions,"build index-minute context sidecar and use as regime/interaction, not standalone stock rank"
cn_local_index_1min_silver_v2_20260601\index_1min_silver_by_date,index_1min_v2,close,group_market_context,index_minute_market_context,observed_window_market_context,regime_or_interaction_candidate,index_window_return|index_breadth_proxy|market_regime_bucket|stock_x_index_interaction,medium,index context only after observed minute window closes,index_minute_context_panel_then_regime_interactions,"build index-minute context sidecar and use as regime/interaction, not standalone stock rank"
cn_local_index_1min_silver_v2_20260601\index_1min_silver_by_date,index_1min_v2,high,group_market_context,index_minute_market_context,observed_window_market_context,regime_or_interaction_candidate,index_window_return|index_breadth_proxy|market_regime_bucket|stock_x_index_interaction,medium,index context only after observed minute window closes,index_minute_context_panel_then_regime_interactions,"build index-minute context sidecar and use as regime/interaction, not standalone stock rank"
cn_local_index_1min_silver_v2_20260601\index_1min_silver_by_date,index_1min_v2,index_code,group_market_context,index_minute_market_context,observed_window_market_context,regime_or_interaction_candidate,index_window_return|index_breadth_proxy|market_regime_bucket|stock_x_index_interaction,medium,index context only after observed minute window closes,index_minute_context_panel_then_regime_interactions,"build index-minute context sidecar and use as regime/interaction, not standalone stock rank"
cn_local_index_1min_silver_v2_20260601\index_1min_silver_by_date,index_1min_v2,low,group_market_context,index_minute_market_context,observed_window_market_context,regime_or_interaction_candidate,index_window_return|index_breadth_proxy|market_regime_bucket|stock_x_index_interaction,medium,index context only after observed minute window closes,index_minute_context_panel_then_regime_interactions,"build index-minute context sidecar and use as regime/interaction, not standalone stock rank"
cn_local_index_1min_silver_v2_20260601\index_1min_silver_by_date,index_1min_v2,open,group_market_context,index_minute_market_context,observed_window_market_context,regime_or_interaction_candidate,index_window_return|index_breadth_proxy|market_regime_bucket|stock_x_index_interaction,medium,index context only after observed minute window closes,index_minute_context_panel_then_regime_interactions,"build index-minute context sidecar and use as regime/interaction, not standalone stock rank"
cn_local_index_1min_silver_v2_20260601\index_1min_silver_by_date,index_1min_v2,pct_chg,group_market_context,index_minute_market_context,observed_window_market_context,regime_or_interaction_candidate,index_window_return|index_breadth_proxy|market_regime_bucket|stock_x_index_interaction,medium,index context only after observed minute window closes,index_minute_context_panel_then_regime_interactions,"build index-minute context sidecar and use as regime/interaction, not standalone stock rank"
cn_local_minute_daily_silver_v1_20260531,hfq_daily_2026,amount_yuan,flow_liquidity,lagged_daily_context_feature,daily_tplus1,candidate_or_regime_interaction,lagged_level|delta_3_5_10|zscore_20|rank_xsection|amount_to_float_mcap|turnover_bucket,high,same-day daily summary forbidden for open/morning decisions; use lagged context,nonminute_pit_context_panel_then_integrated_factor_pack,add explicit liquidity/volume factor templates and source attribution
cn_local_minute_daily_silver_v1_20260531,hfq_daily_2026,amplitude_pct,price_state,lagged_daily_context_feature,daily_tplus1,candidate_or_regime_interaction,lagged_momentum|mean_reversion|gap|volatility|rank_xsection,low,same-day daily summary forbidden for open/morning decisions; use lagged context,nonminute_pit_context_panel_then_integrated_factor_pack,eligible_for_bulk_transform_plan
cn_local_minute_daily_silver_v1_20260531,hfq_daily_2026,close_hfq,price_state,lagged_daily_context_feature,daily_tplus1,candidate_or_regime_interaction,lagged_momentum|mean_reversion|gap|volatility|rank_xsection,low,same-day daily summary forbidden for open/morning decisions; use lagged context,nonminute_pit_context_panel_then_integrated_factor_pack,eligible_for_bulk_transform_plan
cn_local_minute_daily_silver_v1_20260531,hfq_daily_2026,float_market_cap_yuan,capacity_size,lagged_daily_context_feature,daily_tplus1,candidate_or_regime_interaction,lagged_level|rank_xsection|capacity_bucket|liquidity_capacity_interaction|small_capacity_guard,high,same-day daily summary forbidden for open/morning decisions; use lagged context,nonminute_pit_context_panel_then_integrated_factor_pack,add capacity-aware filter templates and book-readiness metrics
cn_local_minute_daily_silver_v1_20260531,hfq_daily_2026,float_shares,capacity_size,lagged_daily_context_feature,daily_tplus1,candidate_or_regime_interaction,lagged_level|rank_xsection|capacity_bucket|liquidity_capacity_interaction|small_capacity_guard,high,same-day daily summary forbidden for open/morning decisions; use lagged context,nonminute_pit_context_panel_then_integrated_factor_pack,add capacity-aware filter templates and book-readiness metrics
cn_local_minute_daily_silver_v1_20260531,hfq_daily_2026,high_hfq,price_state,lagged_daily_context_feature,daily_tplus1,candidate_or_regime_interaction,lagged_momentum|mean_reversion|gap|volatility|rank_xsection,low,same-day daily summary forbidden for open/morning decisions; use lagged context,nonminute_pit_context_panel_then_integrated_factor_pack,eligible_for_bulk_transform_plan
cn_local_minute_daily_silver_v1_20260531,hfq_daily_2026,industry,group_market_context,lagged_daily_context_feature,daily_tplus1,candidate_or_regime_interaction,group_density|theme_strength|group_neutralization|interaction_only|regime_bucket,medium,same-day daily summary forbidden for open/morning decisions; use lagged context,nonminute_pit_context_panel_then_integrated_factor_pack,eligible_for_bulk_transform_plan
cn_local_minute_daily_silver_v1_20260531,hfq_daily_2026,is_limit_up,limit_event_sentiment,lagged_daily_context_feature,daily_tplus1,candidate_or_regime_interaction,event_flag|event_age|streak_lifecycle_n|open_touch_not_close|seal_strength|auction_pressure|same_count_placebo_required,high,same-day daily summary forbidden for open/morning decisions; use lagged context,nonminute_pit_context_panel_then_integrated_factor_pack,add event-state motif templates with matched-control validation
cn_local_minute_daily_silver_v1_20260531,hfq_daily_2026,is_marginable,leverage_flow,lagged_daily_context_feature,daily_tplus1,candidate_or_regime_interaction,net_flow_ratio|balance_normalized_flow|delta_3_5_10|rank_xsection|liquidity_interaction,high,same-day daily summary forbidden for open/morning decisions; use lagged context,nonminute_pit_context_panel_then_integrated_factor_pack,eligible_for_bulk_transform_plan
cn_local_minute_daily_silver_v1_20260531,hfq_daily_2026,is_st,tradability_universe,lagged_daily_context_feature,daily_tplus1,candidate_or_regime_interaction,filter_only|risk_control|do_not_rank_standalone,low,same-day daily summary forbidden for open/morning decisions; use lagged context,nonminute_pit_context_panel_then_integrated_factor_pack,eligible_for_bulk_transform_plan
cn_local_minute_daily_silver_v1_20260531,hfq_daily_2026,low_hfq,price_state,lagged_daily_context_feature,daily_tplus1,candidate_or_regime_interaction,lagged_momentum|mean_reversion|gap|volatility|rank_xsection,low,same-day daily summary forbidden for open/morning decisions; use lagged context,nonminute_pit_context_panel_then_integrated_factor_pack,eligible_for_bulk_transform_plan
cn_local_minute_daily_silver_v1_20260531,hfq_daily_2026,ma10,other,lagged_daily_context_feature,daily_tplus1,candidate_or_regime_interaction,lagged_level|rank_xsection|zscore,low,same-day daily summary forbidden for open/morning decisions; use lagged context,nonminute_pit_context_panel_then_integrated_factor_pack,eligible_for_bulk_transform_plan
cn_local_minute_daily_silver_v1_20260531,hfq_daily_2026,ma120,other,lagged_daily_context_feature,daily_tplus1,candidate_or_regime_interaction,lagged_level|rank_xsection|zscore,low,same-day daily summary forbidden for open/morning decisions; use lagged context,nonminute_pit_context_panel_then_integrated_factor_pack,eligible_for_bulk_transform_plan
cn_local_minute_daily_silver_v1_20260531,hfq_daily_2026,ma20,other,lagged_daily_context_feature,daily_tplus1,candidate_or_regime_interaction,lagged_level|rank_xsection|zscore,low,same-day daily summary forbidden for open/morning decisions; use lagged context,nonminute_pit_context_panel_then_integrated_factor_pack,eligible_for_bulk_transform_plan
cn_local_minute_daily_silver_v1_20260531,hfq_daily_2026,ma250,other,lagged_daily_context_feature,daily_tplus1,candidate_or_regime_interaction,lagged_level|rank_xsection|zscore,low,same-day daily summary forbidden for open/morning decisions; use lagged context,nonminute_pit_context_panel_then_integrated_factor_pack,eligible_for_bulk_transform_plan
cn_local_minute_daily_silver_v1_20260531,hfq_daily_2026,ma30,other,lagged_daily_context_feature,daily_tplus1,candidate_or_regime_interaction,lagged_level|rank_xsection|zscore,low,same-day daily summary forbidden for open/morning decisions; use lagged context,nonminute_pit_context_panel_then_integrated_factor_pack,eligible_for_bulk_transform_plan
cn_local_minute_daily_silver_v1_20260531,hfq_daily_2026,ma5,other,lagged_daily_context_feature,daily_tplus1,candidate_or_regime_interaction,lagged_level|rank_xsection|zscore,low,same-day daily summary forbidden for open/morning decisions; use lagged context,nonminute_pit_context_panel_then_integrated_factor_pack,eligible_for_bulk_transform_plan
cn_local_minute_daily_silver_v1_20260531,hfq_daily_2026,ma60,other,lagged_daily_context_feature,daily_tplus1,candidate_or_regime_interaction,lagged_level|rank_xsection|zscore,low,same-day daily summary forbidden for open/morning decisions; use lagged context,nonminute_pit_context_panel_then_integrated_factor_pack,eligible_for_bulk_transform_plan
cn_local_minute_daily_silver_v1_20260531,hfq_daily_2026,market_cap_yuan,capacity_size,lagged_daily_context_feature,daily_tplus1,candidate_or_regime_interaction,lagged_level|rank_xsection|capacity_bucket|liquidity_capacity_interaction|small_capacity_guard,high,same-day daily summary forbidden for open/morning decisions; use lagged context,nonminute_pit_context_panel_then_integrated_factor_pack,add capacity-aware filter templates and book-readiness metrics
cn_local_minute_daily_silver_v1_20260531,hfq_daily_2026,open_hfq,price_state,lagged_daily_context_feature,daily_tplus1,candidate_or_regime_interaction,lagged_momentum|mean_reversion|gap|volatility|rank_xsection,low,same-day daily summary forbidden for open/morning decisions; use lagged context,nonminute_pit_context_panel_then_integrated_factor_pack,eligible_for_bulk_transform_plan
cn_local_minute_daily_silver_v1_20260531,hfq_daily_2026,pb,other,lagged_daily_context_feature,daily_tplus1,candidate_or_regime_interaction,lagged_level|rank_xsection|zscore,low,same-day daily summary forbidden for open/morning decisions; use lagged context,nonminute_pit_context_panel_then_integrated_factor_pack,eligible_for_bulk_transform_plan
cn_local_minute_daily_silver_v1_20260531,hfq_daily_2026,pct_chg,price_state,lagged_daily_context_feature,daily_tplus1,candidate_or_regime_interaction,lagged_momentum|mean_reversion|gap|volatility|rank_xsection,low,same-day daily summary forbidden for open/morning decisions; use lagged context,nonminute_pit_context_panel_then_integrated_factor_pack,eligible_for_bulk_transform_plan
cn_local_minute_daily_silver_v1_20260531,hfq_daily_2026,pe_ttm,other,lagged_daily_context_feature,daily_tplus1,candidate_or_regime_interaction,lagged_level|rank_xsection|zscore,low,same-day daily summary forbidden for open/morning decisions; use lagged context,nonminute_pit_context_panel_then_integrated_factor_pack,eligible_for_bulk_transform_plan
cn_local_minute_daily_silver_v1_20260531,hfq_daily_2026,pre_close_hfq,price_state,lagged_daily_context_feature,daily_tplus1,candidate_or_regime_interaction,lagged_momentum|mean_reversion|gap|volatility|rank_xsection,low,same-day daily summary forbidden for open/morning decisions; use lagged context,nonminute_pit_context_panel_then_integrated_factor_pack,eligible_for_bulk_transform_plan
cn_local_minute_daily_silver_v1_20260531,hfq_daily_2026,ps_ttm,other,lagged_daily_context_feature,daily_tplus1,candidate_or_regime_interaction,lagged_level|rank_xsection|zscore,low,same-day daily summary forbidden for open/morning decisions; use lagged context,nonminute_pit_context_panel_then_integrated_factor_pack,eligible_for_bulk_transform_plan
cn_local_minute_daily_silver_v1_20260531,hfq_daily_2026,return_10d_pct,price_state,lagged_daily_context_feature,daily_tplus1,candidate_or_regime_interaction,lagged_momentum|mean_reversion|gap|volatility|rank_xsection,low,same-day daily summary forbidden for open/morning decisions; use lagged context,nonminute_pit_context_panel_then_integrated_factor_pack,eligible_for_bulk_transform_plan
cn_local_minute_daily_silver_v1_20260531,hfq_daily_2026,return_25d_pct,price_state,lagged_daily_context_feature,daily_tplus1,candidate_or_regime_interaction,lagged_momentum|mean_reversion|gap|volatility|rank_xsection,low,same-day daily summary forbidden for open/morning decisions; use lagged context,nonminute_pit_context_panel_then_integrated_factor_pack,eligible_for_bulk_transform_plan
cn_local_minute_daily_silver_v1_20260531,hfq_daily_2026,return_3d_pct,price_state,lagged_daily_context_feature,daily_tplus1,candidate_or_regime_interaction,lagged_momentum|mean_reversion|gap|volatility|rank_xsection,low,same-day daily summary forbidden for open/morning decisions; use lagged context,nonminute_pit_context_panel_then_integrated_factor_pack,eligible_for_bulk_transform_plan
cn_local_minute_daily_silver_v1_20260531,hfq_daily_2026,return_6d_pct,price_state,lagged_daily_context_feature,daily_tplus1,candidate_or_regime_interaction,lagged_momentum|mean_reversion|gap|volatility|rank_xsection,low,same-day daily summary forbidden for open/morning decisions; use lagged context,nonminute_pit_context_panel_then_integrated_factor_pack,eligible_for_bulk_transform_plan
cn_local_minute_daily_silver_v1_20260531,hfq_daily_2026,total_shares,capacity_size,lagged_daily_context_feature,daily_tplus1,candidate_or_regime_interaction,lagged_level|rank_xsection|capacity_bucket|liquidity_capacity_interaction|small_capacity_guard,high,same-day daily summary forbidden for open/morning decisions; use lagged context,nonminute_pit_context_panel_then_integrated_factor_pack,add capacity-aware filter templates and book-readiness metrics
cn_local_minute_daily_silver_v1_20260531,hfq_daily_2026,turnover_ratio,flow_liquidity,lagged_daily_context_feature,daily_tplus1,candidate_or_regime_interaction,lagged_level|delta_3_5_10|zscore_20|rank_xsection|amount_to_float_mcap|turnover_bucket,high,same-day daily summary forbidden for open/morning decisions; use lagged context,nonminute_pit_context_panel_then_integrated_factor_pack,add explicit liquidity/volume factor templates and source attribution
cn_local_minute_daily_silver_v1_20260531,hfq_daily_2026,volume_ratio,flow_liquidity,lagged_daily_context_feature,daily_tplus1,candidate_or_regime_interaction,lagged_level|delta_3_5_10|zscore_20|rank_xsection|amount_to_float_mcap|turnover_bucket,high,same-day daily summary forbidden for open/morning decisions; use lagged context,nonminute_pit_context_panel_then_integrated_factor_pack,add explicit liquidity/volume factor templates and source attribution
cn_local_minute_daily_silver_v1_20260531,hfq_daily_2026,volume_shares,flow_liquidity,lagged_daily_context_feature,daily_tplus1,candidate_or_regime_interaction,lagged_level|delta_3_5_10|zscore_20|rank_xsection|amount_to_float_mcap|turnover_bucket,high,same-day daily summary forbidden for open/morning decisions; use lagged context,nonminute_pit_context_panel_then_integrated_factor_pack,add explicit liquidity/volume factor templates and source attribution
cn_local_minute_daily_silver_v1_20260531\stock_1min_2023_2025_symbol_parquet,stock_1min_2023_2025,year,tradability_universe,stock_minute_feature,observed_window_only,candidate_after_window_close,window_return|window_vwap|amount_share|vol_share|range|rank_xsection|signal_vector_proxy,very_high,only use data from the observed minute window; later bars forbidden,minute_feature_panel_v2_then_integrated_factor_pack,eligible_for_bulk_transform_plan
cn_local_minute_daily_silver_v1_20260531\stock_1min_2026_parquet_by_date,stock_1min_2026,amount,flow_liquidity,stock_minute_feature,observed_window_only,candidate_after_window_close,window_return|window_vwap|amount_share|vol_share|range|rank_xsection|signal_vector_proxy,very_high,only use data from the observed minute window; later bars forbidden,minute_feature_panel_v2_then_integrated_factor_pack,add explicit liquidity/volume factor templates and source attribution
cn_local_minute_daily_silver_v1_20260531\stock_1min_2026_parquet_by_date,stock_1min_2026,change,price_state,stock_minute_feature,observed_window_only,candidate_after_window_close,window_return|window_vwap|amount_share|vol_share|range|rank_xsection|signal_vector_proxy,very_high,only use data from the observed minute window; later bars forbidden,minute_feature_panel_v2_then_integrated_factor_pack,eligible_for_bulk_transform_plan
cn_local_minute_daily_silver_v1_20260531\stock_1min_2026_parquet_by_date,stock_1min_2026,close,price_state,stock_minute_feature,observed_window_only,candidate_after_window_close,window_return|window_vwap|amount_share|vol_share|range|rank_xsection|signal_vector_proxy,very_high,only use data from the observed minute window; later bars forbidden,minute_feature_panel_v2_then_integrated_factor_pack,eligible_for_bulk_transform_plan
cn_local_minute_daily_silver_v1_20260531\stock_1min_2026_parquet_by_date,stock_1min_2026,high,price_state,stock_minute_feature,observed_window_only,candidate_after_window_close,window_return|window_vwap|amount_share|vol_share|range|rank_xsection|signal_vector_proxy,very_high,only use data from the observed minute window; later bars forbidden,minute_feature_panel_v2_then_integrated_factor_pack,eligible_for_bulk_transform_plan
cn_local_minute_daily_silver_v1_20260531\stock_1min_2026_parquet_by_date,stock_1min_2026,low,price_state,stock_minute_feature,observed_window_only,candidate_after_window_close,window_return|window_vwap|amount_share|vol_share|range|rank_xsection|signal_vector_proxy,very_high,only use data from the observed minute window; later bars forbidden,minute_feature_panel_v2_then_integrated_factor_pack,eligible_for_bulk_transform_plan
cn_local_minute_daily_silver_v1_20260531\stock_1min_2026_parquet_by_date,stock_1min_2026,open,price_state,stock_minute_feature,observed_window_only,candidate_after_window_close,window_return|window_vwap|amount_share|vol_share|range|rank_xsection|signal_vector_proxy,very_high,only use data from the observed minute window; later bars forbidden,minute_feature_panel_v2_then_integrated_factor_pack,eligible_for_bulk_transform_plan
cn_local_minute_daily_silver_v1_20260531\stock_1min_2026_parquet_by_date,stock_1min_2026,pct_chg,price_state,stock_minute_feature,observed_window_only,candidate_after_window_close,window_return|window_vwap|amount_share|vol_share|range|rank_xsection|signal_vector_proxy,very_high,only use data from the observed minute window; later bars forbidden,minute_feature_panel_v2_then_integrated_factor_pack,eligible_for_bulk_transform_plan
cn_local_minute_daily_silver_v1_20260531\stock_1min_2026_parquet_by_date,stock_1min_2026,pre_close,price_state,stock_minute_feature,observed_window_only,candidate_after_window_close,window_return|window_vwap|amount_share|vol_share|range|rank_xsection|signal_vector_proxy,very_high,only use data from the observed minute window; later bars forbidden,minute_feature_panel_v2_then_integrated_factor_pack,eligible_for_bulk_transform_plan
cn_local_minute_daily_silver_v1_20260531\stock_1min_2026_parquet_by_date,stock_1min_2026,vol,flow_liquidity,stock_minute_feature,observed_window_only,candidate_after_window_close,window_return|window_vwap|amount_share|vol_share|range|rank_xsection|signal_vector_proxy,very_high,only use data from the observed minute window; later bars forbidden,minute_feature_panel_v2_then_integrated_factor_pack,add explicit liquidity/volume factor templates and source attribution
cn_public_xsection_no_kline_silver_v1_20260530,billboard_buy,ACCUM_AMOUNT,flow_liquidity,announcement_pit_feature,notice_or_disclosure_lagged,candidate_after_pit_contract,lagged_level|delta_3_5_10|zscore_20|rank_xsection|amount_to_float_mcap|turnover_bucket,high,use notice/disclosure date plus conservative next-trading-day lag,nonminute_pit_context_panel_then_integrated_factor_pack,add explicit liquidity/volume factor templates and source attribution
cn_public_xsection_no_kline_silver_v1_20260530,billboard_buy,ACCUM_VOLUME,flow_liquidity,announcement_pit_feature,notice_or_disclosure_lagged,candidate_after_pit_contract,lagged_level|delta_3_5_10|zscore_20|rank_xsection|amount_to_float_mcap|turnover_bucket,high,use notice/disclosure date plus conservative next-trading-day lag,nonminute_pit_context_panel_then_integrated_factor_pack,add explicit liquidity/volume factor templates and source attribution
cn_public_xsection_no_kline_silver_v1_20260530,billboard_buy,BUY,disclosure_event_flow,announcement_pit_feature,notice_or_disclosure_lagged,candidate_after_pit_contract,event_flag|event_age|net_buy_sell_ratio|matched_control_required|diagnostic_first,medium,use notice/disclosure date plus conservative next-trading-day lag,nonminute_pit_context_panel_then_integrated_factor_pack,eligible_for_bulk_transform_plan
cn_public_xsection_no_kline_silver_v1_20260530,billboard_buy,CHANGE_RATE,price_state,announcement_pit_feature,notice_or_disclosure_lagged,candidate_after_pit_contract,lagged_momentum|mean_reversion|gap|volatility|rank_xsection,low,use notice/disclosure date plus conservative next-trading-day lag,nonminute_pit_context_panel_then_integrated_factor_pack,eligible_for_bulk_transform_plan
cn_public_xsection_no_kline_silver_v1_20260530,billboard_buy,CHANGE_TYPE,price_state,announcement_pit_feature,notice_or_disclosure_lagged,candidate_after_pit_contract,lagged_momentum|mean_reversion|gap|volatility|rank_xsection,low,use notice/disclosure date plus conservative next-trading-day lag,nonminute_pit_context_panel_then_integrated_factor_pack,eligible_for_bulk_transform_plan
cn_public_xsection_no_kline_silver_v1_20260530,billboard_buy,CLOSE_PRICE,price_state,announcement_pit_feature,notice_or_disclosure_lagged,candidate_after_pit_contract,lagged_momentum|mean_reversion|gap|volatility|rank_xsection,low,use notice/disclosure date plus conservative next-trading-day lag,nonminute_pit_context_panel_then_integrated_factor_pack,eligible_for_bulk_transform_plan
cn_public_xsection_no_kline_silver_v1_20260530,billboard_buy,NET,disclosure_event_flow,announcement_pit_feature,notice_or_disclosure_lagged,candidate_after_pit_contract,event_flag|event_age|net_buy_sell_ratio|matched_control_required|diagnostic_first,medium,use notice/disclosure date plus conservative next-trading-day lag,nonminute_pit_context_panel_then_integrated_factor_pack,eligible_for_bulk_transform_plan
cn_public_xsection_no_kline_silver_v1_20260530,billboard_buy,OPERATEDEPT_CODE,disclosure_event_flow,announcement_pit_feature,notice_or_disclosure_lagged,candidate_after_pit_contract,event_flag|event_age|net_buy_sell_ratio|matched_control_required|diagnostic_first,medium,use notice/disclosure date plus conservative next-trading-day lag,nonminute_pit_context_panel_then_integrated_factor_pack,eligible_for_bulk_transform_plan
cn_public_xsection_no_kline_silver_v1_20260530,billboard_buy,OPERATEDEPT_CODE_OLD,disclosure_event_flow,announcement_pit_feature,notice_or_disclosure_lagged,candidate_after_pit_contract,event_flag|event_age|net_buy_sell_ratio|matched_control_required|diagnostic_first,medium,use notice/disclosure date plus conservative next-trading-day lag,nonminute_pit_context_panel_then_integrated_factor_pack,eligible_for_bulk_transform_plan
cn_public_xsection_no_kline_silver_v1_20260530,billboard_buy,RISE_PROBABILITY_3DAY,disclosure_event_flow,announcement_pit_feature,notice_or_disclosure_lagged,candidate_after_pit_contract,event_flag|event_age|net_buy_sell_ratio|matched_control_required|diagnostic_first,medium,use notice/disclosure date plus conservative next-trading-day lag,nonminute_pit_context_panel_then_integrated_factor_pack,eligible_for_bulk_transform_plan
cn_public_xsection_no_kline_silver_v1_20260530,billboard_buy,SELL,disclosure_event_flow,announcement_pit_feature,notice_or_disclosure_lagged,candidate_after_pit_contract,event_flag|event_age|net_buy_sell_ratio|matched_control_required|diagnostic_first,medium,use notice/disclosure date plus conservative next-trading-day lag,nonminute_pit_context_panel_then_integrated_factor_pack,eligible_for_bulk_transform_plan
cn_public_xsection_no_kline_silver_v1_20260530,billboard_buy,TOTAL_BUYRIO,disclosure_event_flow,announcement_pit_feature,notice_or_disclosure_lagged,candidate_after_pit_contract,event_flag|event_age|net_buy_sell_ratio|matched_control_required|diagnostic_first,medium,use notice/disclosure date plus conservative next-trading-day lag,nonminute_pit_context_panel_then_integrated_factor_pack,eligible_for_bulk_transform_plan
cn_public_xsection_no_kline_silver_v1_20260530,billboard_buy,TOTAL_SELLRIO,disclosure_event_flow,announcement_pit_feature,notice_or_disclosure_lagged,candidate_after_pit_contract,event_flag|event_age|net_buy_sell_ratio|matched_control_required|diagnostic_first,medium,use notice/disclosure date plus conservative next-trading-day lag,nonminute_pit_context_panel_then_integrated_factor_pack,eligible_for_bulk_transform_plan
cn_public_xsection_no_kline_silver_v1_20260530,billboard_buy,TRADE_ID,disclosure_event_flow,announcement_pit_feature,notice_or_disclosure_lagged,candidate_after_pit_contract,event_flag|event_age|net_buy_sell_ratio|matched_control_required|diagnostic_first,medium,use notice/disclosure date plus conservative next-trading-day lag,nonminute_pit_context_panel_then_integrated_factor_pack,eligible_for_bulk_transform_plan
cn_public_xsection_no_kline_silver_v1_20260530,billboard_details,ACCUM_AMOUNT,flow_liquidity,announcement_pit_feature,notice_or_disclosure_lagged,candidate_after_pit_contract,lagged_level|delta_3_5_10|zscore_20|rank_xsection|amount_to_float_mcap|turnover_bucket,high,use notice/disclosure date plus conservative next-trading-day lag,nonminute_pit_context_panel_then_integrated_factor_pack,add explicit liquidity/volume factor templates and source attribution
cn_public_xsection_no_kline_silver_v1_20260530,billboard_details,BILLBOARD_BUY_AMT,disclosure_event_flow,announcement_pit_feature,notice_or_disclosure_lagged,candidate_after_pit_contract,event_flag|event_age|net_buy_sell_ratio|matched_control_required|diagnostic_first,medium,use notice/disclosure date plus conservative next-trading-day lag,nonminute_pit_context_panel_then_integrated_factor_pack,eligible_for_bulk_transform_plan
cn_public_xsection_no_kline_silver_v1_20260530,billboard_details,BILLBOARD_DEAL_AMT,disclosure_event_flow,announcement_pit_feature,notice_or_disclosure_lagged,candidate_after_pit_contract,event_flag|event_age|net_buy_sell_ratio|matched_control_required|diagnostic_first,medium,use notice/disclosure date plus conservative next-trading-day lag,nonminute_pit_context_panel_then_integrated_factor_pack,eligible_for_bulk_transform_plan
cn_public_xsection_no_kline_silver_v1_20260530,billboard_details,BILLBOARD_NET_AMT,disclosure_event_flow,announcement_pit_feature,notice_or_disclosure_lagged,candidate_after_pit_contract,event_flag|event_age|net_buy_sell_ratio|matched_control_required|diagnostic_first,medium,use notice/disclosure date plus conservative next-trading-day lag,nonminute_pit_context_panel_then_integrated_factor_pack,eligible_for_bulk_transform_plan
cn_public_xsection_no_kline_silver_v1_20260530,billboard_details,BILLBOARD_SELL_AMT,disclosure_event_flow,announcement_pit_feature,notice_or_disclosure_lagged,candidate_after_pit_contract,event_flag|event_age|net_buy_sell_ratio|matched_control_required|diagnostic_first,medium,use notice/disclosure date plus conservative next-trading-day lag,nonminute_pit_context_panel_then_integrated_factor_pack,eligible_for_bulk_transform_plan
cn_public_xsection_no_kline_silver_v1_20260530,billboard_details,BUY_RATIO,disclosure_event_flow,announcement_pit_feature,notice_or_disclosure_lagged,candidate_after_pit_contract,event_flag|event_age|net_buy_sell_ratio|matched_control_required|diagnostic_first,medium,use notice/disclosure date plus conservative next-trading-day lag,nonminute_pit_context_panel_then_integrated_factor_pack,eligible_for_bulk_transform_plan
cn_public_xsection_no_kline_silver_v1_20260530,billboard_details,BUY_SEAT,disclosure_event_flow,announcement_pit_feature,notice_or_disclosure_lagged,candidate_after_pit_contract,event_flag|event_age|net_buy_sell_ratio|matched_control_required|diagnostic_first,medium,use notice/disclosure date plus conservative next-trading-day lag,nonminute_pit_context_panel_then_integrated_factor_pack,eligible_for_bulk_transform_plan
cn_public_xsection_no_kline_silver_v1_20260530,billboard_details,BUY_SEAT_NEW,disclosure_event_flow,announcement_pit_feature,notice_or_disclosure_lagged,candidate_after_pit_contract,event_flag|event_age|net_buy_sell_ratio|matched_control_required|diagnostic_first,medium,use notice/disclosure date plus conservative next-trading-day lag,nonminute_pit_context_panel_then_integrated_factor_pack,eligible_for_bulk_transform_plan
cn_public_xsection_no_kline_silver_v1_20260530,billboard_details,CHANGE_RATE,price_state,announcement_pit_feature,notice_or_disclosure_lagged,candidate_after_pit_contract,lagged_momentum|mean_reversion|gap|volatility|rank_xsection,low,use notice/disclosure date plus conservative next-trading-day lag,nonminute_pit_context_panel_then_integrated_factor_pack,eligible_for_bulk_transform_plan
cn_public_xsection_no_kline_silver_v1_20260530,billboard_details,CHANGE_TYPE,price_state,announcement_pit_feature,notice_or_disclosure_lagged,candidate_after_pit_contract,lagged_momentum|mean_reversion|gap|volatility|rank_xsection,low,use notice/disclosure date plus conservative next-trading-day lag,nonminute_pit_context_panel_then_integrated_factor_pack,eligible_for_bulk_transform_plan
cn_public_xsection_no_kline_silver_v1_20260530,billboard_details,CLOSE_PRICE,price_state,announcement_pit_feature,notice_or_disclosure_lagged,candidate_after_pit_contract,lagged_momentum|mean_reversion|gap|volatility|rank_xsection,low,use notice/disclosure date plus conservative next-trading-day lag,nonminute_pit_context_panel_then_integrated_factor_pack,eligible_for_bulk_transform_plan
cn_public_xsection_no_kline_silver_v1_20260530,billboard_details,D10_CLOSE_ADJCHRATE,price_state,announcement_pit_feature,notice_or_disclosure_lagged,candidate_after_pit_contract,lagged_momentum|mean_reversion|gap|volatility|rank_xsection,low,use notice/disclosure date plus conservative next-trading-day lag,nonminute_pit_context_panel_then_integrated_factor_pack,eligible_for_bulk_transform_plan
cn_public_xsection_no_kline_silver_v1_20260530,billboard_details,D1_CLOSE_ADJCHRATE,price_state,announcement_pit_feature,notice_or_disclosure_lagged,candidate_after_pit_contract,lagged_momentum|mean_reversion|gap|volatility|rank_xsection,low,use notice/disclosure date plus conservative next-trading-day lag,nonminute_pit_context_panel_then_integrated_factor_pack,eligible_for_bulk_transform_plan
cn_public_xsection_no_kline_silver_v1_20260530,billboard_details,D20_CLOSE_ADJCHRATE,price_state,announcement_pit_feature,notice_or_disclosure_lagged,candidate_after_pit_contract,lagged_momentum|mean_reversion|gap|volatility|rank_xsection,low,use notice/disclosure date plus conservative next-trading-day lag,nonminute_pit_context_panel_then_integrated_factor_pack,eligible_for_bulk_transform_plan
cn_public_xsection_no_kline_silver_v1_20260530,billboard_details,D2_CLOSE_ADJCHRATE,price_state,announcement_pit_feature,notice_or_disclosure_lagged,candidate_after_pit_contract,lagged_momentum|mean_reversion|gap|volatility|rank_xsection,low,use notice/disclosure date plus conservative next-trading-day lag,nonminute_pit_context_panel_then_integrated_factor_pack,eligible_for_bulk_transform_plan
cn_public_xsection_no_kline_silver_v1_20260530,billboard_details,D30_CLOSE_ADJCHRATE,price_state,announcement_pit_feature,notice_or_disclosure_lagged,candidate_after_pit_contract,lagged_momentum|mean_reversion|gap|volatility|rank_xsection,low,use notice/disclosure date plus conservative next-trading-day lag,nonminute_pit_context_panel_then_integrated_factor_pack,eligible_for_bulk_transform_plan
cn_public_xsection_no_kline_silver_v1_20260530,billboard_details,D5_CLOSE_ADJCHRATE,price_state,announcement_pit_feature,notice_or_disclosure_lagged,candidate_after_pit_contract,lagged_momentum|mean_reversion|gap|volatility|rank_xsection,low,use notice/disclosure date plus conservative next-trading-day lag,nonminute_pit_context_panel_then_integrated_factor_pack,eligible_for_bulk_transform_plan
cn_public_xsection_no_kline_silver_v1_20260530,billboard_details,DEAL_AMOUNT_RATIO,flow_liquidity,announcement_pit_feature,notice_or_disclosure_lagged,candidate_after_pit_contract,lagged_level|delta_3_5_10|zscore_20|rank_xsection|amount_to_float_mcap|turnover_bucket,high,use notice/disclosure date plus conservative next-trading-day lag,nonminute_pit_context_panel_then_integrated_factor_pack,add explicit liquidity/volume factor templates and source attribution
cn_public_xsection_no_kline_silver_v1_20260530,billboard_details,DEAL_NET_RATIO,disclosure_event_flow,announcement_pit_feature,notice_or_disclosure_lagged,candidate_after_pit_contract,event_flag|event_age|net_buy_sell_ratio|matched_control_required|diagnostic_first,medium,use notice/disclosure date plus conservative next-trading-day lag,nonminute_pit_context_panel_then_integrated_factor_pack,eligible_for_bulk_transform_plan
cn_public_xsection_no_kline_silver_v1_20260530,billboard_details,EXPLAIN,disclosure_event_flow,announcement_pit_feature,notice_or_disclosure_lagged,candidate_after_pit_contract,event_flag|event_age|net_buy_sell_ratio|matched_control_required|diagnostic_first,medium,use notice/disclosure date plus conservative next-trading-day lag,nonminute_pit_context_panel_then_integrated_factor_pack,eligible_for_bulk_transform_plan
cn_public_xsection_no_kline_silver_v1_20260530,billboard_details,FREE_MARKET_CAP,capacity_size,announcement_pit_feature,notice_or_disclosure_lagged,candidate_after_pit_contract,lagged_level|rank_xsection|capacity_bucket|liquidity_capacity_interaction|small_capacity_guard,high,use notice/disclosure date plus conservative next-trading-day lag,nonminute_pit_context_panel_then_integrated_factor_pack,add capacity-aware filter templates and book-readiness metrics
cn_public_xsection_no_kline_silver_v1_20260530,billboard_details,MARKET,disclosure_event_flow,announcement_pit_feature,notice_or_disclosure_lagged,candidate_after_pit_contract,event_flag|event_age|net_buy_sell_ratio|matched_control_required|diagnostic_first,medium,use notice/disclosure date plus conservative next-trading-day lag,nonminute_pit_context_panel_then_integrated_factor_pack,eligible_for_bulk_transform_plan
cn_public_xsection_no_kline_silver_v1_20260530,billboard_details,NET_BS_AMT,disclosure_event_flow,announcement_pit_feature,notice_or_disclosure_lagged,candidate_after_pit_contract,event_flag|event_age|net_buy_sell_ratio|matched_control_required|diagnostic_first,medium,use notice/disclosure date plus conservative next-trading-day lag,nonminute_pit_context_panel_then_integrated_factor_pack,eligible_for_bulk_transform_plan
cn_public_xsection_no_kline_silver_v1_20260530,billboard_details,SECURITY_INNER_CODE,disclosure_event_flow,announcement_pit_feature,notice_or_disclosure_lagged,candidate_after_pit_contract,event_flag|event_age|net_buy_sell_ratio|matched_control_required|diagnostic_first,medium,use notice/disclosure date plus conservative next-trading-day lag,nonminute_pit_context_panel_then_integrated_factor_pack,eligible_for_bulk_transform_plan
cn_public_xsection_no_kline_silver_v1_20260530,billboard_details,SECURITY_TYPE_CODE,disclosure_event_flow,announcement_pit_feature,notice_or_disclosure_lagged,candidate_after_pit_contract,event_flag|event_age|net_buy_sell_ratio|matched_control_required|diagnostic_first,medium,use notice/disclosure date plus conservative next-trading-day lag,nonminute_pit_context_panel_then_integrated_factor_pack,eligible_for_bulk_transform_plan
cn_public_xsection_no_kline_silver_v1_20260530,billboard_details,SELL_RATIO,disclosure_event_flow,announcement_pit_feature,notice_or_disclosure_lagged,candidate_after_pit_contract,event_flag|event_age|net_buy_sell_ratio|matched_control_required|diagnostic_first,medium,use notice/disclosure date plus conservative next-trading-day lag,nonminute_pit_context_panel_then_integrated_factor_pack,eligible_for_bulk_transform_plan
cn_public_xsection_no_kline_silver_v1_20260530,billboard_details,SELL_SEAT,disclosure_event_flow,announcement_pit_feature,notice_or_disclosure_lagged,candidate_after_pit_contract,event_flag|event_age|net_buy_sell_ratio|matched_control_required|diagnostic_first,medium,use notice/disclosure date plus conservative next-trading-day lag,nonminute_pit_context_panel_then_integrated_factor_pack,eligible_for_bulk_transform_plan
cn_public_xsection_no_kline_silver_v1_20260530,billboard_details,SELL_SEAT_NEW,disclosure_event_flow,announcement_pit_feature,notice_or_disclosure_lagged,candidate_after_pit_contract,event_flag|event_age|net_buy_sell_ratio|matched_control_required|diagnostic_first,medium,use notice/disclosure date plus conservative next-trading-day lag,nonminute_pit_context_panel_then_integrated_factor_pack,eligible_for_bulk_transform_plan
cn_public_xsection_no_kline_silver_v1_20260530,billboard_details,SUM_BUY_AMT,disclosure_event_flow,announcement_pit_feature,notice_or_disclosure_lagged,candidate_after_pit_contract,event_flag|event_age|net_buy_sell_ratio|matched_control_required|diagnostic_first,medium,use notice/disclosure date plus conservative next-trading-day lag,nonminute_pit_context_panel_then_integrated_factor_pack,eligible_for_bulk_transform_plan
cn_public_xsection_no_kline_silver_v1_20260530,billboard_details,SUM_SELL_AMT,disclosure_event_flow,announcement_pit_feature,notice_or_disclosure_lagged,candidate_after_pit_contract,event_flag|event_age|net_buy_sell_ratio|matched_control_required|diagnostic_first,medium,use notice/disclosure date plus conservative next-trading-day lag,nonminute_pit_context_panel_then_integrated_factor_pack,eligible_for_bulk_transform_plan
cn_public_xsection_no_kline_silver_v1_20260530,billboard_details,TRADE_ID,disclosure_event_flow,announcement_pit_feature,notice_or_disclosure_lagged,candidate_after_pit_contract,event_flag|event_age|net_buy_sell_ratio|matched_control_required|diagnostic_first,medium,use notice/disclosure date plus conservative next-trading-day lag,nonminute_pit_context_panel_then_integrated_factor_pack,eligible_for_bulk_transform_plan
cn_public_xsection_no_kline_silver_v1_20260530,billboard_details,TRADE_MARKET,disclosure_event_flow,announcement_pit_feature,notice_or_disclosure_lagged,candidate_after_pit_contract,event_flag|event_age|net_buy_sell_ratio|matched_control_required|diagnostic_first,medium,use notice/disclosure date plus conservative next-trading-day lag,nonminute_pit_context_panel_then_integrated_factor_pack,eligible_for_bulk_transform_plan
cn_public_xsection_no_kline_silver_v1_20260530,billboard_details,TRADE_MARKET_CODE,disclosure_event_flow,announcement_pit_feature,notice_or_disclosure_lagged,candidate_after_pit_contract,event_flag|event_age|net_buy_sell_ratio|matched_control_required|diagnostic_first,medium,use notice/disclosure date plus conservative next-trading-day lag,nonminute_pit_context_panel_then_integrated_factor_pack,eligible_for_bulk_transform_plan
cn_public_xsection_no_kline_silver_v1_20260530,billboard_details,TURNOVERRATE,flow_liquidity,announcement_pit_feature,notice_or_disclosure_lagged,candidate_after_pit_contract,lagged_level|delta_3_5_10|zscore_20|rank_xsection|amount_to_float_mcap|turnover_bucket,high,use notice/disclosure date plus conservative next-trading-day lag,nonminute_pit_context_panel_then_integrated_factor_pack,add explicit liquidity/volume factor templates and source attribution
cn_public_xsection_no_kline_silver_v1_20260530,billboard_sell,ACCUM_AMOUNT,flow_liquidity,announcement_pit_feature,notice_or_disclosure_lagged,candidate_after_pit_contract,lagged_level|delta_3_5_10|zscore_20|rank_xsection|amount_to_float_mcap|turnover_bucket,high,use notice/disclosure date plus conservative next-trading-day lag,nonminute_pit_context_panel_then_integrated_factor_pack,add explicit liquidity/volume factor templates and source attribution
cn_public_xsection_no_kline_silver_v1_20260530,billboard_sell,ACCUM_VOLUME,flow_liquidity,announcement_pit_feature,notice_or_disclosure_lagged,candidate_after_pit_contract,lagged_level|delta_3_5_10|zscore_20|rank_xsection|amount_to_float_mcap|turnover_bucket,high,use notice/disclosure date plus conservative next-trading-day lag,nonminute_pit_context_panel_then_integrated_factor_pack,add explicit liquidity/volume factor templates and source attribution
cn_public_xsection_no_kline_silver_v1_20260530,billboard_sell,BUY,disclosure_event_flow,announcement_pit_feature,notice_or_disclosure_lagged,candidate_after_pit_contract,event_flag|event_age|net_buy_sell_ratio|matched_control_required|diagnostic_first,medium,use notice/disclosure date plus conservative next-trading-day lag,nonminute_pit_context_panel_then_integrated_factor_pack,eligible_for_bulk_transform_plan
cn_public_xsection_no_kline_silver_v1_20260530,billboard_sell,CHANGE_RATE,price_state,announcement_pit_feature,notice_or_disclosure_lagged,candidate_after_pit_contract,lagged_momentum|mean_reversion|gap|volatility|rank_xsection,low,use notice/disclosure date plus conservative next-trading-day lag,nonminute_pit_context_panel_then_integrated_factor_pack,eligible_for_bulk_transform_plan
cn_public_xsection_no_kline_silver_v1_20260530,billboard_sell,CHANGE_TYPE,price_state,announcement_pit_feature,notice_or_disclosure_lagged,candidate_after_pit_contract,lagged_momentum|mean_reversion|gap|volatility|rank_xsection,low,use notice/disclosure date plus conservative next-trading-day lag,nonminute_pit_context_panel_then_integrated_factor_pack,eligible_for_bulk_transform_plan
cn_public_xsection_no_kline_silver_v1_20260530,billboard_sell,CLOSE_PRICE,price_state,announcement_pit_feature,notice_or_disclosure_lagged,candidate_after_pit_contract,lagged_momentum|mean_reversion|gap|volatility|rank_xsection,low,use notice/disclosure date plus conservative next-trading-day lag,nonminute_pit_context_panel_then_integrated_factor_pack,eligible_for_bulk_transform_plan
cn_public_xsection_no_kline_silver_v1_20260530,billboard_sell,NET,disclosure_event_flow,announcement_pit_feature,notice_or_disclosure_lagged,candidate_after_pit_contract,event_flag|event_age|net_buy_sell_ratio|matched_control_required|diagnostic_first,medium,use notice/disclosure date plus conservative next-trading-day lag,nonminute_pit_context_panel_then_integrated_factor_pack,eligible_for_bulk_transform_plan
cn_public_xsection_no_kline_silver_v1_20260530,billboard_sell,OPERATEDEPT_CODE,disclosure_event_flow,announcement_pit_feature,notice_or_disclosure_lagged,candidate_after_pit_contract,event_flag|event_age|net_buy_sell_ratio|matched_control_required|diagnostic_first,medium,use notice/disclosure date plus conservative next-trading-day lag,nonminute_pit_context_panel_then_integrated_factor_pack,eligible_for_bulk_transform_plan
cn_public_xsection_no_kline_silver_v1_20260530,billboard_sell,OPERATEDEPT_CODE_OLD,disclosure_event_flow,announcement_pit_feature,notice_or_disclosure_lagged,candidate_after_pit_contract,event_flag|event_age|net_buy_sell_ratio|matched_control_required|diagnostic_first,medium,use notice/disclosure date plus conservative next-trading-day lag,nonminute_pit_context_panel_then_integrated_factor_pack,eligible_for_bulk_transform_plan
cn_public_xsection_no_kline_silver_v1_20260530,billboard_sell,RISE_PROBABILITY_3DAY,disclosure_event_flow,announcement_pit_feature,notice_or_disclosure_lagged,candidate_after_pit_contract,event_flag|event_age|net_buy_sell_ratio|matched_control_required|diagnostic_first,medium,use notice/disclosure date plus conservative next-trading-day lag,nonminute_pit_context_panel_then_integrated_factor_pack,eligible_for_bulk_transform_plan
cn_public_xsection_no_kline_silver_v1_20260530,billboard_sell,SELL,disclosure_event_flow,announcement_pit_feature,notice_or_disclosure_lagged,candidate_after_pit_contract,event_flag|event_age|net_buy_sell_ratio|matched_control_required|diagnostic_first,medium,use notice/disclosure date plus conservative next-trading-day lag,nonminute_pit_context_panel_then_integrated_factor_pack,eligible_for_bulk_transform_plan
cn_public_xsection_no_kline_silver_v1_20260530,billboard_sell,TOTAL_BUYRIO,disclosure_event_flow,announcement_pit_feature,notice_or_disclosure_lagged,candidate_after_pit_contract,event_flag|event_age|net_buy_sell_ratio|matched_control_required|diagnostic_first,medium,use notice/disclosure date plus conservative next-trading-day lag,nonminute_pit_context_panel_then_integrated_factor_pack,eligible_for_bulk_transform_plan
cn_public_xsection_no_kline_silver_v1_20260530,billboard_sell,TOTAL_SELLRIO,disclosure_event_flow,announcement_pit_feature,notice_or_disclosure_lagged,candidate_after_pit_contract,event_flag|event_age|net_buy_sell_ratio|matched_control_required|diagnostic_first,medium,use notice/disclosure date plus conservative next-trading-day lag,nonminute_pit_context_panel_then_integrated_factor_pack,eligible_for_bulk_transform_plan
cn_public_xsection_no_kline_silver_v1_20260530,billboard_sell,TRADE_ID,disclosure_event_flow,announcement_pit_feature,notice_or_disclosure_lagged,candidate_after_pit_contract,event_flag|event_age|net_buy_sell_ratio|matched_control_required|diagnostic_first,medium,use notice/disclosure date plus conservative next-trading-day lag,nonminute_pit_context_panel_then_integrated_factor_pack,eligible_for_bulk_transform_plan
cn_public_xsection_no_kline_silver_v1_20260530,holder_num_detail,AVG_HOLD_NUM,holder_corporate_action,announcement_pit_feature,notice_or_disclosure_lagged,candidate_after_pit_contract,announcement_lagged_latest|holder_change|holder_ratio|event_age|rank_xsection,medium,use notice/disclosure date plus conservative next-trading-day lag,nonminute_pit_context_panel_then_integrated_factor_pack,eligible_for_bulk_transform_plan
cn_public_xsection_no_kline_silver_v1_20260530,holder_num_detail,AVG_MARKET_CAP,capacity_size,announcement_pit_feature,notice_or_disclosure_lagged,candidate_after_pit_contract,lagged_level|rank_xsection|capacity_bucket|liquidity_capacity_interaction|small_capacity_guard,high,use notice/disclosure date plus conservative next-trading-day lag,nonminute_pit_context_panel_then_integrated_factor_pack,add capacity-aware filter templates and book-readiness metrics
cn_public_xsection_no_kline_silver_v1_20260530,holder_num_detail,CHANGE_SHARES,capacity_size,announcement_pit_feature,notice_or_disclosure_lagged,candidate_after_pit_contract,lagged_level|rank_xsection|capacity_bucket|liquidity_capacity_interaction|small_capacity_guard,high,use notice/disclosure date plus conservative next-trading-day lag,nonminute_pit_context_panel_then_integrated_factor_pack,add capacity-aware filter templates and book-readiness metrics
cn_public_xsection_no_kline_silver_v1_20260530,holder_num_detail,CLOSE_PRICE,price_state,announcement_pit_feature,notice_or_disclosure_lagged,candidate_after_pit_contract,lagged_momentum|mean_reversion|gap|volatility|rank_xsection,low,use notice/disclosure date plus conservative next-trading-day lag,nonminute_pit_context_panel_then_integrated_factor_pack,eligible_for_bulk_transform_plan
cn_public_xsection_no_kline_silver_v1_20260530,holder_num_detail,HOLDER_NUM,holder_corporate_action,announcement_pit_feature,notice_or_disclosure_lagged,candidate_after_pit_contract,announcement_lagged_latest|holder_change|holder_ratio|event_age|rank_xsection,medium,use notice/disclosure date plus conservative next-trading-day lag,nonminute_pit_context_panel_then_integrated_factor_pack,eligible_for_bulk_transform_plan
cn_public_xsection_no_kline_silver_v1_20260530,holder_num_detail,HOLDER_NUM_CHANGE,price_state,announcement_pit_feature,notice_or_disclosure_lagged,candidate_after_pit_contract,lagged_momentum|mean_reversion|gap|volatility|rank_xsection,low,use notice/disclosure date plus conservative next-trading-day lag,nonminute_pit_context_panel_then_integrated_factor_pack,eligible_for_bulk_transform_plan
cn_public_xsection_no_kline_silver_v1_20260530,holder_num_detail,HOLDER_NUM_RATIO,holder_corporate_action,announcement_pit_feature,notice_or_disclosure_lagged,candidate_after_pit_contract,announcement_lagged_latest|holder_change|holder_ratio|event_age|rank_xsection,medium,use notice/disclosure date plus conservative next-trading-day lag,nonminute_pit_context_panel_then_integrated_factor_pack,eligible_for_bulk_transform_plan
cn_public_xsection_no_kline_silver_v1_20260530,holder_num_detail,INTERVAL_CHRATE,holder_corporate_action,announcement_pit_feature,notice_or_disclosure_lagged,candidate_after_pit_contract,announcement_lagged_latest|holder_change|holder_ratio|event_age|rank_xsection,medium,use notice/disclosure date plus conservative next-trading-day lag,nonminute_pit_context_panel_then_integrated_factor_pack,eligible_for_bulk_transform_plan
cn_public_xsection_no_kline_silver_v1_20260530,holder_num_detail,ORG_CODE,holder_corporate_action,announcement_pit_feature,notice_or_disclosure_lagged,candidate_after_pit_contract,announcement_lagged_latest|holder_change|holder_ratio|event_age|rank_xsection,medium,use notice/disclosure date plus conservative next-trading-day lag,nonminute_pit_context_panel_then_integrated_factor_pack,eligible_for_bulk_transform_plan
cn_public_xsection_no_kline_silver_v1_20260530,holder_num_detail,PRE_HOLDER_NUM,holder_corporate_action,announcement_pit_feature,notice_or_disclosure_lagged,candidate_after_pit_contract,announcement_lagged_latest|holder_change|holder_ratio|event_age|rank_xsection,medium,use notice/disclosure date plus conservative next-trading-day lag,nonminute_pit_context_panel_then_integrated_factor_pack,eligible_for_bulk_transform_plan
cn_public_xsection_no_kline_silver_v1_20260530,holder_num_detail,REPORT,holder_corporate_action,announcement_pit_feature,notice_or_disclosure_lagged,candidate_after_pit_contract,announcement_lagged_latest|holder_change|holder_ratio|event_age|rank_xsection,medium,use notice/disclosure date plus conservative next-trading-day lag,nonminute_pit_context_panel_then_integrated_factor_pack,eligible_for_bulk_transform_plan
cn_public_xsection_no_kline_silver_v1_20260530,holder_num_detail,TOTAL_A_SHARES,capacity_size,announcement_pit_feature,notice_or_disclosure_lagged,candidate_after_pit_contract,lagged_level|rank_xsection|capacity_bucket|liquidity_capacity_interaction|small_capacity_guard,high,use notice/disclosure date plus conservative next-trading-day lag,nonminute_pit_context_panel_then_integrated_factor_pack,add capacity-aware filter templates and book-readiness metrics
cn_public_xsection_no_kline_silver_v1_20260530,holder_num_detail,TOTAL_MARKET_CAP,capacity_size,announcement_pit_feature,notice_or_disclosure_lagged,candidate_after_pit_contract,lagged_level|rank_xsection|capacity_bucket|liquidity_capacity_interaction|small_capacity_guard,high,use notice/disclosure date plus conservative next-trading-day lag,nonminute_pit_context_panel_then_integrated_factor_pack,add capacity-aware filter templates and book-readiness metrics
cn_public_xsection_no_kline_silver_v1_20260530,holder_num_detail,TRADE_MARKET_CODE,holder_corporate_action,announcement_pit_feature,notice_or_disclosure_lagged,candidate_after_pit_contract,announcement_lagged_latest|holder_change|holder_ratio|event_age|rank_xsection,medium,use notice/disclosure date plus conservative next-trading-day lag,nonminute_pit_context_panel_then_integrated_factor_pack,eligible_for_bulk_transform_plan
cn_public_xsection_no_kline_silver_v1_20260530,holder_num_latest,AVG_HOLD_NUM,holder_corporate_action,announcement_pit_feature,notice_or_disclosure_lagged,candidate_after_pit_contract,announcement_lagged_latest|holder_change|holder_ratio|event_age|rank_xsection,medium,use notice/disclosure date plus conservative next-trading-day lag,nonminute_pit_context_panel_then_integrated_factor_pack,eligible_for_bulk_transform_plan
cn_public_xsection_no_kline_silver_v1_20260530,holder_num_latest,AVG_MARKET_CAP,capacity_size,announcement_pit_feature,notice_or_disclosure_lagged,candidate_after_pit_contract,lagged_level|rank_xsection|capacity_bucket|liquidity_capacity_interaction|small_capacity_guard,high,use notice/disclosure date plus conservative next-trading-day lag,nonminute_pit_context_panel_then_integrated_factor_pack,add capacity-aware filter templates and book-readiness metrics
cn_public_xsection_no_kline_silver_v1_20260530,holder_num_latest,CHANGE_SHARES,capacity_size,announcement_pit_feature,notice_or_disclosure_lagged,candidate_after_pit_contract,lagged_level|rank_xsection|capacity_bucket|liquidity_capacity_interaction|small_capacity_guard,high,use notice/disclosure date plus conservative next-trading-day lag,nonminute_pit_context_panel_then_integrated_factor_pack,add capacity-aware filter templates and book-readiness metrics
cn_public_xsection_no_kline_silver_v1_20260530,holder_num_latest,CLOSE_PRICE,price_state,announcement_pit_feature,notice_or_disclosure_lagged,candidate_after_pit_contract,lagged_momentum|mean_reversion|gap|volatility|rank_xsection,low,use notice/disclosure date plus conservative next-trading-day lag,nonminute_pit_context_panel_then_integrated_factor_pack,eligible_for_bulk_transform_plan
cn_public_xsection_no_kline_silver_v1_20260530,holder_num_latest,HOLDER_NUM,holder_corporate_action,announcement_pit_feature,notice_or_disclosure_lagged,candidate_after_pit_contract,announcement_lagged_latest|holder_change|holder_ratio|event_age|rank_xsection,medium,use notice/disclosure date plus conservative next-trading-day lag,nonminute_pit_context_panel_then_integrated_factor_pack,eligible_for_bulk_transform_plan
cn_public_xsection_no_kline_silver_v1_20260530,holder_num_latest,HOLDER_NUM_CHANGE,price_state,announcement_pit_feature,notice_or_disclosure_lagged,candidate_after_pit_contract,lagged_momentum|mean_reversion|gap|volatility|rank_xsection,low,use notice/disclosure date plus conservative next-trading-day lag,nonminute_pit_context_panel_then_integrated_factor_pack,eligible_for_bulk_transform_plan
cn_public_xsection_no_kline_silver_v1_20260530,holder_num_latest,HOLDER_NUM_RATIO,holder_corporate_action,announcement_pit_feature,notice_or_disclosure_lagged,candidate_after_pit_contract,announcement_lagged_latest|holder_change|holder_ratio|event_age|rank_xsection,medium,use notice/disclosure date plus conservative next-trading-day lag,nonminute_pit_context_panel_then_integrated_factor_pack,eligible_for_bulk_transform_plan
cn_public_xsection_no_kline_silver_v1_20260530,holder_num_latest,INTERVAL_CHRATE,holder_corporate_action,announcement_pit_feature,notice_or_disclosure_lagged,candidate_after_pit_contract,announcement_lagged_latest|holder_change|holder_ratio|event_age|rank_xsection,medium,use notice/disclosure date plus conservative next-trading-day lag,nonminute_pit_context_panel_then_integrated_factor_pack,eligible_for_bulk_transform_plan
cn_public_xsection_no_kline_silver_v1_20260530,holder_num_latest,ORG_CODE,holder_corporate_action,announcement_pit_feature,notice_or_disclosure_lagged,candidate_after_pit_contract,announcement_lagged_latest|holder_change|holder_ratio|event_age|rank_xsection,medium,use notice/disclosure date plus conservative next-trading-day lag,nonminute_pit_context_panel_then_integrated_factor_pack,eligible_for_bulk_transform_plan
cn_public_xsection_no_kline_silver_v1_20260530,holder_num_latest,PRE_HOLDER_NUM,holder_corporate_action,announcement_pit_feature,notice_or_disclosure_lagged,candidate_after_pit_contract,announcement_lagged_latest|holder_change|holder_ratio|event_age|rank_xsection,medium,use notice/disclosure date plus conservative next-trading-day lag,nonminute_pit_context_panel_then_integrated_factor_pack,eligible_for_bulk_transform_plan
cn_public_xsection_no_kline_silver_v1_20260530,holder_num_latest,SECURITY_TYPE_CODE,holder_corporate_action,announcement_pit_feature,notice_or_disclosure_lagged,candidate_after_pit_contract,announcement_lagged_latest|holder_change|holder_ratio|event_age|rank_xsection,medium,use notice/disclosure date plus conservative next-trading-day lag,nonminute_pit_context_panel_then_integrated_factor_pack,eligible_for_bulk_transform_plan
cn_public_xsection_no_kline_silver_v1_20260530,holder_num_latest,TOTAL_A_SHARES,capacity_size,announcement_pit_feature,notice_or_disclosure_lagged,candidate_after_pit_contract,lagged_level|rank_xsection|capacity_bucket|liquidity_capacity_interaction|small_capacity_guard,high,use notice/disclosure date plus conservative next-trading-day lag,nonminute_pit_context_panel_then_integrated_factor_pack,add capacity-aware filter templates and book-readiness metrics
cn_public_xsection_no_kline_silver_v1_20260530,holder_num_latest,TOTAL_MARKET_CAP,capacity_size,announcement_pit_feature,notice_or_disclosure_lagged,candidate_after_pit_contract,lagged_level|rank_xsection|capacity_bucket|liquidity_capacity_interaction|small_capacity_guard,high,use notice/disclosure date plus conservative next-trading-day lag,nonminute_pit_context_panel_then_integrated_factor_pack,add capacity-aware filter templates and book-readiness metrics
cn_public_xsection_no_kline_silver_v1_20260530,holder_num_latest,TRADE_MARKET_CODE,holder_corporate_action,announcement_pit_feature,notice_or_disclosure_lagged,candidate_after_pit_contract,announcement_lagged_latest|holder_change|holder_ratio|event_age|rank_xsection,medium,use notice/disclosure date plus conservative next-trading-day lag,nonminute_pit_context_panel_then_integrated_factor_pack,eligible_for_bulk_transform_plan
cn_public_xsection_no_kline_silver_v1_20260530,rzrq_margin_xsection,FIN_BALANCE_GR,leverage_flow,lagged_daily_context_feature,daily_tplus1,candidate_or_regime_interaction,net_flow_ratio|balance_normalized_flow|delta_3_5_10|rank_xsection|liquidity_interaction,high,same-day daily summary forbidden for open/morning decisions; use lagged context,nonminute_pit_context_panel_then_integrated_factor_pack,eligible_for_bulk_transform_plan
cn_public_xsection_no_kline_silver_v1_20260530,rzrq_margin_xsection,KCB,leverage_flow,lagged_daily_context_feature,daily_tplus1,candidate_or_regime_interaction,net_flow_ratio|balance_normalized_flow|delta_3_5_10|rank_xsection|liquidity_interaction,high,same-day daily summary forbidden for open/morning decisions; use lagged context,nonminute_pit_context_panel_then_integrated_factor_pack,eligible_for_bulk_transform_plan
cn_public_xsection_no_kline_silver_v1_20260530,rzrq_margin_xsection,MARKET,leverage_flow,lagged_daily_context_feature,daily_tplus1,candidate_or_regime_interaction,net_flow_ratio|balance_normalized_flow|delta_3_5_10|rank_xsection|liquidity_interaction,high,same-day daily summary forbidden for open/morning decisions; use lagged context,nonminute_pit_context_panel_then_integrated_factor_pack,eligible_for_bulk_transform_plan
cn_public_xsection_no_kline_silver_v1_20260530,rzrq_margin_xsection,RCHANGE10DCP,price_state,lagged_daily_context_feature,daily_tplus1,candidate_or_regime_interaction,lagged_momentum|mean_reversion|gap|volatility|rank_xsection,low,same-day daily summary forbidden for open/morning decisions; use lagged context,nonminute_pit_context_panel_then_integrated_factor_pack,eligible_for_bulk_transform_plan
cn_public_xsection_no_kline_silver_v1_20260530,rzrq_margin_xsection,RCHANGE3DCP,price_state,lagged_daily_context_feature,daily_tplus1,candidate_or_regime_interaction,lagged_momentum|mean_reversion|gap|volatility|rank_xsection,low,same-day daily summary forbidden for open/morning decisions; use lagged context,nonminute_pit_context_panel_then_integrated_factor_pack,eligible_for_bulk_transform_plan
cn_public_xsection_no_kline_silver_v1_20260530,rzrq_margin_xsection,RCHANGE5DCP,price_state,lagged_daily_context_feature,daily_tplus1,candidate_or_regime_interaction,lagged_momentum|mean_reversion|gap|volatility|rank_xsection,low,same-day daily summary forbidden for open/morning decisions; use lagged context,nonminute_pit_context_panel_then_integrated_factor_pack,eligible_for_bulk_transform_plan
cn_public_xsection_no_kline_silver_v1_20260530,rzrq_margin_xsection,RQCHL,leverage_flow,lagged_daily_context_feature,daily_tplus1,candidate_or_regime_interaction,net_flow_ratio|balance_normalized_flow|delta_3_5_10|rank_xsection|liquidity_interaction,high,same-day daily summary forbidden for open/morning decisions; use lagged context,nonminute_pit_context_panel_then_integrated_factor_pack,eligible_for_bulk_transform_plan
cn_public_xsection_no_kline_silver_v1_20260530,rzrq_margin_xsection,RQCHL10D,leverage_flow,lagged_daily_context_feature,daily_tplus1,candidate_or_regime_interaction,net_flow_ratio|balance_normalized_flow|delta_3_5_10|rank_xsection|liquidity_interaction,high,same-day daily summary forbidden for open/morning decisions; use lagged context,nonminute_pit_context_panel_then_integrated_factor_pack,eligible_for_bulk_transform_plan
cn_public_xsection_no_kline_silver_v1_20260530,rzrq_margin_xsection,RQCHL3D,leverage_flow,lagged_daily_context_feature,daily_tplus1,candidate_or_regime_interaction,net_flow_ratio|balance_normalized_flow|delta_3_5_10|rank_xsection|liquidity_interaction,high,same-day daily summary forbidden for open/morning decisions; use lagged context,nonminute_pit_context_panel_then_integrated_factor_pack,eligible_for_bulk_transform_plan
cn_public_xsection_no_kline_silver_v1_20260530,rzrq_margin_xsection,RQCHL5D,leverage_flow,lagged_daily_context_feature,daily_tplus1,candidate_or_regime_interaction,net_flow_ratio|balance_normalized_flow|delta_3_5_10|rank_xsection|liquidity_interaction,high,same-day daily summary forbidden for open/morning decisions; use lagged context,nonminute_pit_context_panel_then_integrated_factor_pack,eligible_for_bulk_transform_plan
cn_public_xsection_no_kline_silver_v1_20260530,rzrq_margin_xsection,RQJMG,leverage_flow,lagged_daily_context_feature,daily_tplus1,candidate_or_regime_interaction,net_flow_ratio|balance_normalized_flow|delta_3_5_10|rank_xsection|liquidity_interaction,high,same-day daily summary forbidden for open/morning decisions; use lagged context,nonminute_pit_context_panel_then_integrated_factor_pack,eligible_for_bulk_transform_plan
cn_public_xsection_no_kline_silver_v1_20260530,rzrq_margin_xsection,RQJMG10D,leverage_flow,lagged_daily_context_feature,daily_tplus1,candidate_or_regime_interaction,net_flow_ratio|balance_normalized_flow|delta_3_5_10|rank_xsection|liquidity_interaction,high,same-day daily summary forbidden for open/morning decisions; use lagged context,nonminute_pit_context_panel_then_integrated_factor_pack,eligible_for_bulk_transform_plan
cn_public_xsection_no_kline_silver_v1_20260530,rzrq_margin_xsection,RQJMG3D,leverage_flow,lagged_daily_context_feature,daily_tplus1,candidate_or_regime_interaction,net_flow_ratio|balance_normalized_flow|delta_3_5_10|rank_xsection|liquidity_interaction,high,same-day daily summary forbidden for open/morning decisions; use lagged context,nonminute_pit_context_panel_then_integrated_factor_pack,eligible_for_bulk_transform_plan
cn_public_xsection_no_kline_silver_v1_20260530,rzrq_margin_xsection,RQJMG5D,leverage_flow,lagged_daily_context_feature,daily_tplus1,candidate_or_regime_interaction,net_flow_ratio|balance_normalized_flow|delta_3_5_10|rank_xsection|liquidity_interaction,high,same-day daily summary forbidden for open/morning decisions; use lagged context,nonminute_pit_context_panel_then_integrated_factor_pack,eligible_for_bulk_transform_plan
cn_public_xsection_no_kline_silver_v1_20260530,rzrq_margin_xsection,RQMCL,leverage_flow,lagged_daily_context_feature,daily_tplus1,candidate_or_regime_interaction,net_flow_ratio|balance_normalized_flow|delta_3_5_10|rank_xsection|liquidity_interaction,high,same-day daily summary forbidden for open/morning decisions; use lagged context,nonminute_pit_context_panel_then_integrated_factor_pack,eligible_for_bulk_transform_plan
cn_public_xsection_no_kline_silver_v1_20260530,rzrq_margin_xsection,RQMCL10D,leverage_flow,lagged_daily_context_feature,daily_tplus1,candidate_or_regime_interaction,net_flow_ratio|balance_normalized_flow|delta_3_5_10|rank_xsection|liquidity_interaction,high,same-day daily summary forbidden for open/morning decisions; use lagged context,nonminute_pit_context_panel_then_integrated_factor_pack,eligible_for_bulk_transform_plan
cn_public_xsection_no_kline_silver_v1_20260530,rzrq_margin_xsection,RQMCL3D,leverage_flow,lagged_daily_context_feature,daily_tplus1,candidate_or_regime_interaction,net_flow_ratio|balance_normalized_flow|delta_3_5_10|rank_xsection|liquidity_interaction,high,same-day daily summary forbidden for open/morning decisions; use lagged context,nonminute_pit_context_panel_then_integrated_factor_pack,eligible_for_bulk_transform_plan
cn_public_xsection_no_kline_silver_v1_20260530,rzrq_margin_xsection,RQMCL5D,leverage_flow,lagged_daily_context_feature,daily_tplus1,candidate_or_regime_interaction,net_flow_ratio|balance_normalized_flow|delta_3_5_10|rank_xsection|liquidity_interaction,high,same-day daily summary forbidden for open/morning decisions; use lagged context,nonminute_pit_context_panel_then_integrated_factor_pack,eligible_for_bulk_transform_plan
cn_public_xsection_no_kline_silver_v1_20260530,rzrq_margin_xsection,RQYE,leverage_flow,lagged_daily_context_feature,daily_tplus1,candidate_or_regime_interaction,net_flow_ratio|balance_normalized_flow|delta_3_5_10|rank_xsection|liquidity_interaction,high,same-day daily summary forbidden for open/morning decisions; use lagged context,nonminute_pit_context_panel_then_integrated_factor_pack,eligible_for_bulk_transform_plan
cn_public_xsection_no_kline_silver_v1_20260530,rzrq_margin_xsection,RQYL,leverage_flow,lagged_daily_context_feature,daily_tplus1,candidate_or_regime_interaction,net_flow_ratio|balance_normalized_flow|delta_3_5_10|rank_xsection|liquidity_interaction,high,same-day daily summary forbidden for open/morning decisions; use lagged context,nonminute_pit_context_panel_then_integrated_factor_pack,eligible_for_bulk_transform_plan
cn_public_xsection_no_kline_silver_v1_20260530,rzrq_margin_xsection,RZCHE,leverage_flow,lagged_daily_context_feature,daily_tplus1,candidate_or_regime_interaction,net_flow_ratio|balance_normalized_flow|delta_3_5_10|rank_xsection|liquidity_interaction,high,same-day daily summary forbidden for open/morning decisions; use lagged context,nonminute_pit_context_panel_then_integrated_factor_pack,eligible_for_bulk_transform_plan
cn_public_xsection_no_kline_silver_v1_20260530,rzrq_margin_xsection,RZCHE10D,leverage_flow,lagged_daily_context_feature,daily_tplus1,candidate_or_regime_interaction,net_flow_ratio|balance_normalized_flow|delta_3_5_10|rank_xsection|liquidity_interaction,high,same-day daily summary forbidden for open/morning decisions; use lagged context,nonminute_pit_context_panel_then_integrated_factor_pack,eligible_for_bulk_transform_plan
cn_public_xsection_no_kline_silver_v1_20260530,rzrq_margin_xsection,RZCHE3D,leverage_flow,lagged_daily_context_feature,daily_tplus1,candidate_or_regime_interaction,net_flow_ratio|balance_normalized_flow|delta_3_5_10|rank_xsection|liquidity_interaction,high,same-day daily summary forbidden for open/morning decisions; use lagged context,nonminute_pit_context_panel_then_integrated_factor_pack,eligible_for_bulk_transform_plan
cn_public_xsection_no_kline_silver_v1_20260530,rzrq_margin_xsection,RZCHE5D,leverage_flow,lagged_daily_context_feature,daily_tplus1,candidate_or_regime_interaction,net_flow_ratio|balance_normalized_flow|delta_3_5_10|rank_xsection|liquidity_interaction,high,same-day daily summary forbidden for open/morning decisions; use lagged context,nonminute_pit_context_panel_then_integrated_factor_pack,eligible_for_bulk_transform_plan
cn_public_xsection_no_kline_silver_v1_20260530,rzrq_margin_xsection,RZJME,leverage_flow,lagged_daily_context_feature,daily_tplus1,candidate_or_regime_interaction,net_flow_ratio|balance_normalized_flow|delta_3_5_10|rank_xsection|liquidity_interaction,high,same-day daily summary forbidden for open/morning decisions; use lagged context,nonminute_pit_context_panel_then_integrated_factor_pack,eligible_for_bulk_transform_plan
cn_public_xsection_no_kline_silver_v1_20260530,rzrq_margin_xsection,RZJME10D,leverage_flow,lagged_daily_context_feature,daily_tplus1,candidate_or_regime_interaction,net_flow_ratio|balance_normalized_flow|delta_3_5_10|rank_xsection|liquidity_interaction,high,same-day daily summary forbidden for open/morning decisions; use lagged context,nonminute_pit_context_panel_then_integrated_factor_pack,eligible_for_bulk_transform_plan
cn_public_xsection_no_kline_silver_v1_20260530,rzrq_margin_xsection,RZJME3D,leverage_flow,lagged_daily_context_feature,daily_tplus1,candidate_or_regime_interaction,net_flow_ratio|balance_normalized_flow|delta_3_5_10|rank_xsection|liquidity_interaction,high,same-day daily summary forbidden for open/morning decisions; use lagged context,nonminute_pit_context_panel_then_integrated_factor_pack,eligible_for_bulk_transform_plan
cn_public_xsection_no_kline_silver_v1_20260530,rzrq_margin_xsection,RZJME5D,leverage_flow,lagged_daily_context_feature,daily_tplus1,candidate_or_regime_interaction,net_flow_ratio|balance_normalized_flow|delta_3_5_10|rank_xsection|liquidity_interaction,high,same-day daily summary forbidden for open/morning decisions; use lagged context,nonminute_pit_context_panel_then_integrated_factor_pack,eligible_for_bulk_transform_plan
cn_public_xsection_no_kline_silver_v1_20260530,rzrq_margin_xsection,RZMRE,leverage_flow,lagged_daily_context_feature,daily_tplus1,candidate_or_regime_interaction,net_flow_ratio|balance_normalized_flow|delta_3_5_10|rank_xsection|liquidity_interaction,high,same-day daily summary forbidden for open/morning decisions; use lagged context,nonminute_pit_context_panel_then_integrated_factor_pack,eligible_for_bulk_transform_plan
cn_public_xsection_no_kline_silver_v1_20260530,rzrq_margin_xsection,RZMRE10D,leverage_flow,lagged_daily_context_feature,daily_tplus1,candidate_or_regime_interaction,net_flow_ratio|balance_normalized_flow|delta_3_5_10|rank_xsection|liquidity_interaction,high,same-day daily summary forbidden for open/morning decisions; use lagged context,nonminute_pit_context_panel_then_integrated_factor_pack,eligible_for_bulk_transform_plan
cn_public_xsection_no_kline_silver_v1_20260530,rzrq_margin_xsection,RZMRE3D,leverage_flow,lagged_daily_context_feature,daily_tplus1,candidate_or_regime_interaction,net_flow_ratio|balance_normalized_flow|delta_3_5_10|rank_xsection|liquidity_interaction,high,same-day daily summary forbidden for open/morning decisions; use lagged context,nonminute_pit_context_panel_then_integrated_factor_pack,eligible_for_bulk_transform_plan
cn_public_xsection_no_kline_silver_v1_20260530,rzrq_margin_xsection,RZMRE5D,leverage_flow,lagged_daily_context_feature,daily_tplus1,candidate_or_regime_interaction,net_flow_ratio|balance_normalized_flow|delta_3_5_10|rank_xsection|liquidity_interaction,high,same-day daily summary forbidden for open/morning decisions; use lagged context,nonminute_pit_context_panel_then_integrated_factor_pack,eligible_for_bulk_transform_plan
cn_public_xsection_no_kline_silver_v1_20260530,rzrq_margin_xsection,RZRQYE,leverage_flow,lagged_daily_context_feature,daily_tplus1,candidate_or_regime_interaction,net_flow_ratio|balance_normalized_flow|delta_3_5_10|rank_xsection|liquidity_interaction,high,same-day daily summary forbidden for open/morning decisions; use lagged context,nonminute_pit_context_panel_then_integrated_factor_pack,eligible_for_bulk_transform_plan
cn_public_xsection_no_kline_silver_v1_20260530,rzrq_margin_xsection,RZRQYECZ,leverage_flow,lagged_daily_context_feature,daily_tplus1,candidate_or_regime_interaction,net_flow_ratio|balance_normalized_flow|delta_3_5_10|rank_xsection|liquidity_interaction,high,same-day daily summary forbidden for open/morning decisions; use lagged context,nonminute_pit_context_panel_then_integrated_factor_pack,eligible_for_bulk_transform_plan
cn_public_xsection_no_kline_silver_v1_20260530,rzrq_margin_xsection,RZYE,leverage_flow,lagged_daily_context_feature,daily_tplus1,candidate_or_regime_interaction,net_flow_ratio|balance_normalized_flow|delta_3_5_10|rank_xsection|liquidity_interaction,high,same-day daily summary forbidden for open/morning decisions; use lagged context,nonminute_pit_context_panel_then_integrated_factor_pack,eligible_for_bulk_transform_plan
cn_public_xsection_no_kline_silver_v1_20260530,rzrq_margin_xsection,RZYEZB,leverage_flow,lagged_daily_context_feature,daily_tplus1,candidate_or_regime_interaction,net_flow_ratio|balance_normalized_flow|delta_3_5_10|rank_xsection|liquidity_interaction,high,same-day daily summary forbidden for open/morning decisions; use lagged context,nonminute_pit_context_panel_then_integrated_factor_pack,eligible_for_bulk_transform_plan
cn_public_xsection_no_kline_silver_v1_20260530,rzrq_margin_xsection,SPJ,leverage_flow,lagged_daily_context_feature,daily_tplus1,candidate_or_regime_interaction,net_flow_ratio|balance_normalized_flow|delta_3_5_10|rank_xsection|liquidity_interaction,high,same-day daily summary forbidden for open/morning decisions; use lagged context,nonminute_pit_context_panel_then_integrated_factor_pack,eligible_for_bulk_transform_plan
cn_public_xsection_no_kline_silver_v1_20260530,rzrq_margin_xsection,SZ,leverage_flow,lagged_daily_context_feature,daily_tplus1,candidate_or_regime_interaction,net_flow_ratio|balance_normalized_flow|delta_3_5_10|rank_xsection|liquidity_interaction,high,same-day daily summary forbidden for open/morning decisions; use lagged context,nonminute_pit_context_panel_then_integrated_factor_pack,eligible_for_bulk_transform_plan
cn_public_xsection_no_kline_silver_v1_20260530,rzrq_margin_xsection,TRADE_MARKET,leverage_flow,lagged_daily_context_feature,daily_tplus1,candidate_or_regime_interaction,net_flow_ratio|balance_normalized_flow|delta_3_5_10|rank_xsection|liquidity_interaction,high,same-day daily summary forbidden for open/morning decisions; use lagged context,nonminute_pit_context_panel_then_integrated_factor_pack,eligible_for_bulk_transform_plan
cn_public_xsection_no_kline_silver_v1_20260530,rzrq_margin_xsection,TRADE_MARKET_CODE,leverage_flow,lagged_daily_context_feature,daily_tplus1,candidate_or_regime_interaction,net_flow_ratio|balance_normalized_flow|delta_3_5_10|rank_xsection|liquidity_interaction,high,same-day daily summary forbidden for open/morning decisions; use lagged context,nonminute_pit_context_panel_then_integrated_factor_pack,eligible_for_bulk_transform_plan
cn_public_xsection_no_kline_silver_v1_20260530,rzrq_margin_xsection,ZDF,leverage_flow,lagged_daily_context_feature,daily_tplus1,candidate_or_regime_interaction,net_flow_ratio|balance_normalized_flow|delta_3_5_10|rank_xsection|liquidity_interaction,high,same-day daily summary forbidden for open/morning decisions; use lagged context,nonminute_pit_context_panel_then_integrated_factor_pack,eligible_for_bulk_transform_plan
cn_public_xsection_no_kline_silver_v1_20260530,stock_calendar,DAILY_RANK,tradability_universe,lagged_daily_context_feature,daily_tplus1,candidate_or_regime_interaction,filter_only|risk_control|do_not_rank_standalone,low,same-day daily summary forbidden for open/morning decisions; use lagged context,nonminute_pit_context_panel_then_integrated_factor_pack,eligible_for_bulk_transform_plan
cn_zzshare_advanced_field_probe_v1_20260602,uplimit_stocks,amount,flow_liquidity,timestamped_event_feature,event_time_or_tplus1,event_module_candidate_not_daily_after_open,lagged_level|delta_3_5_10|zscore_20|rank_xsection|amount_to_float_mcap|turnover_bucket,very_high,same-day use is allowed only after event timestamp; daily after-open use needs lag1 materialization,event_time_evaluator_or_lagged_daily_event_panel,split into lag1 daily variants and event-time evaluator variants before replay
cn_zzshare_advanced_field_probe_v1_20260602,uplimit_stocks,auction_buy,limit_event_sentiment,timestamped_event_feature,event_time_or_tplus1,event_module_candidate_not_daily_after_open,event_flag|event_age|streak_lifecycle_n|open_touch_not_close|seal_strength|auction_pressure|same_count_placebo_required,very_high,same-day use is allowed only after event timestamp; daily after-open use needs lag1 materialization,event_time_evaluator_or_lagged_daily_event_panel,split into lag1 daily variants and event-time evaluator variants before replay
cn_zzshare_advanced_field_probe_v1_20260602,uplimit_stocks,auction_money,flow_liquidity,timestamped_event_feature,event_time_or_tplus1,event_module_candidate_not_daily_after_open,lagged_level|delta_3_5_10|zscore_20|rank_xsection|amount_to_float_mcap|turnover_bucket,very_high,same-day use is allowed only after event timestamp; daily after-open use needs lag1 materialization,event_time_evaluator_or_lagged_daily_event_panel,split into lag1 daily variants and event-time evaluator variants before replay
cn_zzshare_advanced_field_probe_v1_20260602,uplimit_stocks,auction_offer,limit_event_sentiment,timestamped_event_feature,event_time_or_tplus1,event_module_candidate_not_daily_after_open,event_flag|event_age|streak_lifecycle_n|open_touch_not_close|seal_strength|auction_pressure|same_count_placebo_required,very_high,same-day use is allowed only after event timestamp; daily after-open use needs lag1 materialization,event_time_evaluator_or_lagged_daily_event_panel,split into lag1 daily variants and event-time evaluator variants before replay
cn_zzshare_advanced_field_probe_v1_20260602,uplimit_stocks,auction_pre1max_ratio,limit_event_sentiment,timestamped_event_feature,event_time_or_tplus1,event_module_candidate_not_daily_after_open,event_flag|event_age|streak_lifecycle_n|open_touch_not_close|seal_strength|auction_pressure|same_count_placebo_required,very_high,same-day use is allowed only after event timestamp; daily after-open use needs lag1 materialization,event_time_evaluator_or_lagged_daily_event_panel,split into lag1 daily variants and event-time evaluator variants before replay
cn_zzshare_advanced_field_probe_v1_20260602,uplimit_stocks,auction_turnover,flow_liquidity,timestamped_event_feature,event_time_or_tplus1,event_module_candidate_not_daily_after_open,lagged_level|delta_3_5_10|zscore_20|rank_xsection|amount_to_float_mcap|turnover_bucket,very_high,same-day use is allowed only after event timestamp; daily after-open use needs lag1 materialization,event_time_evaluator_or_lagged_daily_event_panel,split into lag1 daily variants and event-time evaluator variants before replay
cn_zzshare_advanced_field_probe_v1_20260602,uplimit_stocks,fd_close,price_state,timestamped_event_feature,event_time_or_tplus1,event_module_candidate_not_daily_after_open,lagged_momentum|mean_reversion|gap|volatility|rank_xsection,very_high,same-day use is allowed only after event timestamp; daily after-open use needs lag1 materialization,event_time_evaluator_or_lagged_daily_event_panel,split into lag1 daily variants and event-time evaluator variants before replay
cn_zzshare_advanced_field_probe_v1_20260602,uplimit_stocks,fd_max,limit_event_sentiment,timestamped_event_feature,event_time_or_tplus1,event_module_candidate_not_daily_after_open,event_flag|event_age|streak_lifecycle_n|open_touch_not_close|seal_strength|auction_pressure|same_count_placebo_required,very_high,same-day use is allowed only after event timestamp; daily after-open use needs lag1 materialization,event_time_evaluator_or_lagged_daily_event_panel,split into lag1 daily variants and event-time evaluator variants before replay
cn_zzshare_advanced_field_probe_v1_20260602,uplimit_stocks,market_c,group_market_context,timestamped_event_feature,event_time_or_tplus1,event_module_candidate_not_daily_after_open,group_density|theme_strength|group_neutralization|interaction_only|regime_bucket,very_high,same-day use is allowed only after event timestamp; daily after-open use needs lag1 materialization,event_time_evaluator_or_lagged_daily_event_panel,split into lag1 daily variants and event-time evaluator variants before replay
cn_zzshare_advanced_field_probe_v1_20260602,uplimit_stocks,market_c_c,group_market_context,timestamped_event_feature,event_time_or_tplus1,event_module_candidate_not_daily_after_open,group_density|theme_strength|group_neutralization|interaction_only|regime_bucket,very_high,same-day use is allowed only after event timestamp; daily after-open use needs lag1 materialization,event_time_evaluator_or_lagged_daily_event_panel,split into lag1 daily variants and event-time evaluator variants before replay
cn_zzshare_advanced_field_probe_v1_20260602,uplimit_stocks,plate_code,group_market_context,timestamped_event_feature,event_time_or_tplus1,event_module_candidate_not_daily_after_open,group_density|theme_strength|group_neutralization|interaction_only|regime_bucket,very_high,same-day use is allowed only after event timestamp; daily after-open use needs lag1 materialization,event_time_evaluator_or_lagged_daily_event_panel,split into lag1 daily variants and event-time evaluator variants before replay
cn_zzshare_advanced_field_probe_v1_20260602,uplimit_stocks,up_limit_type,limit_event_sentiment,timestamped_event_feature,event_time_or_tplus1,event_module_candidate_not_daily_after_open,event_flag|event_age|streak_lifecycle_n|open_touch_not_close|seal_strength|auction_pressure|same_count_placebo_required,very_high,same-day use is allowed only after event timestamp; daily after-open use needs lag1 materialization,event_time_evaluator_or_lagged_daily_event_panel,split into lag1 daily variants and event-time evaluator variants before replay
cn_zzshare_moneyflow_probe_v1_20260602,uplimit_stocks_20260529,amount,flow_liquidity,timestamped_event_feature,event_time_or_tplus1,event_module_candidate_not_daily_after_open,lagged_level|delta_3_5_10|zscore_20|rank_xsection|amount_to_float_mcap|turnover_bucket,very_high,same-day use is allowed only after event timestamp; daily after-open use needs lag1 materialization,event_time_evaluator_or_lagged_daily_event_panel,split into lag1 daily variants and event-time evaluator variants before replay
cn_zzshare_moneyflow_probe_v1_20260602,uplimit_stocks_20260529,auction_buy,limit_event_sentiment,timestamped_event_feature,event_time_or_tplus1,event_module_candidate_not_daily_after_open,event_flag|event_age|streak_lifecycle_n|open_touch_not_close|seal_strength|auction_pressure|same_count_placebo_required,very_high,same-day use is allowed only after event timestamp; daily after-open use needs lag1 materialization,event_time_evaluator_or_lagged_daily_event_panel,split into lag1 daily variants and event-time evaluator variants before replay
cn_zzshare_moneyflow_probe_v1_20260602,uplimit_stocks_20260529,auction_money,flow_liquidity,timestamped_event_feature,event_time_or_tplus1,event_module_candidate_not_daily_after_open,lagged_level|delta_3_5_10|zscore_20|rank_xsection|amount_to_float_mcap|turnover_bucket,very_high,same-day use is allowed only after event timestamp; daily after-open use needs lag1 materialization,event_time_evaluator_or_lagged_daily_event_panel,split into lag1 daily variants and event-time evaluator variants before replay
cn_zzshare_moneyflow_probe_v1_20260602,uplimit_stocks_20260529,auction_offer,limit_event_sentiment,timestamped_event_feature,event_time_or_tplus1,event_module_candidate_not_daily_after_open,event_flag|event_age|streak_lifecycle_n|open_touch_not_close|seal_strength|auction_pressure|same_count_placebo_required,very_high,same-day use is allowed only after event timestamp; daily after-open use needs lag1 materialization,event_time_evaluator_or_lagged_daily_event_panel,split into lag1 daily variants and event-time evaluator variants before replay
cn_zzshare_moneyflow_probe_v1_20260602,uplimit_stocks_20260529,auction_pre1max_ratio,limit_event_sentiment,timestamped_event_feature,event_time_or_tplus1,event_module_candidate_not_daily_after_open,event_flag|event_age|streak_lifecycle_n|open_touch_not_close|seal_strength|auction_pressure|same_count_placebo_required,very_high,same-day use is allowed only after event timestamp; daily after-open use needs lag1 materialization,event_time_evaluator_or_lagged_daily_event_panel,split into lag1 daily variants and event-time evaluator variants before replay
cn_zzshare_moneyflow_probe_v1_20260602,uplimit_stocks_20260529,auction_turnover,flow_liquidity,timestamped_event_feature,event_time_or_tplus1,event_module_candidate_not_daily_after_open,lagged_level|delta_3_5_10|zscore_20|rank_xsection|amount_to_float_mcap|turnover_bucket,very_high,same-day use is allowed only after event timestamp; daily after-open use needs lag1 materialization,event_time_evaluator_or_lagged_daily_event_panel,split into lag1 daily variants and event-time evaluator variants before replay
cn_zzshare_moneyflow_probe_v1_20260602,uplimit_stocks_20260529,fd_close,price_state,timestamped_event_feature,event_time_or_tplus1,event_module_candidate_not_daily_after_open,lagged_momentum|mean_reversion|gap|volatility|rank_xsection,very_high,same-day use is allowed only after event timestamp; daily after-open use needs lag1 materialization,event_time_evaluator_or_lagged_daily_event_panel,split into lag1 daily variants and event-time evaluator variants before replay
cn_zzshare_moneyflow_probe_v1_20260602,uplimit_stocks_20260529,fd_max,limit_event_sentiment,timestamped_event_feature,event_time_or_tplus1,event_module_candidate_not_daily_after_open,event_flag|event_age|streak_lifecycle_n|open_touch_not_close|seal_strength|auction_pressure|same_count_placebo_required,very_high,same-day use is allowed only after event timestamp; daily after-open use needs lag1 materialization,event_time_evaluator_or_lagged_daily_event_panel,split into lag1 daily variants and event-time evaluator variants before replay
cn_zzshare_moneyflow_probe_v1_20260602,uplimit_stocks_20260529,market_c,group_market_context,timestamped_event_feature,event_time_or_tplus1,event_module_candidate_not_daily_after_open,group_density|theme_strength|group_neutralization|interaction_only|regime_bucket,very_high,same-day use is allowed only after event timestamp; daily after-open use needs lag1 materialization,event_time_evaluator_or_lagged_daily_event_panel,split into lag1 daily variants and event-time evaluator variants before replay
cn_zzshare_moneyflow_probe_v1_20260602,uplimit_stocks_20260529,market_c_c,group_market_context,timestamped_event_feature,event_time_or_tplus1,event_module_candidate_not_daily_after_open,group_density|theme_strength|group_neutralization|interaction_only|regime_bucket,very_high,same-day use is allowed only after event timestamp; daily after-open use needs lag1 materialization,event_time_evaluator_or_lagged_daily_event_panel,split into lag1 daily variants and event-time evaluator variants before replay
cn_zzshare_moneyflow_probe_v1_20260602,uplimit_stocks_20260529,plate_code,group_market_context,timestamped_event_feature,event_time_or_tplus1,event_module_candidate_not_daily_after_open,group_density|theme_strength|group_neutralization|interaction_only|regime_bucket,very_high,same-day use is allowed only after event timestamp; daily after-open use needs lag1 materialization,event_time_evaluator_or_lagged_daily_event_panel,split into lag1 daily variants and event-time evaluator variants before replay
cn_zzshare_moneyflow_probe_v1_20260602,uplimit_stocks_20260529,up_limit_type,limit_event_sentiment,timestamped_event_feature,event_time_or_tplus1,event_module_candidate_not_daily_after_open,event_flag|event_age|streak_lifecycle_n|open_touch_not_close|seal_strength|auction_pressure|same_count_placebo_required,very_high,same-day use is allowed only after event timestamp; daily after-open use needs lag1 materialization,event_time_evaluator_or_lagged_daily_event_panel,split into lag1 daily variants and event-time evaluator variants before replay
cn_zzshare_uplimit_history_silver_v1_20260531,review_uplimit_reason,actualcirculation_value,capacity_size,timestamped_event_feature,event_time_or_tplus1,event_module_candidate_not_daily_after_open,lagged_level|rank_xsection|capacity_bucket|liquidity_capacity_interaction|small_capacity_guard,very_high,same-day use is allowed only after event timestamp; daily after-open use needs lag1 materialization,event_time_evaluator_or_lagged_daily_event_panel,split into lag1 daily variants and event-time evaluator variants before replay
cn_zzshare_uplimit_history_silver_v1_20260531,review_uplimit_reason,amount,flow_liquidity,timestamped_event_feature,event_time_or_tplus1,event_module_candidate_not_daily_after_open,lagged_level|delta_3_5_10|zscore_20|rank_xsection|amount_to_float_mcap|turnover_bucket,very_high,same-day use is allowed only after event timestamp; daily after-open use needs lag1 materialization,event_time_evaluator_or_lagged_daily_event_panel,split into lag1 daily variants and event-time evaluator variants before replay
cn_zzshare_uplimit_history_silver_v1_20260531,review_uplimit_reason,feng_circulation_rate,capacity_size,timestamped_event_feature,event_time_or_tplus1,event_module_candidate_not_daily_after_open,lagged_level|rank_xsection|capacity_bucket|liquidity_capacity_interaction|small_capacity_guard,very_high,same-day use is allowed only after event timestamp; daily after-open use needs lag1 materialization,event_time_evaluator_or_lagged_daily_event_panel,split into lag1 daily variants and event-time evaluator variants before replay
cn_zzshare_uplimit_history_silver_v1_20260531,review_uplimit_reason,fengdan_money,flow_liquidity,timestamped_event_feature,event_time_or_tplus1,event_module_candidate_not_daily_after_open,lagged_level|delta_3_5_10|zscore_20|rank_xsection|amount_to_float_mcap|turnover_bucket,very_high,same-day use is allowed only after event timestamp; daily after-open use needs lag1 materialization,event_time_evaluator_or_lagged_daily_event_panel,split into lag1 daily variants and event-time evaluator variants before replay
cn_zzshare_uplimit_history_silver_v1_20260531,review_uplimit_reason,fengdan_rate,limit_event_sentiment,timestamped_event_feature,event_time_or_tplus1,event_module_candidate_not_daily_after_open,event_flag|event_age|streak_lifecycle_n|open_touch_not_close|seal_strength|auction_pressure|same_count_placebo_required,very_high,same-day use is allowed only after event timestamp; daily after-open use needs lag1 materialization,event_time_evaluator_or_lagged_daily_event_panel,split into lag1 daily variants and event-time evaluator variants before replay
cn_zzshare_uplimit_history_silver_v1_20260531,review_uplimit_reason,fengdan_volumn,flow_liquidity,timestamped_event_feature,event_time_or_tplus1,event_module_candidate_not_daily_after_open,lagged_level|delta_3_5_10|zscore_20|rank_xsection|amount_to_float_mcap|turnover_bucket,very_high,same-day use is allowed only after event timestamp; daily after-open use needs lag1 materialization,event_time_evaluator_or_lagged_daily_event_panel,split into lag1 daily variants and event-time evaluator variants before replay
cn_zzshare_uplimit_history_silver_v1_20260531,review_uplimit_reason,market_type,group_market_context,timestamped_event_feature,event_time_or_tplus1,event_module_candidate_not_daily_after_open,group_density|theme_strength|group_neutralization|interaction_only|regime_bucket,very_high,same-day use is allowed only after event timestamp; daily after-open use needs lag1 materialization,event_time_evaluator_or_lagged_daily_event_panel,split into lag1 daily variants and event-time evaluator variants before replay
cn_zzshare_uplimit_history_silver_v1_20260531,review_uplimit_reason,plate_code,group_market_context,timestamped_event_feature,event_time_or_tplus1,event_module_candidate_not_daily_after_open,group_density|theme_strength|group_neutralization|interaction_only|regime_bucket,very_high,same-day use is allowed only after event timestamp; daily after-open use needs lag1 materialization,event_time_evaluator_or_lagged_daily_event_panel,split into lag1 daily variants and event-time evaluator variants before replay
cn_zzshare_uplimit_history_silver_v1_20260531,review_uplimit_reason,plate_score,group_market_context,timestamped_event_feature,event_time_or_tplus1,event_module_candidate_not_daily_after_open,group_density|theme_strength|group_neutralization|interaction_only|regime_bucket,very_high,same-day use is allowed only after event timestamp; daily after-open use needs lag1 materialization,event_time_evaluator_or_lagged_daily_event_panel,split into lag1 daily variants and event-time evaluator variants before replay
cn_zzshare_uplimit_history_silver_v1_20260531,review_uplimit_reason,stock_price,price_state,timestamped_event_feature,event_time_or_tplus1,event_module_candidate_not_daily_after_open,lagged_momentum|mean_reversion|gap|volatility|rank_xsection,very_high,same-day use is allowed only after event timestamp; daily after-open use needs lag1 materialization,event_time_evaluator_or_lagged_daily_event_panel,split into lag1 daily variants and event-time evaluator variants before replay
cn_zzshare_uplimit_history_silver_v1_20260531,review_uplimit_reason,turnover_ration_real,flow_liquidity,timestamped_event_feature,event_time_or_tplus1,event_module_candidate_not_daily_after_open,lagged_level|delta_3_5_10|zscore_20|rank_xsection|amount_to_float_mcap|turnover_bucket,very_high,same-day use is allowed only after event timestamp; daily after-open use needs lag1 materialization,event_time_evaluator_or_lagged_daily_event_panel,split into lag1 daily variants and event-time evaluator variants before replay
cn_zzshare_uplimit_history_silver_v1_20260531,review_uplimit_reason,up_limit_type,limit_event_sentiment,timestamped_event_feature,event_time_or_tplus1,event_module_candidate_not_daily_after_open,event_flag|event_age|streak_lifecycle_n|open_touch_not_close|seal_strength|auction_pressure|same_count_placebo_required,very_high,same-day use is allowed only after event timestamp; daily after-open use needs lag1 materialization,event_time_evaluator_or_lagged_daily_event_panel,split into lag1 daily variants and event-time evaluator variants before replay
