candidate_id,expression_hash,expression,factor_lane,source_lane,source_generator,fields,fields_list,max_window,ast_skeleton,ast_operator_sequence,ast_operator_multiset,ast_root_operator,ast_depth,ast_depth_bin,ast_operator_count,ast_operator_count_bin,ast_field_count,ast_field_count_bin,ast_window_count,ast_window_count_bin,ast_max_window,ast_max_window_bin,ast_complexity,ast_complexity_bin,search_memory_key,policy_score,expected_direction,x0_r3_role,note,cem_prior_score
phase3bs_00001,fe10017d8dfe09ba49e36153,"CSRank(Sub(ZScore(Delta($intraday_ret_from_open,15)),ZScore(Std($ret_1m,15))))",rx_interaction::rx_intraday_return::rx_volatility_state::spread,phase3bs_adaptive_hybrid_rx_cem,phase3bs_adaptive_hybrid_rx_cem,intraday_ret_from_open|ret_1m,"['intraday_ret_from_open', 'ret_1m']",15,"CSRank(Sub(ZScore(Delta($F,N)),ZScore(Std($F,N))))",CSRank>Sub>ZScore>Delta>ZScore>Std,CSRank:1|Delta:1|Std:1|Sub:1|ZScore:2,CSRank,4,depth_le_4,6,opcount_le_6,2,fieldcount_le_2,1,wincount_le_1,15,maxwin_le_15,9,complexity_le_10,phase3bp:fe10017d8dfe09ba49e36153,0.20788805,1,read_only_research_candidate,phase3bs_adaptive_hybrid_rx_cem: hybrid arm from phase3bp_true1min_rx_ucb_native: rx interaction intraday_delta_15 x ret_vol_15 spread,
phase3bs_00002,ad2a92e983095fc10b51fa0e,"CSRank(Sub(ZScore(Delta($intraday_ret_from_open,15)),ZScore(Std($ret_1m,30))))",rx_interaction::rx_intraday_return::rx_volatility_state::spread,phase3bs_adaptive_hybrid_rx_cem,phase3bs_adaptive_hybrid_rx_cem,intraday_ret_from_open|ret_1m,"['intraday_ret_from_open', 'ret_1m']",30,"CSRank(Sub(ZScore(Delta($F,N)),ZScore(Std($F,N))))",CSRank>Sub>ZScore>Delta>ZScore>Std,CSRank:1|Delta:1|Std:1|Sub:1|ZScore:2,CSRank,4,depth_le_4,6,opcount_le_6,2,fieldcount_le_2,2,wincount_le_2,30,maxwin_le_30,10,complexity_le_10,phase3bp:ad2a92e983095fc10b51fa0e,0.19627779,1,read_only_research_candidate,phase3bs_adaptive_hybrid_rx_cem: hybrid arm from phase3bp_true1min_rx_ucb_native: rx interaction intraday_delta_15 x ret_vol_30 spread,
phase3bs_00003,6e2f4deda047be4f343e0954,"CSRank(Sub(ZScore(Delta($intraday_ret_from_open,30)),ZScore(Std($ret_1m,15))))",rx_interaction::rx_intraday_return::rx_volatility_state::spread,phase3bs_adaptive_hybrid_rx_cem,phase3bs_adaptive_hybrid_rx_cem,intraday_ret_from_open|ret_1m,"['intraday_ret_from_open', 'ret_1m']",30,"CSRank(Sub(ZScore(Delta($F,N)),ZScore(Std($F,N))))",CSRank>Sub>ZScore>Delta>ZScore>Std,CSRank:1|Delta:1|Std:1|Sub:1|ZScore:2,CSRank,4,depth_le_4,6,opcount_le_6,2,fieldcount_le_2,2,wincount_le_2,30,maxwin_le_30,10,complexity_le_10,phase3bp:6e2f4deda047be4f343e0954,0.19627779,1,read_only_research_candidate,phase3bs_adaptive_hybrid_rx_cem: hybrid arm from phase3bp_true1min_rx_ucb_native: rx interaction intraday_delta_30 x ret_vol_15 spread,
phase3bs_00004,d9342cd0b82fcaca4df382e5,"CSRank(Mul(ZScore(Delta($intraday_ret_from_open,15)),ZScore(Std($ret_1m,15))))",rx_interaction::rx_intraday_return::rx_volatility_state::product,phase3bs_adaptive_hybrid_rx_cem,phase3bs_adaptive_hybrid_rx_cem,intraday_ret_from_open|ret_1m,"['intraday_ret_from_open', 'ret_1m']",15,"CSRank(Mul(ZScore(Delta($F,N)),ZScore(Std($F,N))))",CSRank>Mul>ZScore>Delta>ZScore>Std,CSRank:1|Delta:1|Mul:1|Std:1|ZScore:2,CSRank,4,depth_le_4,6,opcount_le_6,2,fieldcount_le_2,1,wincount_le_1,15,maxwin_le_15,9,complexity_le_10,phase3bp:d9342cd0b82fcaca4df382e5,0.19615988,1,read_only_research_candidate,phase3bs_adaptive_hybrid_rx_cem: hybrid arm from phase3bp_true1min_rx_ucb_native: rx interaction intraday_delta_15 x ret_vol_15 product,
phase3bs_00005,92ce29d5fa178e234712bda6,"CSRank(ZScore(Sub(Div(Sub($close,$low),Add(Abs(Sub($high,$low)),0.000001)),Mean(Div(Sub($close,$low),Add(Abs(Sub($high,$low)),0.000001)),3))))",rx_range_location::rank,phase3bs_adaptive_hybrid_rx_cem,phase3bs_adaptive_hybrid_rx_cem,close|high|low,"['close', 'high', 'low']",0,"CSRank(ZScore(Sub(Div(Sub($F,$F),Add(Abs(Sub($F,$F)),N)),Mean(Div(Sub($F,$F),Add(Abs(Sub($F,$F)),N)),N))))",CSRank>ZScore>Sub>Div>Sub>Add>Abs>Sub>Mean>Div,Abs:2|Add:2|CSRank:1|Div:2|Mean:1|Sub:5|ZScore:1,CSRank,8,depth_le_8,14,opcount_gt_12,3,fieldcount_le_4,1,wincount_le_1,3,maxwin_le_5,18,complexity_le_18,phase3bp:92ce29d5fa178e234712bda6,0.1948403,1,read_only_research_candidate,phase3bs_adaptive_hybrid_rx_cem: hybrid arm from phase3bp_true1min_rx_ucb_native: rx atom transform bar_loc_shift_3,
phase3bs_00006,d1984b6bb06f8dfc56bd4c25,"CSRank(ZScore(Sub(Div(Sub($close,$low),Add(Abs(Sub($high,$low)),0.000001)),Mean(Div(Sub($close,$low),Add(Abs(Sub($high,$low)),0.000001)),2))))",rx_range_location::rank,phase3bs_adaptive_hybrid_rx_cem,phase3bs_adaptive_hybrid_rx_cem,close|high|low,"['close', 'high', 'low']",0,"CSRank(ZScore(Sub(Div(Sub($F,$F),Add(Abs(Sub($F,$F)),N)),Mean(Div(Sub($F,$F),Add(Abs(Sub($F,$F)),N)),N))))",CSRank>ZScore>Sub>Div>Sub>Add>Abs>Sub>Mean>Div,Abs:2|Add:2|CSRank:1|Div:2|Mean:1|Sub:5|ZScore:1,CSRank,8,depth_le_8,14,opcount_gt_12,3,fieldcount_le_4,1,wincount_le_1,2,maxwin_le_5,18,complexity_le_18,phase3bp:d1984b6bb06f8dfc56bd4c25,0.1948087,1,read_only_research_candidate,phase3bs_adaptive_hybrid_rx_cem: hybrid arm from phase3bp_true1min_rx_ucb_native: rx atom transform bar_loc_shift_2,
phase3bs_00007,c9d6bc5d6979c13389efd0d5,"CSRank(ZScore(Sub(Div(Sub($close,$low),Add(Abs(Sub($high,$low)),0.000001)),Mean(Div(Sub($close,$low),Add(Abs(Sub($high,$low)),0.000001)),5))))",rx_range_location::rank,phase3bs_adaptive_hybrid_rx_cem,phase3bs_adaptive_hybrid_rx_cem,close|high|low,"['close', 'high', 'low']",0,"CSRank(ZScore(Sub(Div(Sub($F,$F),Add(Abs(Sub($F,$F)),N)),Mean(Div(Sub($F,$F),Add(Abs(Sub($F,$F)),N)),N))))",CSRank>ZScore>Sub>Div>Sub>Add>Abs>Sub>Mean>Div,Abs:2|Add:2|CSRank:1|Div:2|Mean:1|Sub:5|ZScore:1,CSRank,8,depth_le_8,14,opcount_gt_12,3,fieldcount_le_4,1,wincount_le_1,5,maxwin_le_5,18,complexity_le_18,phase3bp:c9d6bc5d6979c13389efd0d5,0.19473798,1,read_only_research_candidate,phase3bs_adaptive_hybrid_rx_cem: hybrid arm from phase3bp_true1min_rx_ucb_native: rx atom transform bar_loc_shift_5,
phase3bs_00008,70059e34f028e13c03845e5a,"CSRank(ZScore(Sub(Div(Sub($close,$low),Add(Abs(Sub($high,$low)),0.000001)),Mean(Div(Sub($close,$low),Add(Abs(Sub($high,$low)),0.000001)),20))))",rx_range_location::rank,phase3bs_adaptive_hybrid_rx_cem,phase3bs_adaptive_hybrid_rx_cem,close|high|low,"['close', 'high', 'low']",0,"CSRank(ZScore(Sub(Div(Sub($F,$F),Add(Abs(Sub($F,$F)),N)),Mean(Div(Sub($F,$F),Add(Abs(Sub($F,$F)),N)),N))))",CSRank>ZScore>Sub>Div>Sub>Add>Abs>Sub>Mean>Div,Abs:2|Add:2|CSRank:1|Div:2|Mean:1|Sub:5|ZScore:1,CSRank,8,depth_le_8,14,opcount_gt_12,3,fieldcount_le_4,1,wincount_le_1,20,maxwin_le_30,18,complexity_le_18,phase3bp:70059e34f028e13c03845e5a,0.1943348,1,read_only_research_candidate,phase3bs_adaptive_hybrid_rx_cem: hybrid arm from phase3bp_true1min_rx_ucb_native: rx atom transform bar_loc_shift_20,
phase3bs_00009,ab9c938e347d4ee32e83fae6,"CSRank(Sub(ZScore(Delta($intraday_ret_from_open,30)),ZScore(Delta($volume,15))))",rx_interaction::rx_intraday_return::rx_flow_amount_volume::spread,phase3bs_adaptive_hybrid_rx_cem,phase3bs_adaptive_hybrid_rx_cem,intraday_ret_from_open|volume,"['intraday_ret_from_open', 'volume']",30,"CSRank(Sub(ZScore(Delta($F,N)),ZScore(Delta($F,N))))",CSRank>Sub>ZScore>Delta>ZScore>Delta,CSRank:1|Delta:2|Sub:1|ZScore:2,CSRank,4,depth_le_4,6,opcount_le_6,2,fieldcount_le_2,2,wincount_le_2,30,maxwin_le_30,10,complexity_le_10,phase3bp:ab9c938e347d4ee32e83fae6,0.17044207,1,read_only_research_candidate,phase3bs_adaptive_hybrid_rx_cem: hybrid arm from phase3bp_true1min_rx_ucb_native: rx interaction intraday_delta_30 x volume_delta_15 spread,
phase3bs_00010,7d15ca9dc064ba578922bc82,"CSRank(Sub(ZScore(Delta($intraday_ret_from_open,15)),ZScore(Delta($volume,30))))",rx_interaction::rx_intraday_return::rx_flow_amount_volume::spread,phase3bs_adaptive_hybrid_rx_cem,phase3bs_adaptive_hybrid_rx_cem,intraday_ret_from_open|volume,"['intraday_ret_from_open', 'volume']",30,"CSRank(Sub(ZScore(Delta($F,N)),ZScore(Delta($F,N))))",CSRank>Sub>ZScore>Delta>ZScore>Delta,CSRank:1|Delta:2|Sub:1|ZScore:2,CSRank,4,depth_le_4,6,opcount_le_6,2,fieldcount_le_2,2,wincount_le_2,30,maxwin_le_30,10,complexity_le_10,phase3bp:7d15ca9dc064ba578922bc82,0.17044207,1,read_only_research_candidate,phase3bs_adaptive_hybrid_rx_cem: hybrid arm from phase3bp_true1min_rx_ucb_native: rx interaction intraday_delta_15 x volume_delta_30 spread,
phase3bs_00011,7b4c427befef2a9e46679f74,"CSRank(Sub(ZScore(Delta($intraday_ret_from_open,8)),ZScore(Delta($volume,15))))",rx_interaction::rx_intraday_return::rx_flow_amount_volume::spread,phase3bs_adaptive_hybrid_rx_cem,phase3bs_adaptive_hybrid_rx_cem,intraday_ret_from_open|volume,"['intraday_ret_from_open', 'volume']",15,"CSRank(Sub(ZScore(Delta($F,N)),ZScore(Delta($F,N))))",CSRank>Sub>ZScore>Delta>ZScore>Delta,CSRank:1|Delta:2|Sub:1|ZScore:2,CSRank,4,depth_le_4,6,opcount_le_6,2,fieldcount_le_2,2,wincount_le_2,15,maxwin_le_15,10,complexity_le_10,phase3bp:7b4c427befef2a9e46679f74,0.16732229,1,read_only_research_candidate,phase3bs_adaptive_hybrid_rx_cem: hybrid arm from phase3bp_true1min_rx_ucb_native: rx interaction intraday_delta_8 x volume_delta_15 spread,
phase3bs_00012,79a6e23656d5842fab78ddba,"CSRank(Sub(ZScore(Delta($intraday_ret_from_open,15)),ZScore(Delta($volume,8))))",rx_interaction::rx_intraday_return::rx_flow_amount_volume::spread,phase3bs_adaptive_hybrid_rx_cem,phase3bs_adaptive_hybrid_rx_cem,intraday_ret_from_open|volume,"['intraday_ret_from_open', 'volume']",15,"CSRank(Sub(ZScore(Delta($F,N)),ZScore(Delta($F,N))))",CSRank>Sub>ZScore>Delta>ZScore>Delta,CSRank:1|Delta:2|Sub:1|ZScore:2,CSRank,4,depth_le_4,6,opcount_le_6,2,fieldcount_le_2,2,wincount_le_2,15,maxwin_le_15,10,complexity_le_10,phase3bp:79a6e23656d5842fab78ddba,0.16732229,1,read_only_research_candidate,phase3bs_adaptive_hybrid_rx_cem: hybrid arm from phase3bp_true1min_rx_ucb_native: rx interaction intraday_delta_15 x volume_delta_8 spread,
phase3bs_00013,f9045826d4c41668cb807b34,"CSRank(Sub(ZScore(Delta($intraday_ret_from_open,15)),ZScore(Div($m1_first30_vol,Add(Abs($volume),0.000001)))))",rx_interaction::rx_intraday_return::rx_opening_amount::spread,phase3bs_adaptive_hybrid_rx_cem,phase3bs_adaptive_hybrid_rx_cem,intraday_ret_from_open|m1_first30_vol|volume,"['intraday_ret_from_open', 'm1_first30_vol', 'volume']",15,"CSRank(Sub(ZScore(Delta($F,N)),ZScore(Div($F,Add(Abs($F),N)))))",CSRank>Sub>ZScore>Delta>ZScore>Div>Add>Abs,Abs:1|Add:1|CSRank:1|Delta:1|Div:1|Sub:1|ZScore:2,CSRank,6,depth_le_6,8,opcount_le_9,3,fieldcount_le_4,1,wincount_le_1,15,maxwin_le_15,12,complexity_le_14,phase3bp:f9045826d4c41668cb807b34,0.16619449,1,read_only_research_candidate,phase3bs_adaptive_hybrid_rx_cem: hybrid arm from phase3bp_true1min_rx_ucb_native: rx interaction intraday_delta_15 x m1_first30_vol spread,
phase3bs_00014,f6d398a5cb926599ce155439,"CSRank(Sub(ZScore(Delta($intraday_ret_from_open,15)),ZScore(Delta($amount,30))))",rx_interaction::rx_intraday_return::rx_flow_amount_volume::spread,phase3bs_adaptive_hybrid_rx_cem,phase3bs_adaptive_hybrid_rx_cem,amount|intraday_ret_from_open,"['amount', 'intraday_ret_from_open']",30,"CSRank(Sub(ZScore(Delta($F,N)),ZScore(Delta($F,N))))",CSRank>Sub>ZScore>Delta>ZScore>Delta,CSRank:1|Delta:2|Sub:1|ZScore:2,CSRank,4,depth_le_4,6,opcount_le_6,2,fieldcount_le_2,2,wincount_le_2,30,maxwin_le_30,10,complexity_le_10,phase3bp:f6d398a5cb926599ce155439,0.15938185,1,read_only_research_candidate,phase3bs_adaptive_hybrid_rx_cem: hybrid arm from phase3bp_true1min_rx_ucb_native: rx interaction intraday_delta_15 x amount_delta_30 spread,
phase3bs_00015,3b9c2142883c6c8738cfc8c5,"CSRank(Sub(ZScore(Delta($intraday_ret_from_open,30)),ZScore(Delta($amount,15))))",rx_interaction::rx_intraday_return::rx_flow_amount_volume::spread,phase3bs_adaptive_hybrid_rx_cem,phase3bs_adaptive_hybrid_rx_cem,amount|intraday_ret_from_open,"['amount', 'intraday_ret_from_open']",30,"CSRank(Sub(ZScore(Delta($F,N)),ZScore(Delta($F,N))))",CSRank>Sub>ZScore>Delta>ZScore>Delta,CSRank:1|Delta:2|Sub:1|ZScore:2,CSRank,4,depth_le_4,6,opcount_le_6,2,fieldcount_le_2,2,wincount_le_2,30,maxwin_le_30,10,complexity_le_10,phase3bp:3b9c2142883c6c8738cfc8c5,0.15938185,1,read_only_research_candidate,phase3bs_adaptive_hybrid_rx_cem: hybrid arm from phase3bp_true1min_rx_ucb_native: rx interaction intraday_delta_30 x amount_delta_15 spread,
phase3bs_00016,4c9160f577df1a8fce36add0,"CSRank(Sub(ZScore(Delta($intraday_ret_from_open,8)),ZScore(Delta($amount,15))))",rx_interaction::rx_intraday_return::rx_flow_amount_volume::spread,phase3bs_adaptive_hybrid_rx_cem,phase3bs_adaptive_hybrid_rx_cem,amount|intraday_ret_from_open,"['amount', 'intraday_ret_from_open']",15,"CSRank(Sub(ZScore(Delta($F,N)),ZScore(Delta($F,N))))",CSRank>Sub>ZScore>Delta>ZScore>Delta,CSRank:1|Delta:2|Sub:1|ZScore:2,CSRank,4,depth_le_4,6,opcount_le_6,2,fieldcount_le_2,2,wincount_le_2,15,maxwin_le_15,10,complexity_le_10,phase3bp:4c9160f577df1a8fce36add0,0.15626207,1,read_only_research_candidate,phase3bs_adaptive_hybrid_rx_cem: hybrid arm from phase3bp_true1min_rx_ucb_native: rx interaction intraday_delta_8 x amount_delta_15 spread,
phase3bs_00017,32fa17f3ddd66f6a0cf906ab,"CSRank(Sub(ZScore(Delta($intraday_ret_from_open,15)),ZScore(Delta($amount,8))))",rx_interaction::rx_intraday_return::rx_flow_amount_volume::spread,phase3bs_adaptive_hybrid_rx_cem,phase3bs_adaptive_hybrid_rx_cem,amount|intraday_ret_from_open,"['amount', 'intraday_ret_from_open']",15,"CSRank(Sub(ZScore(Delta($F,N)),ZScore(Delta($F,N))))",CSRank>Sub>ZScore>Delta>ZScore>Delta,CSRank:1|Delta:2|Sub:1|ZScore:2,CSRank,4,depth_le_4,6,opcount_le_6,2,fieldcount_le_2,2,wincount_le_2,15,maxwin_le_15,10,complexity_le_10,phase3bp:32fa17f3ddd66f6a0cf906ab,0.15626207,1,read_only_research_candidate,phase3bs_adaptive_hybrid_rx_cem: hybrid arm from phase3bp_true1min_rx_ucb_native: rx interaction intraday_delta_15 x amount_delta_8 spread,
phase3bs_00018,35c457fbc458f17a81915ae8,"CSRank(Mul(ZScore(Delta($ret_1m,15)),ZScore(Std(Div(Sub($high,$low),Add(Abs($open),0.000001)),15))))",rx_interaction::rx_intraday_return::rx_range_location::product,phase3bs_adaptive_hybrid_rx_cem,phase3bs_adaptive_hybrid_rx_cem,high|low|open|ret_1m,"['high', 'low', 'open', 'ret_1m']",15,"CSRank(Mul(ZScore(Delta($F,N)),ZScore(Std(Div(Sub($F,$F),Add(Abs($F),N)),N))))",CSRank>Mul>ZScore>Delta>ZScore>Std>Div>Sub>Add>Abs,Abs:1|Add:1|CSRank:1|Delta:1|Div:1|Mul:1|Std:1|Sub:1|ZScore:2,CSRank,7,depth_le_8,10,opcount_le_12,4,fieldcount_le_4,1,wincount_le_1,15,maxwin_le_15,15,complexity_le_18,phase3bp:35c457fbc458f17a81915ae8,0.15131384,1,read_only_research_candidate,phase3bs_adaptive_hybrid_rx_cem: hybrid arm from phase3bp_true1min_rx_ucb_native: rx interaction ret_delta_15 x range_vol_15 product,
phase3bs_00019,b654a78fc6d3f92c0a90f659,"Neg(CSRank(ZScore(Delta($intraday_ret_from_open,2))))",rx_intraday_return::inverted,phase3bs_adaptive_hybrid_rx_cem,phase3bs_adaptive_hybrid_rx_cem,intraday_ret_from_open,['intraday_ret_from_open'],2,"Neg(CSRank(ZScore(Delta($F,N))))",Neg>CSRank>ZScore>Delta,CSRank:1|Delta:1|Neg:1|ZScore:1,Neg,4,depth_le_4,4,opcount_le_6,1,fieldcount_le_1,1,wincount_le_1,2,maxwin_le_5,6,complexity_le_6,phase3bp:b654a78fc6d3f92c0a90f659,0.14709686,1,read_only_research_candidate,phase3bs_adaptive_hybrid_rx_cem: hybrid arm from phase3bp_true1min_rx_ucb_native: rx atom transform intraday_delta_2,
phase3bs_00020,049cfa883bd945a33f3cfe86,"Neg(CSRank(ZScore(Delta($intraday_ret_from_open,5))))",rx_intraday_return::inverted,phase3bs_adaptive_hybrid_rx_cem,phase3bs_adaptive_hybrid_rx_cem,intraday_ret_from_open,['intraday_ret_from_open'],5,"Neg(CSRank(ZScore(Delta($F,N))))",Neg>CSRank>ZScore>Delta,CSRank:1|Delta:1|Neg:1|ZScore:1,Neg,4,depth_le_4,4,opcount_le_6,1,fieldcount_le_1,1,wincount_le_1,5,maxwin_le_5,6,complexity_le_6,phase3bp:049cfa883bd945a33f3cfe86,0.14702614,1,read_only_research_candidate,phase3bs_adaptive_hybrid_rx_cem: hybrid arm from phase3bp_true1min_rx_ucb_native: rx atom transform intraday_delta_5,
phase3bs_00021,cc94e18218a4a65153f73060,"Neg(CSRank(ZScore(Delta($intraday_ret_from_open,20))))",rx_intraday_return::inverted,phase3bs_adaptive_hybrid_rx_cem,phase3bs_adaptive_hybrid_rx_cem,intraday_ret_from_open,['intraday_ret_from_open'],20,"Neg(CSRank(ZScore(Delta($F,N))))",Neg>CSRank>ZScore>Delta,CSRank:1|Delta:1|Neg:1|ZScore:1,Neg,4,depth_le_4,4,opcount_le_6,1,fieldcount_le_1,1,wincount_le_1,20,maxwin_le_30,6,complexity_le_6,phase3bp:cc94e18218a4a65153f73060,0.14662296,1,read_only_research_candidate,phase3bs_adaptive_hybrid_rx_cem: hybrid arm from phase3bp_true1min_rx_ucb_native: rx atom transform intraday_delta_20,
phase3bs_00022,e05baa181c78a90e975c2ec8,"CSRank(ZScore(Delta($intraday_ret_from_open,3)))",rx_intraday_return::rank,phase3bs_adaptive_hybrid_rx_cem,phase3bs_adaptive_hybrid_rx_cem,intraday_ret_from_open,['intraday_ret_from_open'],3,"CSRank(ZScore(Delta($F,N)))",CSRank>ZScore>Delta,CSRank:1|Delta:1|ZScore:1,CSRank,3,depth_le_4,3,opcount_le_3,1,fieldcount_le_1,1,wincount_le_1,3,maxwin_le_5,5,complexity_le_6,phase3bp:e05baa181c78a90e975c2ec8,0.14621341,1,read_only_research_candidate,phase3bs_adaptive_hybrid_rx_cem: hybrid arm from phase3bp_true1min_rx_ucb_native: rx atom transform intraday_delta_3,
phase3bs_00023,25cec70a111e569b07fd7f2a,"CSRank(Sub(ZScore(Delta($ret_1m,15)),ZScore(Std(Div(Sub($high,$low),Add(Abs($open),0.000001)),30))))",rx_interaction::rx_intraday_return::rx_range_location::spread,phase3bs_adaptive_hybrid_rx_cem,phase3bs_adaptive_hybrid_rx_cem,high|low|open|ret_1m,"['high', 'low', 'open', 'ret_1m']",15,"CSRank(Sub(ZScore(Delta($F,N)),ZScore(Std(Div(Sub($F,$F),Add(Abs($F),N)),N))))",CSRank>Sub>ZScore>Delta>ZScore>Std>Div>Sub>Add>Abs,Abs:1|Add:1|CSRank:1|Delta:1|Div:1|Std:1|Sub:2|ZScore:2,CSRank,7,depth_le_8,10,opcount_le_12,4,fieldcount_le_4,2,wincount_le_2,30,maxwin_le_30,16,complexity_le_18,phase3bp:25cec70a111e569b07fd7f2a,0.14568729,1,read_only_research_candidate,phase3bs_adaptive_hybrid_rx_cem: hybrid arm from phase3bp_true1min_rx_ucb_native: rx interaction ret_delta_15 x range_vol_30 spread,
phase3bs_00024,182b57e2ecdcdbfcdb597ebf,"CSRank(Sub(ZScore(Delta($ret_1m,30)),ZScore(Std(Div(Sub($high,$low),Add(Abs($open),0.000001)),15))))",rx_interaction::rx_intraday_return::rx_range_location::spread,phase3bs_adaptive_hybrid_rx_cem,phase3bs_adaptive_hybrid_rx_cem,high|low|open|ret_1m,"['high', 'low', 'open', 'ret_1m']",30,"CSRank(Sub(ZScore(Delta($F,N)),ZScore(Std(Div(Sub($F,$F),Add(Abs($F),N)),N))))",CSRank>Sub>ZScore>Delta>ZScore>Std>Div>Sub>Add>Abs,Abs:1|Add:1|CSRank:1|Delta:1|Div:1|Std:1|Sub:2|ZScore:2,CSRank,7,depth_le_8,10,opcount_le_12,4,fieldcount_le_4,2,wincount_le_2,30,maxwin_le_30,16,complexity_le_18,phase3bp:182b57e2ecdcdbfcdb597ebf,0.14568729,1,read_only_research_candidate,phase3bs_adaptive_hybrid_rx_cem: hybrid arm from phase3bp_true1min_rx_ucb_native: rx interaction ret_delta_30 x range_vol_15 spread,
phase3bs_00025,b172fbfbc1fcd5331c6c8430,"CSRank(Mul(ZScore(Sub(Div(Sub($close,$low),Add(Abs(Sub($high,$low)),0.000001)),Mean(Div(Sub($close,$low),Add(Abs(Sub($high,$low)),0.000001)),30))),ZScore(Std(Div(Sub($high,$low),Add(Abs($open),0.000001)),15))))",rx_interaction::rx_range_location::rx_range_location::product,phase3bs_adaptive_hybrid_rx_cem,phase3bs_adaptive_hybrid_rx_cem,close|high|low|open,"['close', 'high', 'low', 'open']",0,"CSRank(Mul(ZScore(Sub(Div(Sub($F,$F),Add(Abs(Sub($F,$F)),N)),Mean(Div(Sub($F,$F),Add(Abs(Sub($F,$F)),N)),N))),ZScore(Std(Div(Sub($F,$F),Add(Abs($F),N)),N))))",CSRank>Mul>ZScore>Sub>Div>Sub>Add>Abs>Sub>Mean,Abs:3|Add:3|CSRank:1|Div:3|Mean:1|Mul:1|Std:1|Sub:6|ZScore:2,CSRank,9,depth_gt_8,21,opcount_gt_12,4,fieldcount_le_4,2,wincount_le_2,30,maxwin_le_30,27,complexity_gt_18,phase3bp:b172fbfbc1fcd5331c6c8430,0.14286832,1,read_only_research_candidate,phase3bs_adaptive_hybrid_rx_cem: hybrid arm from phase3bp_true1min_rx_ucb_native: rx interaction bar_loc_shift_30 x range_vol_15 product,
phase3bs_00026,79e893e8f4693ef7425e24ba,"CSRank(Mul(ZScore(Sub(Div(Sub($close,$low),Add(Abs(Sub($high,$low)),0.000001)),Mean(Div(Sub($close,$low),Add(Abs(Sub($high,$low)),0.000001)),15))),ZScore(Std(Div(Sub($high,$low),Add(Abs($open),0.000001)),30))))",rx_interaction::rx_range_location::rx_range_location::product,phase3bs_adaptive_hybrid_rx_cem,phase3bs_adaptive_hybrid_rx_cem,close|high|low|open,"['close', 'high', 'low', 'open']",0,"CSRank(Mul(ZScore(Sub(Div(Sub($F,$F),Add(Abs(Sub($F,$F)),N)),Mean(Div(Sub($F,$F),Add(Abs(Sub($F,$F)),N)),N))),ZScore(Std(Div(Sub($F,$F),Add(Abs($F),N)),N))))",CSRank>Mul>ZScore>Sub>Div>Sub>Add>Abs>Sub>Mean,Abs:3|Add:3|CSRank:1|Div:3|Mean:1|Mul:1|Std:1|Sub:6|ZScore:2,CSRank,9,depth_gt_8,21,opcount_gt_12,4,fieldcount_le_4,2,wincount_le_2,30,maxwin_le_30,27,complexity_gt_18,phase3bp:79e893e8f4693ef7425e24ba,0.14286832,1,read_only_research_candidate,phase3bs_adaptive_hybrid_rx_cem: hybrid arm from phase3bp_true1min_rx_ucb_native: rx interaction bar_loc_shift_15 x range_vol_30 product,
phase3bs_00027,db41f815871c65fd47246c06,"CSRank(Sub(ZScore(Delta($ret_1m,8)),ZScore(Std(Div(Sub($high,$low),Add(Abs($open),0.000001)),15))))",rx_interaction::rx_intraday_return::rx_range_location::spread,phase3bs_adaptive_hybrid_rx_cem,phase3bs_adaptive_hybrid_rx_cem,high|low|open|ret_1m,"['high', 'low', 'open', 'ret_1m']",8,"CSRank(Sub(ZScore(Delta($F,N)),ZScore(Std(Div(Sub($F,$F),Add(Abs($F),N)),N))))",CSRank>Sub>ZScore>Delta>ZScore>Std>Div>Sub>Add>Abs,Abs:1|Add:1|CSRank:1|Delta:1|Div:1|Std:1|Sub:2|ZScore:2,CSRank,7,depth_le_8,10,opcount_le_12,4,fieldcount_le_4,2,wincount_le_2,15,maxwin_le_15,16,complexity_le_18,phase3bp:db41f815871c65fd47246c06,0.14256751,1,read_only_research_candidate,phase3bs_adaptive_hybrid_rx_cem: hybrid arm from phase3bp_true1min_rx_ucb_native: rx interaction ret_delta_8 x range_vol_15 spread,
phase3bs_00028,fc53d696f46024d3e8a1bdd1,"CSRank(Mul(ZScore(Sub(Div(Sub($close,$low),Add(Abs(Sub($high,$low)),0.000001)),Mean(Div(Sub($close,$low),Add(Abs(Sub($high,$low)),0.000001)),15))),ZScore(Std(Div(Sub($high,$low),Add(Abs($open),0.000001)),8))))",rx_interaction::rx_range_location::rx_range_location::product,phase3bs_adaptive_hybrid_rx_cem,phase3bs_adaptive_hybrid_rx_cem,close|high|low|open,"['close', 'high', 'low', 'open']",0,"CSRank(Mul(ZScore(Sub(Div(Sub($F,$F),Add(Abs(Sub($F,$F)),N)),Mean(Div(Sub($F,$F),Add(Abs(Sub($F,$F)),N)),N))),ZScore(Std(Div(Sub($F,$F),Add(Abs($F),N)),N))))",CSRank>Mul>ZScore>Sub>Div>Sub>Add>Abs>Sub>Mean,Abs:3|Add:3|CSRank:1|Div:3|Mean:1|Mul:1|Std:1|Sub:6|ZScore:2,CSRank,9,depth_gt_8,21,opcount_gt_12,4,fieldcount_le_4,2,wincount_le_2,15,maxwin_le_15,27,complexity_gt_18,phase3bp:fc53d696f46024d3e8a1bdd1,0.13974854,1,read_only_research_candidate,phase3bs_adaptive_hybrid_rx_cem: hybrid arm from phase3bp_true1min_rx_ucb_native: rx interaction bar_loc_shift_15 x range_vol_8 product,
phase3bs_00029,41a55eec6bf568cd4914bb81,"CSRank(Mul(ZScore(Sub(Div(Sub($close,$low),Add(Abs(Sub($high,$low)),0.000001)),Mean(Div(Sub($close,$low),Add(Abs(Sub($high,$low)),0.000001)),8))),ZScore(Std(Div(Sub($high,$low),Add(Abs($open),0.000001)),15))))",rx_interaction::rx_range_location::rx_range_location::product,phase3bs_adaptive_hybrid_rx_cem,phase3bs_adaptive_hybrid_rx_cem,close|high|low|open,"['close', 'high', 'low', 'open']",0,"CSRank(Mul(ZScore(Sub(Div(Sub($F,$F),Add(Abs(Sub($F,$F)),N)),Mean(Div(Sub($F,$F),Add(Abs(Sub($F,$F)),N)),N))),ZScore(Std(Div(Sub($F,$F),Add(Abs($F),N)),N))))",CSRank>Mul>ZScore>Sub>Div>Sub>Add>Abs>Sub>Mean,Abs:3|Add:3|CSRank:1|Div:3|Mean:1|Mul:1|Std:1|Sub:6|ZScore:2,CSRank,9,depth_gt_8,21,opcount_gt_12,4,fieldcount_le_4,2,wincount_le_2,15,maxwin_le_15,27,complexity_gt_18,phase3bp:41a55eec6bf568cd4914bb81,0.13974854,1,read_only_research_candidate,phase3bs_adaptive_hybrid_rx_cem: hybrid arm from phase3bp_true1min_rx_ucb_native: rx interaction bar_loc_shift_8 x range_vol_15 product,
phase3bs_00030,bb808778de991f2a3e9ced07,"CSRank(Sub(ZScore(Delta($intraday_ret_from_open,8)),ZScore(Div($m1_first30_vol,Add(Abs($volume),0.000001)))))",rx_interaction::rx_intraday_return::rx_opening_amount::spread,phase3bs_adaptive_hybrid_rx_cem,phase3bs_adaptive_hybrid_rx_cem,intraday_ret_from_open|m1_first30_vol|volume,"['intraday_ret_from_open', 'm1_first30_vol', 'volume']",8,"CSRank(Sub(ZScore(Delta($F,N)),ZScore(Div($F,Add(Abs($F),N)))))",CSRank>Sub>ZScore>Delta>ZScore>Div>Add>Abs,Abs:1|Add:1|CSRank:1|Delta:1|Div:1|Sub:1|ZScore:2,CSRank,6,depth_le_6,8,opcount_le_9,3,fieldcount_le_4,1,wincount_le_1,8,maxwin_le_15,12,complexity_le_14,phase3bp:bb808778de991f2a3e9ced07,0.13673441,1,read_only_research_candidate,phase3bs_adaptive_hybrid_rx_cem: hybrid arm from phase3bp_true1min_rx_ucb_native: rx interaction intraday_delta_8 x m1_first30_vol spread,
phase3bs_00031,e35011639d835cc2358a3833,"CSRank(Sub(ZScore(Delta($intraday_ret_from_open,10)),ZScore(Div($m1_first30_vol,Add(Abs($volume),0.000001)))))",rx_interaction::rx_intraday_return::rx_opening_amount::spread,phase3bs_adaptive_hybrid_rx_cem,phase3bs_adaptive_hybrid_rx_cem,intraday_ret_from_open|m1_first30_vol|volume,"['intraday_ret_from_open', 'm1_first30_vol', 'volume']",10,"CSRank(Sub(ZScore(Delta($F,N)),ZScore(Div($F,Add(Abs($F),N)))))",CSRank>Sub>ZScore>Delta>ZScore>Div>Add>Abs,Abs:1|Add:1|CSRank:1|Delta:1|Div:1|Sub:1|ZScore:2,CSRank,6,depth_le_6,8,opcount_le_9,3,fieldcount_le_4,1,wincount_le_1,10,maxwin_le_15,12,complexity_le_14,phase3bp:e35011639d835cc2358a3833,0.13629473,1,read_only_research_candidate,phase3bs_adaptive_hybrid_rx_cem: hybrid arm from phase3bp_true1min_rx_ucb_native: rx interaction intraday_delta_10 x m1_first30_vol spread,
phase3bs_00032,2fbfb85351a738700b2cc389,"CSRank(Sub(ZScore(Delta($intraday_ret_from_open,3)),ZScore(Div($m1_first30_vol,Add(Abs($volume),0.000001)))))",rx_interaction::rx_intraday_return::rx_opening_amount::spread,phase3bs_adaptive_hybrid_rx_cem,phase3bs_adaptive_hybrid_rx_cem,intraday_ret_from_open|m1_first30_vol|volume,"['intraday_ret_from_open', 'm1_first30_vol', 'volume']",3,"CSRank(Sub(ZScore(Delta($F,N)),ZScore(Div($F,Add(Abs($F),N)))))",CSRank>Sub>ZScore>Delta>ZScore>Div>Add>Abs,Abs:1|Add:1|CSRank:1|Delta:1|Div:1|Sub:1|ZScore:2,CSRank,6,depth_le_6,8,opcount_le_9,3,fieldcount_le_4,1,wincount_le_1,3,maxwin_le_5,12,complexity_le_14,phase3bp:2fbfb85351a738700b2cc389,0.13503125,1,read_only_research_candidate,phase3bs_adaptive_hybrid_rx_cem: hybrid arm from phase3bp_true1min_rx_ucb_native: rx interaction intraday_delta_3 x m1_first30_vol spread,
phase3bs_00033,1236ce30c038cccd1e0c1ace,"CSRank(Mul(ZScore(Sub(Div(Sub($close,$low),Add(Abs(Sub($high,$low)),0.000001)),Mean(Div(Sub($close,$low),Add(Abs(Sub($high,$low)),0.000001)),15))),ZScore(Delta($volume,15))))",rx_interaction::rx_range_location::rx_flow_amount_volume::product,phase3bs_adaptive_hybrid_rx_cem,phase3bs_adaptive_hybrid_rx_cem,close|high|low|volume,"['close', 'high', 'low', 'volume']",15,"CSRank(Mul(ZScore(Sub(Div(Sub($F,$F),Add(Abs(Sub($F,$F)),N)),Mean(Div(Sub($F,$F),Add(Abs(Sub($F,$F)),N)),N))),ZScore(Delta($F,N))))",CSRank>Mul>ZScore>Sub>Div>Sub>Add>Abs>Sub>Mean,Abs:2|Add:2|CSRank:1|Delta:1|Div:2|Mean:1|Mul:1|Sub:5|ZScore:2,CSRank,9,depth_gt_8,17,opcount_gt_12,4,fieldcount_le_4,1,wincount_le_1,15,maxwin_le_15,22,complexity_gt_18,phase3bp:1236ce30c038cccd1e0c1ace,0.13493497,1,read_only_research_candidate,phase3bs_adaptive_hybrid_rx_cem: hybrid arm from phase3bp_true1min_rx_ucb_native: rx interaction bar_loc_shift_15 x volume_delta_15 product,
phase3bs_00034,d4dbc5234fe839515551a345,"CSRank(Mul(ZScore(Sub(Div(Sub($close,$low),Add(Abs(Sub($high,$low)),0.000001)),Mean(Div(Sub($close,$low),Add(Abs(Sub($high,$low)),0.000001)),15))),ZScore(Delta($amount,15))))",rx_interaction::rx_range_location::rx_flow_amount_volume::product,phase3bs_adaptive_hybrid_rx_cem,phase3bs_adaptive_hybrid_rx_cem,amount|close|high|low,"['amount', 'close', 'high', 'low']",15,"CSRank(Mul(ZScore(Sub(Div(Sub($F,$F),Add(Abs(Sub($F,$F)),N)),Mean(Div(Sub($F,$F),Add(Abs(Sub($F,$F)),N)),N))),ZScore(Delta($F,N))))",CSRank>Mul>ZScore>Sub>Div>Sub>Add>Abs>Sub>Mean,Abs:2|Add:2|CSRank:1|Delta:1|Div:2|Mean:1|Mul:1|Sub:5|ZScore:2,CSRank,9,depth_gt_8,17,opcount_gt_12,4,fieldcount_le_4,1,wincount_le_1,15,maxwin_le_15,22,complexity_gt_18,phase3bp:d4dbc5234fe839515551a345,0.13401429,1,read_only_research_candidate,phase3bs_adaptive_hybrid_rx_cem: hybrid arm from phase3bp_true1min_rx_ucb_native: rx interaction bar_loc_shift_15 x amount_delta_15 product,
phase3bs_00035,9ad07dc87ec3d8484c7b68f8,"CSRank(Mul(ZScore(Sub(Div(Sub($close,$low),Add(Abs(Sub($high,$low)),0.000001)),Mean(Div(Sub($close,$low),Add(Abs(Sub($high,$low)),0.000001)),15))),ZScore(Div(Mean($volume,10),Add(Abs(Mean($volume,30)),0.000001)))))",rx_interaction::rx_range_location::rx_flow_amount_volume::product,phase3bs_adaptive_hybrid_rx_cem,phase3bs_adaptive_hybrid_rx_cem,close|high|low|volume,"['close', 'high', 'low', 'volume']",30,"CSRank(Mul(ZScore(Sub(Div(Sub($F,$F),Add(Abs(Sub($F,$F)),N)),Mean(Div(Sub($F,$F),Add(Abs(Sub($F,$F)),N)),N))),ZScore(Div(Mean($F,N),Add(Abs(Mean($F,N)),N)))))",CSRank>Mul>ZScore>Sub>Div>Sub>Add>Abs>Sub>Mean,Abs:3|Add:3|CSRank:1|Div:3|Mean:3|Mul:1|Sub:5|ZScore:2,CSRank,9,depth_gt_8,21,opcount_gt_12,4,fieldcount_le_4,3,wincount_le_4,30,maxwin_le_30,28,complexity_gt_18,phase3bp:9ad07dc87ec3d8484c7b68f8,0.13351944,1,read_only_research_candidate,phase3bs_adaptive_hybrid_rx_cem: hybrid arm from phase3bp_true1min_rx_ucb_native: rx interaction bar_loc_shift_15 x volume_curve_10_30 product,
phase3bs_00036,1c3259365723734b39e981d8,"CSRank(Mul(ZScore(Sub(Div(Sub($close,$low),Add(Abs(Sub($high,$low)),0.000001)),Mean(Div(Sub($close,$low),Add(Abs(Sub($high,$low)),0.000001)),30))),ZScore(Div(Mean($volume,5),Add(Abs(Mean($volume,15)),0.000001)))))",rx_interaction::rx_range_location::rx_flow_amount_volume::product,phase3bs_adaptive_hybrid_rx_cem,phase3bs_adaptive_hybrid_rx_cem,close|high|low|volume,"['close', 'high', 'low', 'volume']",15,"CSRank(Mul(ZScore(Sub(Div(Sub($F,$F),Add(Abs(Sub($F,$F)),N)),Mean(Div(Sub($F,$F),Add(Abs(Sub($F,$F)),N)),N))),ZScore(Div(Mean($F,N),Add(Abs(Mean($F,N)),N)))))",CSRank>Mul>ZScore>Sub>Div>Sub>Add>Abs>Sub>Mean,Abs:3|Add:3|CSRank:1|Div:3|Mean:3|Mul:1|Sub:5|ZScore:2,CSRank,9,depth_gt_8,21,opcount_gt_12,4,fieldcount_le_4,3,wincount_le_4,30,maxwin_le_30,28,complexity_gt_18,phase3bp:1c3259365723734b39e981d8,0.13329902,1,read_only_research_candidate,phase3bs_adaptive_hybrid_rx_cem: hybrid arm from phase3bp_true1min_rx_ucb_native: rx interaction bar_loc_shift_30 x volume_curve_5_15 product,
phase3bs_00037,116ef7d668c7baf6805a0d24,"CSRank(Mul(ZScore(Sub(Div(Sub($close,$low),Add(Abs(Sub($high,$low)),0.000001)),Mean(Div(Sub($close,$low),Add(Abs(Sub($high,$low)),0.000001)),15))),ZScore(Div(Mean($amount,10),Add(Abs(Mean($amount,30)),0.000001)))))",rx_interaction::rx_range_location::rx_flow_amount_volume::product,phase3bs_adaptive_hybrid_rx_cem,phase3bs_adaptive_hybrid_rx_cem,amount|close|high|low,"['amount', 'close', 'high', 'low']",30,"CSRank(Mul(ZScore(Sub(Div(Sub($F,$F),Add(Abs(Sub($F,$F)),N)),Mean(Div(Sub($F,$F),Add(Abs(Sub($F,$F)),N)),N))),ZScore(Div(Mean($F,N),Add(Abs(Mean($F,N)),N)))))",CSRank>Mul>ZScore>Sub>Div>Sub>Add>Abs>Sub>Mean,Abs:3|Add:3|CSRank:1|Div:3|Mean:3|Mul:1|Sub:5|ZScore:2,CSRank,9,depth_gt_8,21,opcount_gt_12,4,fieldcount_le_4,3,wincount_le_4,30,maxwin_le_30,28,complexity_gt_18,phase3bp:116ef7d668c7baf6805a0d24,0.13259876,1,read_only_research_candidate,phase3bs_adaptive_hybrid_rx_cem: hybrid arm from phase3bp_true1min_rx_ucb_native: rx interaction bar_loc_shift_15 x amount_curve_10_30 product,
phase3bs_00038,2517e2e350aec69cb7d71a4c,"CSRank(Mul(ZScore(Sub(Div(Sub($close,$low),Add(Abs(Sub($high,$low)),0.000001)),Mean(Div(Sub($close,$low),Add(Abs(Sub($high,$low)),0.000001)),30))),ZScore(Div(Mean($amount,5),Add(Abs(Mean($amount,15)),0.000001)))))",rx_interaction::rx_range_location::rx_flow_amount_volume::product,phase3bs_adaptive_hybrid_rx_cem,phase3bs_adaptive_hybrid_rx_cem,amount|close|high|low,"['amount', 'close', 'high', 'low']",15,"CSRank(Mul(ZScore(Sub(Div(Sub($F,$F),Add(Abs(Sub($F,$F)),N)),Mean(Div(Sub($F,$F),Add(Abs(Sub($F,$F)),N)),N))),ZScore(Div(Mean($F,N),Add(Abs(Mean($F,N)),N)))))",CSRank>Mul>ZScore>Sub>Div>Sub>Add>Abs>Sub>Mean,Abs:3|Add:3|CSRank:1|Div:3|Mean:3|Mul:1|Sub:5|ZScore:2,CSRank,9,depth_gt_8,21,opcount_gt_12,4,fieldcount_le_4,3,wincount_le_4,30,maxwin_le_30,28,complexity_gt_18,phase3bp:2517e2e350aec69cb7d71a4c,0.13237833,1,read_only_research_candidate,phase3bs_adaptive_hybrid_rx_cem: hybrid arm from phase3bp_true1min_rx_ucb_native: rx interaction bar_loc_shift_30 x amount_curve_5_15 product,
phase3bs_00039,a7ea0c73f5c20049b62d17a5,"CSRank(Mul(ZScore(Sub(Div(Sub($close,$low),Add(Abs(Sub($high,$low)),0.000001)),Mean(Div(Sub($close,$low),Add(Abs(Sub($high,$low)),0.000001)),15))),ZScore(Div(Mean($volume,8),Add(Abs(Mean($volume,20)),0.000001)))))",rx_interaction::rx_range_location::rx_flow_amount_volume::product,phase3bs_adaptive_hybrid_rx_cem,phase3bs_adaptive_hybrid_rx_cem,close|high|low|volume,"['close', 'high', 'low', 'volume']",20,"CSRank(Mul(ZScore(Sub(Div(Sub($F,$F),Add(Abs(Sub($F,$F)),N)),Mean(Div(Sub($F,$F),Add(Abs(Sub($F,$F)),N)),N))),ZScore(Div(Mean($F,N),Add(Abs(Mean($F,N)),N)))))",CSRank>Mul>ZScore>Sub>Div>Sub>Add>Abs>Sub>Mean,Abs:3|Add:3|CSRank:1|Div:3|Mean:3|Mul:1|Sub:5|ZScore:2,CSRank,9,depth_gt_8,21,opcount_gt_12,4,fieldcount_le_4,3,wincount_le_4,20,maxwin_le_30,28,complexity_gt_18,phase3bp:a7ea0c73f5c20049b62d17a5,0.13115912,1,read_only_research_candidate,phase3bs_adaptive_hybrid_rx_cem: hybrid arm from phase3bp_true1min_rx_ucb_native: rx interaction bar_loc_shift_15 x volume_curve_8_20 product,
phase3bs_00040,7e37eae2d9e41504483c82a3,"CSRank(Sub(ZScore(Delta($intraday_ret_from_open,8)),ZScore(Div($m1_first5_vol,Add(Abs($volume),0.000001)))))",rx_interaction::rx_intraday_return::rx_opening_amount::spread,phase3bs_adaptive_hybrid_rx_cem,phase3bs_adaptive_hybrid_rx_cem,intraday_ret_from_open|m1_first5_vol|volume,"['intraday_ret_from_open', 'm1_first5_vol', 'volume']",8,"CSRank(Sub(ZScore(Delta($F,N)),ZScore(Div($F,Add(Abs($F),N)))))",CSRank>Sub>ZScore>Delta>ZScore>Div>Add>Abs,Abs:1|Add:1|CSRank:1|Delta:1|Div:1|Sub:1|ZScore:2,CSRank,6,depth_le_6,8,opcount_le_9,3,fieldcount_le_4,1,wincount_le_1,8,maxwin_le_15,12,complexity_le_14,phase3bp:7e37eae2d9e41504483c82a3,0.13066031,1,read_only_research_candidate,phase3bs_adaptive_hybrid_rx_cem: hybrid arm from phase3bp_true1min_rx_ucb_native: rx interaction intraday_delta_8 x m1_first5_vol spread,
phase3bs_00041,bebf3769fff560a1da9869a6,"CSRank(Sub(ZScore(Delta($ret_1m,15)),ZScore(Div($m1_first30_vol,Add(Abs($volume),0.000001)))))",rx_interaction::rx_intraday_return::rx_opening_amount::spread,phase3bs_adaptive_hybrid_rx_cem,phase3bs_adaptive_hybrid_rx_cem,m1_first30_vol|ret_1m|volume,"['m1_first30_vol', 'ret_1m', 'volume']",15,"CSRank(Sub(ZScore(Delta($F,N)),ZScore(Div($F,Add(Abs($F),N)))))",CSRank>Sub>ZScore>Delta>ZScore>Div>Add>Abs,Abs:1|Add:1|CSRank:1|Delta:1|Div:1|Sub:1|ZScore:2,CSRank,6,depth_le_6,8,opcount_le_9,3,fieldcount_le_4,1,wincount_le_1,15,maxwin_le_15,12,complexity_le_14,phase3bp:bebf3769fff560a1da9869a6,0.13040349,1,read_only_research_candidate,phase3bs_adaptive_hybrid_rx_cem: hybrid arm from phase3bp_true1min_rx_ucb_native: rx interaction ret_delta_15 x m1_first30_vol spread,
phase3bs_00042,6ef8094172d92202946e0d8b,"CSRank(Mul(ZScore(Sub(Div(Sub($close,$low),Add(Abs(Sub($high,$low)),0.000001)),Mean(Div(Sub($close,$low),Add(Abs(Sub($high,$low)),0.000001)),15))),ZScore(Div(Mean($amount,8),Add(Abs(Mean($amount,20)),0.000001)))))",rx_interaction::rx_range_location::rx_flow_amount_volume::product,phase3bs_adaptive_hybrid_rx_cem,phase3bs_adaptive_hybrid_rx_cem,amount|close|high|low,"['amount', 'close', 'high', 'low']",20,"CSRank(Mul(ZScore(Sub(Div(Sub($F,$F),Add(Abs(Sub($F,$F)),N)),Mean(Div(Sub($F,$F),Add(Abs(Sub($F,$F)),N)),N))),ZScore(Div(Mean($F,N),Add(Abs(Mean($F,N)),N)))))",CSRank>Mul>ZScore>Sub>Div>Sub>Add>Abs>Sub>Mean,Abs:3|Add:3|CSRank:1|Div:3|Mean:3|Mul:1|Sub:5|ZScore:2,CSRank,9,depth_gt_8,21,opcount_gt_12,4,fieldcount_le_4,3,wincount_le_4,20,maxwin_le_30,28,complexity_gt_18,phase3bp:6ef8094172d92202946e0d8b,0.13023844,1,read_only_research_candidate,phase3bs_adaptive_hybrid_rx_cem: hybrid arm from phase3bp_true1min_rx_ucb_native: rx interaction bar_loc_shift_15 x amount_curve_8_20 product,
phase3bs_00043,87a890811363b5689b2aecdd,"CSRank(Sub(ZScore(Delta($intraday_ret_from_open,10)),ZScore(Div($m1_first5_vol,Add(Abs($volume),0.000001)))))",rx_interaction::rx_intraday_return::rx_opening_amount::spread,phase3bs_adaptive_hybrid_rx_cem,phase3bs_adaptive_hybrid_rx_cem,intraday_ret_from_open|m1_first5_vol|volume,"['intraday_ret_from_open', 'm1_first5_vol', 'volume']",10,"CSRank(Sub(ZScore(Delta($F,N)),ZScore(Div($F,Add(Abs($F),N)))))",CSRank>Sub>ZScore>Delta>ZScore>Div>Add>Abs,Abs:1|Add:1|CSRank:1|Delta:1|Div:1|Sub:1|ZScore:2,CSRank,6,depth_le_6,8,opcount_le_9,3,fieldcount_le_4,1,wincount_le_1,10,maxwin_le_15,12,complexity_le_14,phase3bp:87a890811363b5689b2aecdd,0.13022063,1,read_only_research_candidate,phase3bs_adaptive_hybrid_rx_cem: hybrid arm from phase3bp_true1min_rx_ucb_native: rx interaction intraday_delta_10 x m1_first5_vol spread,
phase3bs_00044,48427b181c8c67c20617396f,"CSRank(Sub(ZScore(Delta($intraday_ret_from_open,3)),ZScore(Div($m1_first5_vol,Add(Abs($volume),0.000001)))))",rx_interaction::rx_intraday_return::rx_opening_amount::spread,phase3bs_adaptive_hybrid_rx_cem,phase3bs_adaptive_hybrid_rx_cem,intraday_ret_from_open|m1_first5_vol|volume,"['intraday_ret_from_open', 'm1_first5_vol', 'volume']",3,"CSRank(Sub(ZScore(Delta($F,N)),ZScore(Div($F,Add(Abs($F),N)))))",CSRank>Sub>ZScore>Delta>ZScore>Div>Add>Abs,Abs:1|Add:1|CSRank:1|Delta:1|Div:1|Sub:1|ZScore:2,CSRank,6,depth_le_6,8,opcount_le_9,3,fieldcount_le_4,1,wincount_le_1,3,maxwin_le_5,12,complexity_le_14,phase3bp:48427b181c8c67c20617396f,0.12895715,1,read_only_research_candidate,phase3bs_adaptive_hybrid_rx_cem: hybrid arm from phase3bp_true1min_rx_ucb_native: rx interaction intraday_delta_3 x m1_first5_vol spread,
phase3bs_00045,58fae4734fa7a3f5063bbb0a,"CSRank(Mul(ZScore(Delta($intraday_ret_from_open,3)),ZScore(Div($m1_first5_vol,Add(Abs($volume),0.000001)))))",rx_interaction::rx_intraday_return::rx_opening_amount::product,phase3bs_adaptive_hybrid_rx_cem,phase3bs_adaptive_hybrid_rx_cem,intraday_ret_from_open|m1_first5_vol|volume,"['intraday_ret_from_open', 'm1_first5_vol', 'volume']",3,"CSRank(Mul(ZScore(Delta($F,N)),ZScore(Div($F,Add(Abs($F),N)))))",CSRank>Mul>ZScore>Delta>ZScore>Div>Add>Abs,Abs:1|Add:1|CSRank:1|Delta:1|Div:1|Mul:1|ZScore:2,CSRank,6,depth_le_6,8,opcount_le_9,3,fieldcount_le_4,1,wincount_le_1,3,maxwin_le_5,12,complexity_le_14,phase3bp:58fae4734fa7a3f5063bbb0a,0.12848153,1,read_only_research_candidate,phase3bs_adaptive_hybrid_rx_cem: hybrid arm from phase3bp_true1min_rx_ucb_native: rx interaction intraday_delta_3 x m1_first5_vol product,
phase3bs_00046,534c0fdd91c16fa28b7b17e9,"CSRank(Mul(ZScore(Sub(Div(Sub($close,$low),Add(Abs(Sub($high,$low)),0.000001)),Mean(Div(Sub($close,$low),Add(Abs(Sub($high,$low)),0.000001)),30))),ZScore(Std($ret_1m,15))))",rx_interaction::rx_range_location::rx_volatility_state::product,phase3bs_adaptive_hybrid_rx_cem,phase3bs_adaptive_hybrid_rx_cem,close|high|low|ret_1m,"['close', 'high', 'low', 'ret_1m']",15,"CSRank(Mul(ZScore(Sub(Div(Sub($F,$F),Add(Abs(Sub($F,$F)),N)),Mean(Div(Sub($F,$F),Add(Abs(Sub($F,$F)),N)),N))),ZScore(Std($F,N))))",CSRank>Mul>ZScore>Sub>Div>Sub>Add>Abs>Sub>Mean,Abs:2|Add:2|CSRank:1|Div:2|Mean:1|Mul:1|Std:1|Sub:5|ZScore:2,CSRank,9,depth_gt_8,17,opcount_gt_12,4,fieldcount_le_4,2,wincount_le_2,30,maxwin_le_30,23,complexity_gt_18,phase3bp:534c0fdd91c16fa28b7b17e9,0.12742563,1,read_only_research_candidate,phase3bs_adaptive_hybrid_rx_cem: hybrid arm from phase3bp_true1min_rx_ucb_native: rx interaction bar_loc_shift_30 x ret_vol_15 product,
phase3bs_00047,024ca17d7b4daf523668a59d,"CSRank(Mul(ZScore(Sub(Div(Sub($close,$low),Add(Abs(Sub($high,$low)),0.000001)),Mean(Div(Sub($close,$low),Add(Abs(Sub($high,$low)),0.000001)),15))),ZScore(Std($ret_1m,30))))",rx_interaction::rx_range_location::rx_volatility_state::product,phase3bs_adaptive_hybrid_rx_cem,phase3bs_adaptive_hybrid_rx_cem,close|high|low|ret_1m,"['close', 'high', 'low', 'ret_1m']",30,"CSRank(Mul(ZScore(Sub(Div(Sub($F,$F),Add(Abs(Sub($F,$F)),N)),Mean(Div(Sub($F,$F),Add(Abs(Sub($F,$F)),N)),N))),ZScore(Std($F,N))))",CSRank>Mul>ZScore>Sub>Div>Sub>Add>Abs>Sub>Mean,Abs:2|Add:2|CSRank:1|Div:2|Mean:1|Mul:1|Std:1|Sub:5|ZScore:2,CSRank,9,depth_gt_8,17,opcount_gt_12,4,fieldcount_le_4,2,wincount_le_2,30,maxwin_le_30,23,complexity_gt_18,phase3bp:024ca17d7b4daf523668a59d,0.12742563,1,read_only_research_candidate,phase3bs_adaptive_hybrid_rx_cem: hybrid arm from phase3bp_true1min_rx_ucb_native: rx interaction bar_loc_shift_15 x ret_vol_30 product,
phase3bs_00048,59ce68757d7dbf4495ff7737,"CSRank(Mul(ZScore(Delta($intraday_ret_from_open,15)),ZScore(Std(Div(Sub($high,$low),Add(Abs($open),0.000001)),15))))",rx_interaction::rx_intraday_return::rx_range_location::product,phase3bs_adaptive_hybrid_rx_cem,phase3bs_adaptive_hybrid_rx_cem,high|intraday_ret_from_open|low|open,"['high', 'intraday_ret_from_open', 'low', 'open']",15,"CSRank(Mul(ZScore(Delta($F,N)),ZScore(Std(Div(Sub($F,$F),Add(Abs($F),N)),N))))",CSRank>Mul>ZScore>Delta>ZScore>Std>Div>Sub>Add>Abs,Abs:1|Add:1|CSRank:1|Delta:1|Div:1|Mul:1|Std:1|Sub:1|ZScore:2,CSRank,7,depth_le_8,10,opcount_le_12,4,fieldcount_le_4,1,wincount_le_1,15,maxwin_le_15,15,complexity_le_18,phase3bp:59ce68757d7dbf4495ff7737,0.12596639,1,read_only_research_candidate,phase3bs_adaptive_hybrid_rx_cem: hybrid arm from phase3bp_true1min_rx_ucb_native: rx interaction intraday_delta_15 x range_vol_15 product,
phase3bs_00049,26f4f5e07597288264c87e11,"CSRank(Sub(ZScore(Sub(Div(Sub($close,$low),Add(Abs(Sub($high,$low)),0.000001)),Mean(Div(Sub($close,$low),Add(Abs(Sub($high,$low)),0.000001)),30))),ZScore(Std($ret_1m,15))))",rx_interaction::rx_range_location::rx_volatility_state::spread,phase3bs_adaptive_hybrid_rx_cem,phase3bs_adaptive_hybrid_rx_cem,close|high|low|ret_1m,"['close', 'high', 'low', 'ret_1m']",15,"CSRank(Sub(ZScore(Sub(Div(Sub($F,$F),Add(Abs(Sub($F,$F)),N)),Mean(Div(Sub($F,$F),Add(Abs(Sub($F,$F)),N)),N))),ZScore(Std($F,N))))",CSRank>Sub>ZScore>Sub>Div>Sub>Add>Abs>Sub>Mean,Abs:2|Add:2|CSRank:1|Div:2|Mean:1|Std:1|Sub:6|ZScore:2,CSRank,9,depth_gt_8,17,opcount_gt_12,4,fieldcount_le_4,2,wincount_le_2,30,maxwin_le_30,23,complexity_gt_18,phase3bp:26f4f5e07597288264c87e11,0.12505706,1,read_only_research_candidate,phase3bs_adaptive_hybrid_rx_cem: hybrid arm from phase3bp_true1min_rx_ucb_native: rx interaction bar_loc_shift_30 x ret_vol_15 spread,
phase3bs_00050,3b3b67adb1f5352c85f481bf,"CSRank(Sub(ZScore(Sub(Div(Sub($close,$low),Add(Abs(Sub($high,$low)),0.000001)),Mean(Div(Sub($close,$low),Add(Abs(Sub($high,$low)),0.000001)),15))),ZScore(Std($ret_1m,30))))",rx_interaction::rx_range_location::rx_volatility_state::spread,phase3bs_adaptive_hybrid_rx_cem,phase3bs_adaptive_hybrid_rx_cem,close|high|low|ret_1m,"['close', 'high', 'low', 'ret_1m']",30,"CSRank(Sub(ZScore(Sub(Div(Sub($F,$F),Add(Abs(Sub($F,$F)),N)),Mean(Div(Sub($F,$F),Add(Abs(Sub($F,$F)),N)),N))),ZScore(Std($F,N))))",CSRank>Sub>ZScore>Sub>Div>Sub>Add>Abs>Sub>Mean,Abs:2|Add:2|CSRank:1|Div:2|Mean:1|Std:1|Sub:6|ZScore:2,CSRank,9,depth_gt_8,17,opcount_gt_12,4,fieldcount_le_4,2,wincount_le_2,30,maxwin_le_30,23,complexity_gt_18,phase3bp:3b3b67adb1f5352c85f481bf,0.12505706,1,read_only_research_candidate,phase3bs_adaptive_hybrid_rx_cem: hybrid arm from phase3bp_true1min_rx_ucb_native: rx interaction bar_loc_shift_15 x ret_vol_30 spread,
phase3bs_00051,a7a38907c2d1f2d37a39aef4,"CSRank(Mul(ZScore(Delta($intraday_ret_from_open,3)),ZScore(Div($m1_first15_vol,Add(Abs($volume),0.000001)))))",rx_interaction::rx_intraday_return::rx_opening_amount::product,phase3bs_adaptive_hybrid_rx_cem,phase3bs_adaptive_hybrid_rx_cem,intraday_ret_from_open|m1_first15_vol|volume,"['intraday_ret_from_open', 'm1_first15_vol', 'volume']",3,"CSRank(Mul(ZScore(Delta($F,N)),ZScore(Div($F,Add(Abs($F),N)))))",CSRank>Mul>ZScore>Delta>ZScore>Div>Add>Abs,Abs:1|Add:1|CSRank:1|Delta:1|Div:1|Mul:1|ZScore:2,CSRank,6,depth_le_6,8,opcount_le_9,3,fieldcount_le_4,1,wincount_le_1,3,maxwin_le_5,12,complexity_le_14,phase3bp:a7a38907c2d1f2d37a39aef4,0.12129532,1,read_only_research_candidate,phase3bs_adaptive_hybrid_rx_cem: hybrid arm from phase3bp_true1min_rx_ucb_native: rx interaction intraday_delta_3 x m1_first15_vol product,
phase3bs_00052,8aafb531dc5c93f4726121ad,"CSRank(Mul(ZScore(Delta($intraday_ret_from_open,2)),ZScore(Div($m1_first15_vol,Add(Abs($volume),0.000001)))))",rx_interaction::rx_intraday_return::rx_opening_amount::product,phase3bs_adaptive_hybrid_rx_cem,phase3bs_adaptive_hybrid_rx_cem,intraday_ret_from_open|m1_first15_vol|volume,"['intraday_ret_from_open', 'm1_first15_vol', 'volume']",2,"CSRank(Mul(ZScore(Delta($F,N)),ZScore(Div($F,Add(Abs($F),N)))))",CSRank>Mul>ZScore>Delta>ZScore>Div>Add>Abs,Abs:1|Add:1|CSRank:1|Delta:1|Div:1|Mul:1|ZScore:2,CSRank,6,depth_le_6,8,opcount_le_9,3,fieldcount_le_4,1,wincount_le_1,2,maxwin_le_5,12,complexity_le_14,phase3bp:8aafb531dc5c93f4726121ad,0.12126372,1,read_only_research_candidate,phase3bs_adaptive_hybrid_rx_cem: hybrid arm from phase3bp_true1min_rx_ucb_native: rx interaction intraday_delta_2 x m1_first15_vol product,
phase3bs_00053,0b8719abe038ed51f6bdfac0,"CSRank(Mul(ZScore(Delta($intraday_ret_from_open,5)),ZScore(Div($m1_first15_vol,Add(Abs($volume),0.000001)))))",rx_interaction::rx_intraday_return::rx_opening_amount::product,phase3bs_adaptive_hybrid_rx_cem,phase3bs_adaptive_hybrid_rx_cem,intraday_ret_from_open|m1_first15_vol|volume,"['intraday_ret_from_open', 'm1_first15_vol', 'volume']",5,"CSRank(Mul(ZScore(Delta($F,N)),ZScore(Div($F,Add(Abs($F),N)))))",CSRank>Mul>ZScore>Delta>ZScore>Div>Add>Abs,Abs:1|Add:1|CSRank:1|Delta:1|Div:1|Mul:1|ZScore:2,CSRank,6,depth_le_6,8,opcount_le_9,3,fieldcount_le_4,1,wincount_le_1,5,maxwin_le_5,12,complexity_le_14,phase3bp:0b8719abe038ed51f6bdfac0,0.121193,1,read_only_research_candidate,phase3bs_adaptive_hybrid_rx_cem: hybrid arm from phase3bp_true1min_rx_ucb_native: rx interaction intraday_delta_5 x m1_first15_vol product,
phase3bs_00054,d1a57568d3d67e0f31912f47,"CSRank(Mul(ZScore(Delta($intraday_ret_from_open,20)),ZScore(Div($m1_first15_vol,Add(Abs($volume),0.000001)))))",rx_interaction::rx_intraday_return::rx_opening_amount::product,phase3bs_adaptive_hybrid_rx_cem,phase3bs_adaptive_hybrid_rx_cem,intraday_ret_from_open|m1_first15_vol|volume,"['intraday_ret_from_open', 'm1_first15_vol', 'volume']",20,"CSRank(Mul(ZScore(Delta($F,N)),ZScore(Div($F,Add(Abs($F),N)))))",CSRank>Mul>ZScore>Delta>ZScore>Div>Add>Abs,Abs:1|Add:1|CSRank:1|Delta:1|Div:1|Mul:1|ZScore:2,CSRank,6,depth_le_6,8,opcount_le_9,3,fieldcount_le_4,1,wincount_le_1,20,maxwin_le_30,12,complexity_le_14,phase3bp:d1a57568d3d67e0f31912f47,0.12078982,1,read_only_research_candidate,phase3bs_adaptive_hybrid_rx_cem: hybrid arm from phase3bp_true1min_rx_ucb_native: rx interaction intraday_delta_20 x m1_first15_vol product,
phase3bs_00055,e990ba73503599218c539074,"CSRank(Sub(ZScore(Delta($intraday_ret_from_open,15)),ZScore(Std(Div(Sub($high,$low),Add(Abs($open),0.000001)),30))))",rx_interaction::rx_intraday_return::rx_range_location::spread,phase3bs_adaptive_hybrid_rx_cem,phase3bs_adaptive_hybrid_rx_cem,high|intraday_ret_from_open|low|open,"['high', 'intraday_ret_from_open', 'low', 'open']",15,"CSRank(Sub(ZScore(Delta($F,N)),ZScore(Std(Div(Sub($F,$F),Add(Abs($F),N)),N))))",CSRank>Sub>ZScore>Delta>ZScore>Std>Div>Sub>Add>Abs,Abs:1|Add:1|CSRank:1|Delta:1|Div:1|Std:1|Sub:2|ZScore:2,CSRank,7,depth_le_8,10,opcount_le_12,4,fieldcount_le_4,2,wincount_le_2,30,maxwin_le_30,16,complexity_le_18,phase3bp:e990ba73503599218c539074,0.12033984,1,read_only_research_candidate,phase3bs_adaptive_hybrid_rx_cem: hybrid arm from phase3bp_true1min_rx_ucb_native: rx interaction intraday_delta_15 x range_vol_30 spread,
phase3bs_00056,919cdf8e2521c5fb29f28cc5,"CSRank(Sub(ZScore(Delta($intraday_ret_from_open,30)),ZScore(Std(Div(Sub($high,$low),Add(Abs($open),0.000001)),15))))",rx_interaction::rx_intraday_return::rx_range_location::spread,phase3bs_adaptive_hybrid_rx_cem,phase3bs_adaptive_hybrid_rx_cem,high|intraday_ret_from_open|low|open,"['high', 'intraday_ret_from_open', 'low', 'open']",30,"CSRank(Sub(ZScore(Delta($F,N)),ZScore(Std(Div(Sub($F,$F),Add(Abs($F),N)),N))))",CSRank>Sub>ZScore>Delta>ZScore>Std>Div>Sub>Add>Abs,Abs:1|Add:1|CSRank:1|Delta:1|Div:1|Std:1|Sub:2|ZScore:2,CSRank,7,depth_le_8,10,opcount_le_12,4,fieldcount_le_4,2,wincount_le_2,30,maxwin_le_30,16,complexity_le_18,phase3bp:919cdf8e2521c5fb29f28cc5,0.12033984,1,read_only_research_candidate,phase3bs_adaptive_hybrid_rx_cem: hybrid arm from phase3bp_true1min_rx_ucb_native: rx interaction intraday_delta_30 x range_vol_15 spread,
phase3bs_00057,7ce07b329c0eb4595e3eefd4,"CSRank(Mul(ZScore($m1_first15_vwap_return_vs_open),ZScore(Std(Div(Sub($high,$low),Add(Abs($open),0.000001)),15))))",rx_interaction::rx_opening_divergence::rx_range_location::product,phase3bs_adaptive_hybrid_rx_cem,phase3bs_adaptive_hybrid_rx_cem,high|low|m1_first15_vwap_return_vs_open|open,"['high', 'low', 'm1_first15_vwap_return_vs_open', 'open']",0,"CSRank(Mul(ZScore($F),ZScore(Std(Div(Sub($F,$F),Add(Abs($F),N)),N))))",CSRank>Mul>ZScore>ZScore>Std>Div>Sub>Add>Abs,Abs:1|Add:1|CSRank:1|Div:1|Mul:1|Std:1|Sub:1|ZScore:2,CSRank,7,depth_le_8,9,opcount_le_9,4,fieldcount_le_4,1,wincount_le_1,15,maxwin_le_15,14,complexity_le_14,phase3bp:7ce07b329c0eb4595e3eefd4,0.11942161,1,read_only_research_candidate,phase3bs_adaptive_hybrid_rx_cem: hybrid arm from phase3bp_true1min_rx_ucb_native: rx interaction m1_first15_vwap_open x range_vol_15 product,
phase3bs_00058,589a825777a039ff2bc7388b,"Neg(CSRank(ZScore(Std(Div(Sub($high,$low),Add(Abs($open),0.000001)),15))))",rx_range_location::inverted,phase3bs_adaptive_hybrid_rx_cem,phase3bs_adaptive_hybrid_rx_cem,high|low|open,"['high', 'low', 'open']",0,"Neg(CSRank(ZScore(Std(Div(Sub($F,$F),Add(Abs($F),N)),N))))",Neg>CSRank>ZScore>Std>Div>Sub>Add>Abs,Abs:1|Add:1|CSRank:1|Div:1|Neg:1|Std:1|Sub:1|ZScore:1,Neg,7,depth_le_8,8,opcount_le_9,3,fieldcount_le_4,1,wincount_le_1,15,maxwin_le_15,12,complexity_le_14,phase3bp:589a825777a039ff2bc7388b,0.11918259,1,read_only_research_candidate,phase3bs_adaptive_hybrid_rx_cem: hybrid arm from phase3bp_true1min_rx_ucb_native: rx atom transform range_vol_15,
phase3bs_00059,d7e62d47a65b3ed50c6dd6a1,"CSRank(Mul(ZScore(Div($m1_first15_amount,Add(Abs($amount),0.000001))),ZScore(Delta($amount,15))))",rx_interaction::rx_opening_amount::rx_flow_amount_volume::product,phase3bs_adaptive_hybrid_rx_cem,phase3bs_adaptive_hybrid_rx_cem,amount|m1_first15_amount,"['amount', 'm1_first15_amount']",15,"CSRank(Mul(ZScore(Div($F,Add(Abs($F),N))),ZScore(Delta($F,N))))",CSRank>Mul>ZScore>Div>Add>Abs>ZScore>Delta,Abs:1|Add:1|CSRank:1|Delta:1|Div:1|Mul:1|ZScore:2,CSRank,6,depth_le_6,8,opcount_le_9,2,fieldcount_le_2,1,wincount_le_1,15,maxwin_le_15,11,complexity_le_14,phase3bp:d7e62d47a65b3ed50c6dd6a1,0.11829726,1,read_only_research_candidate,phase3bs_adaptive_hybrid_rx_cem: hybrid arm from phase3bp_true1min_rx_ucb_native: rx interaction m1_first15_amount x amount_delta_15 product,
phase3bs_00060,af511807ec6fbf26838a2aab,"CSRank(Sub(ZScore(Delta($intraday_ret_from_open,8)),ZScore(Std(Div(Sub($high,$low),Add(Abs($open),0.000001)),15))))",rx_interaction::rx_intraday_return::rx_range_location::spread,phase3bs_adaptive_hybrid_rx_cem,phase3bs_adaptive_hybrid_rx_cem,high|intraday_ret_from_open|low|open,"['high', 'intraday_ret_from_open', 'low', 'open']",8,"CSRank(Sub(ZScore(Delta($F,N)),ZScore(Std(Div(Sub($F,$F),Add(Abs($F),N)),N))))",CSRank>Sub>ZScore>Delta>ZScore>Std>Div>Sub>Add>Abs,Abs:1|Add:1|CSRank:1|Delta:1|Div:1|Std:1|Sub:2|ZScore:2,CSRank,7,depth_le_8,10,opcount_le_12,4,fieldcount_le_4,2,wincount_le_2,15,maxwin_le_15,16,complexity_le_18,phase3bp:af511807ec6fbf26838a2aab,0.11722006,1,read_only_research_candidate,phase3bs_adaptive_hybrid_rx_cem: hybrid arm from phase3bp_true1min_rx_ucb_native: rx interaction intraday_delta_8 x range_vol_15 spread,
phase3bs_00061,b4e53ab4b9d270dc9f7783f5,"CSRank(Mul(ZScore($m1_first5_vwap_return_vs_open),ZScore(Std(Div(Sub($high,$low),Add(Abs($open),0.000001)),15))))",rx_interaction::rx_opening_divergence::rx_range_location::product,phase3bs_adaptive_hybrid_rx_cem,phase3bs_adaptive_hybrid_rx_cem,high|low|m1_first5_vwap_return_vs_open|open,"['high', 'low', 'm1_first5_vwap_return_vs_open', 'open']",0,"CSRank(Mul(ZScore($F),ZScore(Std(Div(Sub($F,$F),Add(Abs($F),N)),N))))",CSRank>Mul>ZScore>ZScore>Std>Div>Sub>Add>Abs,Abs:1|Add:1|CSRank:1|Div:1|Mul:1|Std:1|Sub:1|ZScore:2,CSRank,7,depth_le_8,9,opcount_le_9,4,fieldcount_le_4,1,wincount_le_1,15,maxwin_le_15,14,complexity_le_14,phase3bp:b4e53ab4b9d270dc9f7783f5,0.11673282,1,read_only_research_candidate,phase3bs_adaptive_hybrid_rx_cem: hybrid arm from phase3bp_true1min_rx_ucb_native: rx interaction m1_first5_vwap_open x range_vol_15 product,
phase3bs_00062,60ff212a31dc535e110aa973,"CSRank(Mul(ZScore(Delta($ret_1m,15)),ZScore(Div($m1_first5_vol,Add(Abs($volume),0.000001)))))",rx_interaction::rx_intraday_return::rx_opening_amount::product,phase3bs_adaptive_hybrid_rx_cem,phase3bs_adaptive_hybrid_rx_cem,m1_first5_vol|ret_1m|volume,"['m1_first5_vol', 'ret_1m', 'volume']",15,"CSRank(Mul(ZScore(Delta($F,N)),ZScore(Div($F,Add(Abs($F),N)))))",CSRank>Mul>ZScore>Delta>ZScore>Div>Add>Abs,Abs:1|Add:1|CSRank:1|Delta:1|Div:1|Mul:1|ZScore:2,CSRank,6,depth_le_6,8,opcount_le_9,3,fieldcount_le_4,1,wincount_le_1,15,maxwin_le_15,12,complexity_le_14,phase3bp:60ff212a31dc535e110aa973,0.11643867,1,read_only_research_candidate,phase3bs_adaptive_hybrid_rx_cem: hybrid arm from phase3bp_true1min_rx_ucb_native: rx interaction ret_delta_15 x m1_first5_vol product,
phase3bs_00063,4ac61c2b7488d43ee95baa88,"CSRank(Sub(ZScore(Div($m1_first30_range,Add(Abs($open),0.000001))),ZScore(Std($ret_1m,15))))",rx_interaction::rx_opening_range::rx_volatility_state::spread,phase3bs_adaptive_hybrid_rx_cem,phase3bs_adaptive_hybrid_rx_cem,m1_first30_range|open|ret_1m,"['m1_first30_range', 'open', 'ret_1m']",15,"CSRank(Sub(ZScore(Div($F,Add(Abs($F),N))),ZScore(Std($F,N))))",CSRank>Sub>ZScore>Div>Add>Abs>ZScore>Std,Abs:1|Add:1|CSRank:1|Div:1|Std:1|Sub:1|ZScore:2,CSRank,6,depth_le_6,8,opcount_le_9,3,fieldcount_le_4,1,wincount_le_1,15,maxwin_le_15,12,complexity_le_14,phase3bp:4ac61c2b7488d43ee95baa88,0.11606456,1,read_only_research_candidate,phase3bs_adaptive_hybrid_rx_cem: hybrid arm from phase3bp_true1min_rx_ucb_native: rx interaction m1_first30_range x ret_vol_15 spread,
phase3bs_00064,502a106545534000a52560f4,"CSRank(Mul(ZScore(Div($m1_first30_range,Add(Abs($open),0.000001))),ZScore(Std(Div(Sub($high,$low),Add(Abs($open),0.000001)),15))))",rx_interaction::rx_opening_range::rx_range_location::product,phase3bs_adaptive_hybrid_rx_cem,phase3bs_adaptive_hybrid_rx_cem,high|low|m1_first30_range|open,"['high', 'low', 'm1_first30_range', 'open']",0,"CSRank(Mul(ZScore(Div($F,Add(Abs($F),N))),ZScore(Std(Div(Sub($F,$F),Add(Abs($F),N)),N))))",CSRank>Mul>ZScore>Div>Add>Abs>ZScore>Std>Div>Sub,Abs:2|Add:2|CSRank:1|Div:2|Mul:1|Std:1|Sub:1|ZScore:2,CSRank,7,depth_le_8,12,opcount_le_12,4,fieldcount_le_4,1,wincount_le_1,15,maxwin_le_15,17,complexity_le_18,phase3bp:502a106545534000a52560f4,0.11544707,1,read_only_research_candidate,phase3bs_adaptive_hybrid_rx_cem: hybrid arm from phase3bp_true1min_rx_ucb_native: rx interaction m1_first30_range x range_vol_15 product,
phase3bs_00065,c243ddbf8c9f321ba33320ee,"CSRank(Sub(ZScore(Div($m1_first30_range,Add(Abs($open),0.000001))),ZScore(Delta($volume,15))))",rx_interaction::rx_opening_range::rx_flow_amount_volume::spread,phase3bs_adaptive_hybrid_rx_cem,phase3bs_adaptive_hybrid_rx_cem,m1_first30_range|open|volume,"['m1_first30_range', 'open', 'volume']",15,"CSRank(Sub(ZScore(Div($F,Add(Abs($F),N))),ZScore(Delta($F,N))))",CSRank>Sub>ZScore>Div>Add>Abs>ZScore>Delta,Abs:1|Add:1|CSRank:1|Delta:1|Div:1|Sub:1|ZScore:2,CSRank,6,depth_le_6,8,opcount_le_9,3,fieldcount_le_4,1,wincount_le_1,15,maxwin_le_15,12,complexity_le_14,phase3bp:c243ddbf8c9f321ba33320ee,0.11531014,1,read_only_research_candidate,phase3bs_adaptive_hybrid_rx_cem: hybrid arm from phase3bp_true1min_rx_ucb_native: rx interaction m1_first30_range x volume_delta_15 spread,
phase3bs_00066,0a23dd48d57f341b033b2bf8,"CSRank(Mul(ZScore(Delta($ret_1m,15)),ZScore(Div($m1_first15_vol,Add(Abs($volume),0.000001)))))",rx_interaction::rx_intraday_return::rx_opening_amount::product,phase3bs_adaptive_hybrid_rx_cem,phase3bs_adaptive_hybrid_rx_cem,m1_first15_vol|ret_1m|volume,"['m1_first15_vol', 'ret_1m', 'volume']",15,"CSRank(Mul(ZScore(Delta($F,N)),ZScore(Div($F,Add(Abs($F),N)))))",CSRank>Mul>ZScore>Delta>ZScore>Div>Add>Abs,Abs:1|Add:1|CSRank:1|Delta:1|Div:1|Mul:1|ZScore:2,CSRank,6,depth_le_6,8,opcount_le_9,3,fieldcount_le_4,1,wincount_le_1,15,maxwin_le_15,12,complexity_le_14,phase3bp:0a23dd48d57f341b033b2bf8,0.11465801,1,read_only_research_candidate,phase3bs_adaptive_hybrid_rx_cem: hybrid arm from phase3bp_true1min_rx_ucb_native: rx interaction ret_delta_15 x m1_first15_vol product,
phase3bs_00067,39247623489eb98470752020,"CSRank(Mul(ZScore(Div($m1_first30_amount,Add(Abs($amount),0.000001))),ZScore(Delta($amount,15))))",rx_interaction::rx_opening_amount::rx_flow_amount_volume::product,phase3bs_adaptive_hybrid_rx_cem,phase3bs_adaptive_hybrid_rx_cem,amount|m1_first30_amount,"['amount', 'm1_first30_amount']",15,"CSRank(Mul(ZScore(Div($F,Add(Abs($F),N))),ZScore(Delta($F,N))))",CSRank>Mul>ZScore>Div>Add>Abs>ZScore>Delta,Abs:1|Add:1|CSRank:1|Delta:1|Div:1|Mul:1|ZScore:2,CSRank,6,depth_le_6,8,opcount_le_9,2,fieldcount_le_2,1,wincount_le_1,15,maxwin_le_15,11,complexity_le_14,phase3bp:39247623489eb98470752020,0.11255365,1,read_only_research_candidate,phase3bs_adaptive_hybrid_rx_cem: hybrid arm from phase3bp_true1min_rx_ucb_native: rx interaction m1_first30_amount x amount_delta_15 product,
phase3bs_00068,ea6d8f312eb85d144bfb2c7d,"CSRank(Mul(ZScore($m1_first30_vwap_return_vs_open),ZScore(Std(Div(Sub($high,$low),Add(Abs($open),0.000001)),15))))",rx_interaction::rx_opening_divergence::rx_range_location::product,phase3bs_adaptive_hybrid_rx_cem,phase3bs_adaptive_hybrid_rx_cem,high|low|m1_first30_vwap_return_vs_open|open,"['high', 'low', 'm1_first30_vwap_return_vs_open', 'open']",0,"CSRank(Mul(ZScore($F),ZScore(Std(Div(Sub($F,$F),Add(Abs($F),N)),N))))",CSRank>Mul>ZScore>ZScore>Std>Div>Sub>Add>Abs,Abs:1|Add:1|CSRank:1|Div:1|Mul:1|Std:1|Sub:1|ZScore:2,CSRank,7,depth_le_8,9,opcount_le_9,4,fieldcount_le_4,1,wincount_le_1,15,maxwin_le_15,14,complexity_le_14,phase3bp:ea6d8f312eb85d144bfb2c7d,0.1122163,1,read_only_research_candidate,phase3bs_adaptive_hybrid_rx_cem: hybrid arm from phase3bp_true1min_rx_ucb_native: rx interaction m1_first30_vwap_open x range_vol_15 product,
phase3bs_00069,4ea89806230a561cf545dd41,"CSRank(Mul(ZScore(Div($m1_first30_amount,Add(Abs($amount),0.000001))),ZScore(Delta($volume,15))))",rx_interaction::rx_opening_amount::rx_flow_amount_volume::product,phase3bs_adaptive_hybrid_rx_cem,phase3bs_adaptive_hybrid_rx_cem,amount|m1_first30_amount|volume,"['amount', 'm1_first30_amount', 'volume']",15,"CSRank(Mul(ZScore(Div($F,Add(Abs($F),N))),ZScore(Delta($F,N))))",CSRank>Mul>ZScore>Div>Add>Abs>ZScore>Delta,Abs:1|Add:1|CSRank:1|Delta:1|Div:1|Mul:1|ZScore:2,CSRank,6,depth_le_6,8,opcount_le_9,3,fieldcount_le_4,1,wincount_le_1,15,maxwin_le_15,12,complexity_le_14,phase3bp:4ea89806230a561cf545dd41,0.11138742,1,read_only_research_candidate,phase3bs_adaptive_hybrid_rx_cem: hybrid arm from phase3bp_true1min_rx_ucb_native: rx interaction m1_first30_amount x volume_delta_15 product,
phase3bs_00070,c71ef6ef20e6d9a55a379fbc,"CSRank(Sub(ZScore(Div($m1_first30_range,Add(Abs($open),0.000001))),ZScore(Delta($amount,15))))",rx_interaction::rx_opening_range::rx_flow_amount_volume::spread,phase3bs_adaptive_hybrid_rx_cem,phase3bs_adaptive_hybrid_rx_cem,amount|m1_first30_range|open,"['amount', 'm1_first30_range', 'open']",15,"CSRank(Sub(ZScore(Div($F,Add(Abs($F),N))),ZScore(Delta($F,N))))",CSRank>Sub>ZScore>Div>Add>Abs>ZScore>Delta,Abs:1|Add:1|CSRank:1|Delta:1|Div:1|Sub:1|ZScore:2,CSRank,6,depth_le_6,8,opcount_le_9,3,fieldcount_le_4,1,wincount_le_1,15,maxwin_le_15,12,complexity_le_14,phase3bp:c71ef6ef20e6d9a55a379fbc,0.11108256,1,read_only_research_candidate,phase3bs_adaptive_hybrid_rx_cem: hybrid arm from phase3bp_true1min_rx_ucb_native: rx interaction m1_first30_range x amount_delta_15 spread,
phase3bs_00071,547fc9fdc2abdd0a85e981a9,"CSRank(Sub(ZScore($m1_first30_vwap_return_vs_open),ZScore(Std(Div(Sub($high,$low),Add(Abs($open),0.000001)),15))))",rx_interaction::rx_opening_divergence::rx_range_location::spread,phase3bs_adaptive_hybrid_rx_cem,phase3bs_adaptive_hybrid_rx_cem,high|low|m1_first30_vwap_return_vs_open|open,"['high', 'low', 'm1_first30_vwap_return_vs_open', 'open']",0,"CSRank(Sub(ZScore($F),ZScore(Std(Div(Sub($F,$F),Add(Abs($F),N)),N))))",CSRank>Sub>ZScore>ZScore>Std>Div>Sub>Add>Abs,Abs:1|Add:1|CSRank:1|Div:1|Std:1|Sub:2|ZScore:2,CSRank,7,depth_le_8,9,opcount_le_9,4,fieldcount_le_4,1,wincount_le_1,15,maxwin_le_15,14,complexity_le_14,phase3bp:547fc9fdc2abdd0a85e981a9,0.11099384,1,read_only_research_candidate,phase3bs_adaptive_hybrid_rx_cem: hybrid arm from phase3bp_true1min_rx_ucb_native: rx interaction m1_first30_vwap_open x range_vol_15 spread,
phase3bs_00072,0fcaa67f2b4e26bb6d847276,"CSRank(Mul(ZScore(Div($m1_first5_amount,Add(Abs($amount),0.000001))),ZScore(Delta($amount,15))))",rx_interaction::rx_opening_amount::rx_flow_amount_volume::product,phase3bs_adaptive_hybrid_rx_cem,phase3bs_adaptive_hybrid_rx_cem,amount|m1_first5_amount,"['amount', 'm1_first5_amount']",15,"CSRank(Mul(ZScore(Div($F,Add(Abs($F),N))),ZScore(Delta($F,N))))",CSRank>Mul>ZScore>Div>Add>Abs>ZScore>Delta,Abs:1|Add:1|CSRank:1|Delta:1|Div:1|Mul:1|ZScore:2,CSRank,6,depth_le_6,8,opcount_le_9,2,fieldcount_le_2,1,wincount_le_1,15,maxwin_le_15,11,complexity_le_14,phase3bp:0fcaa67f2b4e26bb6d847276,0.11063919,1,read_only_research_candidate,phase3bs_adaptive_hybrid_rx_cem: hybrid arm from phase3bp_true1min_rx_ucb_native: rx interaction m1_first5_amount x amount_delta_15 product,
phase3bs_00073,b2e2974fff2f2fb1e85d3264,"CSRank(Mul(ZScore(Delta(Delta($intraday_ret_from_open,15),2)),ZScore(Std($ret_1m,10))))",cem_resample::rx_intraday_return::rx_volatility_state::elite_delta_product,phase3bs_adaptive_hybrid_rx_cem,phase3bs_adaptive_hybrid_rx_cem,intraday_ret_from_open|ret_1m,"['intraday_ret_from_open', 'ret_1m']",15,"CSRank(Mul(ZScore(Delta(Delta($F,N),N)),ZScore(Std($F,N))))",CSRank>Mul>ZScore>Delta>Delta>ZScore>Std,CSRank:1|Delta:2|Mul:1|Std:1|ZScore:2,CSRank,5,depth_le_6,7,opcount_le_9,2,fieldcount_le_2,3,wincount_le_4,15,maxwin_le_15,12,complexity_le_14,phase3bp:b2e2974fff2f2fb1e85d3264,0.20987363,1,read_only_research_candidate,phase3bs_adaptive_hybrid_rx_cem: hybrid arm from phase3bp_true1min_cem_elite: cem round 2 elite resample intraday_delta_15 x ret_vol_10,0.21828863
phase3bs_00074,b1dd7d09594b12e82b16cebf,"CSRank(Mul(ZScore(Delta(Delta($intraday_ret_from_open,3),2)),ZScore(Std($ret_1m,15))))",cem_resample::rx_intraday_return::rx_volatility_state::elite_delta_product,phase3bs_adaptive_hybrid_rx_cem,phase3bs_adaptive_hybrid_rx_cem,intraday_ret_from_open|ret_1m,"['intraday_ret_from_open', 'ret_1m']",15,"CSRank(Mul(ZScore(Delta(Delta($F,N),N)),ZScore(Std($F,N))))",CSRank>Mul>ZScore>Delta>Delta>ZScore>Std,CSRank:1|Delta:2|Mul:1|Std:1|ZScore:2,CSRank,5,depth_le_6,7,opcount_le_9,2,fieldcount_le_2,3,wincount_le_4,15,maxwin_le_15,12,complexity_le_14,phase3bp:b1dd7d09594b12e82b16cebf,0.20968731,1,read_only_research_candidate,phase3bs_adaptive_hybrid_rx_cem: hybrid arm from phase3bp_true1min_cem_elite: cem round 2 elite resample intraday_delta_3 x ret_vol_15,0.21826031
phase3bs_00075,bd12efd935e95f71a5f9dd0d,"CSRank(Mul(ZScore(Delta(Delta($intraday_ret_from_open,15),2)),ZScore(Std($ret_1m,8))))",cem_resample::rx_intraday_return::rx_volatility_state::elite_delta_product,phase3bs_adaptive_hybrid_rx_cem,phase3bs_adaptive_hybrid_rx_cem,intraday_ret_from_open|ret_1m,"['intraday_ret_from_open', 'ret_1m']",15,"CSRank(Mul(ZScore(Delta(Delta($F,N),N)),ZScore(Std($F,N))))",CSRank>Mul>ZScore>Delta>Delta>ZScore>Std,CSRank:1|Delta:2|Mul:1|Std:1|ZScore:2,CSRank,5,depth_le_6,7,opcount_le_9,2,fieldcount_le_2,3,wincount_le_4,15,maxwin_le_15,12,complexity_le_14,phase3bp:bd12efd935e95f71a5f9dd0d,0.21002019,1,read_only_research_candidate,phase3bs_adaptive_hybrid_rx_cem: hybrid arm from phase3bp_true1min_cem_elite: cem round 2 elite resample intraday_delta_15 x ret_vol_8,0.21817119
phase3bs_00076,ab3bbcc3a37bf40ccede81b2,"CSRank(Mul(ZScore(Delta(Delta($intraday_ret_from_open,15),2)),ZScore(Std($ret_1m,15))))",cem_resample::rx_intraday_return::rx_volatility_state::elite_delta_product,phase3bs_adaptive_hybrid_rx_cem,phase3bs_adaptive_hybrid_rx_cem,intraday_ret_from_open|ret_1m,"['intraday_ret_from_open', 'ret_1m']",15,"CSRank(Mul(ZScore(Delta(Delta($F,N),N)),ZScore(Std($F,N))))",CSRank>Mul>ZScore>Delta>Delta>ZScore>Std,CSRank:1|Delta:2|Mul:1|Std:1|ZScore:2,CSRank,5,depth_le_6,7,opcount_le_9,2,fieldcount_le_2,2,wincount_le_2,15,maxwin_le_15,11,complexity_le_14,phase3bp:ab3bbcc3a37bf40ccede81b2,0.2090585,1,read_only_research_candidate,phase3bs_adaptive_hybrid_rx_cem: hybrid arm from phase3bp_true1min_cem_elite: cem round 2 elite resample intraday_delta_15 x ret_vol_15,0.2180065
phase3bs_00077,7a5cf06b2e65dc36493dd2cd,"CSRank(Mul(ZScore(Delta(Delta($intraday_ret_from_open,15),2)),ZScore(Std($ret_1m,5))))",cem_resample::rx_intraday_return::rx_volatility_state::elite_delta_product,phase3bs_adaptive_hybrid_rx_cem,phase3bs_adaptive_hybrid_rx_cem,intraday_ret_from_open|ret_1m,"['intraday_ret_from_open', 'ret_1m']",15,"CSRank(Mul(ZScore(Delta(Delta($F,N),N)),ZScore(Std($F,N))))",CSRank>Mul>ZScore>Delta>Delta>ZScore>Std,CSRank:1|Delta:2|Mul:1|Std:1|ZScore:2,CSRank,5,depth_le_6,7,opcount_le_9,2,fieldcount_le_2,3,wincount_le_4,15,maxwin_le_15,12,complexity_le_14,phase3bp:7a5cf06b2e65dc36493dd2cd,0.2096532,1,read_only_research_candidate,phase3bs_adaptive_hybrid_rx_cem: hybrid arm from phase3bp_true1min_cem_elite: cem round 1 elite resample intraday_delta_15 x ret_vol_5,0.2178372
phase3bs_00078,fc12984afe627558122b4dfe,"Neg(CSRank(ZScore(Sub(Div(Sub($close,$low),Add(Abs(Sub($high,$low)),0.000001)),Mean(Div(Sub($close,$low),Add(Abs(Sub($high,$low)),0.000001)),2)))))",cem_atom::rx_range_location::inverted,phase3bs_adaptive_hybrid_rx_cem,phase3bs_adaptive_hybrid_rx_cem,close|high|low,"['close', 'high', 'low']",0,"Neg(CSRank(ZScore(Sub(Div(Sub($F,$F),Add(Abs(Sub($F,$F)),N)),Mean(Div(Sub($F,$F),Add(Abs(Sub($F,$F)),N)),N)))))",Neg>CSRank>ZScore>Sub>Div>Sub>Add>Abs>Sub>Mean,Abs:2|Add:2|CSRank:1|Div:2|Mean:1|Neg:1|Sub:5|ZScore:1,Neg,9,depth_gt_8,15,opcount_gt_12,3,fieldcount_le_4,1,wincount_le_1,2,maxwin_le_5,19,complexity_gt_18,phase3bp:fc12984afe627558122b4dfe,0.1843711,1,read_only_research_candidate,phase3bs_adaptive_hybrid_rx_cem: hybrid arm from phase3bp_true1min_cem_elite: cem seed atom bar_loc_shift_2,0.1792031
phase3bs_00079,39e21bb5ab0e5a4d6135323b,"Neg(CSRank(ZScore(Sub(Div(Sub($close,$low),Add(Abs(Sub($high,$low)),0.000001)),Mean(Div(Sub($close,$low),Add(Abs(Sub($high,$low)),0.000001)),3)))))",cem_atom::rx_range_location::inverted,phase3bs_adaptive_hybrid_rx_cem,phase3bs_adaptive_hybrid_rx_cem,close|high|low,"['close', 'high', 'low']",0,"Neg(CSRank(ZScore(Sub(Div(Sub($F,$F),Add(Abs(Sub($F,$F)),N)),Mean(Div(Sub($F,$F),Add(Abs(Sub($F,$F)),N)),N)))))",Neg>CSRank>ZScore>Sub>Div>Sub>Add>Abs>Sub>Mean,Abs:2|Add:2|CSRank:1|Div:2|Mean:1|Neg:1|Sub:5|ZScore:1,Neg,9,depth_gt_8,15,opcount_gt_12,3,fieldcount_le_4,1,wincount_le_1,3,maxwin_le_5,19,complexity_gt_18,phase3bp:39e21bb5ab0e5a4d6135323b,0.1844027,1,read_only_research_candidate,phase3bs_adaptive_hybrid_rx_cem: hybrid arm from phase3bp_true1min_cem_elite: cem seed atom bar_loc_shift_3,0.1788377
phase3bs_00080,869dc7b7f98bac6655c87ab5,"Neg(CSRank(ZScore(Sub(Div(Sub($close,$low),Add(Abs(Sub($high,$low)),0.000001)),Mean(Div(Sub($close,$low),Add(Abs(Sub($high,$low)),0.000001)),5)))))",cem_atom::rx_range_location::inverted,phase3bs_adaptive_hybrid_rx_cem,phase3bs_adaptive_hybrid_rx_cem,close|high|low,"['close', 'high', 'low']",0,"Neg(CSRank(ZScore(Sub(Div(Sub($F,$F),Add(Abs(Sub($F,$F)),N)),Mean(Div(Sub($F,$F),Add(Abs(Sub($F,$F)),N)),N)))))",Neg>CSRank>ZScore>Sub>Div>Sub>Add>Abs>Sub>Mean,Abs:2|Add:2|CSRank:1|Div:2|Mean:1|Neg:1|Sub:5|ZScore:1,Neg,9,depth_gt_8,15,opcount_gt_12,3,fieldcount_le_4,1,wincount_le_1,5,maxwin_le_5,19,complexity_gt_18,phase3bp:869dc7b7f98bac6655c87ab5,0.18430038,1,read_only_research_candidate,phase3bs_adaptive_hybrid_rx_cem: hybrid arm from phase3bp_true1min_cem_elite: cem seed atom bar_loc_shift_5,0.17851538
phase3bs_00081,b5aaf7424bc0e2d98d355648,"CSRank(Mul(ZScore(Delta($intraday_ret_from_open,15)),ZScore(Delta($volume,15))))",cem_interaction::rx_intraday_return::rx_flow_amount_volume::product,phase3bs_adaptive_hybrid_rx_cem,phase3bs_adaptive_hybrid_rx_cem,intraday_ret_from_open|volume,"['intraday_ret_from_open', 'volume']",15,"CSRank(Mul(ZScore(Delta($F,N)),ZScore(Delta($F,N))))",CSRank>Mul>ZScore>Delta>ZScore>Delta,CSRank:1|Delta:2|Mul:1|ZScore:2,CSRank,4,depth_le_4,6,opcount_le_6,2,fieldcount_le_2,1,wincount_le_1,15,maxwin_le_15,9,complexity_le_10,phase3bp:b5aaf7424bc0e2d98d355648,0.16390557,1,read_only_research_candidate,phase3bs_adaptive_hybrid_rx_cem: hybrid arm from phase3bp_true1min_cem_elite: cem seed interaction intraday_delta_15 x volume_delta_15 product,0.17268857
phase3bs_00082,fc98bdfe365099a7b4edf0a3,"CSRank(Mul(Sign(ZScore(Delta($intraday_ret_from_open,30))),ZScore(Delta($volume,15))))",cem_interaction::rx_intraday_return::rx_flow_amount_volume::signed_state,phase3bs_adaptive_hybrid_rx_cem,phase3bs_adaptive_hybrid_rx_cem,intraday_ret_from_open|volume,"['intraday_ret_from_open', 'volume']",30,"CSRank(Mul(Sign(ZScore(Delta($F,N))),ZScore(Delta($F,N))))",CSRank>Mul>Sign>ZScore>Delta>ZScore>Delta,CSRank:1|Delta:2|Mul:1|Sign:1|ZScore:2,CSRank,5,depth_le_6,7,opcount_le_9,2,fieldcount_le_2,2,wincount_le_2,30,maxwin_le_30,11,complexity_le_14,phase3bp:fc98bdfe365099a7b4edf0a3,0.16442456,1,read_only_research_candidate,phase3bs_adaptive_hybrid_rx_cem: hybrid arm from phase3bp_true1min_cem_elite: cem seed interaction intraday_delta_30 x volume_delta_15 signed_state,0.17259756
phase3bs_00083,c756707a6228691273fa2674,"CSRank(Mul(ZScore(Delta(Delta($intraday_ret_from_open,8),2)),ZScore(Delta($volume,15))))",cem_resample::rx_intraday_return::rx_flow_amount_volume::elite_delta_product,phase3bs_adaptive_hybrid_rx_cem,phase3bs_adaptive_hybrid_rx_cem,intraday_ret_from_open|volume,"['intraday_ret_from_open', 'volume']",15,"CSRank(Mul(ZScore(Delta(Delta($F,N),N)),ZScore(Delta($F,N))))",CSRank>Mul>ZScore>Delta>Delta>ZScore>Delta,CSRank:1|Delta:3|Mul:1|ZScore:2,CSRank,5,depth_le_6,7,opcount_le_9,2,fieldcount_le_2,3,wincount_le_4,15,maxwin_le_15,12,complexity_le_14,phase3bp:c756707a6228691273fa2674,0.16336588,1,read_only_research_candidate,phase3bs_adaptive_hybrid_rx_cem: hybrid arm from phase3bp_true1min_cem_elite: cem round 3 elite resample intraday_delta_8 x volume_delta_15,0.17215788
phase3bs_00084,3338c49aa9c7200538ceb78a,"CSRank(Mul(ZScore(Delta(Delta($intraday_ret_from_open,5),2)),ZScore(Delta($volume,15))))",cem_resample::rx_intraday_return::rx_flow_amount_volume::elite_delta_product,phase3bs_adaptive_hybrid_rx_cem,phase3bs_adaptive_hybrid_rx_cem,intraday_ret_from_open|volume,"['intraday_ret_from_open', 'volume']",15,"CSRank(Mul(ZScore(Delta(Delta($F,N),N)),ZScore(Delta($F,N))))",CSRank>Mul>ZScore>Delta>Delta>ZScore>Delta,CSRank:1|Delta:3|Mul:1|ZScore:2,CSRank,5,depth_le_6,7,opcount_le_9,2,fieldcount_le_2,3,wincount_le_4,15,maxwin_le_15,12,complexity_le_14,phase3bp:3338c49aa9c7200538ceb78a,0.1629989,1,read_only_research_candidate,phase3bs_adaptive_hybrid_rx_cem: hybrid arm from phase3bp_true1min_cem_elite: cem round 2 elite resample intraday_delta_5 x volume_delta_15,0.1718669
phase3bs_00085,44882ff71a05f0e0635aba65,"CSRank(Mul(ZScore(Delta(Delta($intraday_ret_from_open,10),2)),ZScore(Delta($volume,15))))",cem_resample::rx_intraday_return::rx_flow_amount_volume::elite_delta_product,phase3bs_adaptive_hybrid_rx_cem,phase3bs_adaptive_hybrid_rx_cem,intraday_ret_from_open|volume,"['intraday_ret_from_open', 'volume']",15,"CSRank(Mul(ZScore(Delta(Delta($F,N),N)),ZScore(Delta($F,N))))",CSRank>Mul>ZScore>Delta>Delta>ZScore>Delta,CSRank:1|Delta:3|Mul:1|ZScore:2,CSRank,5,depth_le_6,7,opcount_le_9,2,fieldcount_le_2,3,wincount_le_4,15,maxwin_le_15,12,complexity_le_14,phase3bp:44882ff71a05f0e0635aba65,0.16321932,1,read_only_research_candidate,phase3bs_adaptive_hybrid_rx_cem: hybrid arm from phase3bp_true1min_cem_elite: cem round 2 elite resample intraday_delta_10 x volume_delta_15,0.17153032
phase3bs_00086,8605ad4748f15dfb433e8bfe,"CSRank(Mul(Sign(ZScore(Delta($intraday_ret_from_open,30))),ZScore(Delta($amount,15))))",cem_interaction::rx_intraday_return::rx_flow_amount_volume::signed_state,phase3bs_adaptive_hybrid_rx_cem,phase3bs_adaptive_hybrid_rx_cem,amount|intraday_ret_from_open,"['amount', 'intraday_ret_from_open']",30,"CSRank(Mul(Sign(ZScore(Delta($F,N))),ZScore(Delta($F,N))))",CSRank>Mul>Sign>ZScore>Delta>ZScore>Delta,CSRank:1|Delta:2|Mul:1|Sign:1|ZScore:2,CSRank,5,depth_le_6,7,opcount_le_9,2,fieldcount_le_2,2,wincount_le_2,30,maxwin_le_30,11,complexity_le_14,phase3bp:8605ad4748f15dfb433e8bfe,0.15336434,1,read_only_research_candidate,phase3bs_adaptive_hybrid_rx_cem: hybrid arm from phase3bp_true1min_cem_elite: cem seed interaction intraday_delta_30 x amount_delta_15 signed_state,0.16164134
phase3bs_00087,2f810e22333207dfec43239f,"CSRank(Mul(ZScore(Delta($intraday_ret_from_open,15)),ZScore(Delta($amount,15))))",cem_interaction::rx_intraday_return::rx_flow_amount_volume::product,phase3bs_adaptive_hybrid_rx_cem,phase3bs_adaptive_hybrid_rx_cem,amount|intraday_ret_from_open,"['amount', 'intraday_ret_from_open']",15,"CSRank(Mul(ZScore(Delta($F,N)),ZScore(Delta($F,N))))",CSRank>Mul>ZScore>Delta>ZScore>Delta,CSRank:1|Delta:2|Mul:1|ZScore:2,CSRank,4,depth_le_4,6,opcount_le_6,2,fieldcount_le_2,1,wincount_le_1,15,maxwin_le_15,9,complexity_le_10,phase3bp:2f810e22333207dfec43239f,0.15284535,1,read_only_research_candidate,phase3bs_adaptive_hybrid_rx_cem: hybrid arm from phase3bp_true1min_cem_elite: cem seed interaction intraday_delta_15 x amount_delta_15 product,0.16107535
phase3bs_00088,16bc32865f8a23800bc8ebcf,"CSRank(Mul(Sign(ZScore(Delta($intraday_ret_from_open,10))),ZScore(Delta($amount,15))))",cem_interaction::rx_intraday_return::rx_flow_amount_volume::signed_state,phase3bs_adaptive_hybrid_rx_cem,phase3bs_adaptive_hybrid_rx_cem,amount|intraday_ret_from_open,"['amount', 'intraday_ret_from_open']",15,"CSRank(Mul(Sign(ZScore(Delta($F,N))),ZScore(Delta($F,N))))",CSRank>Mul>Sign>ZScore>Delta>ZScore>Delta,CSRank:1|Delta:2|Mul:1|Sign:1|ZScore:2,CSRank,5,depth_le_6,7,opcount_le_9,2,fieldcount_le_2,2,wincount_le_2,15,maxwin_le_15,11,complexity_le_14,phase3bp:16bc32865f8a23800bc8ebcf,0.15002472,1,read_only_research_candidate,phase3bs_adaptive_hybrid_rx_cem: hybrid arm from phase3bp_true1min_cem_elite: cem seed interaction intraday_delta_10 x amount_delta_15 signed_state,0.15899472
phase3bs_00089,0b77407a1aad05071dbc8f45,"CSRank(Mul(Sign(ZScore(Delta($intraday_ret_from_open,15))),ZScore(Delta($amount,8))))",cem_interaction::rx_intraday_return::rx_flow_amount_volume::signed_state,phase3bs_adaptive_hybrid_rx_cem,phase3bs_adaptive_hybrid_rx_cem,amount|intraday_ret_from_open,"['amount', 'intraday_ret_from_open']",15,"CSRank(Mul(Sign(ZScore(Delta($F,N))),ZScore(Delta($F,N))))",CSRank>Mul>Sign>ZScore>Delta>ZScore>Delta,CSRank:1|Delta:2|Mul:1|Sign:1|ZScore:2,CSRank,5,depth_le_6,7,opcount_le_9,2,fieldcount_le_2,2,wincount_le_2,15,maxwin_le_15,11,complexity_le_14,phase3bp:0b77407a1aad05071dbc8f45,0.15024456,1,read_only_research_candidate,phase3bs_adaptive_hybrid_rx_cem: hybrid arm from phase3bp_true1min_cem_elite: cem seed interaction intraday_delta_15 x amount_delta_8 signed_state,0.15866856
phase3bs_00090,82f8f9256b989e08b8754ebc,"CSRank(Mul(Sign(ZScore(Delta($intraday_ret_from_open,8))),ZScore(Delta($amount,15))))",cem_interaction::rx_intraday_return::rx_flow_amount_volume::signed_state,phase3bs_adaptive_hybrid_rx_cem,phase3bs_adaptive_hybrid_rx_cem,amount|intraday_ret_from_open,"['amount', 'intraday_ret_from_open']",15,"CSRank(Mul(Sign(ZScore(Delta($F,N))),ZScore(Delta($F,N))))",CSRank>Mul>Sign>ZScore>Delta>ZScore>Delta,CSRank:1|Delta:2|Mul:1|Sign:1|ZScore:2,CSRank,5,depth_le_6,7,opcount_le_9,2,fieldcount_le_2,2,wincount_le_2,15,maxwin_le_15,11,complexity_le_14,phase3bp:82f8f9256b989e08b8754ebc,0.15024456,1,read_only_research_candidate,phase3bs_adaptive_hybrid_rx_cem: hybrid arm from phase3bp_true1min_cem_elite: cem seed interaction intraday_delta_8 x amount_delta_15 signed_state,0.15866156
phase3bs_00091,37248ec8491fcb8d6adf0940,"CSRank(Sub(ZScore(Delta($intraday_ret_from_open,30)),ZScore(Mean(Div($m1_first30_vol,Add(Abs($volume),0.000001)),3))))",cem_resample::rx_intraday_return::rx_opening_amount::elite_spread_mean3,phase3bs_adaptive_hybrid_rx_cem,phase3bs_adaptive_hybrid_rx_cem,intraday_ret_from_open|m1_first30_vol|volume,"['intraday_ret_from_open', 'm1_first30_vol', 'volume']",30,"CSRank(Sub(ZScore(Delta($F,N)),ZScore(Mean(Div($F,Add(Abs($F),N)),N))))",CSRank>Sub>ZScore>Delta>ZScore>Mean>Div>Add>Abs,Abs:1|Add:1|CSRank:1|Delta:1|Div:1|Mean:1|Sub:1|ZScore:2,CSRank,7,depth_le_8,9,opcount_le_9,3,fieldcount_le_4,2,wincount_le_2,30,maxwin_le_30,14,complexity_le_14,phase3bp:37248ec8491fcb8d6adf0940,0.1549781,1,read_only_research_candidate,phase3bs_adaptive_hybrid_rx_cem: hybrid arm from phase3bp_true1min_cem_elite: cem round 2 elite resample intraday_delta_30 x m1_first30_vol,0.1498161
phase3bs_00092,967e82eac77256d872df2434,"CSRank(Mul(ZScore(Delta(Delta($intraday_ret_from_open,30),2)),ZScore(Div($m1_first30_vol,Add(Abs($volume),0.000001)))))",cem_resample::rx_intraday_return::rx_opening_amount::elite_delta_product,phase3bs_adaptive_hybrid_rx_cem,phase3bs_adaptive_hybrid_rx_cem,intraday_ret_from_open|m1_first30_vol|volume,"['intraday_ret_from_open', 'm1_first30_vol', 'volume']",30,"CSRank(Mul(ZScore(Delta(Delta($F,N),N)),ZScore(Div($F,Add(Abs($F),N)))))",CSRank>Mul>ZScore>Delta>Delta>ZScore>Div>Add>Abs,Abs:1|Add:1|CSRank:1|Delta:2|Div:1|Mul:1|ZScore:2,CSRank,6,depth_le_6,9,opcount_le_9,3,fieldcount_le_4,2,wincount_le_2,30,maxwin_le_30,14,complexity_le_14,phase3bp:967e82eac77256d872df2434,0.14678129,1,read_only_research_candidate,phase3bs_adaptive_hybrid_rx_cem: hybrid arm from phase3bp_true1min_cem_elite: cem round 3 elite resample intraday_delta_30 x m1_first30_vol,0.14756729
phase3bs_00093,4de821be9966b544c2f5d401,"CSRank(ZScore(Delta($intraday_ret_from_open,2)))",cem_atom::rx_intraday_return::rank,phase3bs_adaptive_hybrid_rx_cem,phase3bs_adaptive_hybrid_rx_cem,intraday_ret_from_open,['intraday_ret_from_open'],2,"CSRank(ZScore(Delta($F,N)))",CSRank>ZScore>Delta,CSRank:1|Delta:1|ZScore:1,CSRank,3,depth_le_4,3,opcount_le_3,1,fieldcount_le_1,1,wincount_le_1,2,maxwin_le_5,5,complexity_le_6,phase3bp:4de821be9966b544c2f5d401,0.14215935,1,read_only_research_candidate,phase3bs_adaptive_hybrid_rx_cem: hybrid arm from phase3bp_true1min_cem_elite: cem seed atom intraday_delta_2,0.14685635
phase3bs_00094,449571ee173f3e742f7350ce,"CSRank(Sub(ZScore(Delta($intraday_ret_from_open,8)),ZScore(Mean(Div($m1_first30_vol,Add(Abs($volume),0.000001)),3))))",cem_resample::rx_intraday_return::rx_opening_amount::elite_spread_mean3,phase3bs_adaptive_hybrid_rx_cem,phase3bs_adaptive_hybrid_rx_cem,intraday_ret_from_open|m1_first30_vol|volume,"['intraday_ret_from_open', 'm1_first30_vol', 'volume']",8,"CSRank(Sub(ZScore(Delta($F,N)),ZScore(Mean(Div($F,Add(Abs($F),N)),N))))",CSRank>Sub>ZScore>Delta>ZScore>Mean>Div>Add>Abs,Abs:1|Add:1|CSRank:1|Delta:1|Div:1|Mean:1|Sub:1|ZScore:2,CSRank,7,depth_le_8,9,opcount_le_9,3,fieldcount_le_4,2,wincount_le_2,8,maxwin_le_15,14,complexity_le_14,phase3bp:449571ee173f3e742f7350ce,0.15185832,1,read_only_research_candidate,phase3bs_adaptive_hybrid_rx_cem: hybrid arm from phase3bp_true1min_cem_elite: cem round 4 elite resample intraday_delta_8 x m1_first30_vol,0.14656332
phase3bs_00095,e4642b6356c543bfe52a5788,"CSRank(Sub(ZScore(Delta($intraday_ret_from_open,10)),ZScore(Mean(Div($m1_first30_vol,Add(Abs($volume),0.000001)),3))))",cem_resample::rx_intraday_return::rx_opening_amount::elite_spread_mean3,phase3bs_adaptive_hybrid_rx_cem,phase3bs_adaptive_hybrid_rx_cem,intraday_ret_from_open|m1_first30_vol|volume,"['intraday_ret_from_open', 'm1_first30_vol', 'volume']",10,"CSRank(Sub(ZScore(Delta($F,N)),ZScore(Mean(Div($F,Add(Abs($F),N)),N))))",CSRank>Sub>ZScore>Delta>ZScore>Mean>Div>Add>Abs,Abs:1|Add:1|CSRank:1|Delta:1|Div:1|Mean:1|Sub:1|ZScore:2,CSRank,7,depth_le_8,9,opcount_le_9,3,fieldcount_le_4,2,wincount_le_2,10,maxwin_le_15,14,complexity_le_14,phase3bp:e4642b6356c543bfe52a5788,0.15163847,1,read_only_research_candidate,phase3bs_adaptive_hybrid_rx_cem: hybrid arm from phase3bp_true1min_cem_elite: cem round 2 elite resample intraday_delta_10 x m1_first30_vol,0.14648947
phase3bs_00096,9c32cf7419759ab9c68a45c5,"CSRank(ZScore(Delta($intraday_ret_from_open,20)))",cem_atom::rx_intraday_return::rank,phase3bs_adaptive_hybrid_rx_cem,phase3bs_adaptive_hybrid_rx_cem,intraday_ret_from_open,['intraday_ret_from_open'],20,"CSRank(ZScore(Delta($F,N)))",CSRank>ZScore>Delta,CSRank:1|Delta:1|ZScore:1,CSRank,3,depth_le_4,3,opcount_le_3,1,fieldcount_le_1,1,wincount_le_1,20,maxwin_le_30,5,complexity_le_6,phase3bp:9c32cf7419759ab9c68a45c5,0.14168545,1,read_only_research_candidate,phase3bs_adaptive_hybrid_rx_cem: hybrid arm from phase3bp_true1min_cem_elite: cem seed atom intraday_delta_20,0.14630845
phase3bs_00097,80bd2d72631bc41973c953b2,"CSRank(ZScore(Delta($intraday_ret_from_open,5)))",cem_atom::rx_intraday_return::rank,phase3bs_adaptive_hybrid_rx_cem,phase3bs_adaptive_hybrid_rx_cem,intraday_ret_from_open,['intraday_ret_from_open'],5,"CSRank(ZScore(Delta($F,N)))",CSRank>ZScore>Delta,CSRank:1|Delta:1|ZScore:1,CSRank,3,depth_le_4,3,opcount_le_3,1,fieldcount_le_1,1,wincount_le_1,5,maxwin_le_5,5,complexity_le_6,phase3bp:80bd2d72631bc41973c953b2,0.14208863,1,read_only_research_candidate,phase3bs_adaptive_hybrid_rx_cem: hybrid arm from phase3bp_true1min_cem_elite: cem seed atom intraday_delta_5,0.14612563
phase3bs_00098,a2d17c40025674d9027681cc,"CSRank(Sub(ZScore(Delta($intraday_ret_from_open,20)),ZScore(Mean(Div($m1_first30_vol,Add(Abs($volume),0.000001)),3))))",cem_resample::rx_intraday_return::rx_opening_amount::elite_spread_mean3,phase3bs_adaptive_hybrid_rx_cem,phase3bs_adaptive_hybrid_rx_cem,intraday_ret_from_open|m1_first30_vol|volume,"['intraday_ret_from_open', 'm1_first30_vol', 'volume']",20,"CSRank(Sub(ZScore(Delta($F,N)),ZScore(Mean(Div($F,Add(Abs($F),N)),N))))",CSRank>Sub>ZScore>Delta>ZScore>Mean>Div>Add>Abs,Abs:1|Add:1|CSRank:1|Delta:1|Div:1|Mean:1|Sub:1|ZScore:2,CSRank,7,depth_le_8,9,opcount_le_9,3,fieldcount_le_4,2,wincount_le_2,20,maxwin_le_30,14,complexity_le_14,phase3bp:a2d17c40025674d9027681cc,0.15121777,1,read_only_research_candidate,phase3bs_adaptive_hybrid_rx_cem: hybrid arm from phase3bp_true1min_cem_elite: cem round 2 elite resample intraday_delta_20 x m1_first30_vol,0.14567777
phase3bs_00099,6a07cd293c0ddb41a3f5572b,"CSRank(Sub(ZScore(Delta($ret_1m,30)),ZScore(Mean(Std(Div(Sub($high,$low),Add(Abs($open),0.000001)),15),3))))",cem_resample::rx_intraday_return::rx_range_location::elite_spread_mean3,phase3bs_adaptive_hybrid_rx_cem,phase3bs_adaptive_hybrid_rx_cem,high|low|open|ret_1m,"['high', 'low', 'open', 'ret_1m']",30,"CSRank(Sub(ZScore(Delta($F,N)),ZScore(Mean(Std(Div(Sub($F,$F),Add(Abs($F),N)),N),N))))",CSRank>Sub>ZScore>Delta>ZScore>Mean>Std>Div>Sub>Add,Abs:1|Add:1|CSRank:1|Delta:1|Div:1|Mean:1|Std:1|Sub:2|ZScore:2,CSRank,8,depth_le_8,11,opcount_le_12,4,fieldcount_le_4,3,wincount_le_4,30,maxwin_le_30,18,complexity_le_18,phase3bp:6a07cd293c0ddb41a3f5572b,0.1523456,1,read_only_research_candidate,phase3bs_adaptive_hybrid_rx_cem: hybrid arm from phase3bp_true1min_cem_elite: cem round 4 elite resample ret_delta_30 x range_vol_15,0.1451586
phase3bs_00100,06a650aef23f64ed7520a176,"CSRank(Sub(ZScore(Delta($ret_1m,15)),ZScore(Mean(Std(Div(Sub($high,$low),Add(Abs($open),0.000001)),30),3))))",cem_resample::rx_intraday_return::rx_range_location::elite_spread_mean3,phase3bs_adaptive_hybrid_rx_cem,phase3bs_adaptive_hybrid_rx_cem,high|low|open|ret_1m,"['high', 'low', 'open', 'ret_1m']",15,"CSRank(Sub(ZScore(Delta($F,N)),ZScore(Mean(Std(Div(Sub($F,$F),Add(Abs($F),N)),N),N))))",CSRank>Sub>ZScore>Delta>ZScore>Mean>Std>Div>Sub>Add,Abs:1|Add:1|CSRank:1|Delta:1|Div:1|Mean:1|Std:1|Sub:2|ZScore:2,CSRank,8,depth_le_8,11,opcount_le_12,4,fieldcount_le_4,3,wincount_le_4,30,maxwin_le_30,18,complexity_le_18,phase3bp:06a650aef23f64ed7520a176,0.1523456,1,read_only_research_candidate,phase3bs_adaptive_hybrid_rx_cem: hybrid arm from phase3bp_true1min_cem_elite: cem round 3 elite resample ret_delta_15 x range_vol_30,0.1451376
phase3bs_00101,9b8fbbcf1391c4fc95f40dd0,"CSRank(Mul(ZScore(Delta(Delta($ret_1m,3),2)),ZScore(Std(Div(Sub($high,$low),Add(Abs($open),0.000001)),15))))",cem_resample::rx_intraday_return::rx_range_location::elite_delta_product,phase3bs_adaptive_hybrid_rx_cem,phase3bs_adaptive_hybrid_rx_cem,high|low|open|ret_1m,"['high', 'low', 'open', 'ret_1m']",3,"CSRank(Mul(ZScore(Delta(Delta($F,N),N)),ZScore(Std(Div(Sub($F,$F),Add(Abs($F),N)),N))))",CSRank>Mul>ZScore>Delta>Delta>ZScore>Std>Div>Sub>Add,Abs:1|Add:1|CSRank:1|Delta:2|Div:1|Mul:1|Std:1|Sub:1|ZScore:2,CSRank,7,depth_le_8,11,opcount_le_12,4,fieldcount_le_4,3,wincount_le_4,15,maxwin_le_15,18,complexity_le_18,phase3bp:9b8fbbcf1391c4fc95f40dd0,0.15109749,1,read_only_research_candidate,phase3bs_adaptive_hybrid_rx_cem: hybrid arm from phase3bp_true1min_cem_elite: cem round 2 elite resample ret_delta_3 x range_vol_15,0.14397249
phase3bs_00102,2b37e6e6c04c4870b519c04d,"CSRank(Mul(ZScore(Delta(Delta($ret_1m,10),2)),ZScore(Std(Div(Sub($high,$low),Add(Abs($open),0.000001)),15))))",cem_resample::rx_intraday_return::rx_range_location::elite_delta_product,phase3bs_adaptive_hybrid_rx_cem,phase3bs_adaptive_hybrid_rx_cem,high|low|open|ret_1m,"['high', 'low', 'open', 'ret_1m']",10,"CSRank(Mul(ZScore(Delta(Delta($F,N),N)),ZScore(Std(Div(Sub($F,$F),Add(Abs($F),N)),N))))",CSRank>Mul>ZScore>Delta>Delta>ZScore>Std>Div>Sub>Add,Abs:1|Add:1|CSRank:1|Delta:2|Div:1|Mul:1|Std:1|Sub:1|ZScore:2,CSRank,7,depth_le_8,11,opcount_le_12,4,fieldcount_le_4,3,wincount_le_4,15,maxwin_le_15,18,complexity_le_18,phase3bp:2b37e6e6c04c4870b519c04d,0.15128381,1,read_only_research_candidate,phase3bs_adaptive_hybrid_rx_cem: hybrid arm from phase3bp_true1min_cem_elite: cem round 3 elite resample ret_delta_10 x range_vol_15,0.14364181
phase3bs_00103,ded8ec56fb74bf1740228b5e,"CSRank(Mul(ZScore(Delta(Delta($ret_1m,15),2)),ZScore(Std(Div(Sub($high,$low),Add(Abs($open),0.000001)),15))))",cem_resample::rx_intraday_return::rx_range_location::elite_delta_product,phase3bs_adaptive_hybrid_rx_cem,phase3bs_adaptive_hybrid_rx_cem,high|low|open|ret_1m,"['high', 'low', 'open', 'ret_1m']",15,"CSRank(Mul(ZScore(Delta(Delta($F,N),N)),ZScore(Std(Div(Sub($F,$F),Add(Abs($F),N)),N))))",CSRank>Mul>ZScore>Delta>Delta>ZScore>Std>Div>Sub>Add,Abs:1|Add:1|CSRank:1|Delta:2|Div:1|Mul:1|Std:1|Sub:1|ZScore:2,CSRank,7,depth_le_8,11,opcount_le_12,4,fieldcount_le_4,2,wincount_le_2,15,maxwin_le_15,17,complexity_le_18,phase3bp:ded8ec56fb74bf1740228b5e,0.15046868,1,read_only_research_candidate,phase3bs_adaptive_hybrid_rx_cem: hybrid arm from phase3bp_true1min_cem_elite: cem round 4 elite resample ret_delta_15 x range_vol_15,0.14299268
phase3bs_00104,82c06e581e38eedc6231546c,"CSRank(Sub(ZScore(Sub(Div(Sub($close,$low),Add(Abs(Sub($high,$low)),0.000001)),Mean(Div(Sub($close,$low),Add(Abs(Sub($high,$low)),0.000001)),15))),ZScore(Div(Mean($volume,3),Add(Abs(Mean($volume,8)),0.000001)))))",cem_interaction::rx_range_location::rx_flow_amount_volume::spread,phase3bs_adaptive_hybrid_rx_cem,phase3bs_adaptive_hybrid_rx_cem,close|high|low|volume,"['close', 'high', 'low', 'volume']",8,"CSRank(Sub(ZScore(Sub(Div(Sub($F,$F),Add(Abs(Sub($F,$F)),N)),Mean(Div(Sub($F,$F),Add(Abs(Sub($F,$F)),N)),N))),ZScore(Div(Mean($F,N),Add(Abs(Mean($F,N)),N)))))",CSRank>Sub>ZScore>Sub>Div>Sub>Add>Abs>Sub>Mean,Abs:3|Add:3|CSRank:1|Div:3|Mean:3|Sub:6|ZScore:2,CSRank,9,depth_gt_8,21,opcount_gt_12,4,fieldcount_le_4,3,wincount_le_4,15,maxwin_le_15,28,complexity_gt_18,phase3bp:82c06e581e38eedc6231546c,0.12657419,1,read_only_research_candidate,phase3bs_adaptive_hybrid_rx_cem: hybrid arm from phase3bp_true1min_cem_elite: cem seed interaction bar_loc_shift_15 x volume_curve_3_8 spread,0.13151619
phase3bs_00105,afaab7ef85697530b0272c00,"CSRank(Sub(ZScore(Sub(Div(Sub($close,$low),Add(Abs(Sub($high,$low)),0.000001)),Mean(Div(Sub($close,$low),Add(Abs(Sub($high,$low)),0.000001)),15))),ZScore(Div(Mean($volume,8),Add(Abs(Mean($volume,20)),0.000001)))))",cem_interaction::rx_range_location::rx_flow_amount_volume::spread,phase3bs_adaptive_hybrid_rx_cem,phase3bs_adaptive_hybrid_rx_cem,close|high|low|volume,"['close', 'high', 'low', 'volume']",20,"CSRank(Sub(ZScore(Sub(Div(Sub($F,$F),Add(Abs(Sub($F,$F)),N)),Mean(Div(Sub($F,$F),Add(Abs(Sub($F,$F)),N)),N))),ZScore(Div(Mean($F,N),Add(Abs(Mean($F,N)),N)))))",CSRank>Sub>ZScore>Sub>Div>Sub>Add>Abs>Sub>Mean,Abs:3|Add:3|CSRank:1|Div:3|Mean:3|Sub:6|ZScore:2,CSRank,9,depth_gt_8,21,opcount_gt_12,4,fieldcount_le_4,3,wincount_le_4,20,maxwin_le_30,28,complexity_gt_18,phase3bp:afaab7ef85697530b0272c00,0.12678923,1,read_only_research_candidate,phase3bs_adaptive_hybrid_rx_cem: hybrid arm from phase3bp_true1min_cem_elite: cem seed interaction bar_loc_shift_15 x volume_curve_8_20 spread,0.13129223
phase3bs_00106,ca6074725b5aebb9f42a1302,"CSRank(Sub(ZScore(Sub(Div(Sub($close,$low),Add(Abs(Sub($high,$low)),0.000001)),Mean(Div(Sub($close,$low),Add(Abs(Sub($high,$low)),0.000001)),2))),ZScore(Div(Mean($volume,5),Add(Abs(Mean($volume,15)),0.000001)))))",cem_interaction::rx_range_location::rx_flow_amount_volume::spread,phase3bs_adaptive_hybrid_rx_cem,phase3bs_adaptive_hybrid_rx_cem,close|high|low|volume,"['close', 'high', 'low', 'volume']",15,"CSRank(Sub(ZScore(Sub(Div(Sub($F,$F),Add(Abs(Sub($F,$F)),N)),Mean(Div(Sub($F,$F),Add(Abs(Sub($F,$F)),N)),N))),ZScore(Div(Mean($F,N),Add(Abs(Mean($F,N)),N)))))",CSRank>Sub>ZScore>Sub>Div>Sub>Add>Abs>Sub>Mean,Abs:3|Add:3|CSRank:1|Div:3|Mean:3|Sub:6|ZScore:2,CSRank,9,depth_gt_8,21,opcount_gt_12,4,fieldcount_le_4,3,wincount_le_4,15,maxwin_le_15,28,complexity_gt_18,phase3bp:ca6074725b5aebb9f42a1302,0.12619667,1,read_only_research_candidate,phase3bs_adaptive_hybrid_rx_cem: hybrid arm from phase3bp_true1min_cem_elite: cem seed interaction bar_loc_shift_2 x volume_curve_5_15 spread,0.13116067
phase3bs_00107,26b2405c77c3a3d97bb57395,"CSRank(Mul(Sign(ZScore(Delta($intraday_ret_from_open,10))),ZScore(Div($m1_first5_vol,Add(Abs($volume),0.000001)))))",cem_interaction::rx_intraday_return::rx_opening_amount::signed_state,phase3bs_adaptive_hybrid_rx_cem,phase3bs_adaptive_hybrid_rx_cem,intraday_ret_from_open|m1_first5_vol|volume,"['intraday_ret_from_open', 'm1_first5_vol', 'volume']",10,"CSRank(Mul(Sign(ZScore(Delta($F,N))),ZScore(Div($F,Add(Abs($F),N)))))",CSRank>Mul>Sign>ZScore>Delta>ZScore>Div>Add>Abs,Abs:1|Add:1|CSRank:1|Delta:1|Div:1|Mul:1|Sign:1|ZScore:2,CSRank,6,depth_le_6,9,opcount_le_9,3,fieldcount_le_4,1,wincount_le_1,10,maxwin_le_15,13,complexity_le_14,phase3bp:26b2405c77c3a3d97bb57395,0.1369898,1,read_only_research_candidate,phase3bs_adaptive_hybrid_rx_cem: hybrid arm from phase3bp_true1min_cem_elite: cem seed interaction intraday_delta_10 x m1_first5_vol signed_state,0.1309898
phase3bs_00108,3486bb11777cc8144fd50087,"CSRank(Sub(ZScore(Sub(Div(Sub($close,$low),Add(Abs(Sub($high,$low)),0.000001)),Mean(Div(Sub($close,$low),Add(Abs(Sub($high,$low)),0.000001)),20))),ZScore(Div(Mean($volume,5),Add(Abs(Mean($volume,15)),0.000001)))))",cem_interaction::rx_range_location::rx_flow_amount_volume::spread,phase3bs_adaptive_hybrid_rx_cem,phase3bs_adaptive_hybrid_rx_cem,close|high|low|volume,"['close', 'high', 'low', 'volume']",15,"CSRank(Sub(ZScore(Sub(Div(Sub($F,$F),Add(Abs(Sub($F,$F)),N)),Mean(Div(Sub($F,$F),Add(Abs(Sub($F,$F)),N)),N))),ZScore(Div(Mean($F,N),Add(Abs(Mean($F,N)),N)))))",CSRank>Sub>ZScore>Sub>Div>Sub>Add>Abs>Sub>Mean,Abs:3|Add:3|CSRank:1|Div:3|Mean:3|Sub:6|ZScore:2,CSRank,9,depth_gt_8,21,opcount_gt_12,4,fieldcount_le_4,3,wincount_le_4,20,maxwin_le_30,28,complexity_gt_18,phase3bp:3486bb11777cc8144fd50087,0.12642225,1,read_only_research_candidate,phase3bs_adaptive_hybrid_rx_cem: hybrid arm from phase3bp_true1min_cem_elite: cem seed interaction bar_loc_shift_20 x volume_curve_5_15 spread,0.13078525
phase3bs_00109,ca33f1d5910a6bd1784e65d3,"CSRank(Sub(ZScore(Sub(Div(Sub($close,$low),Add(Abs(Sub($high,$low)),0.000001)),Mean(Div(Sub($close,$low),Add(Abs(Sub($high,$low)),0.000001)),15))),ZScore(Div(Mean($volume,2),Add(Abs(Mean($volume,5)),0.000001)))))",cem_interaction::rx_range_location::rx_flow_amount_volume::spread,phase3bs_adaptive_hybrid_rx_cem,phase3bs_adaptive_hybrid_rx_cem,close|high|low|volume,"['close', 'high', 'low', 'volume']",5,"CSRank(Sub(ZScore(Sub(Div(Sub($F,$F),Add(Abs(Sub($F,$F)),N)),Mean(Div(Sub($F,$F),Add(Abs(Sub($F,$F)),N)),N))),ZScore(Div(Mean($F,N),Add(Abs(Mean($F,N)),N)))))",CSRank>Sub>ZScore>Sub>Div>Sub>Add>Abs>Sub>Mean,Abs:3|Add:3|CSRank:1|Div:3|Mean:3|Sub:6|ZScore:2,CSRank,9,depth_gt_8,21,opcount_gt_12,4,fieldcount_le_4,3,wincount_le_4,15,maxwin_le_15,28,complexity_gt_18,phase3bp:ca33f1d5910a6bd1784e65d3,0.12619667,1,read_only_research_candidate,phase3bs_adaptive_hybrid_rx_cem: hybrid arm from phase3bp_true1min_cem_elite: cem seed interaction bar_loc_shift_15 x volume_curve_2_5 spread,0.13076567
phase3bs_00110,b019f461b1c8a6274b861b2e,"CSRank(Sub(ZScore(Sub(Div(Sub($close,$low),Add(Abs(Sub($high,$low)),0.000001)),Mean(Div(Sub($close,$low),Add(Abs(Sub($high,$low)),0.000001)),10))),ZScore(Div(Mean($amount,5),Add(Abs(Mean($amount,15)),0.000001)))))",cem_interaction::rx_range_location::rx_flow_amount_volume::spread,phase3bs_adaptive_hybrid_rx_cem,phase3bs_adaptive_hybrid_rx_cem,amount|close|high|low,"['amount', 'close', 'high', 'low']",15,"CSRank(Sub(ZScore(Sub(Div(Sub($F,$F),Add(Abs(Sub($F,$F)),N)),Mean(Div(Sub($F,$F),Add(Abs(Sub($F,$F)),N)),N))),ZScore(Div(Mean($F,N),Add(Abs(Mean($F,N)),N)))))",CSRank>Sub>ZScore>Sub>Div>Sub>Add>Abs>Sub>Mean,Abs:3|Add:3|CSRank:1|Div:3|Mean:3|Sub:6|ZScore:2,CSRank,9,depth_gt_8,21,opcount_gt_12,4,fieldcount_le_4,3,wincount_le_4,15,maxwin_le_15,28,complexity_gt_18,phase3bp:b019f461b1c8a6274b861b2e,0.12547284,1,read_only_research_candidate,phase3bs_adaptive_hybrid_rx_cem: hybrid arm from phase3bp_true1min_cem_elite: cem seed interaction bar_loc_shift_10 x amount_curve_5_15 spread,0.13045284
phase3bs_00111,f4de11e5e5db8e6eed8ee2b6,"CSRank(Mul(Sign(ZScore(Delta($intraday_ret_from_open,2))),ZScore(Div($m1_first5_vol,Add(Abs($volume),0.000001)))))",cem_interaction::rx_intraday_return::rx_opening_amount::signed_state,phase3bs_adaptive_hybrid_rx_cem,phase3bs_adaptive_hybrid_rx_cem,intraday_ret_from_open|m1_first5_vol|volume,"['intraday_ret_from_open', 'm1_first5_vol', 'volume']",2,"CSRank(Mul(Sign(ZScore(Delta($F,N))),ZScore(Div($F,Add(Abs($F),N)))))",CSRank>Mul>Sign>ZScore>Delta>ZScore>Div>Add>Abs,Abs:1|Add:1|CSRank:1|Delta:1|Div:1|Mul:1|Sign:1|ZScore:2,CSRank,6,depth_le_6,9,opcount_le_9,3,fieldcount_le_4,1,wincount_le_1,2,maxwin_le_5,13,complexity_le_14,phase3bp:f4de11e5e5db8e6eed8ee2b6,0.13569473,1,read_only_research_candidate,phase3bs_adaptive_hybrid_rx_cem: hybrid arm from phase3bp_true1min_cem_elite: cem seed interaction intraday_delta_2 x m1_first5_vol signed_state,0.13032773
phase3bs_00112,3d6a49f7f1c75c74b8b56886,"CSRank(Sub(ZScore(Sub(Div(Sub($close,$low),Add(Abs(Sub($high,$low)),0.000001)),Mean(Div(Sub($close,$low),Add(Abs(Sub($high,$low)),0.000001)),2))),ZScore(Div(Mean($amount,5),Add(Abs(Mean($amount,15)),0.000001)))))",cem_interaction::rx_range_location::rx_flow_amount_volume::spread,phase3bs_adaptive_hybrid_rx_cem,phase3bs_adaptive_hybrid_rx_cem,amount|close|high|low,"['amount', 'close', 'high', 'low']",15,"CSRank(Sub(ZScore(Sub(Div(Sub($F,$F),Add(Abs(Sub($F,$F)),N)),Mean(Div(Sub($F,$F),Add(Abs(Sub($F,$F)),N)),N))),ZScore(Div(Mean($F,N),Add(Abs(Mean($F,N)),N)))))",CSRank>Sub>ZScore>Sub>Div>Sub>Add>Abs>Sub>Mean,Abs:3|Add:3|CSRank:1|Div:3|Mean:3|Sub:6|ZScore:2,CSRank,9,depth_gt_8,21,opcount_gt_12,4,fieldcount_le_4,3,wincount_le_4,15,maxwin_le_15,28,complexity_gt_18,phase3bp:3d6a49f7f1c75c74b8b56886,0.12527598,1,read_only_research_candidate,phase3bs_adaptive_hybrid_rx_cem: hybrid arm from phase3bp_true1min_cem_elite: cem seed interaction bar_loc_shift_2 x amount_curve_5_15 spread,0.13018098
phase3bs_00113,fb920dbaa6f0621dbd469960,"CSRank(Mul(Sign(ZScore(Delta($intraday_ret_from_open,20))),ZScore(Div($m1_first5_vol,Add(Abs($volume),0.000001)))))",cem_interaction::rx_intraday_return::rx_opening_amount::signed_state,phase3bs_adaptive_hybrid_rx_cem,phase3bs_adaptive_hybrid_rx_cem,intraday_ret_from_open|m1_first5_vol|volume,"['intraday_ret_from_open', 'm1_first5_vol', 'volume']",20,"CSRank(Mul(Sign(ZScore(Delta($F,N))),ZScore(Div($F,Add(Abs($F),N)))))",CSRank>Mul>Sign>ZScore>Delta>ZScore>Div>Add>Abs,Abs:1|Add:1|CSRank:1|Delta:1|Div:1|Mul:1|Sign:1|ZScore:2,CSRank,6,depth_le_6,9,opcount_le_9,3,fieldcount_le_4,1,wincount_le_1,20,maxwin_le_30,13,complexity_le_14,phase3bp:fb920dbaa6f0621dbd469960,0.13522082,1,read_only_research_candidate,phase3bs_adaptive_hybrid_rx_cem: hybrid arm from phase3bp_true1min_cem_elite: cem seed interaction intraday_delta_20 x m1_first5_vol signed_state,0.13014582
phase3bs_00114,3fec2d8135c57ca58c29472e,"CSRank(Sub(ZScore(Sub(Div(Sub($close,$low),Add(Abs(Sub($high,$low)),0.000001)),Mean(Div(Sub($close,$low),Add(Abs(Sub($high,$low)),0.000001)),15))),ZScore(Div(Mean($amount,8),Add(Abs(Mean($amount,20)),0.000001)))))",cem_interaction::rx_range_location::rx_flow_amount_volume::spread,phase3bs_adaptive_hybrid_rx_cem,phase3bs_adaptive_hybrid_rx_cem,amount|close|high|low,"['amount', 'close', 'high', 'low']",20,"CSRank(Sub(ZScore(Sub(Div(Sub($F,$F),Add(Abs(Sub($F,$F)),N)),Mean(Div(Sub($F,$F),Add(Abs(Sub($F,$F)),N)),N))),ZScore(Div(Mean($F,N),Add(Abs(Mean($F,N)),N)))))",CSRank>Sub>ZScore>Sub>Div>Sub>Add>Abs>Sub>Mean,Abs:3|Add:3|CSRank:1|Div:3|Mean:3|Sub:6|ZScore:2,CSRank,9,depth_gt_8,21,opcount_gt_12,4,fieldcount_le_4,3,wincount_le_4,20,maxwin_le_30,28,complexity_gt_18,phase3bp:3fec2d8135c57ca58c29472e,0.12586855,1,read_only_research_candidate,phase3bs_adaptive_hybrid_rx_cem: hybrid arm from phase3bp_true1min_cem_elite: cem seed interaction bar_loc_shift_15 x amount_curve_8_20 spread,0.13009755
phase3bs_00115,3464fd38da39d975240886b2,"CSRank(Sub(ZScore(Sub(Div(Sub($close,$low),Add(Abs(Sub($high,$low)),0.000001)),Mean(Div(Sub($close,$low),Add(Abs(Sub($high,$low)),0.000001)),3))),ZScore(Div(Mean($amount,5),Add(Abs(Mean($amount,15)),0.000001)))))",cem_interaction::rx_range_location::rx_flow_amount_volume::spread,phase3bs_adaptive_hybrid_rx_cem,phase3bs_adaptive_hybrid_rx_cem,amount|close|high|low,"['amount', 'close', 'high', 'low']",15,"CSRank(Sub(ZScore(Sub(Div(Sub($F,$F),Add(Abs(Sub($F,$F)),N)),Mean(Div(Sub($F,$F),Add(Abs(Sub($F,$F)),N)),N))),ZScore(Div(Mean($F,N),Add(Abs(Mean($F,N)),N)))))",CSRank>Sub>ZScore>Sub>Div>Sub>Add>Abs>Sub>Mean,Abs:3|Add:3|CSRank:1|Div:3|Mean:3|Sub:6|ZScore:2,CSRank,9,depth_gt_8,21,opcount_gt_12,4,fieldcount_le_4,3,wincount_le_4,15,maxwin_le_15,28,complexity_gt_18,phase3bp:3464fd38da39d975240886b2,0.12528651,1,read_only_research_candidate,phase3bs_adaptive_hybrid_rx_cem: hybrid arm from phase3bp_true1min_cem_elite: cem seed interaction bar_loc_shift_3 x amount_curve_5_15 spread,0.13001151
phase3bs_00116,979d6b0265a1b60cc1f29a0f,"CSRank(Mul(Sign(ZScore(Delta($intraday_ret_from_open,3))),ZScore(Div($m1_first5_vol,Add(Abs($volume),0.000001)))))",cem_interaction::rx_intraday_return::rx_opening_amount::signed_state,phase3bs_adaptive_hybrid_rx_cem,phase3bs_adaptive_hybrid_rx_cem,intraday_ret_from_open|m1_first5_vol|volume,"['intraday_ret_from_open', 'm1_first5_vol', 'volume']",3,"CSRank(Mul(Sign(ZScore(Delta($F,N))),ZScore(Div($F,Add(Abs($F),N)))))",CSRank>Mul>Sign>ZScore>Delta>ZScore>Div>Add>Abs,Abs:1|Add:1|CSRank:1|Delta:1|Div:1|Mul:1|Sign:1|ZScore:2,CSRank,6,depth_le_6,9,opcount_le_9,3,fieldcount_le_4,1,wincount_le_1,3,maxwin_le_5,13,complexity_le_14,phase3bp:979d6b0265a1b60cc1f29a0f,0.13572632,1,read_only_research_candidate,phase3bs_adaptive_hybrid_rx_cem: hybrid arm from phase3bp_true1min_cem_elite: cem seed interaction intraday_delta_3 x m1_first5_vol signed_state,0.12996132
phase3bs_00117,13eeca17647cf7f69746cf22,"CSRank(Sub(ZScore(Sub(Div(Sub($close,$low),Add(Abs(Sub($high,$low)),0.000001)),Mean(Div(Sub($close,$low),Add(Abs(Sub($high,$low)),0.000001)),8))),ZScore(Div(Mean($amount,5),Add(Abs(Mean($amount,15)),0.000001)))))",cem_interaction::rx_range_location::rx_flow_amount_volume::spread,phase3bs_adaptive_hybrid_rx_cem,phase3bs_adaptive_hybrid_rx_cem,amount|close|high|low,"['amount', 'close', 'high', 'low']",15,"CSRank(Sub(ZScore(Sub(Div(Sub($F,$F),Add(Abs(Sub($F,$F)),N)),Mean(Div(Sub($F,$F),Add(Abs(Sub($F,$F)),N)),N))),ZScore(Div(Mean($F,N),Add(Abs(Mean($F,N)),N)))))",CSRank>Sub>ZScore>Sub>Div>Sub>Add>Abs>Sub>Mean,Abs:3|Add:3|CSRank:1|Div:3|Mean:3|Sub:6|ZScore:2,CSRank,9,depth_gt_8,21,opcount_gt_12,4,fieldcount_le_4,3,wincount_le_4,15,maxwin_le_15,28,complexity_gt_18,phase3bp:13eeca17647cf7f69746cf22,0.1256194,1,read_only_research_candidate,phase3bs_adaptive_hybrid_rx_cem: hybrid arm from phase3bp_true1min_cem_elite: cem seed interaction bar_loc_shift_8 x amount_curve_5_15 spread,0.1299334
phase3bs_00118,129265eaf8dfc7a2fe813607,"CSRank(Mul(Sign(ZScore(Delta($intraday_ret_from_open,5))),ZScore(Div($m1_first5_vol,Add(Abs($volume),0.000001)))))",cem_interaction::rx_intraday_return::rx_opening_amount::signed_state,phase3bs_adaptive_hybrid_rx_cem,phase3bs_adaptive_hybrid_rx_cem,intraday_ret_from_open|m1_first5_vol|volume,"['intraday_ret_from_open', 'm1_first5_vol', 'volume']",5,"CSRank(Mul(Sign(ZScore(Delta($F,N))),ZScore(Div($F,Add(Abs($F),N)))))",CSRank>Mul>Sign>ZScore>Delta>ZScore>Div>Add>Abs,Abs:1|Add:1|CSRank:1|Delta:1|Div:1|Mul:1|Sign:1|ZScore:2,CSRank,6,depth_le_6,9,opcount_le_9,3,fieldcount_le_4,1,wincount_le_1,5,maxwin_le_5,13,complexity_le_14,phase3bp:129265eaf8dfc7a2fe813607,0.135624,1,read_only_research_candidate,phase3bs_adaptive_hybrid_rx_cem: hybrid arm from phase3bp_true1min_cem_elite: cem seed interaction intraday_delta_5 x m1_first5_vol signed_state,0.129749
phase3bs_00119,cb13d1fb293ae5cc632e93ae,"CSRank(Mul(Sign(ZScore(Sub(Div(Sub($close,$low),Add(Abs(Sub($high,$low)),0.000001)),Mean(Div(Sub($close,$low),Add(Abs(Sub($high,$low)),0.000001)),15)))),ZScore(Std(Div(Sub($high,$low),Add(Abs($open),0.000001)),3))))",cem_interaction::rx_range_location::rx_range_location::signed_state,phase3bs_adaptive_hybrid_rx_cem,phase3bs_adaptive_hybrid_rx_cem,close|high|low|open,"['close', 'high', 'low', 'open']",0,"CSRank(Mul(Sign(ZScore(Sub(Div(Sub($F,$F),Add(Abs(Sub($F,$F)),N)),Mean(Div(Sub($F,$F),Add(Abs(Sub($F,$F)),N)),N)))),ZScore(Std(Div(Sub($F,$F),Add(Abs($F),N)),N))))",CSRank>Mul>Sign>ZScore>Sub>Div>Sub>Add>Abs>Sub,Abs:3|Add:3|CSRank:1|Div:3|Mean:1|Mul:1|Sign:1|Std:1|Sub:6|ZScore:2,CSRank,10,depth_gt_8,22,opcount_gt_12,4,fieldcount_le_4,2,wincount_le_2,15,maxwin_le_15,28,complexity_gt_18,phase3bp:cb13d1fb293ae5cc632e93ae,0.13942592,1,read_only_research_candidate,phase3bs_adaptive_hybrid_rx_cem: hybrid arm from phase3bp_true1min_cem_elite: cem seed interaction bar_loc_shift_15 x range_vol_3 signed_state,0.12630692
phase3bs_00120,3b227ed9896a73c6c2d4686d,"CSRank(Mul(Sign(ZScore(Sub(Div(Sub($close,$low),Add(Abs(Sub($high,$low)),0.000001)),Mean(Div(Sub($close,$low),Add(Abs(Sub($high,$low)),0.000001)),15)))),ZScore(Std(Div(Sub($high,$low),Add(Abs($open),0.000001)),10))))",cem_interaction::rx_range_location::rx_range_location::signed_state,phase3bs_adaptive_hybrid_rx_cem,phase3bs_adaptive_hybrid_rx_cem,close|high|low|open,"['close', 'high', 'low', 'open']",0,"CSRank(Mul(Sign(ZScore(Sub(Div(Sub($F,$F),Add(Abs(Sub($F,$F)),N)),Mean(Div(Sub($F,$F),Add(Abs(Sub($F,$F)),N)),N)))),ZScore(Std(Div(Sub($F,$F),Add(Abs($F),N)),N))))",CSRank>Mul>Sign>ZScore>Sub>Div>Sub>Add>Abs>Sub,Abs:3|Add:3|CSRank:1|Div:3|Mean:1|Mul:1|Sign:1|Std:1|Sub:6|ZScore:2,CSRank,10,depth_gt_8,22,opcount_gt_12,4,fieldcount_le_4,2,wincount_le_2,15,maxwin_le_15,28,complexity_gt_18,phase3bp:3b227ed9896a73c6c2d4686d,0.1397054,1,read_only_research_candidate,phase3bs_adaptive_hybrid_rx_cem: hybrid arm from phase3bp_true1min_cem_elite: cem seed interaction bar_loc_shift_15 x range_vol_10 signed_state,0.1261594
phase3bs_00121,bf5d1470014c375d15fbb7a1,"CSRank(Mul(Sign(ZScore(Sub(Div(Sub($close,$low),Add(Abs(Sub($high,$low)),0.000001)),Mean(Div(Sub($close,$low),Add(Abs(Sub($high,$low)),0.000001)),15)))),ZScore(Std(Div(Sub($high,$low),Add(Abs($open),0.000001)),8))))",cem_interaction::rx_range_location::rx_range_location::signed_state,phase3bs_adaptive_hybrid_rx_cem,phase3bs_adaptive_hybrid_rx_cem,close|high|low|open,"['close', 'high', 'low', 'open']",0,"CSRank(Mul(Sign(ZScore(Sub(Div(Sub($F,$F),Add(Abs(Sub($F,$F)),N)),Mean(Div(Sub($F,$F),Add(Abs(Sub($F,$F)),N)),N)))),ZScore(Std(Div(Sub($F,$F),Add(Abs($F),N)),N))))",CSRank>Mul>Sign>ZScore>Sub>Div>Sub>Add>Abs>Sub,Abs:3|Add:3|CSRank:1|Div:3|Mean:1|Mul:1|Sign:1|Std:1|Sub:6|ZScore:2,CSRank,10,depth_gt_8,22,opcount_gt_12,4,fieldcount_le_4,2,wincount_le_2,15,maxwin_le_15,28,complexity_gt_18,phase3bp:bf5d1470014c375d15fbb7a1,0.13992524,1,read_only_research_candidate,phase3bs_adaptive_hybrid_rx_cem: hybrid arm from phase3bp_true1min_cem_elite: cem seed interaction bar_loc_shift_15 x range_vol_8 signed_state,0.12612924
phase3bs_00122,924f5c847a09b68d5ccb3296,"CSRank(Mul(Sign(ZScore(Sub(Div(Sub($close,$low),Add(Abs(Sub($high,$low)),0.000001)),Mean(Div(Sub($close,$low),Add(Abs(Sub($high,$low)),0.000001)),2)))),ZScore(Std(Div(Sub($high,$low),Add(Abs($open),0.000001)),15))))",cem_interaction::rx_range_location::rx_range_location::signed_state,phase3bs_adaptive_hybrid_rx_cem,phase3bs_adaptive_hybrid_rx_cem,close|high|low|open,"['close', 'high', 'low', 'open']",0,"CSRank(Mul(Sign(ZScore(Sub(Div(Sub($F,$F),Add(Abs(Sub($F,$F)),N)),Mean(Div(Sub($F,$F),Add(Abs(Sub($F,$F)),N)),N)))),ZScore(Std(Div(Sub($F,$F),Add(Abs($F),N)),N))))",CSRank>Mul>Sign>ZScore>Sub>Div>Sub>Add>Abs>Sub,Abs:3|Add:3|CSRank:1|Div:3|Mean:1|Mul:1|Sign:1|Std:1|Sub:6|ZScore:2,CSRank,10,depth_gt_8,22,opcount_gt_12,4,fieldcount_le_4,2,wincount_le_2,15,maxwin_le_15,28,complexity_gt_18,phase3bp:924f5c847a09b68d5ccb3296,0.13941012,1,read_only_research_candidate,phase3bs_adaptive_hybrid_rx_cem: hybrid arm from phase3bp_true1min_cem_elite: cem seed interaction bar_loc_shift_2 x range_vol_15 signed_state,0.12598212
phase3bs_00123,0c4f200f3beb347fda5f2d1e,"CSRank(Mul(Sign(ZScore(Sub(Div(Sub($close,$low),Add(Abs(Sub($high,$low)),0.000001)),Mean(Div(Sub($close,$low),Add(Abs(Sub($high,$low)),0.000001)),20)))),ZScore(Std(Div(Sub($high,$low),Add(Abs($open),0.000001)),15))))",cem_interaction::rx_range_location::rx_range_location::signed_state,phase3bs_adaptive_hybrid_rx_cem,phase3bs_adaptive_hybrid_rx_cem,close|high|low|open,"['close', 'high', 'low', 'open']",0,"CSRank(Mul(Sign(ZScore(Sub(Div(Sub($F,$F),Add(Abs(Sub($F,$F)),N)),Mean(Div(Sub($F,$F),Add(Abs(Sub($F,$F)),N)),N)))),ZScore(Std(Div(Sub($F,$F),Add(Abs($F),N)),N))))",CSRank>Mul>Sign>ZScore>Sub>Div>Sub>Add>Abs>Sub,Abs:3|Add:3|CSRank:1|Div:3|Mean:1|Mul:1|Sign:1|Std:1|Sub:6|ZScore:2,CSRank,10,depth_gt_8,22,opcount_gt_12,4,fieldcount_le_4,2,wincount_le_2,20,maxwin_le_30,28,complexity_gt_18,phase3bp:0c4f200f3beb347fda5f2d1e,0.1392847,1,read_only_research_candidate,phase3bs_adaptive_hybrid_rx_cem: hybrid arm from phase3bp_true1min_cem_elite: cem seed interaction bar_loc_shift_20 x range_vol_15 signed_state,0.1259727
phase3bs_00124,35aee9ae38365f90ed42b2a3,"CSRank(Mul(Sign(ZScore(Delta($intraday_ret_from_open,10))),ZScore(Div($m1_first15_vol,Add(Abs($volume),0.000001)))))",cem_interaction::rx_intraday_return::rx_opening_amount::signed_state,phase3bs_adaptive_hybrid_rx_cem,phase3bs_adaptive_hybrid_rx_cem,intraday_ret_from_open|m1_first15_vol|volume,"['intraday_ret_from_open', 'm1_first15_vol', 'volume']",10,"CSRank(Mul(Sign(ZScore(Delta($F,N))),ZScore(Div($F,Add(Abs($F),N)))))",CSRank>Mul>Sign>ZScore>Delta>ZScore>Div>Add>Abs,Abs:1|Add:1|CSRank:1|Delta:1|Div:1|Mul:1|Sign:1|ZScore:2,CSRank,6,depth_le_6,9,opcount_le_9,3,fieldcount_le_4,1,wincount_le_1,10,maxwin_le_15,13,complexity_le_14,phase3bp:35aee9ae38365f90ed42b2a3,0.12980359,1,read_only_research_candidate,phase3bs_adaptive_hybrid_rx_cem: hybrid arm from phase3bp_true1min_cem_elite: cem seed interaction intraday_delta_10 x m1_first15_vol signed_state,0.12398859
phase3bs_00125,535f26fb52e9722960333e19,"CSRank(Mul(Sign(ZScore(Sub(Div(Sub($close,$low),Add(Abs(Sub($high,$low)),0.000001)),Mean(Div(Sub($close,$low),Add(Abs(Sub($high,$low)),0.000001)),8)))),ZScore(Std($ret_1m,15))))",cem_interaction::rx_range_location::rx_volatility_state::signed_state,phase3bs_adaptive_hybrid_rx_cem,phase3bs_adaptive_hybrid_rx_cem,close|high|low|ret_1m,"['close', 'high', 'low', 'ret_1m']",15,"CSRank(Mul(Sign(ZScore(Sub(Div(Sub($F,$F),Add(Abs(Sub($F,$F)),N)),Mean(Div(Sub($F,$F),Add(Abs(Sub($F,$F)),N)),N)))),ZScore(Std($F,N))))",CSRank>Mul>Sign>ZScore>Sub>Div>Sub>Add>Abs>Sub,Abs:2|Add:2|CSRank:1|Div:2|Mean:1|Mul:1|Sign:1|Std:1|Sub:5|ZScore:2,CSRank,10,depth_gt_8,18,opcount_gt_12,4,fieldcount_le_4,2,wincount_le_2,15,maxwin_le_15,24,complexity_gt_18,phase3bp:535f26fb52e9722960333e19,0.13686679,1,read_only_research_candidate,phase3bs_adaptive_hybrid_rx_cem: hybrid arm from phase3bp_true1min_cem_elite: cem seed interaction bar_loc_shift_8 x ret_vol_15 signed_state,0.12371279
phase3bs_00126,20099db91590f0797b2e85d0,"CSRank(Mul(Sign(ZScore(Sub(Div(Sub($close,$low),Add(Abs(Sub($high,$low)),0.000001)),Mean(Div(Sub($close,$low),Add(Abs(Sub($high,$low)),0.000001)),15)))),ZScore(Std($ret_1m,8))))",cem_interaction::rx_range_location::rx_volatility_state::signed_state,phase3bs_adaptive_hybrid_rx_cem,phase3bs_adaptive_hybrid_rx_cem,close|high|low|ret_1m,"['close', 'high', 'low', 'ret_1m']",8,"CSRank(Mul(Sign(ZScore(Sub(Div(Sub($F,$F),Add(Abs(Sub($F,$F)),N)),Mean(Div(Sub($F,$F),Add(Abs(Sub($F,$F)),N)),N)))),ZScore(Std($F,N))))",CSRank>Mul>Sign>ZScore>Sub>Div>Sub>Add>Abs>Sub,Abs:2|Add:2|CSRank:1|Div:2|Mean:1|Mul:1|Sign:1|Std:1|Sub:5|ZScore:2,CSRank,10,depth_gt_8,18,opcount_gt_12,4,fieldcount_le_4,2,wincount_le_2,15,maxwin_le_15,24,complexity_gt_18,phase3bp:20099db91590f0797b2e85d0,0.13686679,1,read_only_research_candidate,phase3bs_adaptive_hybrid_rx_cem: hybrid arm from phase3bp_true1min_cem_elite: cem seed interaction bar_loc_shift_15 x ret_vol_8 signed_state,0.12347979
phase3bs_00127,5bc689b4a968a7d9b79e4d73,"CSRank(Mul(Sign(ZScore(Sub(Div(Sub($close,$low),Add(Abs(Sub($high,$low)),0.000001)),Mean(Div(Sub($close,$low),Add(Abs(Sub($high,$low)),0.000001)),10)))),ZScore(Std($ret_1m,15))))",cem_interaction::rx_range_location::rx_volatility_state::signed_state,phase3bs_adaptive_hybrid_rx_cem,phase3bs_adaptive_hybrid_rx_cem,close|high|low|ret_1m,"['close', 'high', 'low', 'ret_1m']",15,"CSRank(Mul(Sign(ZScore(Sub(Div(Sub($F,$F),Add(Abs(Sub($F,$F)),N)),Mean(Div(Sub($F,$F),Add(Abs(Sub($F,$F)),N)),N)))),ZScore(Std($F,N))))",CSRank>Mul>Sign>ZScore>Sub>Div>Sub>Add>Abs>Sub,Abs:2|Add:2|CSRank:1|Div:2|Mean:1|Mul:1|Sign:1|Std:1|Sub:5|ZScore:2,CSRank,10,depth_gt_8,18,opcount_gt_12,4,fieldcount_le_4,2,wincount_le_2,15,maxwin_le_15,24,complexity_gt_18,phase3bp:5bc689b4a968a7d9b79e4d73,0.13664695,1,read_only_research_candidate,phase3bs_adaptive_hybrid_rx_cem: hybrid arm from phase3bp_true1min_cem_elite: cem seed interaction bar_loc_shift_10 x ret_vol_15 signed_state,0.12324795
phase3bs_00128,14ca00aceb5fad93c518d637,"CSRank(Mul(Sign(ZScore(Sub(Div(Sub($close,$low),Add(Abs(Sub($high,$low)),0.000001)),Mean(Div(Sub($close,$low),Add(Abs(Sub($high,$low)),0.000001)),15)))),ZScore(Std($ret_1m,10))))",cem_interaction::rx_range_location::rx_volatility_state::signed_state,phase3bs_adaptive_hybrid_rx_cem,phase3bs_adaptive_hybrid_rx_cem,close|high|low|ret_1m,"['close', 'high', 'low', 'ret_1m']",10,"CSRank(Mul(Sign(ZScore(Sub(Div(Sub($F,$F),Add(Abs(Sub($F,$F)),N)),Mean(Div(Sub($F,$F),Add(Abs(Sub($F,$F)),N)),N)))),ZScore(Std($F,N))))",CSRank>Mul>Sign>ZScore>Sub>Div>Sub>Add>Abs>Sub,Abs:2|Add:2|CSRank:1|Div:2|Mean:1|Mul:1|Sign:1|Std:1|Sub:5|ZScore:2,CSRank,10,depth_gt_8,18,opcount_gt_12,4,fieldcount_le_4,2,wincount_le_2,15,maxwin_le_15,24,complexity_gt_18,phase3bp:14ca00aceb5fad93c518d637,0.13664695,1,read_only_research_candidate,phase3bs_adaptive_hybrid_rx_cem: hybrid arm from phase3bp_true1min_cem_elite: cem seed interaction bar_loc_shift_15 x ret_vol_10 signed_state,0.12307895
phase3bs_00129,075df5c33909dc20e69ccf81,"CSRank(Mul(Sign(ZScore(Sub(Div(Sub($close,$low),Add(Abs(Sub($high,$low)),0.000001)),Mean(Div(Sub($close,$low),Add(Abs(Sub($high,$low)),0.000001)),20)))),ZScore(Std($ret_1m,15))))",cem_interaction::rx_range_location::rx_volatility_state::signed_state,phase3bs_adaptive_hybrid_rx_cem,phase3bs_adaptive_hybrid_rx_cem,close|high|low|ret_1m,"['close', 'high', 'low', 'ret_1m']",15,"CSRank(Mul(Sign(ZScore(Sub(Div(Sub($F,$F),Add(Abs(Sub($F,$F)),N)),Mean(Div(Sub($F,$F),Add(Abs(Sub($F,$F)),N)),N)))),ZScore(Std($F,N))))",CSRank>Mul>Sign>ZScore>Sub>Div>Sub>Add>Abs>Sub,Abs:2|Add:2|CSRank:1|Div:2|Mean:1|Mul:1|Sign:1|Std:1|Sub:5|ZScore:2,CSRank,10,depth_gt_8,18,opcount_gt_12,4,fieldcount_le_4,2,wincount_le_2,20,maxwin_le_30,24,complexity_gt_18,phase3bp:075df5c33909dc20e69ccf81,0.13622625,1,read_only_research_candidate,phase3bs_adaptive_hybrid_rx_cem: hybrid arm from phase3bp_true1min_cem_elite: cem seed interaction bar_loc_shift_20 x ret_vol_15 signed_state,0.12303125
phase3bs_00130,fd2e341142049497404f0bb3,"CSRank(Mul(Sign(ZScore(Delta($intraday_ret_from_open,2))),ZScore(Div($m1_first15_vol,Add(Abs($volume),0.000001)))))",cem_interaction::rx_intraday_return::rx_opening_amount::signed_state,phase3bs_adaptive_hybrid_rx_cem,phase3bs_adaptive_hybrid_rx_cem,intraday_ret_from_open|m1_first15_vol|volume,"['intraday_ret_from_open', 'm1_first15_vol', 'volume']",2,"CSRank(Mul(Sign(ZScore(Delta($F,N))),ZScore(Div($F,Add(Abs($F),N)))))",CSRank>Mul>Sign>ZScore>Delta>ZScore>Div>Add>Abs,Abs:1|Add:1|CSRank:1|Delta:1|Div:1|Mul:1|Sign:1|ZScore:2,CSRank,6,depth_le_6,9,opcount_le_9,3,fieldcount_le_4,1,wincount_le_1,2,maxwin_le_5,13,complexity_le_14,phase3bp:fd2e341142049497404f0bb3,0.12850851,1,read_only_research_candidate,phase3bs_adaptive_hybrid_rx_cem: hybrid arm from phase3bp_true1min_cem_elite: cem seed interaction intraday_delta_2 x m1_first15_vol signed_state,0.12294451
phase3bs_00131,6051b6a5b8a88d4751e29676,"CSRank(Mul(Sign(ZScore(Delta($intraday_ret_from_open,3))),ZScore(Div($m1_first15_vol,Add(Abs($volume),0.000001)))))",cem_interaction::rx_intraday_return::rx_opening_amount::signed_state,phase3bs_adaptive_hybrid_rx_cem,phase3bs_adaptive_hybrid_rx_cem,intraday_ret_from_open|m1_first15_vol|volume,"['intraday_ret_from_open', 'm1_first15_vol', 'volume']",3,"CSRank(Mul(Sign(ZScore(Delta($F,N))),ZScore(Div($F,Add(Abs($F),N)))))",CSRank>Mul>Sign>ZScore>Delta>ZScore>Div>Add>Abs,Abs:1|Add:1|CSRank:1|Delta:1|Div:1|Mul:1|Sign:1|ZScore:2,CSRank,6,depth_le_6,9,opcount_le_9,3,fieldcount_le_4,1,wincount_le_1,3,maxwin_le_5,13,complexity_le_14,phase3bp:6051b6a5b8a88d4751e29676,0.12854012,1,read_only_research_candidate,phase3bs_adaptive_hybrid_rx_cem: hybrid arm from phase3bp_true1min_cem_elite: cem seed interaction intraday_delta_3 x m1_first15_vol signed_state,0.12291412
phase3bs_00132,bc8d02ee3c134577e40a961c,"CSRank(Mul(Sign(ZScore(Delta($intraday_ret_from_open,20))),ZScore(Div($m1_first15_vol,Add(Abs($volume),0.000001)))))",cem_interaction::rx_intraday_return::rx_opening_amount::signed_state,phase3bs_adaptive_hybrid_rx_cem,phase3bs_adaptive_hybrid_rx_cem,intraday_ret_from_open|m1_first15_vol|volume,"['intraday_ret_from_open', 'm1_first15_vol', 'volume']",20,"CSRank(Mul(Sign(ZScore(Delta($F,N))),ZScore(Div($F,Add(Abs($F),N)))))",CSRank>Mul>Sign>ZScore>Delta>ZScore>Div>Add>Abs,Abs:1|Add:1|CSRank:1|Delta:1|Div:1|Mul:1|Sign:1|ZScore:2,CSRank,6,depth_le_6,9,opcount_le_9,3,fieldcount_le_4,1,wincount_le_1,20,maxwin_le_30,13,complexity_le_14,phase3bp:bc8d02ee3c134577e40a961c,0.12803461,1,read_only_research_candidate,phase3bs_adaptive_hybrid_rx_cem: hybrid arm from phase3bp_true1min_cem_elite: cem seed interaction intraday_delta_20 x m1_first15_vol signed_state,0.12290061
phase3bs_00133,b0a35c7fc037fd30fd4391ff,"CSRank(Mul(Sign(ZScore(Delta($intraday_ret_from_open,5))),ZScore(Div($m1_first15_vol,Add(Abs($volume),0.000001)))))",cem_interaction::rx_intraday_return::rx_opening_amount::signed_state,phase3bs_adaptive_hybrid_rx_cem,phase3bs_adaptive_hybrid_rx_cem,intraday_ret_from_open|m1_first15_vol|volume,"['intraday_ret_from_open', 'm1_first15_vol', 'volume']",5,"CSRank(Mul(Sign(ZScore(Delta($F,N))),ZScore(Div($F,Add(Abs($F),N)))))",CSRank>Mul>Sign>ZScore>Delta>ZScore>Div>Add>Abs,Abs:1|Add:1|CSRank:1|Delta:1|Div:1|Mul:1|Sign:1|ZScore:2,CSRank,6,depth_le_6,9,opcount_le_9,3,fieldcount_le_4,1,wincount_le_1,5,maxwin_le_5,13,complexity_le_14,phase3bp:b0a35c7fc037fd30fd4391ff,0.12843779,1,read_only_research_candidate,phase3bs_adaptive_hybrid_rx_cem: hybrid arm from phase3bp_true1min_cem_elite: cem seed interaction intraday_delta_5 x m1_first15_vol signed_state,0.12259379
phase3bs_00134,8cc0aa5d7f041d43328a5b70,"CSRank(Mul(Sign(ZScore(Sub(Div(Sub($close,$low),Add(Abs(Sub($high,$low)),0.000001)),Mean(Div(Sub($close,$low),Add(Abs(Sub($high,$low)),0.000001)),10)))),ZScore(Div($m1_first30_vol,Add(Abs($volume),0.000001)))))",cem_interaction::rx_range_location::rx_opening_amount::signed_state,phase3bs_adaptive_hybrid_rx_cem,phase3bs_adaptive_hybrid_rx_cem,close|high|low|m1_first30_vol|volume,"['close', 'high', 'low', 'm1_first30_vol', 'volume']",0,"CSRank(Mul(Sign(ZScore(Sub(Div(Sub($F,$F),Add(Abs(Sub($F,$F)),N)),Mean(Div(Sub($F,$F),Add(Abs(Sub($F,$F)),N)),N)))),ZScore(Div($F,Add(Abs($F),N)))))",CSRank>Mul>Sign>ZScore>Sub>Div>Sub>Add>Abs>Sub,Abs:3|Add:3|CSRank:1|Div:3|Mean:1|Mul:1|Sign:1|Sub:5|ZScore:2,CSRank,10,depth_gt_8,20,opcount_gt_12,5,fieldcount_le_6,1,wincount_le_1,10,maxwin_le_15,26,complexity_gt_18,phase3bp:8cc0aa5d7f041d43328a5b70,0.12447818,1,read_only_research_candidate,phase3bs_adaptive_hybrid_rx_cem: hybrid arm from phase3bp_true1min_cem_elite: cem seed interaction bar_loc_shift_10 x m1_first30_vol signed_state,0.12084018
phase3bs_00135,30f330cadd8a43dff843b74c,"CSRank(Mul(Sign(ZScore(Sub(Div(Sub($close,$low),Add(Abs(Sub($high,$low)),0.000001)),Mean(Div(Sub($close,$low),Add(Abs(Sub($high,$low)),0.000001)),5)))),ZScore(Div($m1_first30_vol,Add(Abs($volume),0.000001)))))",cem_interaction::rx_range_location::rx_opening_amount::signed_state,phase3bs_adaptive_hybrid_rx_cem,phase3bs_adaptive_hybrid_rx_cem,close|high|low|m1_first30_vol|volume,"['close', 'high', 'low', 'm1_first30_vol', 'volume']",0,"CSRank(Mul(Sign(ZScore(Sub(Div(Sub($F,$F),Add(Abs(Sub($F,$F)),N)),Mean(Div(Sub($F,$F),Add(Abs(Sub($F,$F)),N)),N)))),ZScore(Div($F,Add(Abs($F),N)))))",CSRank>Mul>Sign>ZScore>Sub>Div>Sub>Add>Abs>Sub,Abs:3|Add:3|CSRank:1|Div:3|Mean:1|Mul:1|Sign:1|Sub:5|ZScore:2,CSRank,10,depth_gt_8,20,opcount_gt_12,5,fieldcount_le_6,1,wincount_le_1,5,maxwin_le_5,26,complexity_gt_18,phase3bp:30f330cadd8a43dff843b74c,0.12311238,1,read_only_research_candidate,phase3bs_adaptive_hybrid_rx_cem: hybrid arm from phase3bp_true1min_cem_elite: cem seed interaction bar_loc_shift_5 x m1_first30_vol signed_state,0.12009638
phase3bs_00136,f133f89976097ca649959615,"CSRank(Mul(Sign(ZScore(Sub(Div(Sub($close,$low),Add(Abs(Sub($high,$low)),0.000001)),Mean(Div(Sub($close,$low),Add(Abs(Sub($high,$low)),0.000001)),2)))),ZScore(Div($m1_first30_vol,Add(Abs($volume),0.000001)))))",cem_interaction::rx_range_location::rx_opening_amount::signed_state,phase3bs_adaptive_hybrid_rx_cem,phase3bs_adaptive_hybrid_rx_cem,close|high|low|m1_first30_vol|volume,"['close', 'high', 'low', 'm1_first30_vol', 'volume']",0,"CSRank(Mul(Sign(ZScore(Sub(Div(Sub($F,$F),Add(Abs(Sub($F,$F)),N)),Mean(Div(Sub($F,$F),Add(Abs(Sub($F,$F)),N)),N)))),ZScore(Div($F,Add(Abs($F),N)))))",CSRank>Mul>Sign>ZScore>Sub>Div>Sub>Add>Abs>Sub,Abs:3|Add:3|CSRank:1|Div:3|Mean:1|Mul:1|Sign:1|Sub:5|ZScore:2,CSRank,10,depth_gt_8,20,opcount_gt_12,5,fieldcount_le_6,1,wincount_le_1,2,maxwin_le_5,26,complexity_gt_18,phase3bp:f133f89976097ca649959615,0.1231831,1,read_only_research_candidate,phase3bs_adaptive_hybrid_rx_cem: hybrid arm from phase3bp_true1min_cem_elite: cem seed interaction bar_loc_shift_2 x m1_first30_vol signed_state,0.1196631
phase3bs_00137,c5d2143e3839ee6d0092032c,"CSRank(Sub(ZScore(Delta($intraday_ret_from_open,15)),ZScore(Mean(Std(Div(Sub($high,$low),Add(Abs($open),0.000001)),30),3))))",cem_resample::rx_intraday_return::rx_range_location::elite_spread_mean3,phase3bs_adaptive_hybrid_rx_cem,phase3bs_adaptive_hybrid_rx_cem,high|intraday_ret_from_open|low|open,"['high', 'intraday_ret_from_open', 'low', 'open']",15,"CSRank(Sub(ZScore(Delta($F,N)),ZScore(Mean(Std(Div(Sub($F,$F),Add(Abs($F),N)),N),N))))",CSRank>Sub>ZScore>Delta>ZScore>Mean>Std>Div>Sub>Add,Abs:1|Add:1|CSRank:1|Delta:1|Div:1|Mean:1|Std:1|Sub:2|ZScore:2,CSRank,8,depth_le_8,11,opcount_le_12,4,fieldcount_le_4,3,wincount_le_4,30,maxwin_le_30,18,complexity_le_18,phase3bp:c5d2143e3839ee6d0092032c,0.12699816,1,read_only_research_candidate,phase3bs_adaptive_hybrid_rx_cem: hybrid arm from phase3bp_true1min_cem_elite: cem round 3 elite resample intraday_delta_15 x range_vol_30,0.11937016
phase3bs_00138,31e5bc80761e4c486ac9f41a,"CSRank(Mul(Sign(ZScore(Sub(Div(Sub($close,$low),Add(Abs(Sub($high,$low)),0.000001)),Mean(Div(Sub($close,$low),Add(Abs(Sub($high,$low)),0.000001)),3)))),ZScore(Div($m1_first30_vol,Add(Abs($volume),0.000001)))))",cem_interaction::rx_range_location::rx_opening_amount::signed_state,phase3bs_adaptive_hybrid_rx_cem,phase3bs_adaptive_hybrid_rx_cem,close|high|low|m1_first30_vol|volume,"['close', 'high', 'low', 'm1_first30_vol', 'volume']",0,"CSRank(Mul(Sign(ZScore(Sub(Div(Sub($F,$F),Add(Abs(Sub($F,$F)),N)),Mean(Div(Sub($F,$F),Add(Abs(Sub($F,$F)),N)),N)))),ZScore(Div($F,Add(Abs($F),N)))))",CSRank>Mul>Sign>ZScore>Sub>Div>Sub>Add>Abs>Sub,Abs:3|Add:3|CSRank:1|Div:3|Mean:1|Mul:1|Sign:1|Sub:5|ZScore:2,CSRank,10,depth_gt_8,20,opcount_gt_12,5,fieldcount_le_6,1,wincount_le_1,3,maxwin_le_5,26,complexity_gt_18,phase3bp:31e5bc80761e4c486ac9f41a,0.1232147,1,read_only_research_candidate,phase3bs_adaptive_hybrid_rx_cem: hybrid arm from phase3bp_true1min_cem_elite: cem seed interaction bar_loc_shift_3 x m1_first30_vol signed_state,0.1192907
phase3bs_00139,80513ae3488c8d7cc4915632,"CSRank(Mul(Sign(ZScore(Sub(Div(Sub($close,$low),Add(Abs(Sub($high,$low)),0.000001)),Mean(Div(Sub($close,$low),Add(Abs(Sub($high,$low)),0.000001)),20)))),ZScore(Div($m1_first30_vol,Add(Abs($volume),0.000001)))))",cem_interaction::rx_range_location::rx_opening_amount::signed_state,phase3bs_adaptive_hybrid_rx_cem,phase3bs_adaptive_hybrid_rx_cem,close|high|low|m1_first30_vol|volume,"['close', 'high', 'low', 'm1_first30_vol', 'volume']",0,"CSRank(Mul(Sign(ZScore(Sub(Div(Sub($F,$F),Add(Abs(Sub($F,$F)),N)),Mean(Div(Sub($F,$F),Add(Abs(Sub($F,$F)),N)),N)))),ZScore(Div($F,Add(Abs($F),N)))))",CSRank>Mul>Sign>ZScore>Sub>Div>Sub>Add>Abs>Sub,Abs:3|Add:3|CSRank:1|Div:3|Mean:1|Mul:1|Sign:1|Sub:5|ZScore:2,CSRank,10,depth_gt_8,20,opcount_gt_12,5,fieldcount_le_6,1,wincount_le_1,20,maxwin_le_30,26,complexity_gt_18,phase3bp:80513ae3488c8d7cc4915632,0.1227092,1,read_only_research_candidate,phase3bs_adaptive_hybrid_rx_cem: hybrid arm from phase3bp_true1min_cem_elite: cem seed interaction bar_loc_shift_20 x m1_first30_vol signed_state,0.1191112
phase3bs_00140,006f5ef08392466d4d4afa76,"CSRank(Mul(ZScore(Delta(Delta($intraday_ret_from_open,20),2)),ZScore(Std(Div(Sub($high,$low),Add(Abs($open),0.000001)),15))))",cem_resample::rx_intraday_return::rx_range_location::elite_delta_product,phase3bs_adaptive_hybrid_rx_cem,phase3bs_adaptive_hybrid_rx_cem,high|intraday_ret_from_open|low|open,"['high', 'intraday_ret_from_open', 'low', 'open']",20,"CSRank(Mul(ZScore(Delta(Delta($F,N),N)),ZScore(Std(Div(Sub($F,$F),Add(Abs($F),N)),N))))",CSRank>Mul>ZScore>Delta>Delta>ZScore>Std>Div>Sub>Add,Abs:1|Add:1|CSRank:1|Delta:2|Div:1|Mul:1|Std:1|Sub:1|ZScore:2,CSRank,7,depth_le_8,11,opcount_le_12,4,fieldcount_le_4,3,wincount_le_4,20,maxwin_le_30,18,complexity_le_18,phase3bp:006f5ef08392466d4d4afa76,0.12596509,1,read_only_research_candidate,phase3bs_adaptive_hybrid_rx_cem: hybrid arm from phase3bp_true1min_cem_elite: cem round 3 elite resample intraday_delta_20 x range_vol_15,0.11847509
phase3bs_00141,a126c2d12423cfc61328d3bd,"CSRank(Mul(ZScore(Delta(Delta($intraday_ret_from_open,10),2)),ZScore(Std(Div(Sub($high,$low),Add(Abs($open),0.000001)),15))))",cem_resample::rx_intraday_return::rx_range_location::elite_delta_product,phase3bs_adaptive_hybrid_rx_cem,phase3bs_adaptive_hybrid_rx_cem,high|intraday_ret_from_open|low|open,"['high', 'intraday_ret_from_open', 'low', 'open']",10,"CSRank(Mul(ZScore(Delta(Delta($F,N),N)),ZScore(Std(Div(Sub($F,$F),Add(Abs($F),N)),N))))",CSRank>Mul>ZScore>Delta>Delta>ZScore>Std>Div>Sub>Add,Abs:1|Add:1|CSRank:1|Delta:2|Div:1|Mul:1|Std:1|Sub:1|ZScore:2,CSRank,7,depth_le_8,11,opcount_le_12,4,fieldcount_le_4,3,wincount_le_4,15,maxwin_le_15,18,complexity_le_18,phase3bp:a126c2d12423cfc61328d3bd,0.12593636,1,read_only_research_candidate,phase3bs_adaptive_hybrid_rx_cem: hybrid arm from phase3bp_true1min_cem_elite: cem round 2 elite resample intraday_delta_10 x range_vol_15,0.11815436
phase3bs_00142,4543f69695a56df3f9f7b564,"CSRank(Mul(ZScore(Delta(Delta($intraday_ret_from_open,3),2)),ZScore(Std(Div(Sub($high,$low),Add(Abs($open),0.000001)),15))))",cem_resample::rx_intraday_return::rx_range_location::elite_delta_product,phase3bs_adaptive_hybrid_rx_cem,phase3bs_adaptive_hybrid_rx_cem,high|intraday_ret_from_open|low|open,"['high', 'intraday_ret_from_open', 'low', 'open']",3,"CSRank(Mul(ZScore(Delta(Delta($F,N),N)),ZScore(Std(Div(Sub($F,$F),Add(Abs($F),N)),N))))",CSRank>Mul>ZScore>Delta>Delta>ZScore>Std>Div>Sub>Add,Abs:1|Add:1|CSRank:1|Delta:2|Div:1|Mul:1|Std:1|Sub:1|ZScore:2,CSRank,7,depth_le_8,11,opcount_le_12,4,fieldcount_le_4,3,wincount_le_4,15,maxwin_le_15,18,complexity_le_18,phase3bp:4543f69695a56df3f9f7b564,0.12575004,1,read_only_research_candidate,phase3bs_adaptive_hybrid_rx_cem: hybrid arm from phase3bp_true1min_cem_elite: cem round 2 elite resample intraday_delta_3 x range_vol_15,0.11813204
phase3bs_00143,f2c3247a6acc94ac3757c51c,"CSRank(Mul(ZScore(Delta(Delta($intraday_ret_from_open,2),2)),ZScore(Std(Div(Sub($high,$low),Add(Abs($open),0.000001)),15))))",cem_resample::rx_intraday_return::rx_range_location::elite_delta_product,phase3bs_adaptive_hybrid_rx_cem,phase3bs_adaptive_hybrid_rx_cem,high|intraday_ret_from_open|low|open,"['high', 'intraday_ret_from_open', 'low', 'open']",2,"CSRank(Mul(ZScore(Delta(Delta($F,N),N)),ZScore(Std(Div(Sub($F,$F),Add(Abs($F),N)),N))))",CSRank>Mul>ZScore>Delta>Delta>ZScore>Std>Div>Sub>Add,Abs:1|Add:1|CSRank:1|Delta:2|Div:1|Mul:1|Std:1|Sub:1|ZScore:2,CSRank,7,depth_le_8,11,opcount_le_12,4,fieldcount_le_4,2,wincount_le_2,15,maxwin_le_15,17,complexity_le_18,phase3bp:f2c3247a6acc94ac3757c51c,0.12512123,1,read_only_research_candidate,phase3bs_adaptive_hybrid_rx_cem: hybrid arm from phase3bp_true1min_cem_elite: cem round 4 elite resample intraday_delta_2 x range_vol_15,0.11778923
phase3bs_00144,591a998a72af8c2243c41d98,"Neg(CSRank(Mul(ZScore(Delta($ret_1m,15)),ZScore(Delta($volume,30)))))",cem_resample::rx_intraday_return::rx_flow_amount_volume::elite_inverted_product,phase3bs_adaptive_hybrid_rx_cem,phase3bs_adaptive_hybrid_rx_cem,ret_1m|volume,"['ret_1m', 'volume']",30,"Neg(CSRank(Mul(ZScore(Delta($F,N)),ZScore(Delta($F,N)))))",Neg>CSRank>Mul>ZScore>Delta>ZScore>Delta,CSRank:1|Delta:2|Mul:1|Neg:1|ZScore:2,Neg,5,depth_le_6,7,opcount_le_9,2,fieldcount_le_2,2,wincount_le_2,30,maxwin_le_30,11,complexity_le_14,phase3bp:591a998a72af8c2243c41d98,0.10807016,1,read_only_research_candidate,phase3bs_adaptive_hybrid_rx_cem: hybrid arm from phase3bp_true1min_cem_elite: cem round 1 elite resample ret_delta_15 x volume_delta_30,0.11658316
phase3bs_00145,d7cd879562b59423d2fcd086,"CSRank(Mul(Sign(ZScore(Delta($ret_1m,15))),ZScore(Delta($volume,30))))",cem_interaction::rx_intraday_return::rx_flow_amount_volume::signed_state,phase3bs_adaptive_hybrid_rx_cem,phase3bs_adaptive_hybrid_rx_cem,ret_1m|volume,"['ret_1m', 'volume']",30,"CSRank(Mul(Sign(ZScore(Delta($F,N))),ZScore(Delta($F,N))))",CSRank>Mul>Sign>ZScore>Delta>ZScore>Delta,CSRank:1|Delta:2|Mul:1|Sign:1|ZScore:2,CSRank,5,depth_le_6,7,opcount_le_9,2,fieldcount_le_2,2,wincount_le_2,30,maxwin_le_30,11,complexity_le_14,phase3bp:d7cd879562b59423d2fcd086,0.10771016,1,read_only_research_candidate,phase3bs_adaptive_hybrid_rx_cem: hybrid arm from phase3bp_true1min_cem_elite: cem seed interaction ret_delta_15 x volume_delta_30 signed_state,0.11656516
phase3bs_00146,562a3c881eabef92cb786a09,"CSRank(Mul(Sign(ZScore($m1_first15_vwap_return_vs_open)),ZScore(Std($ret_1m,30))))",cem_interaction::rx_opening_divergence::rx_volatility_state::signed_state,phase3bs_adaptive_hybrid_rx_cem,phase3bs_adaptive_hybrid_rx_cem,m1_first15_vwap_return_vs_open|ret_1m,"['m1_first15_vwap_return_vs_open', 'ret_1m']",30,"CSRank(Mul(Sign(ZScore($F)),ZScore(Std($F,N))))",CSRank>Mul>Sign>ZScore>ZScore>Std,CSRank:1|Mul:1|Sign:1|Std:1|ZScore:2,CSRank,4,depth_le_4,6,opcount_le_6,2,fieldcount_le_2,1,wincount_le_1,30,maxwin_le_30,9,complexity_le_10,phase3bp:562a3c881eabef92cb786a09,0.10715105,1,read_only_research_candidate,phase3bs_adaptive_hybrid_rx_cem: hybrid arm from phase3bp_true1min_cem_elite: cem seed interaction m1_first15_vwap_open x ret_vol_30 signed_state,0.11605905
phase3bs_00147,7af13bc0dac12dfa26c139d3,"CSRank(Mul(Sign(ZScore(Delta($ret_1m,30))),ZScore(Delta($volume,15))))",cem_interaction::rx_intraday_return::rx_flow_amount_volume::signed_state,phase3bs_adaptive_hybrid_rx_cem,phase3bs_adaptive_hybrid_rx_cem,ret_1m|volume,"['ret_1m', 'volume']",30,"CSRank(Mul(Sign(ZScore(Delta($F,N))),ZScore(Delta($F,N))))",CSRank>Mul>Sign>ZScore>Delta>ZScore>Delta,CSRank:1|Delta:2|Mul:1|Sign:1|ZScore:2,CSRank,5,depth_le_6,7,opcount_le_9,2,fieldcount_le_2,2,wincount_le_2,30,maxwin_le_30,11,complexity_le_14,phase3bp:7af13bc0dac12dfa26c139d3,0.10771016,1,read_only_research_candidate,phase3bs_adaptive_hybrid_rx_cem: hybrid arm from phase3bp_true1min_cem_elite: cem seed interaction ret_delta_30 x volume_delta_15 signed_state,0.11585716
phase3bs_00148,e19f9f8b02edb091a67dad53,"CSRank(Sub(ZScore(Delta($ret_1m,15)),ZScore(Delta($amount,15))))",cem_interaction::rx_intraday_return::rx_flow_amount_volume::spread,phase3bs_adaptive_hybrid_rx_cem,phase3bs_adaptive_hybrid_rx_cem,amount|ret_1m,"['amount', 'ret_1m']",15,"CSRank(Sub(ZScore(Delta($F,N)),ZScore(Delta($F,N))))",CSRank>Sub>ZScore>Delta>ZScore>Delta,CSRank:1|Delta:2|Sub:1|ZScore:2,CSRank,4,depth_le_4,6,opcount_le_6,2,fieldcount_le_2,1,wincount_le_1,15,maxwin_le_15,9,complexity_le_10,phase3bp:e19f9f8b02edb091a67dad53,0.10721736,1,read_only_research_candidate,phase3bs_adaptive_hybrid_rx_cem: hybrid arm from phase3bp_true1min_cem_elite: cem seed interaction ret_delta_15 x amount_delta_15 spread,0.11568036
phase3bs_00149,7a468f05b1e7b96adc58281f,"CSRank(Mul(ZScore(Delta($ret_1m,15)),ZScore(Delta($volume,15))))",cem_interaction::rx_intraday_return::rx_flow_amount_volume::product,phase3bs_adaptive_hybrid_rx_cem,phase3bs_adaptive_hybrid_rx_cem,ret_1m|volume,"['ret_1m', 'volume']",15,"CSRank(Mul(ZScore(Delta($F,N)),ZScore(Delta($F,N))))",CSRank>Mul>ZScore>Delta>ZScore>Delta,CSRank:1|Delta:2|Mul:1|ZScore:2,CSRank,4,depth_le_4,6,opcount_le_6,2,fieldcount_le_2,1,wincount_le_1,15,maxwin_le_15,9,complexity_le_10,phase3bp:7a468f05b1e7b96adc58281f,0.10719117,1,read_only_research_candidate,phase3bs_adaptive_hybrid_rx_cem: hybrid arm from phase3bp_true1min_cem_elite: cem seed interaction ret_delta_15 x volume_delta_15 product,0.11564617
phase3bs_00150,fbff6501bce0275c89990749,"CSRank(Mul(Sign(ZScore(Sub(Div(Sub($close,$low),Add(Abs(Sub($high,$low)),0.000001)),Mean(Div(Sub($close,$low),Add(Abs(Sub($high,$low)),0.000001)),8)))),ZScore(Div($m1_first5_vol,Add(Abs($volume),0.000001)))))",cem_interaction::rx_range_location::rx_opening_amount::signed_state,phase3bs_adaptive_hybrid_rx_cem,phase3bs_adaptive_hybrid_rx_cem,close|high|low|m1_first5_vol|volume,"['close', 'high', 'low', 'm1_first5_vol', 'volume']",0,"CSRank(Mul(Sign(ZScore(Sub(Div(Sub($F,$F),Add(Abs(Sub($F,$F)),N)),Mean(Div(Sub($F,$F),Add(Abs(Sub($F,$F)),N)),N)))),ZScore(Div($F,Add(Abs($F),N)))))",CSRank>Mul>Sign>ZScore>Sub>Div>Sub>Add>Abs>Sub,Abs:3|Add:3|CSRank:1|Div:3|Mean:1|Mul:1|Sign:1|Sub:5|ZScore:2,CSRank,10,depth_gt_8,20,opcount_gt_12,5,fieldcount_le_6,1,wincount_le_1,8,maxwin_le_15,26,complexity_gt_18,phase3bp:fbff6501bce0275c89990749,0.11817434,1,read_only_research_candidate,phase3bs_adaptive_hybrid_rx_cem: hybrid arm from phase3bp_true1min_cem_elite: cem seed interaction bar_loc_shift_8 x m1_first5_vol signed_state,0.11509134
phase3bs_00151,5b7f10b08f02caf92974e340,"CSRank(Mul(ZScore(Delta(Delta($ret_1m,10),2)),ZScore(Delta($volume,15))))",cem_resample::rx_intraday_return::rx_flow_amount_volume::elite_delta_product,phase3bs_adaptive_hybrid_rx_cem,phase3bs_adaptive_hybrid_rx_cem,ret_1m|volume,"['ret_1m', 'volume']",15,"CSRank(Mul(ZScore(Delta(Delta($F,N),N)),ZScore(Delta($F,N))))",CSRank>Mul>ZScore>Delta>Delta>ZScore>Delta,CSRank:1|Delta:3|Mul:1|ZScore:2,CSRank,5,depth_le_6,7,opcount_le_9,2,fieldcount_le_2,3,wincount_le_4,15,maxwin_le_15,12,complexity_le_14,phase3bp:5b7f10b08f02caf92974e340,0.10650492,1,read_only_research_candidate,phase3bs_adaptive_hybrid_rx_cem: hybrid arm from phase3bp_true1min_cem_elite: cem round 1 elite resample ret_delta_10 x volume_delta_15,0.11480892
phase3bs_00152,fb7a436dd699add97a626a4c,"CSRank(Mul(Sign(ZScore(Sub(Div(Sub($close,$low),Add(Abs(Sub($high,$low)),0.000001)),Mean(Div(Sub($close,$low),Add(Abs(Sub($high,$low)),0.000001)),10)))),ZScore(Div($m1_first5_vol,Add(Abs($volume),0.000001)))))",cem_interaction::rx_range_location::rx_opening_amount::signed_state,phase3bs_adaptive_hybrid_rx_cem,phase3bs_adaptive_hybrid_rx_cem,close|high|low|m1_first5_vol|volume,"['close', 'high', 'low', 'm1_first5_vol', 'volume']",0,"CSRank(Mul(Sign(ZScore(Sub(Div(Sub($F,$F),Add(Abs(Sub($F,$F)),N)),Mean(Div(Sub($F,$F),Add(Abs(Sub($F,$F)),N)),N)))),ZScore(Div($F,Add(Abs($F),N)))))",CSRank>Mul>Sign>ZScore>Sub>Div>Sub>Add>Abs>Sub,Abs:3|Add:3|CSRank:1|Div:3|Mean:1|Mul:1|Sign:1|Sub:5|ZScore:2,CSRank,10,depth_gt_8,20,opcount_gt_12,5,fieldcount_le_6,1,wincount_le_1,10,maxwin_le_15,26,complexity_gt_18,phase3bp:fb7a436dd699add97a626a4c,0.11773466,1,read_only_research_candidate,phase3bs_adaptive_hybrid_rx_cem: hybrid arm from phase3bp_true1min_cem_elite: cem seed interaction bar_loc_shift_10 x m1_first5_vol signed_state,0.11456966
phase3bs_00153,7137eb001c51a2ea1c0e8315,"CSRank(Mul(Sign(ZScore($m1_first15_vwap_return_vs_open)),ZScore(Std(Div(Sub($high,$low),Add(Abs($open),0.000001)),15))))",cem_interaction::rx_opening_divergence::rx_range_location::signed_state,phase3bs_adaptive_hybrid_rx_cem,phase3bs_adaptive_hybrid_rx_cem,high|low|m1_first15_vwap_return_vs_open|open,"['high', 'low', 'm1_first15_vwap_return_vs_open', 'open']",0,"CSRank(Mul(Sign(ZScore($F)),ZScore(Std(Div(Sub($F,$F),Add(Abs($F),N)),N))))",CSRank>Mul>Sign>ZScore>ZScore>Std>Div>Sub>Add>Abs,Abs:1|Add:1|CSRank:1|Div:1|Mul:1|Sign:1|Std:1|Sub:1|ZScore:2,CSRank,7,depth_le_8,10,opcount_le_12,4,fieldcount_le_4,1,wincount_le_1,15,maxwin_le_15,15,complexity_le_18,phase3bp:7137eb001c51a2ea1c0e8315,0.1214899,1,read_only_research_candidate,phase3bs_adaptive_hybrid_rx_cem: hybrid arm from phase3bp_true1min_cem_elite: cem seed interaction m1_first15_vwap_open x range_vol_15 signed_state,0.1143729
phase3bs_00154,ee8234aa32900cb5fc72bb76,"CSRank(Mul(ZScore($m1_first5_vwap_return_vs_open),ZScore(Delta($amount,15))))",cem_interaction::rx_opening_divergence::rx_flow_amount_volume::product,phase3bs_adaptive_hybrid_rx_cem,phase3bs_adaptive_hybrid_rx_cem,amount|m1_first5_vwap_return_vs_open,"['amount', 'm1_first5_vwap_return_vs_open']",15,"CSRank(Mul(ZScore($F),ZScore(Delta($F,N))))",CSRank>Mul>ZScore>ZScore>Delta,CSRank:1|Delta:1|Mul:1|ZScore:2,CSRank,4,depth_le_4,5,opcount_le_6,2,fieldcount_le_2,1,wincount_le_1,15,maxwin_le_15,8,complexity_le_10,phase3bp:ee8234aa32900cb5fc72bb76,0.10526516,1,read_only_research_candidate,phase3bs_adaptive_hybrid_rx_cem: hybrid arm from phase3bp_true1min_cem_elite: cem seed interaction m1_first5_vwap_open x amount_delta_15 product,0.11416516
phase3bs_00155,572665cd4fd0973dff90a6a1,"CSRank(Sub(ZScore(Delta($ret_1m,30)),ZScore(Mean(Div($m1_first30_vol,Add(Abs($volume),0.000001)),3))))",cem_resample::rx_intraday_return::rx_opening_amount::elite_spread_mean3,phase3bs_adaptive_hybrid_rx_cem,phase3bs_adaptive_hybrid_rx_cem,m1_first30_vol|ret_1m|volume,"['m1_first30_vol', 'ret_1m', 'volume']",30,"CSRank(Sub(ZScore(Delta($F,N)),ZScore(Mean(Div($F,Add(Abs($F),N)),N))))",CSRank>Sub>ZScore>Delta>ZScore>Mean>Div>Add>Abs,Abs:1|Add:1|CSRank:1|Delta:1|Div:1|Mean:1|Sub:1|ZScore:2,CSRank,7,depth_le_8,9,opcount_le_9,3,fieldcount_le_4,2,wincount_le_2,30,maxwin_le_30,14,complexity_le_14,phase3bp:572665cd4fd0973dff90a6a1,0.11918709,1,read_only_research_candidate,phase3bs_adaptive_hybrid_rx_cem: hybrid arm from phase3bp_true1min_cem_elite: cem round 4 elite resample ret_delta_30 x m1_first30_vol,0.11364809
phase3bs_00156,542bde2ef8677fcbf6584427,"CSRank(Mul(Sign(ZScore(Sub(Div(Sub($close,$low),Add(Abs(Sub($high,$low)),0.000001)),Mean(Div(Sub($close,$low),Add(Abs(Sub($high,$low)),0.000001)),8)))),ZScore(Div($m1_first15_vol,Add(Abs($volume),0.000001)))))",cem_interaction::rx_range_location::rx_opening_amount::signed_state,phase3bs_adaptive_hybrid_rx_cem,phase3bs_adaptive_hybrid_rx_cem,close|high|low|m1_first15_vol|volume,"['close', 'high', 'low', 'm1_first15_vol', 'volume']",0,"CSRank(Mul(Sign(ZScore(Sub(Div(Sub($F,$F),Add(Abs(Sub($F,$F)),N)),Mean(Div(Sub($F,$F),Add(Abs(Sub($F,$F)),N)),N)))),ZScore(Div($F,Add(Abs($F),N)))))",CSRank>Mul>Sign>ZScore>Sub>Div>Sub>Add>Abs>Sub,Abs:3|Add:3|CSRank:1|Div:3|Mean:1|Mul:1|Sign:1|Sub:5|ZScore:2,CSRank,10,depth_gt_8,20,opcount_gt_12,5,fieldcount_le_6,1,wincount_le_1,8,maxwin_le_15,26,complexity_gt_18,phase3bp:542bde2ef8677fcbf6584427,0.11710594,1,read_only_research_candidate,phase3bs_adaptive_hybrid_rx_cem: hybrid arm from phase3bp_true1min_cem_elite: cem seed interaction bar_loc_shift_8 x m1_first15_vol signed_state,0.11335994
phase3bs_00157,a520f7e874273e83db7bf0ab,"CSRank(Mul(Sign(ZScore(Sub(Div(Sub($close,$low),Add(Abs(Sub($high,$low)),0.000001)),Mean(Div(Sub($close,$low),Add(Abs(Sub($high,$low)),0.000001)),5)))),ZScore(Div($m1_first5_vol,Add(Abs($volume),0.000001)))))",cem_interaction::rx_range_location::rx_opening_amount::signed_state,phase3bs_adaptive_hybrid_rx_cem,phase3bs_adaptive_hybrid_rx_cem,close|high|low|m1_first5_vol|volume,"['close', 'high', 'low', 'm1_first5_vol', 'volume']",0,"CSRank(Mul(Sign(ZScore(Sub(Div(Sub($F,$F),Add(Abs(Sub($F,$F)),N)),Mean(Div(Sub($F,$F),Add(Abs(Sub($F,$F)),N)),N)))),ZScore(Div($F,Add(Abs($F),N)))))",CSRank>Mul>Sign>ZScore>Sub>Div>Sub>Add>Abs>Sub,Abs:3|Add:3|CSRank:1|Div:3|Mean:1|Mul:1|Sign:1|Sub:5|ZScore:2,CSRank,10,depth_gt_8,20,opcount_gt_12,5,fieldcount_le_6,1,wincount_le_1,5,maxwin_le_5,26,complexity_gt_18,phase3bp:a520f7e874273e83db7bf0ab,0.11636886,1,read_only_research_candidate,phase3bs_adaptive_hybrid_rx_cem: hybrid arm from phase3bp_true1min_cem_elite: cem seed interaction bar_loc_shift_5 x m1_first5_vol signed_state,0.11324786
phase3bs_00158,13cfc6f3c12934003ade3811,"CSRank(Mul(Sign(ZScore(Div($m1_first5_range,Add(Abs($open),0.000001)))),ZScore(Std(Div(Sub($high,$low),Add(Abs($open),0.000001)),15))))",cem_interaction::rx_opening_range::rx_range_location::signed_state,phase3bs_adaptive_hybrid_rx_cem,phase3bs_adaptive_hybrid_rx_cem,high|low|m1_first5_range|open,"['high', 'low', 'm1_first5_range', 'open']",0,"CSRank(Mul(Sign(ZScore(Div($F,Add(Abs($F),N)))),ZScore(Std(Div(Sub($F,$F),Add(Abs($F),N)),N))))",CSRank>Mul>Sign>ZScore>Div>Add>Abs>ZScore>Std>Div,Abs:2|Add:2|CSRank:1|Div:2|Mul:1|Sign:1|Std:1|Sub:1|ZScore:2,CSRank,7,depth_le_8,13,opcount_gt_12,4,fieldcount_le_4,1,wincount_le_1,15,maxwin_le_15,18,complexity_le_18,phase3bp:13cfc6f3c12934003ade3811,0.12074325,1,read_only_research_candidate,phase3bs_adaptive_hybrid_rx_cem: hybrid arm from phase3bp_true1min_cem_elite: cem seed interaction m1_first5_range x range_vol_15 signed_state,0.11311725
phase3bs_00159,af603f6efe54383d47cd76ad,"CSRank(Mul(Sign(ZScore(Div($m1_first30_range,Add(Abs($open),0.000001)))),ZScore(Delta($amount,15))))",cem_interaction::rx_opening_range::rx_flow_amount_volume::signed_state,phase3bs_adaptive_hybrid_rx_cem,phase3bs_adaptive_hybrid_rx_cem,amount|m1_first30_range|open,"['amount', 'm1_first30_range', 'open']",15,"CSRank(Mul(Sign(ZScore(Div($F,Add(Abs($F),N)))),ZScore(Delta($F,N))))",CSRank>Mul>Sign>ZScore>Div>Add>Abs>ZScore>Delta,Abs:1|Add:1|CSRank:1|Delta:1|Div:1|Mul:1|Sign:1|ZScore:2,CSRank,7,depth_le_8,9,opcount_le_9,3,fieldcount_le_4,1,wincount_le_1,15,maxwin_le_15,13,complexity_le_14,phase3bp:af603f6efe54383d47cd76ad,0.11858908,1,read_only_research_candidate,phase3bs_adaptive_hybrid_rx_cem: hybrid arm from phase3bp_true1min_cem_elite: cem seed interaction m1_first30_range x amount_delta_15 signed_state,0.11302808
phase3bs_00160,25077dd238fc6a243965287a,"CSRank(Mul(ZScore($m1_first30_vwap_return_vs_open),ZScore(Std($ret_1m,15))))",cem_interaction::rx_opening_divergence::rx_volatility_state::product,phase3bs_adaptive_hybrid_rx_cem,phase3bs_adaptive_hybrid_rx_cem,m1_first30_vwap_return_vs_open|ret_1m,"['m1_first30_vwap_return_vs_open', 'ret_1m']",15,"CSRank(Mul(ZScore($F),ZScore(Std($F,N))))",CSRank>Mul>ZScore>ZScore>Std,CSRank:1|Mul:1|Std:1|ZScore:2,CSRank,4,depth_le_4,5,opcount_le_6,2,fieldcount_le_2,1,wincount_le_1,15,maxwin_le_15,8,complexity_le_10,phase3bp:25077dd238fc6a243965287a,0.104181,1,read_only_research_candidate,phase3bs_adaptive_hybrid_rx_cem: hybrid arm from phase3bp_true1min_cem_elite: cem seed interaction m1_first30_vwap_open x ret_vol_15 product,0.11293
