source_group,dataset,field,data_type,field_family,asset_status,asset_reason,route,selector_role,selector_allowed,pit_rule,allowed_transforms,priority,materialized_path,row_count,coverage_note,next_action
fundamental_pit_silver,fundamental_balance_long,source_dataset,string,metadata,accepted,valid_pit_silver,join_or_audit_metadata,not_alpha_feature,false,key/text/metadata only,none,low,G:\Project_V7_Rotation\data\cn_public_enrichment\cn_fundamental_akshare_fullA_silver_gold_pit_v1_20260603\silver_long\fundamental_balance_long.parquet,294221,,eligible_for_transform_registry
fundamental_pit_silver,fundamental_balance_long,source_code6,string,instrument_key,accepted,valid_pit_silver,join_or_audit_metadata,not_alpha_feature,false,key/text/metadata only,none,low,G:\Project_V7_Rotation\data\cn_public_enrichment\cn_fundamental_akshare_fullA_silver_gold_pit_v1_20260603\silver_long\fundamental_balance_long.parquet,294221,,eligible_for_transform_registry
fundamental_pit_silver,fundamental_balance_long,source_em,string,metadata,accepted,valid_pit_silver,join_or_audit_metadata,not_alpha_feature,false,key/text/metadata only,none,low,G:\Project_V7_Rotation\data\cn_public_enrichment\cn_fundamental_akshare_fullA_silver_gold_pit_v1_20260603\silver_long\fundamental_balance_long.parquet,294221,,eligible_for_transform_registry
fundamental_pit_silver,fundamental_balance_long,source_file,string,metadata,accepted,valid_pit_silver,join_or_audit_metadata,not_alpha_feature,false,key/text/metadata only,none,low,G:\Project_V7_Rotation\data\cn_public_enrichment\cn_fundamental_akshare_fullA_silver_gold_pit_v1_20260603\silver_long\fundamental_balance_long.parquet,294221,,eligible_for_transform_registry
fundamental_pit_silver,fundamental_balance_long,ingest_time_utc,string,time_key_or_cutoff,accepted,valid_pit_silver,event_cutoff_key,not_alpha_feature,false,controls availability/cutoff; not standalone alpha,event_age|lagged_availability,low,G:\Project_V7_Rotation\data\cn_public_enrichment\cn_fundamental_akshare_fullA_silver_gold_pit_v1_20260603\silver_long\fundamental_balance_long.parquet,294221,,eligible_for_transform_registry
fundamental_pit_silver,fundamental_balance_long,SECUCODE,string,instrument_key,accepted,valid_pit_silver,join_or_audit_metadata,not_alpha_feature,false,key/text/metadata only,none,low,G:\Project_V7_Rotation\data\cn_public_enrichment\cn_fundamental_akshare_fullA_silver_gold_pit_v1_20260603\silver_long\fundamental_balance_long.parquet,294221,,eligible_for_transform_registry
fundamental_pit_silver,fundamental_balance_long,SECURITY_CODE,string,instrument_key,accepted,valid_pit_silver,join_or_audit_metadata,not_alpha_feature,false,key/text/metadata only,none,low,G:\Project_V7_Rotation\data\cn_public_enrichment\cn_fundamental_akshare_fullA_silver_gold_pit_v1_20260603\silver_long\fundamental_balance_long.parquet,294221,,eligible_for_transform_registry
fundamental_pit_silver,fundamental_balance_long,SECURITY_NAME_ABBR,string,text_or_description,accepted,valid_pit_silver,join_or_audit_metadata,not_alpha_feature,false,key/text/metadata only,none,low,G:\Project_V7_Rotation\data\cn_public_enrichment\cn_fundamental_akshare_fullA_silver_gold_pit_v1_20260603\silver_long\fundamental_balance_long.parquet,294221,,eligible_for_transform_registry
fundamental_pit_silver,fundamental_balance_long,ORG_CODE,string,other_numeric,accepted,valid_pit_silver,categorical_or_text_context,diagnostic_or_metadata,false_until_encoding_contract,non-numeric/categorical field requires explicit encoding and availability contract before selector use,one_hot_or_event_category_encoding_after_manual_contract,low,G:\Project_V7_Rotation\data\cn_public_enrichment\cn_fundamental_akshare_fullA_silver_gold_pit_v1_20260603\silver_long\fundamental_balance_long.parquet,294221,,eligible_for_transform_registry
fundamental_pit_silver,fundamental_balance_long,ORG_TYPE,string,other_numeric,accepted,valid_pit_silver,categorical_or_text_context,diagnostic_or_metadata,false_until_encoding_contract,non-numeric/categorical field requires explicit encoding and availability contract before selector use,one_hot_or_event_category_encoding_after_manual_contract,low,G:\Project_V7_Rotation\data\cn_public_enrichment\cn_fundamental_akshare_fullA_silver_gold_pit_v1_20260603\silver_long\fundamental_balance_long.parquet,294221,,eligible_for_transform_registry
fundamental_pit_silver,fundamental_balance_long,REPORT_DATE,string,time_key_or_cutoff,accepted,valid_pit_silver,availability_key,not_alpha_feature,false,controls availability/cutoff; not standalone alpha,event_age|lagged_availability,low,G:\Project_V7_Rotation\data\cn_public_enrichment\cn_fundamental_akshare_fullA_silver_gold_pit_v1_20260603\silver_long\fundamental_balance_long.parquet,294221,,eligible_for_transform_registry
fundamental_pit_silver,fundamental_balance_long,REPORT_TYPE,string,other_numeric,accepted,valid_pit_silver,categorical_or_text_context,diagnostic_or_metadata,false_until_encoding_contract,non-numeric/categorical field requires explicit encoding and availability contract before selector use,one_hot_or_event_category_encoding_after_manual_contract,low,G:\Project_V7_Rotation\data\cn_public_enrichment\cn_fundamental_akshare_fullA_silver_gold_pit_v1_20260603\silver_long\fundamental_balance_long.parquet,294221,,eligible_for_transform_registry
fundamental_pit_silver,fundamental_balance_long,REPORT_DATE_NAME,string,time_key_or_cutoff,accepted,valid_pit_silver,availability_key,not_alpha_feature,false,controls availability/cutoff; not standalone alpha,event_age|lagged_availability,low,G:\Project_V7_Rotation\data\cn_public_enrichment\cn_fundamental_akshare_fullA_silver_gold_pit_v1_20260603\silver_long\fundamental_balance_long.parquet,294221,,eligible_for_transform_registry
fundamental_pit_silver,fundamental_balance_long,SECURITY_TYPE_CODE,string,other_numeric,accepted,valid_pit_silver,categorical_or_text_context,diagnostic_or_metadata,false_until_encoding_contract,non-numeric/categorical field requires explicit encoding and availability contract before selector use,one_hot_or_event_category_encoding_after_manual_contract,low,G:\Project_V7_Rotation\data\cn_public_enrichment\cn_fundamental_akshare_fullA_silver_gold_pit_v1_20260603\silver_long\fundamental_balance_long.parquet,294221,,eligible_for_transform_registry
fundamental_pit_silver,fundamental_balance_long,NOTICE_DATE,string,time_key_or_cutoff,accepted,valid_pit_silver,availability_key,not_alpha_feature,false,controls availability/cutoff; not standalone alpha,event_age|lagged_availability,low,G:\Project_V7_Rotation\data\cn_public_enrichment\cn_fundamental_akshare_fullA_silver_gold_pit_v1_20260603\silver_long\fundamental_balance_long.parquet,294221,,eligible_for_transform_registry
fundamental_pit_silver,fundamental_balance_long,UPDATE_DATE,string,time_key_or_cutoff,accepted,valid_pit_silver,availability_key,not_alpha_feature,false,controls availability/cutoff; not standalone alpha,event_age|lagged_availability,low,G:\Project_V7_Rotation\data\cn_public_enrichment\cn_fundamental_akshare_fullA_silver_gold_pit_v1_20260603\silver_long\fundamental_balance_long.parquet,294221,,eligible_for_transform_registry
fundamental_pit_silver,fundamental_balance_long,CURRENCY,string,other_numeric,accepted,valid_pit_silver,categorical_or_text_context,diagnostic_or_metadata,false_until_encoding_contract,non-numeric/categorical field requires explicit encoding and availability contract before selector use,one_hot_or_event_category_encoding_after_manual_contract,low,G:\Project_V7_Rotation\data\cn_public_enrichment\cn_fundamental_akshare_fullA_silver_gold_pit_v1_20260603\silver_long\fundamental_balance_long.parquet,294221,,eligible_for_transform_registry
fundamental_pit_silver,fundamental_balance_long,ACCEPT_DEPOSIT_INTERBANK,double,other_numeric,accepted,valid_pit_silver,announcement_pit_feature,feature_candidate,true_after_notice_date,NOTICE_DATE or UPDATE_DATE plus conservative next-trading-day lag; REPORT_DATE alone forbidden,notice_lagged_latest|quarter_delta|ttm_proxy|ratio|rank_xsection|winsorize|sector_residual,high,G:\Project_V7_Rotation\data\cn_public_enrichment\cn_fundamental_akshare_fullA_silver_gold_pit_v1_20260603\silver_long\fundamental_balance_long.parquet,294221,,panelize_selected_ratios_into_nonminute_pit_context
fundamental_pit_silver,fundamental_balance_long,ACCOUNTS_PAYABLE,double,other_numeric,accepted,valid_pit_silver,announcement_pit_feature,feature_candidate,true_after_notice_date,NOTICE_DATE or UPDATE_DATE plus conservative next-trading-day lag; REPORT_DATE alone forbidden,notice_lagged_latest|quarter_delta|ttm_proxy|ratio|rank_xsection|winsorize|sector_residual,high,G:\Project_V7_Rotation\data\cn_public_enrichment\cn_fundamental_akshare_fullA_silver_gold_pit_v1_20260603\silver_long\fundamental_balance_long.parquet,294221,,panelize_selected_ratios_into_nonminute_pit_context
fundamental_pit_silver,fundamental_balance_long,ACCOUNTS_RECE,double,other_numeric,accepted,valid_pit_silver,announcement_pit_feature,feature_candidate,true_after_notice_date,NOTICE_DATE or UPDATE_DATE plus conservative next-trading-day lag; REPORT_DATE alone forbidden,notice_lagged_latest|quarter_delta|ttm_proxy|ratio|rank_xsection|winsorize|sector_residual,high,G:\Project_V7_Rotation\data\cn_public_enrichment\cn_fundamental_akshare_fullA_silver_gold_pit_v1_20260603\silver_long\fundamental_balance_long.parquet,294221,,panelize_selected_ratios_into_nonminute_pit_context
fundamental_pit_silver,fundamental_balance_long,ACCRUED_EXPENSE,double,fundamental_quality_risk,accepted,valid_pit_silver,announcement_pit_feature,feature_candidate,true_after_notice_date,NOTICE_DATE or UPDATE_DATE plus conservative next-trading-day lag; REPORT_DATE alone forbidden,notice_lagged_latest|quarter_delta|ttm_proxy|ratio|rank_xsection|winsorize|sector_residual,high,G:\Project_V7_Rotation\data\cn_public_enrichment\cn_fundamental_akshare_fullA_silver_gold_pit_v1_20260603\silver_long\fundamental_balance_long.parquet,294221,,panelize_selected_ratios_into_nonminute_pit_context
fundamental_pit_silver,fundamental_balance_long,ADVANCE_RECEIVABLES,double,other_numeric,accepted,valid_pit_silver,announcement_pit_feature,feature_candidate,true_after_notice_date,NOTICE_DATE or UPDATE_DATE plus conservative next-trading-day lag; REPORT_DATE alone forbidden,notice_lagged_latest|quarter_delta|ttm_proxy|ratio|rank_xsection|winsorize|sector_residual,high,G:\Project_V7_Rotation\data\cn_public_enrichment\cn_fundamental_akshare_fullA_silver_gold_pit_v1_20260603\silver_long\fundamental_balance_long.parquet,294221,,panelize_selected_ratios_into_nonminute_pit_context
fundamental_pit_silver,fundamental_balance_long,AGENT_TRADE_SECURITY,double,other_numeric,accepted,valid_pit_silver,announcement_pit_feature,feature_candidate,true_after_notice_date,NOTICE_DATE or UPDATE_DATE plus conservative next-trading-day lag; REPORT_DATE alone forbidden,notice_lagged_latest|quarter_delta|ttm_proxy|ratio|rank_xsection|winsorize|sector_residual,high,G:\Project_V7_Rotation\data\cn_public_enrichment\cn_fundamental_akshare_fullA_silver_gold_pit_v1_20260603\silver_long\fundamental_balance_long.parquet,294221,,panelize_selected_ratios_into_nonminute_pit_context
fundamental_pit_silver,fundamental_balance_long,AGENT_UNDERWRITE_SECURITY,double,other_numeric,accepted,valid_pit_silver,announcement_pit_feature,feature_candidate,true_after_notice_date,NOTICE_DATE or UPDATE_DATE plus conservative next-trading-day lag; REPORT_DATE alone forbidden,notice_lagged_latest|quarter_delta|ttm_proxy|ratio|rank_xsection|winsorize|sector_residual,high,G:\Project_V7_Rotation\data\cn_public_enrichment\cn_fundamental_akshare_fullA_silver_gold_pit_v1_20260603\silver_long\fundamental_balance_long.parquet,294221,,panelize_selected_ratios_into_nonminute_pit_context
fundamental_pit_silver,fundamental_balance_long,AMORTIZE_COST_FINASSET,double,fundamental_quality_risk,accepted,valid_pit_silver,announcement_pit_feature,feature_candidate,true_after_notice_date,NOTICE_DATE or UPDATE_DATE plus conservative next-trading-day lag; REPORT_DATE alone forbidden,notice_lagged_latest|quarter_delta|ttm_proxy|ratio|rank_xsection|winsorize|sector_residual,high,G:\Project_V7_Rotation\data\cn_public_enrichment\cn_fundamental_akshare_fullA_silver_gold_pit_v1_20260603\silver_long\fundamental_balance_long.parquet,294221,,panelize_selected_ratios_into_nonminute_pit_context
fundamental_pit_silver,fundamental_balance_long,AMORTIZE_COST_FINLIAB,double,fundamental_quality_risk,accepted,valid_pit_silver,announcement_pit_feature,feature_candidate,true_after_notice_date,NOTICE_DATE or UPDATE_DATE plus conservative next-trading-day lag; REPORT_DATE alone forbidden,notice_lagged_latest|quarter_delta|ttm_proxy|ratio|rank_xsection|winsorize|sector_residual,high,G:\Project_V7_Rotation\data\cn_public_enrichment\cn_fundamental_akshare_fullA_silver_gold_pit_v1_20260603\silver_long\fundamental_balance_long.parquet,294221,,panelize_selected_ratios_into_nonminute_pit_context
fundamental_pit_silver,fundamental_balance_long,AMORTIZE_COST_NCFINASSET,double,fundamental_quality_risk,accepted,valid_pit_silver,announcement_pit_feature,feature_candidate,true_after_notice_date,NOTICE_DATE or UPDATE_DATE plus conservative next-trading-day lag; REPORT_DATE alone forbidden,notice_lagged_latest|quarter_delta|ttm_proxy|ratio|rank_xsection|winsorize|sector_residual,high,G:\Project_V7_Rotation\data\cn_public_enrichment\cn_fundamental_akshare_fullA_silver_gold_pit_v1_20260603\silver_long\fundamental_balance_long.parquet,294221,,panelize_selected_ratios_into_nonminute_pit_context
fundamental_pit_silver,fundamental_balance_long,AMORTIZE_COST_NCFINLIAB,double,fundamental_quality_risk,accepted,valid_pit_silver,announcement_pit_feature,feature_candidate,true_after_notice_date,NOTICE_DATE or UPDATE_DATE plus conservative next-trading-day lag; REPORT_DATE alone forbidden,notice_lagged_latest|quarter_delta|ttm_proxy|ratio|rank_xsection|winsorize|sector_residual,high,G:\Project_V7_Rotation\data\cn_public_enrichment\cn_fundamental_akshare_fullA_silver_gold_pit_v1_20260603\silver_long\fundamental_balance_long.parquet,294221,,panelize_selected_ratios_into_nonminute_pit_context
fundamental_pit_silver,fundamental_balance_long,APPOINT_FVTPL_FINASSET,double,fundamental_quality_risk,accepted,valid_pit_silver,announcement_pit_feature,feature_candidate,true_after_notice_date,NOTICE_DATE or UPDATE_DATE plus conservative next-trading-day lag; REPORT_DATE alone forbidden,notice_lagged_latest|quarter_delta|ttm_proxy|ratio|rank_xsection|winsorize|sector_residual,high,G:\Project_V7_Rotation\data\cn_public_enrichment\cn_fundamental_akshare_fullA_silver_gold_pit_v1_20260603\silver_long\fundamental_balance_long.parquet,294221,,panelize_selected_ratios_into_nonminute_pit_context
fundamental_pit_silver,fundamental_balance_long,APPOINT_FVTPL_FINLIAB,double,fundamental_quality_risk,accepted,valid_pit_silver,announcement_pit_feature,feature_candidate,true_after_notice_date,NOTICE_DATE or UPDATE_DATE plus conservative next-trading-day lag; REPORT_DATE alone forbidden,notice_lagged_latest|quarter_delta|ttm_proxy|ratio|rank_xsection|winsorize|sector_residual,high,G:\Project_V7_Rotation\data\cn_public_enrichment\cn_fundamental_akshare_fullA_silver_gold_pit_v1_20260603\silver_long\fundamental_balance_long.parquet,294221,,panelize_selected_ratios_into_nonminute_pit_context
fundamental_pit_silver,fundamental_balance_long,ASSET_BALANCE,double,fundamental_quality_risk,accepted,valid_pit_silver,announcement_pit_feature,feature_candidate,true_after_notice_date,NOTICE_DATE or UPDATE_DATE plus conservative next-trading-day lag; REPORT_DATE alone forbidden,notice_lagged_latest|quarter_delta|ttm_proxy|ratio|rank_xsection|winsorize|sector_residual,high,G:\Project_V7_Rotation\data\cn_public_enrichment\cn_fundamental_akshare_fullA_silver_gold_pit_v1_20260603\silver_long\fundamental_balance_long.parquet,294221,,panelize_selected_ratios_into_nonminute_pit_context
fundamental_pit_silver,fundamental_balance_long,ASSET_OTHER,double,fundamental_quality_risk,accepted,valid_pit_silver,announcement_pit_feature,feature_candidate,true_after_notice_date,NOTICE_DATE or UPDATE_DATE plus conservative next-trading-day lag; REPORT_DATE alone forbidden,notice_lagged_latest|quarter_delta|ttm_proxy|ratio|rank_xsection|winsorize|sector_residual,high,G:\Project_V7_Rotation\data\cn_public_enrichment\cn_fundamental_akshare_fullA_silver_gold_pit_v1_20260603\silver_long\fundamental_balance_long.parquet,294221,,panelize_selected_ratios_into_nonminute_pit_context
fundamental_pit_silver,fundamental_balance_long,ASSIGN_CASH_DIVIDEND,double,fundamental_quality_risk,accepted,valid_pit_silver,announcement_pit_feature,feature_candidate,true_after_notice_date,NOTICE_DATE or UPDATE_DATE plus conservative next-trading-day lag; REPORT_DATE alone forbidden,notice_lagged_latest|quarter_delta|ttm_proxy|ratio|rank_xsection|winsorize|sector_residual,high,G:\Project_V7_Rotation\data\cn_public_enrichment\cn_fundamental_akshare_fullA_silver_gold_pit_v1_20260603\silver_long\fundamental_balance_long.parquet,294221,,panelize_selected_ratios_into_nonminute_pit_context
fundamental_pit_silver,fundamental_balance_long,AVAILABLE_SALE_FINASSET,double,fundamental_quality_risk,accepted,valid_pit_silver,announcement_pit_feature,feature_candidate,true_after_notice_date,NOTICE_DATE or UPDATE_DATE plus conservative next-trading-day lag; REPORT_DATE alone forbidden,notice_lagged_latest|quarter_delta|ttm_proxy|ratio|rank_xsection|winsorize|sector_residual,high,G:\Project_V7_Rotation\data\cn_public_enrichment\cn_fundamental_akshare_fullA_silver_gold_pit_v1_20260603\silver_long\fundamental_balance_long.parquet,294221,,panelize_selected_ratios_into_nonminute_pit_context
fundamental_pit_silver,fundamental_balance_long,BOND_PAYABLE,double,other_numeric,accepted,valid_pit_silver,announcement_pit_feature,feature_candidate,true_after_notice_date,NOTICE_DATE or UPDATE_DATE plus conservative next-trading-day lag; REPORT_DATE alone forbidden,notice_lagged_latest|quarter_delta|ttm_proxy|ratio|rank_xsection|winsorize|sector_residual,high,G:\Project_V7_Rotation\data\cn_public_enrichment\cn_fundamental_akshare_fullA_silver_gold_pit_v1_20260603\silver_long\fundamental_balance_long.parquet,294221,,panelize_selected_ratios_into_nonminute_pit_context
fundamental_pit_silver,fundamental_balance_long,BORROW_FUND,double,other_numeric,accepted,valid_pit_silver,announcement_pit_feature,feature_candidate,true_after_notice_date,NOTICE_DATE or UPDATE_DATE plus conservative next-trading-day lag; REPORT_DATE alone forbidden,notice_lagged_latest|quarter_delta|ttm_proxy|ratio|rank_xsection|winsorize|sector_residual,high,G:\Project_V7_Rotation\data\cn_public_enrichment\cn_fundamental_akshare_fullA_silver_gold_pit_v1_20260603\silver_long\fundamental_balance_long.parquet,294221,,panelize_selected_ratios_into_nonminute_pit_context
fundamental_pit_silver,fundamental_balance_long,BUY_RESALE_FINASSET,double,fundamental_quality_risk,accepted,valid_pit_silver,announcement_pit_feature,feature_candidate,true_after_notice_date,NOTICE_DATE or UPDATE_DATE plus conservative next-trading-day lag; REPORT_DATE alone forbidden,notice_lagged_latest|quarter_delta|ttm_proxy|ratio|rank_xsection|winsorize|sector_residual,high,G:\Project_V7_Rotation\data\cn_public_enrichment\cn_fundamental_akshare_fullA_silver_gold_pit_v1_20260603\silver_long\fundamental_balance_long.parquet,294221,,panelize_selected_ratios_into_nonminute_pit_context
fundamental_pit_silver,fundamental_balance_long,CAPITAL_RESERVE,double,capacity_size,accepted,valid_pit_silver,announcement_pit_feature,feature_candidate,true_after_notice_date,NOTICE_DATE or UPDATE_DATE plus conservative next-trading-day lag; REPORT_DATE alone forbidden,notice_lagged_latest|quarter_delta|ttm_proxy|ratio|rank_xsection|winsorize|sector_residual,high,G:\Project_V7_Rotation\data\cn_public_enrichment\cn_fundamental_akshare_fullA_silver_gold_pit_v1_20260603\silver_long\fundamental_balance_long.parquet,294221,,panelize_selected_ratios_into_nonminute_pit_context
fundamental_pit_silver,fundamental_balance_long,CIP,double,other_numeric,accepted,valid_pit_silver,announcement_pit_feature,feature_candidate,true_after_notice_date,NOTICE_DATE or UPDATE_DATE plus conservative next-trading-day lag; REPORT_DATE alone forbidden,notice_lagged_latest|quarter_delta|ttm_proxy|ratio|rank_xsection|winsorize|sector_residual,high,G:\Project_V7_Rotation\data\cn_public_enrichment\cn_fundamental_akshare_fullA_silver_gold_pit_v1_20260603\silver_long\fundamental_balance_long.parquet,294221,,panelize_selected_ratios_into_nonminute_pit_context
fundamental_pit_silver,fundamental_balance_long,CONSUMPTIVE_BIOLOGICAL_ASSET,double,fundamental_quality_risk,accepted,valid_pit_silver,announcement_pit_feature,feature_candidate,true_after_notice_date,NOTICE_DATE or UPDATE_DATE plus conservative next-trading-day lag; REPORT_DATE alone forbidden,notice_lagged_latest|quarter_delta|ttm_proxy|ratio|rank_xsection|winsorize|sector_residual,high,G:\Project_V7_Rotation\data\cn_public_enrichment\cn_fundamental_akshare_fullA_silver_gold_pit_v1_20260603\silver_long\fundamental_balance_long.parquet,294221,,panelize_selected_ratios_into_nonminute_pit_context
fundamental_pit_silver,fundamental_balance_long,CONTRACT_ASSET,double,fundamental_quality_risk,accepted,valid_pit_silver,announcement_pit_feature,feature_candidate,true_after_notice_date,NOTICE_DATE or UPDATE_DATE plus conservative next-trading-day lag; REPORT_DATE alone forbidden,notice_lagged_latest|quarter_delta|ttm_proxy|ratio|rank_xsection|winsorize|sector_residual,high,G:\Project_V7_Rotation\data\cn_public_enrichment\cn_fundamental_akshare_fullA_silver_gold_pit_v1_20260603\silver_long\fundamental_balance_long.parquet,294221,,panelize_selected_ratios_into_nonminute_pit_context
fundamental_pit_silver,fundamental_balance_long,CONTRACT_LIAB,double,fundamental_quality_risk,accepted,valid_pit_silver,announcement_pit_feature,feature_candidate,true_after_notice_date,NOTICE_DATE or UPDATE_DATE plus conservative next-trading-day lag; REPORT_DATE alone forbidden,notice_lagged_latest|quarter_delta|ttm_proxy|ratio|rank_xsection|winsorize|sector_residual,high,G:\Project_V7_Rotation\data\cn_public_enrichment\cn_fundamental_akshare_fullA_silver_gold_pit_v1_20260603\silver_long\fundamental_balance_long.parquet,294221,,panelize_selected_ratios_into_nonminute_pit_context
fundamental_pit_silver,fundamental_balance_long,CONVERT_DIFF,double,other_numeric,accepted,valid_pit_silver,announcement_pit_feature,feature_candidate,true_after_notice_date,NOTICE_DATE or UPDATE_DATE plus conservative next-trading-day lag; REPORT_DATE alone forbidden,notice_lagged_latest|quarter_delta|ttm_proxy|ratio|rank_xsection|winsorize|sector_residual,high,G:\Project_V7_Rotation\data\cn_public_enrichment\cn_fundamental_akshare_fullA_silver_gold_pit_v1_20260603\silver_long\fundamental_balance_long.parquet,294221,,panelize_selected_ratios_into_nonminute_pit_context
fundamental_pit_silver,fundamental_balance_long,CREDITOR_INVEST,double,other_numeric,accepted,valid_pit_silver,announcement_pit_feature,feature_candidate,true_after_notice_date,NOTICE_DATE or UPDATE_DATE plus conservative next-trading-day lag; REPORT_DATE alone forbidden,notice_lagged_latest|quarter_delta|ttm_proxy|ratio|rank_xsection|winsorize|sector_residual,high,G:\Project_V7_Rotation\data\cn_public_enrichment\cn_fundamental_akshare_fullA_silver_gold_pit_v1_20260603\silver_long\fundamental_balance_long.parquet,294221,,panelize_selected_ratios_into_nonminute_pit_context
fundamental_pit_silver,fundamental_balance_long,CURRENT_ASSET_BALANCE,double,fundamental_quality_risk,accepted,valid_pit_silver,announcement_pit_feature,feature_candidate,true_after_notice_date,NOTICE_DATE or UPDATE_DATE plus conservative next-trading-day lag; REPORT_DATE alone forbidden,notice_lagged_latest|quarter_delta|ttm_proxy|ratio|rank_xsection|winsorize|sector_residual,high,G:\Project_V7_Rotation\data\cn_public_enrichment\cn_fundamental_akshare_fullA_silver_gold_pit_v1_20260603\silver_long\fundamental_balance_long.parquet,294221,,panelize_selected_ratios_into_nonminute_pit_context
fundamental_pit_silver,fundamental_balance_long,CURRENT_ASSET_OTHER,double,fundamental_quality_risk,accepted,valid_pit_silver,announcement_pit_feature,feature_candidate,true_after_notice_date,NOTICE_DATE or UPDATE_DATE plus conservative next-trading-day lag; REPORT_DATE alone forbidden,notice_lagged_latest|quarter_delta|ttm_proxy|ratio|rank_xsection|winsorize|sector_residual,high,G:\Project_V7_Rotation\data\cn_public_enrichment\cn_fundamental_akshare_fullA_silver_gold_pit_v1_20260603\silver_long\fundamental_balance_long.parquet,294221,,panelize_selected_ratios_into_nonminute_pit_context
fundamental_pit_silver,fundamental_balance_long,CURRENT_LIAB_BALANCE,double,fundamental_quality_risk,accepted,valid_pit_silver,announcement_pit_feature,feature_candidate,true_after_notice_date,NOTICE_DATE or UPDATE_DATE plus conservative next-trading-day lag; REPORT_DATE alone forbidden,notice_lagged_latest|quarter_delta|ttm_proxy|ratio|rank_xsection|winsorize|sector_residual,high,G:\Project_V7_Rotation\data\cn_public_enrichment\cn_fundamental_akshare_fullA_silver_gold_pit_v1_20260603\silver_long\fundamental_balance_long.parquet,294221,,panelize_selected_ratios_into_nonminute_pit_context
fundamental_pit_silver,fundamental_balance_long,CURRENT_LIAB_OTHER,double,fundamental_quality_risk,accepted,valid_pit_silver,announcement_pit_feature,feature_candidate,true_after_notice_date,NOTICE_DATE or UPDATE_DATE plus conservative next-trading-day lag; REPORT_DATE alone forbidden,notice_lagged_latest|quarter_delta|ttm_proxy|ratio|rank_xsection|winsorize|sector_residual,high,G:\Project_V7_Rotation\data\cn_public_enrichment\cn_fundamental_akshare_fullA_silver_gold_pit_v1_20260603\silver_long\fundamental_balance_long.parquet,294221,,panelize_selected_ratios_into_nonminute_pit_context
fundamental_pit_silver,fundamental_balance_long,DEFER_INCOME,double,fundamental_quality_risk,accepted,valid_pit_silver,announcement_pit_feature,feature_candidate,true_after_notice_date,NOTICE_DATE or UPDATE_DATE plus conservative next-trading-day lag; REPORT_DATE alone forbidden,notice_lagged_latest|quarter_delta|ttm_proxy|ratio|rank_xsection|winsorize|sector_residual,high,G:\Project_V7_Rotation\data\cn_public_enrichment\cn_fundamental_akshare_fullA_silver_gold_pit_v1_20260603\silver_long\fundamental_balance_long.parquet,294221,,panelize_selected_ratios_into_nonminute_pit_context
fundamental_pit_silver,fundamental_balance_long,DEFER_INCOME_1YEAR,double,fundamental_quality_risk,accepted,valid_pit_silver,announcement_pit_feature,feature_candidate,true_after_notice_date,NOTICE_DATE or UPDATE_DATE plus conservative next-trading-day lag; REPORT_DATE alone forbidden,notice_lagged_latest|quarter_delta|ttm_proxy|ratio|rank_xsection|winsorize|sector_residual,high,G:\Project_V7_Rotation\data\cn_public_enrichment\cn_fundamental_akshare_fullA_silver_gold_pit_v1_20260603\silver_long\fundamental_balance_long.parquet,294221,,panelize_selected_ratios_into_nonminute_pit_context
fundamental_pit_silver,fundamental_balance_long,DEFER_TAX_ASSET,double,fundamental_quality_risk,accepted,valid_pit_silver,announcement_pit_feature,feature_candidate,true_after_notice_date,NOTICE_DATE or UPDATE_DATE plus conservative next-trading-day lag; REPORT_DATE alone forbidden,notice_lagged_latest|quarter_delta|ttm_proxy|ratio|rank_xsection|winsorize|sector_residual,high,G:\Project_V7_Rotation\data\cn_public_enrichment\cn_fundamental_akshare_fullA_silver_gold_pit_v1_20260603\silver_long\fundamental_balance_long.parquet,294221,,panelize_selected_ratios_into_nonminute_pit_context
fundamental_pit_silver,fundamental_balance_long,DEFER_TAX_LIAB,double,fundamental_quality_risk,accepted,valid_pit_silver,announcement_pit_feature,feature_candidate,true_after_notice_date,NOTICE_DATE or UPDATE_DATE plus conservative next-trading-day lag; REPORT_DATE alone forbidden,notice_lagged_latest|quarter_delta|ttm_proxy|ratio|rank_xsection|winsorize|sector_residual,high,G:\Project_V7_Rotation\data\cn_public_enrichment\cn_fundamental_akshare_fullA_silver_gold_pit_v1_20260603\silver_long\fundamental_balance_long.parquet,294221,,panelize_selected_ratios_into_nonminute_pit_context
fundamental_pit_silver,fundamental_balance_long,DERIVE_FINASSET,double,fundamental_quality_risk,accepted,valid_pit_silver,announcement_pit_feature,feature_candidate,true_after_notice_date,NOTICE_DATE or UPDATE_DATE plus conservative next-trading-day lag; REPORT_DATE alone forbidden,notice_lagged_latest|quarter_delta|ttm_proxy|ratio|rank_xsection|winsorize|sector_residual,high,G:\Project_V7_Rotation\data\cn_public_enrichment\cn_fundamental_akshare_fullA_silver_gold_pit_v1_20260603\silver_long\fundamental_balance_long.parquet,294221,,panelize_selected_ratios_into_nonminute_pit_context
fundamental_pit_silver,fundamental_balance_long,DERIVE_FINLIAB,double,fundamental_quality_risk,accepted,valid_pit_silver,announcement_pit_feature,feature_candidate,true_after_notice_date,NOTICE_DATE or UPDATE_DATE plus conservative next-trading-day lag; REPORT_DATE alone forbidden,notice_lagged_latest|quarter_delta|ttm_proxy|ratio|rank_xsection|winsorize|sector_residual,high,G:\Project_V7_Rotation\data\cn_public_enrichment\cn_fundamental_akshare_fullA_silver_gold_pit_v1_20260603\silver_long\fundamental_balance_long.parquet,294221,,panelize_selected_ratios_into_nonminute_pit_context
fundamental_pit_silver,fundamental_balance_long,DEVELOP_EXPENSE,double,fundamental_quality_risk,accepted,valid_pit_silver,announcement_pit_feature,feature_candidate,true_after_notice_date,NOTICE_DATE or UPDATE_DATE plus conservative next-trading-day lag; REPORT_DATE alone forbidden,notice_lagged_latest|quarter_delta|ttm_proxy|ratio|rank_xsection|winsorize|sector_residual,high,G:\Project_V7_Rotation\data\cn_public_enrichment\cn_fundamental_akshare_fullA_silver_gold_pit_v1_20260603\silver_long\fundamental_balance_long.parquet,294221,,panelize_selected_ratios_into_nonminute_pit_context
fundamental_pit_silver,fundamental_balance_long,DIV_HOLDSALE_ASSET,double,fundamental_quality_risk,accepted,valid_pit_silver,announcement_pit_feature,feature_candidate,true_after_notice_date,NOTICE_DATE or UPDATE_DATE plus conservative next-trading-day lag; REPORT_DATE alone forbidden,notice_lagged_latest|quarter_delta|ttm_proxy|ratio|rank_xsection|winsorize|sector_residual,high,G:\Project_V7_Rotation\data\cn_public_enrichment\cn_fundamental_akshare_fullA_silver_gold_pit_v1_20260603\silver_long\fundamental_balance_long.parquet,294221,,panelize_selected_ratios_into_nonminute_pit_context
fundamental_pit_silver,fundamental_balance_long,DIV_HOLDSALE_LIAB,double,fundamental_quality_risk,accepted,valid_pit_silver,announcement_pit_feature,feature_candidate,true_after_notice_date,NOTICE_DATE or UPDATE_DATE plus conservative next-trading-day lag; REPORT_DATE alone forbidden,notice_lagged_latest|quarter_delta|ttm_proxy|ratio|rank_xsection|winsorize|sector_residual,high,G:\Project_V7_Rotation\data\cn_public_enrichment\cn_fundamental_akshare_fullA_silver_gold_pit_v1_20260603\silver_long\fundamental_balance_long.parquet,294221,,panelize_selected_ratios_into_nonminute_pit_context
fundamental_pit_silver,fundamental_balance_long,DIVIDEND_PAYABLE,double,holder_corporate_action,accepted,valid_pit_silver,announcement_pit_feature,feature_candidate,true_after_notice_date,NOTICE_DATE or UPDATE_DATE plus conservative next-trading-day lag; REPORT_DATE alone forbidden,notice_lagged_latest|quarter_delta|ttm_proxy|ratio|rank_xsection|winsorize|sector_residual,high,G:\Project_V7_Rotation\data\cn_public_enrichment\cn_fundamental_akshare_fullA_silver_gold_pit_v1_20260603\silver_long\fundamental_balance_long.parquet,294221,,panelize_selected_ratios_into_nonminute_pit_context
fundamental_pit_silver,fundamental_balance_long,DIVIDEND_RECE,double,holder_corporate_action,accepted,valid_pit_silver,announcement_pit_feature,feature_candidate,true_after_notice_date,NOTICE_DATE or UPDATE_DATE plus conservative next-trading-day lag; REPORT_DATE alone forbidden,notice_lagged_latest|quarter_delta|ttm_proxy|ratio|rank_xsection|winsorize|sector_residual,high,G:\Project_V7_Rotation\data\cn_public_enrichment\cn_fundamental_akshare_fullA_silver_gold_pit_v1_20260603\silver_long\fundamental_balance_long.parquet,294221,,panelize_selected_ratios_into_nonminute_pit_context
fundamental_pit_silver,fundamental_balance_long,EQUITY_BALANCE,double,other_numeric,accepted,valid_pit_silver,announcement_pit_feature,feature_candidate,true_after_notice_date,NOTICE_DATE or UPDATE_DATE plus conservative next-trading-day lag; REPORT_DATE alone forbidden,notice_lagged_latest|quarter_delta|ttm_proxy|ratio|rank_xsection|winsorize|sector_residual,high,G:\Project_V7_Rotation\data\cn_public_enrichment\cn_fundamental_akshare_fullA_silver_gold_pit_v1_20260603\silver_long\fundamental_balance_long.parquet,294221,,panelize_selected_ratios_into_nonminute_pit_context
fundamental_pit_silver,fundamental_balance_long,EQUITY_OTHER,double,other_numeric,accepted,valid_pit_silver,announcement_pit_feature,feature_candidate,true_after_notice_date,NOTICE_DATE or UPDATE_DATE plus conservative next-trading-day lag; REPORT_DATE alone forbidden,notice_lagged_latest|quarter_delta|ttm_proxy|ratio|rank_xsection|winsorize|sector_residual,high,G:\Project_V7_Rotation\data\cn_public_enrichment\cn_fundamental_akshare_fullA_silver_gold_pit_v1_20260603\silver_long\fundamental_balance_long.parquet,294221,,panelize_selected_ratios_into_nonminute_pit_context
fundamental_pit_silver,fundamental_balance_long,EXPORT_REFUND_RECE,double,other_numeric,accepted,valid_pit_silver,announcement_pit_feature,feature_candidate,true_after_notice_date,NOTICE_DATE or UPDATE_DATE plus conservative next-trading-day lag; REPORT_DATE alone forbidden,notice_lagged_latest|quarter_delta|ttm_proxy|ratio|rank_xsection|winsorize|sector_residual,high,G:\Project_V7_Rotation\data\cn_public_enrichment\cn_fundamental_akshare_fullA_silver_gold_pit_v1_20260603\silver_long\fundamental_balance_long.parquet,294221,,panelize_selected_ratios_into_nonminute_pit_context
fundamental_pit_silver,fundamental_balance_long,FEE_COMMISSION_PAYABLE,double,other_numeric,accepted,valid_pit_silver,announcement_pit_feature,feature_candidate,true_after_notice_date,NOTICE_DATE or UPDATE_DATE plus conservative next-trading-day lag; REPORT_DATE alone forbidden,notice_lagged_latest|quarter_delta|ttm_proxy|ratio|rank_xsection|winsorize|sector_residual,high,G:\Project_V7_Rotation\data\cn_public_enrichment\cn_fundamental_akshare_fullA_silver_gold_pit_v1_20260603\silver_long\fundamental_balance_long.parquet,294221,,panelize_selected_ratios_into_nonminute_pit_context
fundamental_pit_silver,fundamental_balance_long,FIN_FUND,double,other_numeric,accepted,valid_pit_silver,announcement_pit_feature,feature_candidate,true_after_notice_date,NOTICE_DATE or UPDATE_DATE plus conservative next-trading-day lag; REPORT_DATE alone forbidden,notice_lagged_latest|quarter_delta|ttm_proxy|ratio|rank_xsection|winsorize|sector_residual,high,G:\Project_V7_Rotation\data\cn_public_enrichment\cn_fundamental_akshare_fullA_silver_gold_pit_v1_20260603\silver_long\fundamental_balance_long.parquet,294221,,panelize_selected_ratios_into_nonminute_pit_context
fundamental_pit_silver,fundamental_balance_long,FINANCE_RECE,double,other_numeric,accepted,valid_pit_silver,announcement_pit_feature,feature_candidate,true_after_notice_date,NOTICE_DATE or UPDATE_DATE plus conservative next-trading-day lag; REPORT_DATE alone forbidden,notice_lagged_latest|quarter_delta|ttm_proxy|ratio|rank_xsection|winsorize|sector_residual,high,G:\Project_V7_Rotation\data\cn_public_enrichment\cn_fundamental_akshare_fullA_silver_gold_pit_v1_20260603\silver_long\fundamental_balance_long.parquet,294221,,panelize_selected_ratios_into_nonminute_pit_context
fundamental_pit_silver,fundamental_balance_long,FIXED_ASSET,double,fundamental_quality_risk,accepted,valid_pit_silver,announcement_pit_feature,feature_candidate,true_after_notice_date,NOTICE_DATE or UPDATE_DATE plus conservative next-trading-day lag; REPORT_DATE alone forbidden,notice_lagged_latest|quarter_delta|ttm_proxy|ratio|rank_xsection|winsorize|sector_residual,high,G:\Project_V7_Rotation\data\cn_public_enrichment\cn_fundamental_akshare_fullA_silver_gold_pit_v1_20260603\silver_long\fundamental_balance_long.parquet,294221,,panelize_selected_ratios_into_nonminute_pit_context
fundamental_pit_silver,fundamental_balance_long,FIXED_ASSET_DISPOSAL,double,fundamental_quality_risk,accepted,valid_pit_silver,announcement_pit_feature,feature_candidate,true_after_notice_date,NOTICE_DATE or UPDATE_DATE plus conservative next-trading-day lag; REPORT_DATE alone forbidden,notice_lagged_latest|quarter_delta|ttm_proxy|ratio|rank_xsection|winsorize|sector_residual,high,G:\Project_V7_Rotation\data\cn_public_enrichment\cn_fundamental_akshare_fullA_silver_gold_pit_v1_20260603\silver_long\fundamental_balance_long.parquet,294221,,panelize_selected_ratios_into_nonminute_pit_context
fundamental_pit_silver,fundamental_balance_long,FVTOCI_FINASSET,double,fundamental_quality_risk,accepted,valid_pit_silver,announcement_pit_feature,feature_candidate,true_after_notice_date,NOTICE_DATE or UPDATE_DATE plus conservative next-trading-day lag; REPORT_DATE alone forbidden,notice_lagged_latest|quarter_delta|ttm_proxy|ratio|rank_xsection|winsorize|sector_residual,high,G:\Project_V7_Rotation\data\cn_public_enrichment\cn_fundamental_akshare_fullA_silver_gold_pit_v1_20260603\silver_long\fundamental_balance_long.parquet,294221,,panelize_selected_ratios_into_nonminute_pit_context
fundamental_pit_silver,fundamental_balance_long,FVTOCI_NCFINASSET,double,fundamental_quality_risk,accepted,valid_pit_silver,announcement_pit_feature,feature_candidate,true_after_notice_date,NOTICE_DATE or UPDATE_DATE plus conservative next-trading-day lag; REPORT_DATE alone forbidden,notice_lagged_latest|quarter_delta|ttm_proxy|ratio|rank_xsection|winsorize|sector_residual,high,G:\Project_V7_Rotation\data\cn_public_enrichment\cn_fundamental_akshare_fullA_silver_gold_pit_v1_20260603\silver_long\fundamental_balance_long.parquet,294221,,panelize_selected_ratios_into_nonminute_pit_context
fundamental_pit_silver,fundamental_balance_long,FVTPL_FINASSET,double,fundamental_quality_risk,accepted,valid_pit_silver,announcement_pit_feature,feature_candidate,true_after_notice_date,NOTICE_DATE or UPDATE_DATE plus conservative next-trading-day lag; REPORT_DATE alone forbidden,notice_lagged_latest|quarter_delta|ttm_proxy|ratio|rank_xsection|winsorize|sector_residual,high,G:\Project_V7_Rotation\data\cn_public_enrichment\cn_fundamental_akshare_fullA_silver_gold_pit_v1_20260603\silver_long\fundamental_balance_long.parquet,294221,,panelize_selected_ratios_into_nonminute_pit_context
fundamental_pit_silver,fundamental_balance_long,FVTPL_FINLIAB,double,fundamental_quality_risk,accepted,valid_pit_silver,announcement_pit_feature,feature_candidate,true_after_notice_date,NOTICE_DATE or UPDATE_DATE plus conservative next-trading-day lag; REPORT_DATE alone forbidden,notice_lagged_latest|quarter_delta|ttm_proxy|ratio|rank_xsection|winsorize|sector_residual,high,G:\Project_V7_Rotation\data\cn_public_enrichment\cn_fundamental_akshare_fullA_silver_gold_pit_v1_20260603\silver_long\fundamental_balance_long.parquet,294221,,panelize_selected_ratios_into_nonminute_pit_context
fundamental_pit_silver,fundamental_balance_long,GENERAL_RISK_RESERVE,double,other_numeric,accepted,valid_pit_silver,announcement_pit_feature,feature_candidate,true_after_notice_date,NOTICE_DATE or UPDATE_DATE plus conservative next-trading-day lag; REPORT_DATE alone forbidden,notice_lagged_latest|quarter_delta|ttm_proxy|ratio|rank_xsection|winsorize|sector_residual,high,G:\Project_V7_Rotation\data\cn_public_enrichment\cn_fundamental_akshare_fullA_silver_gold_pit_v1_20260603\silver_long\fundamental_balance_long.parquet,294221,,panelize_selected_ratios_into_nonminute_pit_context
fundamental_pit_silver,fundamental_balance_long,GOODWILL,double,fundamental_quality_risk,accepted,valid_pit_silver,announcement_pit_feature,feature_candidate,true_after_notice_date,NOTICE_DATE or UPDATE_DATE plus conservative next-trading-day lag; REPORT_DATE alone forbidden,notice_lagged_latest|quarter_delta|ttm_proxy|ratio|rank_xsection|winsorize|sector_residual,high,G:\Project_V7_Rotation\data\cn_public_enrichment\cn_fundamental_akshare_fullA_silver_gold_pit_v1_20260603\silver_long\fundamental_balance_long.parquet,294221,,panelize_selected_ratios_into_nonminute_pit_context
fundamental_pit_silver,fundamental_balance_long,HOLD_MATURITY_INVEST,double,other_numeric,accepted,valid_pit_silver,announcement_pit_feature,feature_candidate,true_after_notice_date,NOTICE_DATE or UPDATE_DATE plus conservative next-trading-day lag; REPORT_DATE alone forbidden,notice_lagged_latest|quarter_delta|ttm_proxy|ratio|rank_xsection|winsorize|sector_residual,high,G:\Project_V7_Rotation\data\cn_public_enrichment\cn_fundamental_akshare_fullA_silver_gold_pit_v1_20260603\silver_long\fundamental_balance_long.parquet,294221,,panelize_selected_ratios_into_nonminute_pit_context
fundamental_pit_silver,fundamental_balance_long,HOLDSALE_ASSET,double,fundamental_quality_risk,accepted,valid_pit_silver,announcement_pit_feature,feature_candidate,true_after_notice_date,NOTICE_DATE or UPDATE_DATE plus conservative next-trading-day lag; REPORT_DATE alone forbidden,notice_lagged_latest|quarter_delta|ttm_proxy|ratio|rank_xsection|winsorize|sector_residual,high,G:\Project_V7_Rotation\data\cn_public_enrichment\cn_fundamental_akshare_fullA_silver_gold_pit_v1_20260603\silver_long\fundamental_balance_long.parquet,294221,,panelize_selected_ratios_into_nonminute_pit_context
fundamental_pit_silver,fundamental_balance_long,HOLDSALE_LIAB,double,fundamental_quality_risk,accepted,valid_pit_silver,announcement_pit_feature,feature_candidate,true_after_notice_date,NOTICE_DATE or UPDATE_DATE plus conservative next-trading-day lag; REPORT_DATE alone forbidden,notice_lagged_latest|quarter_delta|ttm_proxy|ratio|rank_xsection|winsorize|sector_residual,high,G:\Project_V7_Rotation\data\cn_public_enrichment\cn_fundamental_akshare_fullA_silver_gold_pit_v1_20260603\silver_long\fundamental_balance_long.parquet,294221,,panelize_selected_ratios_into_nonminute_pit_context
fundamental_pit_silver,fundamental_balance_long,INSURANCE_CONTRACT_RESERVE,double,other_numeric,accepted,valid_pit_silver,announcement_pit_feature,feature_candidate,true_after_notice_date,NOTICE_DATE or UPDATE_DATE plus conservative next-trading-day lag; REPORT_DATE alone forbidden,notice_lagged_latest|quarter_delta|ttm_proxy|ratio|rank_xsection|winsorize|sector_residual,high,G:\Project_V7_Rotation\data\cn_public_enrichment\cn_fundamental_akshare_fullA_silver_gold_pit_v1_20260603\silver_long\fundamental_balance_long.parquet,294221,,panelize_selected_ratios_into_nonminute_pit_context
fundamental_pit_silver,fundamental_balance_long,INTANGIBLE_ASSET,double,fundamental_quality_risk,accepted,valid_pit_silver,announcement_pit_feature,feature_candidate,true_after_notice_date,NOTICE_DATE or UPDATE_DATE plus conservative next-trading-day lag; REPORT_DATE alone forbidden,notice_lagged_latest|quarter_delta|ttm_proxy|ratio|rank_xsection|winsorize|sector_residual,high,G:\Project_V7_Rotation\data\cn_public_enrichment\cn_fundamental_akshare_fullA_silver_gold_pit_v1_20260603\silver_long\fundamental_balance_long.parquet,294221,,panelize_selected_ratios_into_nonminute_pit_context
fundamental_pit_silver,fundamental_balance_long,INTEREST_PAYABLE,double,other_numeric,accepted,valid_pit_silver,announcement_pit_feature,feature_candidate,true_after_notice_date,NOTICE_DATE or UPDATE_DATE plus conservative next-trading-day lag; REPORT_DATE alone forbidden,notice_lagged_latest|quarter_delta|ttm_proxy|ratio|rank_xsection|winsorize|sector_residual,high,G:\Project_V7_Rotation\data\cn_public_enrichment\cn_fundamental_akshare_fullA_silver_gold_pit_v1_20260603\silver_long\fundamental_balance_long.parquet,294221,,panelize_selected_ratios_into_nonminute_pit_context
fundamental_pit_silver,fundamental_balance_long,INTEREST_RECE,double,other_numeric,accepted,valid_pit_silver,announcement_pit_feature,feature_candidate,true_after_notice_date,NOTICE_DATE or UPDATE_DATE plus conservative next-trading-day lag; REPORT_DATE alone forbidden,notice_lagged_latest|quarter_delta|ttm_proxy|ratio|rank_xsection|winsorize|sector_residual,high,G:\Project_V7_Rotation\data\cn_public_enrichment\cn_fundamental_akshare_fullA_silver_gold_pit_v1_20260603\silver_long\fundamental_balance_long.parquet,294221,,panelize_selected_ratios_into_nonminute_pit_context
fundamental_pit_silver,fundamental_balance_long,INTERNAL_PAYABLE,double,other_numeric,accepted,valid_pit_silver,announcement_pit_feature,feature_candidate,true_after_notice_date,NOTICE_DATE or UPDATE_DATE plus conservative next-trading-day lag; REPORT_DATE alone forbidden,notice_lagged_latest|quarter_delta|ttm_proxy|ratio|rank_xsection|winsorize|sector_residual,high,G:\Project_V7_Rotation\data\cn_public_enrichment\cn_fundamental_akshare_fullA_silver_gold_pit_v1_20260603\silver_long\fundamental_balance_long.parquet,294221,,panelize_selected_ratios_into_nonminute_pit_context
fundamental_pit_silver,fundamental_balance_long,INTERNAL_RECE,double,other_numeric,accepted,valid_pit_silver,announcement_pit_feature,feature_candidate,true_after_notice_date,NOTICE_DATE or UPDATE_DATE plus conservative next-trading-day lag; REPORT_DATE alone forbidden,notice_lagged_latest|quarter_delta|ttm_proxy|ratio|rank_xsection|winsorize|sector_residual,high,G:\Project_V7_Rotation\data\cn_public_enrichment\cn_fundamental_akshare_fullA_silver_gold_pit_v1_20260603\silver_long\fundamental_balance_long.parquet,294221,,panelize_selected_ratios_into_nonminute_pit_context
fundamental_pit_silver,fundamental_balance_long,INVENTORY,double,fundamental_quality_risk,accepted,valid_pit_silver,announcement_pit_feature,feature_candidate,true_after_notice_date,NOTICE_DATE or UPDATE_DATE plus conservative next-trading-day lag; REPORT_DATE alone forbidden,notice_lagged_latest|quarter_delta|ttm_proxy|ratio|rank_xsection|winsorize|sector_residual,high,G:\Project_V7_Rotation\data\cn_public_enrichment\cn_fundamental_akshare_fullA_silver_gold_pit_v1_20260603\silver_long\fundamental_balance_long.parquet,294221,,panelize_selected_ratios_into_nonminute_pit_context
fundamental_pit_silver,fundamental_balance_long,INVEST_REALESTATE,double,other_numeric,accepted,valid_pit_silver,announcement_pit_feature,feature_candidate,true_after_notice_date,NOTICE_DATE or UPDATE_DATE plus conservative next-trading-day lag; REPORT_DATE alone forbidden,notice_lagged_latest|quarter_delta|ttm_proxy|ratio|rank_xsection|winsorize|sector_residual,high,G:\Project_V7_Rotation\data\cn_public_enrichment\cn_fundamental_akshare_fullA_silver_gold_pit_v1_20260603\silver_long\fundamental_balance_long.parquet,294221,,panelize_selected_ratios_into_nonminute_pit_context
fundamental_pit_silver,fundamental_balance_long,LEASE_LIAB,double,fundamental_quality_risk,accepted,valid_pit_silver,announcement_pit_feature,feature_candidate,true_after_notice_date,NOTICE_DATE or UPDATE_DATE plus conservative next-trading-day lag; REPORT_DATE alone forbidden,notice_lagged_latest|quarter_delta|ttm_proxy|ratio|rank_xsection|winsorize|sector_residual,high,G:\Project_V7_Rotation\data\cn_public_enrichment\cn_fundamental_akshare_fullA_silver_gold_pit_v1_20260603\silver_long\fundamental_balance_long.parquet,294221,,panelize_selected_ratios_into_nonminute_pit_context
fundamental_pit_silver,fundamental_balance_long,LEND_FUND,double,other_numeric,accepted,valid_pit_silver,announcement_pit_feature,feature_candidate,true_after_notice_date,NOTICE_DATE or UPDATE_DATE plus conservative next-trading-day lag; REPORT_DATE alone forbidden,notice_lagged_latest|quarter_delta|ttm_proxy|ratio|rank_xsection|winsorize|sector_residual,high,G:\Project_V7_Rotation\data\cn_public_enrichment\cn_fundamental_akshare_fullA_silver_gold_pit_v1_20260603\silver_long\fundamental_balance_long.parquet,294221,,panelize_selected_ratios_into_nonminute_pit_context
fundamental_pit_silver,fundamental_balance_long,LIAB_BALANCE,double,fundamental_quality_risk,accepted,valid_pit_silver,announcement_pit_feature,feature_candidate,true_after_notice_date,NOTICE_DATE or UPDATE_DATE plus conservative next-trading-day lag; REPORT_DATE alone forbidden,notice_lagged_latest|quarter_delta|ttm_proxy|ratio|rank_xsection|winsorize|sector_residual,high,G:\Project_V7_Rotation\data\cn_public_enrichment\cn_fundamental_akshare_fullA_silver_gold_pit_v1_20260603\silver_long\fundamental_balance_long.parquet,294221,,panelize_selected_ratios_into_nonminute_pit_context
fundamental_pit_silver,fundamental_balance_long,LIAB_EQUITY_BALANCE,double,fundamental_quality_risk,accepted,valid_pit_silver,announcement_pit_feature,feature_candidate,true_after_notice_date,NOTICE_DATE or UPDATE_DATE plus conservative next-trading-day lag; REPORT_DATE alone forbidden,notice_lagged_latest|quarter_delta|ttm_proxy|ratio|rank_xsection|winsorize|sector_residual,high,G:\Project_V7_Rotation\data\cn_public_enrichment\cn_fundamental_akshare_fullA_silver_gold_pit_v1_20260603\silver_long\fundamental_balance_long.parquet,294221,,panelize_selected_ratios_into_nonminute_pit_context
fundamental_pit_silver,fundamental_balance_long,LIAB_EQUITY_OTHER,double,fundamental_quality_risk,accepted,valid_pit_silver,announcement_pit_feature,feature_candidate,true_after_notice_date,NOTICE_DATE or UPDATE_DATE plus conservative next-trading-day lag; REPORT_DATE alone forbidden,notice_lagged_latest|quarter_delta|ttm_proxy|ratio|rank_xsection|winsorize|sector_residual,high,G:\Project_V7_Rotation\data\cn_public_enrichment\cn_fundamental_akshare_fullA_silver_gold_pit_v1_20260603\silver_long\fundamental_balance_long.parquet,294221,,panelize_selected_ratios_into_nonminute_pit_context
fundamental_pit_silver,fundamental_balance_long,LIAB_OTHER,double,fundamental_quality_risk,accepted,valid_pit_silver,announcement_pit_feature,feature_candidate,true_after_notice_date,NOTICE_DATE or UPDATE_DATE plus conservative next-trading-day lag; REPORT_DATE alone forbidden,notice_lagged_latest|quarter_delta|ttm_proxy|ratio|rank_xsection|winsorize|sector_residual,high,G:\Project_V7_Rotation\data\cn_public_enrichment\cn_fundamental_akshare_fullA_silver_gold_pit_v1_20260603\silver_long\fundamental_balance_long.parquet,294221,,panelize_selected_ratios_into_nonminute_pit_context
fundamental_pit_silver,fundamental_balance_long,LOAN_ADVANCE,double,other_numeric,accepted,valid_pit_silver,announcement_pit_feature,feature_candidate,true_after_notice_date,NOTICE_DATE or UPDATE_DATE plus conservative next-trading-day lag; REPORT_DATE alone forbidden,notice_lagged_latest|quarter_delta|ttm_proxy|ratio|rank_xsection|winsorize|sector_residual,high,G:\Project_V7_Rotation\data\cn_public_enrichment\cn_fundamental_akshare_fullA_silver_gold_pit_v1_20260603\silver_long\fundamental_balance_long.parquet,294221,,panelize_selected_ratios_into_nonminute_pit_context
fundamental_pit_silver,fundamental_balance_long,LOAN_PBC,double,other_numeric,accepted,valid_pit_silver,announcement_pit_feature,feature_candidate,true_after_notice_date,NOTICE_DATE or UPDATE_DATE plus conservative next-trading-day lag; REPORT_DATE alone forbidden,notice_lagged_latest|quarter_delta|ttm_proxy|ratio|rank_xsection|winsorize|sector_residual,high,G:\Project_V7_Rotation\data\cn_public_enrichment\cn_fundamental_akshare_fullA_silver_gold_pit_v1_20260603\silver_long\fundamental_balance_long.parquet,294221,,panelize_selected_ratios_into_nonminute_pit_context
fundamental_pit_silver,fundamental_balance_long,LONG_EQUITY_INVEST,double,other_numeric,accepted,valid_pit_silver,announcement_pit_feature,feature_candidate,true_after_notice_date,NOTICE_DATE or UPDATE_DATE plus conservative next-trading-day lag; REPORT_DATE alone forbidden,notice_lagged_latest|quarter_delta|ttm_proxy|ratio|rank_xsection|winsorize|sector_residual,high,G:\Project_V7_Rotation\data\cn_public_enrichment\cn_fundamental_akshare_fullA_silver_gold_pit_v1_20260603\silver_long\fundamental_balance_long.parquet,294221,,panelize_selected_ratios_into_nonminute_pit_context
fundamental_pit_silver,fundamental_balance_long,LONG_LOAN,double,other_numeric,accepted,valid_pit_silver,announcement_pit_feature,feature_candidate,true_after_notice_date,NOTICE_DATE or UPDATE_DATE plus conservative next-trading-day lag; REPORT_DATE alone forbidden,notice_lagged_latest|quarter_delta|ttm_proxy|ratio|rank_xsection|winsorize|sector_residual,high,G:\Project_V7_Rotation\data\cn_public_enrichment\cn_fundamental_akshare_fullA_silver_gold_pit_v1_20260603\silver_long\fundamental_balance_long.parquet,294221,,panelize_selected_ratios_into_nonminute_pit_context
fundamental_pit_silver,fundamental_balance_long,LONG_PAYABLE,double,other_numeric,accepted,valid_pit_silver,announcement_pit_feature,feature_candidate,true_after_notice_date,NOTICE_DATE or UPDATE_DATE plus conservative next-trading-day lag; REPORT_DATE alone forbidden,notice_lagged_latest|quarter_delta|ttm_proxy|ratio|rank_xsection|winsorize|sector_residual,high,G:\Project_V7_Rotation\data\cn_public_enrichment\cn_fundamental_akshare_fullA_silver_gold_pit_v1_20260603\silver_long\fundamental_balance_long.parquet,294221,,panelize_selected_ratios_into_nonminute_pit_context
fundamental_pit_silver,fundamental_balance_long,LONG_PREPAID_EXPENSE,double,fundamental_quality_risk,accepted,valid_pit_silver,announcement_pit_feature,feature_candidate,true_after_notice_date,NOTICE_DATE or UPDATE_DATE plus conservative next-trading-day lag; REPORT_DATE alone forbidden,notice_lagged_latest|quarter_delta|ttm_proxy|ratio|rank_xsection|winsorize|sector_residual,high,G:\Project_V7_Rotation\data\cn_public_enrichment\cn_fundamental_akshare_fullA_silver_gold_pit_v1_20260603\silver_long\fundamental_balance_long.parquet,294221,,panelize_selected_ratios_into_nonminute_pit_context
fundamental_pit_silver,fundamental_balance_long,LONG_RECE,double,other_numeric,accepted,valid_pit_silver,announcement_pit_feature,feature_candidate,true_after_notice_date,NOTICE_DATE or UPDATE_DATE plus conservative next-trading-day lag; REPORT_DATE alone forbidden,notice_lagged_latest|quarter_delta|ttm_proxy|ratio|rank_xsection|winsorize|sector_residual,high,G:\Project_V7_Rotation\data\cn_public_enrichment\cn_fundamental_akshare_fullA_silver_gold_pit_v1_20260603\silver_long\fundamental_balance_long.parquet,294221,,panelize_selected_ratios_into_nonminute_pit_context
fundamental_pit_silver,fundamental_balance_long,LONG_STAFFSALARY_PAYABLE,double,other_numeric,accepted,valid_pit_silver,announcement_pit_feature,feature_candidate,true_after_notice_date,NOTICE_DATE or UPDATE_DATE plus conservative next-trading-day lag; REPORT_DATE alone forbidden,notice_lagged_latest|quarter_delta|ttm_proxy|ratio|rank_xsection|winsorize|sector_residual,high,G:\Project_V7_Rotation\data\cn_public_enrichment\cn_fundamental_akshare_fullA_silver_gold_pit_v1_20260603\silver_long\fundamental_balance_long.parquet,294221,,panelize_selected_ratios_into_nonminute_pit_context
fundamental_pit_silver,fundamental_balance_long,MINORITY_EQUITY,double,other_numeric,accepted,valid_pit_silver,announcement_pit_feature,feature_candidate,true_after_notice_date,NOTICE_DATE or UPDATE_DATE plus conservative next-trading-day lag; REPORT_DATE alone forbidden,notice_lagged_latest|quarter_delta|ttm_proxy|ratio|rank_xsection|winsorize|sector_residual,high,G:\Project_V7_Rotation\data\cn_public_enrichment\cn_fundamental_akshare_fullA_silver_gold_pit_v1_20260603\silver_long\fundamental_balance_long.parquet,294221,,panelize_selected_ratios_into_nonminute_pit_context
fundamental_pit_silver,fundamental_balance_long,MONETARYFUNDS,double,other_numeric,accepted,valid_pit_silver,announcement_pit_feature,feature_candidate,true_after_notice_date,NOTICE_DATE or UPDATE_DATE plus conservative next-trading-day lag; REPORT_DATE alone forbidden,notice_lagged_latest|quarter_delta|ttm_proxy|ratio|rank_xsection|winsorize|sector_residual,high,G:\Project_V7_Rotation\data\cn_public_enrichment\cn_fundamental_akshare_fullA_silver_gold_pit_v1_20260603\silver_long\fundamental_balance_long.parquet,294221,,panelize_selected_ratios_into_nonminute_pit_context
fundamental_pit_silver,fundamental_balance_long,NONCURRENT_ASSET_1YEAR,double,fundamental_quality_risk,accepted,valid_pit_silver,announcement_pit_feature,feature_candidate,true_after_notice_date,NOTICE_DATE or UPDATE_DATE plus conservative next-trading-day lag; REPORT_DATE alone forbidden,notice_lagged_latest|quarter_delta|ttm_proxy|ratio|rank_xsection|winsorize|sector_residual,high,G:\Project_V7_Rotation\data\cn_public_enrichment\cn_fundamental_akshare_fullA_silver_gold_pit_v1_20260603\silver_long\fundamental_balance_long.parquet,294221,,panelize_selected_ratios_into_nonminute_pit_context
fundamental_pit_silver,fundamental_balance_long,NONCURRENT_ASSET_BALANCE,double,fundamental_quality_risk,accepted,valid_pit_silver,announcement_pit_feature,feature_candidate,true_after_notice_date,NOTICE_DATE or UPDATE_DATE plus conservative next-trading-day lag; REPORT_DATE alone forbidden,notice_lagged_latest|quarter_delta|ttm_proxy|ratio|rank_xsection|winsorize|sector_residual,high,G:\Project_V7_Rotation\data\cn_public_enrichment\cn_fundamental_akshare_fullA_silver_gold_pit_v1_20260603\silver_long\fundamental_balance_long.parquet,294221,,panelize_selected_ratios_into_nonminute_pit_context
fundamental_pit_silver,fundamental_balance_long,NONCURRENT_ASSET_OTHER,double,fundamental_quality_risk,accepted,valid_pit_silver,announcement_pit_feature,feature_candidate,true_after_notice_date,NOTICE_DATE or UPDATE_DATE plus conservative next-trading-day lag; REPORT_DATE alone forbidden,notice_lagged_latest|quarter_delta|ttm_proxy|ratio|rank_xsection|winsorize|sector_residual,high,G:\Project_V7_Rotation\data\cn_public_enrichment\cn_fundamental_akshare_fullA_silver_gold_pit_v1_20260603\silver_long\fundamental_balance_long.parquet,294221,,panelize_selected_ratios_into_nonminute_pit_context
fundamental_pit_silver,fundamental_balance_long,NONCURRENT_LIAB_1YEAR,double,fundamental_quality_risk,accepted,valid_pit_silver,announcement_pit_feature,feature_candidate,true_after_notice_date,NOTICE_DATE or UPDATE_DATE plus conservative next-trading-day lag; REPORT_DATE alone forbidden,notice_lagged_latest|quarter_delta|ttm_proxy|ratio|rank_xsection|winsorize|sector_residual,high,G:\Project_V7_Rotation\data\cn_public_enrichment\cn_fundamental_akshare_fullA_silver_gold_pit_v1_20260603\silver_long\fundamental_balance_long.parquet,294221,,panelize_selected_ratios_into_nonminute_pit_context
fundamental_pit_silver,fundamental_balance_long,NONCURRENT_LIAB_BALANCE,double,fundamental_quality_risk,accepted,valid_pit_silver,announcement_pit_feature,feature_candidate,true_after_notice_date,NOTICE_DATE or UPDATE_DATE plus conservative next-trading-day lag; REPORT_DATE alone forbidden,notice_lagged_latest|quarter_delta|ttm_proxy|ratio|rank_xsection|winsorize|sector_residual,high,G:\Project_V7_Rotation\data\cn_public_enrichment\cn_fundamental_akshare_fullA_silver_gold_pit_v1_20260603\silver_long\fundamental_balance_long.parquet,294221,,panelize_selected_ratios_into_nonminute_pit_context
fundamental_pit_silver,fundamental_balance_long,NONCURRENT_LIAB_OTHER,double,fundamental_quality_risk,accepted,valid_pit_silver,announcement_pit_feature,feature_candidate,true_after_notice_date,NOTICE_DATE or UPDATE_DATE plus conservative next-trading-day lag; REPORT_DATE alone forbidden,notice_lagged_latest|quarter_delta|ttm_proxy|ratio|rank_xsection|winsorize|sector_residual,high,G:\Project_V7_Rotation\data\cn_public_enrichment\cn_fundamental_akshare_fullA_silver_gold_pit_v1_20260603\silver_long\fundamental_balance_long.parquet,294221,,panelize_selected_ratios_into_nonminute_pit_context
fundamental_pit_silver,fundamental_balance_long,NOTE_ACCOUNTS_PAYABLE,double,other_numeric,accepted,valid_pit_silver,announcement_pit_feature,feature_candidate,true_after_notice_date,NOTICE_DATE or UPDATE_DATE plus conservative next-trading-day lag; REPORT_DATE alone forbidden,notice_lagged_latest|quarter_delta|ttm_proxy|ratio|rank_xsection|winsorize|sector_residual,high,G:\Project_V7_Rotation\data\cn_public_enrichment\cn_fundamental_akshare_fullA_silver_gold_pit_v1_20260603\silver_long\fundamental_balance_long.parquet,294221,,panelize_selected_ratios_into_nonminute_pit_context
fundamental_pit_silver,fundamental_balance_long,NOTE_ACCOUNTS_RECE,double,other_numeric,accepted,valid_pit_silver,announcement_pit_feature,feature_candidate,true_after_notice_date,NOTICE_DATE or UPDATE_DATE plus conservative next-trading-day lag; REPORT_DATE alone forbidden,notice_lagged_latest|quarter_delta|ttm_proxy|ratio|rank_xsection|winsorize|sector_residual,high,G:\Project_V7_Rotation\data\cn_public_enrichment\cn_fundamental_akshare_fullA_silver_gold_pit_v1_20260603\silver_long\fundamental_balance_long.parquet,294221,,panelize_selected_ratios_into_nonminute_pit_context
fundamental_pit_silver,fundamental_balance_long,NOTE_PAYABLE,double,other_numeric,accepted,valid_pit_silver,announcement_pit_feature,feature_candidate,true_after_notice_date,NOTICE_DATE or UPDATE_DATE plus conservative next-trading-day lag; REPORT_DATE alone forbidden,notice_lagged_latest|quarter_delta|ttm_proxy|ratio|rank_xsection|winsorize|sector_residual,high,G:\Project_V7_Rotation\data\cn_public_enrichment\cn_fundamental_akshare_fullA_silver_gold_pit_v1_20260603\silver_long\fundamental_balance_long.parquet,294221,,panelize_selected_ratios_into_nonminute_pit_context
fundamental_pit_silver,fundamental_balance_long,NOTE_RECE,double,other_numeric,accepted,valid_pit_silver,announcement_pit_feature,feature_candidate,true_after_notice_date,NOTICE_DATE or UPDATE_DATE plus conservative next-trading-day lag; REPORT_DATE alone forbidden,notice_lagged_latest|quarter_delta|ttm_proxy|ratio|rank_xsection|winsorize|sector_residual,high,G:\Project_V7_Rotation\data\cn_public_enrichment\cn_fundamental_akshare_fullA_silver_gold_pit_v1_20260603\silver_long\fundamental_balance_long.parquet,294221,,panelize_selected_ratios_into_nonminute_pit_context
fundamental_pit_silver,fundamental_balance_long,OIL_GAS_ASSET,double,fundamental_quality_risk,accepted,valid_pit_silver,announcement_pit_feature,feature_candidate,true_after_notice_date,NOTICE_DATE or UPDATE_DATE plus conservative next-trading-day lag; REPORT_DATE alone forbidden,notice_lagged_latest|quarter_delta|ttm_proxy|ratio|rank_xsection|winsorize|sector_residual,high,G:\Project_V7_Rotation\data\cn_public_enrichment\cn_fundamental_akshare_fullA_silver_gold_pit_v1_20260603\silver_long\fundamental_balance_long.parquet,294221,,panelize_selected_ratios_into_nonminute_pit_context
fundamental_pit_silver,fundamental_balance_long,OTHER_COMPRE_INCOME,double,fundamental_quality_risk,accepted,valid_pit_silver,announcement_pit_feature,feature_candidate,true_after_notice_date,NOTICE_DATE or UPDATE_DATE plus conservative next-trading-day lag; REPORT_DATE alone forbidden,notice_lagged_latest|quarter_delta|ttm_proxy|ratio|rank_xsection|winsorize|sector_residual,high,G:\Project_V7_Rotation\data\cn_public_enrichment\cn_fundamental_akshare_fullA_silver_gold_pit_v1_20260603\silver_long\fundamental_balance_long.parquet,294221,,panelize_selected_ratios_into_nonminute_pit_context
fundamental_pit_silver,fundamental_balance_long,OTHER_CREDITOR_INVEST,double,other_numeric,accepted,valid_pit_silver,announcement_pit_feature,feature_candidate,true_after_notice_date,NOTICE_DATE or UPDATE_DATE plus conservative next-trading-day lag; REPORT_DATE alone forbidden,notice_lagged_latest|quarter_delta|ttm_proxy|ratio|rank_xsection|winsorize|sector_residual,high,G:\Project_V7_Rotation\data\cn_public_enrichment\cn_fundamental_akshare_fullA_silver_gold_pit_v1_20260603\silver_long\fundamental_balance_long.parquet,294221,,panelize_selected_ratios_into_nonminute_pit_context
fundamental_pit_silver,fundamental_balance_long,OTHER_CURRENT_ASSET,double,fundamental_quality_risk,accepted,valid_pit_silver,announcement_pit_feature,feature_candidate,true_after_notice_date,NOTICE_DATE or UPDATE_DATE plus conservative next-trading-day lag; REPORT_DATE alone forbidden,notice_lagged_latest|quarter_delta|ttm_proxy|ratio|rank_xsection|winsorize|sector_residual,high,G:\Project_V7_Rotation\data\cn_public_enrichment\cn_fundamental_akshare_fullA_silver_gold_pit_v1_20260603\silver_long\fundamental_balance_long.parquet,294221,,panelize_selected_ratios_into_nonminute_pit_context
fundamental_pit_silver,fundamental_balance_long,OTHER_CURRENT_LIAB,double,fundamental_quality_risk,accepted,valid_pit_silver,announcement_pit_feature,feature_candidate,true_after_notice_date,NOTICE_DATE or UPDATE_DATE plus conservative next-trading-day lag; REPORT_DATE alone forbidden,notice_lagged_latest|quarter_delta|ttm_proxy|ratio|rank_xsection|winsorize|sector_residual,high,G:\Project_V7_Rotation\data\cn_public_enrichment\cn_fundamental_akshare_fullA_silver_gold_pit_v1_20260603\silver_long\fundamental_balance_long.parquet,294221,,panelize_selected_ratios_into_nonminute_pit_context
fundamental_pit_silver,fundamental_balance_long,OTHER_EQUITY_INVEST,double,other_numeric,accepted,valid_pit_silver,announcement_pit_feature,feature_candidate,true_after_notice_date,NOTICE_DATE or UPDATE_DATE plus conservative next-trading-day lag; REPORT_DATE alone forbidden,notice_lagged_latest|quarter_delta|ttm_proxy|ratio|rank_xsection|winsorize|sector_residual,high,G:\Project_V7_Rotation\data\cn_public_enrichment\cn_fundamental_akshare_fullA_silver_gold_pit_v1_20260603\silver_long\fundamental_balance_long.parquet,294221,,panelize_selected_ratios_into_nonminute_pit_context
fundamental_pit_silver,fundamental_balance_long,OTHER_EQUITY_OTHER,double,other_numeric,accepted,valid_pit_silver,announcement_pit_feature,feature_candidate,true_after_notice_date,NOTICE_DATE or UPDATE_DATE plus conservative next-trading-day lag; REPORT_DATE alone forbidden,notice_lagged_latest|quarter_delta|ttm_proxy|ratio|rank_xsection|winsorize|sector_residual,high,G:\Project_V7_Rotation\data\cn_public_enrichment\cn_fundamental_akshare_fullA_silver_gold_pit_v1_20260603\silver_long\fundamental_balance_long.parquet,294221,,panelize_selected_ratios_into_nonminute_pit_context
fundamental_pit_silver,fundamental_balance_long,OTHER_EQUITY_TOOL,double,other_numeric,accepted,valid_pit_silver,announcement_pit_feature,feature_candidate,true_after_notice_date,NOTICE_DATE or UPDATE_DATE plus conservative next-trading-day lag; REPORT_DATE alone forbidden,notice_lagged_latest|quarter_delta|ttm_proxy|ratio|rank_xsection|winsorize|sector_residual,high,G:\Project_V7_Rotation\data\cn_public_enrichment\cn_fundamental_akshare_fullA_silver_gold_pit_v1_20260603\silver_long\fundamental_balance_long.parquet,294221,,panelize_selected_ratios_into_nonminute_pit_context
fundamental_pit_silver,fundamental_balance_long,OTHER_NONCURRENT_ASSET,double,fundamental_quality_risk,accepted,valid_pit_silver,announcement_pit_feature,feature_candidate,true_after_notice_date,NOTICE_DATE or UPDATE_DATE plus conservative next-trading-day lag; REPORT_DATE alone forbidden,notice_lagged_latest|quarter_delta|ttm_proxy|ratio|rank_xsection|winsorize|sector_residual,high,G:\Project_V7_Rotation\data\cn_public_enrichment\cn_fundamental_akshare_fullA_silver_gold_pit_v1_20260603\silver_long\fundamental_balance_long.parquet,294221,,panelize_selected_ratios_into_nonminute_pit_context
fundamental_pit_silver,fundamental_balance_long,OTHER_NONCURRENT_FINASSET,double,fundamental_quality_risk,accepted,valid_pit_silver,announcement_pit_feature,feature_candidate,true_after_notice_date,NOTICE_DATE or UPDATE_DATE plus conservative next-trading-day lag; REPORT_DATE alone forbidden,notice_lagged_latest|quarter_delta|ttm_proxy|ratio|rank_xsection|winsorize|sector_residual,high,G:\Project_V7_Rotation\data\cn_public_enrichment\cn_fundamental_akshare_fullA_silver_gold_pit_v1_20260603\silver_long\fundamental_balance_long.parquet,294221,,panelize_selected_ratios_into_nonminute_pit_context
fundamental_pit_silver,fundamental_balance_long,OTHER_NONCURRENT_LIAB,double,fundamental_quality_risk,accepted,valid_pit_silver,announcement_pit_feature,feature_candidate,true_after_notice_date,NOTICE_DATE or UPDATE_DATE plus conservative next-trading-day lag; REPORT_DATE alone forbidden,notice_lagged_latest|quarter_delta|ttm_proxy|ratio|rank_xsection|winsorize|sector_residual,high,G:\Project_V7_Rotation\data\cn_public_enrichment\cn_fundamental_akshare_fullA_silver_gold_pit_v1_20260603\silver_long\fundamental_balance_long.parquet,294221,,panelize_selected_ratios_into_nonminute_pit_context
fundamental_pit_silver,fundamental_balance_long,OTHER_PAYABLE,double,other_numeric,accepted,valid_pit_silver,announcement_pit_feature,feature_candidate,true_after_notice_date,NOTICE_DATE or UPDATE_DATE plus conservative next-trading-day lag; REPORT_DATE alone forbidden,notice_lagged_latest|quarter_delta|ttm_proxy|ratio|rank_xsection|winsorize|sector_residual,high,G:\Project_V7_Rotation\data\cn_public_enrichment\cn_fundamental_akshare_fullA_silver_gold_pit_v1_20260603\silver_long\fundamental_balance_long.parquet,294221,,panelize_selected_ratios_into_nonminute_pit_context
fundamental_pit_silver,fundamental_balance_long,OTHER_RECE,double,other_numeric,accepted,valid_pit_silver,announcement_pit_feature,feature_candidate,true_after_notice_date,NOTICE_DATE or UPDATE_DATE plus conservative next-trading-day lag; REPORT_DATE alone forbidden,notice_lagged_latest|quarter_delta|ttm_proxy|ratio|rank_xsection|winsorize|sector_residual,high,G:\Project_V7_Rotation\data\cn_public_enrichment\cn_fundamental_akshare_fullA_silver_gold_pit_v1_20260603\silver_long\fundamental_balance_long.parquet,294221,,panelize_selected_ratios_into_nonminute_pit_context
fundamental_pit_silver,fundamental_balance_long,PARENT_EQUITY_BALANCE,double,other_numeric,accepted,valid_pit_silver,announcement_pit_feature,feature_candidate,true_after_notice_date,NOTICE_DATE or UPDATE_DATE plus conservative next-trading-day lag; REPORT_DATE alone forbidden,notice_lagged_latest|quarter_delta|ttm_proxy|ratio|rank_xsection|winsorize|sector_residual,high,G:\Project_V7_Rotation\data\cn_public_enrichment\cn_fundamental_akshare_fullA_silver_gold_pit_v1_20260603\silver_long\fundamental_balance_long.parquet,294221,,panelize_selected_ratios_into_nonminute_pit_context
fundamental_pit_silver,fundamental_balance_long,PARENT_EQUITY_OTHER,double,other_numeric,accepted,valid_pit_silver,announcement_pit_feature,feature_candidate,true_after_notice_date,NOTICE_DATE or UPDATE_DATE plus conservative next-trading-day lag; REPORT_DATE alone forbidden,notice_lagged_latest|quarter_delta|ttm_proxy|ratio|rank_xsection|winsorize|sector_residual,high,G:\Project_V7_Rotation\data\cn_public_enrichment\cn_fundamental_akshare_fullA_silver_gold_pit_v1_20260603\silver_long\fundamental_balance_long.parquet,294221,,panelize_selected_ratios_into_nonminute_pit_context
fundamental_pit_silver,fundamental_balance_long,PERPETUAL_BOND,double,other_numeric,accepted,valid_pit_silver,announcement_pit_feature,feature_candidate,true_after_notice_date,NOTICE_DATE or UPDATE_DATE plus conservative next-trading-day lag; REPORT_DATE alone forbidden,notice_lagged_latest|quarter_delta|ttm_proxy|ratio|rank_xsection|winsorize|sector_residual,high,G:\Project_V7_Rotation\data\cn_public_enrichment\cn_fundamental_akshare_fullA_silver_gold_pit_v1_20260603\silver_long\fundamental_balance_long.parquet,294221,,panelize_selected_ratios_into_nonminute_pit_context
fundamental_pit_silver,fundamental_balance_long,PERPETUAL_BOND_PAYBALE,double,other_numeric,accepted,valid_pit_silver,announcement_pit_feature,feature_candidate,true_after_notice_date,NOTICE_DATE or UPDATE_DATE plus conservative next-trading-day lag; REPORT_DATE alone forbidden,notice_lagged_latest|quarter_delta|ttm_proxy|ratio|rank_xsection|winsorize|sector_residual,high,G:\Project_V7_Rotation\data\cn_public_enrichment\cn_fundamental_akshare_fullA_silver_gold_pit_v1_20260603\silver_long\fundamental_balance_long.parquet,294221,,panelize_selected_ratios_into_nonminute_pit_context
fundamental_pit_silver,fundamental_balance_long,PREDICT_CURRENT_LIAB,double,fundamental_quality_risk,accepted,valid_pit_silver,announcement_pit_feature,feature_candidate,true_after_notice_date,NOTICE_DATE or UPDATE_DATE plus conservative next-trading-day lag; REPORT_DATE alone forbidden,notice_lagged_latest|quarter_delta|ttm_proxy|ratio|rank_xsection|winsorize|sector_residual,high,G:\Project_V7_Rotation\data\cn_public_enrichment\cn_fundamental_akshare_fullA_silver_gold_pit_v1_20260603\silver_long\fundamental_balance_long.parquet,294221,,panelize_selected_ratios_into_nonminute_pit_context
fundamental_pit_silver,fundamental_balance_long,PREDICT_LIAB,double,fundamental_quality_risk,accepted,valid_pit_silver,announcement_pit_feature,feature_candidate,true_after_notice_date,NOTICE_DATE or UPDATE_DATE plus conservative next-trading-day lag; REPORT_DATE alone forbidden,notice_lagged_latest|quarter_delta|ttm_proxy|ratio|rank_xsection|winsorize|sector_residual,high,G:\Project_V7_Rotation\data\cn_public_enrichment\cn_fundamental_akshare_fullA_silver_gold_pit_v1_20260603\silver_long\fundamental_balance_long.parquet,294221,,panelize_selected_ratios_into_nonminute_pit_context
fundamental_pit_silver,fundamental_balance_long,PREFERRED_SHARES,double,capacity_size,accepted,valid_pit_silver,announcement_pit_feature,feature_candidate,true_after_notice_date,NOTICE_DATE or UPDATE_DATE plus conservative next-trading-day lag; REPORT_DATE alone forbidden,notice_lagged_latest|quarter_delta|ttm_proxy|ratio|rank_xsection|winsorize|sector_residual,high,G:\Project_V7_Rotation\data\cn_public_enrichment\cn_fundamental_akshare_fullA_silver_gold_pit_v1_20260603\silver_long\fundamental_balance_long.parquet,294221,,panelize_selected_ratios_into_nonminute_pit_context
fundamental_pit_silver,fundamental_balance_long,PREFERRED_SHARES_PAYBALE,double,capacity_size,accepted,valid_pit_silver,announcement_pit_feature,feature_candidate,true_after_notice_date,NOTICE_DATE or UPDATE_DATE plus conservative next-trading-day lag; REPORT_DATE alone forbidden,notice_lagged_latest|quarter_delta|ttm_proxy|ratio|rank_xsection|winsorize|sector_residual,high,G:\Project_V7_Rotation\data\cn_public_enrichment\cn_fundamental_akshare_fullA_silver_gold_pit_v1_20260603\silver_long\fundamental_balance_long.parquet,294221,,panelize_selected_ratios_into_nonminute_pit_context
fundamental_pit_silver,fundamental_balance_long,PREMIUM_RECE,double,other_numeric,accepted,valid_pit_silver,announcement_pit_feature,feature_candidate,true_after_notice_date,NOTICE_DATE or UPDATE_DATE plus conservative next-trading-day lag; REPORT_DATE alone forbidden,notice_lagged_latest|quarter_delta|ttm_proxy|ratio|rank_xsection|winsorize|sector_residual,high,G:\Project_V7_Rotation\data\cn_public_enrichment\cn_fundamental_akshare_fullA_silver_gold_pit_v1_20260603\silver_long\fundamental_balance_long.parquet,294221,,panelize_selected_ratios_into_nonminute_pit_context
fundamental_pit_silver,fundamental_balance_long,PREPAYMENT,double,other_numeric,accepted,valid_pit_silver,announcement_pit_feature,feature_candidate,true_after_notice_date,NOTICE_DATE or UPDATE_DATE plus conservative next-trading-day lag; REPORT_DATE alone forbidden,notice_lagged_latest|quarter_delta|ttm_proxy|ratio|rank_xsection|winsorize|sector_residual,high,G:\Project_V7_Rotation\data\cn_public_enrichment\cn_fundamental_akshare_fullA_silver_gold_pit_v1_20260603\silver_long\fundamental_balance_long.parquet,294221,,panelize_selected_ratios_into_nonminute_pit_context
fundamental_pit_silver,fundamental_balance_long,PRODUCTIVE_BIOLOGY_ASSET,double,fundamental_quality_risk,accepted,valid_pit_silver,announcement_pit_feature,feature_candidate,true_after_notice_date,NOTICE_DATE or UPDATE_DATE plus conservative next-trading-day lag; REPORT_DATE alone forbidden,notice_lagged_latest|quarter_delta|ttm_proxy|ratio|rank_xsection|winsorize|sector_residual,high,G:\Project_V7_Rotation\data\cn_public_enrichment\cn_fundamental_akshare_fullA_silver_gold_pit_v1_20260603\silver_long\fundamental_balance_long.parquet,294221,,panelize_selected_ratios_into_nonminute_pit_context
fundamental_pit_silver,fundamental_balance_long,PROJECT_MATERIAL,double,other_numeric,accepted,valid_pit_silver,announcement_pit_feature,feature_candidate,true_after_notice_date,NOTICE_DATE or UPDATE_DATE plus conservative next-trading-day lag; REPORT_DATE alone forbidden,notice_lagged_latest|quarter_delta|ttm_proxy|ratio|rank_xsection|winsorize|sector_residual,high,G:\Project_V7_Rotation\data\cn_public_enrichment\cn_fundamental_akshare_fullA_silver_gold_pit_v1_20260603\silver_long\fundamental_balance_long.parquet,294221,,panelize_selected_ratios_into_nonminute_pit_context
fundamental_pit_silver,fundamental_balance_long,RC_RESERVE_RECE,double,other_numeric,accepted,valid_pit_silver,announcement_pit_feature,feature_candidate,true_after_notice_date,NOTICE_DATE or UPDATE_DATE plus conservative next-trading-day lag; REPORT_DATE alone forbidden,notice_lagged_latest|quarter_delta|ttm_proxy|ratio|rank_xsection|winsorize|sector_residual,high,G:\Project_V7_Rotation\data\cn_public_enrichment\cn_fundamental_akshare_fullA_silver_gold_pit_v1_20260603\silver_long\fundamental_balance_long.parquet,294221,,panelize_selected_ratios_into_nonminute_pit_context
fundamental_pit_silver,fundamental_balance_long,REINSURE_PAYABLE,double,other_numeric,accepted,valid_pit_silver,announcement_pit_feature,feature_candidate,true_after_notice_date,NOTICE_DATE or UPDATE_DATE plus conservative next-trading-day lag; REPORT_DATE alone forbidden,notice_lagged_latest|quarter_delta|ttm_proxy|ratio|rank_xsection|winsorize|sector_residual,high,G:\Project_V7_Rotation\data\cn_public_enrichment\cn_fundamental_akshare_fullA_silver_gold_pit_v1_20260603\silver_long\fundamental_balance_long.parquet,294221,,panelize_selected_ratios_into_nonminute_pit_context
fundamental_pit_silver,fundamental_balance_long,REINSURE_RECE,double,other_numeric,accepted,valid_pit_silver,announcement_pit_feature,feature_candidate,true_after_notice_date,NOTICE_DATE or UPDATE_DATE plus conservative next-trading-day lag; REPORT_DATE alone forbidden,notice_lagged_latest|quarter_delta|ttm_proxy|ratio|rank_xsection|winsorize|sector_residual,high,G:\Project_V7_Rotation\data\cn_public_enrichment\cn_fundamental_akshare_fullA_silver_gold_pit_v1_20260603\silver_long\fundamental_balance_long.parquet,294221,,panelize_selected_ratios_into_nonminute_pit_context
fundamental_pit_silver,fundamental_balance_long,SELL_REPO_FINASSET,double,fundamental_quality_risk,accepted,valid_pit_silver,announcement_pit_feature,feature_candidate,true_after_notice_date,NOTICE_DATE or UPDATE_DATE plus conservative next-trading-day lag; REPORT_DATE alone forbidden,notice_lagged_latest|quarter_delta|ttm_proxy|ratio|rank_xsection|winsorize|sector_residual,high,G:\Project_V7_Rotation\data\cn_public_enrichment\cn_fundamental_akshare_fullA_silver_gold_pit_v1_20260603\silver_long\fundamental_balance_long.parquet,294221,,panelize_selected_ratios_into_nonminute_pit_context
fundamental_pit_silver,fundamental_balance_long,SETTLE_EXCESS_RESERVE,double,other_numeric,accepted,valid_pit_silver,announcement_pit_feature,feature_candidate,true_after_notice_date,NOTICE_DATE or UPDATE_DATE plus conservative next-trading-day lag; REPORT_DATE alone forbidden,notice_lagged_latest|quarter_delta|ttm_proxy|ratio|rank_xsection|winsorize|sector_residual,high,G:\Project_V7_Rotation\data\cn_public_enrichment\cn_fundamental_akshare_fullA_silver_gold_pit_v1_20260603\silver_long\fundamental_balance_long.parquet,294221,,panelize_selected_ratios_into_nonminute_pit_context
fundamental_pit_silver,fundamental_balance_long,SHARE_CAPITAL,int64,capacity_size,accepted,valid_pit_silver,announcement_pit_feature,feature_candidate,true_after_notice_date,NOTICE_DATE or UPDATE_DATE plus conservative next-trading-day lag; REPORT_DATE alone forbidden,notice_lagged_latest|quarter_delta|ttm_proxy|ratio|rank_xsection|winsorize|sector_residual,high,G:\Project_V7_Rotation\data\cn_public_enrichment\cn_fundamental_akshare_fullA_silver_gold_pit_v1_20260603\silver_long\fundamental_balance_long.parquet,294221,,panelize_selected_ratios_into_nonminute_pit_context
fundamental_pit_silver,fundamental_balance_long,SHORT_BOND_PAYABLE,double,other_numeric,accepted,valid_pit_silver,announcement_pit_feature,feature_candidate,true_after_notice_date,NOTICE_DATE or UPDATE_DATE plus conservative next-trading-day lag; REPORT_DATE alone forbidden,notice_lagged_latest|quarter_delta|ttm_proxy|ratio|rank_xsection|winsorize|sector_residual,high,G:\Project_V7_Rotation\data\cn_public_enrichment\cn_fundamental_akshare_fullA_silver_gold_pit_v1_20260603\silver_long\fundamental_balance_long.parquet,294221,,panelize_selected_ratios_into_nonminute_pit_context
fundamental_pit_silver,fundamental_balance_long,SHORT_FIN_PAYABLE,double,other_numeric,accepted,valid_pit_silver,announcement_pit_feature,feature_candidate,true_after_notice_date,NOTICE_DATE or UPDATE_DATE plus conservative next-trading-day lag; REPORT_DATE alone forbidden,notice_lagged_latest|quarter_delta|ttm_proxy|ratio|rank_xsection|winsorize|sector_residual,high,G:\Project_V7_Rotation\data\cn_public_enrichment\cn_fundamental_akshare_fullA_silver_gold_pit_v1_20260603\silver_long\fundamental_balance_long.parquet,294221,,panelize_selected_ratios_into_nonminute_pit_context
fundamental_pit_silver,fundamental_balance_long,SHORT_LOAN,double,other_numeric,accepted,valid_pit_silver,announcement_pit_feature,feature_candidate,true_after_notice_date,NOTICE_DATE or UPDATE_DATE plus conservative next-trading-day lag; REPORT_DATE alone forbidden,notice_lagged_latest|quarter_delta|ttm_proxy|ratio|rank_xsection|winsorize|sector_residual,high,G:\Project_V7_Rotation\data\cn_public_enrichment\cn_fundamental_akshare_fullA_silver_gold_pit_v1_20260603\silver_long\fundamental_balance_long.parquet,294221,,panelize_selected_ratios_into_nonminute_pit_context
fundamental_pit_silver,fundamental_balance_long,SPECIAL_PAYABLE,double,other_numeric,accepted,valid_pit_silver,announcement_pit_feature,feature_candidate,true_after_notice_date,NOTICE_DATE or UPDATE_DATE plus conservative next-trading-day lag; REPORT_DATE alone forbidden,notice_lagged_latest|quarter_delta|ttm_proxy|ratio|rank_xsection|winsorize|sector_residual,high,G:\Project_V7_Rotation\data\cn_public_enrichment\cn_fundamental_akshare_fullA_silver_gold_pit_v1_20260603\silver_long\fundamental_balance_long.parquet,294221,,panelize_selected_ratios_into_nonminute_pit_context
fundamental_pit_silver,fundamental_balance_long,SPECIAL_RESERVE,double,other_numeric,accepted,valid_pit_silver,announcement_pit_feature,feature_candidate,true_after_notice_date,NOTICE_DATE or UPDATE_DATE plus conservative next-trading-day lag; REPORT_DATE alone forbidden,notice_lagged_latest|quarter_delta|ttm_proxy|ratio|rank_xsection|winsorize|sector_residual,high,G:\Project_V7_Rotation\data\cn_public_enrichment\cn_fundamental_akshare_fullA_silver_gold_pit_v1_20260603\silver_long\fundamental_balance_long.parquet,294221,,panelize_selected_ratios_into_nonminute_pit_context
fundamental_pit_silver,fundamental_balance_long,STAFF_SALARY_PAYABLE,double,other_numeric,accepted,valid_pit_silver,announcement_pit_feature,feature_candidate,true_after_notice_date,NOTICE_DATE or UPDATE_DATE plus conservative next-trading-day lag; REPORT_DATE alone forbidden,notice_lagged_latest|quarter_delta|ttm_proxy|ratio|rank_xsection|winsorize|sector_residual,high,G:\Project_V7_Rotation\data\cn_public_enrichment\cn_fundamental_akshare_fullA_silver_gold_pit_v1_20260603\silver_long\fundamental_balance_long.parquet,294221,,panelize_selected_ratios_into_nonminute_pit_context
fundamental_pit_silver,fundamental_balance_long,SUBSIDY_RECE,double,other_numeric,accepted,valid_pit_silver,announcement_pit_feature,feature_candidate,true_after_notice_date,NOTICE_DATE or UPDATE_DATE plus conservative next-trading-day lag; REPORT_DATE alone forbidden,notice_lagged_latest|quarter_delta|ttm_proxy|ratio|rank_xsection|winsorize|sector_residual,high,G:\Project_V7_Rotation\data\cn_public_enrichment\cn_fundamental_akshare_fullA_silver_gold_pit_v1_20260603\silver_long\fundamental_balance_long.parquet,294221,,panelize_selected_ratios_into_nonminute_pit_context
fundamental_pit_silver,fundamental_balance_long,SURPLUS_RESERVE,double,other_numeric,accepted,valid_pit_silver,announcement_pit_feature,feature_candidate,true_after_notice_date,NOTICE_DATE or UPDATE_DATE plus conservative next-trading-day lag; REPORT_DATE alone forbidden,notice_lagged_latest|quarter_delta|ttm_proxy|ratio|rank_xsection|winsorize|sector_residual,high,G:\Project_V7_Rotation\data\cn_public_enrichment\cn_fundamental_akshare_fullA_silver_gold_pit_v1_20260603\silver_long\fundamental_balance_long.parquet,294221,,panelize_selected_ratios_into_nonminute_pit_context
fundamental_pit_silver,fundamental_balance_long,TAX_PAYABLE,double,other_numeric,accepted,valid_pit_silver,announcement_pit_feature,feature_candidate,true_after_notice_date,NOTICE_DATE or UPDATE_DATE plus conservative next-trading-day lag; REPORT_DATE alone forbidden,notice_lagged_latest|quarter_delta|ttm_proxy|ratio|rank_xsection|winsorize|sector_residual,high,G:\Project_V7_Rotation\data\cn_public_enrichment\cn_fundamental_akshare_fullA_silver_gold_pit_v1_20260603\silver_long\fundamental_balance_long.parquet,294221,,panelize_selected_ratios_into_nonminute_pit_context
fundamental_pit_silver,fundamental_balance_long,TOTAL_ASSETS,double,fundamental_quality_risk,accepted,valid_pit_silver,announcement_pit_feature,feature_candidate,true_after_notice_date,NOTICE_DATE or UPDATE_DATE plus conservative next-trading-day lag; REPORT_DATE alone forbidden,notice_lagged_latest|quarter_delta|ttm_proxy|ratio|rank_xsection|winsorize|sector_residual,high,G:\Project_V7_Rotation\data\cn_public_enrichment\cn_fundamental_akshare_fullA_silver_gold_pit_v1_20260603\silver_long\fundamental_balance_long.parquet,294221,,panelize_selected_ratios_into_nonminute_pit_context
fundamental_pit_silver,fundamental_balance_long,TOTAL_CURRENT_ASSETS,double,fundamental_quality_risk,accepted,valid_pit_silver,announcement_pit_feature,feature_candidate,true_after_notice_date,NOTICE_DATE or UPDATE_DATE plus conservative next-trading-day lag; REPORT_DATE alone forbidden,notice_lagged_latest|quarter_delta|ttm_proxy|ratio|rank_xsection|winsorize|sector_residual,high,G:\Project_V7_Rotation\data\cn_public_enrichment\cn_fundamental_akshare_fullA_silver_gold_pit_v1_20260603\silver_long\fundamental_balance_long.parquet,294221,,panelize_selected_ratios_into_nonminute_pit_context
fundamental_pit_silver,fundamental_balance_long,TOTAL_CURRENT_LIAB,double,fundamental_quality_risk,accepted,valid_pit_silver,announcement_pit_feature,feature_candidate,true_after_notice_date,NOTICE_DATE or UPDATE_DATE plus conservative next-trading-day lag; REPORT_DATE alone forbidden,notice_lagged_latest|quarter_delta|ttm_proxy|ratio|rank_xsection|winsorize|sector_residual,high,G:\Project_V7_Rotation\data\cn_public_enrichment\cn_fundamental_akshare_fullA_silver_gold_pit_v1_20260603\silver_long\fundamental_balance_long.parquet,294221,,panelize_selected_ratios_into_nonminute_pit_context
fundamental_pit_silver,fundamental_balance_long,TOTAL_EQUITY,double,other_numeric,accepted,valid_pit_silver,announcement_pit_feature,feature_candidate,true_after_notice_date,NOTICE_DATE or UPDATE_DATE plus conservative next-trading-day lag; REPORT_DATE alone forbidden,notice_lagged_latest|quarter_delta|ttm_proxy|ratio|rank_xsection|winsorize|sector_residual,high,G:\Project_V7_Rotation\data\cn_public_enrichment\cn_fundamental_akshare_fullA_silver_gold_pit_v1_20260603\silver_long\fundamental_balance_long.parquet,294221,,panelize_selected_ratios_into_nonminute_pit_context
fundamental_pit_silver,fundamental_balance_long,TOTAL_LIAB_EQUITY,double,fundamental_quality_risk,accepted,valid_pit_silver,announcement_pit_feature,feature_candidate,true_after_notice_date,NOTICE_DATE or UPDATE_DATE plus conservative next-trading-day lag; REPORT_DATE alone forbidden,notice_lagged_latest|quarter_delta|ttm_proxy|ratio|rank_xsection|winsorize|sector_residual,high,G:\Project_V7_Rotation\data\cn_public_enrichment\cn_fundamental_akshare_fullA_silver_gold_pit_v1_20260603\silver_long\fundamental_balance_long.parquet,294221,,panelize_selected_ratios_into_nonminute_pit_context
fundamental_pit_silver,fundamental_balance_long,TOTAL_LIABILITIES,double,fundamental_quality_risk,accepted,valid_pit_silver,announcement_pit_feature,feature_candidate,true_after_notice_date,NOTICE_DATE or UPDATE_DATE plus conservative next-trading-day lag; REPORT_DATE alone forbidden,notice_lagged_latest|quarter_delta|ttm_proxy|ratio|rank_xsection|winsorize|sector_residual,high,G:\Project_V7_Rotation\data\cn_public_enrichment\cn_fundamental_akshare_fullA_silver_gold_pit_v1_20260603\silver_long\fundamental_balance_long.parquet,294221,,panelize_selected_ratios_into_nonminute_pit_context
fundamental_pit_silver,fundamental_balance_long,TOTAL_NONCURRENT_ASSETS,double,fundamental_quality_risk,accepted,valid_pit_silver,announcement_pit_feature,feature_candidate,true_after_notice_date,NOTICE_DATE or UPDATE_DATE plus conservative next-trading-day lag; REPORT_DATE alone forbidden,notice_lagged_latest|quarter_delta|ttm_proxy|ratio|rank_xsection|winsorize|sector_residual,high,G:\Project_V7_Rotation\data\cn_public_enrichment\cn_fundamental_akshare_fullA_silver_gold_pit_v1_20260603\silver_long\fundamental_balance_long.parquet,294221,,panelize_selected_ratios_into_nonminute_pit_context
fundamental_pit_silver,fundamental_balance_long,TOTAL_NONCURRENT_LIAB,double,fundamental_quality_risk,accepted,valid_pit_silver,announcement_pit_feature,feature_candidate,true_after_notice_date,NOTICE_DATE or UPDATE_DATE plus conservative next-trading-day lag; REPORT_DATE alone forbidden,notice_lagged_latest|quarter_delta|ttm_proxy|ratio|rank_xsection|winsorize|sector_residual,high,G:\Project_V7_Rotation\data\cn_public_enrichment\cn_fundamental_akshare_fullA_silver_gold_pit_v1_20260603\silver_long\fundamental_balance_long.parquet,294221,,panelize_selected_ratios_into_nonminute_pit_context
fundamental_pit_silver,fundamental_balance_long,TOTAL_OTHER_PAYABLE,double,other_numeric,accepted,valid_pit_silver,announcement_pit_feature,feature_candidate,true_after_notice_date,NOTICE_DATE or UPDATE_DATE plus conservative next-trading-day lag; REPORT_DATE alone forbidden,notice_lagged_latest|quarter_delta|ttm_proxy|ratio|rank_xsection|winsorize|sector_residual,high,G:\Project_V7_Rotation\data\cn_public_enrichment\cn_fundamental_akshare_fullA_silver_gold_pit_v1_20260603\silver_long\fundamental_balance_long.parquet,294221,,panelize_selected_ratios_into_nonminute_pit_context
fundamental_pit_silver,fundamental_balance_long,TOTAL_OTHER_RECE,double,other_numeric,accepted,valid_pit_silver,announcement_pit_feature,feature_candidate,true_after_notice_date,NOTICE_DATE or UPDATE_DATE plus conservative next-trading-day lag; REPORT_DATE alone forbidden,notice_lagged_latest|quarter_delta|ttm_proxy|ratio|rank_xsection|winsorize|sector_residual,high,G:\Project_V7_Rotation\data\cn_public_enrichment\cn_fundamental_akshare_fullA_silver_gold_pit_v1_20260603\silver_long\fundamental_balance_long.parquet,294221,,panelize_selected_ratios_into_nonminute_pit_context
fundamental_pit_silver,fundamental_balance_long,TOTAL_PARENT_EQUITY,double,other_numeric,accepted,valid_pit_silver,announcement_pit_feature,feature_candidate,true_after_notice_date,NOTICE_DATE or UPDATE_DATE plus conservative next-trading-day lag; REPORT_DATE alone forbidden,notice_lagged_latest|quarter_delta|ttm_proxy|ratio|rank_xsection|winsorize|sector_residual,high,G:\Project_V7_Rotation\data\cn_public_enrichment\cn_fundamental_akshare_fullA_silver_gold_pit_v1_20260603\silver_long\fundamental_balance_long.parquet,294221,,panelize_selected_ratios_into_nonminute_pit_context
fundamental_pit_silver,fundamental_balance_long,TRADE_FINASSET,double,fundamental_quality_risk,accepted,valid_pit_silver,announcement_pit_feature,feature_candidate,true_after_notice_date,NOTICE_DATE or UPDATE_DATE plus conservative next-trading-day lag; REPORT_DATE alone forbidden,notice_lagged_latest|quarter_delta|ttm_proxy|ratio|rank_xsection|winsorize|sector_residual,high,G:\Project_V7_Rotation\data\cn_public_enrichment\cn_fundamental_akshare_fullA_silver_gold_pit_v1_20260603\silver_long\fundamental_balance_long.parquet,294221,,panelize_selected_ratios_into_nonminute_pit_context
fundamental_pit_silver,fundamental_balance_long,TRADE_FINASSET_NOTFVTPL,double,fundamental_quality_risk,accepted,valid_pit_silver,announcement_pit_feature,feature_candidate,true_after_notice_date,NOTICE_DATE or UPDATE_DATE plus conservative next-trading-day lag; REPORT_DATE alone forbidden,notice_lagged_latest|quarter_delta|ttm_proxy|ratio|rank_xsection|winsorize|sector_residual,high,G:\Project_V7_Rotation\data\cn_public_enrichment\cn_fundamental_akshare_fullA_silver_gold_pit_v1_20260603\silver_long\fundamental_balance_long.parquet,294221,,panelize_selected_ratios_into_nonminute_pit_context
fundamental_pit_silver,fundamental_balance_long,TRADE_FINLIAB,double,fundamental_quality_risk,accepted,valid_pit_silver,announcement_pit_feature,feature_candidate,true_after_notice_date,NOTICE_DATE or UPDATE_DATE plus conservative next-trading-day lag; REPORT_DATE alone forbidden,notice_lagged_latest|quarter_delta|ttm_proxy|ratio|rank_xsection|winsorize|sector_residual,high,G:\Project_V7_Rotation\data\cn_public_enrichment\cn_fundamental_akshare_fullA_silver_gold_pit_v1_20260603\silver_long\fundamental_balance_long.parquet,294221,,panelize_selected_ratios_into_nonminute_pit_context
fundamental_pit_silver,fundamental_balance_long,TRADE_FINLIAB_NOTFVTPL,double,fundamental_quality_risk,accepted,valid_pit_silver,announcement_pit_feature,feature_candidate,true_after_notice_date,NOTICE_DATE or UPDATE_DATE plus conservative next-trading-day lag; REPORT_DATE alone forbidden,notice_lagged_latest|quarter_delta|ttm_proxy|ratio|rank_xsection|winsorize|sector_residual,high,G:\Project_V7_Rotation\data\cn_public_enrichment\cn_fundamental_akshare_fullA_silver_gold_pit_v1_20260603\silver_long\fundamental_balance_long.parquet,294221,,panelize_selected_ratios_into_nonminute_pit_context
fundamental_pit_silver,fundamental_balance_long,TREASURY_SHARES,double,capacity_size,accepted,valid_pit_silver,announcement_pit_feature,feature_candidate,true_after_notice_date,NOTICE_DATE or UPDATE_DATE plus conservative next-trading-day lag; REPORT_DATE alone forbidden,notice_lagged_latest|quarter_delta|ttm_proxy|ratio|rank_xsection|winsorize|sector_residual,high,G:\Project_V7_Rotation\data\cn_public_enrichment\cn_fundamental_akshare_fullA_silver_gold_pit_v1_20260603\silver_long\fundamental_balance_long.parquet,294221,,panelize_selected_ratios_into_nonminute_pit_context
fundamental_pit_silver,fundamental_balance_long,UNASSIGN_RPOFIT,double,other_numeric,accepted,valid_pit_silver,announcement_pit_feature,feature_candidate,true_after_notice_date,NOTICE_DATE or UPDATE_DATE plus conservative next-trading-day lag; REPORT_DATE alone forbidden,notice_lagged_latest|quarter_delta|ttm_proxy|ratio|rank_xsection|winsorize|sector_residual,high,G:\Project_V7_Rotation\data\cn_public_enrichment\cn_fundamental_akshare_fullA_silver_gold_pit_v1_20260603\silver_long\fundamental_balance_long.parquet,294221,,panelize_selected_ratios_into_nonminute_pit_context
fundamental_pit_silver,fundamental_balance_long,UNCONFIRM_INVEST_LOSS,double,other_numeric,accepted,valid_pit_silver,announcement_pit_feature,feature_candidate,true_after_notice_date,NOTICE_DATE or UPDATE_DATE plus conservative next-trading-day lag; REPORT_DATE alone forbidden,notice_lagged_latest|quarter_delta|ttm_proxy|ratio|rank_xsection|winsorize|sector_residual,high,G:\Project_V7_Rotation\data\cn_public_enrichment\cn_fundamental_akshare_fullA_silver_gold_pit_v1_20260603\silver_long\fundamental_balance_long.parquet,294221,,panelize_selected_ratios_into_nonminute_pit_context
fundamental_pit_silver,fundamental_balance_long,USERIGHT_ASSET,double,fundamental_quality_risk,accepted,valid_pit_silver,announcement_pit_feature,feature_candidate,true_after_notice_date,NOTICE_DATE or UPDATE_DATE plus conservative next-trading-day lag; REPORT_DATE alone forbidden,notice_lagged_latest|quarter_delta|ttm_proxy|ratio|rank_xsection|winsorize|sector_residual,high,G:\Project_V7_Rotation\data\cn_public_enrichment\cn_fundamental_akshare_fullA_silver_gold_pit_v1_20260603\silver_long\fundamental_balance_long.parquet,294221,,panelize_selected_ratios_into_nonminute_pit_context
fundamental_pit_silver,fundamental_balance_long,ACCEPT_DEPOSIT_INTERBANK_YOY,double,other_numeric,accepted,valid_pit_silver,announcement_pit_feature,feature_candidate,true_after_notice_date,NOTICE_DATE or UPDATE_DATE plus conservative next-trading-day lag; REPORT_DATE alone forbidden,notice_lagged_latest|quarter_delta|ttm_proxy|ratio|rank_xsection|winsorize|sector_residual,high,G:\Project_V7_Rotation\data\cn_public_enrichment\cn_fundamental_akshare_fullA_silver_gold_pit_v1_20260603\silver_long\fundamental_balance_long.parquet,294221,,panelize_selected_ratios_into_nonminute_pit_context
fundamental_pit_silver,fundamental_balance_long,ACCOUNTS_PAYABLE_YOY,double,other_numeric,accepted,valid_pit_silver,announcement_pit_feature,feature_candidate,true_after_notice_date,NOTICE_DATE or UPDATE_DATE plus conservative next-trading-day lag; REPORT_DATE alone forbidden,notice_lagged_latest|quarter_delta|ttm_proxy|ratio|rank_xsection|winsorize|sector_residual,high,G:\Project_V7_Rotation\data\cn_public_enrichment\cn_fundamental_akshare_fullA_silver_gold_pit_v1_20260603\silver_long\fundamental_balance_long.parquet,294221,,panelize_selected_ratios_into_nonminute_pit_context
fundamental_pit_silver,fundamental_balance_long,ACCOUNTS_RECE_YOY,double,other_numeric,accepted,valid_pit_silver,announcement_pit_feature,feature_candidate,true_after_notice_date,NOTICE_DATE or UPDATE_DATE plus conservative next-trading-day lag; REPORT_DATE alone forbidden,notice_lagged_latest|quarter_delta|ttm_proxy|ratio|rank_xsection|winsorize|sector_residual,high,G:\Project_V7_Rotation\data\cn_public_enrichment\cn_fundamental_akshare_fullA_silver_gold_pit_v1_20260603\silver_long\fundamental_balance_long.parquet,294221,,panelize_selected_ratios_into_nonminute_pit_context
fundamental_pit_silver,fundamental_balance_long,ACCRUED_EXPENSE_YOY,double,fundamental_quality_risk,accepted,valid_pit_silver,announcement_pit_feature,feature_candidate,true_after_notice_date,NOTICE_DATE or UPDATE_DATE plus conservative next-trading-day lag; REPORT_DATE alone forbidden,notice_lagged_latest|quarter_delta|ttm_proxy|ratio|rank_xsection|winsorize|sector_residual,high,G:\Project_V7_Rotation\data\cn_public_enrichment\cn_fundamental_akshare_fullA_silver_gold_pit_v1_20260603\silver_long\fundamental_balance_long.parquet,294221,,panelize_selected_ratios_into_nonminute_pit_context
fundamental_pit_silver,fundamental_balance_long,ADVANCE_RECEIVABLES_YOY,double,other_numeric,accepted,valid_pit_silver,announcement_pit_feature,feature_candidate,true_after_notice_date,NOTICE_DATE or UPDATE_DATE plus conservative next-trading-day lag; REPORT_DATE alone forbidden,notice_lagged_latest|quarter_delta|ttm_proxy|ratio|rank_xsection|winsorize|sector_residual,high,G:\Project_V7_Rotation\data\cn_public_enrichment\cn_fundamental_akshare_fullA_silver_gold_pit_v1_20260603\silver_long\fundamental_balance_long.parquet,294221,,panelize_selected_ratios_into_nonminute_pit_context
fundamental_pit_silver,fundamental_balance_long,AGENT_TRADE_SECURITY_YOY,double,other_numeric,accepted,valid_pit_silver,announcement_pit_feature,feature_candidate,true_after_notice_date,NOTICE_DATE or UPDATE_DATE plus conservative next-trading-day lag; REPORT_DATE alone forbidden,notice_lagged_latest|quarter_delta|ttm_proxy|ratio|rank_xsection|winsorize|sector_residual,high,G:\Project_V7_Rotation\data\cn_public_enrichment\cn_fundamental_akshare_fullA_silver_gold_pit_v1_20260603\silver_long\fundamental_balance_long.parquet,294221,,panelize_selected_ratios_into_nonminute_pit_context
fundamental_pit_silver,fundamental_balance_long,AGENT_UNDERWRITE_SECURITY_YOY,double,other_numeric,accepted,valid_pit_silver,announcement_pit_feature,feature_candidate,true_after_notice_date,NOTICE_DATE or UPDATE_DATE plus conservative next-trading-day lag; REPORT_DATE alone forbidden,notice_lagged_latest|quarter_delta|ttm_proxy|ratio|rank_xsection|winsorize|sector_residual,high,G:\Project_V7_Rotation\data\cn_public_enrichment\cn_fundamental_akshare_fullA_silver_gold_pit_v1_20260603\silver_long\fundamental_balance_long.parquet,294221,,panelize_selected_ratios_into_nonminute_pit_context
fundamental_pit_silver,fundamental_balance_long,AMORTIZE_COST_FINASSET_YOY,double,fundamental_quality_risk,accepted,valid_pit_silver,announcement_pit_feature,feature_candidate,true_after_notice_date,NOTICE_DATE or UPDATE_DATE plus conservative next-trading-day lag; REPORT_DATE alone forbidden,notice_lagged_latest|quarter_delta|ttm_proxy|ratio|rank_xsection|winsorize|sector_residual,high,G:\Project_V7_Rotation\data\cn_public_enrichment\cn_fundamental_akshare_fullA_silver_gold_pit_v1_20260603\silver_long\fundamental_balance_long.parquet,294221,,panelize_selected_ratios_into_nonminute_pit_context
fundamental_pit_silver,fundamental_balance_long,AMORTIZE_COST_FINLIAB_YOY,double,fundamental_quality_risk,accepted,valid_pit_silver,announcement_pit_feature,feature_candidate,true_after_notice_date,NOTICE_DATE or UPDATE_DATE plus conservative next-trading-day lag; REPORT_DATE alone forbidden,notice_lagged_latest|quarter_delta|ttm_proxy|ratio|rank_xsection|winsorize|sector_residual,high,G:\Project_V7_Rotation\data\cn_public_enrichment\cn_fundamental_akshare_fullA_silver_gold_pit_v1_20260603\silver_long\fundamental_balance_long.parquet,294221,,panelize_selected_ratios_into_nonminute_pit_context
fundamental_pit_silver,fundamental_balance_long,AMORTIZE_COST_NCFINASSET_YOY,double,fundamental_quality_risk,accepted,valid_pit_silver,announcement_pit_feature,feature_candidate,true_after_notice_date,NOTICE_DATE or UPDATE_DATE plus conservative next-trading-day lag; REPORT_DATE alone forbidden,notice_lagged_latest|quarter_delta|ttm_proxy|ratio|rank_xsection|winsorize|sector_residual,high,G:\Project_V7_Rotation\data\cn_public_enrichment\cn_fundamental_akshare_fullA_silver_gold_pit_v1_20260603\silver_long\fundamental_balance_long.parquet,294221,,panelize_selected_ratios_into_nonminute_pit_context
fundamental_pit_silver,fundamental_balance_long,AMORTIZE_COST_NCFINLIAB_YOY,double,fundamental_quality_risk,accepted,valid_pit_silver,announcement_pit_feature,feature_candidate,true_after_notice_date,NOTICE_DATE or UPDATE_DATE plus conservative next-trading-day lag; REPORT_DATE alone forbidden,notice_lagged_latest|quarter_delta|ttm_proxy|ratio|rank_xsection|winsorize|sector_residual,high,G:\Project_V7_Rotation\data\cn_public_enrichment\cn_fundamental_akshare_fullA_silver_gold_pit_v1_20260603\silver_long\fundamental_balance_long.parquet,294221,,panelize_selected_ratios_into_nonminute_pit_context
fundamental_pit_silver,fundamental_balance_long,APPOINT_FVTPL_FINASSET_YOY,double,fundamental_quality_risk,accepted,valid_pit_silver,announcement_pit_feature,feature_candidate,true_after_notice_date,NOTICE_DATE or UPDATE_DATE plus conservative next-trading-day lag; REPORT_DATE alone forbidden,notice_lagged_latest|quarter_delta|ttm_proxy|ratio|rank_xsection|winsorize|sector_residual,high,G:\Project_V7_Rotation\data\cn_public_enrichment\cn_fundamental_akshare_fullA_silver_gold_pit_v1_20260603\silver_long\fundamental_balance_long.parquet,294221,,panelize_selected_ratios_into_nonminute_pit_context
fundamental_pit_silver,fundamental_balance_long,APPOINT_FVTPL_FINLIAB_YOY,double,fundamental_quality_risk,accepted,valid_pit_silver,announcement_pit_feature,feature_candidate,true_after_notice_date,NOTICE_DATE or UPDATE_DATE plus conservative next-trading-day lag; REPORT_DATE alone forbidden,notice_lagged_latest|quarter_delta|ttm_proxy|ratio|rank_xsection|winsorize|sector_residual,high,G:\Project_V7_Rotation\data\cn_public_enrichment\cn_fundamental_akshare_fullA_silver_gold_pit_v1_20260603\silver_long\fundamental_balance_long.parquet,294221,,panelize_selected_ratios_into_nonminute_pit_context
fundamental_pit_silver,fundamental_balance_long,ASSET_BALANCE_YOY,double,fundamental_quality_risk,accepted,valid_pit_silver,announcement_pit_feature,feature_candidate,true_after_notice_date,NOTICE_DATE or UPDATE_DATE plus conservative next-trading-day lag; REPORT_DATE alone forbidden,notice_lagged_latest|quarter_delta|ttm_proxy|ratio|rank_xsection|winsorize|sector_residual,high,G:\Project_V7_Rotation\data\cn_public_enrichment\cn_fundamental_akshare_fullA_silver_gold_pit_v1_20260603\silver_long\fundamental_balance_long.parquet,294221,,panelize_selected_ratios_into_nonminute_pit_context
fundamental_pit_silver,fundamental_balance_long,ASSET_OTHER_YOY,double,fundamental_quality_risk,accepted,valid_pit_silver,announcement_pit_feature,feature_candidate,true_after_notice_date,NOTICE_DATE or UPDATE_DATE plus conservative next-trading-day lag; REPORT_DATE alone forbidden,notice_lagged_latest|quarter_delta|ttm_proxy|ratio|rank_xsection|winsorize|sector_residual,high,G:\Project_V7_Rotation\data\cn_public_enrichment\cn_fundamental_akshare_fullA_silver_gold_pit_v1_20260603\silver_long\fundamental_balance_long.parquet,294221,,panelize_selected_ratios_into_nonminute_pit_context
fundamental_pit_silver,fundamental_balance_long,ASSIGN_CASH_DIVIDEND_YOY,double,fundamental_quality_risk,accepted,valid_pit_silver,announcement_pit_feature,feature_candidate,true_after_notice_date,NOTICE_DATE or UPDATE_DATE plus conservative next-trading-day lag; REPORT_DATE alone forbidden,notice_lagged_latest|quarter_delta|ttm_proxy|ratio|rank_xsection|winsorize|sector_residual,high,G:\Project_V7_Rotation\data\cn_public_enrichment\cn_fundamental_akshare_fullA_silver_gold_pit_v1_20260603\silver_long\fundamental_balance_long.parquet,294221,,panelize_selected_ratios_into_nonminute_pit_context
fundamental_pit_silver,fundamental_balance_long,AVAILABLE_SALE_FINASSET_YOY,double,fundamental_quality_risk,accepted,valid_pit_silver,announcement_pit_feature,feature_candidate,true_after_notice_date,NOTICE_DATE or UPDATE_DATE plus conservative next-trading-day lag; REPORT_DATE alone forbidden,notice_lagged_latest|quarter_delta|ttm_proxy|ratio|rank_xsection|winsorize|sector_residual,high,G:\Project_V7_Rotation\data\cn_public_enrichment\cn_fundamental_akshare_fullA_silver_gold_pit_v1_20260603\silver_long\fundamental_balance_long.parquet,294221,,panelize_selected_ratios_into_nonminute_pit_context
fundamental_pit_silver,fundamental_balance_long,BOND_PAYABLE_YOY,double,other_numeric,accepted,valid_pit_silver,announcement_pit_feature,feature_candidate,true_after_notice_date,NOTICE_DATE or UPDATE_DATE plus conservative next-trading-day lag; REPORT_DATE alone forbidden,notice_lagged_latest|quarter_delta|ttm_proxy|ratio|rank_xsection|winsorize|sector_residual,high,G:\Project_V7_Rotation\data\cn_public_enrichment\cn_fundamental_akshare_fullA_silver_gold_pit_v1_20260603\silver_long\fundamental_balance_long.parquet,294221,,panelize_selected_ratios_into_nonminute_pit_context
fundamental_pit_silver,fundamental_balance_long,BORROW_FUND_YOY,double,other_numeric,accepted,valid_pit_silver,announcement_pit_feature,feature_candidate,true_after_notice_date,NOTICE_DATE or UPDATE_DATE plus conservative next-trading-day lag; REPORT_DATE alone forbidden,notice_lagged_latest|quarter_delta|ttm_proxy|ratio|rank_xsection|winsorize|sector_residual,high,G:\Project_V7_Rotation\data\cn_public_enrichment\cn_fundamental_akshare_fullA_silver_gold_pit_v1_20260603\silver_long\fundamental_balance_long.parquet,294221,,panelize_selected_ratios_into_nonminute_pit_context
fundamental_pit_silver,fundamental_balance_long,BUY_RESALE_FINASSET_YOY,double,fundamental_quality_risk,accepted,valid_pit_silver,announcement_pit_feature,feature_candidate,true_after_notice_date,NOTICE_DATE or UPDATE_DATE plus conservative next-trading-day lag; REPORT_DATE alone forbidden,notice_lagged_latest|quarter_delta|ttm_proxy|ratio|rank_xsection|winsorize|sector_residual,high,G:\Project_V7_Rotation\data\cn_public_enrichment\cn_fundamental_akshare_fullA_silver_gold_pit_v1_20260603\silver_long\fundamental_balance_long.parquet,294221,,panelize_selected_ratios_into_nonminute_pit_context
fundamental_pit_silver,fundamental_balance_long,CAPITAL_RESERVE_YOY,double,capacity_size,accepted,valid_pit_silver,announcement_pit_feature,feature_candidate,true_after_notice_date,NOTICE_DATE or UPDATE_DATE plus conservative next-trading-day lag; REPORT_DATE alone forbidden,notice_lagged_latest|quarter_delta|ttm_proxy|ratio|rank_xsection|winsorize|sector_residual,high,G:\Project_V7_Rotation\data\cn_public_enrichment\cn_fundamental_akshare_fullA_silver_gold_pit_v1_20260603\silver_long\fundamental_balance_long.parquet,294221,,panelize_selected_ratios_into_nonminute_pit_context
fundamental_pit_silver,fundamental_balance_long,CIP_YOY,double,other_numeric,accepted,valid_pit_silver,announcement_pit_feature,feature_candidate,true_after_notice_date,NOTICE_DATE or UPDATE_DATE plus conservative next-trading-day lag; REPORT_DATE alone forbidden,notice_lagged_latest|quarter_delta|ttm_proxy|ratio|rank_xsection|winsorize|sector_residual,high,G:\Project_V7_Rotation\data\cn_public_enrichment\cn_fundamental_akshare_fullA_silver_gold_pit_v1_20260603\silver_long\fundamental_balance_long.parquet,294221,,panelize_selected_ratios_into_nonminute_pit_context
fundamental_pit_silver,fundamental_balance_long,CONSUMPTIVE_BIOLOGICAL_ASSET_YOY,double,fundamental_quality_risk,accepted,valid_pit_silver,announcement_pit_feature,feature_candidate,true_after_notice_date,NOTICE_DATE or UPDATE_DATE plus conservative next-trading-day lag; REPORT_DATE alone forbidden,notice_lagged_latest|quarter_delta|ttm_proxy|ratio|rank_xsection|winsorize|sector_residual,high,G:\Project_V7_Rotation\data\cn_public_enrichment\cn_fundamental_akshare_fullA_silver_gold_pit_v1_20260603\silver_long\fundamental_balance_long.parquet,294221,,panelize_selected_ratios_into_nonminute_pit_context
fundamental_pit_silver,fundamental_balance_long,CONTRACT_ASSET_YOY,double,fundamental_quality_risk,accepted,valid_pit_silver,announcement_pit_feature,feature_candidate,true_after_notice_date,NOTICE_DATE or UPDATE_DATE plus conservative next-trading-day lag; REPORT_DATE alone forbidden,notice_lagged_latest|quarter_delta|ttm_proxy|ratio|rank_xsection|winsorize|sector_residual,high,G:\Project_V7_Rotation\data\cn_public_enrichment\cn_fundamental_akshare_fullA_silver_gold_pit_v1_20260603\silver_long\fundamental_balance_long.parquet,294221,,panelize_selected_ratios_into_nonminute_pit_context
fundamental_pit_silver,fundamental_balance_long,CONTRACT_LIAB_YOY,double,fundamental_quality_risk,accepted,valid_pit_silver,announcement_pit_feature,feature_candidate,true_after_notice_date,NOTICE_DATE or UPDATE_DATE plus conservative next-trading-day lag; REPORT_DATE alone forbidden,notice_lagged_latest|quarter_delta|ttm_proxy|ratio|rank_xsection|winsorize|sector_residual,high,G:\Project_V7_Rotation\data\cn_public_enrichment\cn_fundamental_akshare_fullA_silver_gold_pit_v1_20260603\silver_long\fundamental_balance_long.parquet,294221,,panelize_selected_ratios_into_nonminute_pit_context
fundamental_pit_silver,fundamental_balance_long,CONVERT_DIFF_YOY,double,other_numeric,accepted,valid_pit_silver,announcement_pit_feature,feature_candidate,true_after_notice_date,NOTICE_DATE or UPDATE_DATE plus conservative next-trading-day lag; REPORT_DATE alone forbidden,notice_lagged_latest|quarter_delta|ttm_proxy|ratio|rank_xsection|winsorize|sector_residual,high,G:\Project_V7_Rotation\data\cn_public_enrichment\cn_fundamental_akshare_fullA_silver_gold_pit_v1_20260603\silver_long\fundamental_balance_long.parquet,294221,,panelize_selected_ratios_into_nonminute_pit_context
fundamental_pit_silver,fundamental_balance_long,CREDITOR_INVEST_YOY,double,other_numeric,accepted,valid_pit_silver,announcement_pit_feature,feature_candidate,true_after_notice_date,NOTICE_DATE or UPDATE_DATE plus conservative next-trading-day lag; REPORT_DATE alone forbidden,notice_lagged_latest|quarter_delta|ttm_proxy|ratio|rank_xsection|winsorize|sector_residual,high,G:\Project_V7_Rotation\data\cn_public_enrichment\cn_fundamental_akshare_fullA_silver_gold_pit_v1_20260603\silver_long\fundamental_balance_long.parquet,294221,,panelize_selected_ratios_into_nonminute_pit_context
fundamental_pit_silver,fundamental_balance_long,CURRENT_ASSET_BALANCE_YOY,double,fundamental_quality_risk,accepted,valid_pit_silver,announcement_pit_feature,feature_candidate,true_after_notice_date,NOTICE_DATE or UPDATE_DATE plus conservative next-trading-day lag; REPORT_DATE alone forbidden,notice_lagged_latest|quarter_delta|ttm_proxy|ratio|rank_xsection|winsorize|sector_residual,high,G:\Project_V7_Rotation\data\cn_public_enrichment\cn_fundamental_akshare_fullA_silver_gold_pit_v1_20260603\silver_long\fundamental_balance_long.parquet,294221,,panelize_selected_ratios_into_nonminute_pit_context
fundamental_pit_silver,fundamental_balance_long,CURRENT_ASSET_OTHER_YOY,double,fundamental_quality_risk,accepted,valid_pit_silver,announcement_pit_feature,feature_candidate,true_after_notice_date,NOTICE_DATE or UPDATE_DATE plus conservative next-trading-day lag; REPORT_DATE alone forbidden,notice_lagged_latest|quarter_delta|ttm_proxy|ratio|rank_xsection|winsorize|sector_residual,high,G:\Project_V7_Rotation\data\cn_public_enrichment\cn_fundamental_akshare_fullA_silver_gold_pit_v1_20260603\silver_long\fundamental_balance_long.parquet,294221,,panelize_selected_ratios_into_nonminute_pit_context
fundamental_pit_silver,fundamental_balance_long,CURRENT_LIAB_BALANCE_YOY,double,fundamental_quality_risk,accepted,valid_pit_silver,announcement_pit_feature,feature_candidate,true_after_notice_date,NOTICE_DATE or UPDATE_DATE plus conservative next-trading-day lag; REPORT_DATE alone forbidden,notice_lagged_latest|quarter_delta|ttm_proxy|ratio|rank_xsection|winsorize|sector_residual,high,G:\Project_V7_Rotation\data\cn_public_enrichment\cn_fundamental_akshare_fullA_silver_gold_pit_v1_20260603\silver_long\fundamental_balance_long.parquet,294221,,panelize_selected_ratios_into_nonminute_pit_context
fundamental_pit_silver,fundamental_balance_long,CURRENT_LIAB_OTHER_YOY,double,fundamental_quality_risk,accepted,valid_pit_silver,announcement_pit_feature,feature_candidate,true_after_notice_date,NOTICE_DATE or UPDATE_DATE plus conservative next-trading-day lag; REPORT_DATE alone forbidden,notice_lagged_latest|quarter_delta|ttm_proxy|ratio|rank_xsection|winsorize|sector_residual,high,G:\Project_V7_Rotation\data\cn_public_enrichment\cn_fundamental_akshare_fullA_silver_gold_pit_v1_20260603\silver_long\fundamental_balance_long.parquet,294221,,panelize_selected_ratios_into_nonminute_pit_context
fundamental_pit_silver,fundamental_balance_long,DEFER_INCOME_1YEAR_YOY,double,fundamental_quality_risk,accepted,valid_pit_silver,announcement_pit_feature,feature_candidate,true_after_notice_date,NOTICE_DATE or UPDATE_DATE plus conservative next-trading-day lag; REPORT_DATE alone forbidden,notice_lagged_latest|quarter_delta|ttm_proxy|ratio|rank_xsection|winsorize|sector_residual,high,G:\Project_V7_Rotation\data\cn_public_enrichment\cn_fundamental_akshare_fullA_silver_gold_pit_v1_20260603\silver_long\fundamental_balance_long.parquet,294221,,panelize_selected_ratios_into_nonminute_pit_context
fundamental_pit_silver,fundamental_balance_long,DEFER_INCOME_YOY,double,fundamental_quality_risk,accepted,valid_pit_silver,announcement_pit_feature,feature_candidate,true_after_notice_date,NOTICE_DATE or UPDATE_DATE plus conservative next-trading-day lag; REPORT_DATE alone forbidden,notice_lagged_latest|quarter_delta|ttm_proxy|ratio|rank_xsection|winsorize|sector_residual,high,G:\Project_V7_Rotation\data\cn_public_enrichment\cn_fundamental_akshare_fullA_silver_gold_pit_v1_20260603\silver_long\fundamental_balance_long.parquet,294221,,panelize_selected_ratios_into_nonminute_pit_context
fundamental_pit_silver,fundamental_balance_long,DEFER_TAX_ASSET_YOY,double,fundamental_quality_risk,accepted,valid_pit_silver,announcement_pit_feature,feature_candidate,true_after_notice_date,NOTICE_DATE or UPDATE_DATE plus conservative next-trading-day lag; REPORT_DATE alone forbidden,notice_lagged_latest|quarter_delta|ttm_proxy|ratio|rank_xsection|winsorize|sector_residual,high,G:\Project_V7_Rotation\data\cn_public_enrichment\cn_fundamental_akshare_fullA_silver_gold_pit_v1_20260603\silver_long\fundamental_balance_long.parquet,294221,,panelize_selected_ratios_into_nonminute_pit_context
fundamental_pit_silver,fundamental_balance_long,DEFER_TAX_LIAB_YOY,double,fundamental_quality_risk,accepted,valid_pit_silver,announcement_pit_feature,feature_candidate,true_after_notice_date,NOTICE_DATE or UPDATE_DATE plus conservative next-trading-day lag; REPORT_DATE alone forbidden,notice_lagged_latest|quarter_delta|ttm_proxy|ratio|rank_xsection|winsorize|sector_residual,high,G:\Project_V7_Rotation\data\cn_public_enrichment\cn_fundamental_akshare_fullA_silver_gold_pit_v1_20260603\silver_long\fundamental_balance_long.parquet,294221,,panelize_selected_ratios_into_nonminute_pit_context
fundamental_pit_silver,fundamental_balance_long,DERIVE_FINASSET_YOY,double,fundamental_quality_risk,accepted,valid_pit_silver,announcement_pit_feature,feature_candidate,true_after_notice_date,NOTICE_DATE or UPDATE_DATE plus conservative next-trading-day lag; REPORT_DATE alone forbidden,notice_lagged_latest|quarter_delta|ttm_proxy|ratio|rank_xsection|winsorize|sector_residual,high,G:\Project_V7_Rotation\data\cn_public_enrichment\cn_fundamental_akshare_fullA_silver_gold_pit_v1_20260603\silver_long\fundamental_balance_long.parquet,294221,,panelize_selected_ratios_into_nonminute_pit_context
fundamental_pit_silver,fundamental_balance_long,DERIVE_FINLIAB_YOY,double,fundamental_quality_risk,accepted,valid_pit_silver,announcement_pit_feature,feature_candidate,true_after_notice_date,NOTICE_DATE or UPDATE_DATE plus conservative next-trading-day lag; REPORT_DATE alone forbidden,notice_lagged_latest|quarter_delta|ttm_proxy|ratio|rank_xsection|winsorize|sector_residual,high,G:\Project_V7_Rotation\data\cn_public_enrichment\cn_fundamental_akshare_fullA_silver_gold_pit_v1_20260603\silver_long\fundamental_balance_long.parquet,294221,,panelize_selected_ratios_into_nonminute_pit_context
fundamental_pit_silver,fundamental_balance_long,DEVELOP_EXPENSE_YOY,double,fundamental_quality_risk,accepted,valid_pit_silver,announcement_pit_feature,feature_candidate,true_after_notice_date,NOTICE_DATE or UPDATE_DATE plus conservative next-trading-day lag; REPORT_DATE alone forbidden,notice_lagged_latest|quarter_delta|ttm_proxy|ratio|rank_xsection|winsorize|sector_residual,high,G:\Project_V7_Rotation\data\cn_public_enrichment\cn_fundamental_akshare_fullA_silver_gold_pit_v1_20260603\silver_long\fundamental_balance_long.parquet,294221,,panelize_selected_ratios_into_nonminute_pit_context
fundamental_pit_silver,fundamental_balance_long,DIV_HOLDSALE_ASSET_YOY,double,fundamental_quality_risk,accepted,valid_pit_silver,announcement_pit_feature,feature_candidate,true_after_notice_date,NOTICE_DATE or UPDATE_DATE plus conservative next-trading-day lag; REPORT_DATE alone forbidden,notice_lagged_latest|quarter_delta|ttm_proxy|ratio|rank_xsection|winsorize|sector_residual,high,G:\Project_V7_Rotation\data\cn_public_enrichment\cn_fundamental_akshare_fullA_silver_gold_pit_v1_20260603\silver_long\fundamental_balance_long.parquet,294221,,panelize_selected_ratios_into_nonminute_pit_context
fundamental_pit_silver,fundamental_balance_long,DIV_HOLDSALE_LIAB_YOY,double,fundamental_quality_risk,accepted,valid_pit_silver,announcement_pit_feature,feature_candidate,true_after_notice_date,NOTICE_DATE or UPDATE_DATE plus conservative next-trading-day lag; REPORT_DATE alone forbidden,notice_lagged_latest|quarter_delta|ttm_proxy|ratio|rank_xsection|winsorize|sector_residual,high,G:\Project_V7_Rotation\data\cn_public_enrichment\cn_fundamental_akshare_fullA_silver_gold_pit_v1_20260603\silver_long\fundamental_balance_long.parquet,294221,,panelize_selected_ratios_into_nonminute_pit_context
fundamental_pit_silver,fundamental_balance_long,DIVIDEND_PAYABLE_YOY,double,holder_corporate_action,accepted,valid_pit_silver,announcement_pit_feature,feature_candidate,true_after_notice_date,NOTICE_DATE or UPDATE_DATE plus conservative next-trading-day lag; REPORT_DATE alone forbidden,notice_lagged_latest|quarter_delta|ttm_proxy|ratio|rank_xsection|winsorize|sector_residual,high,G:\Project_V7_Rotation\data\cn_public_enrichment\cn_fundamental_akshare_fullA_silver_gold_pit_v1_20260603\silver_long\fundamental_balance_long.parquet,294221,,panelize_selected_ratios_into_nonminute_pit_context
fundamental_pit_silver,fundamental_balance_long,DIVIDEND_RECE_YOY,double,holder_corporate_action,accepted,valid_pit_silver,announcement_pit_feature,feature_candidate,true_after_notice_date,NOTICE_DATE or UPDATE_DATE plus conservative next-trading-day lag; REPORT_DATE alone forbidden,notice_lagged_latest|quarter_delta|ttm_proxy|ratio|rank_xsection|winsorize|sector_residual,high,G:\Project_V7_Rotation\data\cn_public_enrichment\cn_fundamental_akshare_fullA_silver_gold_pit_v1_20260603\silver_long\fundamental_balance_long.parquet,294221,,panelize_selected_ratios_into_nonminute_pit_context
fundamental_pit_silver,fundamental_balance_long,EQUITY_BALANCE_YOY,double,other_numeric,accepted,valid_pit_silver,announcement_pit_feature,feature_candidate,true_after_notice_date,NOTICE_DATE or UPDATE_DATE plus conservative next-trading-day lag; REPORT_DATE alone forbidden,notice_lagged_latest|quarter_delta|ttm_proxy|ratio|rank_xsection|winsorize|sector_residual,high,G:\Project_V7_Rotation\data\cn_public_enrichment\cn_fundamental_akshare_fullA_silver_gold_pit_v1_20260603\silver_long\fundamental_balance_long.parquet,294221,,panelize_selected_ratios_into_nonminute_pit_context
fundamental_pit_silver,fundamental_balance_long,EQUITY_OTHER_YOY,double,other_numeric,accepted,valid_pit_silver,announcement_pit_feature,feature_candidate,true_after_notice_date,NOTICE_DATE or UPDATE_DATE plus conservative next-trading-day lag; REPORT_DATE alone forbidden,notice_lagged_latest|quarter_delta|ttm_proxy|ratio|rank_xsection|winsorize|sector_residual,high,G:\Project_V7_Rotation\data\cn_public_enrichment\cn_fundamental_akshare_fullA_silver_gold_pit_v1_20260603\silver_long\fundamental_balance_long.parquet,294221,,panelize_selected_ratios_into_nonminute_pit_context
fundamental_pit_silver,fundamental_balance_long,EXPORT_REFUND_RECE_YOY,double,other_numeric,accepted,valid_pit_silver,announcement_pit_feature,feature_candidate,true_after_notice_date,NOTICE_DATE or UPDATE_DATE plus conservative next-trading-day lag; REPORT_DATE alone forbidden,notice_lagged_latest|quarter_delta|ttm_proxy|ratio|rank_xsection|winsorize|sector_residual,high,G:\Project_V7_Rotation\data\cn_public_enrichment\cn_fundamental_akshare_fullA_silver_gold_pit_v1_20260603\silver_long\fundamental_balance_long.parquet,294221,,panelize_selected_ratios_into_nonminute_pit_context
fundamental_pit_silver,fundamental_balance_long,FEE_COMMISSION_PAYABLE_YOY,double,other_numeric,accepted,valid_pit_silver,announcement_pit_feature,feature_candidate,true_after_notice_date,NOTICE_DATE or UPDATE_DATE plus conservative next-trading-day lag; REPORT_DATE alone forbidden,notice_lagged_latest|quarter_delta|ttm_proxy|ratio|rank_xsection|winsorize|sector_residual,high,G:\Project_V7_Rotation\data\cn_public_enrichment\cn_fundamental_akshare_fullA_silver_gold_pit_v1_20260603\silver_long\fundamental_balance_long.parquet,294221,,panelize_selected_ratios_into_nonminute_pit_context
fundamental_pit_silver,fundamental_balance_long,FIN_FUND_YOY,double,other_numeric,accepted,valid_pit_silver,announcement_pit_feature,feature_candidate,true_after_notice_date,NOTICE_DATE or UPDATE_DATE plus conservative next-trading-day lag; REPORT_DATE alone forbidden,notice_lagged_latest|quarter_delta|ttm_proxy|ratio|rank_xsection|winsorize|sector_residual,high,G:\Project_V7_Rotation\data\cn_public_enrichment\cn_fundamental_akshare_fullA_silver_gold_pit_v1_20260603\silver_long\fundamental_balance_long.parquet,294221,,panelize_selected_ratios_into_nonminute_pit_context
fundamental_pit_silver,fundamental_balance_long,FINANCE_RECE_YOY,double,other_numeric,accepted,valid_pit_silver,announcement_pit_feature,feature_candidate,true_after_notice_date,NOTICE_DATE or UPDATE_DATE plus conservative next-trading-day lag; REPORT_DATE alone forbidden,notice_lagged_latest|quarter_delta|ttm_proxy|ratio|rank_xsection|winsorize|sector_residual,high,G:\Project_V7_Rotation\data\cn_public_enrichment\cn_fundamental_akshare_fullA_silver_gold_pit_v1_20260603\silver_long\fundamental_balance_long.parquet,294221,,panelize_selected_ratios_into_nonminute_pit_context
fundamental_pit_silver,fundamental_balance_long,FIXED_ASSET_DISPOSAL_YOY,double,fundamental_quality_risk,accepted,valid_pit_silver,announcement_pit_feature,feature_candidate,true_after_notice_date,NOTICE_DATE or UPDATE_DATE plus conservative next-trading-day lag; REPORT_DATE alone forbidden,notice_lagged_latest|quarter_delta|ttm_proxy|ratio|rank_xsection|winsorize|sector_residual,high,G:\Project_V7_Rotation\data\cn_public_enrichment\cn_fundamental_akshare_fullA_silver_gold_pit_v1_20260603\silver_long\fundamental_balance_long.parquet,294221,,panelize_selected_ratios_into_nonminute_pit_context
fundamental_pit_silver,fundamental_balance_long,FIXED_ASSET_YOY,double,fundamental_quality_risk,accepted,valid_pit_silver,announcement_pit_feature,feature_candidate,true_after_notice_date,NOTICE_DATE or UPDATE_DATE plus conservative next-trading-day lag; REPORT_DATE alone forbidden,notice_lagged_latest|quarter_delta|ttm_proxy|ratio|rank_xsection|winsorize|sector_residual,high,G:\Project_V7_Rotation\data\cn_public_enrichment\cn_fundamental_akshare_fullA_silver_gold_pit_v1_20260603\silver_long\fundamental_balance_long.parquet,294221,,panelize_selected_ratios_into_nonminute_pit_context
fundamental_pit_silver,fundamental_balance_long,FVTOCI_FINASSET_YOY,double,fundamental_quality_risk,accepted,valid_pit_silver,announcement_pit_feature,feature_candidate,true_after_notice_date,NOTICE_DATE or UPDATE_DATE plus conservative next-trading-day lag; REPORT_DATE alone forbidden,notice_lagged_latest|quarter_delta|ttm_proxy|ratio|rank_xsection|winsorize|sector_residual,high,G:\Project_V7_Rotation\data\cn_public_enrichment\cn_fundamental_akshare_fullA_silver_gold_pit_v1_20260603\silver_long\fundamental_balance_long.parquet,294221,,panelize_selected_ratios_into_nonminute_pit_context
fundamental_pit_silver,fundamental_balance_long,FVTOCI_NCFINASSET_YOY,double,fundamental_quality_risk,accepted,valid_pit_silver,announcement_pit_feature,feature_candidate,true_after_notice_date,NOTICE_DATE or UPDATE_DATE plus conservative next-trading-day lag; REPORT_DATE alone forbidden,notice_lagged_latest|quarter_delta|ttm_proxy|ratio|rank_xsection|winsorize|sector_residual,high,G:\Project_V7_Rotation\data\cn_public_enrichment\cn_fundamental_akshare_fullA_silver_gold_pit_v1_20260603\silver_long\fundamental_balance_long.parquet,294221,,panelize_selected_ratios_into_nonminute_pit_context
fundamental_pit_silver,fundamental_balance_long,FVTPL_FINASSET_YOY,double,fundamental_quality_risk,accepted,valid_pit_silver,announcement_pit_feature,feature_candidate,true_after_notice_date,NOTICE_DATE or UPDATE_DATE plus conservative next-trading-day lag; REPORT_DATE alone forbidden,notice_lagged_latest|quarter_delta|ttm_proxy|ratio|rank_xsection|winsorize|sector_residual,high,G:\Project_V7_Rotation\data\cn_public_enrichment\cn_fundamental_akshare_fullA_silver_gold_pit_v1_20260603\silver_long\fundamental_balance_long.parquet,294221,,panelize_selected_ratios_into_nonminute_pit_context
fundamental_pit_silver,fundamental_balance_long,FVTPL_FINLIAB_YOY,double,fundamental_quality_risk,accepted,valid_pit_silver,announcement_pit_feature,feature_candidate,true_after_notice_date,NOTICE_DATE or UPDATE_DATE plus conservative next-trading-day lag; REPORT_DATE alone forbidden,notice_lagged_latest|quarter_delta|ttm_proxy|ratio|rank_xsection|winsorize|sector_residual,high,G:\Project_V7_Rotation\data\cn_public_enrichment\cn_fundamental_akshare_fullA_silver_gold_pit_v1_20260603\silver_long\fundamental_balance_long.parquet,294221,,panelize_selected_ratios_into_nonminute_pit_context
fundamental_pit_silver,fundamental_balance_long,GENERAL_RISK_RESERVE_YOY,double,other_numeric,accepted,valid_pit_silver,announcement_pit_feature,feature_candidate,true_after_notice_date,NOTICE_DATE or UPDATE_DATE plus conservative next-trading-day lag; REPORT_DATE alone forbidden,notice_lagged_latest|quarter_delta|ttm_proxy|ratio|rank_xsection|winsorize|sector_residual,high,G:\Project_V7_Rotation\data\cn_public_enrichment\cn_fundamental_akshare_fullA_silver_gold_pit_v1_20260603\silver_long\fundamental_balance_long.parquet,294221,,panelize_selected_ratios_into_nonminute_pit_context
fundamental_pit_silver,fundamental_balance_long,GOODWILL_YOY,double,fundamental_quality_risk,accepted,valid_pit_silver,announcement_pit_feature,feature_candidate,true_after_notice_date,NOTICE_DATE or UPDATE_DATE plus conservative next-trading-day lag; REPORT_DATE alone forbidden,notice_lagged_latest|quarter_delta|ttm_proxy|ratio|rank_xsection|winsorize|sector_residual,high,G:\Project_V7_Rotation\data\cn_public_enrichment\cn_fundamental_akshare_fullA_silver_gold_pit_v1_20260603\silver_long\fundamental_balance_long.parquet,294221,,panelize_selected_ratios_into_nonminute_pit_context
fundamental_pit_silver,fundamental_balance_long,HOLD_MATURITY_INVEST_YOY,double,other_numeric,accepted,valid_pit_silver,announcement_pit_feature,feature_candidate,true_after_notice_date,NOTICE_DATE or UPDATE_DATE plus conservative next-trading-day lag; REPORT_DATE alone forbidden,notice_lagged_latest|quarter_delta|ttm_proxy|ratio|rank_xsection|winsorize|sector_residual,high,G:\Project_V7_Rotation\data\cn_public_enrichment\cn_fundamental_akshare_fullA_silver_gold_pit_v1_20260603\silver_long\fundamental_balance_long.parquet,294221,,panelize_selected_ratios_into_nonminute_pit_context
fundamental_pit_silver,fundamental_balance_long,HOLDSALE_ASSET_YOY,double,fundamental_quality_risk,accepted,valid_pit_silver,announcement_pit_feature,feature_candidate,true_after_notice_date,NOTICE_DATE or UPDATE_DATE plus conservative next-trading-day lag; REPORT_DATE alone forbidden,notice_lagged_latest|quarter_delta|ttm_proxy|ratio|rank_xsection|winsorize|sector_residual,high,G:\Project_V7_Rotation\data\cn_public_enrichment\cn_fundamental_akshare_fullA_silver_gold_pit_v1_20260603\silver_long\fundamental_balance_long.parquet,294221,,panelize_selected_ratios_into_nonminute_pit_context
fundamental_pit_silver,fundamental_balance_long,HOLDSALE_LIAB_YOY,double,fundamental_quality_risk,accepted,valid_pit_silver,announcement_pit_feature,feature_candidate,true_after_notice_date,NOTICE_DATE or UPDATE_DATE plus conservative next-trading-day lag; REPORT_DATE alone forbidden,notice_lagged_latest|quarter_delta|ttm_proxy|ratio|rank_xsection|winsorize|sector_residual,high,G:\Project_V7_Rotation\data\cn_public_enrichment\cn_fundamental_akshare_fullA_silver_gold_pit_v1_20260603\silver_long\fundamental_balance_long.parquet,294221,,panelize_selected_ratios_into_nonminute_pit_context
fundamental_pit_silver,fundamental_balance_long,INSURANCE_CONTRACT_RESERVE_YOY,double,other_numeric,accepted,valid_pit_silver,announcement_pit_feature,feature_candidate,true_after_notice_date,NOTICE_DATE or UPDATE_DATE plus conservative next-trading-day lag; REPORT_DATE alone forbidden,notice_lagged_latest|quarter_delta|ttm_proxy|ratio|rank_xsection|winsorize|sector_residual,high,G:\Project_V7_Rotation\data\cn_public_enrichment\cn_fundamental_akshare_fullA_silver_gold_pit_v1_20260603\silver_long\fundamental_balance_long.parquet,294221,,panelize_selected_ratios_into_nonminute_pit_context
fundamental_pit_silver,fundamental_balance_long,INTANGIBLE_ASSET_YOY,double,fundamental_quality_risk,accepted,valid_pit_silver,announcement_pit_feature,feature_candidate,true_after_notice_date,NOTICE_DATE or UPDATE_DATE plus conservative next-trading-day lag; REPORT_DATE alone forbidden,notice_lagged_latest|quarter_delta|ttm_proxy|ratio|rank_xsection|winsorize|sector_residual,high,G:\Project_V7_Rotation\data\cn_public_enrichment\cn_fundamental_akshare_fullA_silver_gold_pit_v1_20260603\silver_long\fundamental_balance_long.parquet,294221,,panelize_selected_ratios_into_nonminute_pit_context
fundamental_pit_silver,fundamental_balance_long,INTEREST_PAYABLE_YOY,double,other_numeric,accepted,valid_pit_silver,announcement_pit_feature,feature_candidate,true_after_notice_date,NOTICE_DATE or UPDATE_DATE plus conservative next-trading-day lag; REPORT_DATE alone forbidden,notice_lagged_latest|quarter_delta|ttm_proxy|ratio|rank_xsection|winsorize|sector_residual,high,G:\Project_V7_Rotation\data\cn_public_enrichment\cn_fundamental_akshare_fullA_silver_gold_pit_v1_20260603\silver_long\fundamental_balance_long.parquet,294221,,panelize_selected_ratios_into_nonminute_pit_context
fundamental_pit_silver,fundamental_balance_long,INTEREST_RECE_YOY,double,other_numeric,accepted,valid_pit_silver,announcement_pit_feature,feature_candidate,true_after_notice_date,NOTICE_DATE or UPDATE_DATE plus conservative next-trading-day lag; REPORT_DATE alone forbidden,notice_lagged_latest|quarter_delta|ttm_proxy|ratio|rank_xsection|winsorize|sector_residual,high,G:\Project_V7_Rotation\data\cn_public_enrichment\cn_fundamental_akshare_fullA_silver_gold_pit_v1_20260603\silver_long\fundamental_balance_long.parquet,294221,,panelize_selected_ratios_into_nonminute_pit_context
fundamental_pit_silver,fundamental_balance_long,INTERNAL_PAYABLE_YOY,double,other_numeric,accepted,valid_pit_silver,announcement_pit_feature,feature_candidate,true_after_notice_date,NOTICE_DATE or UPDATE_DATE plus conservative next-trading-day lag; REPORT_DATE alone forbidden,notice_lagged_latest|quarter_delta|ttm_proxy|ratio|rank_xsection|winsorize|sector_residual,high,G:\Project_V7_Rotation\data\cn_public_enrichment\cn_fundamental_akshare_fullA_silver_gold_pit_v1_20260603\silver_long\fundamental_balance_long.parquet,294221,,panelize_selected_ratios_into_nonminute_pit_context
fundamental_pit_silver,fundamental_balance_long,INTERNAL_RECE_YOY,double,other_numeric,accepted,valid_pit_silver,announcement_pit_feature,feature_candidate,true_after_notice_date,NOTICE_DATE or UPDATE_DATE plus conservative next-trading-day lag; REPORT_DATE alone forbidden,notice_lagged_latest|quarter_delta|ttm_proxy|ratio|rank_xsection|winsorize|sector_residual,high,G:\Project_V7_Rotation\data\cn_public_enrichment\cn_fundamental_akshare_fullA_silver_gold_pit_v1_20260603\silver_long\fundamental_balance_long.parquet,294221,,panelize_selected_ratios_into_nonminute_pit_context
fundamental_pit_silver,fundamental_balance_long,INVENTORY_YOY,double,fundamental_quality_risk,accepted,valid_pit_silver,announcement_pit_feature,feature_candidate,true_after_notice_date,NOTICE_DATE or UPDATE_DATE plus conservative next-trading-day lag; REPORT_DATE alone forbidden,notice_lagged_latest|quarter_delta|ttm_proxy|ratio|rank_xsection|winsorize|sector_residual,high,G:\Project_V7_Rotation\data\cn_public_enrichment\cn_fundamental_akshare_fullA_silver_gold_pit_v1_20260603\silver_long\fundamental_balance_long.parquet,294221,,panelize_selected_ratios_into_nonminute_pit_context
fundamental_pit_silver,fundamental_balance_long,INVEST_REALESTATE_YOY,double,other_numeric,accepted,valid_pit_silver,announcement_pit_feature,feature_candidate,true_after_notice_date,NOTICE_DATE or UPDATE_DATE plus conservative next-trading-day lag; REPORT_DATE alone forbidden,notice_lagged_latest|quarter_delta|ttm_proxy|ratio|rank_xsection|winsorize|sector_residual,high,G:\Project_V7_Rotation\data\cn_public_enrichment\cn_fundamental_akshare_fullA_silver_gold_pit_v1_20260603\silver_long\fundamental_balance_long.parquet,294221,,panelize_selected_ratios_into_nonminute_pit_context
fundamental_pit_silver,fundamental_balance_long,LEASE_LIAB_YOY,double,fundamental_quality_risk,accepted,valid_pit_silver,announcement_pit_feature,feature_candidate,true_after_notice_date,NOTICE_DATE or UPDATE_DATE plus conservative next-trading-day lag; REPORT_DATE alone forbidden,notice_lagged_latest|quarter_delta|ttm_proxy|ratio|rank_xsection|winsorize|sector_residual,high,G:\Project_V7_Rotation\data\cn_public_enrichment\cn_fundamental_akshare_fullA_silver_gold_pit_v1_20260603\silver_long\fundamental_balance_long.parquet,294221,,panelize_selected_ratios_into_nonminute_pit_context
fundamental_pit_silver,fundamental_balance_long,LEND_FUND_YOY,double,other_numeric,accepted,valid_pit_silver,announcement_pit_feature,feature_candidate,true_after_notice_date,NOTICE_DATE or UPDATE_DATE plus conservative next-trading-day lag; REPORT_DATE alone forbidden,notice_lagged_latest|quarter_delta|ttm_proxy|ratio|rank_xsection|winsorize|sector_residual,high,G:\Project_V7_Rotation\data\cn_public_enrichment\cn_fundamental_akshare_fullA_silver_gold_pit_v1_20260603\silver_long\fundamental_balance_long.parquet,294221,,panelize_selected_ratios_into_nonminute_pit_context
fundamental_pit_silver,fundamental_balance_long,LIAB_BALANCE_YOY,double,fundamental_quality_risk,accepted,valid_pit_silver,announcement_pit_feature,feature_candidate,true_after_notice_date,NOTICE_DATE or UPDATE_DATE plus conservative next-trading-day lag; REPORT_DATE alone forbidden,notice_lagged_latest|quarter_delta|ttm_proxy|ratio|rank_xsection|winsorize|sector_residual,high,G:\Project_V7_Rotation\data\cn_public_enrichment\cn_fundamental_akshare_fullA_silver_gold_pit_v1_20260603\silver_long\fundamental_balance_long.parquet,294221,,panelize_selected_ratios_into_nonminute_pit_context
fundamental_pit_silver,fundamental_balance_long,LIAB_EQUITY_BALANCE_YOY,double,fundamental_quality_risk,accepted,valid_pit_silver,announcement_pit_feature,feature_candidate,true_after_notice_date,NOTICE_DATE or UPDATE_DATE plus conservative next-trading-day lag; REPORT_DATE alone forbidden,notice_lagged_latest|quarter_delta|ttm_proxy|ratio|rank_xsection|winsorize|sector_residual,high,G:\Project_V7_Rotation\data\cn_public_enrichment\cn_fundamental_akshare_fullA_silver_gold_pit_v1_20260603\silver_long\fundamental_balance_long.parquet,294221,,panelize_selected_ratios_into_nonminute_pit_context
fundamental_pit_silver,fundamental_balance_long,LIAB_EQUITY_OTHER_YOY,double,fundamental_quality_risk,accepted,valid_pit_silver,announcement_pit_feature,feature_candidate,true_after_notice_date,NOTICE_DATE or UPDATE_DATE plus conservative next-trading-day lag; REPORT_DATE alone forbidden,notice_lagged_latest|quarter_delta|ttm_proxy|ratio|rank_xsection|winsorize|sector_residual,high,G:\Project_V7_Rotation\data\cn_public_enrichment\cn_fundamental_akshare_fullA_silver_gold_pit_v1_20260603\silver_long\fundamental_balance_long.parquet,294221,,panelize_selected_ratios_into_nonminute_pit_context
fundamental_pit_silver,fundamental_balance_long,LIAB_OTHER_YOY,double,fundamental_quality_risk,accepted,valid_pit_silver,announcement_pit_feature,feature_candidate,true_after_notice_date,NOTICE_DATE or UPDATE_DATE plus conservative next-trading-day lag; REPORT_DATE alone forbidden,notice_lagged_latest|quarter_delta|ttm_proxy|ratio|rank_xsection|winsorize|sector_residual,high,G:\Project_V7_Rotation\data\cn_public_enrichment\cn_fundamental_akshare_fullA_silver_gold_pit_v1_20260603\silver_long\fundamental_balance_long.parquet,294221,,panelize_selected_ratios_into_nonminute_pit_context
fundamental_pit_silver,fundamental_balance_long,LOAN_ADVANCE_YOY,double,other_numeric,accepted,valid_pit_silver,announcement_pit_feature,feature_candidate,true_after_notice_date,NOTICE_DATE or UPDATE_DATE plus conservative next-trading-day lag; REPORT_DATE alone forbidden,notice_lagged_latest|quarter_delta|ttm_proxy|ratio|rank_xsection|winsorize|sector_residual,high,G:\Project_V7_Rotation\data\cn_public_enrichment\cn_fundamental_akshare_fullA_silver_gold_pit_v1_20260603\silver_long\fundamental_balance_long.parquet,294221,,panelize_selected_ratios_into_nonminute_pit_context
fundamental_pit_silver,fundamental_balance_long,LOAN_PBC_YOY,double,other_numeric,accepted,valid_pit_silver,announcement_pit_feature,feature_candidate,true_after_notice_date,NOTICE_DATE or UPDATE_DATE plus conservative next-trading-day lag; REPORT_DATE alone forbidden,notice_lagged_latest|quarter_delta|ttm_proxy|ratio|rank_xsection|winsorize|sector_residual,high,G:\Project_V7_Rotation\data\cn_public_enrichment\cn_fundamental_akshare_fullA_silver_gold_pit_v1_20260603\silver_long\fundamental_balance_long.parquet,294221,,panelize_selected_ratios_into_nonminute_pit_context
fundamental_pit_silver,fundamental_balance_long,LONG_EQUITY_INVEST_YOY,double,other_numeric,accepted,valid_pit_silver,announcement_pit_feature,feature_candidate,true_after_notice_date,NOTICE_DATE or UPDATE_DATE plus conservative next-trading-day lag; REPORT_DATE alone forbidden,notice_lagged_latest|quarter_delta|ttm_proxy|ratio|rank_xsection|winsorize|sector_residual,high,G:\Project_V7_Rotation\data\cn_public_enrichment\cn_fundamental_akshare_fullA_silver_gold_pit_v1_20260603\silver_long\fundamental_balance_long.parquet,294221,,panelize_selected_ratios_into_nonminute_pit_context
fundamental_pit_silver,fundamental_balance_long,LONG_LOAN_YOY,double,other_numeric,accepted,valid_pit_silver,announcement_pit_feature,feature_candidate,true_after_notice_date,NOTICE_DATE or UPDATE_DATE plus conservative next-trading-day lag; REPORT_DATE alone forbidden,notice_lagged_latest|quarter_delta|ttm_proxy|ratio|rank_xsection|winsorize|sector_residual,high,G:\Project_V7_Rotation\data\cn_public_enrichment\cn_fundamental_akshare_fullA_silver_gold_pit_v1_20260603\silver_long\fundamental_balance_long.parquet,294221,,panelize_selected_ratios_into_nonminute_pit_context
fundamental_pit_silver,fundamental_balance_long,LONG_PAYABLE_YOY,double,other_numeric,accepted,valid_pit_silver,announcement_pit_feature,feature_candidate,true_after_notice_date,NOTICE_DATE or UPDATE_DATE plus conservative next-trading-day lag; REPORT_DATE alone forbidden,notice_lagged_latest|quarter_delta|ttm_proxy|ratio|rank_xsection|winsorize|sector_residual,high,G:\Project_V7_Rotation\data\cn_public_enrichment\cn_fundamental_akshare_fullA_silver_gold_pit_v1_20260603\silver_long\fundamental_balance_long.parquet,294221,,panelize_selected_ratios_into_nonminute_pit_context
fundamental_pit_silver,fundamental_balance_long,LONG_PREPAID_EXPENSE_YOY,double,fundamental_quality_risk,accepted,valid_pit_silver,announcement_pit_feature,feature_candidate,true_after_notice_date,NOTICE_DATE or UPDATE_DATE plus conservative next-trading-day lag; REPORT_DATE alone forbidden,notice_lagged_latest|quarter_delta|ttm_proxy|ratio|rank_xsection|winsorize|sector_residual,high,G:\Project_V7_Rotation\data\cn_public_enrichment\cn_fundamental_akshare_fullA_silver_gold_pit_v1_20260603\silver_long\fundamental_balance_long.parquet,294221,,panelize_selected_ratios_into_nonminute_pit_context
fundamental_pit_silver,fundamental_balance_long,LONG_RECE_YOY,double,other_numeric,accepted,valid_pit_silver,announcement_pit_feature,feature_candidate,true_after_notice_date,NOTICE_DATE or UPDATE_DATE plus conservative next-trading-day lag; REPORT_DATE alone forbidden,notice_lagged_latest|quarter_delta|ttm_proxy|ratio|rank_xsection|winsorize|sector_residual,high,G:\Project_V7_Rotation\data\cn_public_enrichment\cn_fundamental_akshare_fullA_silver_gold_pit_v1_20260603\silver_long\fundamental_balance_long.parquet,294221,,panelize_selected_ratios_into_nonminute_pit_context
fundamental_pit_silver,fundamental_balance_long,LONG_STAFFSALARY_PAYABLE_YOY,double,other_numeric,accepted,valid_pit_silver,announcement_pit_feature,feature_candidate,true_after_notice_date,NOTICE_DATE or UPDATE_DATE plus conservative next-trading-day lag; REPORT_DATE alone forbidden,notice_lagged_latest|quarter_delta|ttm_proxy|ratio|rank_xsection|winsorize|sector_residual,high,G:\Project_V7_Rotation\data\cn_public_enrichment\cn_fundamental_akshare_fullA_silver_gold_pit_v1_20260603\silver_long\fundamental_balance_long.parquet,294221,,panelize_selected_ratios_into_nonminute_pit_context
fundamental_pit_silver,fundamental_balance_long,MINORITY_EQUITY_YOY,double,other_numeric,accepted,valid_pit_silver,announcement_pit_feature,feature_candidate,true_after_notice_date,NOTICE_DATE or UPDATE_DATE plus conservative next-trading-day lag; REPORT_DATE alone forbidden,notice_lagged_latest|quarter_delta|ttm_proxy|ratio|rank_xsection|winsorize|sector_residual,high,G:\Project_V7_Rotation\data\cn_public_enrichment\cn_fundamental_akshare_fullA_silver_gold_pit_v1_20260603\silver_long\fundamental_balance_long.parquet,294221,,panelize_selected_ratios_into_nonminute_pit_context
fundamental_pit_silver,fundamental_balance_long,MONETARYFUNDS_YOY,double,other_numeric,accepted,valid_pit_silver,announcement_pit_feature,feature_candidate,true_after_notice_date,NOTICE_DATE or UPDATE_DATE plus conservative next-trading-day lag; REPORT_DATE alone forbidden,notice_lagged_latest|quarter_delta|ttm_proxy|ratio|rank_xsection|winsorize|sector_residual,high,G:\Project_V7_Rotation\data\cn_public_enrichment\cn_fundamental_akshare_fullA_silver_gold_pit_v1_20260603\silver_long\fundamental_balance_long.parquet,294221,,panelize_selected_ratios_into_nonminute_pit_context
fundamental_pit_silver,fundamental_balance_long,NONCURRENT_ASSET_1YEAR_YOY,double,fundamental_quality_risk,accepted,valid_pit_silver,announcement_pit_feature,feature_candidate,true_after_notice_date,NOTICE_DATE or UPDATE_DATE plus conservative next-trading-day lag; REPORT_DATE alone forbidden,notice_lagged_latest|quarter_delta|ttm_proxy|ratio|rank_xsection|winsorize|sector_residual,high,G:\Project_V7_Rotation\data\cn_public_enrichment\cn_fundamental_akshare_fullA_silver_gold_pit_v1_20260603\silver_long\fundamental_balance_long.parquet,294221,,panelize_selected_ratios_into_nonminute_pit_context
fundamental_pit_silver,fundamental_balance_long,NONCURRENT_ASSET_BALANCE_YOY,double,fundamental_quality_risk,accepted,valid_pit_silver,announcement_pit_feature,feature_candidate,true_after_notice_date,NOTICE_DATE or UPDATE_DATE plus conservative next-trading-day lag; REPORT_DATE alone forbidden,notice_lagged_latest|quarter_delta|ttm_proxy|ratio|rank_xsection|winsorize|sector_residual,high,G:\Project_V7_Rotation\data\cn_public_enrichment\cn_fundamental_akshare_fullA_silver_gold_pit_v1_20260603\silver_long\fundamental_balance_long.parquet,294221,,panelize_selected_ratios_into_nonminute_pit_context
fundamental_pit_silver,fundamental_balance_long,NONCURRENT_ASSET_OTHER_YOY,double,fundamental_quality_risk,accepted,valid_pit_silver,announcement_pit_feature,feature_candidate,true_after_notice_date,NOTICE_DATE or UPDATE_DATE plus conservative next-trading-day lag; REPORT_DATE alone forbidden,notice_lagged_latest|quarter_delta|ttm_proxy|ratio|rank_xsection|winsorize|sector_residual,high,G:\Project_V7_Rotation\data\cn_public_enrichment\cn_fundamental_akshare_fullA_silver_gold_pit_v1_20260603\silver_long\fundamental_balance_long.parquet,294221,,panelize_selected_ratios_into_nonminute_pit_context
fundamental_pit_silver,fundamental_balance_long,NONCURRENT_LIAB_1YEAR_YOY,double,fundamental_quality_risk,accepted,valid_pit_silver,announcement_pit_feature,feature_candidate,true_after_notice_date,NOTICE_DATE or UPDATE_DATE plus conservative next-trading-day lag; REPORT_DATE alone forbidden,notice_lagged_latest|quarter_delta|ttm_proxy|ratio|rank_xsection|winsorize|sector_residual,high,G:\Project_V7_Rotation\data\cn_public_enrichment\cn_fundamental_akshare_fullA_silver_gold_pit_v1_20260603\silver_long\fundamental_balance_long.parquet,294221,,panelize_selected_ratios_into_nonminute_pit_context
fundamental_pit_silver,fundamental_balance_long,NONCURRENT_LIAB_BALANCE_YOY,double,fundamental_quality_risk,accepted,valid_pit_silver,announcement_pit_feature,feature_candidate,true_after_notice_date,NOTICE_DATE or UPDATE_DATE plus conservative next-trading-day lag; REPORT_DATE alone forbidden,notice_lagged_latest|quarter_delta|ttm_proxy|ratio|rank_xsection|winsorize|sector_residual,high,G:\Project_V7_Rotation\data\cn_public_enrichment\cn_fundamental_akshare_fullA_silver_gold_pit_v1_20260603\silver_long\fundamental_balance_long.parquet,294221,,panelize_selected_ratios_into_nonminute_pit_context
fundamental_pit_silver,fundamental_balance_long,NONCURRENT_LIAB_OTHER_YOY,double,fundamental_quality_risk,accepted,valid_pit_silver,announcement_pit_feature,feature_candidate,true_after_notice_date,NOTICE_DATE or UPDATE_DATE plus conservative next-trading-day lag; REPORT_DATE alone forbidden,notice_lagged_latest|quarter_delta|ttm_proxy|ratio|rank_xsection|winsorize|sector_residual,high,G:\Project_V7_Rotation\data\cn_public_enrichment\cn_fundamental_akshare_fullA_silver_gold_pit_v1_20260603\silver_long\fundamental_balance_long.parquet,294221,,panelize_selected_ratios_into_nonminute_pit_context
fundamental_pit_silver,fundamental_balance_long,NOTE_ACCOUNTS_PAYABLE_YOY,double,other_numeric,accepted,valid_pit_silver,announcement_pit_feature,feature_candidate,true_after_notice_date,NOTICE_DATE or UPDATE_DATE plus conservative next-trading-day lag; REPORT_DATE alone forbidden,notice_lagged_latest|quarter_delta|ttm_proxy|ratio|rank_xsection|winsorize|sector_residual,high,G:\Project_V7_Rotation\data\cn_public_enrichment\cn_fundamental_akshare_fullA_silver_gold_pit_v1_20260603\silver_long\fundamental_balance_long.parquet,294221,,panelize_selected_ratios_into_nonminute_pit_context
fundamental_pit_silver,fundamental_balance_long,NOTE_ACCOUNTS_RECE_YOY,double,other_numeric,accepted,valid_pit_silver,announcement_pit_feature,feature_candidate,true_after_notice_date,NOTICE_DATE or UPDATE_DATE plus conservative next-trading-day lag; REPORT_DATE alone forbidden,notice_lagged_latest|quarter_delta|ttm_proxy|ratio|rank_xsection|winsorize|sector_residual,high,G:\Project_V7_Rotation\data\cn_public_enrichment\cn_fundamental_akshare_fullA_silver_gold_pit_v1_20260603\silver_long\fundamental_balance_long.parquet,294221,,panelize_selected_ratios_into_nonminute_pit_context
fundamental_pit_silver,fundamental_balance_long,NOTE_PAYABLE_YOY,double,other_numeric,accepted,valid_pit_silver,announcement_pit_feature,feature_candidate,true_after_notice_date,NOTICE_DATE or UPDATE_DATE plus conservative next-trading-day lag; REPORT_DATE alone forbidden,notice_lagged_latest|quarter_delta|ttm_proxy|ratio|rank_xsection|winsorize|sector_residual,high,G:\Project_V7_Rotation\data\cn_public_enrichment\cn_fundamental_akshare_fullA_silver_gold_pit_v1_20260603\silver_long\fundamental_balance_long.parquet,294221,,panelize_selected_ratios_into_nonminute_pit_context
fundamental_pit_silver,fundamental_balance_long,NOTE_RECE_YOY,double,other_numeric,accepted,valid_pit_silver,announcement_pit_feature,feature_candidate,true_after_notice_date,NOTICE_DATE or UPDATE_DATE plus conservative next-trading-day lag; REPORT_DATE alone forbidden,notice_lagged_latest|quarter_delta|ttm_proxy|ratio|rank_xsection|winsorize|sector_residual,high,G:\Project_V7_Rotation\data\cn_public_enrichment\cn_fundamental_akshare_fullA_silver_gold_pit_v1_20260603\silver_long\fundamental_balance_long.parquet,294221,,panelize_selected_ratios_into_nonminute_pit_context
fundamental_pit_silver,fundamental_balance_long,OIL_GAS_ASSET_YOY,double,fundamental_quality_risk,accepted,valid_pit_silver,announcement_pit_feature,feature_candidate,true_after_notice_date,NOTICE_DATE or UPDATE_DATE plus conservative next-trading-day lag; REPORT_DATE alone forbidden,notice_lagged_latest|quarter_delta|ttm_proxy|ratio|rank_xsection|winsorize|sector_residual,high,G:\Project_V7_Rotation\data\cn_public_enrichment\cn_fundamental_akshare_fullA_silver_gold_pit_v1_20260603\silver_long\fundamental_balance_long.parquet,294221,,panelize_selected_ratios_into_nonminute_pit_context
fundamental_pit_silver,fundamental_balance_long,OTHER_COMPRE_INCOME_YOY,double,fundamental_quality_risk,accepted,valid_pit_silver,announcement_pit_feature,feature_candidate,true_after_notice_date,NOTICE_DATE or UPDATE_DATE plus conservative next-trading-day lag; REPORT_DATE alone forbidden,notice_lagged_latest|quarter_delta|ttm_proxy|ratio|rank_xsection|winsorize|sector_residual,high,G:\Project_V7_Rotation\data\cn_public_enrichment\cn_fundamental_akshare_fullA_silver_gold_pit_v1_20260603\silver_long\fundamental_balance_long.parquet,294221,,panelize_selected_ratios_into_nonminute_pit_context
fundamental_pit_silver,fundamental_balance_long,OTHER_CREDITOR_INVEST_YOY,double,other_numeric,accepted,valid_pit_silver,announcement_pit_feature,feature_candidate,true_after_notice_date,NOTICE_DATE or UPDATE_DATE plus conservative next-trading-day lag; REPORT_DATE alone forbidden,notice_lagged_latest|quarter_delta|ttm_proxy|ratio|rank_xsection|winsorize|sector_residual,high,G:\Project_V7_Rotation\data\cn_public_enrichment\cn_fundamental_akshare_fullA_silver_gold_pit_v1_20260603\silver_long\fundamental_balance_long.parquet,294221,,panelize_selected_ratios_into_nonminute_pit_context
fundamental_pit_silver,fundamental_balance_long,OTHER_CURRENT_ASSET_YOY,double,fundamental_quality_risk,accepted,valid_pit_silver,announcement_pit_feature,feature_candidate,true_after_notice_date,NOTICE_DATE or UPDATE_DATE plus conservative next-trading-day lag; REPORT_DATE alone forbidden,notice_lagged_latest|quarter_delta|ttm_proxy|ratio|rank_xsection|winsorize|sector_residual,high,G:\Project_V7_Rotation\data\cn_public_enrichment\cn_fundamental_akshare_fullA_silver_gold_pit_v1_20260603\silver_long\fundamental_balance_long.parquet,294221,,panelize_selected_ratios_into_nonminute_pit_context
fundamental_pit_silver,fundamental_balance_long,OTHER_CURRENT_LIAB_YOY,double,fundamental_quality_risk,accepted,valid_pit_silver,announcement_pit_feature,feature_candidate,true_after_notice_date,NOTICE_DATE or UPDATE_DATE plus conservative next-trading-day lag; REPORT_DATE alone forbidden,notice_lagged_latest|quarter_delta|ttm_proxy|ratio|rank_xsection|winsorize|sector_residual,high,G:\Project_V7_Rotation\data\cn_public_enrichment\cn_fundamental_akshare_fullA_silver_gold_pit_v1_20260603\silver_long\fundamental_balance_long.parquet,294221,,panelize_selected_ratios_into_nonminute_pit_context
fundamental_pit_silver,fundamental_balance_long,OTHER_EQUITY_INVEST_YOY,double,other_numeric,accepted,valid_pit_silver,announcement_pit_feature,feature_candidate,true_after_notice_date,NOTICE_DATE or UPDATE_DATE plus conservative next-trading-day lag; REPORT_DATE alone forbidden,notice_lagged_latest|quarter_delta|ttm_proxy|ratio|rank_xsection|winsorize|sector_residual,high,G:\Project_V7_Rotation\data\cn_public_enrichment\cn_fundamental_akshare_fullA_silver_gold_pit_v1_20260603\silver_long\fundamental_balance_long.parquet,294221,,panelize_selected_ratios_into_nonminute_pit_context
fundamental_pit_silver,fundamental_balance_long,OTHER_EQUITY_OTHER_YOY,double,other_numeric,accepted,valid_pit_silver,announcement_pit_feature,feature_candidate,true_after_notice_date,NOTICE_DATE or UPDATE_DATE plus conservative next-trading-day lag; REPORT_DATE alone forbidden,notice_lagged_latest|quarter_delta|ttm_proxy|ratio|rank_xsection|winsorize|sector_residual,high,G:\Project_V7_Rotation\data\cn_public_enrichment\cn_fundamental_akshare_fullA_silver_gold_pit_v1_20260603\silver_long\fundamental_balance_long.parquet,294221,,panelize_selected_ratios_into_nonminute_pit_context
fundamental_pit_silver,fundamental_balance_long,OTHER_EQUITY_TOOL_YOY,double,other_numeric,accepted,valid_pit_silver,announcement_pit_feature,feature_candidate,true_after_notice_date,NOTICE_DATE or UPDATE_DATE plus conservative next-trading-day lag; REPORT_DATE alone forbidden,notice_lagged_latest|quarter_delta|ttm_proxy|ratio|rank_xsection|winsorize|sector_residual,high,G:\Project_V7_Rotation\data\cn_public_enrichment\cn_fundamental_akshare_fullA_silver_gold_pit_v1_20260603\silver_long\fundamental_balance_long.parquet,294221,,panelize_selected_ratios_into_nonminute_pit_context
fundamental_pit_silver,fundamental_balance_long,OTHER_NONCURRENT_ASSET_YOY,double,fundamental_quality_risk,accepted,valid_pit_silver,announcement_pit_feature,feature_candidate,true_after_notice_date,NOTICE_DATE or UPDATE_DATE plus conservative next-trading-day lag; REPORT_DATE alone forbidden,notice_lagged_latest|quarter_delta|ttm_proxy|ratio|rank_xsection|winsorize|sector_residual,high,G:\Project_V7_Rotation\data\cn_public_enrichment\cn_fundamental_akshare_fullA_silver_gold_pit_v1_20260603\silver_long\fundamental_balance_long.parquet,294221,,panelize_selected_ratios_into_nonminute_pit_context
fundamental_pit_silver,fundamental_balance_long,OTHER_NONCURRENT_FINASSET_YOY,double,fundamental_quality_risk,accepted,valid_pit_silver,announcement_pit_feature,feature_candidate,true_after_notice_date,NOTICE_DATE or UPDATE_DATE plus conservative next-trading-day lag; REPORT_DATE alone forbidden,notice_lagged_latest|quarter_delta|ttm_proxy|ratio|rank_xsection|winsorize|sector_residual,high,G:\Project_V7_Rotation\data\cn_public_enrichment\cn_fundamental_akshare_fullA_silver_gold_pit_v1_20260603\silver_long\fundamental_balance_long.parquet,294221,,panelize_selected_ratios_into_nonminute_pit_context
fundamental_pit_silver,fundamental_balance_long,OTHER_NONCURRENT_LIAB_YOY,double,fundamental_quality_risk,accepted,valid_pit_silver,announcement_pit_feature,feature_candidate,true_after_notice_date,NOTICE_DATE or UPDATE_DATE plus conservative next-trading-day lag; REPORT_DATE alone forbidden,notice_lagged_latest|quarter_delta|ttm_proxy|ratio|rank_xsection|winsorize|sector_residual,high,G:\Project_V7_Rotation\data\cn_public_enrichment\cn_fundamental_akshare_fullA_silver_gold_pit_v1_20260603\silver_long\fundamental_balance_long.parquet,294221,,panelize_selected_ratios_into_nonminute_pit_context
fundamental_pit_silver,fundamental_balance_long,OTHER_PAYABLE_YOY,double,other_numeric,accepted,valid_pit_silver,announcement_pit_feature,feature_candidate,true_after_notice_date,NOTICE_DATE or UPDATE_DATE plus conservative next-trading-day lag; REPORT_DATE alone forbidden,notice_lagged_latest|quarter_delta|ttm_proxy|ratio|rank_xsection|winsorize|sector_residual,high,G:\Project_V7_Rotation\data\cn_public_enrichment\cn_fundamental_akshare_fullA_silver_gold_pit_v1_20260603\silver_long\fundamental_balance_long.parquet,294221,,panelize_selected_ratios_into_nonminute_pit_context
fundamental_pit_silver,fundamental_balance_long,OTHER_RECE_YOY,double,other_numeric,accepted,valid_pit_silver,announcement_pit_feature,feature_candidate,true_after_notice_date,NOTICE_DATE or UPDATE_DATE plus conservative next-trading-day lag; REPORT_DATE alone forbidden,notice_lagged_latest|quarter_delta|ttm_proxy|ratio|rank_xsection|winsorize|sector_residual,high,G:\Project_V7_Rotation\data\cn_public_enrichment\cn_fundamental_akshare_fullA_silver_gold_pit_v1_20260603\silver_long\fundamental_balance_long.parquet,294221,,panelize_selected_ratios_into_nonminute_pit_context
fundamental_pit_silver,fundamental_balance_long,PARENT_EQUITY_BALANCE_YOY,double,other_numeric,accepted,valid_pit_silver,announcement_pit_feature,feature_candidate,true_after_notice_date,NOTICE_DATE or UPDATE_DATE plus conservative next-trading-day lag; REPORT_DATE alone forbidden,notice_lagged_latest|quarter_delta|ttm_proxy|ratio|rank_xsection|winsorize|sector_residual,high,G:\Project_V7_Rotation\data\cn_public_enrichment\cn_fundamental_akshare_fullA_silver_gold_pit_v1_20260603\silver_long\fundamental_balance_long.parquet,294221,,panelize_selected_ratios_into_nonminute_pit_context
fundamental_pit_silver,fundamental_balance_long,PARENT_EQUITY_OTHER_YOY,double,other_numeric,accepted,valid_pit_silver,announcement_pit_feature,feature_candidate,true_after_notice_date,NOTICE_DATE or UPDATE_DATE plus conservative next-trading-day lag; REPORT_DATE alone forbidden,notice_lagged_latest|quarter_delta|ttm_proxy|ratio|rank_xsection|winsorize|sector_residual,high,G:\Project_V7_Rotation\data\cn_public_enrichment\cn_fundamental_akshare_fullA_silver_gold_pit_v1_20260603\silver_long\fundamental_balance_long.parquet,294221,,panelize_selected_ratios_into_nonminute_pit_context
fundamental_pit_silver,fundamental_balance_long,PERPETUAL_BOND_PAYBALE_YOY,double,other_numeric,accepted,valid_pit_silver,announcement_pit_feature,feature_candidate,true_after_notice_date,NOTICE_DATE or UPDATE_DATE plus conservative next-trading-day lag; REPORT_DATE alone forbidden,notice_lagged_latest|quarter_delta|ttm_proxy|ratio|rank_xsection|winsorize|sector_residual,high,G:\Project_V7_Rotation\data\cn_public_enrichment\cn_fundamental_akshare_fullA_silver_gold_pit_v1_20260603\silver_long\fundamental_balance_long.parquet,294221,,panelize_selected_ratios_into_nonminute_pit_context
fundamental_pit_silver,fundamental_balance_long,PERPETUAL_BOND_YOY,double,other_numeric,accepted,valid_pit_silver,announcement_pit_feature,feature_candidate,true_after_notice_date,NOTICE_DATE or UPDATE_DATE plus conservative next-trading-day lag; REPORT_DATE alone forbidden,notice_lagged_latest|quarter_delta|ttm_proxy|ratio|rank_xsection|winsorize|sector_residual,high,G:\Project_V7_Rotation\data\cn_public_enrichment\cn_fundamental_akshare_fullA_silver_gold_pit_v1_20260603\silver_long\fundamental_balance_long.parquet,294221,,panelize_selected_ratios_into_nonminute_pit_context
fundamental_pit_silver,fundamental_balance_long,PREDICT_CURRENT_LIAB_YOY,double,fundamental_quality_risk,accepted,valid_pit_silver,announcement_pit_feature,feature_candidate,true_after_notice_date,NOTICE_DATE or UPDATE_DATE plus conservative next-trading-day lag; REPORT_DATE alone forbidden,notice_lagged_latest|quarter_delta|ttm_proxy|ratio|rank_xsection|winsorize|sector_residual,high,G:\Project_V7_Rotation\data\cn_public_enrichment\cn_fundamental_akshare_fullA_silver_gold_pit_v1_20260603\silver_long\fundamental_balance_long.parquet,294221,,panelize_selected_ratios_into_nonminute_pit_context
fundamental_pit_silver,fundamental_balance_long,PREDICT_LIAB_YOY,double,fundamental_quality_risk,accepted,valid_pit_silver,announcement_pit_feature,feature_candidate,true_after_notice_date,NOTICE_DATE or UPDATE_DATE plus conservative next-trading-day lag; REPORT_DATE alone forbidden,notice_lagged_latest|quarter_delta|ttm_proxy|ratio|rank_xsection|winsorize|sector_residual,high,G:\Project_V7_Rotation\data\cn_public_enrichment\cn_fundamental_akshare_fullA_silver_gold_pit_v1_20260603\silver_long\fundamental_balance_long.parquet,294221,,panelize_selected_ratios_into_nonminute_pit_context
fundamental_pit_silver,fundamental_balance_long,PREFERRED_SHARES_PAYBALE_YOY,double,capacity_size,accepted,valid_pit_silver,announcement_pit_feature,feature_candidate,true_after_notice_date,NOTICE_DATE or UPDATE_DATE plus conservative next-trading-day lag; REPORT_DATE alone forbidden,notice_lagged_latest|quarter_delta|ttm_proxy|ratio|rank_xsection|winsorize|sector_residual,high,G:\Project_V7_Rotation\data\cn_public_enrichment\cn_fundamental_akshare_fullA_silver_gold_pit_v1_20260603\silver_long\fundamental_balance_long.parquet,294221,,panelize_selected_ratios_into_nonminute_pit_context
fundamental_pit_silver,fundamental_balance_long,PREFERRED_SHARES_YOY,double,capacity_size,accepted,valid_pit_silver,announcement_pit_feature,feature_candidate,true_after_notice_date,NOTICE_DATE or UPDATE_DATE plus conservative next-trading-day lag; REPORT_DATE alone forbidden,notice_lagged_latest|quarter_delta|ttm_proxy|ratio|rank_xsection|winsorize|sector_residual,high,G:\Project_V7_Rotation\data\cn_public_enrichment\cn_fundamental_akshare_fullA_silver_gold_pit_v1_20260603\silver_long\fundamental_balance_long.parquet,294221,,panelize_selected_ratios_into_nonminute_pit_context
fundamental_pit_silver,fundamental_balance_long,PREMIUM_RECE_YOY,double,other_numeric,accepted,valid_pit_silver,announcement_pit_feature,feature_candidate,true_after_notice_date,NOTICE_DATE or UPDATE_DATE plus conservative next-trading-day lag; REPORT_DATE alone forbidden,notice_lagged_latest|quarter_delta|ttm_proxy|ratio|rank_xsection|winsorize|sector_residual,high,G:\Project_V7_Rotation\data\cn_public_enrichment\cn_fundamental_akshare_fullA_silver_gold_pit_v1_20260603\silver_long\fundamental_balance_long.parquet,294221,,panelize_selected_ratios_into_nonminute_pit_context
fundamental_pit_silver,fundamental_balance_long,PREPAYMENT_YOY,double,other_numeric,accepted,valid_pit_silver,announcement_pit_feature,feature_candidate,true_after_notice_date,NOTICE_DATE or UPDATE_DATE plus conservative next-trading-day lag; REPORT_DATE alone forbidden,notice_lagged_latest|quarter_delta|ttm_proxy|ratio|rank_xsection|winsorize|sector_residual,high,G:\Project_V7_Rotation\data\cn_public_enrichment\cn_fundamental_akshare_fullA_silver_gold_pit_v1_20260603\silver_long\fundamental_balance_long.parquet,294221,,panelize_selected_ratios_into_nonminute_pit_context
fundamental_pit_silver,fundamental_balance_long,PRODUCTIVE_BIOLOGY_ASSET_YOY,double,fundamental_quality_risk,accepted,valid_pit_silver,announcement_pit_feature,feature_candidate,true_after_notice_date,NOTICE_DATE or UPDATE_DATE plus conservative next-trading-day lag; REPORT_DATE alone forbidden,notice_lagged_latest|quarter_delta|ttm_proxy|ratio|rank_xsection|winsorize|sector_residual,high,G:\Project_V7_Rotation\data\cn_public_enrichment\cn_fundamental_akshare_fullA_silver_gold_pit_v1_20260603\silver_long\fundamental_balance_long.parquet,294221,,panelize_selected_ratios_into_nonminute_pit_context
fundamental_pit_silver,fundamental_balance_long,PROJECT_MATERIAL_YOY,double,other_numeric,accepted,valid_pit_silver,announcement_pit_feature,feature_candidate,true_after_notice_date,NOTICE_DATE or UPDATE_DATE plus conservative next-trading-day lag; REPORT_DATE alone forbidden,notice_lagged_latest|quarter_delta|ttm_proxy|ratio|rank_xsection|winsorize|sector_residual,high,G:\Project_V7_Rotation\data\cn_public_enrichment\cn_fundamental_akshare_fullA_silver_gold_pit_v1_20260603\silver_long\fundamental_balance_long.parquet,294221,,panelize_selected_ratios_into_nonminute_pit_context
fundamental_pit_silver,fundamental_balance_long,RC_RESERVE_RECE_YOY,double,other_numeric,accepted,valid_pit_silver,announcement_pit_feature,feature_candidate,true_after_notice_date,NOTICE_DATE or UPDATE_DATE plus conservative next-trading-day lag; REPORT_DATE alone forbidden,notice_lagged_latest|quarter_delta|ttm_proxy|ratio|rank_xsection|winsorize|sector_residual,high,G:\Project_V7_Rotation\data\cn_public_enrichment\cn_fundamental_akshare_fullA_silver_gold_pit_v1_20260603\silver_long\fundamental_balance_long.parquet,294221,,panelize_selected_ratios_into_nonminute_pit_context
fundamental_pit_silver,fundamental_balance_long,REINSURE_PAYABLE_YOY,double,other_numeric,accepted,valid_pit_silver,announcement_pit_feature,feature_candidate,true_after_notice_date,NOTICE_DATE or UPDATE_DATE plus conservative next-trading-day lag; REPORT_DATE alone forbidden,notice_lagged_latest|quarter_delta|ttm_proxy|ratio|rank_xsection|winsorize|sector_residual,high,G:\Project_V7_Rotation\data\cn_public_enrichment\cn_fundamental_akshare_fullA_silver_gold_pit_v1_20260603\silver_long\fundamental_balance_long.parquet,294221,,panelize_selected_ratios_into_nonminute_pit_context
fundamental_pit_silver,fundamental_balance_long,REINSURE_RECE_YOY,double,other_numeric,accepted,valid_pit_silver,announcement_pit_feature,feature_candidate,true_after_notice_date,NOTICE_DATE or UPDATE_DATE plus conservative next-trading-day lag; REPORT_DATE alone forbidden,notice_lagged_latest|quarter_delta|ttm_proxy|ratio|rank_xsection|winsorize|sector_residual,high,G:\Project_V7_Rotation\data\cn_public_enrichment\cn_fundamental_akshare_fullA_silver_gold_pit_v1_20260603\silver_long\fundamental_balance_long.parquet,294221,,panelize_selected_ratios_into_nonminute_pit_context
fundamental_pit_silver,fundamental_balance_long,SELL_REPO_FINASSET_YOY,double,fundamental_quality_risk,accepted,valid_pit_silver,announcement_pit_feature,feature_candidate,true_after_notice_date,NOTICE_DATE or UPDATE_DATE plus conservative next-trading-day lag; REPORT_DATE alone forbidden,notice_lagged_latest|quarter_delta|ttm_proxy|ratio|rank_xsection|winsorize|sector_residual,high,G:\Project_V7_Rotation\data\cn_public_enrichment\cn_fundamental_akshare_fullA_silver_gold_pit_v1_20260603\silver_long\fundamental_balance_long.parquet,294221,,panelize_selected_ratios_into_nonminute_pit_context
fundamental_pit_silver,fundamental_balance_long,SETTLE_EXCESS_RESERVE_YOY,double,other_numeric,accepted,valid_pit_silver,announcement_pit_feature,feature_candidate,true_after_notice_date,NOTICE_DATE or UPDATE_DATE plus conservative next-trading-day lag; REPORT_DATE alone forbidden,notice_lagged_latest|quarter_delta|ttm_proxy|ratio|rank_xsection|winsorize|sector_residual,high,G:\Project_V7_Rotation\data\cn_public_enrichment\cn_fundamental_akshare_fullA_silver_gold_pit_v1_20260603\silver_long\fundamental_balance_long.parquet,294221,,panelize_selected_ratios_into_nonminute_pit_context
fundamental_pit_silver,fundamental_balance_long,SHARE_CAPITAL_YOY,double,capacity_size,accepted,valid_pit_silver,announcement_pit_feature,feature_candidate,true_after_notice_date,NOTICE_DATE or UPDATE_DATE plus conservative next-trading-day lag; REPORT_DATE alone forbidden,notice_lagged_latest|quarter_delta|ttm_proxy|ratio|rank_xsection|winsorize|sector_residual,high,G:\Project_V7_Rotation\data\cn_public_enrichment\cn_fundamental_akshare_fullA_silver_gold_pit_v1_20260603\silver_long\fundamental_balance_long.parquet,294221,,panelize_selected_ratios_into_nonminute_pit_context
fundamental_pit_silver,fundamental_balance_long,SHORT_BOND_PAYABLE_YOY,double,other_numeric,accepted,valid_pit_silver,announcement_pit_feature,feature_candidate,true_after_notice_date,NOTICE_DATE or UPDATE_DATE plus conservative next-trading-day lag; REPORT_DATE alone forbidden,notice_lagged_latest|quarter_delta|ttm_proxy|ratio|rank_xsection|winsorize|sector_residual,high,G:\Project_V7_Rotation\data\cn_public_enrichment\cn_fundamental_akshare_fullA_silver_gold_pit_v1_20260603\silver_long\fundamental_balance_long.parquet,294221,,panelize_selected_ratios_into_nonminute_pit_context
fundamental_pit_silver,fundamental_balance_long,SHORT_FIN_PAYABLE_YOY,double,other_numeric,accepted,valid_pit_silver,announcement_pit_feature,feature_candidate,true_after_notice_date,NOTICE_DATE or UPDATE_DATE plus conservative next-trading-day lag; REPORT_DATE alone forbidden,notice_lagged_latest|quarter_delta|ttm_proxy|ratio|rank_xsection|winsorize|sector_residual,high,G:\Project_V7_Rotation\data\cn_public_enrichment\cn_fundamental_akshare_fullA_silver_gold_pit_v1_20260603\silver_long\fundamental_balance_long.parquet,294221,,panelize_selected_ratios_into_nonminute_pit_context
fundamental_pit_silver,fundamental_balance_long,SHORT_LOAN_YOY,double,other_numeric,accepted,valid_pit_silver,announcement_pit_feature,feature_candidate,true_after_notice_date,NOTICE_DATE or UPDATE_DATE plus conservative next-trading-day lag; REPORT_DATE alone forbidden,notice_lagged_latest|quarter_delta|ttm_proxy|ratio|rank_xsection|winsorize|sector_residual,high,G:\Project_V7_Rotation\data\cn_public_enrichment\cn_fundamental_akshare_fullA_silver_gold_pit_v1_20260603\silver_long\fundamental_balance_long.parquet,294221,,panelize_selected_ratios_into_nonminute_pit_context
fundamental_pit_silver,fundamental_balance_long,SPECIAL_PAYABLE_YOY,double,other_numeric,accepted,valid_pit_silver,announcement_pit_feature,feature_candidate,true_after_notice_date,NOTICE_DATE or UPDATE_DATE plus conservative next-trading-day lag; REPORT_DATE alone forbidden,notice_lagged_latest|quarter_delta|ttm_proxy|ratio|rank_xsection|winsorize|sector_residual,high,G:\Project_V7_Rotation\data\cn_public_enrichment\cn_fundamental_akshare_fullA_silver_gold_pit_v1_20260603\silver_long\fundamental_balance_long.parquet,294221,,panelize_selected_ratios_into_nonminute_pit_context
fundamental_pit_silver,fundamental_balance_long,SPECIAL_RESERVE_YOY,double,other_numeric,accepted,valid_pit_silver,announcement_pit_feature,feature_candidate,true_after_notice_date,NOTICE_DATE or UPDATE_DATE plus conservative next-trading-day lag; REPORT_DATE alone forbidden,notice_lagged_latest|quarter_delta|ttm_proxy|ratio|rank_xsection|winsorize|sector_residual,high,G:\Project_V7_Rotation\data\cn_public_enrichment\cn_fundamental_akshare_fullA_silver_gold_pit_v1_20260603\silver_long\fundamental_balance_long.parquet,294221,,panelize_selected_ratios_into_nonminute_pit_context
fundamental_pit_silver,fundamental_balance_long,STAFF_SALARY_PAYABLE_YOY,double,other_numeric,accepted,valid_pit_silver,announcement_pit_feature,feature_candidate,true_after_notice_date,NOTICE_DATE or UPDATE_DATE plus conservative next-trading-day lag; REPORT_DATE alone forbidden,notice_lagged_latest|quarter_delta|ttm_proxy|ratio|rank_xsection|winsorize|sector_residual,high,G:\Project_V7_Rotation\data\cn_public_enrichment\cn_fundamental_akshare_fullA_silver_gold_pit_v1_20260603\silver_long\fundamental_balance_long.parquet,294221,,panelize_selected_ratios_into_nonminute_pit_context
fundamental_pit_silver,fundamental_balance_long,SUBSIDY_RECE_YOY,double,other_numeric,accepted,valid_pit_silver,announcement_pit_feature,feature_candidate,true_after_notice_date,NOTICE_DATE or UPDATE_DATE plus conservative next-trading-day lag; REPORT_DATE alone forbidden,notice_lagged_latest|quarter_delta|ttm_proxy|ratio|rank_xsection|winsorize|sector_residual,high,G:\Project_V7_Rotation\data\cn_public_enrichment\cn_fundamental_akshare_fullA_silver_gold_pit_v1_20260603\silver_long\fundamental_balance_long.parquet,294221,,panelize_selected_ratios_into_nonminute_pit_context
fundamental_pit_silver,fundamental_balance_long,SURPLUS_RESERVE_YOY,double,other_numeric,accepted,valid_pit_silver,announcement_pit_feature,feature_candidate,true_after_notice_date,NOTICE_DATE or UPDATE_DATE plus conservative next-trading-day lag; REPORT_DATE alone forbidden,notice_lagged_latest|quarter_delta|ttm_proxy|ratio|rank_xsection|winsorize|sector_residual,high,G:\Project_V7_Rotation\data\cn_public_enrichment\cn_fundamental_akshare_fullA_silver_gold_pit_v1_20260603\silver_long\fundamental_balance_long.parquet,294221,,panelize_selected_ratios_into_nonminute_pit_context
fundamental_pit_silver,fundamental_balance_long,TAX_PAYABLE_YOY,double,other_numeric,accepted,valid_pit_silver,announcement_pit_feature,feature_candidate,true_after_notice_date,NOTICE_DATE or UPDATE_DATE plus conservative next-trading-day lag; REPORT_DATE alone forbidden,notice_lagged_latest|quarter_delta|ttm_proxy|ratio|rank_xsection|winsorize|sector_residual,high,G:\Project_V7_Rotation\data\cn_public_enrichment\cn_fundamental_akshare_fullA_silver_gold_pit_v1_20260603\silver_long\fundamental_balance_long.parquet,294221,,panelize_selected_ratios_into_nonminute_pit_context
fundamental_pit_silver,fundamental_balance_long,TOTAL_ASSETS_YOY,double,fundamental_quality_risk,accepted,valid_pit_silver,announcement_pit_feature,feature_candidate,true_after_notice_date,NOTICE_DATE or UPDATE_DATE plus conservative next-trading-day lag; REPORT_DATE alone forbidden,notice_lagged_latest|quarter_delta|ttm_proxy|ratio|rank_xsection|winsorize|sector_residual,high,G:\Project_V7_Rotation\data\cn_public_enrichment\cn_fundamental_akshare_fullA_silver_gold_pit_v1_20260603\silver_long\fundamental_balance_long.parquet,294221,,panelize_selected_ratios_into_nonminute_pit_context
fundamental_pit_silver,fundamental_balance_long,TOTAL_CURRENT_ASSETS_YOY,double,fundamental_quality_risk,accepted,valid_pit_silver,announcement_pit_feature,feature_candidate,true_after_notice_date,NOTICE_DATE or UPDATE_DATE plus conservative next-trading-day lag; REPORT_DATE alone forbidden,notice_lagged_latest|quarter_delta|ttm_proxy|ratio|rank_xsection|winsorize|sector_residual,high,G:\Project_V7_Rotation\data\cn_public_enrichment\cn_fundamental_akshare_fullA_silver_gold_pit_v1_20260603\silver_long\fundamental_balance_long.parquet,294221,,panelize_selected_ratios_into_nonminute_pit_context
fundamental_pit_silver,fundamental_balance_long,TOTAL_CURRENT_LIAB_YOY,double,fundamental_quality_risk,accepted,valid_pit_silver,announcement_pit_feature,feature_candidate,true_after_notice_date,NOTICE_DATE or UPDATE_DATE plus conservative next-trading-day lag; REPORT_DATE alone forbidden,notice_lagged_latest|quarter_delta|ttm_proxy|ratio|rank_xsection|winsorize|sector_residual,high,G:\Project_V7_Rotation\data\cn_public_enrichment\cn_fundamental_akshare_fullA_silver_gold_pit_v1_20260603\silver_long\fundamental_balance_long.parquet,294221,,panelize_selected_ratios_into_nonminute_pit_context
fundamental_pit_silver,fundamental_balance_long,TOTAL_EQUITY_YOY,double,other_numeric,accepted,valid_pit_silver,announcement_pit_feature,feature_candidate,true_after_notice_date,NOTICE_DATE or UPDATE_DATE plus conservative next-trading-day lag; REPORT_DATE alone forbidden,notice_lagged_latest|quarter_delta|ttm_proxy|ratio|rank_xsection|winsorize|sector_residual,high,G:\Project_V7_Rotation\data\cn_public_enrichment\cn_fundamental_akshare_fullA_silver_gold_pit_v1_20260603\silver_long\fundamental_balance_long.parquet,294221,,panelize_selected_ratios_into_nonminute_pit_context
fundamental_pit_silver,fundamental_balance_long,TOTAL_LIAB_EQUITY_YOY,double,fundamental_quality_risk,accepted,valid_pit_silver,announcement_pit_feature,feature_candidate,true_after_notice_date,NOTICE_DATE or UPDATE_DATE plus conservative next-trading-day lag; REPORT_DATE alone forbidden,notice_lagged_latest|quarter_delta|ttm_proxy|ratio|rank_xsection|winsorize|sector_residual,high,G:\Project_V7_Rotation\data\cn_public_enrichment\cn_fundamental_akshare_fullA_silver_gold_pit_v1_20260603\silver_long\fundamental_balance_long.parquet,294221,,panelize_selected_ratios_into_nonminute_pit_context
fundamental_pit_silver,fundamental_balance_long,TOTAL_LIABILITIES_YOY,double,fundamental_quality_risk,accepted,valid_pit_silver,announcement_pit_feature,feature_candidate,true_after_notice_date,NOTICE_DATE or UPDATE_DATE plus conservative next-trading-day lag; REPORT_DATE alone forbidden,notice_lagged_latest|quarter_delta|ttm_proxy|ratio|rank_xsection|winsorize|sector_residual,high,G:\Project_V7_Rotation\data\cn_public_enrichment\cn_fundamental_akshare_fullA_silver_gold_pit_v1_20260603\silver_long\fundamental_balance_long.parquet,294221,,panelize_selected_ratios_into_nonminute_pit_context
fundamental_pit_silver,fundamental_balance_long,TOTAL_NONCURRENT_ASSETS_YOY,double,fundamental_quality_risk,accepted,valid_pit_silver,announcement_pit_feature,feature_candidate,true_after_notice_date,NOTICE_DATE or UPDATE_DATE plus conservative next-trading-day lag; REPORT_DATE alone forbidden,notice_lagged_latest|quarter_delta|ttm_proxy|ratio|rank_xsection|winsorize|sector_residual,high,G:\Project_V7_Rotation\data\cn_public_enrichment\cn_fundamental_akshare_fullA_silver_gold_pit_v1_20260603\silver_long\fundamental_balance_long.parquet,294221,,panelize_selected_ratios_into_nonminute_pit_context
fundamental_pit_silver,fundamental_balance_long,TOTAL_NONCURRENT_LIAB_YOY,double,fundamental_quality_risk,accepted,valid_pit_silver,announcement_pit_feature,feature_candidate,true_after_notice_date,NOTICE_DATE or UPDATE_DATE plus conservative next-trading-day lag; REPORT_DATE alone forbidden,notice_lagged_latest|quarter_delta|ttm_proxy|ratio|rank_xsection|winsorize|sector_residual,high,G:\Project_V7_Rotation\data\cn_public_enrichment\cn_fundamental_akshare_fullA_silver_gold_pit_v1_20260603\silver_long\fundamental_balance_long.parquet,294221,,panelize_selected_ratios_into_nonminute_pit_context
fundamental_pit_silver,fundamental_balance_long,TOTAL_OTHER_PAYABLE_YOY,double,other_numeric,accepted,valid_pit_silver,announcement_pit_feature,feature_candidate,true_after_notice_date,NOTICE_DATE or UPDATE_DATE plus conservative next-trading-day lag; REPORT_DATE alone forbidden,notice_lagged_latest|quarter_delta|ttm_proxy|ratio|rank_xsection|winsorize|sector_residual,high,G:\Project_V7_Rotation\data\cn_public_enrichment\cn_fundamental_akshare_fullA_silver_gold_pit_v1_20260603\silver_long\fundamental_balance_long.parquet,294221,,panelize_selected_ratios_into_nonminute_pit_context
fundamental_pit_silver,fundamental_balance_long,TOTAL_OTHER_RECE_YOY,double,other_numeric,accepted,valid_pit_silver,announcement_pit_feature,feature_candidate,true_after_notice_date,NOTICE_DATE or UPDATE_DATE plus conservative next-trading-day lag; REPORT_DATE alone forbidden,notice_lagged_latest|quarter_delta|ttm_proxy|ratio|rank_xsection|winsorize|sector_residual,high,G:\Project_V7_Rotation\data\cn_public_enrichment\cn_fundamental_akshare_fullA_silver_gold_pit_v1_20260603\silver_long\fundamental_balance_long.parquet,294221,,panelize_selected_ratios_into_nonminute_pit_context
fundamental_pit_silver,fundamental_balance_long,TOTAL_PARENT_EQUITY_YOY,double,other_numeric,accepted,valid_pit_silver,announcement_pit_feature,feature_candidate,true_after_notice_date,NOTICE_DATE or UPDATE_DATE plus conservative next-trading-day lag; REPORT_DATE alone forbidden,notice_lagged_latest|quarter_delta|ttm_proxy|ratio|rank_xsection|winsorize|sector_residual,high,G:\Project_V7_Rotation\data\cn_public_enrichment\cn_fundamental_akshare_fullA_silver_gold_pit_v1_20260603\silver_long\fundamental_balance_long.parquet,294221,,panelize_selected_ratios_into_nonminute_pit_context
fundamental_pit_silver,fundamental_balance_long,TRADE_FINASSET_NOTFVTPL_YOY,double,fundamental_quality_risk,accepted,valid_pit_silver,announcement_pit_feature,feature_candidate,true_after_notice_date,NOTICE_DATE or UPDATE_DATE plus conservative next-trading-day lag; REPORT_DATE alone forbidden,notice_lagged_latest|quarter_delta|ttm_proxy|ratio|rank_xsection|winsorize|sector_residual,high,G:\Project_V7_Rotation\data\cn_public_enrichment\cn_fundamental_akshare_fullA_silver_gold_pit_v1_20260603\silver_long\fundamental_balance_long.parquet,294221,,panelize_selected_ratios_into_nonminute_pit_context
fundamental_pit_silver,fundamental_balance_long,TRADE_FINASSET_YOY,double,fundamental_quality_risk,accepted,valid_pit_silver,announcement_pit_feature,feature_candidate,true_after_notice_date,NOTICE_DATE or UPDATE_DATE plus conservative next-trading-day lag; REPORT_DATE alone forbidden,notice_lagged_latest|quarter_delta|ttm_proxy|ratio|rank_xsection|winsorize|sector_residual,high,G:\Project_V7_Rotation\data\cn_public_enrichment\cn_fundamental_akshare_fullA_silver_gold_pit_v1_20260603\silver_long\fundamental_balance_long.parquet,294221,,panelize_selected_ratios_into_nonminute_pit_context
fundamental_pit_silver,fundamental_balance_long,TRADE_FINLIAB_NOTFVTPL_YOY,double,fundamental_quality_risk,accepted,valid_pit_silver,announcement_pit_feature,feature_candidate,true_after_notice_date,NOTICE_DATE or UPDATE_DATE plus conservative next-trading-day lag; REPORT_DATE alone forbidden,notice_lagged_latest|quarter_delta|ttm_proxy|ratio|rank_xsection|winsorize|sector_residual,high,G:\Project_V7_Rotation\data\cn_public_enrichment\cn_fundamental_akshare_fullA_silver_gold_pit_v1_20260603\silver_long\fundamental_balance_long.parquet,294221,,panelize_selected_ratios_into_nonminute_pit_context
fundamental_pit_silver,fundamental_balance_long,TRADE_FINLIAB_YOY,double,fundamental_quality_risk,accepted,valid_pit_silver,announcement_pit_feature,feature_candidate,true_after_notice_date,NOTICE_DATE or UPDATE_DATE plus conservative next-trading-day lag; REPORT_DATE alone forbidden,notice_lagged_latest|quarter_delta|ttm_proxy|ratio|rank_xsection|winsorize|sector_residual,high,G:\Project_V7_Rotation\data\cn_public_enrichment\cn_fundamental_akshare_fullA_silver_gold_pit_v1_20260603\silver_long\fundamental_balance_long.parquet,294221,,panelize_selected_ratios_into_nonminute_pit_context
fundamental_pit_silver,fundamental_balance_long,TREASURY_SHARES_YOY,double,capacity_size,accepted,valid_pit_silver,announcement_pit_feature,feature_candidate,true_after_notice_date,NOTICE_DATE or UPDATE_DATE plus conservative next-trading-day lag; REPORT_DATE alone forbidden,notice_lagged_latest|quarter_delta|ttm_proxy|ratio|rank_xsection|winsorize|sector_residual,high,G:\Project_V7_Rotation\data\cn_public_enrichment\cn_fundamental_akshare_fullA_silver_gold_pit_v1_20260603\silver_long\fundamental_balance_long.parquet,294221,,panelize_selected_ratios_into_nonminute_pit_context
fundamental_pit_silver,fundamental_balance_long,UNASSIGN_RPOFIT_YOY,double,other_numeric,accepted,valid_pit_silver,announcement_pit_feature,feature_candidate,true_after_notice_date,NOTICE_DATE or UPDATE_DATE plus conservative next-trading-day lag; REPORT_DATE alone forbidden,notice_lagged_latest|quarter_delta|ttm_proxy|ratio|rank_xsection|winsorize|sector_residual,high,G:\Project_V7_Rotation\data\cn_public_enrichment\cn_fundamental_akshare_fullA_silver_gold_pit_v1_20260603\silver_long\fundamental_balance_long.parquet,294221,,panelize_selected_ratios_into_nonminute_pit_context
fundamental_pit_silver,fundamental_balance_long,UNCONFIRM_INVEST_LOSS_YOY,double,other_numeric,accepted,valid_pit_silver,announcement_pit_feature,feature_candidate,true_after_notice_date,NOTICE_DATE or UPDATE_DATE plus conservative next-trading-day lag; REPORT_DATE alone forbidden,notice_lagged_latest|quarter_delta|ttm_proxy|ratio|rank_xsection|winsorize|sector_residual,high,G:\Project_V7_Rotation\data\cn_public_enrichment\cn_fundamental_akshare_fullA_silver_gold_pit_v1_20260603\silver_long\fundamental_balance_long.parquet,294221,,panelize_selected_ratios_into_nonminute_pit_context
fundamental_pit_silver,fundamental_balance_long,USERIGHT_ASSET_YOY,double,fundamental_quality_risk,accepted,valid_pit_silver,announcement_pit_feature,feature_candidate,true_after_notice_date,NOTICE_DATE or UPDATE_DATE plus conservative next-trading-day lag; REPORT_DATE alone forbidden,notice_lagged_latest|quarter_delta|ttm_proxy|ratio|rank_xsection|winsorize|sector_residual,high,G:\Project_V7_Rotation\data\cn_public_enrichment\cn_fundamental_akshare_fullA_silver_gold_pit_v1_20260603\silver_long\fundamental_balance_long.parquet,294221,,panelize_selected_ratios_into_nonminute_pit_context
fundamental_pit_silver,fundamental_balance_long,OPINION_TYPE,string,other_numeric,accepted,valid_pit_silver,categorical_or_text_context,diagnostic_or_metadata,false_until_encoding_contract,non-numeric/categorical field requires explicit encoding and availability contract before selector use,one_hot_or_event_category_encoding_after_manual_contract,low,G:\Project_V7_Rotation\data\cn_public_enrichment\cn_fundamental_akshare_fullA_silver_gold_pit_v1_20260603\silver_long\fundamental_balance_long.parquet,294221,,eligible_for_transform_registry
fundamental_pit_silver,fundamental_balance_long,OSOPINION_TYPE,double,other_numeric,accepted,valid_pit_silver,announcement_pit_feature,feature_candidate,true_after_notice_date,NOTICE_DATE or UPDATE_DATE plus conservative next-trading-day lag; REPORT_DATE alone forbidden,notice_lagged_latest|quarter_delta|ttm_proxy|ratio|rank_xsection|winsorize|sector_residual,high,G:\Project_V7_Rotation\data\cn_public_enrichment\cn_fundamental_akshare_fullA_silver_gold_pit_v1_20260603\silver_long\fundamental_balance_long.parquet,294221,,panelize_selected_ratios_into_nonminute_pit_context
fundamental_pit_silver,fundamental_balance_long,LISTING_STATE,string,other_numeric,accepted,valid_pit_silver,categorical_or_text_context,diagnostic_or_metadata,false_until_encoding_contract,non-numeric/categorical field requires explicit encoding and availability contract before selector use,one_hot_or_event_category_encoding_after_manual_contract,low,G:\Project_V7_Rotation\data\cn_public_enrichment\cn_fundamental_akshare_fullA_silver_gold_pit_v1_20260603\silver_long\fundamental_balance_long.parquet,294221,,eligible_for_transform_registry
fundamental_pit_silver,fundamental_profit_long,source_dataset,string,metadata,accepted,valid_pit_silver,join_or_audit_metadata,not_alpha_feature,false,key/text/metadata only,none,low,G:\Project_V7_Rotation\data\cn_public_enrichment\cn_fundamental_akshare_fullA_silver_gold_pit_v1_20260603\silver_long\fundamental_profit_long.parquet,305568,,eligible_for_transform_registry
fundamental_pit_silver,fundamental_profit_long,source_code6,string,instrument_key,accepted,valid_pit_silver,join_or_audit_metadata,not_alpha_feature,false,key/text/metadata only,none,low,G:\Project_V7_Rotation\data\cn_public_enrichment\cn_fundamental_akshare_fullA_silver_gold_pit_v1_20260603\silver_long\fundamental_profit_long.parquet,305568,,eligible_for_transform_registry
fundamental_pit_silver,fundamental_profit_long,source_em,string,metadata,accepted,valid_pit_silver,join_or_audit_metadata,not_alpha_feature,false,key/text/metadata only,none,low,G:\Project_V7_Rotation\data\cn_public_enrichment\cn_fundamental_akshare_fullA_silver_gold_pit_v1_20260603\silver_long\fundamental_profit_long.parquet,305568,,eligible_for_transform_registry
fundamental_pit_silver,fundamental_profit_long,source_file,string,metadata,accepted,valid_pit_silver,join_or_audit_metadata,not_alpha_feature,false,key/text/metadata only,none,low,G:\Project_V7_Rotation\data\cn_public_enrichment\cn_fundamental_akshare_fullA_silver_gold_pit_v1_20260603\silver_long\fundamental_profit_long.parquet,305568,,eligible_for_transform_registry
fundamental_pit_silver,fundamental_profit_long,ingest_time_utc,string,time_key_or_cutoff,accepted,valid_pit_silver,event_cutoff_key,not_alpha_feature,false,controls availability/cutoff; not standalone alpha,event_age|lagged_availability,low,G:\Project_V7_Rotation\data\cn_public_enrichment\cn_fundamental_akshare_fullA_silver_gold_pit_v1_20260603\silver_long\fundamental_profit_long.parquet,305568,,eligible_for_transform_registry
fundamental_pit_silver,fundamental_profit_long,SECUCODE,string,instrument_key,accepted,valid_pit_silver,join_or_audit_metadata,not_alpha_feature,false,key/text/metadata only,none,low,G:\Project_V7_Rotation\data\cn_public_enrichment\cn_fundamental_akshare_fullA_silver_gold_pit_v1_20260603\silver_long\fundamental_profit_long.parquet,305568,,eligible_for_transform_registry
fundamental_pit_silver,fundamental_profit_long,SECURITY_CODE,string,instrument_key,accepted,valid_pit_silver,join_or_audit_metadata,not_alpha_feature,false,key/text/metadata only,none,low,G:\Project_V7_Rotation\data\cn_public_enrichment\cn_fundamental_akshare_fullA_silver_gold_pit_v1_20260603\silver_long\fundamental_profit_long.parquet,305568,,eligible_for_transform_registry
fundamental_pit_silver,fundamental_profit_long,SECURITY_NAME_ABBR,string,text_or_description,accepted,valid_pit_silver,join_or_audit_metadata,not_alpha_feature,false,key/text/metadata only,none,low,G:\Project_V7_Rotation\data\cn_public_enrichment\cn_fundamental_akshare_fullA_silver_gold_pit_v1_20260603\silver_long\fundamental_profit_long.parquet,305568,,eligible_for_transform_registry
fundamental_pit_silver,fundamental_profit_long,ORG_CODE,string,fundamental_quality_risk,accepted,valid_pit_silver,categorical_or_text_context,diagnostic_or_metadata,false_until_encoding_contract,non-numeric/categorical field requires explicit encoding and availability contract before selector use,one_hot_or_event_category_encoding_after_manual_contract,medium,G:\Project_V7_Rotation\data\cn_public_enrichment\cn_fundamental_akshare_fullA_silver_gold_pit_v1_20260603\silver_long\fundamental_profit_long.parquet,305568,,eligible_for_transform_registry
fundamental_pit_silver,fundamental_profit_long,ORG_TYPE,string,fundamental_quality_risk,accepted,valid_pit_silver,categorical_or_text_context,diagnostic_or_metadata,false_until_encoding_contract,non-numeric/categorical field requires explicit encoding and availability contract before selector use,one_hot_or_event_category_encoding_after_manual_contract,medium,G:\Project_V7_Rotation\data\cn_public_enrichment\cn_fundamental_akshare_fullA_silver_gold_pit_v1_20260603\silver_long\fundamental_profit_long.parquet,305568,,eligible_for_transform_registry
fundamental_pit_silver,fundamental_profit_long,REPORT_DATE,string,time_key_or_cutoff,accepted,valid_pit_silver,availability_key,not_alpha_feature,false,controls availability/cutoff; not standalone alpha,event_age|lagged_availability,low,G:\Project_V7_Rotation\data\cn_public_enrichment\cn_fundamental_akshare_fullA_silver_gold_pit_v1_20260603\silver_long\fundamental_profit_long.parquet,305568,,eligible_for_transform_registry
fundamental_pit_silver,fundamental_profit_long,REPORT_TYPE,string,fundamental_quality_risk,accepted,valid_pit_silver,categorical_or_text_context,diagnostic_or_metadata,false_until_encoding_contract,non-numeric/categorical field requires explicit encoding and availability contract before selector use,one_hot_or_event_category_encoding_after_manual_contract,medium,G:\Project_V7_Rotation\data\cn_public_enrichment\cn_fundamental_akshare_fullA_silver_gold_pit_v1_20260603\silver_long\fundamental_profit_long.parquet,305568,,eligible_for_transform_registry
fundamental_pit_silver,fundamental_profit_long,REPORT_DATE_NAME,string,time_key_or_cutoff,accepted,valid_pit_silver,availability_key,not_alpha_feature,false,controls availability/cutoff; not standalone alpha,event_age|lagged_availability,low,G:\Project_V7_Rotation\data\cn_public_enrichment\cn_fundamental_akshare_fullA_silver_gold_pit_v1_20260603\silver_long\fundamental_profit_long.parquet,305568,,eligible_for_transform_registry
fundamental_pit_silver,fundamental_profit_long,SECURITY_TYPE_CODE,string,fundamental_quality_risk,accepted,valid_pit_silver,categorical_or_text_context,diagnostic_or_metadata,false_until_encoding_contract,non-numeric/categorical field requires explicit encoding and availability contract before selector use,one_hot_or_event_category_encoding_after_manual_contract,medium,G:\Project_V7_Rotation\data\cn_public_enrichment\cn_fundamental_akshare_fullA_silver_gold_pit_v1_20260603\silver_long\fundamental_profit_long.parquet,305568,,eligible_for_transform_registry
fundamental_pit_silver,fundamental_profit_long,NOTICE_DATE,string,time_key_or_cutoff,accepted,valid_pit_silver,availability_key,not_alpha_feature,false,controls availability/cutoff; not standalone alpha,event_age|lagged_availability,low,G:\Project_V7_Rotation\data\cn_public_enrichment\cn_fundamental_akshare_fullA_silver_gold_pit_v1_20260603\silver_long\fundamental_profit_long.parquet,305568,,eligible_for_transform_registry
fundamental_pit_silver,fundamental_profit_long,UPDATE_DATE,string,time_key_or_cutoff,accepted,valid_pit_silver,availability_key,not_alpha_feature,false,controls availability/cutoff; not standalone alpha,event_age|lagged_availability,low,G:\Project_V7_Rotation\data\cn_public_enrichment\cn_fundamental_akshare_fullA_silver_gold_pit_v1_20260603\silver_long\fundamental_profit_long.parquet,305568,,eligible_for_transform_registry
fundamental_pit_silver,fundamental_profit_long,CURRENCY,string,fundamental_quality_risk,accepted,valid_pit_silver,categorical_or_text_context,diagnostic_or_metadata,false_until_encoding_contract,non-numeric/categorical field requires explicit encoding and availability contract before selector use,one_hot_or_event_category_encoding_after_manual_contract,medium,G:\Project_V7_Rotation\data\cn_public_enrichment\cn_fundamental_akshare_fullA_silver_gold_pit_v1_20260603\silver_long\fundamental_profit_long.parquet,305568,,eligible_for_transform_registry
fundamental_pit_silver,fundamental_profit_long,TOTAL_OPERATE_INCOME,double,fundamental_quality_risk,accepted,valid_pit_silver,announcement_pit_feature,feature_candidate,true_after_notice_date,NOTICE_DATE or UPDATE_DATE plus conservative next-trading-day lag; REPORT_DATE alone forbidden,notice_lagged_latest|quarter_delta|ttm_proxy|ratio|rank_xsection|winsorize|sector_residual,high,G:\Project_V7_Rotation\data\cn_public_enrichment\cn_fundamental_akshare_fullA_silver_gold_pit_v1_20260603\silver_long\fundamental_profit_long.parquet,305568,,panelize_selected_ratios_into_nonminute_pit_context
fundamental_pit_silver,fundamental_profit_long,TOTAL_OPERATE_INCOME_YOY,double,fundamental_quality_risk,accepted,valid_pit_silver,announcement_pit_feature,feature_candidate,true_after_notice_date,NOTICE_DATE or UPDATE_DATE plus conservative next-trading-day lag; REPORT_DATE alone forbidden,notice_lagged_latest|quarter_delta|ttm_proxy|ratio|rank_xsection|winsorize|sector_residual,high,G:\Project_V7_Rotation\data\cn_public_enrichment\cn_fundamental_akshare_fullA_silver_gold_pit_v1_20260603\silver_long\fundamental_profit_long.parquet,305568,,panelize_selected_ratios_into_nonminute_pit_context
fundamental_pit_silver,fundamental_profit_long,OPERATE_INCOME,double,fundamental_quality_risk,accepted,valid_pit_silver,announcement_pit_feature,feature_candidate,true_after_notice_date,NOTICE_DATE or UPDATE_DATE plus conservative next-trading-day lag; REPORT_DATE alone forbidden,notice_lagged_latest|quarter_delta|ttm_proxy|ratio|rank_xsection|winsorize|sector_residual,high,G:\Project_V7_Rotation\data\cn_public_enrichment\cn_fundamental_akshare_fullA_silver_gold_pit_v1_20260603\silver_long\fundamental_profit_long.parquet,305568,,panelize_selected_ratios_into_nonminute_pit_context
fundamental_pit_silver,fundamental_profit_long,OPERATE_INCOME_YOY,double,fundamental_quality_risk,accepted,valid_pit_silver,announcement_pit_feature,feature_candidate,true_after_notice_date,NOTICE_DATE or UPDATE_DATE plus conservative next-trading-day lag; REPORT_DATE alone forbidden,notice_lagged_latest|quarter_delta|ttm_proxy|ratio|rank_xsection|winsorize|sector_residual,high,G:\Project_V7_Rotation\data\cn_public_enrichment\cn_fundamental_akshare_fullA_silver_gold_pit_v1_20260603\silver_long\fundamental_profit_long.parquet,305568,,panelize_selected_ratios_into_nonminute_pit_context
fundamental_pit_silver,fundamental_profit_long,INTEREST_INCOME,double,fundamental_quality_risk,accepted,valid_pit_silver,announcement_pit_feature,feature_candidate,true_after_notice_date,NOTICE_DATE or UPDATE_DATE plus conservative next-trading-day lag; REPORT_DATE alone forbidden,notice_lagged_latest|quarter_delta|ttm_proxy|ratio|rank_xsection|winsorize|sector_residual,high,G:\Project_V7_Rotation\data\cn_public_enrichment\cn_fundamental_akshare_fullA_silver_gold_pit_v1_20260603\silver_long\fundamental_profit_long.parquet,305568,,panelize_selected_ratios_into_nonminute_pit_context
fundamental_pit_silver,fundamental_profit_long,INTEREST_INCOME_YOY,double,fundamental_quality_risk,accepted,valid_pit_silver,announcement_pit_feature,feature_candidate,true_after_notice_date,NOTICE_DATE or UPDATE_DATE plus conservative next-trading-day lag; REPORT_DATE alone forbidden,notice_lagged_latest|quarter_delta|ttm_proxy|ratio|rank_xsection|winsorize|sector_residual,high,G:\Project_V7_Rotation\data\cn_public_enrichment\cn_fundamental_akshare_fullA_silver_gold_pit_v1_20260603\silver_long\fundamental_profit_long.parquet,305568,,panelize_selected_ratios_into_nonminute_pit_context
fundamental_pit_silver,fundamental_profit_long,EARNED_PREMIUM,double,fundamental_quality_risk,accepted,valid_pit_silver,announcement_pit_feature,feature_candidate,true_after_notice_date,NOTICE_DATE or UPDATE_DATE plus conservative next-trading-day lag; REPORT_DATE alone forbidden,notice_lagged_latest|quarter_delta|ttm_proxy|ratio|rank_xsection|winsorize|sector_residual,high,G:\Project_V7_Rotation\data\cn_public_enrichment\cn_fundamental_akshare_fullA_silver_gold_pit_v1_20260603\silver_long\fundamental_profit_long.parquet,305568,,panelize_selected_ratios_into_nonminute_pit_context
fundamental_pit_silver,fundamental_profit_long,EARNED_PREMIUM_YOY,double,fundamental_quality_risk,accepted,valid_pit_silver,announcement_pit_feature,feature_candidate,true_after_notice_date,NOTICE_DATE or UPDATE_DATE plus conservative next-trading-day lag; REPORT_DATE alone forbidden,notice_lagged_latest|quarter_delta|ttm_proxy|ratio|rank_xsection|winsorize|sector_residual,high,G:\Project_V7_Rotation\data\cn_public_enrichment\cn_fundamental_akshare_fullA_silver_gold_pit_v1_20260603\silver_long\fundamental_profit_long.parquet,305568,,panelize_selected_ratios_into_nonminute_pit_context
fundamental_pit_silver,fundamental_profit_long,FEE_COMMISSION_INCOME,double,fundamental_quality_risk,accepted,valid_pit_silver,announcement_pit_feature,feature_candidate,true_after_notice_date,NOTICE_DATE or UPDATE_DATE plus conservative next-trading-day lag; REPORT_DATE alone forbidden,notice_lagged_latest|quarter_delta|ttm_proxy|ratio|rank_xsection|winsorize|sector_residual,high,G:\Project_V7_Rotation\data\cn_public_enrichment\cn_fundamental_akshare_fullA_silver_gold_pit_v1_20260603\silver_long\fundamental_profit_long.parquet,305568,,panelize_selected_ratios_into_nonminute_pit_context
fundamental_pit_silver,fundamental_profit_long,FEE_COMMISSION_INCOME_YOY,double,fundamental_quality_risk,accepted,valid_pit_silver,announcement_pit_feature,feature_candidate,true_after_notice_date,NOTICE_DATE or UPDATE_DATE plus conservative next-trading-day lag; REPORT_DATE alone forbidden,notice_lagged_latest|quarter_delta|ttm_proxy|ratio|rank_xsection|winsorize|sector_residual,high,G:\Project_V7_Rotation\data\cn_public_enrichment\cn_fundamental_akshare_fullA_silver_gold_pit_v1_20260603\silver_long\fundamental_profit_long.parquet,305568,,panelize_selected_ratios_into_nonminute_pit_context
fundamental_pit_silver,fundamental_profit_long,OTHER_BUSINESS_INCOME,double,fundamental_quality_risk,accepted,valid_pit_silver,announcement_pit_feature,feature_candidate,true_after_notice_date,NOTICE_DATE or UPDATE_DATE plus conservative next-trading-day lag; REPORT_DATE alone forbidden,notice_lagged_latest|quarter_delta|ttm_proxy|ratio|rank_xsection|winsorize|sector_residual,high,G:\Project_V7_Rotation\data\cn_public_enrichment\cn_fundamental_akshare_fullA_silver_gold_pit_v1_20260603\silver_long\fundamental_profit_long.parquet,305568,,panelize_selected_ratios_into_nonminute_pit_context
fundamental_pit_silver,fundamental_profit_long,OTHER_BUSINESS_INCOME_YOY,double,fundamental_quality_risk,accepted,valid_pit_silver,announcement_pit_feature,feature_candidate,true_after_notice_date,NOTICE_DATE or UPDATE_DATE plus conservative next-trading-day lag; REPORT_DATE alone forbidden,notice_lagged_latest|quarter_delta|ttm_proxy|ratio|rank_xsection|winsorize|sector_residual,high,G:\Project_V7_Rotation\data\cn_public_enrichment\cn_fundamental_akshare_fullA_silver_gold_pit_v1_20260603\silver_long\fundamental_profit_long.parquet,305568,,panelize_selected_ratios_into_nonminute_pit_context
fundamental_pit_silver,fundamental_profit_long,TOI_OTHER,double,fundamental_quality_risk,accepted,valid_pit_silver,announcement_pit_feature,feature_candidate,true_after_notice_date,NOTICE_DATE or UPDATE_DATE plus conservative next-trading-day lag; REPORT_DATE alone forbidden,notice_lagged_latest|quarter_delta|ttm_proxy|ratio|rank_xsection|winsorize|sector_residual,high,G:\Project_V7_Rotation\data\cn_public_enrichment\cn_fundamental_akshare_fullA_silver_gold_pit_v1_20260603\silver_long\fundamental_profit_long.parquet,305568,,panelize_selected_ratios_into_nonminute_pit_context
fundamental_pit_silver,fundamental_profit_long,TOI_OTHER_YOY,double,fundamental_quality_risk,accepted,valid_pit_silver,announcement_pit_feature,feature_candidate,true_after_notice_date,NOTICE_DATE or UPDATE_DATE plus conservative next-trading-day lag; REPORT_DATE alone forbidden,notice_lagged_latest|quarter_delta|ttm_proxy|ratio|rank_xsection|winsorize|sector_residual,high,G:\Project_V7_Rotation\data\cn_public_enrichment\cn_fundamental_akshare_fullA_silver_gold_pit_v1_20260603\silver_long\fundamental_profit_long.parquet,305568,,panelize_selected_ratios_into_nonminute_pit_context
fundamental_pit_silver,fundamental_profit_long,TOTAL_OPERATE_COST,double,fundamental_quality_risk,accepted,valid_pit_silver,announcement_pit_feature,feature_candidate,true_after_notice_date,NOTICE_DATE or UPDATE_DATE plus conservative next-trading-day lag; REPORT_DATE alone forbidden,notice_lagged_latest|quarter_delta|ttm_proxy|ratio|rank_xsection|winsorize|sector_residual,high,G:\Project_V7_Rotation\data\cn_public_enrichment\cn_fundamental_akshare_fullA_silver_gold_pit_v1_20260603\silver_long\fundamental_profit_long.parquet,305568,,panelize_selected_ratios_into_nonminute_pit_context
fundamental_pit_silver,fundamental_profit_long,TOTAL_OPERATE_COST_YOY,double,fundamental_quality_risk,accepted,valid_pit_silver,announcement_pit_feature,feature_candidate,true_after_notice_date,NOTICE_DATE or UPDATE_DATE plus conservative next-trading-day lag; REPORT_DATE alone forbidden,notice_lagged_latest|quarter_delta|ttm_proxy|ratio|rank_xsection|winsorize|sector_residual,high,G:\Project_V7_Rotation\data\cn_public_enrichment\cn_fundamental_akshare_fullA_silver_gold_pit_v1_20260603\silver_long\fundamental_profit_long.parquet,305568,,panelize_selected_ratios_into_nonminute_pit_context
fundamental_pit_silver,fundamental_profit_long,OPERATE_COST,double,fundamental_quality_risk,accepted,valid_pit_silver,announcement_pit_feature,feature_candidate,true_after_notice_date,NOTICE_DATE or UPDATE_DATE plus conservative next-trading-day lag; REPORT_DATE alone forbidden,notice_lagged_latest|quarter_delta|ttm_proxy|ratio|rank_xsection|winsorize|sector_residual,high,G:\Project_V7_Rotation\data\cn_public_enrichment\cn_fundamental_akshare_fullA_silver_gold_pit_v1_20260603\silver_long\fundamental_profit_long.parquet,305568,,panelize_selected_ratios_into_nonminute_pit_context
fundamental_pit_silver,fundamental_profit_long,OPERATE_COST_YOY,double,fundamental_quality_risk,accepted,valid_pit_silver,announcement_pit_feature,feature_candidate,true_after_notice_date,NOTICE_DATE or UPDATE_DATE plus conservative next-trading-day lag; REPORT_DATE alone forbidden,notice_lagged_latest|quarter_delta|ttm_proxy|ratio|rank_xsection|winsorize|sector_residual,high,G:\Project_V7_Rotation\data\cn_public_enrichment\cn_fundamental_akshare_fullA_silver_gold_pit_v1_20260603\silver_long\fundamental_profit_long.parquet,305568,,panelize_selected_ratios_into_nonminute_pit_context
fundamental_pit_silver,fundamental_profit_long,INTEREST_EXPENSE,double,fundamental_quality_risk,accepted,valid_pit_silver,announcement_pit_feature,feature_candidate,true_after_notice_date,NOTICE_DATE or UPDATE_DATE plus conservative next-trading-day lag; REPORT_DATE alone forbidden,notice_lagged_latest|quarter_delta|ttm_proxy|ratio|rank_xsection|winsorize|sector_residual,high,G:\Project_V7_Rotation\data\cn_public_enrichment\cn_fundamental_akshare_fullA_silver_gold_pit_v1_20260603\silver_long\fundamental_profit_long.parquet,305568,,panelize_selected_ratios_into_nonminute_pit_context
fundamental_pit_silver,fundamental_profit_long,INTEREST_EXPENSE_YOY,double,fundamental_quality_risk,accepted,valid_pit_silver,announcement_pit_feature,feature_candidate,true_after_notice_date,NOTICE_DATE or UPDATE_DATE plus conservative next-trading-day lag; REPORT_DATE alone forbidden,notice_lagged_latest|quarter_delta|ttm_proxy|ratio|rank_xsection|winsorize|sector_residual,high,G:\Project_V7_Rotation\data\cn_public_enrichment\cn_fundamental_akshare_fullA_silver_gold_pit_v1_20260603\silver_long\fundamental_profit_long.parquet,305568,,panelize_selected_ratios_into_nonminute_pit_context
fundamental_pit_silver,fundamental_profit_long,FEE_COMMISSION_EXPENSE,double,fundamental_quality_risk,accepted,valid_pit_silver,announcement_pit_feature,feature_candidate,true_after_notice_date,NOTICE_DATE or UPDATE_DATE plus conservative next-trading-day lag; REPORT_DATE alone forbidden,notice_lagged_latest|quarter_delta|ttm_proxy|ratio|rank_xsection|winsorize|sector_residual,high,G:\Project_V7_Rotation\data\cn_public_enrichment\cn_fundamental_akshare_fullA_silver_gold_pit_v1_20260603\silver_long\fundamental_profit_long.parquet,305568,,panelize_selected_ratios_into_nonminute_pit_context
fundamental_pit_silver,fundamental_profit_long,FEE_COMMISSION_EXPENSE_YOY,double,fundamental_quality_risk,accepted,valid_pit_silver,announcement_pit_feature,feature_candidate,true_after_notice_date,NOTICE_DATE or UPDATE_DATE plus conservative next-trading-day lag; REPORT_DATE alone forbidden,notice_lagged_latest|quarter_delta|ttm_proxy|ratio|rank_xsection|winsorize|sector_residual,high,G:\Project_V7_Rotation\data\cn_public_enrichment\cn_fundamental_akshare_fullA_silver_gold_pit_v1_20260603\silver_long\fundamental_profit_long.parquet,305568,,panelize_selected_ratios_into_nonminute_pit_context
fundamental_pit_silver,fundamental_profit_long,RESEARCH_EXPENSE,double,fundamental_quality_risk,accepted,valid_pit_silver,announcement_pit_feature,feature_candidate,true_after_notice_date,NOTICE_DATE or UPDATE_DATE plus conservative next-trading-day lag; REPORT_DATE alone forbidden,notice_lagged_latest|quarter_delta|ttm_proxy|ratio|rank_xsection|winsorize|sector_residual,high,G:\Project_V7_Rotation\data\cn_public_enrichment\cn_fundamental_akshare_fullA_silver_gold_pit_v1_20260603\silver_long\fundamental_profit_long.parquet,305568,,panelize_selected_ratios_into_nonminute_pit_context
fundamental_pit_silver,fundamental_profit_long,RESEARCH_EXPENSE_YOY,double,fundamental_quality_risk,accepted,valid_pit_silver,announcement_pit_feature,feature_candidate,true_after_notice_date,NOTICE_DATE or UPDATE_DATE plus conservative next-trading-day lag; REPORT_DATE alone forbidden,notice_lagged_latest|quarter_delta|ttm_proxy|ratio|rank_xsection|winsorize|sector_residual,high,G:\Project_V7_Rotation\data\cn_public_enrichment\cn_fundamental_akshare_fullA_silver_gold_pit_v1_20260603\silver_long\fundamental_profit_long.parquet,305568,,panelize_selected_ratios_into_nonminute_pit_context
fundamental_pit_silver,fundamental_profit_long,SURRENDER_VALUE,double,fundamental_quality_risk,accepted,valid_pit_silver,announcement_pit_feature,feature_candidate,true_after_notice_date,NOTICE_DATE or UPDATE_DATE plus conservative next-trading-day lag; REPORT_DATE alone forbidden,notice_lagged_latest|quarter_delta|ttm_proxy|ratio|rank_xsection|winsorize|sector_residual,high,G:\Project_V7_Rotation\data\cn_public_enrichment\cn_fundamental_akshare_fullA_silver_gold_pit_v1_20260603\silver_long\fundamental_profit_long.parquet,305568,,panelize_selected_ratios_into_nonminute_pit_context
fundamental_pit_silver,fundamental_profit_long,SURRENDER_VALUE_YOY,double,fundamental_quality_risk,accepted,valid_pit_silver,announcement_pit_feature,feature_candidate,true_after_notice_date,NOTICE_DATE or UPDATE_DATE plus conservative next-trading-day lag; REPORT_DATE alone forbidden,notice_lagged_latest|quarter_delta|ttm_proxy|ratio|rank_xsection|winsorize|sector_residual,high,G:\Project_V7_Rotation\data\cn_public_enrichment\cn_fundamental_akshare_fullA_silver_gold_pit_v1_20260603\silver_long\fundamental_profit_long.parquet,305568,,panelize_selected_ratios_into_nonminute_pit_context
fundamental_pit_silver,fundamental_profit_long,NET_COMPENSATE_EXPENSE,double,fundamental_quality_risk,accepted,valid_pit_silver,announcement_pit_feature,feature_candidate,true_after_notice_date,NOTICE_DATE or UPDATE_DATE plus conservative next-trading-day lag; REPORT_DATE alone forbidden,notice_lagged_latest|quarter_delta|ttm_proxy|ratio|rank_xsection|winsorize|sector_residual,high,G:\Project_V7_Rotation\data\cn_public_enrichment\cn_fundamental_akshare_fullA_silver_gold_pit_v1_20260603\silver_long\fundamental_profit_long.parquet,305568,,panelize_selected_ratios_into_nonminute_pit_context
fundamental_pit_silver,fundamental_profit_long,NET_COMPENSATE_EXPENSE_YOY,double,fundamental_quality_risk,accepted,valid_pit_silver,announcement_pit_feature,feature_candidate,true_after_notice_date,NOTICE_DATE or UPDATE_DATE plus conservative next-trading-day lag; REPORT_DATE alone forbidden,notice_lagged_latest|quarter_delta|ttm_proxy|ratio|rank_xsection|winsorize|sector_residual,high,G:\Project_V7_Rotation\data\cn_public_enrichment\cn_fundamental_akshare_fullA_silver_gold_pit_v1_20260603\silver_long\fundamental_profit_long.parquet,305568,,panelize_selected_ratios_into_nonminute_pit_context
fundamental_pit_silver,fundamental_profit_long,NET_CONTRACT_RESERVE,double,fundamental_quality_risk,accepted,valid_pit_silver,announcement_pit_feature,feature_candidate,true_after_notice_date,NOTICE_DATE or UPDATE_DATE plus conservative next-trading-day lag; REPORT_DATE alone forbidden,notice_lagged_latest|quarter_delta|ttm_proxy|ratio|rank_xsection|winsorize|sector_residual,high,G:\Project_V7_Rotation\data\cn_public_enrichment\cn_fundamental_akshare_fullA_silver_gold_pit_v1_20260603\silver_long\fundamental_profit_long.parquet,305568,,panelize_selected_ratios_into_nonminute_pit_context
fundamental_pit_silver,fundamental_profit_long,NET_CONTRACT_RESERVE_YOY,double,fundamental_quality_risk,accepted,valid_pit_silver,announcement_pit_feature,feature_candidate,true_after_notice_date,NOTICE_DATE or UPDATE_DATE plus conservative next-trading-day lag; REPORT_DATE alone forbidden,notice_lagged_latest|quarter_delta|ttm_proxy|ratio|rank_xsection|winsorize|sector_residual,high,G:\Project_V7_Rotation\data\cn_public_enrichment\cn_fundamental_akshare_fullA_silver_gold_pit_v1_20260603\silver_long\fundamental_profit_long.parquet,305568,,panelize_selected_ratios_into_nonminute_pit_context
fundamental_pit_silver,fundamental_profit_long,POLICY_BONUS_EXPENSE,double,fundamental_quality_risk,accepted,valid_pit_silver,announcement_pit_feature,feature_candidate,true_after_notice_date,NOTICE_DATE or UPDATE_DATE plus conservative next-trading-day lag; REPORT_DATE alone forbidden,notice_lagged_latest|quarter_delta|ttm_proxy|ratio|rank_xsection|winsorize|sector_residual,high,G:\Project_V7_Rotation\data\cn_public_enrichment\cn_fundamental_akshare_fullA_silver_gold_pit_v1_20260603\silver_long\fundamental_profit_long.parquet,305568,,panelize_selected_ratios_into_nonminute_pit_context
fundamental_pit_silver,fundamental_profit_long,POLICY_BONUS_EXPENSE_YOY,double,fundamental_quality_risk,accepted,valid_pit_silver,announcement_pit_feature,feature_candidate,true_after_notice_date,NOTICE_DATE or UPDATE_DATE plus conservative next-trading-day lag; REPORT_DATE alone forbidden,notice_lagged_latest|quarter_delta|ttm_proxy|ratio|rank_xsection|winsorize|sector_residual,high,G:\Project_V7_Rotation\data\cn_public_enrichment\cn_fundamental_akshare_fullA_silver_gold_pit_v1_20260603\silver_long\fundamental_profit_long.parquet,305568,,panelize_selected_ratios_into_nonminute_pit_context
fundamental_pit_silver,fundamental_profit_long,REINSURE_EXPENSE,double,fundamental_quality_risk,accepted,valid_pit_silver,announcement_pit_feature,feature_candidate,true_after_notice_date,NOTICE_DATE or UPDATE_DATE plus conservative next-trading-day lag; REPORT_DATE alone forbidden,notice_lagged_latest|quarter_delta|ttm_proxy|ratio|rank_xsection|winsorize|sector_residual,high,G:\Project_V7_Rotation\data\cn_public_enrichment\cn_fundamental_akshare_fullA_silver_gold_pit_v1_20260603\silver_long\fundamental_profit_long.parquet,305568,,panelize_selected_ratios_into_nonminute_pit_context
fundamental_pit_silver,fundamental_profit_long,REINSURE_EXPENSE_YOY,double,fundamental_quality_risk,accepted,valid_pit_silver,announcement_pit_feature,feature_candidate,true_after_notice_date,NOTICE_DATE or UPDATE_DATE plus conservative next-trading-day lag; REPORT_DATE alone forbidden,notice_lagged_latest|quarter_delta|ttm_proxy|ratio|rank_xsection|winsorize|sector_residual,high,G:\Project_V7_Rotation\data\cn_public_enrichment\cn_fundamental_akshare_fullA_silver_gold_pit_v1_20260603\silver_long\fundamental_profit_long.parquet,305568,,panelize_selected_ratios_into_nonminute_pit_context
fundamental_pit_silver,fundamental_profit_long,OTHER_BUSINESS_COST,double,fundamental_quality_risk,accepted,valid_pit_silver,announcement_pit_feature,feature_candidate,true_after_notice_date,NOTICE_DATE or UPDATE_DATE plus conservative next-trading-day lag; REPORT_DATE alone forbidden,notice_lagged_latest|quarter_delta|ttm_proxy|ratio|rank_xsection|winsorize|sector_residual,high,G:\Project_V7_Rotation\data\cn_public_enrichment\cn_fundamental_akshare_fullA_silver_gold_pit_v1_20260603\silver_long\fundamental_profit_long.parquet,305568,,panelize_selected_ratios_into_nonminute_pit_context
fundamental_pit_silver,fundamental_profit_long,OTHER_BUSINESS_COST_YOY,double,fundamental_quality_risk,accepted,valid_pit_silver,announcement_pit_feature,feature_candidate,true_after_notice_date,NOTICE_DATE or UPDATE_DATE plus conservative next-trading-day lag; REPORT_DATE alone forbidden,notice_lagged_latest|quarter_delta|ttm_proxy|ratio|rank_xsection|winsorize|sector_residual,high,G:\Project_V7_Rotation\data\cn_public_enrichment\cn_fundamental_akshare_fullA_silver_gold_pit_v1_20260603\silver_long\fundamental_profit_long.parquet,305568,,panelize_selected_ratios_into_nonminute_pit_context
fundamental_pit_silver,fundamental_profit_long,OPERATE_TAX_ADD,double,fundamental_quality_risk,accepted,valid_pit_silver,announcement_pit_feature,feature_candidate,true_after_notice_date,NOTICE_DATE or UPDATE_DATE plus conservative next-trading-day lag; REPORT_DATE alone forbidden,notice_lagged_latest|quarter_delta|ttm_proxy|ratio|rank_xsection|winsorize|sector_residual,high,G:\Project_V7_Rotation\data\cn_public_enrichment\cn_fundamental_akshare_fullA_silver_gold_pit_v1_20260603\silver_long\fundamental_profit_long.parquet,305568,,panelize_selected_ratios_into_nonminute_pit_context
fundamental_pit_silver,fundamental_profit_long,OPERATE_TAX_ADD_YOY,double,fundamental_quality_risk,accepted,valid_pit_silver,announcement_pit_feature,feature_candidate,true_after_notice_date,NOTICE_DATE or UPDATE_DATE plus conservative next-trading-day lag; REPORT_DATE alone forbidden,notice_lagged_latest|quarter_delta|ttm_proxy|ratio|rank_xsection|winsorize|sector_residual,high,G:\Project_V7_Rotation\data\cn_public_enrichment\cn_fundamental_akshare_fullA_silver_gold_pit_v1_20260603\silver_long\fundamental_profit_long.parquet,305568,,panelize_selected_ratios_into_nonminute_pit_context
fundamental_pit_silver,fundamental_profit_long,SALE_EXPENSE,double,fundamental_quality_risk,accepted,valid_pit_silver,announcement_pit_feature,feature_candidate,true_after_notice_date,NOTICE_DATE or UPDATE_DATE plus conservative next-trading-day lag; REPORT_DATE alone forbidden,notice_lagged_latest|quarter_delta|ttm_proxy|ratio|rank_xsection|winsorize|sector_residual,high,G:\Project_V7_Rotation\data\cn_public_enrichment\cn_fundamental_akshare_fullA_silver_gold_pit_v1_20260603\silver_long\fundamental_profit_long.parquet,305568,,panelize_selected_ratios_into_nonminute_pit_context
fundamental_pit_silver,fundamental_profit_long,SALE_EXPENSE_YOY,double,fundamental_quality_risk,accepted,valid_pit_silver,announcement_pit_feature,feature_candidate,true_after_notice_date,NOTICE_DATE or UPDATE_DATE plus conservative next-trading-day lag; REPORT_DATE alone forbidden,notice_lagged_latest|quarter_delta|ttm_proxy|ratio|rank_xsection|winsorize|sector_residual,high,G:\Project_V7_Rotation\data\cn_public_enrichment\cn_fundamental_akshare_fullA_silver_gold_pit_v1_20260603\silver_long\fundamental_profit_long.parquet,305568,,panelize_selected_ratios_into_nonminute_pit_context
fundamental_pit_silver,fundamental_profit_long,MANAGE_EXPENSE,double,fundamental_quality_risk,accepted,valid_pit_silver,announcement_pit_feature,feature_candidate,true_after_notice_date,NOTICE_DATE or UPDATE_DATE plus conservative next-trading-day lag; REPORT_DATE alone forbidden,notice_lagged_latest|quarter_delta|ttm_proxy|ratio|rank_xsection|winsorize|sector_residual,high,G:\Project_V7_Rotation\data\cn_public_enrichment\cn_fundamental_akshare_fullA_silver_gold_pit_v1_20260603\silver_long\fundamental_profit_long.parquet,305568,,panelize_selected_ratios_into_nonminute_pit_context
fundamental_pit_silver,fundamental_profit_long,MANAGE_EXPENSE_YOY,double,fundamental_quality_risk,accepted,valid_pit_silver,announcement_pit_feature,feature_candidate,true_after_notice_date,NOTICE_DATE or UPDATE_DATE plus conservative next-trading-day lag; REPORT_DATE alone forbidden,notice_lagged_latest|quarter_delta|ttm_proxy|ratio|rank_xsection|winsorize|sector_residual,high,G:\Project_V7_Rotation\data\cn_public_enrichment\cn_fundamental_akshare_fullA_silver_gold_pit_v1_20260603\silver_long\fundamental_profit_long.parquet,305568,,panelize_selected_ratios_into_nonminute_pit_context
fundamental_pit_silver,fundamental_profit_long,ME_RESEARCH_EXPENSE,double,fundamental_quality_risk,accepted,valid_pit_silver,announcement_pit_feature,feature_candidate,true_after_notice_date,NOTICE_DATE or UPDATE_DATE plus conservative next-trading-day lag; REPORT_DATE alone forbidden,notice_lagged_latest|quarter_delta|ttm_proxy|ratio|rank_xsection|winsorize|sector_residual,high,G:\Project_V7_Rotation\data\cn_public_enrichment\cn_fundamental_akshare_fullA_silver_gold_pit_v1_20260603\silver_long\fundamental_profit_long.parquet,305568,,panelize_selected_ratios_into_nonminute_pit_context
fundamental_pit_silver,fundamental_profit_long,ME_RESEARCH_EXPENSE_YOY,double,fundamental_quality_risk,accepted,valid_pit_silver,announcement_pit_feature,feature_candidate,true_after_notice_date,NOTICE_DATE or UPDATE_DATE plus conservative next-trading-day lag; REPORT_DATE alone forbidden,notice_lagged_latest|quarter_delta|ttm_proxy|ratio|rank_xsection|winsorize|sector_residual,high,G:\Project_V7_Rotation\data\cn_public_enrichment\cn_fundamental_akshare_fullA_silver_gold_pit_v1_20260603\silver_long\fundamental_profit_long.parquet,305568,,panelize_selected_ratios_into_nonminute_pit_context
fundamental_pit_silver,fundamental_profit_long,FINANCE_EXPENSE,double,fundamental_quality_risk,accepted,valid_pit_silver,announcement_pit_feature,feature_candidate,true_after_notice_date,NOTICE_DATE or UPDATE_DATE plus conservative next-trading-day lag; REPORT_DATE alone forbidden,notice_lagged_latest|quarter_delta|ttm_proxy|ratio|rank_xsection|winsorize|sector_residual,high,G:\Project_V7_Rotation\data\cn_public_enrichment\cn_fundamental_akshare_fullA_silver_gold_pit_v1_20260603\silver_long\fundamental_profit_long.parquet,305568,,panelize_selected_ratios_into_nonminute_pit_context
fundamental_pit_silver,fundamental_profit_long,FINANCE_EXPENSE_YOY,double,fundamental_quality_risk,accepted,valid_pit_silver,announcement_pit_feature,feature_candidate,true_after_notice_date,NOTICE_DATE or UPDATE_DATE plus conservative next-trading-day lag; REPORT_DATE alone forbidden,notice_lagged_latest|quarter_delta|ttm_proxy|ratio|rank_xsection|winsorize|sector_residual,high,G:\Project_V7_Rotation\data\cn_public_enrichment\cn_fundamental_akshare_fullA_silver_gold_pit_v1_20260603\silver_long\fundamental_profit_long.parquet,305568,,panelize_selected_ratios_into_nonminute_pit_context
fundamental_pit_silver,fundamental_profit_long,FE_INTEREST_EXPENSE,double,fundamental_quality_risk,accepted,valid_pit_silver,announcement_pit_feature,feature_candidate,true_after_notice_date,NOTICE_DATE or UPDATE_DATE plus conservative next-trading-day lag; REPORT_DATE alone forbidden,notice_lagged_latest|quarter_delta|ttm_proxy|ratio|rank_xsection|winsorize|sector_residual,high,G:\Project_V7_Rotation\data\cn_public_enrichment\cn_fundamental_akshare_fullA_silver_gold_pit_v1_20260603\silver_long\fundamental_profit_long.parquet,305568,,panelize_selected_ratios_into_nonminute_pit_context
fundamental_pit_silver,fundamental_profit_long,FE_INTEREST_EXPENSE_YOY,double,fundamental_quality_risk,accepted,valid_pit_silver,announcement_pit_feature,feature_candidate,true_after_notice_date,NOTICE_DATE or UPDATE_DATE plus conservative next-trading-day lag; REPORT_DATE alone forbidden,notice_lagged_latest|quarter_delta|ttm_proxy|ratio|rank_xsection|winsorize|sector_residual,high,G:\Project_V7_Rotation\data\cn_public_enrichment\cn_fundamental_akshare_fullA_silver_gold_pit_v1_20260603\silver_long\fundamental_profit_long.parquet,305568,,panelize_selected_ratios_into_nonminute_pit_context
fundamental_pit_silver,fundamental_profit_long,FE_INTEREST_INCOME,double,fundamental_quality_risk,accepted,valid_pit_silver,announcement_pit_feature,feature_candidate,true_after_notice_date,NOTICE_DATE or UPDATE_DATE plus conservative next-trading-day lag; REPORT_DATE alone forbidden,notice_lagged_latest|quarter_delta|ttm_proxy|ratio|rank_xsection|winsorize|sector_residual,high,G:\Project_V7_Rotation\data\cn_public_enrichment\cn_fundamental_akshare_fullA_silver_gold_pit_v1_20260603\silver_long\fundamental_profit_long.parquet,305568,,panelize_selected_ratios_into_nonminute_pit_context
fundamental_pit_silver,fundamental_profit_long,FE_INTEREST_INCOME_YOY,double,fundamental_quality_risk,accepted,valid_pit_silver,announcement_pit_feature,feature_candidate,true_after_notice_date,NOTICE_DATE or UPDATE_DATE plus conservative next-trading-day lag; REPORT_DATE alone forbidden,notice_lagged_latest|quarter_delta|ttm_proxy|ratio|rank_xsection|winsorize|sector_residual,high,G:\Project_V7_Rotation\data\cn_public_enrichment\cn_fundamental_akshare_fullA_silver_gold_pit_v1_20260603\silver_long\fundamental_profit_long.parquet,305568,,panelize_selected_ratios_into_nonminute_pit_context
fundamental_pit_silver,fundamental_profit_long,ASSET_IMPAIRMENT_LOSS,double,fundamental_quality_risk,accepted,valid_pit_silver,announcement_pit_feature,feature_candidate,true_after_notice_date,NOTICE_DATE or UPDATE_DATE plus conservative next-trading-day lag; REPORT_DATE alone forbidden,notice_lagged_latest|quarter_delta|ttm_proxy|ratio|rank_xsection|winsorize|sector_residual,high,G:\Project_V7_Rotation\data\cn_public_enrichment\cn_fundamental_akshare_fullA_silver_gold_pit_v1_20260603\silver_long\fundamental_profit_long.parquet,305568,,panelize_selected_ratios_into_nonminute_pit_context
fundamental_pit_silver,fundamental_profit_long,ASSET_IMPAIRMENT_LOSS_YOY,double,fundamental_quality_risk,accepted,valid_pit_silver,announcement_pit_feature,feature_candidate,true_after_notice_date,NOTICE_DATE or UPDATE_DATE plus conservative next-trading-day lag; REPORT_DATE alone forbidden,notice_lagged_latest|quarter_delta|ttm_proxy|ratio|rank_xsection|winsorize|sector_residual,high,G:\Project_V7_Rotation\data\cn_public_enrichment\cn_fundamental_akshare_fullA_silver_gold_pit_v1_20260603\silver_long\fundamental_profit_long.parquet,305568,,panelize_selected_ratios_into_nonminute_pit_context
fundamental_pit_silver,fundamental_profit_long,CREDIT_IMPAIRMENT_LOSS,double,fundamental_quality_risk,accepted,valid_pit_silver,announcement_pit_feature,feature_candidate,true_after_notice_date,NOTICE_DATE or UPDATE_DATE plus conservative next-trading-day lag; REPORT_DATE alone forbidden,notice_lagged_latest|quarter_delta|ttm_proxy|ratio|rank_xsection|winsorize|sector_residual,high,G:\Project_V7_Rotation\data\cn_public_enrichment\cn_fundamental_akshare_fullA_silver_gold_pit_v1_20260603\silver_long\fundamental_profit_long.parquet,305568,,panelize_selected_ratios_into_nonminute_pit_context
fundamental_pit_silver,fundamental_profit_long,CREDIT_IMPAIRMENT_LOSS_YOY,double,fundamental_quality_risk,accepted,valid_pit_silver,announcement_pit_feature,feature_candidate,true_after_notice_date,NOTICE_DATE or UPDATE_DATE plus conservative next-trading-day lag; REPORT_DATE alone forbidden,notice_lagged_latest|quarter_delta|ttm_proxy|ratio|rank_xsection|winsorize|sector_residual,high,G:\Project_V7_Rotation\data\cn_public_enrichment\cn_fundamental_akshare_fullA_silver_gold_pit_v1_20260603\silver_long\fundamental_profit_long.parquet,305568,,panelize_selected_ratios_into_nonminute_pit_context
fundamental_pit_silver,fundamental_profit_long,TOC_OTHER,double,fundamental_quality_risk,accepted,valid_pit_silver,announcement_pit_feature,feature_candidate,true_after_notice_date,NOTICE_DATE or UPDATE_DATE plus conservative next-trading-day lag; REPORT_DATE alone forbidden,notice_lagged_latest|quarter_delta|ttm_proxy|ratio|rank_xsection|winsorize|sector_residual,high,G:\Project_V7_Rotation\data\cn_public_enrichment\cn_fundamental_akshare_fullA_silver_gold_pit_v1_20260603\silver_long\fundamental_profit_long.parquet,305568,,panelize_selected_ratios_into_nonminute_pit_context
fundamental_pit_silver,fundamental_profit_long,TOC_OTHER_YOY,double,fundamental_quality_risk,accepted,valid_pit_silver,announcement_pit_feature,feature_candidate,true_after_notice_date,NOTICE_DATE or UPDATE_DATE plus conservative next-trading-day lag; REPORT_DATE alone forbidden,notice_lagged_latest|quarter_delta|ttm_proxy|ratio|rank_xsection|winsorize|sector_residual,high,G:\Project_V7_Rotation\data\cn_public_enrichment\cn_fundamental_akshare_fullA_silver_gold_pit_v1_20260603\silver_long\fundamental_profit_long.parquet,305568,,panelize_selected_ratios_into_nonminute_pit_context
fundamental_pit_silver,fundamental_profit_long,FAIRVALUE_CHANGE_INCOME,double,fundamental_quality_risk,accepted,valid_pit_silver,announcement_pit_feature,feature_candidate,true_after_notice_date,NOTICE_DATE or UPDATE_DATE plus conservative next-trading-day lag; REPORT_DATE alone forbidden,notice_lagged_latest|quarter_delta|ttm_proxy|ratio|rank_xsection|winsorize|sector_residual,high,G:\Project_V7_Rotation\data\cn_public_enrichment\cn_fundamental_akshare_fullA_silver_gold_pit_v1_20260603\silver_long\fundamental_profit_long.parquet,305568,,panelize_selected_ratios_into_nonminute_pit_context
fundamental_pit_silver,fundamental_profit_long,FAIRVALUE_CHANGE_INCOME_YOY,double,fundamental_quality_risk,accepted,valid_pit_silver,announcement_pit_feature,feature_candidate,true_after_notice_date,NOTICE_DATE or UPDATE_DATE plus conservative next-trading-day lag; REPORT_DATE alone forbidden,notice_lagged_latest|quarter_delta|ttm_proxy|ratio|rank_xsection|winsorize|sector_residual,high,G:\Project_V7_Rotation\data\cn_public_enrichment\cn_fundamental_akshare_fullA_silver_gold_pit_v1_20260603\silver_long\fundamental_profit_long.parquet,305568,,panelize_selected_ratios_into_nonminute_pit_context
fundamental_pit_silver,fundamental_profit_long,INVEST_INCOME,double,fundamental_quality_risk,accepted,valid_pit_silver,announcement_pit_feature,feature_candidate,true_after_notice_date,NOTICE_DATE or UPDATE_DATE plus conservative next-trading-day lag; REPORT_DATE alone forbidden,notice_lagged_latest|quarter_delta|ttm_proxy|ratio|rank_xsection|winsorize|sector_residual,high,G:\Project_V7_Rotation\data\cn_public_enrichment\cn_fundamental_akshare_fullA_silver_gold_pit_v1_20260603\silver_long\fundamental_profit_long.parquet,305568,,panelize_selected_ratios_into_nonminute_pit_context
fundamental_pit_silver,fundamental_profit_long,INVEST_INCOME_YOY,double,fundamental_quality_risk,accepted,valid_pit_silver,announcement_pit_feature,feature_candidate,true_after_notice_date,NOTICE_DATE or UPDATE_DATE plus conservative next-trading-day lag; REPORT_DATE alone forbidden,notice_lagged_latest|quarter_delta|ttm_proxy|ratio|rank_xsection|winsorize|sector_residual,high,G:\Project_V7_Rotation\data\cn_public_enrichment\cn_fundamental_akshare_fullA_silver_gold_pit_v1_20260603\silver_long\fundamental_profit_long.parquet,305568,,panelize_selected_ratios_into_nonminute_pit_context
fundamental_pit_silver,fundamental_profit_long,INVEST_JOINT_INCOME,double,fundamental_quality_risk,accepted,valid_pit_silver,announcement_pit_feature,feature_candidate,true_after_notice_date,NOTICE_DATE or UPDATE_DATE plus conservative next-trading-day lag; REPORT_DATE alone forbidden,notice_lagged_latest|quarter_delta|ttm_proxy|ratio|rank_xsection|winsorize|sector_residual,high,G:\Project_V7_Rotation\data\cn_public_enrichment\cn_fundamental_akshare_fullA_silver_gold_pit_v1_20260603\silver_long\fundamental_profit_long.parquet,305568,,panelize_selected_ratios_into_nonminute_pit_context
fundamental_pit_silver,fundamental_profit_long,INVEST_JOINT_INCOME_YOY,double,fundamental_quality_risk,accepted,valid_pit_silver,announcement_pit_feature,feature_candidate,true_after_notice_date,NOTICE_DATE or UPDATE_DATE plus conservative next-trading-day lag; REPORT_DATE alone forbidden,notice_lagged_latest|quarter_delta|ttm_proxy|ratio|rank_xsection|winsorize|sector_residual,high,G:\Project_V7_Rotation\data\cn_public_enrichment\cn_fundamental_akshare_fullA_silver_gold_pit_v1_20260603\silver_long\fundamental_profit_long.parquet,305568,,panelize_selected_ratios_into_nonminute_pit_context
fundamental_pit_silver,fundamental_profit_long,NET_EXPOSURE_INCOME,double,fundamental_quality_risk,accepted,valid_pit_silver,announcement_pit_feature,feature_candidate,true_after_notice_date,NOTICE_DATE or UPDATE_DATE plus conservative next-trading-day lag; REPORT_DATE alone forbidden,notice_lagged_latest|quarter_delta|ttm_proxy|ratio|rank_xsection|winsorize|sector_residual,high,G:\Project_V7_Rotation\data\cn_public_enrichment\cn_fundamental_akshare_fullA_silver_gold_pit_v1_20260603\silver_long\fundamental_profit_long.parquet,305568,,panelize_selected_ratios_into_nonminute_pit_context
fundamental_pit_silver,fundamental_profit_long,NET_EXPOSURE_INCOME_YOY,double,fundamental_quality_risk,accepted,valid_pit_silver,announcement_pit_feature,feature_candidate,true_after_notice_date,NOTICE_DATE or UPDATE_DATE plus conservative next-trading-day lag; REPORT_DATE alone forbidden,notice_lagged_latest|quarter_delta|ttm_proxy|ratio|rank_xsection|winsorize|sector_residual,high,G:\Project_V7_Rotation\data\cn_public_enrichment\cn_fundamental_akshare_fullA_silver_gold_pit_v1_20260603\silver_long\fundamental_profit_long.parquet,305568,,panelize_selected_ratios_into_nonminute_pit_context
fundamental_pit_silver,fundamental_profit_long,EXCHANGE_INCOME,double,fundamental_quality_risk,accepted,valid_pit_silver,announcement_pit_feature,feature_candidate,true_after_notice_date,NOTICE_DATE or UPDATE_DATE plus conservative next-trading-day lag; REPORT_DATE alone forbidden,notice_lagged_latest|quarter_delta|ttm_proxy|ratio|rank_xsection|winsorize|sector_residual,high,G:\Project_V7_Rotation\data\cn_public_enrichment\cn_fundamental_akshare_fullA_silver_gold_pit_v1_20260603\silver_long\fundamental_profit_long.parquet,305568,,panelize_selected_ratios_into_nonminute_pit_context
fundamental_pit_silver,fundamental_profit_long,EXCHANGE_INCOME_YOY,double,fundamental_quality_risk,accepted,valid_pit_silver,announcement_pit_feature,feature_candidate,true_after_notice_date,NOTICE_DATE or UPDATE_DATE plus conservative next-trading-day lag; REPORT_DATE alone forbidden,notice_lagged_latest|quarter_delta|ttm_proxy|ratio|rank_xsection|winsorize|sector_residual,high,G:\Project_V7_Rotation\data\cn_public_enrichment\cn_fundamental_akshare_fullA_silver_gold_pit_v1_20260603\silver_long\fundamental_profit_long.parquet,305568,,panelize_selected_ratios_into_nonminute_pit_context
fundamental_pit_silver,fundamental_profit_long,ASSET_DISPOSAL_INCOME,double,fundamental_quality_risk,accepted,valid_pit_silver,announcement_pit_feature,feature_candidate,true_after_notice_date,NOTICE_DATE or UPDATE_DATE plus conservative next-trading-day lag; REPORT_DATE alone forbidden,notice_lagged_latest|quarter_delta|ttm_proxy|ratio|rank_xsection|winsorize|sector_residual,high,G:\Project_V7_Rotation\data\cn_public_enrichment\cn_fundamental_akshare_fullA_silver_gold_pit_v1_20260603\silver_long\fundamental_profit_long.parquet,305568,,panelize_selected_ratios_into_nonminute_pit_context
fundamental_pit_silver,fundamental_profit_long,ASSET_DISPOSAL_INCOME_YOY,double,fundamental_quality_risk,accepted,valid_pit_silver,announcement_pit_feature,feature_candidate,true_after_notice_date,NOTICE_DATE or UPDATE_DATE plus conservative next-trading-day lag; REPORT_DATE alone forbidden,notice_lagged_latest|quarter_delta|ttm_proxy|ratio|rank_xsection|winsorize|sector_residual,high,G:\Project_V7_Rotation\data\cn_public_enrichment\cn_fundamental_akshare_fullA_silver_gold_pit_v1_20260603\silver_long\fundamental_profit_long.parquet,305568,,panelize_selected_ratios_into_nonminute_pit_context
fundamental_pit_silver,fundamental_profit_long,ASSET_IMPAIRMENT_INCOME,double,fundamental_quality_risk,accepted,valid_pit_silver,announcement_pit_feature,feature_candidate,true_after_notice_date,NOTICE_DATE or UPDATE_DATE plus conservative next-trading-day lag; REPORT_DATE alone forbidden,notice_lagged_latest|quarter_delta|ttm_proxy|ratio|rank_xsection|winsorize|sector_residual,high,G:\Project_V7_Rotation\data\cn_public_enrichment\cn_fundamental_akshare_fullA_silver_gold_pit_v1_20260603\silver_long\fundamental_profit_long.parquet,305568,,panelize_selected_ratios_into_nonminute_pit_context
fundamental_pit_silver,fundamental_profit_long,ASSET_IMPAIRMENT_INCOME_YOY,double,fundamental_quality_risk,accepted,valid_pit_silver,announcement_pit_feature,feature_candidate,true_after_notice_date,NOTICE_DATE or UPDATE_DATE plus conservative next-trading-day lag; REPORT_DATE alone forbidden,notice_lagged_latest|quarter_delta|ttm_proxy|ratio|rank_xsection|winsorize|sector_residual,high,G:\Project_V7_Rotation\data\cn_public_enrichment\cn_fundamental_akshare_fullA_silver_gold_pit_v1_20260603\silver_long\fundamental_profit_long.parquet,305568,,panelize_selected_ratios_into_nonminute_pit_context
fundamental_pit_silver,fundamental_profit_long,CREDIT_IMPAIRMENT_INCOME,double,fundamental_quality_risk,accepted,valid_pit_silver,announcement_pit_feature,feature_candidate,true_after_notice_date,NOTICE_DATE or UPDATE_DATE plus conservative next-trading-day lag; REPORT_DATE alone forbidden,notice_lagged_latest|quarter_delta|ttm_proxy|ratio|rank_xsection|winsorize|sector_residual,high,G:\Project_V7_Rotation\data\cn_public_enrichment\cn_fundamental_akshare_fullA_silver_gold_pit_v1_20260603\silver_long\fundamental_profit_long.parquet,305568,,panelize_selected_ratios_into_nonminute_pit_context
fundamental_pit_silver,fundamental_profit_long,CREDIT_IMPAIRMENT_INCOME_YOY,double,fundamental_quality_risk,accepted,valid_pit_silver,announcement_pit_feature,feature_candidate,true_after_notice_date,NOTICE_DATE or UPDATE_DATE plus conservative next-trading-day lag; REPORT_DATE alone forbidden,notice_lagged_latest|quarter_delta|ttm_proxy|ratio|rank_xsection|winsorize|sector_residual,high,G:\Project_V7_Rotation\data\cn_public_enrichment\cn_fundamental_akshare_fullA_silver_gold_pit_v1_20260603\silver_long\fundamental_profit_long.parquet,305568,,panelize_selected_ratios_into_nonminute_pit_context
fundamental_pit_silver,fundamental_profit_long,OTHER_INCOME,double,fundamental_quality_risk,accepted,valid_pit_silver,announcement_pit_feature,feature_candidate,true_after_notice_date,NOTICE_DATE or UPDATE_DATE plus conservative next-trading-day lag; REPORT_DATE alone forbidden,notice_lagged_latest|quarter_delta|ttm_proxy|ratio|rank_xsection|winsorize|sector_residual,high,G:\Project_V7_Rotation\data\cn_public_enrichment\cn_fundamental_akshare_fullA_silver_gold_pit_v1_20260603\silver_long\fundamental_profit_long.parquet,305568,,panelize_selected_ratios_into_nonminute_pit_context
fundamental_pit_silver,fundamental_profit_long,OTHER_INCOME_YOY,double,fundamental_quality_risk,accepted,valid_pit_silver,announcement_pit_feature,feature_candidate,true_after_notice_date,NOTICE_DATE or UPDATE_DATE plus conservative next-trading-day lag; REPORT_DATE alone forbidden,notice_lagged_latest|quarter_delta|ttm_proxy|ratio|rank_xsection|winsorize|sector_residual,high,G:\Project_V7_Rotation\data\cn_public_enrichment\cn_fundamental_akshare_fullA_silver_gold_pit_v1_20260603\silver_long\fundamental_profit_long.parquet,305568,,panelize_selected_ratios_into_nonminute_pit_context
fundamental_pit_silver,fundamental_profit_long,OPERATE_PROFIT_OTHER,double,fundamental_quality_risk,accepted,valid_pit_silver,announcement_pit_feature,feature_candidate,true_after_notice_date,NOTICE_DATE or UPDATE_DATE plus conservative next-trading-day lag; REPORT_DATE alone forbidden,notice_lagged_latest|quarter_delta|ttm_proxy|ratio|rank_xsection|winsorize|sector_residual,high,G:\Project_V7_Rotation\data\cn_public_enrichment\cn_fundamental_akshare_fullA_silver_gold_pit_v1_20260603\silver_long\fundamental_profit_long.parquet,305568,,panelize_selected_ratios_into_nonminute_pit_context
fundamental_pit_silver,fundamental_profit_long,OPERATE_PROFIT_OTHER_YOY,double,fundamental_quality_risk,accepted,valid_pit_silver,announcement_pit_feature,feature_candidate,true_after_notice_date,NOTICE_DATE or UPDATE_DATE plus conservative next-trading-day lag; REPORT_DATE alone forbidden,notice_lagged_latest|quarter_delta|ttm_proxy|ratio|rank_xsection|winsorize|sector_residual,high,G:\Project_V7_Rotation\data\cn_public_enrichment\cn_fundamental_akshare_fullA_silver_gold_pit_v1_20260603\silver_long\fundamental_profit_long.parquet,305568,,panelize_selected_ratios_into_nonminute_pit_context
fundamental_pit_silver,fundamental_profit_long,OPERATE_PROFIT_BALANCE,double,fundamental_quality_risk,accepted,valid_pit_silver,announcement_pit_feature,feature_candidate,true_after_notice_date,NOTICE_DATE or UPDATE_DATE plus conservative next-trading-day lag; REPORT_DATE alone forbidden,notice_lagged_latest|quarter_delta|ttm_proxy|ratio|rank_xsection|winsorize|sector_residual,high,G:\Project_V7_Rotation\data\cn_public_enrichment\cn_fundamental_akshare_fullA_silver_gold_pit_v1_20260603\silver_long\fundamental_profit_long.parquet,305568,,panelize_selected_ratios_into_nonminute_pit_context
fundamental_pit_silver,fundamental_profit_long,OPERATE_PROFIT_BALANCE_YOY,double,fundamental_quality_risk,accepted,valid_pit_silver,announcement_pit_feature,feature_candidate,true_after_notice_date,NOTICE_DATE or UPDATE_DATE plus conservative next-trading-day lag; REPORT_DATE alone forbidden,notice_lagged_latest|quarter_delta|ttm_proxy|ratio|rank_xsection|winsorize|sector_residual,high,G:\Project_V7_Rotation\data\cn_public_enrichment\cn_fundamental_akshare_fullA_silver_gold_pit_v1_20260603\silver_long\fundamental_profit_long.parquet,305568,,panelize_selected_ratios_into_nonminute_pit_context
fundamental_pit_silver,fundamental_profit_long,OPERATE_PROFIT,double,fundamental_quality_risk,accepted,valid_pit_silver,announcement_pit_feature,feature_candidate,true_after_notice_date,NOTICE_DATE or UPDATE_DATE plus conservative next-trading-day lag; REPORT_DATE alone forbidden,notice_lagged_latest|quarter_delta|ttm_proxy|ratio|rank_xsection|winsorize|sector_residual,high,G:\Project_V7_Rotation\data\cn_public_enrichment\cn_fundamental_akshare_fullA_silver_gold_pit_v1_20260603\silver_long\fundamental_profit_long.parquet,305568,,panelize_selected_ratios_into_nonminute_pit_context
fundamental_pit_silver,fundamental_profit_long,OPERATE_PROFIT_YOY,double,fundamental_quality_risk,accepted,valid_pit_silver,announcement_pit_feature,feature_candidate,true_after_notice_date,NOTICE_DATE or UPDATE_DATE plus conservative next-trading-day lag; REPORT_DATE alone forbidden,notice_lagged_latest|quarter_delta|ttm_proxy|ratio|rank_xsection|winsorize|sector_residual,high,G:\Project_V7_Rotation\data\cn_public_enrichment\cn_fundamental_akshare_fullA_silver_gold_pit_v1_20260603\silver_long\fundamental_profit_long.parquet,305568,,panelize_selected_ratios_into_nonminute_pit_context
fundamental_pit_silver,fundamental_profit_long,NONBUSINESS_INCOME,double,fundamental_quality_risk,accepted,valid_pit_silver,announcement_pit_feature,feature_candidate,true_after_notice_date,NOTICE_DATE or UPDATE_DATE plus conservative next-trading-day lag; REPORT_DATE alone forbidden,notice_lagged_latest|quarter_delta|ttm_proxy|ratio|rank_xsection|winsorize|sector_residual,high,G:\Project_V7_Rotation\data\cn_public_enrichment\cn_fundamental_akshare_fullA_silver_gold_pit_v1_20260603\silver_long\fundamental_profit_long.parquet,305568,,panelize_selected_ratios_into_nonminute_pit_context
fundamental_pit_silver,fundamental_profit_long,NONBUSINESS_INCOME_YOY,double,fundamental_quality_risk,accepted,valid_pit_silver,announcement_pit_feature,feature_candidate,true_after_notice_date,NOTICE_DATE or UPDATE_DATE plus conservative next-trading-day lag; REPORT_DATE alone forbidden,notice_lagged_latest|quarter_delta|ttm_proxy|ratio|rank_xsection|winsorize|sector_residual,high,G:\Project_V7_Rotation\data\cn_public_enrichment\cn_fundamental_akshare_fullA_silver_gold_pit_v1_20260603\silver_long\fundamental_profit_long.parquet,305568,,panelize_selected_ratios_into_nonminute_pit_context
fundamental_pit_silver,fundamental_profit_long,NONCURRENT_DISPOSAL_INCOME,double,fundamental_quality_risk,accepted,valid_pit_silver,announcement_pit_feature,feature_candidate,true_after_notice_date,NOTICE_DATE or UPDATE_DATE plus conservative next-trading-day lag; REPORT_DATE alone forbidden,notice_lagged_latest|quarter_delta|ttm_proxy|ratio|rank_xsection|winsorize|sector_residual,high,G:\Project_V7_Rotation\data\cn_public_enrichment\cn_fundamental_akshare_fullA_silver_gold_pit_v1_20260603\silver_long\fundamental_profit_long.parquet,305568,,panelize_selected_ratios_into_nonminute_pit_context
fundamental_pit_silver,fundamental_profit_long,NONCURRENT_DISPOSAL_INCOME_YOY,double,fundamental_quality_risk,accepted,valid_pit_silver,announcement_pit_feature,feature_candidate,true_after_notice_date,NOTICE_DATE or UPDATE_DATE plus conservative next-trading-day lag; REPORT_DATE alone forbidden,notice_lagged_latest|quarter_delta|ttm_proxy|ratio|rank_xsection|winsorize|sector_residual,high,G:\Project_V7_Rotation\data\cn_public_enrichment\cn_fundamental_akshare_fullA_silver_gold_pit_v1_20260603\silver_long\fundamental_profit_long.parquet,305568,,panelize_selected_ratios_into_nonminute_pit_context
fundamental_pit_silver,fundamental_profit_long,NONBUSINESS_EXPENSE,double,fundamental_quality_risk,accepted,valid_pit_silver,announcement_pit_feature,feature_candidate,true_after_notice_date,NOTICE_DATE or UPDATE_DATE plus conservative next-trading-day lag; REPORT_DATE alone forbidden,notice_lagged_latest|quarter_delta|ttm_proxy|ratio|rank_xsection|winsorize|sector_residual,high,G:\Project_V7_Rotation\data\cn_public_enrichment\cn_fundamental_akshare_fullA_silver_gold_pit_v1_20260603\silver_long\fundamental_profit_long.parquet,305568,,panelize_selected_ratios_into_nonminute_pit_context
fundamental_pit_silver,fundamental_profit_long,NONBUSINESS_EXPENSE_YOY,double,fundamental_quality_risk,accepted,valid_pit_silver,announcement_pit_feature,feature_candidate,true_after_notice_date,NOTICE_DATE or UPDATE_DATE plus conservative next-trading-day lag; REPORT_DATE alone forbidden,notice_lagged_latest|quarter_delta|ttm_proxy|ratio|rank_xsection|winsorize|sector_residual,high,G:\Project_V7_Rotation\data\cn_public_enrichment\cn_fundamental_akshare_fullA_silver_gold_pit_v1_20260603\silver_long\fundamental_profit_long.parquet,305568,,panelize_selected_ratios_into_nonminute_pit_context
fundamental_pit_silver,fundamental_profit_long,NONCURRENT_DISPOSAL_LOSS,double,fundamental_quality_risk,accepted,valid_pit_silver,announcement_pit_feature,feature_candidate,true_after_notice_date,NOTICE_DATE or UPDATE_DATE plus conservative next-trading-day lag; REPORT_DATE alone forbidden,notice_lagged_latest|quarter_delta|ttm_proxy|ratio|rank_xsection|winsorize|sector_residual,high,G:\Project_V7_Rotation\data\cn_public_enrichment\cn_fundamental_akshare_fullA_silver_gold_pit_v1_20260603\silver_long\fundamental_profit_long.parquet,305568,,panelize_selected_ratios_into_nonminute_pit_context
fundamental_pit_silver,fundamental_profit_long,NONCURRENT_DISPOSAL_LOSS_YOY,double,fundamental_quality_risk,accepted,valid_pit_silver,announcement_pit_feature,feature_candidate,true_after_notice_date,NOTICE_DATE or UPDATE_DATE plus conservative next-trading-day lag; REPORT_DATE alone forbidden,notice_lagged_latest|quarter_delta|ttm_proxy|ratio|rank_xsection|winsorize|sector_residual,high,G:\Project_V7_Rotation\data\cn_public_enrichment\cn_fundamental_akshare_fullA_silver_gold_pit_v1_20260603\silver_long\fundamental_profit_long.parquet,305568,,panelize_selected_ratios_into_nonminute_pit_context
fundamental_pit_silver,fundamental_profit_long,EFFECT_TP_OTHER,double,fundamental_quality_risk,accepted,valid_pit_silver,announcement_pit_feature,feature_candidate,true_after_notice_date,NOTICE_DATE or UPDATE_DATE plus conservative next-trading-day lag; REPORT_DATE alone forbidden,notice_lagged_latest|quarter_delta|ttm_proxy|ratio|rank_xsection|winsorize|sector_residual,high,G:\Project_V7_Rotation\data\cn_public_enrichment\cn_fundamental_akshare_fullA_silver_gold_pit_v1_20260603\silver_long\fundamental_profit_long.parquet,305568,,panelize_selected_ratios_into_nonminute_pit_context
fundamental_pit_silver,fundamental_profit_long,EFFECT_TP_OTHER_YOY,double,fundamental_quality_risk,accepted,valid_pit_silver,announcement_pit_feature,feature_candidate,true_after_notice_date,NOTICE_DATE or UPDATE_DATE plus conservative next-trading-day lag; REPORT_DATE alone forbidden,notice_lagged_latest|quarter_delta|ttm_proxy|ratio|rank_xsection|winsorize|sector_residual,high,G:\Project_V7_Rotation\data\cn_public_enrichment\cn_fundamental_akshare_fullA_silver_gold_pit_v1_20260603\silver_long\fundamental_profit_long.parquet,305568,,panelize_selected_ratios_into_nonminute_pit_context
fundamental_pit_silver,fundamental_profit_long,TOTAL_PROFIT_BALANCE,double,fundamental_quality_risk,accepted,valid_pit_silver,announcement_pit_feature,feature_candidate,true_after_notice_date,NOTICE_DATE or UPDATE_DATE plus conservative next-trading-day lag; REPORT_DATE alone forbidden,notice_lagged_latest|quarter_delta|ttm_proxy|ratio|rank_xsection|winsorize|sector_residual,high,G:\Project_V7_Rotation\data\cn_public_enrichment\cn_fundamental_akshare_fullA_silver_gold_pit_v1_20260603\silver_long\fundamental_profit_long.parquet,305568,,panelize_selected_ratios_into_nonminute_pit_context
fundamental_pit_silver,fundamental_profit_long,TOTAL_PROFIT_BALANCE_YOY,double,fundamental_quality_risk,accepted,valid_pit_silver,announcement_pit_feature,feature_candidate,true_after_notice_date,NOTICE_DATE or UPDATE_DATE plus conservative next-trading-day lag; REPORT_DATE alone forbidden,notice_lagged_latest|quarter_delta|ttm_proxy|ratio|rank_xsection|winsorize|sector_residual,high,G:\Project_V7_Rotation\data\cn_public_enrichment\cn_fundamental_akshare_fullA_silver_gold_pit_v1_20260603\silver_long\fundamental_profit_long.parquet,305568,,panelize_selected_ratios_into_nonminute_pit_context
fundamental_pit_silver,fundamental_profit_long,TOTAL_PROFIT,double,fundamental_quality_risk,accepted,valid_pit_silver,announcement_pit_feature,feature_candidate,true_after_notice_date,NOTICE_DATE or UPDATE_DATE plus conservative next-trading-day lag; REPORT_DATE alone forbidden,notice_lagged_latest|quarter_delta|ttm_proxy|ratio|rank_xsection|winsorize|sector_residual,high,G:\Project_V7_Rotation\data\cn_public_enrichment\cn_fundamental_akshare_fullA_silver_gold_pit_v1_20260603\silver_long\fundamental_profit_long.parquet,305568,,panelize_selected_ratios_into_nonminute_pit_context
fundamental_pit_silver,fundamental_profit_long,TOTAL_PROFIT_YOY,double,fundamental_quality_risk,accepted,valid_pit_silver,announcement_pit_feature,feature_candidate,true_after_notice_date,NOTICE_DATE or UPDATE_DATE plus conservative next-trading-day lag; REPORT_DATE alone forbidden,notice_lagged_latest|quarter_delta|ttm_proxy|ratio|rank_xsection|winsorize|sector_residual,high,G:\Project_V7_Rotation\data\cn_public_enrichment\cn_fundamental_akshare_fullA_silver_gold_pit_v1_20260603\silver_long\fundamental_profit_long.parquet,305568,,panelize_selected_ratios_into_nonminute_pit_context
fundamental_pit_silver,fundamental_profit_long,INCOME_TAX,double,fundamental_quality_risk,accepted,valid_pit_silver,announcement_pit_feature,feature_candidate,true_after_notice_date,NOTICE_DATE or UPDATE_DATE plus conservative next-trading-day lag; REPORT_DATE alone forbidden,notice_lagged_latest|quarter_delta|ttm_proxy|ratio|rank_xsection|winsorize|sector_residual,high,G:\Project_V7_Rotation\data\cn_public_enrichment\cn_fundamental_akshare_fullA_silver_gold_pit_v1_20260603\silver_long\fundamental_profit_long.parquet,305568,,panelize_selected_ratios_into_nonminute_pit_context
fundamental_pit_silver,fundamental_profit_long,INCOME_TAX_YOY,double,fundamental_quality_risk,accepted,valid_pit_silver,announcement_pit_feature,feature_candidate,true_after_notice_date,NOTICE_DATE or UPDATE_DATE plus conservative next-trading-day lag; REPORT_DATE alone forbidden,notice_lagged_latest|quarter_delta|ttm_proxy|ratio|rank_xsection|winsorize|sector_residual,high,G:\Project_V7_Rotation\data\cn_public_enrichment\cn_fundamental_akshare_fullA_silver_gold_pit_v1_20260603\silver_long\fundamental_profit_long.parquet,305568,,panelize_selected_ratios_into_nonminute_pit_context
fundamental_pit_silver,fundamental_profit_long,EFFECT_NETPROFIT_OTHER,double,fundamental_quality_risk,accepted,valid_pit_silver,announcement_pit_feature,feature_candidate,true_after_notice_date,NOTICE_DATE or UPDATE_DATE plus conservative next-trading-day lag; REPORT_DATE alone forbidden,notice_lagged_latest|quarter_delta|ttm_proxy|ratio|rank_xsection|winsorize|sector_residual,high,G:\Project_V7_Rotation\data\cn_public_enrichment\cn_fundamental_akshare_fullA_silver_gold_pit_v1_20260603\silver_long\fundamental_profit_long.parquet,305568,,panelize_selected_ratios_into_nonminute_pit_context
fundamental_pit_silver,fundamental_profit_long,EFFECT_NETPROFIT_OTHER_YOY,double,fundamental_quality_risk,accepted,valid_pit_silver,announcement_pit_feature,feature_candidate,true_after_notice_date,NOTICE_DATE or UPDATE_DATE plus conservative next-trading-day lag; REPORT_DATE alone forbidden,notice_lagged_latest|quarter_delta|ttm_proxy|ratio|rank_xsection|winsorize|sector_residual,high,G:\Project_V7_Rotation\data\cn_public_enrichment\cn_fundamental_akshare_fullA_silver_gold_pit_v1_20260603\silver_long\fundamental_profit_long.parquet,305568,,panelize_selected_ratios_into_nonminute_pit_context
fundamental_pit_silver,fundamental_profit_long,EFFECT_NETPROFIT_BALANCE,double,fundamental_quality_risk,accepted,valid_pit_silver,announcement_pit_feature,feature_candidate,true_after_notice_date,NOTICE_DATE or UPDATE_DATE plus conservative next-trading-day lag; REPORT_DATE alone forbidden,notice_lagged_latest|quarter_delta|ttm_proxy|ratio|rank_xsection|winsorize|sector_residual,high,G:\Project_V7_Rotation\data\cn_public_enrichment\cn_fundamental_akshare_fullA_silver_gold_pit_v1_20260603\silver_long\fundamental_profit_long.parquet,305568,,panelize_selected_ratios_into_nonminute_pit_context
fundamental_pit_silver,fundamental_profit_long,EFFECT_NETPROFIT_BALANCE_YOY,double,fundamental_quality_risk,accepted,valid_pit_silver,announcement_pit_feature,feature_candidate,true_after_notice_date,NOTICE_DATE or UPDATE_DATE plus conservative next-trading-day lag; REPORT_DATE alone forbidden,notice_lagged_latest|quarter_delta|ttm_proxy|ratio|rank_xsection|winsorize|sector_residual,high,G:\Project_V7_Rotation\data\cn_public_enrichment\cn_fundamental_akshare_fullA_silver_gold_pit_v1_20260603\silver_long\fundamental_profit_long.parquet,305568,,panelize_selected_ratios_into_nonminute_pit_context
fundamental_pit_silver,fundamental_profit_long,UNCONFIRM_INVEST_LOSS,double,fundamental_quality_risk,accepted,valid_pit_silver,announcement_pit_feature,feature_candidate,true_after_notice_date,NOTICE_DATE or UPDATE_DATE plus conservative next-trading-day lag; REPORT_DATE alone forbidden,notice_lagged_latest|quarter_delta|ttm_proxy|ratio|rank_xsection|winsorize|sector_residual,high,G:\Project_V7_Rotation\data\cn_public_enrichment\cn_fundamental_akshare_fullA_silver_gold_pit_v1_20260603\silver_long\fundamental_profit_long.parquet,305568,,panelize_selected_ratios_into_nonminute_pit_context
fundamental_pit_silver,fundamental_profit_long,UNCONFIRM_INVEST_LOSS_YOY,double,fundamental_quality_risk,accepted,valid_pit_silver,announcement_pit_feature,feature_candidate,true_after_notice_date,NOTICE_DATE or UPDATE_DATE plus conservative next-trading-day lag; REPORT_DATE alone forbidden,notice_lagged_latest|quarter_delta|ttm_proxy|ratio|rank_xsection|winsorize|sector_residual,high,G:\Project_V7_Rotation\data\cn_public_enrichment\cn_fundamental_akshare_fullA_silver_gold_pit_v1_20260603\silver_long\fundamental_profit_long.parquet,305568,,panelize_selected_ratios_into_nonminute_pit_context
fundamental_pit_silver,fundamental_profit_long,NETPROFIT,double,fundamental_quality_risk,accepted,valid_pit_silver,announcement_pit_feature,feature_candidate,true_after_notice_date,NOTICE_DATE or UPDATE_DATE plus conservative next-trading-day lag; REPORT_DATE alone forbidden,notice_lagged_latest|quarter_delta|ttm_proxy|ratio|rank_xsection|winsorize|sector_residual,high,G:\Project_V7_Rotation\data\cn_public_enrichment\cn_fundamental_akshare_fullA_silver_gold_pit_v1_20260603\silver_long\fundamental_profit_long.parquet,305568,,panelize_selected_ratios_into_nonminute_pit_context
fundamental_pit_silver,fundamental_profit_long,NETPROFIT_YOY,double,fundamental_quality_risk,accepted,valid_pit_silver,announcement_pit_feature,feature_candidate,true_after_notice_date,NOTICE_DATE or UPDATE_DATE plus conservative next-trading-day lag; REPORT_DATE alone forbidden,notice_lagged_latest|quarter_delta|ttm_proxy|ratio|rank_xsection|winsorize|sector_residual,high,G:\Project_V7_Rotation\data\cn_public_enrichment\cn_fundamental_akshare_fullA_silver_gold_pit_v1_20260603\silver_long\fundamental_profit_long.parquet,305568,,panelize_selected_ratios_into_nonminute_pit_context
fundamental_pit_silver,fundamental_profit_long,PRECOMBINE_PROFIT,double,fundamental_quality_risk,accepted,valid_pit_silver,announcement_pit_feature,feature_candidate,true_after_notice_date,NOTICE_DATE or UPDATE_DATE plus conservative next-trading-day lag; REPORT_DATE alone forbidden,notice_lagged_latest|quarter_delta|ttm_proxy|ratio|rank_xsection|winsorize|sector_residual,high,G:\Project_V7_Rotation\data\cn_public_enrichment\cn_fundamental_akshare_fullA_silver_gold_pit_v1_20260603\silver_long\fundamental_profit_long.parquet,305568,,panelize_selected_ratios_into_nonminute_pit_context
fundamental_pit_silver,fundamental_profit_long,PRECOMBINE_PROFIT_YOY,double,fundamental_quality_risk,accepted,valid_pit_silver,announcement_pit_feature,feature_candidate,true_after_notice_date,NOTICE_DATE or UPDATE_DATE plus conservative next-trading-day lag; REPORT_DATE alone forbidden,notice_lagged_latest|quarter_delta|ttm_proxy|ratio|rank_xsection|winsorize|sector_residual,high,G:\Project_V7_Rotation\data\cn_public_enrichment\cn_fundamental_akshare_fullA_silver_gold_pit_v1_20260603\silver_long\fundamental_profit_long.parquet,305568,,panelize_selected_ratios_into_nonminute_pit_context
fundamental_pit_silver,fundamental_profit_long,CONTINUED_NETPROFIT,double,fundamental_quality_risk,accepted,valid_pit_silver,announcement_pit_feature,feature_candidate,true_after_notice_date,NOTICE_DATE or UPDATE_DATE plus conservative next-trading-day lag; REPORT_DATE alone forbidden,notice_lagged_latest|quarter_delta|ttm_proxy|ratio|rank_xsection|winsorize|sector_residual,high,G:\Project_V7_Rotation\data\cn_public_enrichment\cn_fundamental_akshare_fullA_silver_gold_pit_v1_20260603\silver_long\fundamental_profit_long.parquet,305568,,panelize_selected_ratios_into_nonminute_pit_context
fundamental_pit_silver,fundamental_profit_long,CONTINUED_NETPROFIT_YOY,double,fundamental_quality_risk,accepted,valid_pit_silver,announcement_pit_feature,feature_candidate,true_after_notice_date,NOTICE_DATE or UPDATE_DATE plus conservative next-trading-day lag; REPORT_DATE alone forbidden,notice_lagged_latest|quarter_delta|ttm_proxy|ratio|rank_xsection|winsorize|sector_residual,high,G:\Project_V7_Rotation\data\cn_public_enrichment\cn_fundamental_akshare_fullA_silver_gold_pit_v1_20260603\silver_long\fundamental_profit_long.parquet,305568,,panelize_selected_ratios_into_nonminute_pit_context
fundamental_pit_silver,fundamental_profit_long,DISCONTINUED_NETPROFIT,double,fundamental_quality_risk,accepted,valid_pit_silver,announcement_pit_feature,feature_candidate,true_after_notice_date,NOTICE_DATE or UPDATE_DATE plus conservative next-trading-day lag; REPORT_DATE alone forbidden,notice_lagged_latest|quarter_delta|ttm_proxy|ratio|rank_xsection|winsorize|sector_residual,high,G:\Project_V7_Rotation\data\cn_public_enrichment\cn_fundamental_akshare_fullA_silver_gold_pit_v1_20260603\silver_long\fundamental_profit_long.parquet,305568,,panelize_selected_ratios_into_nonminute_pit_context
fundamental_pit_silver,fundamental_profit_long,DISCONTINUED_NETPROFIT_YOY,double,fundamental_quality_risk,accepted,valid_pit_silver,announcement_pit_feature,feature_candidate,true_after_notice_date,NOTICE_DATE or UPDATE_DATE plus conservative next-trading-day lag; REPORT_DATE alone forbidden,notice_lagged_latest|quarter_delta|ttm_proxy|ratio|rank_xsection|winsorize|sector_residual,high,G:\Project_V7_Rotation\data\cn_public_enrichment\cn_fundamental_akshare_fullA_silver_gold_pit_v1_20260603\silver_long\fundamental_profit_long.parquet,305568,,panelize_selected_ratios_into_nonminute_pit_context
fundamental_pit_silver,fundamental_profit_long,PARENT_NETPROFIT,double,fundamental_quality_risk,accepted,valid_pit_silver,announcement_pit_feature,feature_candidate,true_after_notice_date,NOTICE_DATE or UPDATE_DATE plus conservative next-trading-day lag; REPORT_DATE alone forbidden,notice_lagged_latest|quarter_delta|ttm_proxy|ratio|rank_xsection|winsorize|sector_residual,high,G:\Project_V7_Rotation\data\cn_public_enrichment\cn_fundamental_akshare_fullA_silver_gold_pit_v1_20260603\silver_long\fundamental_profit_long.parquet,305568,,panelize_selected_ratios_into_nonminute_pit_context
fundamental_pit_silver,fundamental_profit_long,PARENT_NETPROFIT_YOY,double,fundamental_quality_risk,accepted,valid_pit_silver,announcement_pit_feature,feature_candidate,true_after_notice_date,NOTICE_DATE or UPDATE_DATE plus conservative next-trading-day lag; REPORT_DATE alone forbidden,notice_lagged_latest|quarter_delta|ttm_proxy|ratio|rank_xsection|winsorize|sector_residual,high,G:\Project_V7_Rotation\data\cn_public_enrichment\cn_fundamental_akshare_fullA_silver_gold_pit_v1_20260603\silver_long\fundamental_profit_long.parquet,305568,,panelize_selected_ratios_into_nonminute_pit_context
fundamental_pit_silver,fundamental_profit_long,MINORITY_INTEREST,double,fundamental_quality_risk,accepted,valid_pit_silver,announcement_pit_feature,feature_candidate,true_after_notice_date,NOTICE_DATE or UPDATE_DATE plus conservative next-trading-day lag; REPORT_DATE alone forbidden,notice_lagged_latest|quarter_delta|ttm_proxy|ratio|rank_xsection|winsorize|sector_residual,high,G:\Project_V7_Rotation\data\cn_public_enrichment\cn_fundamental_akshare_fullA_silver_gold_pit_v1_20260603\silver_long\fundamental_profit_long.parquet,305568,,panelize_selected_ratios_into_nonminute_pit_context
fundamental_pit_silver,fundamental_profit_long,MINORITY_INTEREST_YOY,double,fundamental_quality_risk,accepted,valid_pit_silver,announcement_pit_feature,feature_candidate,true_after_notice_date,NOTICE_DATE or UPDATE_DATE plus conservative next-trading-day lag; REPORT_DATE alone forbidden,notice_lagged_latest|quarter_delta|ttm_proxy|ratio|rank_xsection|winsorize|sector_residual,high,G:\Project_V7_Rotation\data\cn_public_enrichment\cn_fundamental_akshare_fullA_silver_gold_pit_v1_20260603\silver_long\fundamental_profit_long.parquet,305568,,panelize_selected_ratios_into_nonminute_pit_context
fundamental_pit_silver,fundamental_profit_long,DEDUCT_PARENT_NETPROFIT,double,fundamental_quality_risk,accepted,valid_pit_silver,announcement_pit_feature,feature_candidate,true_after_notice_date,NOTICE_DATE or UPDATE_DATE plus conservative next-trading-day lag; REPORT_DATE alone forbidden,notice_lagged_latest|quarter_delta|ttm_proxy|ratio|rank_xsection|winsorize|sector_residual,high,G:\Project_V7_Rotation\data\cn_public_enrichment\cn_fundamental_akshare_fullA_silver_gold_pit_v1_20260603\silver_long\fundamental_profit_long.parquet,305568,,panelize_selected_ratios_into_nonminute_pit_context
fundamental_pit_silver,fundamental_profit_long,DEDUCT_PARENT_NETPROFIT_YOY,double,fundamental_quality_risk,accepted,valid_pit_silver,announcement_pit_feature,feature_candidate,true_after_notice_date,NOTICE_DATE or UPDATE_DATE plus conservative next-trading-day lag; REPORT_DATE alone forbidden,notice_lagged_latest|quarter_delta|ttm_proxy|ratio|rank_xsection|winsorize|sector_residual,high,G:\Project_V7_Rotation\data\cn_public_enrichment\cn_fundamental_akshare_fullA_silver_gold_pit_v1_20260603\silver_long\fundamental_profit_long.parquet,305568,,panelize_selected_ratios_into_nonminute_pit_context
fundamental_pit_silver,fundamental_profit_long,NETPROFIT_OTHER,double,fundamental_quality_risk,accepted,valid_pit_silver,announcement_pit_feature,feature_candidate,true_after_notice_date,NOTICE_DATE or UPDATE_DATE plus conservative next-trading-day lag; REPORT_DATE alone forbidden,notice_lagged_latest|quarter_delta|ttm_proxy|ratio|rank_xsection|winsorize|sector_residual,high,G:\Project_V7_Rotation\data\cn_public_enrichment\cn_fundamental_akshare_fullA_silver_gold_pit_v1_20260603\silver_long\fundamental_profit_long.parquet,305568,,panelize_selected_ratios_into_nonminute_pit_context
fundamental_pit_silver,fundamental_profit_long,NETPROFIT_OTHER_YOY,double,fundamental_quality_risk,accepted,valid_pit_silver,announcement_pit_feature,feature_candidate,true_after_notice_date,NOTICE_DATE or UPDATE_DATE plus conservative next-trading-day lag; REPORT_DATE alone forbidden,notice_lagged_latest|quarter_delta|ttm_proxy|ratio|rank_xsection|winsorize|sector_residual,high,G:\Project_V7_Rotation\data\cn_public_enrichment\cn_fundamental_akshare_fullA_silver_gold_pit_v1_20260603\silver_long\fundamental_profit_long.parquet,305568,,panelize_selected_ratios_into_nonminute_pit_context
fundamental_pit_silver,fundamental_profit_long,NETPROFIT_BALANCE,double,fundamental_quality_risk,accepted,valid_pit_silver,announcement_pit_feature,feature_candidate,true_after_notice_date,NOTICE_DATE or UPDATE_DATE plus conservative next-trading-day lag; REPORT_DATE alone forbidden,notice_lagged_latest|quarter_delta|ttm_proxy|ratio|rank_xsection|winsorize|sector_residual,high,G:\Project_V7_Rotation\data\cn_public_enrichment\cn_fundamental_akshare_fullA_silver_gold_pit_v1_20260603\silver_long\fundamental_profit_long.parquet,305568,,panelize_selected_ratios_into_nonminute_pit_context
fundamental_pit_silver,fundamental_profit_long,NETPROFIT_BALANCE_YOY,double,fundamental_quality_risk,accepted,valid_pit_silver,announcement_pit_feature,feature_candidate,true_after_notice_date,NOTICE_DATE or UPDATE_DATE plus conservative next-trading-day lag; REPORT_DATE alone forbidden,notice_lagged_latest|quarter_delta|ttm_proxy|ratio|rank_xsection|winsorize|sector_residual,high,G:\Project_V7_Rotation\data\cn_public_enrichment\cn_fundamental_akshare_fullA_silver_gold_pit_v1_20260603\silver_long\fundamental_profit_long.parquet,305568,,panelize_selected_ratios_into_nonminute_pit_context
fundamental_pit_silver,fundamental_profit_long,BASIC_EPS,double,fundamental_quality_risk,accepted,valid_pit_silver,announcement_pit_feature,feature_candidate,true_after_notice_date,NOTICE_DATE or UPDATE_DATE plus conservative next-trading-day lag; REPORT_DATE alone forbidden,notice_lagged_latest|quarter_delta|ttm_proxy|ratio|rank_xsection|winsorize|sector_residual,high,G:\Project_V7_Rotation\data\cn_public_enrichment\cn_fundamental_akshare_fullA_silver_gold_pit_v1_20260603\silver_long\fundamental_profit_long.parquet,305568,,panelize_selected_ratios_into_nonminute_pit_context
fundamental_pit_silver,fundamental_profit_long,BASIC_EPS_YOY,double,fundamental_quality_risk,accepted,valid_pit_silver,announcement_pit_feature,feature_candidate,true_after_notice_date,NOTICE_DATE or UPDATE_DATE plus conservative next-trading-day lag; REPORT_DATE alone forbidden,notice_lagged_latest|quarter_delta|ttm_proxy|ratio|rank_xsection|winsorize|sector_residual,high,G:\Project_V7_Rotation\data\cn_public_enrichment\cn_fundamental_akshare_fullA_silver_gold_pit_v1_20260603\silver_long\fundamental_profit_long.parquet,305568,,panelize_selected_ratios_into_nonminute_pit_context
fundamental_pit_silver,fundamental_profit_long,DILUTED_EPS,double,fundamental_quality_risk,accepted,valid_pit_silver,announcement_pit_feature,feature_candidate,true_after_notice_date,NOTICE_DATE or UPDATE_DATE plus conservative next-trading-day lag; REPORT_DATE alone forbidden,notice_lagged_latest|quarter_delta|ttm_proxy|ratio|rank_xsection|winsorize|sector_residual,high,G:\Project_V7_Rotation\data\cn_public_enrichment\cn_fundamental_akshare_fullA_silver_gold_pit_v1_20260603\silver_long\fundamental_profit_long.parquet,305568,,panelize_selected_ratios_into_nonminute_pit_context
fundamental_pit_silver,fundamental_profit_long,DILUTED_EPS_YOY,double,fundamental_quality_risk,accepted,valid_pit_silver,announcement_pit_feature,feature_candidate,true_after_notice_date,NOTICE_DATE or UPDATE_DATE plus conservative next-trading-day lag; REPORT_DATE alone forbidden,notice_lagged_latest|quarter_delta|ttm_proxy|ratio|rank_xsection|winsorize|sector_residual,high,G:\Project_V7_Rotation\data\cn_public_enrichment\cn_fundamental_akshare_fullA_silver_gold_pit_v1_20260603\silver_long\fundamental_profit_long.parquet,305568,,panelize_selected_ratios_into_nonminute_pit_context
fundamental_pit_silver,fundamental_profit_long,OTHER_COMPRE_INCOME,double,fundamental_quality_risk,accepted,valid_pit_silver,announcement_pit_feature,feature_candidate,true_after_notice_date,NOTICE_DATE or UPDATE_DATE plus conservative next-trading-day lag; REPORT_DATE alone forbidden,notice_lagged_latest|quarter_delta|ttm_proxy|ratio|rank_xsection|winsorize|sector_residual,high,G:\Project_V7_Rotation\data\cn_public_enrichment\cn_fundamental_akshare_fullA_silver_gold_pit_v1_20260603\silver_long\fundamental_profit_long.parquet,305568,,panelize_selected_ratios_into_nonminute_pit_context
fundamental_pit_silver,fundamental_profit_long,OTHER_COMPRE_INCOME_YOY,double,fundamental_quality_risk,accepted,valid_pit_silver,announcement_pit_feature,feature_candidate,true_after_notice_date,NOTICE_DATE or UPDATE_DATE plus conservative next-trading-day lag; REPORT_DATE alone forbidden,notice_lagged_latest|quarter_delta|ttm_proxy|ratio|rank_xsection|winsorize|sector_residual,high,G:\Project_V7_Rotation\data\cn_public_enrichment\cn_fundamental_akshare_fullA_silver_gold_pit_v1_20260603\silver_long\fundamental_profit_long.parquet,305568,,panelize_selected_ratios_into_nonminute_pit_context
fundamental_pit_silver,fundamental_profit_long,PARENT_OCI,double,fundamental_quality_risk,accepted,valid_pit_silver,announcement_pit_feature,feature_candidate,true_after_notice_date,NOTICE_DATE or UPDATE_DATE plus conservative next-trading-day lag; REPORT_DATE alone forbidden,notice_lagged_latest|quarter_delta|ttm_proxy|ratio|rank_xsection|winsorize|sector_residual,high,G:\Project_V7_Rotation\data\cn_public_enrichment\cn_fundamental_akshare_fullA_silver_gold_pit_v1_20260603\silver_long\fundamental_profit_long.parquet,305568,,panelize_selected_ratios_into_nonminute_pit_context
fundamental_pit_silver,fundamental_profit_long,PARENT_OCI_YOY,double,fundamental_quality_risk,accepted,valid_pit_silver,announcement_pit_feature,feature_candidate,true_after_notice_date,NOTICE_DATE or UPDATE_DATE plus conservative next-trading-day lag; REPORT_DATE alone forbidden,notice_lagged_latest|quarter_delta|ttm_proxy|ratio|rank_xsection|winsorize|sector_residual,high,G:\Project_V7_Rotation\data\cn_public_enrichment\cn_fundamental_akshare_fullA_silver_gold_pit_v1_20260603\silver_long\fundamental_profit_long.parquet,305568,,panelize_selected_ratios_into_nonminute_pit_context
fundamental_pit_silver,fundamental_profit_long,MINORITY_OCI,double,fundamental_quality_risk,accepted,valid_pit_silver,announcement_pit_feature,feature_candidate,true_after_notice_date,NOTICE_DATE or UPDATE_DATE plus conservative next-trading-day lag; REPORT_DATE alone forbidden,notice_lagged_latest|quarter_delta|ttm_proxy|ratio|rank_xsection|winsorize|sector_residual,high,G:\Project_V7_Rotation\data\cn_public_enrichment\cn_fundamental_akshare_fullA_silver_gold_pit_v1_20260603\silver_long\fundamental_profit_long.parquet,305568,,panelize_selected_ratios_into_nonminute_pit_context
fundamental_pit_silver,fundamental_profit_long,MINORITY_OCI_YOY,double,fundamental_quality_risk,accepted,valid_pit_silver,announcement_pit_feature,feature_candidate,true_after_notice_date,NOTICE_DATE or UPDATE_DATE plus conservative next-trading-day lag; REPORT_DATE alone forbidden,notice_lagged_latest|quarter_delta|ttm_proxy|ratio|rank_xsection|winsorize|sector_residual,high,G:\Project_V7_Rotation\data\cn_public_enrichment\cn_fundamental_akshare_fullA_silver_gold_pit_v1_20260603\silver_long\fundamental_profit_long.parquet,305568,,panelize_selected_ratios_into_nonminute_pit_context
fundamental_pit_silver,fundamental_profit_long,PARENT_OCI_OTHER,double,fundamental_quality_risk,accepted,valid_pit_silver,announcement_pit_feature,feature_candidate,true_after_notice_date,NOTICE_DATE or UPDATE_DATE plus conservative next-trading-day lag; REPORT_DATE alone forbidden,notice_lagged_latest|quarter_delta|ttm_proxy|ratio|rank_xsection|winsorize|sector_residual,high,G:\Project_V7_Rotation\data\cn_public_enrichment\cn_fundamental_akshare_fullA_silver_gold_pit_v1_20260603\silver_long\fundamental_profit_long.parquet,305568,,panelize_selected_ratios_into_nonminute_pit_context
fundamental_pit_silver,fundamental_profit_long,PARENT_OCI_OTHER_YOY,double,fundamental_quality_risk,accepted,valid_pit_silver,announcement_pit_feature,feature_candidate,true_after_notice_date,NOTICE_DATE or UPDATE_DATE plus conservative next-trading-day lag; REPORT_DATE alone forbidden,notice_lagged_latest|quarter_delta|ttm_proxy|ratio|rank_xsection|winsorize|sector_residual,high,G:\Project_V7_Rotation\data\cn_public_enrichment\cn_fundamental_akshare_fullA_silver_gold_pit_v1_20260603\silver_long\fundamental_profit_long.parquet,305568,,panelize_selected_ratios_into_nonminute_pit_context
fundamental_pit_silver,fundamental_profit_long,PARENT_OCI_BALANCE,double,fundamental_quality_risk,accepted,valid_pit_silver,announcement_pit_feature,feature_candidate,true_after_notice_date,NOTICE_DATE or UPDATE_DATE plus conservative next-trading-day lag; REPORT_DATE alone forbidden,notice_lagged_latest|quarter_delta|ttm_proxy|ratio|rank_xsection|winsorize|sector_residual,high,G:\Project_V7_Rotation\data\cn_public_enrichment\cn_fundamental_akshare_fullA_silver_gold_pit_v1_20260603\silver_long\fundamental_profit_long.parquet,305568,,panelize_selected_ratios_into_nonminute_pit_context
fundamental_pit_silver,fundamental_profit_long,PARENT_OCI_BALANCE_YOY,double,fundamental_quality_risk,accepted,valid_pit_silver,announcement_pit_feature,feature_candidate,true_after_notice_date,NOTICE_DATE or UPDATE_DATE plus conservative next-trading-day lag; REPORT_DATE alone forbidden,notice_lagged_latest|quarter_delta|ttm_proxy|ratio|rank_xsection|winsorize|sector_residual,high,G:\Project_V7_Rotation\data\cn_public_enrichment\cn_fundamental_akshare_fullA_silver_gold_pit_v1_20260603\silver_long\fundamental_profit_long.parquet,305568,,panelize_selected_ratios_into_nonminute_pit_context
fundamental_pit_silver,fundamental_profit_long,UNABLE_OCI,double,fundamental_quality_risk,accepted,valid_pit_silver,announcement_pit_feature,feature_candidate,true_after_notice_date,NOTICE_DATE or UPDATE_DATE plus conservative next-trading-day lag; REPORT_DATE alone forbidden,notice_lagged_latest|quarter_delta|ttm_proxy|ratio|rank_xsection|winsorize|sector_residual,high,G:\Project_V7_Rotation\data\cn_public_enrichment\cn_fundamental_akshare_fullA_silver_gold_pit_v1_20260603\silver_long\fundamental_profit_long.parquet,305568,,panelize_selected_ratios_into_nonminute_pit_context
fundamental_pit_silver,fundamental_profit_long,UNABLE_OCI_YOY,double,fundamental_quality_risk,accepted,valid_pit_silver,announcement_pit_feature,feature_candidate,true_after_notice_date,NOTICE_DATE or UPDATE_DATE plus conservative next-trading-day lag; REPORT_DATE alone forbidden,notice_lagged_latest|quarter_delta|ttm_proxy|ratio|rank_xsection|winsorize|sector_residual,high,G:\Project_V7_Rotation\data\cn_public_enrichment\cn_fundamental_akshare_fullA_silver_gold_pit_v1_20260603\silver_long\fundamental_profit_long.parquet,305568,,panelize_selected_ratios_into_nonminute_pit_context
fundamental_pit_silver,fundamental_profit_long,CREDITRISK_FAIRVALUE_CHANGE,double,fundamental_quality_risk,accepted,valid_pit_silver,announcement_pit_feature,feature_candidate,true_after_notice_date,NOTICE_DATE or UPDATE_DATE plus conservative next-trading-day lag; REPORT_DATE alone forbidden,notice_lagged_latest|quarter_delta|ttm_proxy|ratio|rank_xsection|winsorize|sector_residual,high,G:\Project_V7_Rotation\data\cn_public_enrichment\cn_fundamental_akshare_fullA_silver_gold_pit_v1_20260603\silver_long\fundamental_profit_long.parquet,305568,,panelize_selected_ratios_into_nonminute_pit_context
fundamental_pit_silver,fundamental_profit_long,CREDITRISK_FAIRVALUE_CHANGE_YOY,double,fundamental_quality_risk,accepted,valid_pit_silver,announcement_pit_feature,feature_candidate,true_after_notice_date,NOTICE_DATE or UPDATE_DATE plus conservative next-trading-day lag; REPORT_DATE alone forbidden,notice_lagged_latest|quarter_delta|ttm_proxy|ratio|rank_xsection|winsorize|sector_residual,high,G:\Project_V7_Rotation\data\cn_public_enrichment\cn_fundamental_akshare_fullA_silver_gold_pit_v1_20260603\silver_long\fundamental_profit_long.parquet,305568,,panelize_selected_ratios_into_nonminute_pit_context
fundamental_pit_silver,fundamental_profit_long,OTHERRIGHT_FAIRVALUE_CHANGE,double,fundamental_quality_risk,accepted,valid_pit_silver,announcement_pit_feature,feature_candidate,true_after_notice_date,NOTICE_DATE or UPDATE_DATE plus conservative next-trading-day lag; REPORT_DATE alone forbidden,notice_lagged_latest|quarter_delta|ttm_proxy|ratio|rank_xsection|winsorize|sector_residual,high,G:\Project_V7_Rotation\data\cn_public_enrichment\cn_fundamental_akshare_fullA_silver_gold_pit_v1_20260603\silver_long\fundamental_profit_long.parquet,305568,,panelize_selected_ratios_into_nonminute_pit_context
fundamental_pit_silver,fundamental_profit_long,OTHERRIGHT_FAIRVALUE_CHANGE_YOY,double,fundamental_quality_risk,accepted,valid_pit_silver,announcement_pit_feature,feature_candidate,true_after_notice_date,NOTICE_DATE or UPDATE_DATE plus conservative next-trading-day lag; REPORT_DATE alone forbidden,notice_lagged_latest|quarter_delta|ttm_proxy|ratio|rank_xsection|winsorize|sector_residual,high,G:\Project_V7_Rotation\data\cn_public_enrichment\cn_fundamental_akshare_fullA_silver_gold_pit_v1_20260603\silver_long\fundamental_profit_long.parquet,305568,,panelize_selected_ratios_into_nonminute_pit_context
fundamental_pit_silver,fundamental_profit_long,SETUP_PROFIT_CHANGE,double,fundamental_quality_risk,accepted,valid_pit_silver,announcement_pit_feature,feature_candidate,true_after_notice_date,NOTICE_DATE or UPDATE_DATE plus conservative next-trading-day lag; REPORT_DATE alone forbidden,notice_lagged_latest|quarter_delta|ttm_proxy|ratio|rank_xsection|winsorize|sector_residual,high,G:\Project_V7_Rotation\data\cn_public_enrichment\cn_fundamental_akshare_fullA_silver_gold_pit_v1_20260603\silver_long\fundamental_profit_long.parquet,305568,,panelize_selected_ratios_into_nonminute_pit_context
fundamental_pit_silver,fundamental_profit_long,SETUP_PROFIT_CHANGE_YOY,double,fundamental_quality_risk,accepted,valid_pit_silver,announcement_pit_feature,feature_candidate,true_after_notice_date,NOTICE_DATE or UPDATE_DATE plus conservative next-trading-day lag; REPORT_DATE alone forbidden,notice_lagged_latest|quarter_delta|ttm_proxy|ratio|rank_xsection|winsorize|sector_residual,high,G:\Project_V7_Rotation\data\cn_public_enrichment\cn_fundamental_akshare_fullA_silver_gold_pit_v1_20260603\silver_long\fundamental_profit_long.parquet,305568,,panelize_selected_ratios_into_nonminute_pit_context
fundamental_pit_silver,fundamental_profit_long,RIGHTLAW_UNABLE_OCI,double,fundamental_quality_risk,accepted,valid_pit_silver,announcement_pit_feature,feature_candidate,true_after_notice_date,NOTICE_DATE or UPDATE_DATE plus conservative next-trading-day lag; REPORT_DATE alone forbidden,notice_lagged_latest|quarter_delta|ttm_proxy|ratio|rank_xsection|winsorize|sector_residual,high,G:\Project_V7_Rotation\data\cn_public_enrichment\cn_fundamental_akshare_fullA_silver_gold_pit_v1_20260603\silver_long\fundamental_profit_long.parquet,305568,,panelize_selected_ratios_into_nonminute_pit_context
fundamental_pit_silver,fundamental_profit_long,RIGHTLAW_UNABLE_OCI_YOY,double,fundamental_quality_risk,accepted,valid_pit_silver,announcement_pit_feature,feature_candidate,true_after_notice_date,NOTICE_DATE or UPDATE_DATE plus conservative next-trading-day lag; REPORT_DATE alone forbidden,notice_lagged_latest|quarter_delta|ttm_proxy|ratio|rank_xsection|winsorize|sector_residual,high,G:\Project_V7_Rotation\data\cn_public_enrichment\cn_fundamental_akshare_fullA_silver_gold_pit_v1_20260603\silver_long\fundamental_profit_long.parquet,305568,,panelize_selected_ratios_into_nonminute_pit_context
fundamental_pit_silver,fundamental_profit_long,UNABLE_OCI_OTHER,double,fundamental_quality_risk,accepted,valid_pit_silver,announcement_pit_feature,feature_candidate,true_after_notice_date,NOTICE_DATE or UPDATE_DATE plus conservative next-trading-day lag; REPORT_DATE alone forbidden,notice_lagged_latest|quarter_delta|ttm_proxy|ratio|rank_xsection|winsorize|sector_residual,high,G:\Project_V7_Rotation\data\cn_public_enrichment\cn_fundamental_akshare_fullA_silver_gold_pit_v1_20260603\silver_long\fundamental_profit_long.parquet,305568,,panelize_selected_ratios_into_nonminute_pit_context
fundamental_pit_silver,fundamental_profit_long,UNABLE_OCI_OTHER_YOY,double,fundamental_quality_risk,accepted,valid_pit_silver,announcement_pit_feature,feature_candidate,true_after_notice_date,NOTICE_DATE or UPDATE_DATE plus conservative next-trading-day lag; REPORT_DATE alone forbidden,notice_lagged_latest|quarter_delta|ttm_proxy|ratio|rank_xsection|winsorize|sector_residual,high,G:\Project_V7_Rotation\data\cn_public_enrichment\cn_fundamental_akshare_fullA_silver_gold_pit_v1_20260603\silver_long\fundamental_profit_long.parquet,305568,,panelize_selected_ratios_into_nonminute_pit_context
fundamental_pit_silver,fundamental_profit_long,UNABLE_OCI_BALANCE,double,fundamental_quality_risk,accepted,valid_pit_silver,announcement_pit_feature,feature_candidate,true_after_notice_date,NOTICE_DATE or UPDATE_DATE plus conservative next-trading-day lag; REPORT_DATE alone forbidden,notice_lagged_latest|quarter_delta|ttm_proxy|ratio|rank_xsection|winsorize|sector_residual,high,G:\Project_V7_Rotation\data\cn_public_enrichment\cn_fundamental_akshare_fullA_silver_gold_pit_v1_20260603\silver_long\fundamental_profit_long.parquet,305568,,panelize_selected_ratios_into_nonminute_pit_context
fundamental_pit_silver,fundamental_profit_long,UNABLE_OCI_BALANCE_YOY,double,fundamental_quality_risk,accepted,valid_pit_silver,announcement_pit_feature,feature_candidate,true_after_notice_date,NOTICE_DATE or UPDATE_DATE plus conservative next-trading-day lag; REPORT_DATE alone forbidden,notice_lagged_latest|quarter_delta|ttm_proxy|ratio|rank_xsection|winsorize|sector_residual,high,G:\Project_V7_Rotation\data\cn_public_enrichment\cn_fundamental_akshare_fullA_silver_gold_pit_v1_20260603\silver_long\fundamental_profit_long.parquet,305568,,panelize_selected_ratios_into_nonminute_pit_context
fundamental_pit_silver,fundamental_profit_long,ABLE_OCI,double,fundamental_quality_risk,accepted,valid_pit_silver,announcement_pit_feature,feature_candidate,true_after_notice_date,NOTICE_DATE or UPDATE_DATE plus conservative next-trading-day lag; REPORT_DATE alone forbidden,notice_lagged_latest|quarter_delta|ttm_proxy|ratio|rank_xsection|winsorize|sector_residual,high,G:\Project_V7_Rotation\data\cn_public_enrichment\cn_fundamental_akshare_fullA_silver_gold_pit_v1_20260603\silver_long\fundamental_profit_long.parquet,305568,,panelize_selected_ratios_into_nonminute_pit_context
fundamental_pit_silver,fundamental_profit_long,ABLE_OCI_YOY,double,fundamental_quality_risk,accepted,valid_pit_silver,announcement_pit_feature,feature_candidate,true_after_notice_date,NOTICE_DATE or UPDATE_DATE plus conservative next-trading-day lag; REPORT_DATE alone forbidden,notice_lagged_latest|quarter_delta|ttm_proxy|ratio|rank_xsection|winsorize|sector_residual,high,G:\Project_V7_Rotation\data\cn_public_enrichment\cn_fundamental_akshare_fullA_silver_gold_pit_v1_20260603\silver_long\fundamental_profit_long.parquet,305568,,panelize_selected_ratios_into_nonminute_pit_context
fundamental_pit_silver,fundamental_profit_long,RIGHTLAW_ABLE_OCI,double,fundamental_quality_risk,accepted,valid_pit_silver,announcement_pit_feature,feature_candidate,true_after_notice_date,NOTICE_DATE or UPDATE_DATE plus conservative next-trading-day lag; REPORT_DATE alone forbidden,notice_lagged_latest|quarter_delta|ttm_proxy|ratio|rank_xsection|winsorize|sector_residual,high,G:\Project_V7_Rotation\data\cn_public_enrichment\cn_fundamental_akshare_fullA_silver_gold_pit_v1_20260603\silver_long\fundamental_profit_long.parquet,305568,,panelize_selected_ratios_into_nonminute_pit_context
fundamental_pit_silver,fundamental_profit_long,RIGHTLAW_ABLE_OCI_YOY,double,fundamental_quality_risk,accepted,valid_pit_silver,announcement_pit_feature,feature_candidate,true_after_notice_date,NOTICE_DATE or UPDATE_DATE plus conservative next-trading-day lag; REPORT_DATE alone forbidden,notice_lagged_latest|quarter_delta|ttm_proxy|ratio|rank_xsection|winsorize|sector_residual,high,G:\Project_V7_Rotation\data\cn_public_enrichment\cn_fundamental_akshare_fullA_silver_gold_pit_v1_20260603\silver_long\fundamental_profit_long.parquet,305568,,panelize_selected_ratios_into_nonminute_pit_context
fundamental_pit_silver,fundamental_profit_long,AFA_FAIRVALUE_CHANGE,double,fundamental_quality_risk,accepted,valid_pit_silver,announcement_pit_feature,feature_candidate,true_after_notice_date,NOTICE_DATE or UPDATE_DATE plus conservative next-trading-day lag; REPORT_DATE alone forbidden,notice_lagged_latest|quarter_delta|ttm_proxy|ratio|rank_xsection|winsorize|sector_residual,high,G:\Project_V7_Rotation\data\cn_public_enrichment\cn_fundamental_akshare_fullA_silver_gold_pit_v1_20260603\silver_long\fundamental_profit_long.parquet,305568,,panelize_selected_ratios_into_nonminute_pit_context
fundamental_pit_silver,fundamental_profit_long,AFA_FAIRVALUE_CHANGE_YOY,double,fundamental_quality_risk,accepted,valid_pit_silver,announcement_pit_feature,feature_candidate,true_after_notice_date,NOTICE_DATE or UPDATE_DATE plus conservative next-trading-day lag; REPORT_DATE alone forbidden,notice_lagged_latest|quarter_delta|ttm_proxy|ratio|rank_xsection|winsorize|sector_residual,high,G:\Project_V7_Rotation\data\cn_public_enrichment\cn_fundamental_akshare_fullA_silver_gold_pit_v1_20260603\silver_long\fundamental_profit_long.parquet,305568,,panelize_selected_ratios_into_nonminute_pit_context
fundamental_pit_silver,fundamental_profit_long,HMI_AFA,double,fundamental_quality_risk,accepted,valid_pit_silver,announcement_pit_feature,feature_candidate,true_after_notice_date,NOTICE_DATE or UPDATE_DATE plus conservative next-trading-day lag; REPORT_DATE alone forbidden,notice_lagged_latest|quarter_delta|ttm_proxy|ratio|rank_xsection|winsorize|sector_residual,high,G:\Project_V7_Rotation\data\cn_public_enrichment\cn_fundamental_akshare_fullA_silver_gold_pit_v1_20260603\silver_long\fundamental_profit_long.parquet,305568,,panelize_selected_ratios_into_nonminute_pit_context
fundamental_pit_silver,fundamental_profit_long,HMI_AFA_YOY,double,fundamental_quality_risk,accepted,valid_pit_silver,announcement_pit_feature,feature_candidate,true_after_notice_date,NOTICE_DATE or UPDATE_DATE plus conservative next-trading-day lag; REPORT_DATE alone forbidden,notice_lagged_latest|quarter_delta|ttm_proxy|ratio|rank_xsection|winsorize|sector_residual,high,G:\Project_V7_Rotation\data\cn_public_enrichment\cn_fundamental_akshare_fullA_silver_gold_pit_v1_20260603\silver_long\fundamental_profit_long.parquet,305568,,panelize_selected_ratios_into_nonminute_pit_context
fundamental_pit_silver,fundamental_profit_long,CASHFLOW_HEDGE_VALID,double,fundamental_quality_risk,accepted,valid_pit_silver,announcement_pit_feature,feature_candidate,true_after_notice_date,NOTICE_DATE or UPDATE_DATE plus conservative next-trading-day lag; REPORT_DATE alone forbidden,notice_lagged_latest|quarter_delta|ttm_proxy|ratio|rank_xsection|winsorize|sector_residual,high,G:\Project_V7_Rotation\data\cn_public_enrichment\cn_fundamental_akshare_fullA_silver_gold_pit_v1_20260603\silver_long\fundamental_profit_long.parquet,305568,,panelize_selected_ratios_into_nonminute_pit_context
fundamental_pit_silver,fundamental_profit_long,CASHFLOW_HEDGE_VALID_YOY,double,fundamental_quality_risk,accepted,valid_pit_silver,announcement_pit_feature,feature_candidate,true_after_notice_date,NOTICE_DATE or UPDATE_DATE plus conservative next-trading-day lag; REPORT_DATE alone forbidden,notice_lagged_latest|quarter_delta|ttm_proxy|ratio|rank_xsection|winsorize|sector_residual,high,G:\Project_V7_Rotation\data\cn_public_enrichment\cn_fundamental_akshare_fullA_silver_gold_pit_v1_20260603\silver_long\fundamental_profit_long.parquet,305568,,panelize_selected_ratios_into_nonminute_pit_context
fundamental_pit_silver,fundamental_profit_long,CREDITOR_FAIRVALUE_CHANGE,double,fundamental_quality_risk,accepted,valid_pit_silver,announcement_pit_feature,feature_candidate,true_after_notice_date,NOTICE_DATE or UPDATE_DATE plus conservative next-trading-day lag; REPORT_DATE alone forbidden,notice_lagged_latest|quarter_delta|ttm_proxy|ratio|rank_xsection|winsorize|sector_residual,high,G:\Project_V7_Rotation\data\cn_public_enrichment\cn_fundamental_akshare_fullA_silver_gold_pit_v1_20260603\silver_long\fundamental_profit_long.parquet,305568,,panelize_selected_ratios_into_nonminute_pit_context
fundamental_pit_silver,fundamental_profit_long,CREDITOR_FAIRVALUE_CHANGE_YOY,double,fundamental_quality_risk,accepted,valid_pit_silver,announcement_pit_feature,feature_candidate,true_after_notice_date,NOTICE_DATE or UPDATE_DATE plus conservative next-trading-day lag; REPORT_DATE alone forbidden,notice_lagged_latest|quarter_delta|ttm_proxy|ratio|rank_xsection|winsorize|sector_residual,high,G:\Project_V7_Rotation\data\cn_public_enrichment\cn_fundamental_akshare_fullA_silver_gold_pit_v1_20260603\silver_long\fundamental_profit_long.parquet,305568,,panelize_selected_ratios_into_nonminute_pit_context
fundamental_pit_silver,fundamental_profit_long,CREDITOR_IMPAIRMENT_RESERVE,double,fundamental_quality_risk,accepted,valid_pit_silver,announcement_pit_feature,feature_candidate,true_after_notice_date,NOTICE_DATE or UPDATE_DATE plus conservative next-trading-day lag; REPORT_DATE alone forbidden,notice_lagged_latest|quarter_delta|ttm_proxy|ratio|rank_xsection|winsorize|sector_residual,high,G:\Project_V7_Rotation\data\cn_public_enrichment\cn_fundamental_akshare_fullA_silver_gold_pit_v1_20260603\silver_long\fundamental_profit_long.parquet,305568,,panelize_selected_ratios_into_nonminute_pit_context
fundamental_pit_silver,fundamental_profit_long,CREDITOR_IMPAIRMENT_RESERVE_YOY,double,fundamental_quality_risk,accepted,valid_pit_silver,announcement_pit_feature,feature_candidate,true_after_notice_date,NOTICE_DATE or UPDATE_DATE plus conservative next-trading-day lag; REPORT_DATE alone forbidden,notice_lagged_latest|quarter_delta|ttm_proxy|ratio|rank_xsection|winsorize|sector_residual,high,G:\Project_V7_Rotation\data\cn_public_enrichment\cn_fundamental_akshare_fullA_silver_gold_pit_v1_20260603\silver_long\fundamental_profit_long.parquet,305568,,panelize_selected_ratios_into_nonminute_pit_context
fundamental_pit_silver,fundamental_profit_long,FINANCE_OCI_AMT,double,fundamental_quality_risk,accepted,valid_pit_silver,announcement_pit_feature,feature_candidate,true_after_notice_date,NOTICE_DATE or UPDATE_DATE plus conservative next-trading-day lag; REPORT_DATE alone forbidden,notice_lagged_latest|quarter_delta|ttm_proxy|ratio|rank_xsection|winsorize|sector_residual,high,G:\Project_V7_Rotation\data\cn_public_enrichment\cn_fundamental_akshare_fullA_silver_gold_pit_v1_20260603\silver_long\fundamental_profit_long.parquet,305568,,panelize_selected_ratios_into_nonminute_pit_context
fundamental_pit_silver,fundamental_profit_long,FINANCE_OCI_AMT_YOY,double,fundamental_quality_risk,accepted,valid_pit_silver,announcement_pit_feature,feature_candidate,true_after_notice_date,NOTICE_DATE or UPDATE_DATE plus conservative next-trading-day lag; REPORT_DATE alone forbidden,notice_lagged_latest|quarter_delta|ttm_proxy|ratio|rank_xsection|winsorize|sector_residual,high,G:\Project_V7_Rotation\data\cn_public_enrichment\cn_fundamental_akshare_fullA_silver_gold_pit_v1_20260603\silver_long\fundamental_profit_long.parquet,305568,,panelize_selected_ratios_into_nonminute_pit_context
fundamental_pit_silver,fundamental_profit_long,CONVERT_DIFF,double,fundamental_quality_risk,accepted,valid_pit_silver,announcement_pit_feature,feature_candidate,true_after_notice_date,NOTICE_DATE or UPDATE_DATE plus conservative next-trading-day lag; REPORT_DATE alone forbidden,notice_lagged_latest|quarter_delta|ttm_proxy|ratio|rank_xsection|winsorize|sector_residual,high,G:\Project_V7_Rotation\data\cn_public_enrichment\cn_fundamental_akshare_fullA_silver_gold_pit_v1_20260603\silver_long\fundamental_profit_long.parquet,305568,,panelize_selected_ratios_into_nonminute_pit_context
fundamental_pit_silver,fundamental_profit_long,CONVERT_DIFF_YOY,double,fundamental_quality_risk,accepted,valid_pit_silver,announcement_pit_feature,feature_candidate,true_after_notice_date,NOTICE_DATE or UPDATE_DATE plus conservative next-trading-day lag; REPORT_DATE alone forbidden,notice_lagged_latest|quarter_delta|ttm_proxy|ratio|rank_xsection|winsorize|sector_residual,high,G:\Project_V7_Rotation\data\cn_public_enrichment\cn_fundamental_akshare_fullA_silver_gold_pit_v1_20260603\silver_long\fundamental_profit_long.parquet,305568,,panelize_selected_ratios_into_nonminute_pit_context
fundamental_pit_silver,fundamental_profit_long,ABLE_OCI_OTHER,double,fundamental_quality_risk,accepted,valid_pit_silver,announcement_pit_feature,feature_candidate,true_after_notice_date,NOTICE_DATE or UPDATE_DATE plus conservative next-trading-day lag; REPORT_DATE alone forbidden,notice_lagged_latest|quarter_delta|ttm_proxy|ratio|rank_xsection|winsorize|sector_residual,high,G:\Project_V7_Rotation\data\cn_public_enrichment\cn_fundamental_akshare_fullA_silver_gold_pit_v1_20260603\silver_long\fundamental_profit_long.parquet,305568,,panelize_selected_ratios_into_nonminute_pit_context
fundamental_pit_silver,fundamental_profit_long,ABLE_OCI_OTHER_YOY,double,fundamental_quality_risk,accepted,valid_pit_silver,announcement_pit_feature,feature_candidate,true_after_notice_date,NOTICE_DATE or UPDATE_DATE plus conservative next-trading-day lag; REPORT_DATE alone forbidden,notice_lagged_latest|quarter_delta|ttm_proxy|ratio|rank_xsection|winsorize|sector_residual,high,G:\Project_V7_Rotation\data\cn_public_enrichment\cn_fundamental_akshare_fullA_silver_gold_pit_v1_20260603\silver_long\fundamental_profit_long.parquet,305568,,panelize_selected_ratios_into_nonminute_pit_context
fundamental_pit_silver,fundamental_profit_long,ABLE_OCI_BALANCE,double,fundamental_quality_risk,accepted,valid_pit_silver,announcement_pit_feature,feature_candidate,true_after_notice_date,NOTICE_DATE or UPDATE_DATE plus conservative next-trading-day lag; REPORT_DATE alone forbidden,notice_lagged_latest|quarter_delta|ttm_proxy|ratio|rank_xsection|winsorize|sector_residual,high,G:\Project_V7_Rotation\data\cn_public_enrichment\cn_fundamental_akshare_fullA_silver_gold_pit_v1_20260603\silver_long\fundamental_profit_long.parquet,305568,,panelize_selected_ratios_into_nonminute_pit_context
fundamental_pit_silver,fundamental_profit_long,ABLE_OCI_BALANCE_YOY,double,fundamental_quality_risk,accepted,valid_pit_silver,announcement_pit_feature,feature_candidate,true_after_notice_date,NOTICE_DATE or UPDATE_DATE plus conservative next-trading-day lag; REPORT_DATE alone forbidden,notice_lagged_latest|quarter_delta|ttm_proxy|ratio|rank_xsection|winsorize|sector_residual,high,G:\Project_V7_Rotation\data\cn_public_enrichment\cn_fundamental_akshare_fullA_silver_gold_pit_v1_20260603\silver_long\fundamental_profit_long.parquet,305568,,panelize_selected_ratios_into_nonminute_pit_context
fundamental_pit_silver,fundamental_profit_long,OCI_OTHER,double,fundamental_quality_risk,accepted,valid_pit_silver,announcement_pit_feature,feature_candidate,true_after_notice_date,NOTICE_DATE or UPDATE_DATE plus conservative next-trading-day lag; REPORT_DATE alone forbidden,notice_lagged_latest|quarter_delta|ttm_proxy|ratio|rank_xsection|winsorize|sector_residual,high,G:\Project_V7_Rotation\data\cn_public_enrichment\cn_fundamental_akshare_fullA_silver_gold_pit_v1_20260603\silver_long\fundamental_profit_long.parquet,305568,,panelize_selected_ratios_into_nonminute_pit_context
fundamental_pit_silver,fundamental_profit_long,OCI_OTHER_YOY,double,fundamental_quality_risk,accepted,valid_pit_silver,announcement_pit_feature,feature_candidate,true_after_notice_date,NOTICE_DATE or UPDATE_DATE plus conservative next-trading-day lag; REPORT_DATE alone forbidden,notice_lagged_latest|quarter_delta|ttm_proxy|ratio|rank_xsection|winsorize|sector_residual,high,G:\Project_V7_Rotation\data\cn_public_enrichment\cn_fundamental_akshare_fullA_silver_gold_pit_v1_20260603\silver_long\fundamental_profit_long.parquet,305568,,panelize_selected_ratios_into_nonminute_pit_context
fundamental_pit_silver,fundamental_profit_long,OCI_BALANCE,double,fundamental_quality_risk,accepted,valid_pit_silver,announcement_pit_feature,feature_candidate,true_after_notice_date,NOTICE_DATE or UPDATE_DATE plus conservative next-trading-day lag; REPORT_DATE alone forbidden,notice_lagged_latest|quarter_delta|ttm_proxy|ratio|rank_xsection|winsorize|sector_residual,high,G:\Project_V7_Rotation\data\cn_public_enrichment\cn_fundamental_akshare_fullA_silver_gold_pit_v1_20260603\silver_long\fundamental_profit_long.parquet,305568,,panelize_selected_ratios_into_nonminute_pit_context
fundamental_pit_silver,fundamental_profit_long,OCI_BALANCE_YOY,double,fundamental_quality_risk,accepted,valid_pit_silver,announcement_pit_feature,feature_candidate,true_after_notice_date,NOTICE_DATE or UPDATE_DATE plus conservative next-trading-day lag; REPORT_DATE alone forbidden,notice_lagged_latest|quarter_delta|ttm_proxy|ratio|rank_xsection|winsorize|sector_residual,high,G:\Project_V7_Rotation\data\cn_public_enrichment\cn_fundamental_akshare_fullA_silver_gold_pit_v1_20260603\silver_long\fundamental_profit_long.parquet,305568,,panelize_selected_ratios_into_nonminute_pit_context
fundamental_pit_silver,fundamental_profit_long,TOTAL_COMPRE_INCOME,double,fundamental_quality_risk,accepted,valid_pit_silver,announcement_pit_feature,feature_candidate,true_after_notice_date,NOTICE_DATE or UPDATE_DATE plus conservative next-trading-day lag; REPORT_DATE alone forbidden,notice_lagged_latest|quarter_delta|ttm_proxy|ratio|rank_xsection|winsorize|sector_residual,high,G:\Project_V7_Rotation\data\cn_public_enrichment\cn_fundamental_akshare_fullA_silver_gold_pit_v1_20260603\silver_long\fundamental_profit_long.parquet,305568,,panelize_selected_ratios_into_nonminute_pit_context
fundamental_pit_silver,fundamental_profit_long,TOTAL_COMPRE_INCOME_YOY,double,fundamental_quality_risk,accepted,valid_pit_silver,announcement_pit_feature,feature_candidate,true_after_notice_date,NOTICE_DATE or UPDATE_DATE plus conservative next-trading-day lag; REPORT_DATE alone forbidden,notice_lagged_latest|quarter_delta|ttm_proxy|ratio|rank_xsection|winsorize|sector_residual,high,G:\Project_V7_Rotation\data\cn_public_enrichment\cn_fundamental_akshare_fullA_silver_gold_pit_v1_20260603\silver_long\fundamental_profit_long.parquet,305568,,panelize_selected_ratios_into_nonminute_pit_context
fundamental_pit_silver,fundamental_profit_long,PARENT_TCI,double,fundamental_quality_risk,accepted,valid_pit_silver,announcement_pit_feature,feature_candidate,true_after_notice_date,NOTICE_DATE or UPDATE_DATE plus conservative next-trading-day lag; REPORT_DATE alone forbidden,notice_lagged_latest|quarter_delta|ttm_proxy|ratio|rank_xsection|winsorize|sector_residual,high,G:\Project_V7_Rotation\data\cn_public_enrichment\cn_fundamental_akshare_fullA_silver_gold_pit_v1_20260603\silver_long\fundamental_profit_long.parquet,305568,,panelize_selected_ratios_into_nonminute_pit_context
fundamental_pit_silver,fundamental_profit_long,PARENT_TCI_YOY,double,fundamental_quality_risk,accepted,valid_pit_silver,announcement_pit_feature,feature_candidate,true_after_notice_date,NOTICE_DATE or UPDATE_DATE plus conservative next-trading-day lag; REPORT_DATE alone forbidden,notice_lagged_latest|quarter_delta|ttm_proxy|ratio|rank_xsection|winsorize|sector_residual,high,G:\Project_V7_Rotation\data\cn_public_enrichment\cn_fundamental_akshare_fullA_silver_gold_pit_v1_20260603\silver_long\fundamental_profit_long.parquet,305568,,panelize_selected_ratios_into_nonminute_pit_context
fundamental_pit_silver,fundamental_profit_long,MINORITY_TCI,double,fundamental_quality_risk,accepted,valid_pit_silver,announcement_pit_feature,feature_candidate,true_after_notice_date,NOTICE_DATE or UPDATE_DATE plus conservative next-trading-day lag; REPORT_DATE alone forbidden,notice_lagged_latest|quarter_delta|ttm_proxy|ratio|rank_xsection|winsorize|sector_residual,high,G:\Project_V7_Rotation\data\cn_public_enrichment\cn_fundamental_akshare_fullA_silver_gold_pit_v1_20260603\silver_long\fundamental_profit_long.parquet,305568,,panelize_selected_ratios_into_nonminute_pit_context
fundamental_pit_silver,fundamental_profit_long,MINORITY_TCI_YOY,double,fundamental_quality_risk,accepted,valid_pit_silver,announcement_pit_feature,feature_candidate,true_after_notice_date,NOTICE_DATE or UPDATE_DATE plus conservative next-trading-day lag; REPORT_DATE alone forbidden,notice_lagged_latest|quarter_delta|ttm_proxy|ratio|rank_xsection|winsorize|sector_residual,high,G:\Project_V7_Rotation\data\cn_public_enrichment\cn_fundamental_akshare_fullA_silver_gold_pit_v1_20260603\silver_long\fundamental_profit_long.parquet,305568,,panelize_selected_ratios_into_nonminute_pit_context
fundamental_pit_silver,fundamental_profit_long,PRECOMBINE_TCI,double,fundamental_quality_risk,accepted,valid_pit_silver,announcement_pit_feature,feature_candidate,true_after_notice_date,NOTICE_DATE or UPDATE_DATE plus conservative next-trading-day lag; REPORT_DATE alone forbidden,notice_lagged_latest|quarter_delta|ttm_proxy|ratio|rank_xsection|winsorize|sector_residual,high,G:\Project_V7_Rotation\data\cn_public_enrichment\cn_fundamental_akshare_fullA_silver_gold_pit_v1_20260603\silver_long\fundamental_profit_long.parquet,305568,,panelize_selected_ratios_into_nonminute_pit_context
fundamental_pit_silver,fundamental_profit_long,PRECOMBINE_TCI_YOY,double,fundamental_quality_risk,accepted,valid_pit_silver,announcement_pit_feature,feature_candidate,true_after_notice_date,NOTICE_DATE or UPDATE_DATE plus conservative next-trading-day lag; REPORT_DATE alone forbidden,notice_lagged_latest|quarter_delta|ttm_proxy|ratio|rank_xsection|winsorize|sector_residual,high,G:\Project_V7_Rotation\data\cn_public_enrichment\cn_fundamental_akshare_fullA_silver_gold_pit_v1_20260603\silver_long\fundamental_profit_long.parquet,305568,,panelize_selected_ratios_into_nonminute_pit_context
fundamental_pit_silver,fundamental_profit_long,EFFECT_TCI_BALANCE,double,fundamental_quality_risk,accepted,valid_pit_silver,announcement_pit_feature,feature_candidate,true_after_notice_date,NOTICE_DATE or UPDATE_DATE plus conservative next-trading-day lag; REPORT_DATE alone forbidden,notice_lagged_latest|quarter_delta|ttm_proxy|ratio|rank_xsection|winsorize|sector_residual,high,G:\Project_V7_Rotation\data\cn_public_enrichment\cn_fundamental_akshare_fullA_silver_gold_pit_v1_20260603\silver_long\fundamental_profit_long.parquet,305568,,panelize_selected_ratios_into_nonminute_pit_context
fundamental_pit_silver,fundamental_profit_long,EFFECT_TCI_BALANCE_YOY,double,fundamental_quality_risk,accepted,valid_pit_silver,announcement_pit_feature,feature_candidate,true_after_notice_date,NOTICE_DATE or UPDATE_DATE plus conservative next-trading-day lag; REPORT_DATE alone forbidden,notice_lagged_latest|quarter_delta|ttm_proxy|ratio|rank_xsection|winsorize|sector_residual,high,G:\Project_V7_Rotation\data\cn_public_enrichment\cn_fundamental_akshare_fullA_silver_gold_pit_v1_20260603\silver_long\fundamental_profit_long.parquet,305568,,panelize_selected_ratios_into_nonminute_pit_context
fundamental_pit_silver,fundamental_profit_long,TCI_OTHER,double,fundamental_quality_risk,accepted,valid_pit_silver,announcement_pit_feature,feature_candidate,true_after_notice_date,NOTICE_DATE or UPDATE_DATE plus conservative next-trading-day lag; REPORT_DATE alone forbidden,notice_lagged_latest|quarter_delta|ttm_proxy|ratio|rank_xsection|winsorize|sector_residual,high,G:\Project_V7_Rotation\data\cn_public_enrichment\cn_fundamental_akshare_fullA_silver_gold_pit_v1_20260603\silver_long\fundamental_profit_long.parquet,305568,,panelize_selected_ratios_into_nonminute_pit_context
fundamental_pit_silver,fundamental_profit_long,TCI_OTHER_YOY,double,fundamental_quality_risk,accepted,valid_pit_silver,announcement_pit_feature,feature_candidate,true_after_notice_date,NOTICE_DATE or UPDATE_DATE plus conservative next-trading-day lag; REPORT_DATE alone forbidden,notice_lagged_latest|quarter_delta|ttm_proxy|ratio|rank_xsection|winsorize|sector_residual,high,G:\Project_V7_Rotation\data\cn_public_enrichment\cn_fundamental_akshare_fullA_silver_gold_pit_v1_20260603\silver_long\fundamental_profit_long.parquet,305568,,panelize_selected_ratios_into_nonminute_pit_context
fundamental_pit_silver,fundamental_profit_long,TCI_BALANCE,double,fundamental_quality_risk,accepted,valid_pit_silver,announcement_pit_feature,feature_candidate,true_after_notice_date,NOTICE_DATE or UPDATE_DATE plus conservative next-trading-day lag; REPORT_DATE alone forbidden,notice_lagged_latest|quarter_delta|ttm_proxy|ratio|rank_xsection|winsorize|sector_residual,high,G:\Project_V7_Rotation\data\cn_public_enrichment\cn_fundamental_akshare_fullA_silver_gold_pit_v1_20260603\silver_long\fundamental_profit_long.parquet,305568,,panelize_selected_ratios_into_nonminute_pit_context
fundamental_pit_silver,fundamental_profit_long,TCI_BALANCE_YOY,double,fundamental_quality_risk,accepted,valid_pit_silver,announcement_pit_feature,feature_candidate,true_after_notice_date,NOTICE_DATE or UPDATE_DATE plus conservative next-trading-day lag; REPORT_DATE alone forbidden,notice_lagged_latest|quarter_delta|ttm_proxy|ratio|rank_xsection|winsorize|sector_residual,high,G:\Project_V7_Rotation\data\cn_public_enrichment\cn_fundamental_akshare_fullA_silver_gold_pit_v1_20260603\silver_long\fundamental_profit_long.parquet,305568,,panelize_selected_ratios_into_nonminute_pit_context
fundamental_pit_silver,fundamental_profit_long,ACF_END_INCOME,double,fundamental_quality_risk,accepted,valid_pit_silver,announcement_pit_feature,feature_candidate,true_after_notice_date,NOTICE_DATE or UPDATE_DATE plus conservative next-trading-day lag; REPORT_DATE alone forbidden,notice_lagged_latest|quarter_delta|ttm_proxy|ratio|rank_xsection|winsorize|sector_residual,high,G:\Project_V7_Rotation\data\cn_public_enrichment\cn_fundamental_akshare_fullA_silver_gold_pit_v1_20260603\silver_long\fundamental_profit_long.parquet,305568,,panelize_selected_ratios_into_nonminute_pit_context
fundamental_pit_silver,fundamental_profit_long,ACF_END_INCOME_YOY,double,fundamental_quality_risk,accepted,valid_pit_silver,announcement_pit_feature,feature_candidate,true_after_notice_date,NOTICE_DATE or UPDATE_DATE plus conservative next-trading-day lag; REPORT_DATE alone forbidden,notice_lagged_latest|quarter_delta|ttm_proxy|ratio|rank_xsection|winsorize|sector_residual,high,G:\Project_V7_Rotation\data\cn_public_enrichment\cn_fundamental_akshare_fullA_silver_gold_pit_v1_20260603\silver_long\fundamental_profit_long.parquet,305568,,panelize_selected_ratios_into_nonminute_pit_context
fundamental_pit_silver,fundamental_profit_long,OPINION_TYPE,string,fundamental_quality_risk,accepted,valid_pit_silver,categorical_or_text_context,diagnostic_or_metadata,false_until_encoding_contract,non-numeric/categorical field requires explicit encoding and availability contract before selector use,one_hot_or_event_category_encoding_after_manual_contract,medium,G:\Project_V7_Rotation\data\cn_public_enrichment\cn_fundamental_akshare_fullA_silver_gold_pit_v1_20260603\silver_long\fundamental_profit_long.parquet,305568,,eligible_for_transform_registry
limit_sentiment_canonical,open_sentiment_daily,lb_2_num,int64,limit_event_sentiment,accepted,valid_canonical_pack,lagged_market_regime_context,regime_or_interaction_candidate,true_lagged_only,T+1 daily market context; same-day intraday use forbidden until observable_time audit,regime_gate|breadth_pressure|limit_density|lb_structure|interaction_only,high,G:\Project_V7_Rotation\data\cn_public_enrichment\cn_zzshare_limit_sentiment_pack_v1_20260602\canonical_v1\open_sentiment_daily.parquet,582,,add_regime_interaction_templates_and_placebo_audit
limit_sentiment_canonical,open_sentiment_daily,gt5_num,int64,price_state,accepted,valid_canonical_pack,lagged_market_regime_context,regime_or_interaction_candidate,true_lagged_only,T+1 daily market context; same-day intraday use forbidden until observable_time audit,regime_gate|breadth_pressure|limit_density|lb_structure|interaction_only,high,G:\Project_V7_Rotation\data\cn_public_enrichment\cn_zzshare_limit_sentiment_pack_v1_20260602\canonical_v1\open_sentiment_daily.parquet,582,,add_regime_interaction_templates_and_placebo_audit
limit_sentiment_canonical,open_sentiment_daily,max_lb_num,int64,limit_event_sentiment,accepted,valid_canonical_pack,lagged_market_regime_context,regime_or_interaction_candidate,true_lagged_only,T+1 daily market context; same-day intraday use forbidden until observable_time audit,regime_gate|breadth_pressure|limit_density|lb_structure|interaction_only,high,G:\Project_V7_Rotation\data\cn_public_enrichment\cn_zzshare_limit_sentiment_pack_v1_20260602\canonical_v1\open_sentiment_daily.parquet,582,,add_regime_interaction_templates_and_placebo_audit
limit_sentiment_canonical,open_sentiment_daily,downlimit_num,int64,limit_event_sentiment,accepted,valid_canonical_pack,lagged_market_regime_context,regime_or_interaction_candidate,true_lagged_only,T+1 daily market context; same-day intraday use forbidden until observable_time audit,regime_gate|breadth_pressure|limit_density|lb_structure|interaction_only,high,G:\Project_V7_Rotation\data\cn_public_enrichment\cn_zzshare_limit_sentiment_pack_v1_20260602\canonical_v1\open_sentiment_daily.parquet,582,,add_regime_interaction_templates_and_placebo_audit
limit_sentiment_canonical,open_sentiment_daily,second_lb_num,int64,limit_event_sentiment,accepted,valid_canonical_pack,lagged_market_regime_context,regime_or_interaction_candidate,true_lagged_only,T+1 daily market context; same-day intraday use forbidden until observable_time audit,regime_gate|breadth_pressure|limit_density|lb_structure|interaction_only,high,G:\Project_V7_Rotation\data\cn_public_enrichment\cn_zzshare_limit_sentiment_pack_v1_20260602\canonical_v1\open_sentiment_daily.parquet,582,,add_regime_interaction_templates_and_placebo_audit
limit_sentiment_canonical,open_sentiment_daily,lb_3_num,int64,limit_event_sentiment,accepted,valid_canonical_pack,lagged_market_regime_context,regime_or_interaction_candidate,true_lagged_only,T+1 daily market context; same-day intraday use forbidden until observable_time audit,regime_gate|breadth_pressure|limit_density|lb_structure|interaction_only,high,G:\Project_V7_Rotation\data\cn_public_enrichment\cn_zzshare_limit_sentiment_pack_v1_20260602\canonical_v1\open_sentiment_daily.parquet,582,,add_regime_interaction_templates_and_placebo_audit
limit_sentiment_canonical,open_sentiment_daily,id,string,metadata,accepted,valid_canonical_pack,join_or_audit_metadata,not_alpha_feature,false,key/text/metadata only,none,low,G:\Project_V7_Rotation\data\cn_public_enrichment\cn_zzshare_limit_sentiment_pack_v1_20260602\canonical_v1\open_sentiment_daily.parquet,582,,eligible_for_transform_registry
limit_sentiment_canonical,open_sentiment_daily,damian_num,int64,limit_event_sentiment,accepted,valid_canonical_pack,lagged_market_regime_context,regime_or_interaction_candidate,true_lagged_only,T+1 daily market context; same-day intraday use forbidden until observable_time audit,regime_gate|breadth_pressure|limit_density|lb_structure|interaction_only,high,G:\Project_V7_Rotation\data\cn_public_enrichment\cn_zzshare_limit_sentiment_pack_v1_20260602\canonical_v1\open_sentiment_daily.parquet,582,,add_regime_interaction_templates_and_placebo_audit
limit_sentiment_canonical,open_sentiment_daily,tiandi_num,double,limit_event_sentiment,accepted,valid_canonical_pack,lagged_market_regime_context,regime_or_interaction_candidate,true_lagged_only,T+1 daily market context; same-day intraday use forbidden until observable_time audit,regime_gate|breadth_pressure|limit_density|lb_structure|interaction_only,high,G:\Project_V7_Rotation\data\cn_public_enrichment\cn_zzshare_limit_sentiment_pack_v1_20260602\canonical_v1\open_sentiment_daily.parquet,582,,add_regime_interaction_templates_and_placebo_audit
limit_sentiment_canonical,open_sentiment_daily,mian_num,int64,limit_event_sentiment,accepted,valid_canonical_pack,lagged_market_regime_context,regime_or_interaction_candidate,true_lagged_only,T+1 daily market context; same-day intraday use forbidden until observable_time audit,regime_gate|breadth_pressure|limit_density|lb_structure|interaction_only,high,G:\Project_V7_Rotation\data\cn_public_enrichment\cn_zzshare_limit_sentiment_pack_v1_20260602\canonical_v1\open_sentiment_daily.parquet,582,,add_regime_interaction_templates_and_placebo_audit
limit_sentiment_canonical,open_sentiment_daily,ditian_num,double,limit_event_sentiment,accepted,valid_canonical_pack,lagged_market_regime_context,regime_or_interaction_candidate,true_lagged_only,T+1 daily market context; same-day intraday use forbidden until observable_time audit,regime_gate|breadth_pressure|limit_density|lb_structure|interaction_only,high,G:\Project_V7_Rotation\data\cn_public_enrichment\cn_zzshare_limit_sentiment_pack_v1_20260602\canonical_v1\open_sentiment_daily.parquet,582,,add_regime_interaction_templates_and_placebo_audit
limit_sentiment_canonical,open_sentiment_daily,fb_num,int64,price_state,accepted,valid_canonical_pack,lagged_market_regime_context,regime_or_interaction_candidate,true_lagged_only,T+1 daily market context; same-day intraday use forbidden until observable_time audit,regime_gate|breadth_pressure|limit_density|lb_structure|interaction_only,high,G:\Project_V7_Rotation\data\cn_public_enrichment\cn_zzshare_limit_sentiment_pack_v1_20260602\canonical_v1\open_sentiment_daily.parquet,582,,add_regime_interaction_templates_and_placebo_audit
limit_sentiment_canonical,open_sentiment_daily,bigleg_num,int64,price_state,accepted,valid_canonical_pack,lagged_market_regime_context,regime_or_interaction_candidate,true_lagged_only,T+1 daily market context; same-day intraday use forbidden until observable_time audit,regime_gate|breadth_pressure|limit_density|lb_structure|interaction_only,high,G:\Project_V7_Rotation\data\cn_public_enrichment\cn_zzshare_limit_sentiment_pack_v1_20260602\canonical_v1\open_sentiment_daily.parquet,582,,add_regime_interaction_templates_and_placebo_audit
limit_sentiment_canonical,open_sentiment_daily,max_lb_stocks,string,limit_event_sentiment,accepted,valid_canonical_pack,categorical_or_text_context,diagnostic_or_metadata,false_until_encoding_contract,non-numeric/categorical field requires explicit encoding and availability contract before selector use,one_hot_or_event_category_encoding_after_manual_contract,low,G:\Project_V7_Rotation\data\cn_public_enrichment\cn_zzshare_limit_sentiment_pack_v1_20260602\canonical_v1\open_sentiment_daily.parquet,582,,eligible_for_transform_registry
limit_sentiment_canonical,open_sentiment_daily,date1,string,time_key_or_cutoff,accepted,valid_canonical_pack,availability_key,not_alpha_feature,false,controls availability/cutoff; not standalone alpha,event_age|lagged_availability,low,G:\Project_V7_Rotation\data\cn_public_enrichment\cn_zzshare_limit_sentiment_pack_v1_20260602\canonical_v1\open_sentiment_daily.parquet,582,,eligible_for_transform_registry
limit_sentiment_canonical,open_sentiment_daily,uplimit_n_num,int64,limit_event_sentiment,accepted,valid_canonical_pack,lagged_market_regime_context,regime_or_interaction_candidate,true_lagged_only,T+1 daily market context; same-day intraday use forbidden until observable_time audit,regime_gate|breadth_pressure|limit_density|lb_structure|interaction_only,high,G:\Project_V7_Rotation\data\cn_public_enrichment\cn_zzshare_limit_sentiment_pack_v1_20260602\canonical_v1\open_sentiment_daily.parquet,582,,add_regime_interaction_templates_and_placebo_audit
limit_sentiment_canonical,open_sentiment_daily,lt5_num,int64,price_state,accepted,valid_canonical_pack,lagged_market_regime_context,regime_or_interaction_candidate,true_lagged_only,T+1 daily market context; same-day intraday use forbidden until observable_time audit,regime_gate|breadth_pressure|limit_density|lb_structure|interaction_only,high,G:\Project_V7_Rotation\data\cn_public_enrichment\cn_zzshare_limit_sentiment_pack_v1_20260602\canonical_v1\open_sentiment_daily.parquet,582,,add_regime_interaction_templates_and_placebo_audit
limit_sentiment_canonical,open_sentiment_daily,lb_h_num,int64,limit_event_sentiment,accepted,valid_canonical_pack,lagged_market_regime_context,regime_or_interaction_candidate,true_lagged_only,T+1 daily market context; same-day intraday use forbidden until observable_time audit,regime_gate|breadth_pressure|limit_density|lb_structure|interaction_only,high,G:\Project_V7_Rotation\data\cn_public_enrichment\cn_zzshare_limit_sentiment_pack_v1_20260602\canonical_v1\open_sentiment_daily.parquet,582,,add_regime_interaction_templates_and_placebo_audit
limit_sentiment_canonical,open_sentiment_daily,uplimit_num,int64,limit_event_sentiment,accepted,valid_canonical_pack,lagged_market_regime_context,regime_or_interaction_candidate,true_lagged_only,T+1 daily market context; same-day intraday use forbidden until observable_time audit,regime_gate|breadth_pressure|limit_density|lb_structure|interaction_only,high,G:\Project_V7_Rotation\data\cn_public_enrichment\cn_zzshare_limit_sentiment_pack_v1_20260602\canonical_v1\open_sentiment_daily.parquet,582,,add_regime_interaction_templates_and_placebo_audit
limit_sentiment_canonical,open_sentiment_daily,up_num,int64,price_state,accepted,valid_canonical_pack,lagged_market_regime_context,regime_or_interaction_candidate,true_lagged_only,T+1 daily market context; same-day intraday use forbidden until observable_time audit,regime_gate|breadth_pressure|limit_density|lb_structure|interaction_only,high,G:\Project_V7_Rotation\data\cn_public_enrichment\cn_zzshare_limit_sentiment_pack_v1_20260602\canonical_v1\open_sentiment_daily.parquet,582,,add_regime_interaction_templates_and_placebo_audit
limit_sentiment_canonical,open_sentiment_daily,zb_num,int64,limit_event_sentiment,accepted,valid_canonical_pack,lagged_market_regime_context,regime_or_interaction_candidate,true_lagged_only,T+1 daily market context; same-day intraday use forbidden until observable_time audit,regime_gate|breadth_pressure|limit_density|lb_structure|interaction_only,high,G:\Project_V7_Rotation\data\cn_public_enrichment\cn_zzshare_limit_sentiment_pack_v1_20260602\canonical_v1\open_sentiment_daily.parquet,582,,add_regime_interaction_templates_and_placebo_audit
limit_sentiment_canonical,open_sentiment_daily,down_num,int64,price_state,accepted,valid_canonical_pack,lagged_market_regime_context,regime_or_interaction_candidate,true_lagged_only,T+1 daily market context; same-day intraday use forbidden until observable_time audit,regime_gate|breadth_pressure|limit_density|lb_structure|interaction_only,high,G:\Project_V7_Rotation\data\cn_public_enrichment\cn_zzshare_limit_sentiment_pack_v1_20260602\canonical_v1\open_sentiment_daily.parquet,582,,add_regime_interaction_templates_and_placebo_audit
limit_sentiment_canonical,open_sentiment_daily,dataset,string,metadata,accepted,valid_canonical_pack,join_or_audit_metadata,not_alpha_feature,false,key/text/metadata only,none,low,G:\Project_V7_Rotation\data\cn_public_enrichment\cn_zzshare_limit_sentiment_pack_v1_20260602\canonical_v1\open_sentiment_daily.parquet,582,,eligible_for_transform_registry
limit_sentiment_canonical,open_sentiment_daily,request_date,string,time_key_or_cutoff,accepted,valid_canonical_pack,availability_key,not_alpha_feature,false,controls availability/cutoff; not standalone alpha,event_age|lagged_availability,low,G:\Project_V7_Rotation\data\cn_public_enrichment\cn_zzshare_limit_sentiment_pack_v1_20260602\canonical_v1\open_sentiment_daily.parquet,582,,eligible_for_transform_registry
limit_sentiment_canonical,open_sentiment_daily,download_time,string,time_key_or_cutoff,accepted,valid_canonical_pack,event_cutoff_key,not_alpha_feature,false,controls availability/cutoff; not standalone alpha,event_age|lagged_availability,low,G:\Project_V7_Rotation\data\cn_public_enrichment\cn_zzshare_limit_sentiment_pack_v1_20260602\canonical_v1\open_sentiment_daily.parquet,582,,eligible_for_transform_registry
limit_sentiment_canonical,open_sentiment_daily,date,string,time_key_or_cutoff,accepted,valid_canonical_pack,availability_key,not_alpha_feature,false,controls availability/cutoff; not standalone alpha,event_age|lagged_availability,low,G:\Project_V7_Rotation\data\cn_public_enrichment\cn_zzshare_limit_sentiment_pack_v1_20260602\canonical_v1\open_sentiment_daily.parquet,582,,eligible_for_transform_registry
limit_sentiment_canonical,open_sentiment_daily,raw_rows_per_date,int64,time_key_or_cutoff,accepted,valid_canonical_pack,availability_key,not_alpha_feature,false,controls availability/cutoff; not standalone alpha,event_age|lagged_availability,low,G:\Project_V7_Rotation\data\cn_public_enrichment\cn_zzshare_limit_sentiment_pack_v1_20260602\canonical_v1\open_sentiment_daily.parquet,582,,eligible_for_transform_registry
limit_sentiment_canonical,open_sentiment_daily,source_dataset,string,metadata,accepted,valid_canonical_pack,join_or_audit_metadata,not_alpha_feature,false,key/text/metadata only,none,low,G:\Project_V7_Rotation\data\cn_public_enrichment\cn_zzshare_limit_sentiment_pack_v1_20260602\canonical_v1\open_sentiment_daily.parquet,582,,eligible_for_transform_registry
limit_sentiment_canonical,sentiment_hot_daily,errcode,string,metadata,accepted,valid_canonical_pack,join_or_audit_metadata,not_alpha_feature,false,key/text/metadata only,none,low,G:\Project_V7_Rotation\data\cn_public_enrichment\cn_zzshare_limit_sentiment_pack_v1_20260602\canonical_v1\sentiment_hot_daily.parquet,100,,eligible_for_transform_registry
limit_sentiment_canonical,sentiment_hot_daily,tip,string,text_or_description,accepted,valid_canonical_pack,join_or_audit_metadata,not_alpha_feature,false,key/text/metadata only,none,low,G:\Project_V7_Rotation\data\cn_public_enrichment\cn_zzshare_limit_sentiment_pack_v1_20260602\canonical_v1\sentiment_hot_daily.parquet,100,,eligible_for_transform_registry
limit_sentiment_canonical,sentiment_hot_daily,ttag,string,text_or_description,accepted,valid_canonical_pack,join_or_audit_metadata,not_alpha_feature,false,key/text/metadata only,none,low,G:\Project_V7_Rotation\data\cn_public_enrichment\cn_zzshare_limit_sentiment_pack_v1_20260602\canonical_v1\sentiment_hot_daily.parquet,100,,eligible_for_transform_registry
limit_sentiment_canonical,sentiment_hot_daily,Day,string,event_heat_or_strength,accepted,valid_canonical_pack,categorical_or_text_context,diagnostic_or_metadata,false_until_encoding_contract,non-numeric/categorical field requires explicit encoding and availability contract before selector use,one_hot_or_event_category_encoding_after_manual_contract,low,G:\Project_V7_Rotation\data\cn_public_enrichment\cn_zzshare_limit_sentiment_pack_v1_20260602\canonical_v1\sentiment_hot_daily.parquet,100,,eligible_for_transform_registry
limit_sentiment_canonical,sentiment_hot_daily,df_num,int64,event_heat_or_strength,accepted,valid_canonical_pack,lagged_market_regime_context,regime_or_interaction_candidate,true_lagged_only,T+1 daily market context; same-day intraday use forbidden until observable_time audit,regime_gate|breadth_pressure|limit_density|lb_structure|interaction_only,high,G:\Project_V7_Rotation\data\cn_public_enrichment\cn_zzshare_limit_sentiment_pack_v1_20260602\canonical_v1\sentiment_hot_daily.parquet,100,,add_regime_interaction_templates_and_placebo_audit
limit_sentiment_canonical,sentiment_hot_daily,lbgd,int64,event_heat_or_strength,accepted,valid_canonical_pack,lagged_market_regime_context,regime_or_interaction_candidate,true_lagged_only,T+1 daily market context; same-day intraday use forbidden until observable_time audit,regime_gate|breadth_pressure|limit_density|lb_structure|interaction_only,high,G:\Project_V7_Rotation\data\cn_public_enrichment\cn_zzshare_limit_sentiment_pack_v1_20260602\canonical_v1\sentiment_hot_daily.parquet,100,,add_regime_interaction_templates_and_placebo_audit
limit_sentiment_canonical,sentiment_hot_daily,strong,int64,event_heat_or_strength,accepted,valid_canonical_pack,lagged_market_regime_context,regime_or_interaction_candidate,true_lagged_only,T+1 daily market context; same-day intraday use forbidden until observable_time audit,regime_gate|breadth_pressure|limit_density|lb_structure|interaction_only,high,G:\Project_V7_Rotation\data\cn_public_enrichment\cn_zzshare_limit_sentiment_pack_v1_20260602\canonical_v1\sentiment_hot_daily.parquet,100,,add_regime_interaction_templates_and_placebo_audit
limit_sentiment_canonical,sentiment_hot_daily,ztjs,int64,event_heat_or_strength,accepted,valid_canonical_pack,lagged_market_regime_context,regime_or_interaction_candidate,true_lagged_only,T+1 daily market context; same-day intraday use forbidden until observable_time audit,regime_gate|breadth_pressure|limit_density|lb_structure|interaction_only,high,G:\Project_V7_Rotation\data\cn_public_enrichment\cn_zzshare_limit_sentiment_pack_v1_20260602\canonical_v1\sentiment_hot_daily.parquet,100,,add_regime_interaction_templates_and_placebo_audit
limit_sentiment_canonical,sentiment_hot_daily,dataset,string,metadata,accepted,valid_canonical_pack,join_or_audit_metadata,not_alpha_feature,false,key/text/metadata only,none,low,G:\Project_V7_Rotation\data\cn_public_enrichment\cn_zzshare_limit_sentiment_pack_v1_20260602\canonical_v1\sentiment_hot_daily.parquet,100,,eligible_for_transform_registry
limit_sentiment_canonical,sentiment_hot_daily,request_date,string,time_key_or_cutoff,accepted,valid_canonical_pack,availability_key,not_alpha_feature,false,controls availability/cutoff; not standalone alpha,event_age|lagged_availability,low,G:\Project_V7_Rotation\data\cn_public_enrichment\cn_zzshare_limit_sentiment_pack_v1_20260602\canonical_v1\sentiment_hot_daily.parquet,100,,eligible_for_transform_registry
limit_sentiment_canonical,sentiment_hot_daily,download_time,string,time_key_or_cutoff,accepted,valid_canonical_pack,event_cutoff_key,not_alpha_feature,false,controls availability/cutoff; not standalone alpha,event_age|lagged_availability,low,G:\Project_V7_Rotation\data\cn_public_enrichment\cn_zzshare_limit_sentiment_pack_v1_20260602\canonical_v1\sentiment_hot_daily.parquet,100,,eligible_for_transform_registry
limit_sentiment_canonical,sentiment_hot_daily,date,string,time_key_or_cutoff,accepted,valid_canonical_pack,availability_key,not_alpha_feature,false,controls availability/cutoff; not standalone alpha,event_age|lagged_availability,low,G:\Project_V7_Rotation\data\cn_public_enrichment\cn_zzshare_limit_sentiment_pack_v1_20260602\canonical_v1\sentiment_hot_daily.parquet,100,,eligible_for_transform_registry
limit_sentiment_canonical,sentiment_hot_daily,raw_rows_per_date,int64,time_key_or_cutoff,accepted,valid_canonical_pack,availability_key,not_alpha_feature,false,controls availability/cutoff; not standalone alpha,event_age|lagged_availability,low,G:\Project_V7_Rotation\data\cn_public_enrichment\cn_zzshare_limit_sentiment_pack_v1_20260602\canonical_v1\sentiment_hot_daily.parquet,100,,eligible_for_transform_registry
limit_sentiment_canonical,sentiment_hot_daily,source_dataset,string,metadata,accepted,valid_canonical_pack,join_or_audit_metadata,not_alpha_feature,false,key/text/metadata only,none,low,G:\Project_V7_Rotation\data\cn_public_enrichment\cn_zzshare_limit_sentiment_pack_v1_20260602\canonical_v1\sentiment_hot_daily.parquet,100,,eligible_for_transform_registry
limit_sentiment_canonical,ths_hot_stock_day,circulation_value,double,event_heat_or_strength,accepted,valid_canonical_pack,lagged_stock_heat_context,feature_candidate,true_lagged_only,historical proof uses T+1 unless update_time observable contract is proven,rank_delta|hotness_bucket|cross_section_rank|interaction_with_liquidity,medium,G:\Project_V7_Rotation\data\cn_public_enrichment\cn_zzshare_limit_sentiment_pack_v1_20260602\canonical_v1\ths_hot_stock_day.parquet,6300,,add_lagged_heat_rank_templates_after_update_time_audit
limit_sentiment_canonical,ths_hot_stock_day,collect_date,string,time_key_or_cutoff,accepted,valid_canonical_pack,availability_key,not_alpha_feature,false,controls availability/cutoff; not standalone alpha,event_age|lagged_availability,low,G:\Project_V7_Rotation\data\cn_public_enrichment\cn_zzshare_limit_sentiment_pack_v1_20260602\canonical_v1\ths_hot_stock_day.parquet,6300,,eligible_for_transform_registry
limit_sentiment_canonical,ths_hot_stock_day,id,string,metadata,accepted,valid_canonical_pack,join_or_audit_metadata,not_alpha_feature,false,key/text/metadata only,none,low,G:\Project_V7_Rotation\data\cn_public_enrichment\cn_zzshare_limit_sentiment_pack_v1_20260602\canonical_v1\ths_hot_stock_day.parquet,6300,,eligible_for_transform_registry
limit_sentiment_canonical,ths_hot_stock_day,last_pct,double,event_heat_or_strength,accepted,valid_canonical_pack,lagged_stock_heat_context,feature_candidate,true_lagged_only,historical proof uses T+1 unless update_time observable contract is proven,rank_delta|hotness_bucket|cross_section_rank|interaction_with_liquidity,medium,G:\Project_V7_Rotation\data\cn_public_enrichment\cn_zzshare_limit_sentiment_pack_v1_20260602\canonical_v1\ths_hot_stock_day.parquet,6300,,add_lagged_heat_rank_templates_after_update_time_audit
limit_sentiment_canonical,ths_hot_stock_day,last_price,double,event_heat_or_strength,accepted,valid_canonical_pack,lagged_stock_heat_context,feature_candidate,true_lagged_only,historical proof uses T+1 unless update_time observable contract is proven,rank_delta|hotness_bucket|cross_section_rank|interaction_with_liquidity,medium,G:\Project_V7_Rotation\data\cn_public_enrichment\cn_zzshare_limit_sentiment_pack_v1_20260602\canonical_v1\ths_hot_stock_day.parquet,6300,,add_lagged_heat_rank_templates_after_update_time_audit
limit_sentiment_canonical,ths_hot_stock_day,rank,int64,event_heat_or_strength,accepted,valid_canonical_pack,lagged_stock_heat_context,feature_candidate,true_lagged_only,historical proof uses T+1 unless update_time observable contract is proven,rank_delta|hotness_bucket|cross_section_rank|interaction_with_liquidity,medium,G:\Project_V7_Rotation\data\cn_public_enrichment\cn_zzshare_limit_sentiment_pack_v1_20260602\canonical_v1\ths_hot_stock_day.parquet,6300,,add_lagged_heat_rank_templates_after_update_time_audit
limit_sentiment_canonical,ths_hot_stock_day,rank_diff,int64,event_heat_or_strength,accepted,valid_canonical_pack,lagged_stock_heat_context,feature_candidate,true_lagged_only,historical proof uses T+1 unless update_time observable contract is proven,rank_delta|hotness_bucket|cross_section_rank|interaction_with_liquidity,medium,G:\Project_V7_Rotation\data\cn_public_enrichment\cn_zzshare_limit_sentiment_pack_v1_20260602\canonical_v1\ths_hot_stock_day.parquet,6300,,add_lagged_heat_rank_templates_after_update_time_audit
limit_sentiment_canonical,ths_hot_stock_day,symbol_code,string,event_heat_or_strength,accepted,valid_canonical_pack,categorical_or_text_context,diagnostic_or_metadata,false_until_encoding_contract,non-numeric/categorical field requires explicit encoding and availability contract before selector use,one_hot_or_event_category_encoding_after_manual_contract,low,G:\Project_V7_Rotation\data\cn_public_enrichment\cn_zzshare_limit_sentiment_pack_v1_20260602\canonical_v1\ths_hot_stock_day.parquet,6300,,eligible_for_transform_registry
limit_sentiment_canonical,ths_hot_stock_day,symbol_name,string,text_or_description,accepted,valid_canonical_pack,join_or_audit_metadata,not_alpha_feature,false,key/text/metadata only,none,low,G:\Project_V7_Rotation\data\cn_public_enrichment\cn_zzshare_limit_sentiment_pack_v1_20260602\canonical_v1\ths_hot_stock_day.parquet,6300,,eligible_for_transform_registry
limit_sentiment_canonical,ths_hot_stock_day,update_time,string,time_key_or_cutoff,accepted,valid_canonical_pack,event_cutoff_key,not_alpha_feature,false,controls availability/cutoff; not standalone alpha,event_age|lagged_availability,low,G:\Project_V7_Rotation\data\cn_public_enrichment\cn_zzshare_limit_sentiment_pack_v1_20260602\canonical_v1\ths_hot_stock_day.parquet,6300,,eligible_for_transform_registry
limit_sentiment_canonical,ths_hot_stock_day,dataset,string,metadata,accepted,valid_canonical_pack,join_or_audit_metadata,not_alpha_feature,false,key/text/metadata only,none,low,G:\Project_V7_Rotation\data\cn_public_enrichment\cn_zzshare_limit_sentiment_pack_v1_20260602\canonical_v1\ths_hot_stock_day.parquet,6300,,eligible_for_transform_registry
limit_sentiment_canonical,ths_hot_stock_day,request_date,string,time_key_or_cutoff,accepted,valid_canonical_pack,availability_key,not_alpha_feature,false,controls availability/cutoff; not standalone alpha,event_age|lagged_availability,low,G:\Project_V7_Rotation\data\cn_public_enrichment\cn_zzshare_limit_sentiment_pack_v1_20260602\canonical_v1\ths_hot_stock_day.parquet,6300,,eligible_for_transform_registry
limit_sentiment_canonical,ths_hot_stock_day,download_time,string,time_key_or_cutoff,accepted,valid_canonical_pack,event_cutoff_key,not_alpha_feature,false,controls availability/cutoff; not standalone alpha,event_age|lagged_availability,low,G:\Project_V7_Rotation\data\cn_public_enrichment\cn_zzshare_limit_sentiment_pack_v1_20260602\canonical_v1\ths_hot_stock_day.parquet,6300,,eligible_for_transform_registry
limit_sentiment_canonical,ths_hot_stock_day,date,string,time_key_or_cutoff,accepted,valid_canonical_pack,availability_key,not_alpha_feature,false,controls availability/cutoff; not standalone alpha,event_age|lagged_availability,low,G:\Project_V7_Rotation\data\cn_public_enrichment\cn_zzshare_limit_sentiment_pack_v1_20260602\canonical_v1\ths_hot_stock_day.parquet,6300,,eligible_for_transform_registry
limit_sentiment_canonical,ths_hot_stock_day,code,string,instrument_key,accepted,valid_canonical_pack,join_or_audit_metadata,not_alpha_feature,false,key/text/metadata only,none,low,G:\Project_V7_Rotation\data\cn_public_enrichment\cn_zzshare_limit_sentiment_pack_v1_20260602\canonical_v1\ths_hot_stock_day.parquet,6300,,eligible_for_transform_registry
limit_sentiment_canonical,ths_hot_stock_day,source_dataset,string,metadata,accepted,valid_canonical_pack,join_or_audit_metadata,not_alpha_feature,false,key/text/metadata only,none,low,G:\Project_V7_Rotation\data\cn_public_enrichment\cn_zzshare_limit_sentiment_pack_v1_20260602\canonical_v1\ths_hot_stock_day.parquet,6300,,eligible_for_transform_registry
limit_sentiment_canonical,uplimit_stock_event_day,date,string,time_key_or_cutoff,accepted,valid_canonical_pack,availability_key,not_alpha_feature,false,controls availability/cutoff; not standalone alpha,event_age|lagged_availability,low,G:\Project_V7_Rotation\data\cn_public_enrichment\cn_zzshare_limit_sentiment_pack_v1_20260602\canonical_v1\uplimit_stock_event_day.parquet,1668,,eligible_for_transform_registry
limit_sentiment_canonical,uplimit_stock_event_day,code,string,instrument_key,accepted,valid_canonical_pack,join_or_audit_metadata,not_alpha_feature,false,key/text/metadata only,none,low,G:\Project_V7_Rotation\data\cn_public_enrichment\cn_zzshare_limit_sentiment_pack_v1_20260602\canonical_v1\uplimit_stock_event_day.parquet,1668,,eligible_for_transform_registry
limit_sentiment_canonical,uplimit_stock_event_day,amount,double,limit_event_sentiment,accepted,valid_canonical_pack,timestamped_stock_event_feature,event_feature_candidate,true_after_event_cutoff_or_lag1,same-day use allowed only at or after up_limit_event_time; otherwise materialize lag1 daily context,event_flag|event_age|auction_pressure|seal_strength|open_board_transition|matched_control,high,G:\Project_V7_Rotation\data\cn_public_enrichment\cn_zzshare_limit_sentiment_pack_v1_20260602\canonical_v1\uplimit_stock_event_day.parquet,1668,,build_event_cutoff_and_lag1_context_sidecars
limit_sentiment_canonical,uplimit_stock_event_day,auction_buy,double,limit_event_sentiment,accepted,valid_canonical_pack,timestamped_stock_event_feature,event_feature_candidate,true_after_event_cutoff_or_lag1,same-day use allowed only at or after up_limit_event_time; otherwise materialize lag1 daily context,event_flag|event_age|auction_pressure|seal_strength|open_board_transition|matched_control,high,G:\Project_V7_Rotation\data\cn_public_enrichment\cn_zzshare_limit_sentiment_pack_v1_20260602\canonical_v1\uplimit_stock_event_day.parquet,1668,,build_event_cutoff_and_lag1_context_sidecars
limit_sentiment_canonical,uplimit_stock_event_day,auction_money,double,limit_event_sentiment,accepted,valid_canonical_pack,timestamped_stock_event_feature,event_feature_candidate,true_after_event_cutoff_or_lag1,same-day use allowed only at or after up_limit_event_time; otherwise materialize lag1 daily context,event_flag|event_age|auction_pressure|seal_strength|open_board_transition|matched_control,high,G:\Project_V7_Rotation\data\cn_public_enrichment\cn_zzshare_limit_sentiment_pack_v1_20260602\canonical_v1\uplimit_stock_event_day.parquet,1668,,build_event_cutoff_and_lag1_context_sidecars
limit_sentiment_canonical,uplimit_stock_event_day,auction_offer,double,limit_event_sentiment,accepted,valid_canonical_pack,timestamped_stock_event_feature,event_feature_candidate,true_after_event_cutoff_or_lag1,same-day use allowed only at or after up_limit_event_time; otherwise materialize lag1 daily context,event_flag|event_age|auction_pressure|seal_strength|open_board_transition|matched_control,high,G:\Project_V7_Rotation\data\cn_public_enrichment\cn_zzshare_limit_sentiment_pack_v1_20260602\canonical_v1\uplimit_stock_event_day.parquet,1668,,build_event_cutoff_and_lag1_context_sidecars
limit_sentiment_canonical,uplimit_stock_event_day,auction_pre1max_ratio,double,limit_event_sentiment,accepted,valid_canonical_pack,timestamped_stock_event_feature,event_feature_candidate,true_after_event_cutoff_or_lag1,same-day use allowed only at or after up_limit_event_time; otherwise materialize lag1 daily context,event_flag|event_age|auction_pressure|seal_strength|open_board_transition|matched_control,high,G:\Project_V7_Rotation\data\cn_public_enrichment\cn_zzshare_limit_sentiment_pack_v1_20260602\canonical_v1\uplimit_stock_event_day.parquet,1668,,build_event_cutoff_and_lag1_context_sidecars
limit_sentiment_canonical,uplimit_stock_event_day,auction_turnover,double,limit_event_sentiment,accepted,valid_canonical_pack,timestamped_stock_event_feature,event_feature_candidate,true_after_event_cutoff_or_lag1,same-day use allowed only at or after up_limit_event_time; otherwise materialize lag1 daily context,event_flag|event_age|auction_pressure|seal_strength|open_board_transition|matched_control,high,G:\Project_V7_Rotation\data\cn_public_enrichment\cn_zzshare_limit_sentiment_pack_v1_20260602\canonical_v1\uplimit_stock_event_day.parquet,1668,,build_event_cutoff_and_lag1_context_sidecars
limit_sentiment_canonical,uplimit_stock_event_day,checked,string,metadata,accepted,valid_canonical_pack,join_or_audit_metadata,not_alpha_feature,false,key/text/metadata only,none,low,G:\Project_V7_Rotation\data\cn_public_enrichment\cn_zzshare_limit_sentiment_pack_v1_20260602\canonical_v1\uplimit_stock_event_day.parquet,1668,,eligible_for_transform_registry
limit_sentiment_canonical,uplimit_stock_event_day,date1,string,time_key_or_cutoff,accepted,valid_canonical_pack,availability_key,not_alpha_feature,false,controls availability/cutoff; not standalone alpha,event_age|lagged_availability,low,G:\Project_V7_Rotation\data\cn_public_enrichment\cn_zzshare_limit_sentiment_pack_v1_20260602\canonical_v1\uplimit_stock_event_day.parquet,1668,,eligible_for_transform_registry
limit_sentiment_canonical,uplimit_stock_event_day,fd_close,double,limit_event_sentiment,accepted,valid_canonical_pack,timestamped_stock_event_feature,event_feature_candidate,true_after_event_cutoff_or_lag1,same-day use allowed only at or after up_limit_event_time; otherwise materialize lag1 daily context,event_flag|event_age|auction_pressure|seal_strength|open_board_transition|matched_control,high,G:\Project_V7_Rotation\data\cn_public_enrichment\cn_zzshare_limit_sentiment_pack_v1_20260602\canonical_v1\uplimit_stock_event_day.parquet,1668,,build_event_cutoff_and_lag1_context_sidecars
limit_sentiment_canonical,uplimit_stock_event_day,fd_max,double,limit_event_sentiment,accepted,valid_canonical_pack,timestamped_stock_event_feature,event_feature_candidate,true_after_event_cutoff_or_lag1,same-day use allowed only at or after up_limit_event_time; otherwise materialize lag1 daily context,event_flag|event_age|auction_pressure|seal_strength|open_board_transition|matched_control,high,G:\Project_V7_Rotation\data\cn_public_enrichment\cn_zzshare_limit_sentiment_pack_v1_20260602\canonical_v1\uplimit_stock_event_day.parquet,1668,,build_event_cutoff_and_lag1_context_sidecars
limit_sentiment_canonical,uplimit_stock_event_day,id,string,metadata,accepted,valid_canonical_pack,join_or_audit_metadata,not_alpha_feature,false,key/text/metadata only,none,low,G:\Project_V7_Rotation\data\cn_public_enrichment\cn_zzshare_limit_sentiment_pack_v1_20260602\canonical_v1\uplimit_stock_event_day.parquet,1668,,eligible_for_transform_registry
limit_sentiment_canonical,uplimit_stock_event_day,market_c,string,limit_event_sentiment,accepted,valid_canonical_pack,categorical_or_text_context,diagnostic_or_metadata,false_until_encoding_contract,non-numeric/categorical field requires explicit encoding and availability contract before selector use,one_hot_or_event_category_encoding_after_manual_contract,low,G:\Project_V7_Rotation\data\cn_public_enrichment\cn_zzshare_limit_sentiment_pack_v1_20260602\canonical_v1\uplimit_stock_event_day.parquet,1668,,eligible_for_transform_registry
limit_sentiment_canonical,uplimit_stock_event_day,market_c_c,string,limit_event_sentiment,accepted,valid_canonical_pack,categorical_or_text_context,diagnostic_or_metadata,false_until_encoding_contract,non-numeric/categorical field requires explicit encoding and availability contract before selector use,one_hot_or_event_category_encoding_after_manual_contract,low,G:\Project_V7_Rotation\data\cn_public_enrichment\cn_zzshare_limit_sentiment_pack_v1_20260602\canonical_v1\uplimit_stock_event_day.parquet,1668,,eligible_for_transform_registry
limit_sentiment_canonical,uplimit_stock_event_day,plate_code,string,limit_event_sentiment,accepted,valid_canonical_pack,categorical_or_text_context,diagnostic_or_metadata,false_until_encoding_contract,non-numeric/categorical field requires explicit encoding and availability contract before selector use,one_hot_or_event_category_encoding_after_manual_contract,low,G:\Project_V7_Rotation\data\cn_public_enrichment\cn_zzshare_limit_sentiment_pack_v1_20260602\canonical_v1\uplimit_stock_event_day.parquet,1668,,eligible_for_transform_registry
limit_sentiment_canonical,uplimit_stock_event_day,stock_code,string,instrument_key,accepted,valid_canonical_pack,join_or_audit_metadata,not_alpha_feature,false,key/text/metadata only,none,low,G:\Project_V7_Rotation\data\cn_public_enrichment\cn_zzshare_limit_sentiment_pack_v1_20260602\canonical_v1\uplimit_stock_event_day.parquet,1668,,eligible_for_transform_registry
limit_sentiment_canonical,uplimit_stock_event_day,stock_name,string,text_or_description,accepted,valid_canonical_pack,join_or_audit_metadata,not_alpha_feature,false,key/text/metadata only,none,low,G:\Project_V7_Rotation\data\cn_public_enrichment\cn_zzshare_limit_sentiment_pack_v1_20260602\canonical_v1\uplimit_stock_event_day.parquet,1668,,eligible_for_transform_registry
limit_sentiment_canonical,uplimit_stock_event_day,up_limit_desc,string,text_or_description,accepted,valid_canonical_pack,join_or_audit_metadata,not_alpha_feature,false,key/text/metadata only,none,low,G:\Project_V7_Rotation\data\cn_public_enrichment\cn_zzshare_limit_sentiment_pack_v1_20260602\canonical_v1\uplimit_stock_event_day.parquet,1668,,eligible_for_transform_registry
limit_sentiment_canonical,uplimit_stock_event_day,up_limit_keep_times,string,time_key_or_cutoff,accepted,valid_canonical_pack,event_cutoff_key,not_alpha_feature,false,controls availability/cutoff; not standalone alpha,event_age|lagged_availability,low,G:\Project_V7_Rotation\data\cn_public_enrichment\cn_zzshare_limit_sentiment_pack_v1_20260602\canonical_v1\uplimit_stock_event_day.parquet,1668,,eligible_for_transform_registry
limit_sentiment_canonical,uplimit_stock_event_day,up_limit_time,string,time_key_or_cutoff,accepted,valid_canonical_pack,event_cutoff_key,not_alpha_feature,false,controls availability/cutoff; not standalone alpha,event_age|lagged_availability,low,G:\Project_V7_Rotation\data\cn_public_enrichment\cn_zzshare_limit_sentiment_pack_v1_20260602\canonical_v1\uplimit_stock_event_day.parquet,1668,,eligible_for_transform_registry
limit_sentiment_canonical,uplimit_stock_event_day,up_limit_type,string,limit_event_sentiment,accepted,valid_canonical_pack,categorical_or_text_context,diagnostic_or_metadata,false_until_encoding_contract,non-numeric/categorical field requires explicit encoding and availability contract before selector use,one_hot_or_event_category_encoding_after_manual_contract,low,G:\Project_V7_Rotation\data\cn_public_enrichment\cn_zzshare_limit_sentiment_pack_v1_20260602\canonical_v1\uplimit_stock_event_day.parquet,1668,,eligible_for_transform_registry
limit_sentiment_canonical,uplimit_stock_event_day,dataset,string,metadata,accepted,valid_canonical_pack,join_or_audit_metadata,not_alpha_feature,false,key/text/metadata only,none,low,G:\Project_V7_Rotation\data\cn_public_enrichment\cn_zzshare_limit_sentiment_pack_v1_20260602\canonical_v1\uplimit_stock_event_day.parquet,1668,,eligible_for_transform_registry
limit_sentiment_canonical,uplimit_stock_event_day,request_date,string,time_key_or_cutoff,accepted,valid_canonical_pack,availability_key,not_alpha_feature,false,controls availability/cutoff; not standalone alpha,event_age|lagged_availability,low,G:\Project_V7_Rotation\data\cn_public_enrichment\cn_zzshare_limit_sentiment_pack_v1_20260602\canonical_v1\uplimit_stock_event_day.parquet,1668,,eligible_for_transform_registry
limit_sentiment_canonical,uplimit_stock_event_day,download_time,string,time_key_or_cutoff,accepted,valid_canonical_pack,event_cutoff_key,not_alpha_feature,false,controls availability/cutoff; not standalone alpha,event_age|lagged_availability,low,G:\Project_V7_Rotation\data\cn_public_enrichment\cn_zzshare_limit_sentiment_pack_v1_20260602\canonical_v1\uplimit_stock_event_day.parquet,1668,,eligible_for_transform_registry
limit_sentiment_canonical,uplimit_stock_event_day,up_limit_event_time,string,time_key_or_cutoff,accepted,valid_canonical_pack,event_cutoff_key,not_alpha_feature,false,controls availability/cutoff; not standalone alpha,event_age|lagged_availability,low,G:\Project_V7_Rotation\data\cn_public_enrichment\cn_zzshare_limit_sentiment_pack_v1_20260602\canonical_v1\uplimit_stock_event_day.parquet,1668,,eligible_for_transform_registry
limit_sentiment_canonical,uplimit_stock_event_day,raw_rows_per_code_date,int64,time_key_or_cutoff,accepted,valid_canonical_pack,availability_key,not_alpha_feature,false,controls availability/cutoff; not standalone alpha,event_age|lagged_availability,low,G:\Project_V7_Rotation\data\cn_public_enrichment\cn_zzshare_limit_sentiment_pack_v1_20260602\canonical_v1\uplimit_stock_event_day.parquet,1668,,eligible_for_transform_registry
limit_sentiment_canonical,uplimit_stock_event_day,source_dataset,string,metadata,accepted,valid_canonical_pack,join_or_audit_metadata,not_alpha_feature,false,key/text/metadata only,none,low,G:\Project_V7_Rotation\data\cn_public_enrichment\cn_zzshare_limit_sentiment_pack_v1_20260602\canonical_v1\uplimit_stock_event_day.parquet,1668,,eligible_for_transform_registry
plate_fund_probe,plates_rank_limit9999,plate_type,unknown,limit_event_sentiment,probe_only,csv_probe_not_pit_silver,probe_only_candidate_source,data_engineering_backlog,false_until_silver_pit_panel,"probe/sample only; requires historical silverization, timestamp contract, and PIT join before selector use",silverize_first|then_rank_delta_flow_strength_membership_density,blocked,G:\Project_V7_Rotation\data\cn_public_enrichment\cn_zzshare_plate_fund_completeness_probe_v1_20260602\plate_fund_completeness_probe.csv,24,probe_n=82; ok=1,fix_or_silverize_before_selector
plate_fund_probe,plates_rank_limit9999,plate_code,unknown,limit_event_sentiment,probe_only,csv_probe_not_pit_silver,probe_only_candidate_source,data_engineering_backlog,false_until_silver_pit_panel,"probe/sample only; requires historical silverization, timestamp contract, and PIT join before selector use",silverize_first|then_rank_delta_flow_strength_membership_density,blocked,G:\Project_V7_Rotation\data\cn_public_enrichment\cn_zzshare_plate_fund_completeness_probe_v1_20260602\plate_fund_completeness_probe.csv,24,probe_n=82; ok=1,fix_or_silverize_before_selector
plate_fund_probe,plates_rank_limit9999,score,unknown,limit_event_sentiment,probe_only,csv_probe_not_pit_silver,probe_only_candidate_source,data_engineering_backlog,false_until_silver_pit_panel,"probe/sample only; requires historical silverization, timestamp contract, and PIT join before selector use",silverize_first|then_rank_delta_flow_strength_membership_density,blocked,G:\Project_V7_Rotation\data\cn_public_enrichment\cn_zzshare_plate_fund_completeness_probe_v1_20260602\plate_fund_completeness_probe.csv,24,probe_n=82; ok=1,fix_or_silverize_before_selector
plate_fund_probe,plates_rank_limit9999,rate,unknown,limit_event_sentiment,probe_only,csv_probe_not_pit_silver,probe_only_candidate_source,data_engineering_backlog,false_until_silver_pit_panel,"probe/sample only; requires historical silverization, timestamp contract, and PIT join before selector use",silverize_first|then_rank_delta_flow_strength_membership_density,blocked,G:\Project_V7_Rotation\data\cn_public_enrichment\cn_zzshare_plate_fund_completeness_probe_v1_20260602\plate_fund_completeness_probe.csv,24,probe_n=82; ok=1,fix_or_silverize_before_selector
plate_fund_probe,plates_rank_limit9999,money_leader,unknown,limit_event_sentiment,probe_only,csv_probe_not_pit_silver,probe_only_candidate_source,data_engineering_backlog,false_until_silver_pit_panel,"probe/sample only; requires historical silverization, timestamp contract, and PIT join before selector use",silverize_first|then_rank_delta_flow_strength_membership_density,blocked,G:\Project_V7_Rotation\data\cn_public_enrichment\cn_zzshare_plate_fund_completeness_probe_v1_20260602\plate_fund_completeness_probe.csv,24,probe_n=82; ok=1,fix_or_silverize_before_selector
plate_fund_probe,plates_rank_limit9999,trade_money,unknown,limit_event_sentiment,probe_only,csv_probe_not_pit_silver,probe_only_candidate_source,data_engineering_backlog,false_until_silver_pit_panel,"probe/sample only; requires historical silverization, timestamp contract, and PIT join before selector use",silverize_first|then_rank_delta_flow_strength_membership_density,blocked,G:\Project_V7_Rotation\data\cn_public_enrichment\cn_zzshare_plate_fund_completeness_probe_v1_20260602\plate_fund_completeness_probe.csv,24,probe_n=82; ok=1,fix_or_silverize_before_selector
plate_fund_probe,plates_rank_limit9999,money_leader_sell,unknown,limit_event_sentiment,probe_only,csv_probe_not_pit_silver,probe_only_candidate_source,data_engineering_backlog,false_until_silver_pit_panel,"probe/sample only; requires historical silverization, timestamp contract, and PIT join before selector use",silverize_first|then_rank_delta_flow_strength_membership_density,blocked,G:\Project_V7_Rotation\data\cn_public_enrichment\cn_zzshare_plate_fund_completeness_probe_v1_20260602\plate_fund_completeness_probe.csv,24,probe_n=82; ok=1,fix_or_silverize_before_selector
plate_fund_probe,plates_rank_limit9999,market_cap_cir,unknown,limit_event_sentiment,probe_only,csv_probe_not_pit_silver,probe_only_candidate_source,data_engineering_backlog,false_until_silver_pit_panel,"probe/sample only; requires historical silverization, timestamp contract, and PIT join before selector use",silverize_first|then_rank_delta_flow_strength_membership_density,blocked,G:\Project_V7_Rotation\data\cn_public_enrichment\cn_zzshare_plate_fund_completeness_probe_v1_20260602\plate_fund_completeness_probe.csv,24,probe_n=82; ok=1,fix_or_silverize_before_selector
plate_fund_probe,plates_rank_limit9999,plate_name,unknown,text_or_description,probe_only,csv_probe_not_pit_silver,join_or_audit_metadata,not_alpha_feature,false,key/text/metadata only,none,blocked,G:\Project_V7_Rotation\data\cn_public_enrichment\cn_zzshare_plate_fund_completeness_probe_v1_20260602\plate_fund_completeness_probe.csv,24,probe_n=82; ok=1,fix_or_silverize_before_selector
plate_fund_probe,plates_rank_limit9999,id,unknown,metadata,probe_only,csv_probe_not_pit_silver,join_or_audit_metadata,not_alpha_feature,false,key/text/metadata only,none,blocked,G:\Project_V7_Rotation\data\cn_public_enrichment\cn_zzshare_plate_fund_completeness_probe_v1_20260602\plate_fund_completeness_probe.csv,24,probe_n=82; ok=1,fix_or_silverize_before_selector
plate_fund_probe,plates_rank_limit9999,date1,unknown,time_key_or_cutoff,probe_only,csv_probe_not_pit_silver,availability_key,not_alpha_feature,false,controls availability/cutoff; not standalone alpha,event_age|lagged_availability,blocked,G:\Project_V7_Rotation\data\cn_public_enrichment\cn_zzshare_plate_fund_completeness_probe_v1_20260602\plate_fund_completeness_probe.csv,24,probe_n=82; ok=1,fix_or_silverize_before_selector
plate_fund_probe,plates_rank_limit9999,speed,unknown,limit_event_sentiment,probe_only,csv_probe_not_pit_silver,probe_only_candidate_source,data_engineering_backlog,false_until_silver_pit_panel,"probe/sample only; requires historical silverization, timestamp contract, and PIT join before selector use",silverize_first|then_rank_delta_flow_strength_membership_density,blocked,G:\Project_V7_Rotation\data\cn_public_enrichment\cn_zzshare_plate_fund_completeness_probe_v1_20260602\plate_fund_completeness_probe.csv,24,probe_n=82; ok=1,fix_or_silverize_before_selector
plate_fund_probe,plates_rank_limit9999,money_leader_buy,unknown,limit_event_sentiment,probe_only,csv_probe_not_pit_silver,probe_only_candidate_source,data_engineering_backlog,false_until_silver_pit_panel,"probe/sample only; requires historical silverization, timestamp contract, and PIT join before selector use",silverize_first|then_rank_delta_flow_strength_membership_density,blocked,G:\Project_V7_Rotation\data\cn_public_enrichment\cn_zzshare_plate_fund_completeness_probe_v1_20260602\plate_fund_completeness_probe.csv,24,probe_n=82; ok=1,fix_or_silverize_before_selector
plate_fund_probe,plates_rank_limit9999,volume_ration,unknown,limit_event_sentiment,probe_only,csv_probe_not_pit_silver,probe_only_candidate_source,data_engineering_backlog,false_until_silver_pit_panel,"probe/sample only; requires historical silverization, timestamp contract, and PIT join before selector use",silverize_first|then_rank_delta_flow_strength_membership_density,blocked,G:\Project_V7_Rotation\data\cn_public_enrichment\cn_zzshare_plate_fund_completeness_probe_v1_20260602\plate_fund_completeness_probe.csv,24,probe_n=82; ok=1,fix_or_silverize_before_selector
plate_fund_probe,plates_rank_limit9999,time,unknown,time_key_or_cutoff,probe_only,csv_probe_not_pit_silver,event_cutoff_key,not_alpha_feature,false,controls availability/cutoff; not standalone alpha,event_age|lagged_availability,blocked,G:\Project_V7_Rotation\data\cn_public_enrichment\cn_zzshare_plate_fund_completeness_probe_v1_20260602\plate_fund_completeness_probe.csv,24,probe_n=82; ok=1,fix_or_silverize_before_selector
plate_fund_probe,plates_rank_days_new_limit9999,plate_code,unknown,limit_event_sentiment,probe_only,csv_probe_not_pit_silver,probe_only_candidate_source,data_engineering_backlog,false_until_silver_pit_panel,"probe/sample only; requires historical silverization, timestamp contract, and PIT join before selector use",silverize_first|then_rank_delta_flow_strength_membership_density,blocked,G:\Project_V7_Rotation\data\cn_public_enrichment\cn_zzshare_plate_fund_completeness_probe_v1_20260602\plate_fund_completeness_probe.csv,24,probe_n=82; ok=1,fix_or_silverize_before_selector
plate_fund_probe,plates_rank_days_new_limit9999,plate_name,unknown,text_or_description,probe_only,csv_probe_not_pit_silver,join_or_audit_metadata,not_alpha_feature,false,key/text/metadata only,none,blocked,G:\Project_V7_Rotation\data\cn_public_enrichment\cn_zzshare_plate_fund_completeness_probe_v1_20260602\plate_fund_completeness_probe.csv,24,probe_n=82; ok=1,fix_or_silverize_before_selector
plate_fund_probe,plates_rank_days_new_limit9999,sum_rate,unknown,limit_event_sentiment,probe_only,csv_probe_not_pit_silver,probe_only_candidate_source,data_engineering_backlog,false_until_silver_pit_panel,"probe/sample only; requires historical silverization, timestamp contract, and PIT join before selector use",silverize_first|then_rank_delta_flow_strength_membership_density,blocked,G:\Project_V7_Rotation\data\cn_public_enrichment\cn_zzshare_plate_fund_completeness_probe_v1_20260602\plate_fund_completeness_probe.csv,24,probe_n=82; ok=1,fix_or_silverize_before_selector
plate_fund_probe,plates_rank_days_new_limit9999,sum_leader_money,unknown,limit_event_sentiment,probe_only,csv_probe_not_pit_silver,probe_only_candidate_source,data_engineering_backlog,false_until_silver_pit_panel,"probe/sample only; requires historical silverization, timestamp contract, and PIT join before selector use",silverize_first|then_rank_delta_flow_strength_membership_density,blocked,G:\Project_V7_Rotation\data\cn_public_enrichment\cn_zzshare_plate_fund_completeness_probe_v1_20260602\plate_fund_completeness_probe.csv,24,probe_n=82; ok=1,fix_or_silverize_before_selector
plate_fund_probe,plates_rank_days_new_limit9999,sum_score,unknown,limit_event_sentiment,probe_only,csv_probe_not_pit_silver,probe_only_candidate_source,data_engineering_backlog,false_until_silver_pit_panel,"probe/sample only; requires historical silverization, timestamp contract, and PIT join before selector use",silverize_first|then_rank_delta_flow_strength_membership_density,blocked,G:\Project_V7_Rotation\data\cn_public_enrichment\cn_zzshare_plate_fund_completeness_probe_v1_20260602\plate_fund_completeness_probe.csv,24,probe_n=82; ok=1,fix_or_silverize_before_selector
plate_fund_probe,plates_rank_days_new_limit9999,days,unknown,limit_event_sentiment,probe_only,csv_probe_not_pit_silver,probe_only_candidate_source,data_engineering_backlog,false_until_silver_pit_panel,"probe/sample only; requires historical silverization, timestamp contract, and PIT join before selector use",silverize_first|then_rank_delta_flow_strength_membership_density,blocked,G:\Project_V7_Rotation\data\cn_public_enrichment\cn_zzshare_plate_fund_completeness_probe_v1_20260602\plate_fund_completeness_probe.csv,24,probe_n=82; ok=1,fix_or_silverize_before_selector
plate_fund_probe,plates_rank_days_new_limit9999,is_new,unknown,limit_event_sentiment,probe_only,csv_probe_not_pit_silver,probe_only_candidate_source,data_engineering_backlog,false_until_silver_pit_panel,"probe/sample only; requires historical silverization, timestamp contract, and PIT join before selector use",silverize_first|then_rank_delta_flow_strength_membership_density,blocked,G:\Project_V7_Rotation\data\cn_public_enrichment\cn_zzshare_plate_fund_completeness_probe_v1_20260602\plate_fund_completeness_probe.csv,24,probe_n=82; ok=1,fix_or_silverize_before_selector
plate_fund_probe,plates_rank_limit9999,plate_type,unknown,limit_event_sentiment,probe_only,csv_probe_not_pit_silver,probe_only_candidate_source,data_engineering_backlog,false_until_silver_pit_panel,"probe/sample only; requires historical silverization, timestamp contract, and PIT join before selector use",silverize_first|then_rank_delta_flow_strength_membership_density,blocked,G:\Project_V7_Rotation\data\cn_public_enrichment\cn_zzshare_plate_fund_completeness_probe_v1_20260602\plate_fund_completeness_probe.csv,24,probe_n=398; ok=1,fix_or_silverize_before_selector
plate_fund_probe,plates_rank_limit9999,plate_code,unknown,limit_event_sentiment,probe_only,csv_probe_not_pit_silver,probe_only_candidate_source,data_engineering_backlog,false_until_silver_pit_panel,"probe/sample only; requires historical silverization, timestamp contract, and PIT join before selector use",silverize_first|then_rank_delta_flow_strength_membership_density,blocked,G:\Project_V7_Rotation\data\cn_public_enrichment\cn_zzshare_plate_fund_completeness_probe_v1_20260602\plate_fund_completeness_probe.csv,24,probe_n=398; ok=1,fix_or_silverize_before_selector
plate_fund_probe,plates_rank_limit9999,score,unknown,limit_event_sentiment,probe_only,csv_probe_not_pit_silver,probe_only_candidate_source,data_engineering_backlog,false_until_silver_pit_panel,"probe/sample only; requires historical silverization, timestamp contract, and PIT join before selector use",silverize_first|then_rank_delta_flow_strength_membership_density,blocked,G:\Project_V7_Rotation\data\cn_public_enrichment\cn_zzshare_plate_fund_completeness_probe_v1_20260602\plate_fund_completeness_probe.csv,24,probe_n=398; ok=1,fix_or_silverize_before_selector
plate_fund_probe,plates_rank_limit9999,rate,unknown,limit_event_sentiment,probe_only,csv_probe_not_pit_silver,probe_only_candidate_source,data_engineering_backlog,false_until_silver_pit_panel,"probe/sample only; requires historical silverization, timestamp contract, and PIT join before selector use",silverize_first|then_rank_delta_flow_strength_membership_density,blocked,G:\Project_V7_Rotation\data\cn_public_enrichment\cn_zzshare_plate_fund_completeness_probe_v1_20260602\plate_fund_completeness_probe.csv,24,probe_n=398; ok=1,fix_or_silverize_before_selector
plate_fund_probe,plates_rank_limit9999,money_leader,unknown,limit_event_sentiment,probe_only,csv_probe_not_pit_silver,probe_only_candidate_source,data_engineering_backlog,false_until_silver_pit_panel,"probe/sample only; requires historical silverization, timestamp contract, and PIT join before selector use",silverize_first|then_rank_delta_flow_strength_membership_density,blocked,G:\Project_V7_Rotation\data\cn_public_enrichment\cn_zzshare_plate_fund_completeness_probe_v1_20260602\plate_fund_completeness_probe.csv,24,probe_n=398; ok=1,fix_or_silverize_before_selector
plate_fund_probe,plates_rank_limit9999,trade_money,unknown,limit_event_sentiment,probe_only,csv_probe_not_pit_silver,probe_only_candidate_source,data_engineering_backlog,false_until_silver_pit_panel,"probe/sample only; requires historical silverization, timestamp contract, and PIT join before selector use",silverize_first|then_rank_delta_flow_strength_membership_density,blocked,G:\Project_V7_Rotation\data\cn_public_enrichment\cn_zzshare_plate_fund_completeness_probe_v1_20260602\plate_fund_completeness_probe.csv,24,probe_n=398; ok=1,fix_or_silverize_before_selector
plate_fund_probe,plates_rank_limit9999,money_leader_sell,unknown,limit_event_sentiment,probe_only,csv_probe_not_pit_silver,probe_only_candidate_source,data_engineering_backlog,false_until_silver_pit_panel,"probe/sample only; requires historical silverization, timestamp contract, and PIT join before selector use",silverize_first|then_rank_delta_flow_strength_membership_density,blocked,G:\Project_V7_Rotation\data\cn_public_enrichment\cn_zzshare_plate_fund_completeness_probe_v1_20260602\plate_fund_completeness_probe.csv,24,probe_n=398; ok=1,fix_or_silverize_before_selector
plate_fund_probe,plates_rank_limit9999,market_cap_cir,unknown,limit_event_sentiment,probe_only,csv_probe_not_pit_silver,probe_only_candidate_source,data_engineering_backlog,false_until_silver_pit_panel,"probe/sample only; requires historical silverization, timestamp contract, and PIT join before selector use",silverize_first|then_rank_delta_flow_strength_membership_density,blocked,G:\Project_V7_Rotation\data\cn_public_enrichment\cn_zzshare_plate_fund_completeness_probe_v1_20260602\plate_fund_completeness_probe.csv,24,probe_n=398; ok=1,fix_or_silverize_before_selector
plate_fund_probe,plates_rank_limit9999,plate_name,unknown,text_or_description,probe_only,csv_probe_not_pit_silver,join_or_audit_metadata,not_alpha_feature,false,key/text/metadata only,none,blocked,G:\Project_V7_Rotation\data\cn_public_enrichment\cn_zzshare_plate_fund_completeness_probe_v1_20260602\plate_fund_completeness_probe.csv,24,probe_n=398; ok=1,fix_or_silverize_before_selector
plate_fund_probe,plates_rank_limit9999,id,unknown,metadata,probe_only,csv_probe_not_pit_silver,join_or_audit_metadata,not_alpha_feature,false,key/text/metadata only,none,blocked,G:\Project_V7_Rotation\data\cn_public_enrichment\cn_zzshare_plate_fund_completeness_probe_v1_20260602\plate_fund_completeness_probe.csv,24,probe_n=398; ok=1,fix_or_silverize_before_selector
plate_fund_probe,plates_rank_limit9999,date1,unknown,time_key_or_cutoff,probe_only,csv_probe_not_pit_silver,availability_key,not_alpha_feature,false,controls availability/cutoff; not standalone alpha,event_age|lagged_availability,blocked,G:\Project_V7_Rotation\data\cn_public_enrichment\cn_zzshare_plate_fund_completeness_probe_v1_20260602\plate_fund_completeness_probe.csv,24,probe_n=398; ok=1,fix_or_silverize_before_selector
plate_fund_probe,plates_rank_limit9999,speed,unknown,limit_event_sentiment,probe_only,csv_probe_not_pit_silver,probe_only_candidate_source,data_engineering_backlog,false_until_silver_pit_panel,"probe/sample only; requires historical silverization, timestamp contract, and PIT join before selector use",silverize_first|then_rank_delta_flow_strength_membership_density,blocked,G:\Project_V7_Rotation\data\cn_public_enrichment\cn_zzshare_plate_fund_completeness_probe_v1_20260602\plate_fund_completeness_probe.csv,24,probe_n=398; ok=1,fix_or_silverize_before_selector
plate_fund_probe,plates_rank_limit9999,money_leader_buy,unknown,limit_event_sentiment,probe_only,csv_probe_not_pit_silver,probe_only_candidate_source,data_engineering_backlog,false_until_silver_pit_panel,"probe/sample only; requires historical silverization, timestamp contract, and PIT join before selector use",silverize_first|then_rank_delta_flow_strength_membership_density,blocked,G:\Project_V7_Rotation\data\cn_public_enrichment\cn_zzshare_plate_fund_completeness_probe_v1_20260602\plate_fund_completeness_probe.csv,24,probe_n=398; ok=1,fix_or_silverize_before_selector
plate_fund_probe,plates_rank_limit9999,volume_ration,unknown,limit_event_sentiment,probe_only,csv_probe_not_pit_silver,probe_only_candidate_source,data_engineering_backlog,false_until_silver_pit_panel,"probe/sample only; requires historical silverization, timestamp contract, and PIT join before selector use",silverize_first|then_rank_delta_flow_strength_membership_density,blocked,G:\Project_V7_Rotation\data\cn_public_enrichment\cn_zzshare_plate_fund_completeness_probe_v1_20260602\plate_fund_completeness_probe.csv,24,probe_n=398; ok=1,fix_or_silverize_before_selector
plate_fund_probe,plates_rank_limit9999,time,unknown,time_key_or_cutoff,probe_only,csv_probe_not_pit_silver,event_cutoff_key,not_alpha_feature,false,controls availability/cutoff; not standalone alpha,event_age|lagged_availability,blocked,G:\Project_V7_Rotation\data\cn_public_enrichment\cn_zzshare_plate_fund_completeness_probe_v1_20260602\plate_fund_completeness_probe.csv,24,probe_n=398; ok=1,fix_or_silverize_before_selector
plate_fund_probe,plates_rank_days_new_limit9999,plate_code,unknown,limit_event_sentiment,probe_only,csv_probe_not_pit_silver,probe_only_candidate_source,data_engineering_backlog,false_until_silver_pit_panel,"probe/sample only; requires historical silverization, timestamp contract, and PIT join before selector use",silverize_first|then_rank_delta_flow_strength_membership_density,blocked,G:\Project_V7_Rotation\data\cn_public_enrichment\cn_zzshare_plate_fund_completeness_probe_v1_20260602\plate_fund_completeness_probe.csv,24,probe_n=398; ok=1,fix_or_silverize_before_selector
plate_fund_probe,plates_rank_days_new_limit9999,plate_name,unknown,text_or_description,probe_only,csv_probe_not_pit_silver,join_or_audit_metadata,not_alpha_feature,false,key/text/metadata only,none,blocked,G:\Project_V7_Rotation\data\cn_public_enrichment\cn_zzshare_plate_fund_completeness_probe_v1_20260602\plate_fund_completeness_probe.csv,24,probe_n=398; ok=1,fix_or_silverize_before_selector
plate_fund_probe,plates_rank_days_new_limit9999,sum_rate,unknown,limit_event_sentiment,probe_only,csv_probe_not_pit_silver,probe_only_candidate_source,data_engineering_backlog,false_until_silver_pit_panel,"probe/sample only; requires historical silverization, timestamp contract, and PIT join before selector use",silverize_first|then_rank_delta_flow_strength_membership_density,blocked,G:\Project_V7_Rotation\data\cn_public_enrichment\cn_zzshare_plate_fund_completeness_probe_v1_20260602\plate_fund_completeness_probe.csv,24,probe_n=398; ok=1,fix_or_silverize_before_selector
plate_fund_probe,plates_rank_days_new_limit9999,sum_leader_money,unknown,limit_event_sentiment,probe_only,csv_probe_not_pit_silver,probe_only_candidate_source,data_engineering_backlog,false_until_silver_pit_panel,"probe/sample only; requires historical silverization, timestamp contract, and PIT join before selector use",silverize_first|then_rank_delta_flow_strength_membership_density,blocked,G:\Project_V7_Rotation\data\cn_public_enrichment\cn_zzshare_plate_fund_completeness_probe_v1_20260602\plate_fund_completeness_probe.csv,24,probe_n=398; ok=1,fix_or_silverize_before_selector
plate_fund_probe,plates_rank_days_new_limit9999,sum_score,unknown,limit_event_sentiment,probe_only,csv_probe_not_pit_silver,probe_only_candidate_source,data_engineering_backlog,false_until_silver_pit_panel,"probe/sample only; requires historical silverization, timestamp contract, and PIT join before selector use",silverize_first|then_rank_delta_flow_strength_membership_density,blocked,G:\Project_V7_Rotation\data\cn_public_enrichment\cn_zzshare_plate_fund_completeness_probe_v1_20260602\plate_fund_completeness_probe.csv,24,probe_n=398; ok=1,fix_or_silverize_before_selector
plate_fund_probe,plates_rank_days_new_limit9999,days,unknown,limit_event_sentiment,probe_only,csv_probe_not_pit_silver,probe_only_candidate_source,data_engineering_backlog,false_until_silver_pit_panel,"probe/sample only; requires historical silverization, timestamp contract, and PIT join before selector use",silverize_first|then_rank_delta_flow_strength_membership_density,blocked,G:\Project_V7_Rotation\data\cn_public_enrichment\cn_zzshare_plate_fund_completeness_probe_v1_20260602\plate_fund_completeness_probe.csv,24,probe_n=398; ok=1,fix_or_silverize_before_selector
plate_fund_probe,plates_rank_days_new_limit9999,is_new,unknown,limit_event_sentiment,probe_only,csv_probe_not_pit_silver,probe_only_candidate_source,data_engineering_backlog,false_until_silver_pit_panel,"probe/sample only; requires historical silverization, timestamp contract, and PIT join before selector use",silverize_first|then_rank_delta_flow_strength_membership_density,blocked,G:\Project_V7_Rotation\data\cn_public_enrichment\cn_zzshare_plate_fund_completeness_probe_v1_20260602\plate_fund_completeness_probe.csv,24,probe_n=398; ok=1,fix_or_silverize_before_selector
plate_fund_probe,plates_rank_limit9999,plate_type,unknown,limit_event_sentiment,probe_only,csv_probe_not_pit_silver,probe_only_candidate_source,data_engineering_backlog,false_until_silver_pit_panel,"probe/sample only; requires historical silverization, timestamp contract, and PIT join before selector use",silverize_first|then_rank_delta_flow_strength_membership_density,blocked,G:\Project_V7_Rotation\data\cn_public_enrichment\cn_zzshare_plate_fund_completeness_probe_v1_20260602\plate_fund_completeness_probe.csv,24,probe_n=235; ok=1,fix_or_silverize_before_selector
plate_fund_probe,plates_rank_limit9999,plate_code,unknown,limit_event_sentiment,probe_only,csv_probe_not_pit_silver,probe_only_candidate_source,data_engineering_backlog,false_until_silver_pit_panel,"probe/sample only; requires historical silverization, timestamp contract, and PIT join before selector use",silverize_first|then_rank_delta_flow_strength_membership_density,blocked,G:\Project_V7_Rotation\data\cn_public_enrichment\cn_zzshare_plate_fund_completeness_probe_v1_20260602\plate_fund_completeness_probe.csv,24,probe_n=235; ok=1,fix_or_silverize_before_selector
plate_fund_probe,plates_rank_limit9999,score,unknown,limit_event_sentiment,probe_only,csv_probe_not_pit_silver,probe_only_candidate_source,data_engineering_backlog,false_until_silver_pit_panel,"probe/sample only; requires historical silverization, timestamp contract, and PIT join before selector use",silverize_first|then_rank_delta_flow_strength_membership_density,blocked,G:\Project_V7_Rotation\data\cn_public_enrichment\cn_zzshare_plate_fund_completeness_probe_v1_20260602\plate_fund_completeness_probe.csv,24,probe_n=235; ok=1,fix_or_silverize_before_selector
plate_fund_probe,plates_rank_limit9999,rate,unknown,limit_event_sentiment,probe_only,csv_probe_not_pit_silver,probe_only_candidate_source,data_engineering_backlog,false_until_silver_pit_panel,"probe/sample only; requires historical silverization, timestamp contract, and PIT join before selector use",silverize_first|then_rank_delta_flow_strength_membership_density,blocked,G:\Project_V7_Rotation\data\cn_public_enrichment\cn_zzshare_plate_fund_completeness_probe_v1_20260602\plate_fund_completeness_probe.csv,24,probe_n=235; ok=1,fix_or_silverize_before_selector
plate_fund_probe,plates_rank_limit9999,money_leader,unknown,limit_event_sentiment,probe_only,csv_probe_not_pit_silver,probe_only_candidate_source,data_engineering_backlog,false_until_silver_pit_panel,"probe/sample only; requires historical silverization, timestamp contract, and PIT join before selector use",silverize_first|then_rank_delta_flow_strength_membership_density,blocked,G:\Project_V7_Rotation\data\cn_public_enrichment\cn_zzshare_plate_fund_completeness_probe_v1_20260602\plate_fund_completeness_probe.csv,24,probe_n=235; ok=1,fix_or_silverize_before_selector
plate_fund_probe,plates_rank_limit9999,trade_money,unknown,limit_event_sentiment,probe_only,csv_probe_not_pit_silver,probe_only_candidate_source,data_engineering_backlog,false_until_silver_pit_panel,"probe/sample only; requires historical silverization, timestamp contract, and PIT join before selector use",silverize_first|then_rank_delta_flow_strength_membership_density,blocked,G:\Project_V7_Rotation\data\cn_public_enrichment\cn_zzshare_plate_fund_completeness_probe_v1_20260602\plate_fund_completeness_probe.csv,24,probe_n=235; ok=1,fix_or_silverize_before_selector
plate_fund_probe,plates_rank_limit9999,money_leader_sell,unknown,limit_event_sentiment,probe_only,csv_probe_not_pit_silver,probe_only_candidate_source,data_engineering_backlog,false_until_silver_pit_panel,"probe/sample only; requires historical silverization, timestamp contract, and PIT join before selector use",silverize_first|then_rank_delta_flow_strength_membership_density,blocked,G:\Project_V7_Rotation\data\cn_public_enrichment\cn_zzshare_plate_fund_completeness_probe_v1_20260602\plate_fund_completeness_probe.csv,24,probe_n=235; ok=1,fix_or_silverize_before_selector
plate_fund_probe,plates_rank_limit9999,market_cap_cir,unknown,limit_event_sentiment,probe_only,csv_probe_not_pit_silver,probe_only_candidate_source,data_engineering_backlog,false_until_silver_pit_panel,"probe/sample only; requires historical silverization, timestamp contract, and PIT join before selector use",silverize_first|then_rank_delta_flow_strength_membership_density,blocked,G:\Project_V7_Rotation\data\cn_public_enrichment\cn_zzshare_plate_fund_completeness_probe_v1_20260602\plate_fund_completeness_probe.csv,24,probe_n=235; ok=1,fix_or_silverize_before_selector
plate_fund_probe,plates_rank_limit9999,plate_name,unknown,text_or_description,probe_only,csv_probe_not_pit_silver,join_or_audit_metadata,not_alpha_feature,false,key/text/metadata only,none,blocked,G:\Project_V7_Rotation\data\cn_public_enrichment\cn_zzshare_plate_fund_completeness_probe_v1_20260602\plate_fund_completeness_probe.csv,24,probe_n=235; ok=1,fix_or_silverize_before_selector
plate_fund_probe,plates_rank_limit9999,id,unknown,metadata,probe_only,csv_probe_not_pit_silver,join_or_audit_metadata,not_alpha_feature,false,key/text/metadata only,none,blocked,G:\Project_V7_Rotation\data\cn_public_enrichment\cn_zzshare_plate_fund_completeness_probe_v1_20260602\plate_fund_completeness_probe.csv,24,probe_n=235; ok=1,fix_or_silverize_before_selector
plate_fund_probe,plates_rank_limit9999,date1,unknown,time_key_or_cutoff,probe_only,csv_probe_not_pit_silver,availability_key,not_alpha_feature,false,controls availability/cutoff; not standalone alpha,event_age|lagged_availability,blocked,G:\Project_V7_Rotation\data\cn_public_enrichment\cn_zzshare_plate_fund_completeness_probe_v1_20260602\plate_fund_completeness_probe.csv,24,probe_n=235; ok=1,fix_or_silverize_before_selector
plate_fund_probe,plates_rank_limit9999,speed,unknown,limit_event_sentiment,probe_only,csv_probe_not_pit_silver,probe_only_candidate_source,data_engineering_backlog,false_until_silver_pit_panel,"probe/sample only; requires historical silverization, timestamp contract, and PIT join before selector use",silverize_first|then_rank_delta_flow_strength_membership_density,blocked,G:\Project_V7_Rotation\data\cn_public_enrichment\cn_zzshare_plate_fund_completeness_probe_v1_20260602\plate_fund_completeness_probe.csv,24,probe_n=235; ok=1,fix_or_silverize_before_selector
plate_fund_probe,plates_rank_limit9999,money_leader_buy,unknown,limit_event_sentiment,probe_only,csv_probe_not_pit_silver,probe_only_candidate_source,data_engineering_backlog,false_until_silver_pit_panel,"probe/sample only; requires historical silverization, timestamp contract, and PIT join before selector use",silverize_first|then_rank_delta_flow_strength_membership_density,blocked,G:\Project_V7_Rotation\data\cn_public_enrichment\cn_zzshare_plate_fund_completeness_probe_v1_20260602\plate_fund_completeness_probe.csv,24,probe_n=235; ok=1,fix_or_silverize_before_selector
plate_fund_probe,plates_rank_limit9999,volume_ration,unknown,limit_event_sentiment,probe_only,csv_probe_not_pit_silver,probe_only_candidate_source,data_engineering_backlog,false_until_silver_pit_panel,"probe/sample only; requires historical silverization, timestamp contract, and PIT join before selector use",silverize_first|then_rank_delta_flow_strength_membership_density,blocked,G:\Project_V7_Rotation\data\cn_public_enrichment\cn_zzshare_plate_fund_completeness_probe_v1_20260602\plate_fund_completeness_probe.csv,24,probe_n=235; ok=1,fix_or_silverize_before_selector
plate_fund_probe,plates_rank_limit9999,time,unknown,time_key_or_cutoff,probe_only,csv_probe_not_pit_silver,event_cutoff_key,not_alpha_feature,false,controls availability/cutoff; not standalone alpha,event_age|lagged_availability,blocked,G:\Project_V7_Rotation\data\cn_public_enrichment\cn_zzshare_plate_fund_completeness_probe_v1_20260602\plate_fund_completeness_probe.csv,24,probe_n=235; ok=1,fix_or_silverize_before_selector
plate_fund_probe,plates_rank_days_new_limit9999,plate_code,unknown,limit_event_sentiment,probe_only,csv_probe_not_pit_silver,probe_only_candidate_source,data_engineering_backlog,false_until_silver_pit_panel,"probe/sample only; requires historical silverization, timestamp contract, and PIT join before selector use",silverize_first|then_rank_delta_flow_strength_membership_density,blocked,G:\Project_V7_Rotation\data\cn_public_enrichment\cn_zzshare_plate_fund_completeness_probe_v1_20260602\plate_fund_completeness_probe.csv,24,probe_n=236; ok=1,fix_or_silverize_before_selector
plate_fund_probe,plates_rank_days_new_limit9999,plate_name,unknown,text_or_description,probe_only,csv_probe_not_pit_silver,join_or_audit_metadata,not_alpha_feature,false,key/text/metadata only,none,blocked,G:\Project_V7_Rotation\data\cn_public_enrichment\cn_zzshare_plate_fund_completeness_probe_v1_20260602\plate_fund_completeness_probe.csv,24,probe_n=236; ok=1,fix_or_silverize_before_selector
plate_fund_probe,plates_rank_days_new_limit9999,sum_rate,unknown,limit_event_sentiment,probe_only,csv_probe_not_pit_silver,probe_only_candidate_source,data_engineering_backlog,false_until_silver_pit_panel,"probe/sample only; requires historical silverization, timestamp contract, and PIT join before selector use",silverize_first|then_rank_delta_flow_strength_membership_density,blocked,G:\Project_V7_Rotation\data\cn_public_enrichment\cn_zzshare_plate_fund_completeness_probe_v1_20260602\plate_fund_completeness_probe.csv,24,probe_n=236; ok=1,fix_or_silverize_before_selector
plate_fund_probe,plates_rank_days_new_limit9999,sum_leader_money,unknown,limit_event_sentiment,probe_only,csv_probe_not_pit_silver,probe_only_candidate_source,data_engineering_backlog,false_until_silver_pit_panel,"probe/sample only; requires historical silverization, timestamp contract, and PIT join before selector use",silverize_first|then_rank_delta_flow_strength_membership_density,blocked,G:\Project_V7_Rotation\data\cn_public_enrichment\cn_zzshare_plate_fund_completeness_probe_v1_20260602\plate_fund_completeness_probe.csv,24,probe_n=236; ok=1,fix_or_silverize_before_selector
plate_fund_probe,plates_rank_days_new_limit9999,sum_score,unknown,limit_event_sentiment,probe_only,csv_probe_not_pit_silver,probe_only_candidate_source,data_engineering_backlog,false_until_silver_pit_panel,"probe/sample only; requires historical silverization, timestamp contract, and PIT join before selector use",silverize_first|then_rank_delta_flow_strength_membership_density,blocked,G:\Project_V7_Rotation\data\cn_public_enrichment\cn_zzshare_plate_fund_completeness_probe_v1_20260602\plate_fund_completeness_probe.csv,24,probe_n=236; ok=1,fix_or_silverize_before_selector
plate_fund_probe,plates_rank_days_new_limit9999,days,unknown,limit_event_sentiment,probe_only,csv_probe_not_pit_silver,probe_only_candidate_source,data_engineering_backlog,false_until_silver_pit_panel,"probe/sample only; requires historical silverization, timestamp contract, and PIT join before selector use",silverize_first|then_rank_delta_flow_strength_membership_density,blocked,G:\Project_V7_Rotation\data\cn_public_enrichment\cn_zzshare_plate_fund_completeness_probe_v1_20260602\plate_fund_completeness_probe.csv,24,probe_n=236; ok=1,fix_or_silverize_before_selector
plate_fund_probe,plates_rank_days_new_limit9999,is_new,unknown,limit_event_sentiment,probe_only,csv_probe_not_pit_silver,probe_only_candidate_source,data_engineering_backlog,false_until_silver_pit_panel,"probe/sample only; requires historical silverization, timestamp contract, and PIT join before selector use",silverize_first|then_rank_delta_flow_strength_membership_density,blocked,G:\Project_V7_Rotation\data\cn_public_enrichment\cn_zzshare_plate_fund_completeness_probe_v1_20260602\plate_fund_completeness_probe.csv,24,probe_n=236; ok=1,fix_or_silverize_before_selector
plate_fund_probe,plates_rank_limit9999,plate_type,unknown,limit_event_sentiment,probe_only,csv_probe_not_pit_silver,probe_only_candidate_source,data_engineering_backlog,false_until_silver_pit_panel,"probe/sample only; requires historical silverization, timestamp contract, and PIT join before selector use",silverize_first|then_rank_delta_flow_strength_membership_density,blocked,G:\Project_V7_Rotation\data\cn_public_enrichment\cn_zzshare_plate_fund_completeness_probe_v1_20260602\plate_fund_completeness_probe.csv,24,probe_n=76; ok=1,fix_or_silverize_before_selector
plate_fund_probe,plates_rank_limit9999,plate_code,unknown,limit_event_sentiment,probe_only,csv_probe_not_pit_silver,probe_only_candidate_source,data_engineering_backlog,false_until_silver_pit_panel,"probe/sample only; requires historical silverization, timestamp contract, and PIT join before selector use",silverize_first|then_rank_delta_flow_strength_membership_density,blocked,G:\Project_V7_Rotation\data\cn_public_enrichment\cn_zzshare_plate_fund_completeness_probe_v1_20260602\plate_fund_completeness_probe.csv,24,probe_n=76; ok=1,fix_or_silverize_before_selector
plate_fund_probe,plates_rank_limit9999,score,unknown,limit_event_sentiment,probe_only,csv_probe_not_pit_silver,probe_only_candidate_source,data_engineering_backlog,false_until_silver_pit_panel,"probe/sample only; requires historical silverization, timestamp contract, and PIT join before selector use",silverize_first|then_rank_delta_flow_strength_membership_density,blocked,G:\Project_V7_Rotation\data\cn_public_enrichment\cn_zzshare_plate_fund_completeness_probe_v1_20260602\plate_fund_completeness_probe.csv,24,probe_n=76; ok=1,fix_or_silverize_before_selector
plate_fund_probe,plates_rank_limit9999,rate,unknown,limit_event_sentiment,probe_only,csv_probe_not_pit_silver,probe_only_candidate_source,data_engineering_backlog,false_until_silver_pit_panel,"probe/sample only; requires historical silverization, timestamp contract, and PIT join before selector use",silverize_first|then_rank_delta_flow_strength_membership_density,blocked,G:\Project_V7_Rotation\data\cn_public_enrichment\cn_zzshare_plate_fund_completeness_probe_v1_20260602\plate_fund_completeness_probe.csv,24,probe_n=76; ok=1,fix_or_silverize_before_selector
plate_fund_probe,plates_rank_limit9999,money_leader,unknown,limit_event_sentiment,probe_only,csv_probe_not_pit_silver,probe_only_candidate_source,data_engineering_backlog,false_until_silver_pit_panel,"probe/sample only; requires historical silverization, timestamp contract, and PIT join before selector use",silverize_first|then_rank_delta_flow_strength_membership_density,blocked,G:\Project_V7_Rotation\data\cn_public_enrichment\cn_zzshare_plate_fund_completeness_probe_v1_20260602\plate_fund_completeness_probe.csv,24,probe_n=76; ok=1,fix_or_silverize_before_selector
plate_fund_probe,plates_rank_limit9999,trade_money,unknown,limit_event_sentiment,probe_only,csv_probe_not_pit_silver,probe_only_candidate_source,data_engineering_backlog,false_until_silver_pit_panel,"probe/sample only; requires historical silverization, timestamp contract, and PIT join before selector use",silverize_first|then_rank_delta_flow_strength_membership_density,blocked,G:\Project_V7_Rotation\data\cn_public_enrichment\cn_zzshare_plate_fund_completeness_probe_v1_20260602\plate_fund_completeness_probe.csv,24,probe_n=76; ok=1,fix_or_silverize_before_selector
plate_fund_probe,plates_rank_limit9999,money_leader_sell,unknown,limit_event_sentiment,probe_only,csv_probe_not_pit_silver,probe_only_candidate_source,data_engineering_backlog,false_until_silver_pit_panel,"probe/sample only; requires historical silverization, timestamp contract, and PIT join before selector use",silverize_first|then_rank_delta_flow_strength_membership_density,blocked,G:\Project_V7_Rotation\data\cn_public_enrichment\cn_zzshare_plate_fund_completeness_probe_v1_20260602\plate_fund_completeness_probe.csv,24,probe_n=76; ok=1,fix_or_silverize_before_selector
plate_fund_probe,plates_rank_limit9999,market_cap_cir,unknown,limit_event_sentiment,probe_only,csv_probe_not_pit_silver,probe_only_candidate_source,data_engineering_backlog,false_until_silver_pit_panel,"probe/sample only; requires historical silverization, timestamp contract, and PIT join before selector use",silverize_first|then_rank_delta_flow_strength_membership_density,blocked,G:\Project_V7_Rotation\data\cn_public_enrichment\cn_zzshare_plate_fund_completeness_probe_v1_20260602\plate_fund_completeness_probe.csv,24,probe_n=76; ok=1,fix_or_silverize_before_selector
plate_fund_probe,plates_rank_limit9999,plate_name,unknown,text_or_description,probe_only,csv_probe_not_pit_silver,join_or_audit_metadata,not_alpha_feature,false,key/text/metadata only,none,blocked,G:\Project_V7_Rotation\data\cn_public_enrichment\cn_zzshare_plate_fund_completeness_probe_v1_20260602\plate_fund_completeness_probe.csv,24,probe_n=76; ok=1,fix_or_silverize_before_selector
plate_fund_probe,plates_rank_limit9999,id,unknown,metadata,probe_only,csv_probe_not_pit_silver,join_or_audit_metadata,not_alpha_feature,false,key/text/metadata only,none,blocked,G:\Project_V7_Rotation\data\cn_public_enrichment\cn_zzshare_plate_fund_completeness_probe_v1_20260602\plate_fund_completeness_probe.csv,24,probe_n=76; ok=1,fix_or_silverize_before_selector
plate_fund_probe,plates_rank_limit9999,date1,unknown,time_key_or_cutoff,probe_only,csv_probe_not_pit_silver,availability_key,not_alpha_feature,false,controls availability/cutoff; not standalone alpha,event_age|lagged_availability,blocked,G:\Project_V7_Rotation\data\cn_public_enrichment\cn_zzshare_plate_fund_completeness_probe_v1_20260602\plate_fund_completeness_probe.csv,24,probe_n=76; ok=1,fix_or_silverize_before_selector
plate_fund_probe,plates_rank_limit9999,speed,unknown,limit_event_sentiment,probe_only,csv_probe_not_pit_silver,probe_only_candidate_source,data_engineering_backlog,false_until_silver_pit_panel,"probe/sample only; requires historical silverization, timestamp contract, and PIT join before selector use",silverize_first|then_rank_delta_flow_strength_membership_density,blocked,G:\Project_V7_Rotation\data\cn_public_enrichment\cn_zzshare_plate_fund_completeness_probe_v1_20260602\plate_fund_completeness_probe.csv,24,probe_n=76; ok=1,fix_or_silverize_before_selector
plate_fund_probe,plates_rank_limit9999,money_leader_buy,unknown,limit_event_sentiment,probe_only,csv_probe_not_pit_silver,probe_only_candidate_source,data_engineering_backlog,false_until_silver_pit_panel,"probe/sample only; requires historical silverization, timestamp contract, and PIT join before selector use",silverize_first|then_rank_delta_flow_strength_membership_density,blocked,G:\Project_V7_Rotation\data\cn_public_enrichment\cn_zzshare_plate_fund_completeness_probe_v1_20260602\plate_fund_completeness_probe.csv,24,probe_n=76; ok=1,fix_or_silverize_before_selector
plate_fund_probe,plates_rank_limit9999,volume_ration,unknown,limit_event_sentiment,probe_only,csv_probe_not_pit_silver,probe_only_candidate_source,data_engineering_backlog,false_until_silver_pit_panel,"probe/sample only; requires historical silverization, timestamp contract, and PIT join before selector use",silverize_first|then_rank_delta_flow_strength_membership_density,blocked,G:\Project_V7_Rotation\data\cn_public_enrichment\cn_zzshare_plate_fund_completeness_probe_v1_20260602\plate_fund_completeness_probe.csv,24,probe_n=76; ok=1,fix_or_silverize_before_selector
plate_fund_probe,plates_rank_limit9999,time,unknown,time_key_or_cutoff,probe_only,csv_probe_not_pit_silver,event_cutoff_key,not_alpha_feature,false,controls availability/cutoff; not standalone alpha,event_age|lagged_availability,blocked,G:\Project_V7_Rotation\data\cn_public_enrichment\cn_zzshare_plate_fund_completeness_probe_v1_20260602\plate_fund_completeness_probe.csv,24,probe_n=76; ok=1,fix_or_silverize_before_selector
plate_fund_probe,plates_rank_days_new_limit9999,plate_code,unknown,limit_event_sentiment,probe_only,csv_probe_not_pit_silver,probe_only_candidate_source,data_engineering_backlog,false_until_silver_pit_panel,"probe/sample only; requires historical silverization, timestamp contract, and PIT join before selector use",silverize_first|then_rank_delta_flow_strength_membership_density,blocked,G:\Project_V7_Rotation\data\cn_public_enrichment\cn_zzshare_plate_fund_completeness_probe_v1_20260602\plate_fund_completeness_probe.csv,24,probe_n=76; ok=1,fix_or_silverize_before_selector
plate_fund_probe,plates_rank_days_new_limit9999,plate_name,unknown,text_or_description,probe_only,csv_probe_not_pit_silver,join_or_audit_metadata,not_alpha_feature,false,key/text/metadata only,none,blocked,G:\Project_V7_Rotation\data\cn_public_enrichment\cn_zzshare_plate_fund_completeness_probe_v1_20260602\plate_fund_completeness_probe.csv,24,probe_n=76; ok=1,fix_or_silverize_before_selector
plate_fund_probe,plates_rank_days_new_limit9999,sum_rate,unknown,limit_event_sentiment,probe_only,csv_probe_not_pit_silver,probe_only_candidate_source,data_engineering_backlog,false_until_silver_pit_panel,"probe/sample only; requires historical silverization, timestamp contract, and PIT join before selector use",silverize_first|then_rank_delta_flow_strength_membership_density,blocked,G:\Project_V7_Rotation\data\cn_public_enrichment\cn_zzshare_plate_fund_completeness_probe_v1_20260602\plate_fund_completeness_probe.csv,24,probe_n=76; ok=1,fix_or_silverize_before_selector
plate_fund_probe,plates_rank_days_new_limit9999,sum_leader_money,unknown,limit_event_sentiment,probe_only,csv_probe_not_pit_silver,probe_only_candidate_source,data_engineering_backlog,false_until_silver_pit_panel,"probe/sample only; requires historical silverization, timestamp contract, and PIT join before selector use",silverize_first|then_rank_delta_flow_strength_membership_density,blocked,G:\Project_V7_Rotation\data\cn_public_enrichment\cn_zzshare_plate_fund_completeness_probe_v1_20260602\plate_fund_completeness_probe.csv,24,probe_n=76; ok=1,fix_or_silverize_before_selector
plate_fund_probe,plates_rank_days_new_limit9999,sum_score,unknown,limit_event_sentiment,probe_only,csv_probe_not_pit_silver,probe_only_candidate_source,data_engineering_backlog,false_until_silver_pit_panel,"probe/sample only; requires historical silverization, timestamp contract, and PIT join before selector use",silverize_first|then_rank_delta_flow_strength_membership_density,blocked,G:\Project_V7_Rotation\data\cn_public_enrichment\cn_zzshare_plate_fund_completeness_probe_v1_20260602\plate_fund_completeness_probe.csv,24,probe_n=76; ok=1,fix_or_silverize_before_selector
plate_fund_probe,plates_rank_days_new_limit9999,days,unknown,limit_event_sentiment,probe_only,csv_probe_not_pit_silver,probe_only_candidate_source,data_engineering_backlog,false_until_silver_pit_panel,"probe/sample only; requires historical silverization, timestamp contract, and PIT join before selector use",silverize_first|then_rank_delta_flow_strength_membership_density,blocked,G:\Project_V7_Rotation\data\cn_public_enrichment\cn_zzshare_plate_fund_completeness_probe_v1_20260602\plate_fund_completeness_probe.csv,24,probe_n=76; ok=1,fix_or_silverize_before_selector
plate_fund_probe,plates_rank_days_new_limit9999,is_new,unknown,limit_event_sentiment,probe_only,csv_probe_not_pit_silver,probe_only_candidate_source,data_engineering_backlog,false_until_silver_pit_panel,"probe/sample only; requires historical silverization, timestamp contract, and PIT join before selector use",silverize_first|then_rank_delta_flow_strength_membership_density,blocked,G:\Project_V7_Rotation\data\cn_public_enrichment\cn_zzshare_plate_fund_completeness_probe_v1_20260602\plate_fund_completeness_probe.csv,24,probe_n=76; ok=1,fix_or_silverize_before_selector
plate_fund_probe,plates_rank_limit9999,plate_type,unknown,limit_event_sentiment,probe_only,csv_probe_not_pit_silver,probe_only_candidate_source,data_engineering_backlog,false_until_silver_pit_panel,"probe/sample only; requires historical silverization, timestamp contract, and PIT join before selector use",silverize_first|then_rank_delta_flow_strength_membership_density,blocked,G:\Project_V7_Rotation\data\cn_public_enrichment\cn_zzshare_plate_fund_completeness_probe_v1_20260602\plate_fund_completeness_probe.csv,24,probe_n=399; ok=1,fix_or_silverize_before_selector
plate_fund_probe,plates_rank_limit9999,plate_code,unknown,limit_event_sentiment,probe_only,csv_probe_not_pit_silver,probe_only_candidate_source,data_engineering_backlog,false_until_silver_pit_panel,"probe/sample only; requires historical silverization, timestamp contract, and PIT join before selector use",silverize_first|then_rank_delta_flow_strength_membership_density,blocked,G:\Project_V7_Rotation\data\cn_public_enrichment\cn_zzshare_plate_fund_completeness_probe_v1_20260602\plate_fund_completeness_probe.csv,24,probe_n=399; ok=1,fix_or_silverize_before_selector
plate_fund_probe,plates_rank_limit9999,score,unknown,limit_event_sentiment,probe_only,csv_probe_not_pit_silver,probe_only_candidate_source,data_engineering_backlog,false_until_silver_pit_panel,"probe/sample only; requires historical silverization, timestamp contract, and PIT join before selector use",silverize_first|then_rank_delta_flow_strength_membership_density,blocked,G:\Project_V7_Rotation\data\cn_public_enrichment\cn_zzshare_plate_fund_completeness_probe_v1_20260602\plate_fund_completeness_probe.csv,24,probe_n=399; ok=1,fix_or_silverize_before_selector
plate_fund_probe,plates_rank_limit9999,rate,unknown,limit_event_sentiment,probe_only,csv_probe_not_pit_silver,probe_only_candidate_source,data_engineering_backlog,false_until_silver_pit_panel,"probe/sample only; requires historical silverization, timestamp contract, and PIT join before selector use",silverize_first|then_rank_delta_flow_strength_membership_density,blocked,G:\Project_V7_Rotation\data\cn_public_enrichment\cn_zzshare_plate_fund_completeness_probe_v1_20260602\plate_fund_completeness_probe.csv,24,probe_n=399; ok=1,fix_or_silverize_before_selector
plate_fund_probe,plates_rank_limit9999,money_leader,unknown,limit_event_sentiment,probe_only,csv_probe_not_pit_silver,probe_only_candidate_source,data_engineering_backlog,false_until_silver_pit_panel,"probe/sample only; requires historical silverization, timestamp contract, and PIT join before selector use",silverize_first|then_rank_delta_flow_strength_membership_density,blocked,G:\Project_V7_Rotation\data\cn_public_enrichment\cn_zzshare_plate_fund_completeness_probe_v1_20260602\plate_fund_completeness_probe.csv,24,probe_n=399; ok=1,fix_or_silverize_before_selector
plate_fund_probe,plates_rank_limit9999,trade_money,unknown,limit_event_sentiment,probe_only,csv_probe_not_pit_silver,probe_only_candidate_source,data_engineering_backlog,false_until_silver_pit_panel,"probe/sample only; requires historical silverization, timestamp contract, and PIT join before selector use",silverize_first|then_rank_delta_flow_strength_membership_density,blocked,G:\Project_V7_Rotation\data\cn_public_enrichment\cn_zzshare_plate_fund_completeness_probe_v1_20260602\plate_fund_completeness_probe.csv,24,probe_n=399; ok=1,fix_or_silverize_before_selector
plate_fund_probe,plates_rank_limit9999,money_leader_sell,unknown,limit_event_sentiment,probe_only,csv_probe_not_pit_silver,probe_only_candidate_source,data_engineering_backlog,false_until_silver_pit_panel,"probe/sample only; requires historical silverization, timestamp contract, and PIT join before selector use",silverize_first|then_rank_delta_flow_strength_membership_density,blocked,G:\Project_V7_Rotation\data\cn_public_enrichment\cn_zzshare_plate_fund_completeness_probe_v1_20260602\plate_fund_completeness_probe.csv,24,probe_n=399; ok=1,fix_or_silverize_before_selector
plate_fund_probe,plates_rank_limit9999,market_cap_cir,unknown,limit_event_sentiment,probe_only,csv_probe_not_pit_silver,probe_only_candidate_source,data_engineering_backlog,false_until_silver_pit_panel,"probe/sample only; requires historical silverization, timestamp contract, and PIT join before selector use",silverize_first|then_rank_delta_flow_strength_membership_density,blocked,G:\Project_V7_Rotation\data\cn_public_enrichment\cn_zzshare_plate_fund_completeness_probe_v1_20260602\plate_fund_completeness_probe.csv,24,probe_n=399; ok=1,fix_or_silverize_before_selector
plate_fund_probe,plates_rank_limit9999,plate_name,unknown,text_or_description,probe_only,csv_probe_not_pit_silver,join_or_audit_metadata,not_alpha_feature,false,key/text/metadata only,none,blocked,G:\Project_V7_Rotation\data\cn_public_enrichment\cn_zzshare_plate_fund_completeness_probe_v1_20260602\plate_fund_completeness_probe.csv,24,probe_n=399; ok=1,fix_or_silverize_before_selector
plate_fund_probe,plates_rank_limit9999,id,unknown,metadata,probe_only,csv_probe_not_pit_silver,join_or_audit_metadata,not_alpha_feature,false,key/text/metadata only,none,blocked,G:\Project_V7_Rotation\data\cn_public_enrichment\cn_zzshare_plate_fund_completeness_probe_v1_20260602\plate_fund_completeness_probe.csv,24,probe_n=399; ok=1,fix_or_silverize_before_selector
plate_fund_probe,plates_rank_limit9999,date1,unknown,time_key_or_cutoff,probe_only,csv_probe_not_pit_silver,availability_key,not_alpha_feature,false,controls availability/cutoff; not standalone alpha,event_age|lagged_availability,blocked,G:\Project_V7_Rotation\data\cn_public_enrichment\cn_zzshare_plate_fund_completeness_probe_v1_20260602\plate_fund_completeness_probe.csv,24,probe_n=399; ok=1,fix_or_silverize_before_selector
plate_fund_probe,plates_rank_limit9999,speed,unknown,limit_event_sentiment,probe_only,csv_probe_not_pit_silver,probe_only_candidate_source,data_engineering_backlog,false_until_silver_pit_panel,"probe/sample only; requires historical silverization, timestamp contract, and PIT join before selector use",silverize_first|then_rank_delta_flow_strength_membership_density,blocked,G:\Project_V7_Rotation\data\cn_public_enrichment\cn_zzshare_plate_fund_completeness_probe_v1_20260602\plate_fund_completeness_probe.csv,24,probe_n=399; ok=1,fix_or_silverize_before_selector
plate_fund_probe,plates_rank_limit9999,money_leader_buy,unknown,limit_event_sentiment,probe_only,csv_probe_not_pit_silver,probe_only_candidate_source,data_engineering_backlog,false_until_silver_pit_panel,"probe/sample only; requires historical silverization, timestamp contract, and PIT join before selector use",silverize_first|then_rank_delta_flow_strength_membership_density,blocked,G:\Project_V7_Rotation\data\cn_public_enrichment\cn_zzshare_plate_fund_completeness_probe_v1_20260602\plate_fund_completeness_probe.csv,24,probe_n=399; ok=1,fix_or_silverize_before_selector
plate_fund_probe,plates_rank_limit9999,volume_ration,unknown,limit_event_sentiment,probe_only,csv_probe_not_pit_silver,probe_only_candidate_source,data_engineering_backlog,false_until_silver_pit_panel,"probe/sample only; requires historical silverization, timestamp contract, and PIT join before selector use",silverize_first|then_rank_delta_flow_strength_membership_density,blocked,G:\Project_V7_Rotation\data\cn_public_enrichment\cn_zzshare_plate_fund_completeness_probe_v1_20260602\plate_fund_completeness_probe.csv,24,probe_n=399; ok=1,fix_or_silverize_before_selector
plate_fund_probe,plates_rank_limit9999,time,unknown,time_key_or_cutoff,probe_only,csv_probe_not_pit_silver,event_cutoff_key,not_alpha_feature,false,controls availability/cutoff; not standalone alpha,event_age|lagged_availability,blocked,G:\Project_V7_Rotation\data\cn_public_enrichment\cn_zzshare_plate_fund_completeness_probe_v1_20260602\plate_fund_completeness_probe.csv,24,probe_n=399; ok=1,fix_or_silverize_before_selector
plate_fund_probe,plates_rank_days_new_limit9999,plate_code,unknown,limit_event_sentiment,probe_only,csv_probe_not_pit_silver,probe_only_candidate_source,data_engineering_backlog,false_until_silver_pit_panel,"probe/sample only; requires historical silverization, timestamp contract, and PIT join before selector use",silverize_first|then_rank_delta_flow_strength_membership_density,blocked,G:\Project_V7_Rotation\data\cn_public_enrichment\cn_zzshare_plate_fund_completeness_probe_v1_20260602\plate_fund_completeness_probe.csv,24,probe_n=399; ok=1,fix_or_silverize_before_selector
plate_fund_probe,plates_rank_days_new_limit9999,plate_name,unknown,text_or_description,probe_only,csv_probe_not_pit_silver,join_or_audit_metadata,not_alpha_feature,false,key/text/metadata only,none,blocked,G:\Project_V7_Rotation\data\cn_public_enrichment\cn_zzshare_plate_fund_completeness_probe_v1_20260602\plate_fund_completeness_probe.csv,24,probe_n=399; ok=1,fix_or_silverize_before_selector
plate_fund_probe,plates_rank_days_new_limit9999,sum_rate,unknown,limit_event_sentiment,probe_only,csv_probe_not_pit_silver,probe_only_candidate_source,data_engineering_backlog,false_until_silver_pit_panel,"probe/sample only; requires historical silverization, timestamp contract, and PIT join before selector use",silverize_first|then_rank_delta_flow_strength_membership_density,blocked,G:\Project_V7_Rotation\data\cn_public_enrichment\cn_zzshare_plate_fund_completeness_probe_v1_20260602\plate_fund_completeness_probe.csv,24,probe_n=399; ok=1,fix_or_silverize_before_selector
plate_fund_probe,plates_rank_days_new_limit9999,sum_leader_money,unknown,limit_event_sentiment,probe_only,csv_probe_not_pit_silver,probe_only_candidate_source,data_engineering_backlog,false_until_silver_pit_panel,"probe/sample only; requires historical silverization, timestamp contract, and PIT join before selector use",silverize_first|then_rank_delta_flow_strength_membership_density,blocked,G:\Project_V7_Rotation\data\cn_public_enrichment\cn_zzshare_plate_fund_completeness_probe_v1_20260602\plate_fund_completeness_probe.csv,24,probe_n=399; ok=1,fix_or_silverize_before_selector
plate_fund_probe,plates_rank_days_new_limit9999,sum_score,unknown,limit_event_sentiment,probe_only,csv_probe_not_pit_silver,probe_only_candidate_source,data_engineering_backlog,false_until_silver_pit_panel,"probe/sample only; requires historical silverization, timestamp contract, and PIT join before selector use",silverize_first|then_rank_delta_flow_strength_membership_density,blocked,G:\Project_V7_Rotation\data\cn_public_enrichment\cn_zzshare_plate_fund_completeness_probe_v1_20260602\plate_fund_completeness_probe.csv,24,probe_n=399; ok=1,fix_or_silverize_before_selector
plate_fund_probe,plates_rank_days_new_limit9999,days,unknown,limit_event_sentiment,probe_only,csv_probe_not_pit_silver,probe_only_candidate_source,data_engineering_backlog,false_until_silver_pit_panel,"probe/sample only; requires historical silverization, timestamp contract, and PIT join before selector use",silverize_first|then_rank_delta_flow_strength_membership_density,blocked,G:\Project_V7_Rotation\data\cn_public_enrichment\cn_zzshare_plate_fund_completeness_probe_v1_20260602\plate_fund_completeness_probe.csv,24,probe_n=399; ok=1,fix_or_silverize_before_selector
plate_fund_probe,plates_rank_days_new_limit9999,is_new,unknown,limit_event_sentiment,probe_only,csv_probe_not_pit_silver,probe_only_candidate_source,data_engineering_backlog,false_until_silver_pit_panel,"probe/sample only; requires historical silverization, timestamp contract, and PIT join before selector use",silverize_first|then_rank_delta_flow_strength_membership_density,blocked,G:\Project_V7_Rotation\data\cn_public_enrichment\cn_zzshare_plate_fund_completeness_probe_v1_20260602\plate_fund_completeness_probe.csv,24,probe_n=399; ok=1,fix_or_silverize_before_selector
plate_fund_probe,plates_rank_limit9999,plate_type,unknown,limit_event_sentiment,probe_only,csv_probe_not_pit_silver,probe_only_candidate_source,data_engineering_backlog,false_until_silver_pit_panel,"probe/sample only; requires historical silverization, timestamp contract, and PIT join before selector use",silverize_first|then_rank_delta_flow_strength_membership_density,blocked,G:\Project_V7_Rotation\data\cn_public_enrichment\cn_zzshare_plate_fund_completeness_probe_v1_20260602\plate_fund_completeness_probe.csv,24,probe_n=238; ok=1,fix_or_silverize_before_selector
plate_fund_probe,plates_rank_limit9999,plate_code,unknown,limit_event_sentiment,probe_only,csv_probe_not_pit_silver,probe_only_candidate_source,data_engineering_backlog,false_until_silver_pit_panel,"probe/sample only; requires historical silverization, timestamp contract, and PIT join before selector use",silverize_first|then_rank_delta_flow_strength_membership_density,blocked,G:\Project_V7_Rotation\data\cn_public_enrichment\cn_zzshare_plate_fund_completeness_probe_v1_20260602\plate_fund_completeness_probe.csv,24,probe_n=238; ok=1,fix_or_silverize_before_selector
plate_fund_probe,plates_rank_limit9999,score,unknown,limit_event_sentiment,probe_only,csv_probe_not_pit_silver,probe_only_candidate_source,data_engineering_backlog,false_until_silver_pit_panel,"probe/sample only; requires historical silverization, timestamp contract, and PIT join before selector use",silverize_first|then_rank_delta_flow_strength_membership_density,blocked,G:\Project_V7_Rotation\data\cn_public_enrichment\cn_zzshare_plate_fund_completeness_probe_v1_20260602\plate_fund_completeness_probe.csv,24,probe_n=238; ok=1,fix_or_silverize_before_selector
plate_fund_probe,plates_rank_limit9999,rate,unknown,limit_event_sentiment,probe_only,csv_probe_not_pit_silver,probe_only_candidate_source,data_engineering_backlog,false_until_silver_pit_panel,"probe/sample only; requires historical silverization, timestamp contract, and PIT join before selector use",silverize_first|then_rank_delta_flow_strength_membership_density,blocked,G:\Project_V7_Rotation\data\cn_public_enrichment\cn_zzshare_plate_fund_completeness_probe_v1_20260602\plate_fund_completeness_probe.csv,24,probe_n=238; ok=1,fix_or_silverize_before_selector
plate_fund_probe,plates_rank_limit9999,money_leader,unknown,limit_event_sentiment,probe_only,csv_probe_not_pit_silver,probe_only_candidate_source,data_engineering_backlog,false_until_silver_pit_panel,"probe/sample only; requires historical silverization, timestamp contract, and PIT join before selector use",silverize_first|then_rank_delta_flow_strength_membership_density,blocked,G:\Project_V7_Rotation\data\cn_public_enrichment\cn_zzshare_plate_fund_completeness_probe_v1_20260602\plate_fund_completeness_probe.csv,24,probe_n=238; ok=1,fix_or_silverize_before_selector
plate_fund_probe,plates_rank_limit9999,trade_money,unknown,limit_event_sentiment,probe_only,csv_probe_not_pit_silver,probe_only_candidate_source,data_engineering_backlog,false_until_silver_pit_panel,"probe/sample only; requires historical silverization, timestamp contract, and PIT join before selector use",silverize_first|then_rank_delta_flow_strength_membership_density,blocked,G:\Project_V7_Rotation\data\cn_public_enrichment\cn_zzshare_plate_fund_completeness_probe_v1_20260602\plate_fund_completeness_probe.csv,24,probe_n=238; ok=1,fix_or_silverize_before_selector
plate_fund_probe,plates_rank_limit9999,money_leader_sell,unknown,limit_event_sentiment,probe_only,csv_probe_not_pit_silver,probe_only_candidate_source,data_engineering_backlog,false_until_silver_pit_panel,"probe/sample only; requires historical silverization, timestamp contract, and PIT join before selector use",silverize_first|then_rank_delta_flow_strength_membership_density,blocked,G:\Project_V7_Rotation\data\cn_public_enrichment\cn_zzshare_plate_fund_completeness_probe_v1_20260602\plate_fund_completeness_probe.csv,24,probe_n=238; ok=1,fix_or_silverize_before_selector
plate_fund_probe,plates_rank_limit9999,market_cap_cir,unknown,limit_event_sentiment,probe_only,csv_probe_not_pit_silver,probe_only_candidate_source,data_engineering_backlog,false_until_silver_pit_panel,"probe/sample only; requires historical silverization, timestamp contract, and PIT join before selector use",silverize_first|then_rank_delta_flow_strength_membership_density,blocked,G:\Project_V7_Rotation\data\cn_public_enrichment\cn_zzshare_plate_fund_completeness_probe_v1_20260602\plate_fund_completeness_probe.csv,24,probe_n=238; ok=1,fix_or_silverize_before_selector
plate_fund_probe,plates_rank_limit9999,plate_name,unknown,text_or_description,probe_only,csv_probe_not_pit_silver,join_or_audit_metadata,not_alpha_feature,false,key/text/metadata only,none,blocked,G:\Project_V7_Rotation\data\cn_public_enrichment\cn_zzshare_plate_fund_completeness_probe_v1_20260602\plate_fund_completeness_probe.csv,24,probe_n=238; ok=1,fix_or_silverize_before_selector
plate_fund_probe,plates_rank_limit9999,id,unknown,metadata,probe_only,csv_probe_not_pit_silver,join_or_audit_metadata,not_alpha_feature,false,key/text/metadata only,none,blocked,G:\Project_V7_Rotation\data\cn_public_enrichment\cn_zzshare_plate_fund_completeness_probe_v1_20260602\plate_fund_completeness_probe.csv,24,probe_n=238; ok=1,fix_or_silverize_before_selector
plate_fund_probe,plates_rank_limit9999,date1,unknown,time_key_or_cutoff,probe_only,csv_probe_not_pit_silver,availability_key,not_alpha_feature,false,controls availability/cutoff; not standalone alpha,event_age|lagged_availability,blocked,G:\Project_V7_Rotation\data\cn_public_enrichment\cn_zzshare_plate_fund_completeness_probe_v1_20260602\plate_fund_completeness_probe.csv,24,probe_n=238; ok=1,fix_or_silverize_before_selector
plate_fund_probe,plates_rank_limit9999,speed,unknown,limit_event_sentiment,probe_only,csv_probe_not_pit_silver,probe_only_candidate_source,data_engineering_backlog,false_until_silver_pit_panel,"probe/sample only; requires historical silverization, timestamp contract, and PIT join before selector use",silverize_first|then_rank_delta_flow_strength_membership_density,blocked,G:\Project_V7_Rotation\data\cn_public_enrichment\cn_zzshare_plate_fund_completeness_probe_v1_20260602\plate_fund_completeness_probe.csv,24,probe_n=238; ok=1,fix_or_silverize_before_selector
plate_fund_probe,plates_rank_limit9999,money_leader_buy,unknown,limit_event_sentiment,probe_only,csv_probe_not_pit_silver,probe_only_candidate_source,data_engineering_backlog,false_until_silver_pit_panel,"probe/sample only; requires historical silverization, timestamp contract, and PIT join before selector use",silverize_first|then_rank_delta_flow_strength_membership_density,blocked,G:\Project_V7_Rotation\data\cn_public_enrichment\cn_zzshare_plate_fund_completeness_probe_v1_20260602\plate_fund_completeness_probe.csv,24,probe_n=238; ok=1,fix_or_silverize_before_selector
plate_fund_probe,plates_rank_limit9999,volume_ration,unknown,limit_event_sentiment,probe_only,csv_probe_not_pit_silver,probe_only_candidate_source,data_engineering_backlog,false_until_silver_pit_panel,"probe/sample only; requires historical silverization, timestamp contract, and PIT join before selector use",silverize_first|then_rank_delta_flow_strength_membership_density,blocked,G:\Project_V7_Rotation\data\cn_public_enrichment\cn_zzshare_plate_fund_completeness_probe_v1_20260602\plate_fund_completeness_probe.csv,24,probe_n=238; ok=1,fix_or_silverize_before_selector
plate_fund_probe,plates_rank_limit9999,time,unknown,time_key_or_cutoff,probe_only,csv_probe_not_pit_silver,event_cutoff_key,not_alpha_feature,false,controls availability/cutoff; not standalone alpha,event_age|lagged_availability,blocked,G:\Project_V7_Rotation\data\cn_public_enrichment\cn_zzshare_plate_fund_completeness_probe_v1_20260602\plate_fund_completeness_probe.csv,24,probe_n=238; ok=1,fix_or_silverize_before_selector
plate_fund_probe,plates_rank_days_new_limit9999,plate_code,unknown,limit_event_sentiment,probe_only,csv_probe_not_pit_silver,probe_only_candidate_source,data_engineering_backlog,false_until_silver_pit_panel,"probe/sample only; requires historical silverization, timestamp contract, and PIT join before selector use",silverize_first|then_rank_delta_flow_strength_membership_density,blocked,G:\Project_V7_Rotation\data\cn_public_enrichment\cn_zzshare_plate_fund_completeness_probe_v1_20260602\plate_fund_completeness_probe.csv,24,probe_n=239; ok=1,fix_or_silverize_before_selector
plate_fund_probe,plates_rank_days_new_limit9999,plate_name,unknown,text_or_description,probe_only,csv_probe_not_pit_silver,join_or_audit_metadata,not_alpha_feature,false,key/text/metadata only,none,blocked,G:\Project_V7_Rotation\data\cn_public_enrichment\cn_zzshare_plate_fund_completeness_probe_v1_20260602\plate_fund_completeness_probe.csv,24,probe_n=239; ok=1,fix_or_silverize_before_selector
plate_fund_probe,plates_rank_days_new_limit9999,sum_rate,unknown,limit_event_sentiment,probe_only,csv_probe_not_pit_silver,probe_only_candidate_source,data_engineering_backlog,false_until_silver_pit_panel,"probe/sample only; requires historical silverization, timestamp contract, and PIT join before selector use",silverize_first|then_rank_delta_flow_strength_membership_density,blocked,G:\Project_V7_Rotation\data\cn_public_enrichment\cn_zzshare_plate_fund_completeness_probe_v1_20260602\plate_fund_completeness_probe.csv,24,probe_n=239; ok=1,fix_or_silverize_before_selector
plate_fund_probe,plates_rank_days_new_limit9999,sum_leader_money,unknown,limit_event_sentiment,probe_only,csv_probe_not_pit_silver,probe_only_candidate_source,data_engineering_backlog,false_until_silver_pit_panel,"probe/sample only; requires historical silverization, timestamp contract, and PIT join before selector use",silverize_first|then_rank_delta_flow_strength_membership_density,blocked,G:\Project_V7_Rotation\data\cn_public_enrichment\cn_zzshare_plate_fund_completeness_probe_v1_20260602\plate_fund_completeness_probe.csv,24,probe_n=239; ok=1,fix_or_silverize_before_selector
plate_fund_probe,plates_rank_days_new_limit9999,sum_score,unknown,limit_event_sentiment,probe_only,csv_probe_not_pit_silver,probe_only_candidate_source,data_engineering_backlog,false_until_silver_pit_panel,"probe/sample only; requires historical silverization, timestamp contract, and PIT join before selector use",silverize_first|then_rank_delta_flow_strength_membership_density,blocked,G:\Project_V7_Rotation\data\cn_public_enrichment\cn_zzshare_plate_fund_completeness_probe_v1_20260602\plate_fund_completeness_probe.csv,24,probe_n=239; ok=1,fix_or_silverize_before_selector
plate_fund_probe,plates_rank_days_new_limit9999,days,unknown,limit_event_sentiment,probe_only,csv_probe_not_pit_silver,probe_only_candidate_source,data_engineering_backlog,false_until_silver_pit_panel,"probe/sample only; requires historical silverization, timestamp contract, and PIT join before selector use",silverize_first|then_rank_delta_flow_strength_membership_density,blocked,G:\Project_V7_Rotation\data\cn_public_enrichment\cn_zzshare_plate_fund_completeness_probe_v1_20260602\plate_fund_completeness_probe.csv,24,probe_n=239; ok=1,fix_or_silverize_before_selector
plate_fund_probe,plates_rank_days_new_limit9999,is_new,unknown,limit_event_sentiment,probe_only,csv_probe_not_pit_silver,probe_only_candidate_source,data_engineering_backlog,false_until_silver_pit_panel,"probe/sample only; requires historical silverization, timestamp contract, and PIT join before selector use",silverize_first|then_rank_delta_flow_strength_membership_density,blocked,G:\Project_V7_Rotation\data\cn_public_enrichment\cn_zzshare_plate_fund_completeness_probe_v1_20260602\plate_fund_completeness_probe.csv,24,probe_n=239; ok=1,fix_or_silverize_before_selector
plate_fund_probe,plates_rank_limit9999,plate_type,unknown,limit_event_sentiment,probe_only,csv_probe_not_pit_silver,probe_only_candidate_source,data_engineering_backlog,false_until_silver_pit_panel,"probe/sample only; requires historical silverization, timestamp contract, and PIT join before selector use",silverize_first|then_rank_delta_flow_strength_membership_density,blocked,G:\Project_V7_Rotation\data\cn_public_enrichment\cn_zzshare_plate_fund_completeness_probe_v1_20260602\plate_fund_completeness_probe.csv,24,probe_n=104; ok=1,fix_or_silverize_before_selector
plate_fund_probe,plates_rank_limit9999,plate_code,unknown,limit_event_sentiment,probe_only,csv_probe_not_pit_silver,probe_only_candidate_source,data_engineering_backlog,false_until_silver_pit_panel,"probe/sample only; requires historical silverization, timestamp contract, and PIT join before selector use",silverize_first|then_rank_delta_flow_strength_membership_density,blocked,G:\Project_V7_Rotation\data\cn_public_enrichment\cn_zzshare_plate_fund_completeness_probe_v1_20260602\plate_fund_completeness_probe.csv,24,probe_n=104; ok=1,fix_or_silverize_before_selector
plate_fund_probe,plates_rank_limit9999,score,unknown,limit_event_sentiment,probe_only,csv_probe_not_pit_silver,probe_only_candidate_source,data_engineering_backlog,false_until_silver_pit_panel,"probe/sample only; requires historical silverization, timestamp contract, and PIT join before selector use",silverize_first|then_rank_delta_flow_strength_membership_density,blocked,G:\Project_V7_Rotation\data\cn_public_enrichment\cn_zzshare_plate_fund_completeness_probe_v1_20260602\plate_fund_completeness_probe.csv,24,probe_n=104; ok=1,fix_or_silverize_before_selector
plate_fund_probe,plates_rank_limit9999,rate,unknown,limit_event_sentiment,probe_only,csv_probe_not_pit_silver,probe_only_candidate_source,data_engineering_backlog,false_until_silver_pit_panel,"probe/sample only; requires historical silverization, timestamp contract, and PIT join before selector use",silverize_first|then_rank_delta_flow_strength_membership_density,blocked,G:\Project_V7_Rotation\data\cn_public_enrichment\cn_zzshare_plate_fund_completeness_probe_v1_20260602\plate_fund_completeness_probe.csv,24,probe_n=104; ok=1,fix_or_silverize_before_selector
plate_fund_probe,plates_rank_limit9999,money_leader,unknown,limit_event_sentiment,probe_only,csv_probe_not_pit_silver,probe_only_candidate_source,data_engineering_backlog,false_until_silver_pit_panel,"probe/sample only; requires historical silverization, timestamp contract, and PIT join before selector use",silverize_first|then_rank_delta_flow_strength_membership_density,blocked,G:\Project_V7_Rotation\data\cn_public_enrichment\cn_zzshare_plate_fund_completeness_probe_v1_20260602\plate_fund_completeness_probe.csv,24,probe_n=104; ok=1,fix_or_silverize_before_selector
plate_fund_probe,plates_rank_limit9999,trade_money,unknown,limit_event_sentiment,probe_only,csv_probe_not_pit_silver,probe_only_candidate_source,data_engineering_backlog,false_until_silver_pit_panel,"probe/sample only; requires historical silverization, timestamp contract, and PIT join before selector use",silverize_first|then_rank_delta_flow_strength_membership_density,blocked,G:\Project_V7_Rotation\data\cn_public_enrichment\cn_zzshare_plate_fund_completeness_probe_v1_20260602\plate_fund_completeness_probe.csv,24,probe_n=104; ok=1,fix_or_silverize_before_selector
plate_fund_probe,plates_rank_limit9999,money_leader_sell,unknown,limit_event_sentiment,probe_only,csv_probe_not_pit_silver,probe_only_candidate_source,data_engineering_backlog,false_until_silver_pit_panel,"probe/sample only; requires historical silverization, timestamp contract, and PIT join before selector use",silverize_first|then_rank_delta_flow_strength_membership_density,blocked,G:\Project_V7_Rotation\data\cn_public_enrichment\cn_zzshare_plate_fund_completeness_probe_v1_20260602\plate_fund_completeness_probe.csv,24,probe_n=104; ok=1,fix_or_silverize_before_selector
plate_fund_probe,plates_rank_limit9999,market_cap_cir,unknown,limit_event_sentiment,probe_only,csv_probe_not_pit_silver,probe_only_candidate_source,data_engineering_backlog,false_until_silver_pit_panel,"probe/sample only; requires historical silverization, timestamp contract, and PIT join before selector use",silverize_first|then_rank_delta_flow_strength_membership_density,blocked,G:\Project_V7_Rotation\data\cn_public_enrichment\cn_zzshare_plate_fund_completeness_probe_v1_20260602\plate_fund_completeness_probe.csv,24,probe_n=104; ok=1,fix_or_silverize_before_selector
plate_fund_probe,plates_rank_limit9999,plate_name,unknown,text_or_description,probe_only,csv_probe_not_pit_silver,join_or_audit_metadata,not_alpha_feature,false,key/text/metadata only,none,blocked,G:\Project_V7_Rotation\data\cn_public_enrichment\cn_zzshare_plate_fund_completeness_probe_v1_20260602\plate_fund_completeness_probe.csv,24,probe_n=104; ok=1,fix_or_silverize_before_selector
plate_fund_probe,plates_rank_limit9999,id,unknown,metadata,probe_only,csv_probe_not_pit_silver,join_or_audit_metadata,not_alpha_feature,false,key/text/metadata only,none,blocked,G:\Project_V7_Rotation\data\cn_public_enrichment\cn_zzshare_plate_fund_completeness_probe_v1_20260602\plate_fund_completeness_probe.csv,24,probe_n=104; ok=1,fix_or_silverize_before_selector
plate_fund_probe,plates_rank_limit9999,date1,unknown,time_key_or_cutoff,probe_only,csv_probe_not_pit_silver,availability_key,not_alpha_feature,false,controls availability/cutoff; not standalone alpha,event_age|lagged_availability,blocked,G:\Project_V7_Rotation\data\cn_public_enrichment\cn_zzshare_plate_fund_completeness_probe_v1_20260602\plate_fund_completeness_probe.csv,24,probe_n=104; ok=1,fix_or_silverize_before_selector
plate_fund_probe,plates_rank_limit9999,speed,unknown,limit_event_sentiment,probe_only,csv_probe_not_pit_silver,probe_only_candidate_source,data_engineering_backlog,false_until_silver_pit_panel,"probe/sample only; requires historical silverization, timestamp contract, and PIT join before selector use",silverize_first|then_rank_delta_flow_strength_membership_density,blocked,G:\Project_V7_Rotation\data\cn_public_enrichment\cn_zzshare_plate_fund_completeness_probe_v1_20260602\plate_fund_completeness_probe.csv,24,probe_n=104; ok=1,fix_or_silverize_before_selector
plate_fund_probe,plates_rank_limit9999,money_leader_buy,unknown,limit_event_sentiment,probe_only,csv_probe_not_pit_silver,probe_only_candidate_source,data_engineering_backlog,false_until_silver_pit_panel,"probe/sample only; requires historical silverization, timestamp contract, and PIT join before selector use",silverize_first|then_rank_delta_flow_strength_membership_density,blocked,G:\Project_V7_Rotation\data\cn_public_enrichment\cn_zzshare_plate_fund_completeness_probe_v1_20260602\plate_fund_completeness_probe.csv,24,probe_n=104; ok=1,fix_or_silverize_before_selector
plate_fund_probe,plates_rank_limit9999,volume_ration,unknown,limit_event_sentiment,probe_only,csv_probe_not_pit_silver,probe_only_candidate_source,data_engineering_backlog,false_until_silver_pit_panel,"probe/sample only; requires historical silverization, timestamp contract, and PIT join before selector use",silverize_first|then_rank_delta_flow_strength_membership_density,blocked,G:\Project_V7_Rotation\data\cn_public_enrichment\cn_zzshare_plate_fund_completeness_probe_v1_20260602\plate_fund_completeness_probe.csv,24,probe_n=104; ok=1,fix_or_silverize_before_selector
plate_fund_probe,plates_rank_limit9999,time,unknown,time_key_or_cutoff,probe_only,csv_probe_not_pit_silver,event_cutoff_key,not_alpha_feature,false,controls availability/cutoff; not standalone alpha,event_age|lagged_availability,blocked,G:\Project_V7_Rotation\data\cn_public_enrichment\cn_zzshare_plate_fund_completeness_probe_v1_20260602\plate_fund_completeness_probe.csv,24,probe_n=104; ok=1,fix_or_silverize_before_selector
plate_fund_probe,plates_rank_days_new_limit9999,plate_code,unknown,limit_event_sentiment,probe_only,csv_probe_not_pit_silver,probe_only_candidate_source,data_engineering_backlog,false_until_silver_pit_panel,"probe/sample only; requires historical silverization, timestamp contract, and PIT join before selector use",silverize_first|then_rank_delta_flow_strength_membership_density,blocked,G:\Project_V7_Rotation\data\cn_public_enrichment\cn_zzshare_plate_fund_completeness_probe_v1_20260602\plate_fund_completeness_probe.csv,24,probe_n=104; ok=1,fix_or_silverize_before_selector
plate_fund_probe,plates_rank_days_new_limit9999,plate_name,unknown,text_or_description,probe_only,csv_probe_not_pit_silver,join_or_audit_metadata,not_alpha_feature,false,key/text/metadata only,none,blocked,G:\Project_V7_Rotation\data\cn_public_enrichment\cn_zzshare_plate_fund_completeness_probe_v1_20260602\plate_fund_completeness_probe.csv,24,probe_n=104; ok=1,fix_or_silverize_before_selector
plate_fund_probe,plates_rank_days_new_limit9999,sum_rate,unknown,limit_event_sentiment,probe_only,csv_probe_not_pit_silver,probe_only_candidate_source,data_engineering_backlog,false_until_silver_pit_panel,"probe/sample only; requires historical silverization, timestamp contract, and PIT join before selector use",silverize_first|then_rank_delta_flow_strength_membership_density,blocked,G:\Project_V7_Rotation\data\cn_public_enrichment\cn_zzshare_plate_fund_completeness_probe_v1_20260602\plate_fund_completeness_probe.csv,24,probe_n=104; ok=1,fix_or_silverize_before_selector
plate_fund_probe,plates_rank_days_new_limit9999,sum_leader_money,unknown,limit_event_sentiment,probe_only,csv_probe_not_pit_silver,probe_only_candidate_source,data_engineering_backlog,false_until_silver_pit_panel,"probe/sample only; requires historical silverization, timestamp contract, and PIT join before selector use",silverize_first|then_rank_delta_flow_strength_membership_density,blocked,G:\Project_V7_Rotation\data\cn_public_enrichment\cn_zzshare_plate_fund_completeness_probe_v1_20260602\plate_fund_completeness_probe.csv,24,probe_n=104; ok=1,fix_or_silverize_before_selector
plate_fund_probe,plates_rank_days_new_limit9999,sum_score,unknown,limit_event_sentiment,probe_only,csv_probe_not_pit_silver,probe_only_candidate_source,data_engineering_backlog,false_until_silver_pit_panel,"probe/sample only; requires historical silverization, timestamp contract, and PIT join before selector use",silverize_first|then_rank_delta_flow_strength_membership_density,blocked,G:\Project_V7_Rotation\data\cn_public_enrichment\cn_zzshare_plate_fund_completeness_probe_v1_20260602\plate_fund_completeness_probe.csv,24,probe_n=104; ok=1,fix_or_silverize_before_selector
plate_fund_probe,plates_rank_days_new_limit9999,days,unknown,limit_event_sentiment,probe_only,csv_probe_not_pit_silver,probe_only_candidate_source,data_engineering_backlog,false_until_silver_pit_panel,"probe/sample only; requires historical silverization, timestamp contract, and PIT join before selector use",silverize_first|then_rank_delta_flow_strength_membership_density,blocked,G:\Project_V7_Rotation\data\cn_public_enrichment\cn_zzshare_plate_fund_completeness_probe_v1_20260602\plate_fund_completeness_probe.csv,24,probe_n=104; ok=1,fix_or_silverize_before_selector
plate_fund_probe,plates_rank_days_new_limit9999,is_new,unknown,limit_event_sentiment,probe_only,csv_probe_not_pit_silver,probe_only_candidate_source,data_engineering_backlog,false_until_silver_pit_panel,"probe/sample only; requires historical silverization, timestamp contract, and PIT join before selector use",silverize_first|then_rank_delta_flow_strength_membership_density,blocked,G:\Project_V7_Rotation\data\cn_public_enrichment\cn_zzshare_plate_fund_completeness_probe_v1_20260602\plate_fund_completeness_probe.csv,24,probe_n=104; ok=1,fix_or_silverize_before_selector
plate_fund_probe,plates_rank_limit9999,plate_type,unknown,limit_event_sentiment,probe_only,csv_probe_not_pit_silver,probe_only_candidate_source,data_engineering_backlog,false_until_silver_pit_panel,"probe/sample only; requires historical silverization, timestamp contract, and PIT join before selector use",silverize_first|then_rank_delta_flow_strength_membership_density,blocked,G:\Project_V7_Rotation\data\cn_public_enrichment\cn_zzshare_plate_fund_completeness_probe_v1_20260602\plate_fund_completeness_probe.csv,24,probe_n=478; ok=1,fix_or_silverize_before_selector
plate_fund_probe,plates_rank_limit9999,plate_code,unknown,limit_event_sentiment,probe_only,csv_probe_not_pit_silver,probe_only_candidate_source,data_engineering_backlog,false_until_silver_pit_panel,"probe/sample only; requires historical silverization, timestamp contract, and PIT join before selector use",silverize_first|then_rank_delta_flow_strength_membership_density,blocked,G:\Project_V7_Rotation\data\cn_public_enrichment\cn_zzshare_plate_fund_completeness_probe_v1_20260602\plate_fund_completeness_probe.csv,24,probe_n=478; ok=1,fix_or_silverize_before_selector
plate_fund_probe,plates_rank_limit9999,score,unknown,limit_event_sentiment,probe_only,csv_probe_not_pit_silver,probe_only_candidate_source,data_engineering_backlog,false_until_silver_pit_panel,"probe/sample only; requires historical silverization, timestamp contract, and PIT join before selector use",silverize_first|then_rank_delta_flow_strength_membership_density,blocked,G:\Project_V7_Rotation\data\cn_public_enrichment\cn_zzshare_plate_fund_completeness_probe_v1_20260602\plate_fund_completeness_probe.csv,24,probe_n=478; ok=1,fix_or_silverize_before_selector
plate_fund_probe,plates_rank_limit9999,rate,unknown,limit_event_sentiment,probe_only,csv_probe_not_pit_silver,probe_only_candidate_source,data_engineering_backlog,false_until_silver_pit_panel,"probe/sample only; requires historical silverization, timestamp contract, and PIT join before selector use",silverize_first|then_rank_delta_flow_strength_membership_density,blocked,G:\Project_V7_Rotation\data\cn_public_enrichment\cn_zzshare_plate_fund_completeness_probe_v1_20260602\plate_fund_completeness_probe.csv,24,probe_n=478; ok=1,fix_or_silverize_before_selector
plate_fund_probe,plates_rank_limit9999,money_leader,unknown,limit_event_sentiment,probe_only,csv_probe_not_pit_silver,probe_only_candidate_source,data_engineering_backlog,false_until_silver_pit_panel,"probe/sample only; requires historical silverization, timestamp contract, and PIT join before selector use",silverize_first|then_rank_delta_flow_strength_membership_density,blocked,G:\Project_V7_Rotation\data\cn_public_enrichment\cn_zzshare_plate_fund_completeness_probe_v1_20260602\plate_fund_completeness_probe.csv,24,probe_n=478; ok=1,fix_or_silverize_before_selector
plate_fund_probe,plates_rank_limit9999,trade_money,unknown,limit_event_sentiment,probe_only,csv_probe_not_pit_silver,probe_only_candidate_source,data_engineering_backlog,false_until_silver_pit_panel,"probe/sample only; requires historical silverization, timestamp contract, and PIT join before selector use",silverize_first|then_rank_delta_flow_strength_membership_density,blocked,G:\Project_V7_Rotation\data\cn_public_enrichment\cn_zzshare_plate_fund_completeness_probe_v1_20260602\plate_fund_completeness_probe.csv,24,probe_n=478; ok=1,fix_or_silverize_before_selector
plate_fund_probe,plates_rank_limit9999,money_leader_sell,unknown,limit_event_sentiment,probe_only,csv_probe_not_pit_silver,probe_only_candidate_source,data_engineering_backlog,false_until_silver_pit_panel,"probe/sample only; requires historical silverization, timestamp contract, and PIT join before selector use",silverize_first|then_rank_delta_flow_strength_membership_density,blocked,G:\Project_V7_Rotation\data\cn_public_enrichment\cn_zzshare_plate_fund_completeness_probe_v1_20260602\plate_fund_completeness_probe.csv,24,probe_n=478; ok=1,fix_or_silverize_before_selector
plate_fund_probe,plates_rank_limit9999,market_cap_cir,unknown,limit_event_sentiment,probe_only,csv_probe_not_pit_silver,probe_only_candidate_source,data_engineering_backlog,false_until_silver_pit_panel,"probe/sample only; requires historical silverization, timestamp contract, and PIT join before selector use",silverize_first|then_rank_delta_flow_strength_membership_density,blocked,G:\Project_V7_Rotation\data\cn_public_enrichment\cn_zzshare_plate_fund_completeness_probe_v1_20260602\plate_fund_completeness_probe.csv,24,probe_n=478; ok=1,fix_or_silverize_before_selector
plate_fund_probe,plates_rank_limit9999,plate_name,unknown,text_or_description,probe_only,csv_probe_not_pit_silver,join_or_audit_metadata,not_alpha_feature,false,key/text/metadata only,none,blocked,G:\Project_V7_Rotation\data\cn_public_enrichment\cn_zzshare_plate_fund_completeness_probe_v1_20260602\plate_fund_completeness_probe.csv,24,probe_n=478; ok=1,fix_or_silverize_before_selector
plate_fund_probe,plates_rank_limit9999,id,unknown,metadata,probe_only,csv_probe_not_pit_silver,join_or_audit_metadata,not_alpha_feature,false,key/text/metadata only,none,blocked,G:\Project_V7_Rotation\data\cn_public_enrichment\cn_zzshare_plate_fund_completeness_probe_v1_20260602\plate_fund_completeness_probe.csv,24,probe_n=478; ok=1,fix_or_silverize_before_selector
plate_fund_probe,plates_rank_limit9999,date1,unknown,time_key_or_cutoff,probe_only,csv_probe_not_pit_silver,availability_key,not_alpha_feature,false,controls availability/cutoff; not standalone alpha,event_age|lagged_availability,blocked,G:\Project_V7_Rotation\data\cn_public_enrichment\cn_zzshare_plate_fund_completeness_probe_v1_20260602\plate_fund_completeness_probe.csv,24,probe_n=478; ok=1,fix_or_silverize_before_selector
plate_fund_probe,plates_rank_limit9999,speed,unknown,limit_event_sentiment,probe_only,csv_probe_not_pit_silver,probe_only_candidate_source,data_engineering_backlog,false_until_silver_pit_panel,"probe/sample only; requires historical silverization, timestamp contract, and PIT join before selector use",silverize_first|then_rank_delta_flow_strength_membership_density,blocked,G:\Project_V7_Rotation\data\cn_public_enrichment\cn_zzshare_plate_fund_completeness_probe_v1_20260602\plate_fund_completeness_probe.csv,24,probe_n=478; ok=1,fix_or_silverize_before_selector
plate_fund_probe,plates_rank_limit9999,money_leader_buy,unknown,limit_event_sentiment,probe_only,csv_probe_not_pit_silver,probe_only_candidate_source,data_engineering_backlog,false_until_silver_pit_panel,"probe/sample only; requires historical silverization, timestamp contract, and PIT join before selector use",silverize_first|then_rank_delta_flow_strength_membership_density,blocked,G:\Project_V7_Rotation\data\cn_public_enrichment\cn_zzshare_plate_fund_completeness_probe_v1_20260602\plate_fund_completeness_probe.csv,24,probe_n=478; ok=1,fix_or_silverize_before_selector
plate_fund_probe,plates_rank_limit9999,volume_ration,unknown,limit_event_sentiment,probe_only,csv_probe_not_pit_silver,probe_only_candidate_source,data_engineering_backlog,false_until_silver_pit_panel,"probe/sample only; requires historical silverization, timestamp contract, and PIT join before selector use",silverize_first|then_rank_delta_flow_strength_membership_density,blocked,G:\Project_V7_Rotation\data\cn_public_enrichment\cn_zzshare_plate_fund_completeness_probe_v1_20260602\plate_fund_completeness_probe.csv,24,probe_n=478; ok=1,fix_or_silverize_before_selector
plate_fund_probe,plates_rank_limit9999,time,unknown,time_key_or_cutoff,probe_only,csv_probe_not_pit_silver,event_cutoff_key,not_alpha_feature,false,controls availability/cutoff; not standalone alpha,event_age|lagged_availability,blocked,G:\Project_V7_Rotation\data\cn_public_enrichment\cn_zzshare_plate_fund_completeness_probe_v1_20260602\plate_fund_completeness_probe.csv,24,probe_n=478; ok=1,fix_or_silverize_before_selector
plate_fund_probe,plates_rank_days_new_limit9999,plate_code,unknown,limit_event_sentiment,probe_only,csv_probe_not_pit_silver,probe_only_candidate_source,data_engineering_backlog,false_until_silver_pit_panel,"probe/sample only; requires historical silverization, timestamp contract, and PIT join before selector use",silverize_first|then_rank_delta_flow_strength_membership_density,blocked,G:\Project_V7_Rotation\data\cn_public_enrichment\cn_zzshare_plate_fund_completeness_probe_v1_20260602\plate_fund_completeness_probe.csv,24,probe_n=478; ok=1,fix_or_silverize_before_selector
plate_fund_probe,plates_rank_days_new_limit9999,plate_name,unknown,text_or_description,probe_only,csv_probe_not_pit_silver,join_or_audit_metadata,not_alpha_feature,false,key/text/metadata only,none,blocked,G:\Project_V7_Rotation\data\cn_public_enrichment\cn_zzshare_plate_fund_completeness_probe_v1_20260602\plate_fund_completeness_probe.csv,24,probe_n=478; ok=1,fix_or_silverize_before_selector
plate_fund_probe,plates_rank_days_new_limit9999,sum_rate,unknown,limit_event_sentiment,probe_only,csv_probe_not_pit_silver,probe_only_candidate_source,data_engineering_backlog,false_until_silver_pit_panel,"probe/sample only; requires historical silverization, timestamp contract, and PIT join before selector use",silverize_first|then_rank_delta_flow_strength_membership_density,blocked,G:\Project_V7_Rotation\data\cn_public_enrichment\cn_zzshare_plate_fund_completeness_probe_v1_20260602\plate_fund_completeness_probe.csv,24,probe_n=478; ok=1,fix_or_silverize_before_selector
plate_fund_probe,plates_rank_days_new_limit9999,sum_leader_money,unknown,limit_event_sentiment,probe_only,csv_probe_not_pit_silver,probe_only_candidate_source,data_engineering_backlog,false_until_silver_pit_panel,"probe/sample only; requires historical silverization, timestamp contract, and PIT join before selector use",silverize_first|then_rank_delta_flow_strength_membership_density,blocked,G:\Project_V7_Rotation\data\cn_public_enrichment\cn_zzshare_plate_fund_completeness_probe_v1_20260602\plate_fund_completeness_probe.csv,24,probe_n=478; ok=1,fix_or_silverize_before_selector
plate_fund_probe,plates_rank_days_new_limit9999,sum_score,unknown,limit_event_sentiment,probe_only,csv_probe_not_pit_silver,probe_only_candidate_source,data_engineering_backlog,false_until_silver_pit_panel,"probe/sample only; requires historical silverization, timestamp contract, and PIT join before selector use",silverize_first|then_rank_delta_flow_strength_membership_density,blocked,G:\Project_V7_Rotation\data\cn_public_enrichment\cn_zzshare_plate_fund_completeness_probe_v1_20260602\plate_fund_completeness_probe.csv,24,probe_n=478; ok=1,fix_or_silverize_before_selector
plate_fund_probe,plates_rank_days_new_limit9999,days,unknown,limit_event_sentiment,probe_only,csv_probe_not_pit_silver,probe_only_candidate_source,data_engineering_backlog,false_until_silver_pit_panel,"probe/sample only; requires historical silverization, timestamp contract, and PIT join before selector use",silverize_first|then_rank_delta_flow_strength_membership_density,blocked,G:\Project_V7_Rotation\data\cn_public_enrichment\cn_zzshare_plate_fund_completeness_probe_v1_20260602\plate_fund_completeness_probe.csv,24,probe_n=478; ok=1,fix_or_silverize_before_selector
plate_fund_probe,plates_rank_days_new_limit9999,is_new,unknown,limit_event_sentiment,probe_only,csv_probe_not_pit_silver,probe_only_candidate_source,data_engineering_backlog,false_until_silver_pit_panel,"probe/sample only; requires historical silverization, timestamp contract, and PIT join before selector use",silverize_first|then_rank_delta_flow_strength_membership_density,blocked,G:\Project_V7_Rotation\data\cn_public_enrichment\cn_zzshare_plate_fund_completeness_probe_v1_20260602\plate_fund_completeness_probe.csv,24,probe_n=478; ok=1,fix_or_silverize_before_selector
plate_fund_probe,plates_rank_limit9999,plate_type,unknown,limit_event_sentiment,probe_only,csv_probe_not_pit_silver,probe_only_candidate_source,data_engineering_backlog,false_until_silver_pit_panel,"probe/sample only; requires historical silverization, timestamp contract, and PIT join before selector use",silverize_first|then_rank_delta_flow_strength_membership_density,blocked,G:\Project_V7_Rotation\data\cn_public_enrichment\cn_zzshare_plate_fund_completeness_probe_v1_20260602\plate_fund_completeness_probe.csv,24,probe_n=265; ok=1,fix_or_silverize_before_selector
plate_fund_probe,plates_rank_limit9999,plate_code,unknown,limit_event_sentiment,probe_only,csv_probe_not_pit_silver,probe_only_candidate_source,data_engineering_backlog,false_until_silver_pit_panel,"probe/sample only; requires historical silverization, timestamp contract, and PIT join before selector use",silverize_first|then_rank_delta_flow_strength_membership_density,blocked,G:\Project_V7_Rotation\data\cn_public_enrichment\cn_zzshare_plate_fund_completeness_probe_v1_20260602\plate_fund_completeness_probe.csv,24,probe_n=265; ok=1,fix_or_silverize_before_selector
plate_fund_probe,plates_rank_limit9999,score,unknown,limit_event_sentiment,probe_only,csv_probe_not_pit_silver,probe_only_candidate_source,data_engineering_backlog,false_until_silver_pit_panel,"probe/sample only; requires historical silverization, timestamp contract, and PIT join before selector use",silverize_first|then_rank_delta_flow_strength_membership_density,blocked,G:\Project_V7_Rotation\data\cn_public_enrichment\cn_zzshare_plate_fund_completeness_probe_v1_20260602\plate_fund_completeness_probe.csv,24,probe_n=265; ok=1,fix_or_silverize_before_selector
plate_fund_probe,plates_rank_limit9999,rate,unknown,limit_event_sentiment,probe_only,csv_probe_not_pit_silver,probe_only_candidate_source,data_engineering_backlog,false_until_silver_pit_panel,"probe/sample only; requires historical silverization, timestamp contract, and PIT join before selector use",silverize_first|then_rank_delta_flow_strength_membership_density,blocked,G:\Project_V7_Rotation\data\cn_public_enrichment\cn_zzshare_plate_fund_completeness_probe_v1_20260602\plate_fund_completeness_probe.csv,24,probe_n=265; ok=1,fix_or_silverize_before_selector
plate_fund_probe,plates_rank_limit9999,money_leader,unknown,limit_event_sentiment,probe_only,csv_probe_not_pit_silver,probe_only_candidate_source,data_engineering_backlog,false_until_silver_pit_panel,"probe/sample only; requires historical silverization, timestamp contract, and PIT join before selector use",silverize_first|then_rank_delta_flow_strength_membership_density,blocked,G:\Project_V7_Rotation\data\cn_public_enrichment\cn_zzshare_plate_fund_completeness_probe_v1_20260602\plate_fund_completeness_probe.csv,24,probe_n=265; ok=1,fix_or_silverize_before_selector
plate_fund_probe,plates_rank_limit9999,trade_money,unknown,limit_event_sentiment,probe_only,csv_probe_not_pit_silver,probe_only_candidate_source,data_engineering_backlog,false_until_silver_pit_panel,"probe/sample only; requires historical silverization, timestamp contract, and PIT join before selector use",silverize_first|then_rank_delta_flow_strength_membership_density,blocked,G:\Project_V7_Rotation\data\cn_public_enrichment\cn_zzshare_plate_fund_completeness_probe_v1_20260602\plate_fund_completeness_probe.csv,24,probe_n=265; ok=1,fix_or_silverize_before_selector
plate_fund_probe,plates_rank_limit9999,money_leader_sell,unknown,limit_event_sentiment,probe_only,csv_probe_not_pit_silver,probe_only_candidate_source,data_engineering_backlog,false_until_silver_pit_panel,"probe/sample only; requires historical silverization, timestamp contract, and PIT join before selector use",silverize_first|then_rank_delta_flow_strength_membership_density,blocked,G:\Project_V7_Rotation\data\cn_public_enrichment\cn_zzshare_plate_fund_completeness_probe_v1_20260602\plate_fund_completeness_probe.csv,24,probe_n=265; ok=1,fix_or_silverize_before_selector
plate_fund_probe,plates_rank_limit9999,market_cap_cir,unknown,limit_event_sentiment,probe_only,csv_probe_not_pit_silver,probe_only_candidate_source,data_engineering_backlog,false_until_silver_pit_panel,"probe/sample only; requires historical silverization, timestamp contract, and PIT join before selector use",silverize_first|then_rank_delta_flow_strength_membership_density,blocked,G:\Project_V7_Rotation\data\cn_public_enrichment\cn_zzshare_plate_fund_completeness_probe_v1_20260602\plate_fund_completeness_probe.csv,24,probe_n=265; ok=1,fix_or_silverize_before_selector
plate_fund_probe,plates_rank_limit9999,plate_name,unknown,text_or_description,probe_only,csv_probe_not_pit_silver,join_or_audit_metadata,not_alpha_feature,false,key/text/metadata only,none,blocked,G:\Project_V7_Rotation\data\cn_public_enrichment\cn_zzshare_plate_fund_completeness_probe_v1_20260602\plate_fund_completeness_probe.csv,24,probe_n=265; ok=1,fix_or_silverize_before_selector
plate_fund_probe,plates_rank_limit9999,id,unknown,metadata,probe_only,csv_probe_not_pit_silver,join_or_audit_metadata,not_alpha_feature,false,key/text/metadata only,none,blocked,G:\Project_V7_Rotation\data\cn_public_enrichment\cn_zzshare_plate_fund_completeness_probe_v1_20260602\plate_fund_completeness_probe.csv,24,probe_n=265; ok=1,fix_or_silverize_before_selector
plate_fund_probe,plates_rank_limit9999,date1,unknown,time_key_or_cutoff,probe_only,csv_probe_not_pit_silver,availability_key,not_alpha_feature,false,controls availability/cutoff; not standalone alpha,event_age|lagged_availability,blocked,G:\Project_V7_Rotation\data\cn_public_enrichment\cn_zzshare_plate_fund_completeness_probe_v1_20260602\plate_fund_completeness_probe.csv,24,probe_n=265; ok=1,fix_or_silverize_before_selector
plate_fund_probe,plates_rank_limit9999,speed,unknown,limit_event_sentiment,probe_only,csv_probe_not_pit_silver,probe_only_candidate_source,data_engineering_backlog,false_until_silver_pit_panel,"probe/sample only; requires historical silverization, timestamp contract, and PIT join before selector use",silverize_first|then_rank_delta_flow_strength_membership_density,blocked,G:\Project_V7_Rotation\data\cn_public_enrichment\cn_zzshare_plate_fund_completeness_probe_v1_20260602\plate_fund_completeness_probe.csv,24,probe_n=265; ok=1,fix_or_silverize_before_selector
plate_fund_probe,plates_rank_limit9999,money_leader_buy,unknown,limit_event_sentiment,probe_only,csv_probe_not_pit_silver,probe_only_candidate_source,data_engineering_backlog,false_until_silver_pit_panel,"probe/sample only; requires historical silverization, timestamp contract, and PIT join before selector use",silverize_first|then_rank_delta_flow_strength_membership_density,blocked,G:\Project_V7_Rotation\data\cn_public_enrichment\cn_zzshare_plate_fund_completeness_probe_v1_20260602\plate_fund_completeness_probe.csv,24,probe_n=265; ok=1,fix_or_silverize_before_selector
plate_fund_probe,plates_rank_limit9999,volume_ration,unknown,limit_event_sentiment,probe_only,csv_probe_not_pit_silver,probe_only_candidate_source,data_engineering_backlog,false_until_silver_pit_panel,"probe/sample only; requires historical silverization, timestamp contract, and PIT join before selector use",silverize_first|then_rank_delta_flow_strength_membership_density,blocked,G:\Project_V7_Rotation\data\cn_public_enrichment\cn_zzshare_plate_fund_completeness_probe_v1_20260602\plate_fund_completeness_probe.csv,24,probe_n=265; ok=1,fix_or_silverize_before_selector
plate_fund_probe,plates_rank_limit9999,time,unknown,time_key_or_cutoff,probe_only,csv_probe_not_pit_silver,event_cutoff_key,not_alpha_feature,false,controls availability/cutoff; not standalone alpha,event_age|lagged_availability,blocked,G:\Project_V7_Rotation\data\cn_public_enrichment\cn_zzshare_plate_fund_completeness_probe_v1_20260602\plate_fund_completeness_probe.csv,24,probe_n=265; ok=1,fix_or_silverize_before_selector
plate_fund_probe,plates_rank_days_new_limit9999,plate_code,unknown,limit_event_sentiment,probe_only,csv_probe_not_pit_silver,probe_only_candidate_source,data_engineering_backlog,false_until_silver_pit_panel,"probe/sample only; requires historical silverization, timestamp contract, and PIT join before selector use",silverize_first|then_rank_delta_flow_strength_membership_density,blocked,G:\Project_V7_Rotation\data\cn_public_enrichment\cn_zzshare_plate_fund_completeness_probe_v1_20260602\plate_fund_completeness_probe.csv,24,probe_n=266; ok=1,fix_or_silverize_before_selector
plate_fund_probe,plates_rank_days_new_limit9999,plate_name,unknown,text_or_description,probe_only,csv_probe_not_pit_silver,join_or_audit_metadata,not_alpha_feature,false,key/text/metadata only,none,blocked,G:\Project_V7_Rotation\data\cn_public_enrichment\cn_zzshare_plate_fund_completeness_probe_v1_20260602\plate_fund_completeness_probe.csv,24,probe_n=266; ok=1,fix_or_silverize_before_selector
plate_fund_probe,plates_rank_days_new_limit9999,sum_rate,unknown,limit_event_sentiment,probe_only,csv_probe_not_pit_silver,probe_only_candidate_source,data_engineering_backlog,false_until_silver_pit_panel,"probe/sample only; requires historical silverization, timestamp contract, and PIT join before selector use",silverize_first|then_rank_delta_flow_strength_membership_density,blocked,G:\Project_V7_Rotation\data\cn_public_enrichment\cn_zzshare_plate_fund_completeness_probe_v1_20260602\plate_fund_completeness_probe.csv,24,probe_n=266; ok=1,fix_or_silverize_before_selector
plate_fund_probe,plates_rank_days_new_limit9999,sum_leader_money,unknown,limit_event_sentiment,probe_only,csv_probe_not_pit_silver,probe_only_candidate_source,data_engineering_backlog,false_until_silver_pit_panel,"probe/sample only; requires historical silverization, timestamp contract, and PIT join before selector use",silverize_first|then_rank_delta_flow_strength_membership_density,blocked,G:\Project_V7_Rotation\data\cn_public_enrichment\cn_zzshare_plate_fund_completeness_probe_v1_20260602\plate_fund_completeness_probe.csv,24,probe_n=266; ok=1,fix_or_silverize_before_selector
plate_fund_probe,plates_rank_days_new_limit9999,sum_score,unknown,limit_event_sentiment,probe_only,csv_probe_not_pit_silver,probe_only_candidate_source,data_engineering_backlog,false_until_silver_pit_panel,"probe/sample only; requires historical silverization, timestamp contract, and PIT join before selector use",silverize_first|then_rank_delta_flow_strength_membership_density,blocked,G:\Project_V7_Rotation\data\cn_public_enrichment\cn_zzshare_plate_fund_completeness_probe_v1_20260602\plate_fund_completeness_probe.csv,24,probe_n=266; ok=1,fix_or_silverize_before_selector
plate_fund_probe,plates_rank_days_new_limit9999,days,unknown,limit_event_sentiment,probe_only,csv_probe_not_pit_silver,probe_only_candidate_source,data_engineering_backlog,false_until_silver_pit_panel,"probe/sample only; requires historical silverization, timestamp contract, and PIT join before selector use",silverize_first|then_rank_delta_flow_strength_membership_density,blocked,G:\Project_V7_Rotation\data\cn_public_enrichment\cn_zzshare_plate_fund_completeness_probe_v1_20260602\plate_fund_completeness_probe.csv,24,probe_n=266; ok=1,fix_or_silverize_before_selector
plate_fund_probe,plates_rank_days_new_limit9999,is_new,unknown,limit_event_sentiment,probe_only,csv_probe_not_pit_silver,probe_only_candidate_source,data_engineering_backlog,false_until_silver_pit_panel,"probe/sample only; requires historical silverization, timestamp contract, and PIT join before selector use",silverize_first|then_rank_delta_flow_strength_membership_density,blocked,G:\Project_V7_Rotation\data\cn_public_enrichment\cn_zzshare_plate_fund_completeness_probe_v1_20260602\plate_fund_completeness_probe.csv,24,probe_n=266; ok=1,fix_or_silverize_before_selector
plate_fund_probe,plates_list_pt,date_in,unknown,time_key_or_cutoff,probe_only,csv_probe_not_pit_silver,availability_key,not_alpha_feature,false,controls availability/cutoff; not standalone alpha,event_age|lagged_availability,blocked,G:\Project_V7_Rotation\data\cn_public_enrichment\cn_zzshare_plate_fund_completeness_probe_v1_20260602\plate_fund_completeness_probe.csv,24,probe_n=104; ok=1,fix_or_silverize_before_selector
plate_fund_probe,plates_list_pt,date_out,unknown,time_key_or_cutoff,probe_only,csv_probe_not_pit_silver,availability_key,not_alpha_feature,false,controls availability/cutoff; not standalone alpha,event_age|lagged_availability,blocked,G:\Project_V7_Rotation\data\cn_public_enrichment\cn_zzshare_plate_fund_completeness_probe_v1_20260602\plate_fund_completeness_probe.csv,24,probe_n=104; ok=1,fix_or_silverize_before_selector
plate_fund_probe,plates_list_pt,id,unknown,metadata,probe_only,csv_probe_not_pit_silver,join_or_audit_metadata,not_alpha_feature,false,key/text/metadata only,none,blocked,G:\Project_V7_Rotation\data\cn_public_enrichment\cn_zzshare_plate_fund_completeness_probe_v1_20260602\plate_fund_completeness_probe.csv,24,probe_n=104; ok=1,fix_or_silverize_before_selector
plate_fund_probe,plates_list_pt,plate_code,unknown,group_market_context,probe_only,csv_probe_not_pit_silver,probe_only_candidate_source,data_engineering_backlog,false_until_silver_pit_panel,"probe/sample only; requires historical silverization, timestamp contract, and PIT join before selector use",silverize_first|then_rank_delta_flow_strength_membership_density,blocked,G:\Project_V7_Rotation\data\cn_public_enrichment\cn_zzshare_plate_fund_completeness_probe_v1_20260602\plate_fund_completeness_probe.csv,24,probe_n=104; ok=1,fix_or_silverize_before_selector
plate_fund_probe,plates_list_pt,plate_name,unknown,text_or_description,probe_only,csv_probe_not_pit_silver,join_or_audit_metadata,not_alpha_feature,false,key/text/metadata only,none,blocked,G:\Project_V7_Rotation\data\cn_public_enrichment\cn_zzshare_plate_fund_completeness_probe_v1_20260602\plate_fund_completeness_probe.csv,24,probe_n=104; ok=1,fix_or_silverize_before_selector
plate_fund_probe,plates_list_pt,plate_type,unknown,group_market_context,probe_only,csv_probe_not_pit_silver,probe_only_candidate_source,data_engineering_backlog,false_until_silver_pit_panel,"probe/sample only; requires historical silverization, timestamp contract, and PIT join before selector use",silverize_first|then_rank_delta_flow_strength_membership_density,blocked,G:\Project_V7_Rotation\data\cn_public_enrichment\cn_zzshare_plate_fund_completeness_probe_v1_20260602\plate_fund_completeness_probe.csv,24,probe_n=104; ok=1,fix_or_silverize_before_selector
plate_fund_probe,plates_list_pt,time,unknown,time_key_or_cutoff,probe_only,csv_probe_not_pit_silver,event_cutoff_key,not_alpha_feature,false,controls availability/cutoff; not standalone alpha,event_age|lagged_availability,blocked,G:\Project_V7_Rotation\data\cn_public_enrichment\cn_zzshare_plate_fund_completeness_probe_v1_20260602\plate_fund_completeness_probe.csv,24,probe_n=104; ok=1,fix_or_silverize_before_selector
plate_fund_probe,plates_list_noarg,nan,unknown,group_market_context,probe_only,csv_probe_not_pit_silver,probe_only_candidate_source,data_engineering_backlog,false_until_silver_pit_panel,"probe/sample only; requires historical silverization, timestamp contract, and PIT join before selector use",silverize_first|then_rank_delta_flow_strength_membership_density,blocked,G:\Project_V7_Rotation\data\cn_public_enrichment\cn_zzshare_plate_fund_completeness_probe_v1_20260602\plate_fund_completeness_probe.csv,24,probe_n=0; ok=0,fix_or_silverize_before_selector
plate_fund_probe,plates_list_pt,date_in,unknown,time_key_or_cutoff,probe_only,csv_probe_not_pit_silver,availability_key,not_alpha_feature,false,controls availability/cutoff; not standalone alpha,event_age|lagged_availability,blocked,G:\Project_V7_Rotation\data\cn_public_enrichment\cn_zzshare_plate_fund_completeness_probe_v1_20260602\plate_fund_completeness_probe.csv,24,probe_n=496; ok=1,fix_or_silverize_before_selector
plate_fund_probe,plates_list_pt,date_out,unknown,time_key_or_cutoff,probe_only,csv_probe_not_pit_silver,availability_key,not_alpha_feature,false,controls availability/cutoff; not standalone alpha,event_age|lagged_availability,blocked,G:\Project_V7_Rotation\data\cn_public_enrichment\cn_zzshare_plate_fund_completeness_probe_v1_20260602\plate_fund_completeness_probe.csv,24,probe_n=496; ok=1,fix_or_silverize_before_selector
plate_fund_probe,plates_list_pt,id,unknown,metadata,probe_only,csv_probe_not_pit_silver,join_or_audit_metadata,not_alpha_feature,false,key/text/metadata only,none,blocked,G:\Project_V7_Rotation\data\cn_public_enrichment\cn_zzshare_plate_fund_completeness_probe_v1_20260602\plate_fund_completeness_probe.csv,24,probe_n=496; ok=1,fix_or_silverize_before_selector
plate_fund_probe,plates_list_pt,plate_code,unknown,group_market_context,probe_only,csv_probe_not_pit_silver,probe_only_candidate_source,data_engineering_backlog,false_until_silver_pit_panel,"probe/sample only; requires historical silverization, timestamp contract, and PIT join before selector use",silverize_first|then_rank_delta_flow_strength_membership_density,blocked,G:\Project_V7_Rotation\data\cn_public_enrichment\cn_zzshare_plate_fund_completeness_probe_v1_20260602\plate_fund_completeness_probe.csv,24,probe_n=496; ok=1,fix_or_silverize_before_selector
plate_fund_probe,plates_list_pt,plate_name,unknown,text_or_description,probe_only,csv_probe_not_pit_silver,join_or_audit_metadata,not_alpha_feature,false,key/text/metadata only,none,blocked,G:\Project_V7_Rotation\data\cn_public_enrichment\cn_zzshare_plate_fund_completeness_probe_v1_20260602\plate_fund_completeness_probe.csv,24,probe_n=496; ok=1,fix_or_silverize_before_selector
plate_fund_probe,plates_list_pt,plate_type,unknown,group_market_context,probe_only,csv_probe_not_pit_silver,probe_only_candidate_source,data_engineering_backlog,false_until_silver_pit_panel,"probe/sample only; requires historical silverization, timestamp contract, and PIT join before selector use",silverize_first|then_rank_delta_flow_strength_membership_density,blocked,G:\Project_V7_Rotation\data\cn_public_enrichment\cn_zzshare_plate_fund_completeness_probe_v1_20260602\plate_fund_completeness_probe.csv,24,probe_n=496; ok=1,fix_or_silverize_before_selector
plate_fund_probe,plates_list_pt,time,unknown,time_key_or_cutoff,probe_only,csv_probe_not_pit_silver,event_cutoff_key,not_alpha_feature,false,controls availability/cutoff; not standalone alpha,event_age|lagged_availability,blocked,G:\Project_V7_Rotation\data\cn_public_enrichment\cn_zzshare_plate_fund_completeness_probe_v1_20260602\plate_fund_completeness_probe.csv,24,probe_n=496; ok=1,fix_or_silverize_before_selector
plate_fund_probe,plates_list_noarg,nan,unknown,group_market_context,probe_only,csv_probe_not_pit_silver,probe_only_candidate_source,data_engineering_backlog,false_until_silver_pit_panel,"probe/sample only; requires historical silverization, timestamp contract, and PIT join before selector use",silverize_first|then_rank_delta_flow_strength_membership_density,blocked,G:\Project_V7_Rotation\data\cn_public_enrichment\cn_zzshare_plate_fund_completeness_probe_v1_20260602\plate_fund_completeness_probe.csv,24,probe_n=0; ok=0,fix_or_silverize_before_selector
plate_fund_probe,plates_list_pt,date_in,unknown,time_key_or_cutoff,probe_only,csv_probe_not_pit_silver,availability_key,not_alpha_feature,false,controls availability/cutoff; not standalone alpha,event_age|lagged_availability,blocked,G:\Project_V7_Rotation\data\cn_public_enrichment\cn_zzshare_plate_fund_completeness_probe_v1_20260602\plate_fund_completeness_probe.csv,24,probe_n=517; ok=1,fix_or_silverize_before_selector
plate_fund_probe,plates_list_pt,date_out,unknown,time_key_or_cutoff,probe_only,csv_probe_not_pit_silver,availability_key,not_alpha_feature,false,controls availability/cutoff; not standalone alpha,event_age|lagged_availability,blocked,G:\Project_V7_Rotation\data\cn_public_enrichment\cn_zzshare_plate_fund_completeness_probe_v1_20260602\plate_fund_completeness_probe.csv,24,probe_n=517; ok=1,fix_or_silverize_before_selector
plate_fund_probe,plates_list_pt,id,unknown,metadata,probe_only,csv_probe_not_pit_silver,join_or_audit_metadata,not_alpha_feature,false,key/text/metadata only,none,blocked,G:\Project_V7_Rotation\data\cn_public_enrichment\cn_zzshare_plate_fund_completeness_probe_v1_20260602\plate_fund_completeness_probe.csv,24,probe_n=517; ok=1,fix_or_silverize_before_selector
plate_fund_probe,plates_list_pt,plate_code,unknown,group_market_context,probe_only,csv_probe_not_pit_silver,probe_only_candidate_source,data_engineering_backlog,false_until_silver_pit_panel,"probe/sample only; requires historical silverization, timestamp contract, and PIT join before selector use",silverize_first|then_rank_delta_flow_strength_membership_density,blocked,G:\Project_V7_Rotation\data\cn_public_enrichment\cn_zzshare_plate_fund_completeness_probe_v1_20260602\plate_fund_completeness_probe.csv,24,probe_n=517; ok=1,fix_or_silverize_before_selector
plate_fund_probe,plates_list_pt,plate_name,unknown,text_or_description,probe_only,csv_probe_not_pit_silver,join_or_audit_metadata,not_alpha_feature,false,key/text/metadata only,none,blocked,G:\Project_V7_Rotation\data\cn_public_enrichment\cn_zzshare_plate_fund_completeness_probe_v1_20260602\plate_fund_completeness_probe.csv,24,probe_n=517; ok=1,fix_or_silverize_before_selector
plate_fund_probe,plates_list_pt,plate_type,unknown,group_market_context,probe_only,csv_probe_not_pit_silver,probe_only_candidate_source,data_engineering_backlog,false_until_silver_pit_panel,"probe/sample only; requires historical silverization, timestamp contract, and PIT join before selector use",silverize_first|then_rank_delta_flow_strength_membership_density,blocked,G:\Project_V7_Rotation\data\cn_public_enrichment\cn_zzshare_plate_fund_completeness_probe_v1_20260602\plate_fund_completeness_probe.csv,24,probe_n=517; ok=1,fix_or_silverize_before_selector
plate_fund_probe,plates_list_pt,time,unknown,time_key_or_cutoff,probe_only,csv_probe_not_pit_silver,event_cutoff_key,not_alpha_feature,false,controls availability/cutoff; not standalone alpha,event_age|lagged_availability,blocked,G:\Project_V7_Rotation\data\cn_public_enrichment\cn_zzshare_plate_fund_completeness_probe_v1_20260602\plate_fund_completeness_probe.csv,24,probe_n=517; ok=1,fix_or_silverize_before_selector
plate_fund_probe,plates_list_noarg,nan,unknown,group_market_context,probe_only,csv_probe_not_pit_silver,probe_only_candidate_source,data_engineering_backlog,false_until_silver_pit_panel,"probe/sample only; requires historical silverization, timestamp contract, and PIT join before selector use",silverize_first|then_rank_delta_flow_strength_membership_density,blocked,G:\Project_V7_Rotation\data\cn_public_enrichment\cn_zzshare_plate_fund_completeness_probe_v1_20260602\plate_fund_completeness_probe.csv,24,probe_n=0; ok=0,fix_or_silverize_before_selector
advanced_zzshare_probe,plates_rank_days_new_pt1_net_20260529,nan,unknown,event_heat_or_strength,probe_only,csv_probe_not_pit_silver,probe_only_candidate_source,data_engineering_backlog,false_until_silver_pit_panel,"probe/sample only; requires historical silverization, timestamp contract, and PIT join before selector use",silverize_first|then_rank_delta_flow_strength_membership_density,blocked,G:\Project_V7_Rotation\data\cn_public_enrichment\cn_zzshare_advanced_field_probe_v1_20260602\advanced_field_probe_report.csv,28,probe_n=0; ok=True,fix_or_silverize_before_selector
advanced_zzshare_probe,plates_rank_pt1_20260529,nan,unknown,event_heat_or_strength,probe_only,csv_probe_not_pit_silver,probe_only_candidate_source,data_engineering_backlog,false_until_silver_pit_panel,"probe/sample only; requires historical silverization, timestamp contract, and PIT join before selector use",silverize_first|then_rank_delta_flow_strength_membership_density,blocked,G:\Project_V7_Rotation\data\cn_public_enrichment\cn_zzshare_advanced_field_probe_v1_20260602\advanced_field_probe_report.csv,28,probe_n=0; ok=True,fix_or_silverize_before_selector
advanced_zzshare_probe,plates_rank_days_new_pt2_net_20260529,nan,unknown,event_heat_or_strength,probe_only,csv_probe_not_pit_silver,probe_only_candidate_source,data_engineering_backlog,false_until_silver_pit_panel,"probe/sample only; requires historical silverization, timestamp contract, and PIT join before selector use",silverize_first|then_rank_delta_flow_strength_membership_density,blocked,G:\Project_V7_Rotation\data\cn_public_enrichment\cn_zzshare_advanced_field_probe_v1_20260602\advanced_field_probe_report.csv,28,probe_n=0; ok=True,fix_or_silverize_before_selector
advanced_zzshare_probe,plates_rank_pt2_20260529,nan,unknown,event_heat_or_strength,probe_only,csv_probe_not_pit_silver,probe_only_candidate_source,data_engineering_backlog,false_until_silver_pit_panel,"probe/sample only; requires historical silverization, timestamp contract, and PIT join before selector use",silverize_first|then_rank_delta_flow_strength_membership_density,blocked,G:\Project_V7_Rotation\data\cn_public_enrichment\cn_zzshare_advanced_field_probe_v1_20260602\advanced_field_probe_report.csv,28,probe_n=0; ok=True,fix_or_silverize_before_selector
advanced_zzshare_probe,plates_rank_days_new_pt17_net_20260529,plate_code,unknown,event_heat_or_strength,probe_only,csv_probe_not_pit_silver,probe_only_candidate_source,data_engineering_backlog,false_until_silver_pit_panel,"probe/sample only; requires historical silverization, timestamp contract, and PIT join before selector use",silverize_first|then_rank_delta_flow_strength_membership_density,blocked,G:\Project_V7_Rotation\data\cn_public_enrichment\cn_zzshare_advanced_field_probe_v1_20260602\advanced_field_probe_report.csv,28,probe_n=20; ok=True,fix_or_silverize_before_selector
advanced_zzshare_probe,plates_rank_days_new_pt17_net_20260529,plate_name,unknown,text_or_description,probe_only,csv_probe_not_pit_silver,join_or_audit_metadata,not_alpha_feature,false,key/text/metadata only,none,blocked,G:\Project_V7_Rotation\data\cn_public_enrichment\cn_zzshare_advanced_field_probe_v1_20260602\advanced_field_probe_report.csv,28,probe_n=20; ok=True,fix_or_silverize_before_selector
advanced_zzshare_probe,plates_rank_days_new_pt17_net_20260529,sum_rate,unknown,event_heat_or_strength,probe_only,csv_probe_not_pit_silver,probe_only_candidate_source,data_engineering_backlog,false_until_silver_pit_panel,"probe/sample only; requires historical silverization, timestamp contract, and PIT join before selector use",silverize_first|then_rank_delta_flow_strength_membership_density,blocked,G:\Project_V7_Rotation\data\cn_public_enrichment\cn_zzshare_advanced_field_probe_v1_20260602\advanced_field_probe_report.csv,28,probe_n=20; ok=True,fix_or_silverize_before_selector
advanced_zzshare_probe,plates_rank_days_new_pt17_net_20260529,sum_leader_money,unknown,event_heat_or_strength,probe_only,csv_probe_not_pit_silver,probe_only_candidate_source,data_engineering_backlog,false_until_silver_pit_panel,"probe/sample only; requires historical silverization, timestamp contract, and PIT join before selector use",silverize_first|then_rank_delta_flow_strength_membership_density,blocked,G:\Project_V7_Rotation\data\cn_public_enrichment\cn_zzshare_advanced_field_probe_v1_20260602\advanced_field_probe_report.csv,28,probe_n=20; ok=True,fix_or_silverize_before_selector
advanced_zzshare_probe,plates_rank_days_new_pt17_net_20260529,sum_score,unknown,event_heat_or_strength,probe_only,csv_probe_not_pit_silver,probe_only_candidate_source,data_engineering_backlog,false_until_silver_pit_panel,"probe/sample only; requires historical silverization, timestamp contract, and PIT join before selector use",silverize_first|then_rank_delta_flow_strength_membership_density,blocked,G:\Project_V7_Rotation\data\cn_public_enrichment\cn_zzshare_advanced_field_probe_v1_20260602\advanced_field_probe_report.csv,28,probe_n=20; ok=True,fix_or_silverize_before_selector
advanced_zzshare_probe,plates_rank_days_new_pt17_net_20260529,days,unknown,event_heat_or_strength,probe_only,csv_probe_not_pit_silver,probe_only_candidate_source,data_engineering_backlog,false_until_silver_pit_panel,"probe/sample only; requires historical silverization, timestamp contract, and PIT join before selector use",silverize_first|then_rank_delta_flow_strength_membership_density,blocked,G:\Project_V7_Rotation\data\cn_public_enrichment\cn_zzshare_advanced_field_probe_v1_20260602\advanced_field_probe_report.csv,28,probe_n=20; ok=True,fix_or_silverize_before_selector
advanced_zzshare_probe,plates_rank_days_new_pt17_net_20260529,is_new,unknown,event_heat_or_strength,probe_only,csv_probe_not_pit_silver,probe_only_candidate_source,data_engineering_backlog,false_until_silver_pit_panel,"probe/sample only; requires historical silverization, timestamp contract, and PIT join before selector use",silverize_first|then_rank_delta_flow_strength_membership_density,blocked,G:\Project_V7_Rotation\data\cn_public_enrichment\cn_zzshare_advanced_field_probe_v1_20260602\advanced_field_probe_report.csv,28,probe_n=20; ok=True,fix_or_silverize_before_selector
advanced_zzshare_probe,plates_rank_pt17_20260529,plate_type,unknown,event_heat_or_strength,probe_only,csv_probe_not_pit_silver,probe_only_candidate_source,data_engineering_backlog,false_until_silver_pit_panel,"probe/sample only; requires historical silverization, timestamp contract, and PIT join before selector use",silverize_first|then_rank_delta_flow_strength_membership_density,blocked,G:\Project_V7_Rotation\data\cn_public_enrichment\cn_zzshare_advanced_field_probe_v1_20260602\advanced_field_probe_report.csv,28,probe_n=20; ok=True,fix_or_silverize_before_selector
advanced_zzshare_probe,plates_rank_pt17_20260529,plate_code,unknown,event_heat_or_strength,probe_only,csv_probe_not_pit_silver,probe_only_candidate_source,data_engineering_backlog,false_until_silver_pit_panel,"probe/sample only; requires historical silverization, timestamp contract, and PIT join before selector use",silverize_first|then_rank_delta_flow_strength_membership_density,blocked,G:\Project_V7_Rotation\data\cn_public_enrichment\cn_zzshare_advanced_field_probe_v1_20260602\advanced_field_probe_report.csv,28,probe_n=20; ok=True,fix_or_silverize_before_selector
advanced_zzshare_probe,plates_rank_pt17_20260529,score,unknown,event_heat_or_strength,probe_only,csv_probe_not_pit_silver,probe_only_candidate_source,data_engineering_backlog,false_until_silver_pit_panel,"probe/sample only; requires historical silverization, timestamp contract, and PIT join before selector use",silverize_first|then_rank_delta_flow_strength_membership_density,blocked,G:\Project_V7_Rotation\data\cn_public_enrichment\cn_zzshare_advanced_field_probe_v1_20260602\advanced_field_probe_report.csv,28,probe_n=20; ok=True,fix_or_silverize_before_selector
advanced_zzshare_probe,plates_rank_pt17_20260529,rate,unknown,event_heat_or_strength,probe_only,csv_probe_not_pit_silver,probe_only_candidate_source,data_engineering_backlog,false_until_silver_pit_panel,"probe/sample only; requires historical silverization, timestamp contract, and PIT join before selector use",silverize_first|then_rank_delta_flow_strength_membership_density,blocked,G:\Project_V7_Rotation\data\cn_public_enrichment\cn_zzshare_advanced_field_probe_v1_20260602\advanced_field_probe_report.csv,28,probe_n=20; ok=True,fix_or_silverize_before_selector
advanced_zzshare_probe,plates_rank_pt17_20260529,money_leader,unknown,event_heat_or_strength,probe_only,csv_probe_not_pit_silver,probe_only_candidate_source,data_engineering_backlog,false_until_silver_pit_panel,"probe/sample only; requires historical silverization, timestamp contract, and PIT join before selector use",silverize_first|then_rank_delta_flow_strength_membership_density,blocked,G:\Project_V7_Rotation\data\cn_public_enrichment\cn_zzshare_advanced_field_probe_v1_20260602\advanced_field_probe_report.csv,28,probe_n=20; ok=True,fix_or_silverize_before_selector
advanced_zzshare_probe,plates_rank_pt17_20260529,trade_money,unknown,event_heat_or_strength,probe_only,csv_probe_not_pit_silver,probe_only_candidate_source,data_engineering_backlog,false_until_silver_pit_panel,"probe/sample only; requires historical silverization, timestamp contract, and PIT join before selector use",silverize_first|then_rank_delta_flow_strength_membership_density,blocked,G:\Project_V7_Rotation\data\cn_public_enrichment\cn_zzshare_advanced_field_probe_v1_20260602\advanced_field_probe_report.csv,28,probe_n=20; ok=True,fix_or_silverize_before_selector
advanced_zzshare_probe,plates_rank_pt17_20260529,money_leader_sell,unknown,event_heat_or_strength,probe_only,csv_probe_not_pit_silver,probe_only_candidate_source,data_engineering_backlog,false_until_silver_pit_panel,"probe/sample only; requires historical silverization, timestamp contract, and PIT join before selector use",silverize_first|then_rank_delta_flow_strength_membership_density,blocked,G:\Project_V7_Rotation\data\cn_public_enrichment\cn_zzshare_advanced_field_probe_v1_20260602\advanced_field_probe_report.csv,28,probe_n=20; ok=True,fix_or_silverize_before_selector
advanced_zzshare_probe,plates_rank_pt17_20260529,market_cap_cir,unknown,event_heat_or_strength,probe_only,csv_probe_not_pit_silver,probe_only_candidate_source,data_engineering_backlog,false_until_silver_pit_panel,"probe/sample only; requires historical silverization, timestamp contract, and PIT join before selector use",silverize_first|then_rank_delta_flow_strength_membership_density,blocked,G:\Project_V7_Rotation\data\cn_public_enrichment\cn_zzshare_advanced_field_probe_v1_20260602\advanced_field_probe_report.csv,28,probe_n=20; ok=True,fix_or_silverize_before_selector
advanced_zzshare_probe,plates_rank_pt17_20260529,plate_name,unknown,text_or_description,probe_only,csv_probe_not_pit_silver,join_or_audit_metadata,not_alpha_feature,false,key/text/metadata only,none,blocked,G:\Project_V7_Rotation\data\cn_public_enrichment\cn_zzshare_advanced_field_probe_v1_20260602\advanced_field_probe_report.csv,28,probe_n=20; ok=True,fix_or_silverize_before_selector
advanced_zzshare_probe,plates_rank_pt17_20260529,id,unknown,metadata,probe_only,csv_probe_not_pit_silver,join_or_audit_metadata,not_alpha_feature,false,key/text/metadata only,none,blocked,G:\Project_V7_Rotation\data\cn_public_enrichment\cn_zzshare_advanced_field_probe_v1_20260602\advanced_field_probe_report.csv,28,probe_n=20; ok=True,fix_or_silverize_before_selector
advanced_zzshare_probe,plates_rank_pt17_20260529,date1,unknown,time_key_or_cutoff,probe_only,csv_probe_not_pit_silver,availability_key,not_alpha_feature,false,controls availability/cutoff; not standalone alpha,event_age|lagged_availability,blocked,G:\Project_V7_Rotation\data\cn_public_enrichment\cn_zzshare_advanced_field_probe_v1_20260602\advanced_field_probe_report.csv,28,probe_n=20; ok=True,fix_or_silverize_before_selector
advanced_zzshare_probe,plates_rank_pt17_20260529,speed,unknown,event_heat_or_strength,probe_only,csv_probe_not_pit_silver,probe_only_candidate_source,data_engineering_backlog,false_until_silver_pit_panel,"probe/sample only; requires historical silverization, timestamp contract, and PIT join before selector use",silverize_first|then_rank_delta_flow_strength_membership_density,blocked,G:\Project_V7_Rotation\data\cn_public_enrichment\cn_zzshare_advanced_field_probe_v1_20260602\advanced_field_probe_report.csv,28,probe_n=20; ok=True,fix_or_silverize_before_selector
advanced_zzshare_probe,plates_rank_pt17_20260529,money_leader_buy,unknown,event_heat_or_strength,probe_only,csv_probe_not_pit_silver,probe_only_candidate_source,data_engineering_backlog,false_until_silver_pit_panel,"probe/sample only; requires historical silverization, timestamp contract, and PIT join before selector use",silverize_first|then_rank_delta_flow_strength_membership_density,blocked,G:\Project_V7_Rotation\data\cn_public_enrichment\cn_zzshare_advanced_field_probe_v1_20260602\advanced_field_probe_report.csv,28,probe_n=20; ok=True,fix_or_silverize_before_selector
advanced_zzshare_probe,plates_rank_pt17_20260529,volume_ration,unknown,event_heat_or_strength,probe_only,csv_probe_not_pit_silver,probe_only_candidate_source,data_engineering_backlog,false_until_silver_pit_panel,"probe/sample only; requires historical silverization, timestamp contract, and PIT join before selector use",silverize_first|then_rank_delta_flow_strength_membership_density,blocked,G:\Project_V7_Rotation\data\cn_public_enrichment\cn_zzshare_advanced_field_probe_v1_20260602\advanced_field_probe_report.csv,28,probe_n=20; ok=True,fix_or_silverize_before_selector
advanced_zzshare_probe,plates_rank_pt17_20260529,time,unknown,time_key_or_cutoff,probe_only,csv_probe_not_pit_silver,event_cutoff_key,not_alpha_feature,false,controls availability/cutoff; not standalone alpha,event_age|lagged_availability,blocked,G:\Project_V7_Rotation\data\cn_public_enrichment\cn_zzshare_advanced_field_probe_v1_20260602\advanced_field_probe_report.csv,28,probe_n=20; ok=True,fix_or_silverize_before_selector
advanced_zzshare_probe,plates_rank_days_new_pt18_net_20260529,nan,unknown,event_heat_or_strength,probe_only,csv_probe_not_pit_silver,probe_only_candidate_source,data_engineering_backlog,false_until_silver_pit_panel,"probe/sample only; requires historical silverization, timestamp contract, and PIT join before selector use",silverize_first|then_rank_delta_flow_strength_membership_density,blocked,G:\Project_V7_Rotation\data\cn_public_enrichment\cn_zzshare_advanced_field_probe_v1_20260602\advanced_field_probe_report.csv,28,probe_n=0; ok=True,fix_or_silverize_before_selector
advanced_zzshare_probe,plates_rank_pt18_20260529,nan,unknown,event_heat_or_strength,probe_only,csv_probe_not_pit_silver,probe_only_candidate_source,data_engineering_backlog,false_until_silver_pit_panel,"probe/sample only; requires historical silverization, timestamp contract, and PIT join before selector use",silverize_first|then_rank_delta_flow_strength_membership_density,blocked,G:\Project_V7_Rotation\data\cn_public_enrichment\cn_zzshare_advanced_field_probe_v1_20260602\advanced_field_probe_report.csv,28,probe_n=0; ok=True,fix_or_silverize_before_selector
advanced_zzshare_probe,plates_rank_days_new_pt20_net_20260529,nan,unknown,event_heat_or_strength,probe_only,csv_probe_not_pit_silver,probe_only_candidate_source,data_engineering_backlog,false_until_silver_pit_panel,"probe/sample only; requires historical silverization, timestamp contract, and PIT join before selector use",silverize_first|then_rank_delta_flow_strength_membership_density,blocked,G:\Project_V7_Rotation\data\cn_public_enrichment\cn_zzshare_advanced_field_probe_v1_20260602\advanced_field_probe_report.csv,28,probe_n=0; ok=True,fix_or_silverize_before_selector
advanced_zzshare_probe,plates_rank_pt20_20260529,nan,unknown,event_heat_or_strength,probe_only,csv_probe_not_pit_silver,probe_only_candidate_source,data_engineering_backlog,false_until_silver_pit_panel,"probe/sample only; requires historical silverization, timestamp contract, and PIT join before selector use",silverize_first|then_rank_delta_flow_strength_membership_density,blocked,G:\Project_V7_Rotation\data\cn_public_enrichment\cn_zzshare_advanced_field_probe_v1_20260602\advanced_field_probe_report.csv,28,probe_n=0; ok=True,fix_or_silverize_before_selector
advanced_zzshare_probe,market_plate_stocks_pt1_801031_20260529,nan,unknown,group_market_context,probe_only,csv_probe_not_pit_silver,probe_only_candidate_source,data_engineering_backlog,false_until_silver_pit_panel,"probe/sample only; requires historical silverization, timestamp contract, and PIT join before selector use",silverize_first|then_rank_delta_flow_strength_membership_density,blocked,G:\Project_V7_Rotation\data\cn_public_enrichment\cn_zzshare_advanced_field_probe_v1_20260602\advanced_field_probe_report.csv,28,probe_n=0; ok=True,fix_or_silverize_before_selector
advanced_zzshare_probe,market_plate_stocks_pt1_801062_20260529,nan,unknown,group_market_context,probe_only,csv_probe_not_pit_silver,probe_only_candidate_source,data_engineering_backlog,false_until_silver_pit_panel,"probe/sample only; requires historical silverization, timestamp contract, and PIT join before selector use",silverize_first|then_rank_delta_flow_strength_membership_density,blocked,G:\Project_V7_Rotation\data\cn_public_enrichment\cn_zzshare_advanced_field_probe_v1_20260602\advanced_field_probe_report.csv,28,probe_n=0; ok=True,fix_or_silverize_before_selector
advanced_zzshare_probe,market_plate_stocks_pt2_801031_20260529,nan,unknown,group_market_context,probe_only,csv_probe_not_pit_silver,probe_only_candidate_source,data_engineering_backlog,false_until_silver_pit_panel,"probe/sample only; requires historical silverization, timestamp contract, and PIT join before selector use",silverize_first|then_rank_delta_flow_strength_membership_density,blocked,G:\Project_V7_Rotation\data\cn_public_enrichment\cn_zzshare_advanced_field_probe_v1_20260602\advanced_field_probe_report.csv,28,probe_n=0; ok=True,fix_or_silverize_before_selector
advanced_zzshare_probe,market_plate_stocks_pt2_801062_20260529,nan,unknown,group_market_context,probe_only,csv_probe_not_pit_silver,probe_only_candidate_source,data_engineering_backlog,false_until_silver_pit_panel,"probe/sample only; requires historical silverization, timestamp contract, and PIT join before selector use",silverize_first|then_rank_delta_flow_strength_membership_density,blocked,G:\Project_V7_Rotation\data\cn_public_enrichment\cn_zzshare_advanced_field_probe_v1_20260602\advanced_field_probe_report.csv,28,probe_n=0; ok=True,fix_or_silverize_before_selector
advanced_zzshare_probe,market_plate_stocks_pt17_801031_20260529,stock_name,unknown,text_or_description,probe_only,csv_probe_not_pit_silver,join_or_audit_metadata,not_alpha_feature,false,key/text/metadata only,none,blocked,G:\Project_V7_Rotation\data\cn_public_enrichment\cn_zzshare_advanced_field_probe_v1_20260602\advanced_field_probe_report.csv,28,probe_n=20; ok=True,fix_or_silverize_before_selector
advanced_zzshare_probe,market_plate_stocks_pt17_801031_20260529,stock_code,unknown,instrument_key,probe_only,csv_probe_not_pit_silver,join_or_audit_metadata,not_alpha_feature,false,key/text/metadata only,none,blocked,G:\Project_V7_Rotation\data\cn_public_enrichment\cn_zzshare_advanced_field_probe_v1_20260602\advanced_field_probe_report.csv,28,probe_n=20; ok=True,fix_or_silverize_before_selector
advanced_zzshare_probe,market_plate_stocks_pt17_801031_20260529,rank,unknown,event_heat_or_strength,probe_only,csv_probe_not_pit_silver,probe_only_candidate_source,data_engineering_backlog,false_until_silver_pit_panel,"probe/sample only; requires historical silverization, timestamp contract, and PIT join before selector use",silverize_first|then_rank_delta_flow_strength_membership_density,blocked,G:\Project_V7_Rotation\data\cn_public_enrichment\cn_zzshare_advanced_field_probe_v1_20260602\advanced_field_probe_report.csv,28,probe_n=20; ok=True,fix_or_silverize_before_selector
advanced_zzshare_probe,market_plate_stocks_pt17_801031_20260529,rank_diff,unknown,event_heat_or_strength,probe_only,csv_probe_not_pit_silver,probe_only_candidate_source,data_engineering_backlog,false_until_silver_pit_panel,"probe/sample only; requires historical silverization, timestamp contract, and PIT join before selector use",silverize_first|then_rank_delta_flow_strength_membership_density,blocked,G:\Project_V7_Rotation\data\cn_public_enrichment\cn_zzshare_advanced_field_probe_v1_20260602\advanced_field_probe_report.csv,28,probe_n=20; ok=True,fix_or_silverize_before_selector
advanced_zzshare_probe,market_plate_stocks_pt17_801031_20260529,attention,unknown,event_heat_or_strength,probe_only,csv_probe_not_pit_silver,probe_only_candidate_source,data_engineering_backlog,false_until_silver_pit_panel,"probe/sample only; requires historical silverization, timestamp contract, and PIT join before selector use",silverize_first|then_rank_delta_flow_strength_membership_density,blocked,G:\Project_V7_Rotation\data\cn_public_enrichment\cn_zzshare_advanced_field_probe_v1_20260602\advanced_field_probe_report.csv,28,probe_n=20; ok=True,fix_or_silverize_before_selector
advanced_zzshare_probe,market_plate_stocks_pt17_801031_20260529,last_pct,unknown,group_market_context,probe_only,csv_probe_not_pit_silver,probe_only_candidate_source,data_engineering_backlog,false_until_silver_pit_panel,"probe/sample only; requires historical silverization, timestamp contract, and PIT join before selector use",silverize_first|then_rank_delta_flow_strength_membership_density,blocked,G:\Project_V7_Rotation\data\cn_public_enrichment\cn_zzshare_advanced_field_probe_v1_20260602\advanced_field_probe_report.csv,28,probe_n=20; ok=True,fix_or_silverize_before_selector
advanced_zzshare_probe,market_plate_stocks_pt17_801062_20260529,stock_name,unknown,text_or_description,probe_only,csv_probe_not_pit_silver,join_or_audit_metadata,not_alpha_feature,false,key/text/metadata only,none,blocked,G:\Project_V7_Rotation\data\cn_public_enrichment\cn_zzshare_advanced_field_probe_v1_20260602\advanced_field_probe_report.csv,28,probe_n=20; ok=True,fix_or_silverize_before_selector
advanced_zzshare_probe,market_plate_stocks_pt17_801062_20260529,stock_code,unknown,instrument_key,probe_only,csv_probe_not_pit_silver,join_or_audit_metadata,not_alpha_feature,false,key/text/metadata only,none,blocked,G:\Project_V7_Rotation\data\cn_public_enrichment\cn_zzshare_advanced_field_probe_v1_20260602\advanced_field_probe_report.csv,28,probe_n=20; ok=True,fix_or_silverize_before_selector
advanced_zzshare_probe,market_plate_stocks_pt17_801062_20260529,rank,unknown,event_heat_or_strength,probe_only,csv_probe_not_pit_silver,probe_only_candidate_source,data_engineering_backlog,false_until_silver_pit_panel,"probe/sample only; requires historical silverization, timestamp contract, and PIT join before selector use",silverize_first|then_rank_delta_flow_strength_membership_density,blocked,G:\Project_V7_Rotation\data\cn_public_enrichment\cn_zzshare_advanced_field_probe_v1_20260602\advanced_field_probe_report.csv,28,probe_n=20; ok=True,fix_or_silverize_before_selector
advanced_zzshare_probe,market_plate_stocks_pt17_801062_20260529,rank_diff,unknown,event_heat_or_strength,probe_only,csv_probe_not_pit_silver,probe_only_candidate_source,data_engineering_backlog,false_until_silver_pit_panel,"probe/sample only; requires historical silverization, timestamp contract, and PIT join before selector use",silverize_first|then_rank_delta_flow_strength_membership_density,blocked,G:\Project_V7_Rotation\data\cn_public_enrichment\cn_zzshare_advanced_field_probe_v1_20260602\advanced_field_probe_report.csv,28,probe_n=20; ok=True,fix_or_silverize_before_selector
advanced_zzshare_probe,market_plate_stocks_pt17_801062_20260529,attention,unknown,event_heat_or_strength,probe_only,csv_probe_not_pit_silver,probe_only_candidate_source,data_engineering_backlog,false_until_silver_pit_panel,"probe/sample only; requires historical silverization, timestamp contract, and PIT join before selector use",silverize_first|then_rank_delta_flow_strength_membership_density,blocked,G:\Project_V7_Rotation\data\cn_public_enrichment\cn_zzshare_advanced_field_probe_v1_20260602\advanced_field_probe_report.csv,28,probe_n=20; ok=True,fix_or_silverize_before_selector
advanced_zzshare_probe,market_plate_stocks_pt17_801062_20260529,last_pct,unknown,group_market_context,probe_only,csv_probe_not_pit_silver,probe_only_candidate_source,data_engineering_backlog,false_until_silver_pit_panel,"probe/sample only; requires historical silverization, timestamp contract, and PIT join before selector use",silverize_first|then_rank_delta_flow_strength_membership_density,blocked,G:\Project_V7_Rotation\data\cn_public_enrichment\cn_zzshare_advanced_field_probe_v1_20260602\advanced_field_probe_report.csv,28,probe_n=20; ok=True,fix_or_silverize_before_selector
advanced_zzshare_probe,market_plate_stocks_pt18_801031_20260529,nan,unknown,group_market_context,probe_only,csv_probe_not_pit_silver,probe_only_candidate_source,data_engineering_backlog,false_until_silver_pit_panel,"probe/sample only; requires historical silverization, timestamp contract, and PIT join before selector use",silverize_first|then_rank_delta_flow_strength_membership_density,blocked,G:\Project_V7_Rotation\data\cn_public_enrichment\cn_zzshare_advanced_field_probe_v1_20260602\advanced_field_probe_report.csv,28,probe_n=0; ok=True,fix_or_silverize_before_selector
advanced_zzshare_probe,market_plate_stocks_pt18_801062_20260529,nan,unknown,group_market_context,probe_only,csv_probe_not_pit_silver,probe_only_candidate_source,data_engineering_backlog,false_until_silver_pit_panel,"probe/sample only; requires historical silverization, timestamp contract, and PIT join before selector use",silverize_first|then_rank_delta_flow_strength_membership_density,blocked,G:\Project_V7_Rotation\data\cn_public_enrichment\cn_zzshare_advanced_field_probe_v1_20260602\advanced_field_probe_report.csv,28,probe_n=0; ok=True,fix_or_silverize_before_selector
advanced_zzshare_probe,market_plate_stocks_pt20_801031_20260529,nan,unknown,group_market_context,probe_only,csv_probe_not_pit_silver,probe_only_candidate_source,data_engineering_backlog,false_until_silver_pit_panel,"probe/sample only; requires historical silverization, timestamp contract, and PIT join before selector use",silverize_first|then_rank_delta_flow_strength_membership_density,blocked,G:\Project_V7_Rotation\data\cn_public_enrichment\cn_zzshare_advanced_field_probe_v1_20260602\advanced_field_probe_report.csv,28,probe_n=0; ok=True,fix_or_silverize_before_selector
advanced_zzshare_probe,market_plate_stocks_pt20_801062_20260529,nan,unknown,group_market_context,probe_only,csv_probe_not_pit_silver,probe_only_candidate_source,data_engineering_backlog,false_until_silver_pit_panel,"probe/sample only; requires historical silverization, timestamp contract, and PIT join before selector use",silverize_first|then_rank_delta_flow_strength_membership_density,blocked,G:\Project_V7_Rotation\data\cn_public_enrichment\cn_zzshare_advanced_field_probe_v1_20260602\advanced_field_probe_report.csv,28,probe_n=0; ok=True,fix_or_silverize_before_selector
advanced_zzshare_probe,market_sentiment_20260529,modal_id,unknown,other_numeric,probe_only,csv_probe_not_pit_silver,probe_only_candidate_source,data_engineering_backlog,false_until_silver_pit_panel,"probe/sample only; requires historical silverization, timestamp contract, and PIT join before selector use",silverize_first|then_rank_delta_flow_strength_membership_density,blocked,G:\Project_V7_Rotation\data\cn_public_enrichment\cn_zzshare_advanced_field_probe_v1_20260602\advanced_field_probe_report.csv,28,probe_n=3; ok=True,fix_or_silverize_before_selector
advanced_zzshare_probe,market_sentiment_20260529,date,unknown,time_key_or_cutoff,probe_only,csv_probe_not_pit_silver,availability_key,not_alpha_feature,false,controls availability/cutoff; not standalone alpha,event_age|lagged_availability,blocked,G:\Project_V7_Rotation\data\cn_public_enrichment\cn_zzshare_advanced_field_probe_v1_20260602\advanced_field_probe_report.csv,28,probe_n=3; ok=True,fix_or_silverize_before_selector
advanced_zzshare_probe,market_sentiment_20260529,p_open,unknown,price_state,probe_only,csv_probe_not_pit_silver,probe_only_candidate_source,data_engineering_backlog,false_until_silver_pit_panel,"probe/sample only; requires historical silverization, timestamp contract, and PIT join before selector use",silverize_first|then_rank_delta_flow_strength_membership_density,blocked,G:\Project_V7_Rotation\data\cn_public_enrichment\cn_zzshare_advanced_field_probe_v1_20260602\advanced_field_probe_report.csv,28,probe_n=3; ok=True,fix_or_silverize_before_selector
advanced_zzshare_probe,market_sentiment_20260529,p_close,unknown,price_state,probe_only,csv_probe_not_pit_silver,probe_only_candidate_source,data_engineering_backlog,false_until_silver_pit_panel,"probe/sample only; requires historical silverization, timestamp contract, and PIT join before selector use",silverize_first|then_rank_delta_flow_strength_membership_density,blocked,G:\Project_V7_Rotation\data\cn_public_enrichment\cn_zzshare_advanced_field_probe_v1_20260602\advanced_field_probe_report.csv,28,probe_n=3; ok=True,fix_or_silverize_before_selector
advanced_zzshare_probe,market_sentiment_20260529,p_high,unknown,price_state,probe_only,csv_probe_not_pit_silver,probe_only_candidate_source,data_engineering_backlog,false_until_silver_pit_panel,"probe/sample only; requires historical silverization, timestamp contract, and PIT join before selector use",silverize_first|then_rank_delta_flow_strength_membership_density,blocked,G:\Project_V7_Rotation\data\cn_public_enrichment\cn_zzshare_advanced_field_probe_v1_20260602\advanced_field_probe_report.csv,28,probe_n=3; ok=True,fix_or_silverize_before_selector
advanced_zzshare_probe,market_sentiment_20260529,p_low,unknown,price_state,probe_only,csv_probe_not_pit_silver,probe_only_candidate_source,data_engineering_backlog,false_until_silver_pit_panel,"probe/sample only; requires historical silverization, timestamp contract, and PIT join before selector use",silverize_first|then_rank_delta_flow_strength_membership_density,blocked,G:\Project_V7_Rotation\data\cn_public_enrichment\cn_zzshare_advanced_field_probe_v1_20260602\advanced_field_probe_report.csv,28,probe_n=3; ok=True,fix_or_silverize_before_selector
advanced_zzshare_probe,market_sentiment_20260529,p_close_pre1d,unknown,price_state,probe_only,csv_probe_not_pit_silver,probe_only_candidate_source,data_engineering_backlog,false_until_silver_pit_panel,"probe/sample only; requires historical silverization, timestamp contract, and PIT join before selector use",silverize_first|then_rank_delta_flow_strength_membership_density,blocked,G:\Project_V7_Rotation\data\cn_public_enrichment\cn_zzshare_advanced_field_probe_v1_20260602\advanced_field_probe_report.csv,28,probe_n=3; ok=True,fix_or_silverize_before_selector
advanced_zzshare_probe,market_hot_sentiment_20260529,modal_id,unknown,event_heat_or_strength,probe_only,csv_probe_not_pit_silver,probe_only_candidate_source,data_engineering_backlog,false_until_silver_pit_panel,"probe/sample only; requires historical silverization, timestamp contract, and PIT join before selector use",silverize_first|then_rank_delta_flow_strength_membership_density,blocked,G:\Project_V7_Rotation\data\cn_public_enrichment\cn_zzshare_advanced_field_probe_v1_20260602\advanced_field_probe_report.csv,28,probe_n=3; ok=True,fix_or_silverize_before_selector
advanced_zzshare_probe,market_hot_sentiment_20260529,date,unknown,time_key_or_cutoff,probe_only,csv_probe_not_pit_silver,availability_key,not_alpha_feature,false,controls availability/cutoff; not standalone alpha,event_age|lagged_availability,blocked,G:\Project_V7_Rotation\data\cn_public_enrichment\cn_zzshare_advanced_field_probe_v1_20260602\advanced_field_probe_report.csv,28,probe_n=3; ok=True,fix_or_silverize_before_selector
advanced_zzshare_probe,market_hot_sentiment_20260529,p_open,unknown,event_heat_or_strength,probe_only,csv_probe_not_pit_silver,probe_only_candidate_source,data_engineering_backlog,false_until_silver_pit_panel,"probe/sample only; requires historical silverization, timestamp contract, and PIT join before selector use",silverize_first|then_rank_delta_flow_strength_membership_density,blocked,G:\Project_V7_Rotation\data\cn_public_enrichment\cn_zzshare_advanced_field_probe_v1_20260602\advanced_field_probe_report.csv,28,probe_n=3; ok=True,fix_or_silverize_before_selector
advanced_zzshare_probe,market_hot_sentiment_20260529,p_close,unknown,event_heat_or_strength,probe_only,csv_probe_not_pit_silver,probe_only_candidate_source,data_engineering_backlog,false_until_silver_pit_panel,"probe/sample only; requires historical silverization, timestamp contract, and PIT join before selector use",silverize_first|then_rank_delta_flow_strength_membership_density,blocked,G:\Project_V7_Rotation\data\cn_public_enrichment\cn_zzshare_advanced_field_probe_v1_20260602\advanced_field_probe_report.csv,28,probe_n=3; ok=True,fix_or_silverize_before_selector
advanced_zzshare_probe,market_hot_sentiment_20260529,p_high,unknown,event_heat_or_strength,probe_only,csv_probe_not_pit_silver,probe_only_candidate_source,data_engineering_backlog,false_until_silver_pit_panel,"probe/sample only; requires historical silverization, timestamp contract, and PIT join before selector use",silverize_first|then_rank_delta_flow_strength_membership_density,blocked,G:\Project_V7_Rotation\data\cn_public_enrichment\cn_zzshare_advanced_field_probe_v1_20260602\advanced_field_probe_report.csv,28,probe_n=3; ok=True,fix_or_silverize_before_selector
advanced_zzshare_probe,market_hot_sentiment_20260529,p_low,unknown,event_heat_or_strength,probe_only,csv_probe_not_pit_silver,probe_only_candidate_source,data_engineering_backlog,false_until_silver_pit_panel,"probe/sample only; requires historical silverization, timestamp contract, and PIT join before selector use",silverize_first|then_rank_delta_flow_strength_membership_density,blocked,G:\Project_V7_Rotation\data\cn_public_enrichment\cn_zzshare_advanced_field_probe_v1_20260602\advanced_field_probe_report.csv,28,probe_n=3; ok=True,fix_or_silverize_before_selector
advanced_zzshare_probe,market_hot_sentiment_20260529,p_close_pre1d,unknown,event_heat_or_strength,probe_only,csv_probe_not_pit_silver,probe_only_candidate_source,data_engineering_backlog,false_until_silver_pit_panel,"probe/sample only; requires historical silverization, timestamp contract, and PIT join before selector use",silverize_first|then_rank_delta_flow_strength_membership_density,blocked,G:\Project_V7_Rotation\data\cn_public_enrichment\cn_zzshare_advanced_field_probe_v1_20260602\advanced_field_probe_report.csv,28,probe_n=3; ok=True,fix_or_silverize_before_selector
advanced_zzshare_probe,open_sentiment_data_20260529,lb_2_num,unknown,limit_event_sentiment,probe_only,csv_probe_not_pit_silver,probe_only_candidate_source,data_engineering_backlog,false_until_silver_pit_panel,"probe/sample only; requires historical silverization, timestamp contract, and PIT join before selector use",silverize_first|then_rank_delta_flow_strength_membership_density,blocked,G:\Project_V7_Rotation\data\cn_public_enrichment\cn_zzshare_advanced_field_probe_v1_20260602\advanced_field_probe_report.csv,28,probe_n=3; ok=True,fix_or_silverize_before_selector
advanced_zzshare_probe,open_sentiment_data_20260529,gt5_num,unknown,price_state,probe_only,csv_probe_not_pit_silver,probe_only_candidate_source,data_engineering_backlog,false_until_silver_pit_panel,"probe/sample only; requires historical silverization, timestamp contract, and PIT join before selector use",silverize_first|then_rank_delta_flow_strength_membership_density,blocked,G:\Project_V7_Rotation\data\cn_public_enrichment\cn_zzshare_advanced_field_probe_v1_20260602\advanced_field_probe_report.csv,28,probe_n=3; ok=True,fix_or_silverize_before_selector
advanced_zzshare_probe,open_sentiment_data_20260529,max_lb_num,unknown,limit_event_sentiment,probe_only,csv_probe_not_pit_silver,probe_only_candidate_source,data_engineering_backlog,false_until_silver_pit_panel,"probe/sample only; requires historical silverization, timestamp contract, and PIT join before selector use",silverize_first|then_rank_delta_flow_strength_membership_density,blocked,G:\Project_V7_Rotation\data\cn_public_enrichment\cn_zzshare_advanced_field_probe_v1_20260602\advanced_field_probe_report.csv,28,probe_n=3; ok=True,fix_or_silverize_before_selector
advanced_zzshare_probe,open_sentiment_data_20260529,downlimit_num,unknown,limit_event_sentiment,probe_only,csv_probe_not_pit_silver,probe_only_candidate_source,data_engineering_backlog,false_until_silver_pit_panel,"probe/sample only; requires historical silverization, timestamp contract, and PIT join before selector use",silverize_first|then_rank_delta_flow_strength_membership_density,blocked,G:\Project_V7_Rotation\data\cn_public_enrichment\cn_zzshare_advanced_field_probe_v1_20260602\advanced_field_probe_report.csv,28,probe_n=3; ok=True,fix_or_silverize_before_selector
advanced_zzshare_probe,open_sentiment_data_20260529,second_lb_num,unknown,limit_event_sentiment,probe_only,csv_probe_not_pit_silver,probe_only_candidate_source,data_engineering_backlog,false_until_silver_pit_panel,"probe/sample only; requires historical silverization, timestamp contract, and PIT join before selector use",silverize_first|then_rank_delta_flow_strength_membership_density,blocked,G:\Project_V7_Rotation\data\cn_public_enrichment\cn_zzshare_advanced_field_probe_v1_20260602\advanced_field_probe_report.csv,28,probe_n=3; ok=True,fix_or_silverize_before_selector
advanced_zzshare_probe,open_sentiment_data_20260529,id,unknown,metadata,probe_only,csv_probe_not_pit_silver,join_or_audit_metadata,not_alpha_feature,false,key/text/metadata only,none,blocked,G:\Project_V7_Rotation\data\cn_public_enrichment\cn_zzshare_advanced_field_probe_v1_20260602\advanced_field_probe_report.csv,28,probe_n=3; ok=True,fix_or_silverize_before_selector
advanced_zzshare_probe,open_sentiment_data_20260529,lb_3_num,unknown,limit_event_sentiment,probe_only,csv_probe_not_pit_silver,probe_only_candidate_source,data_engineering_backlog,false_until_silver_pit_panel,"probe/sample only; requires historical silverization, timestamp contract, and PIT join before selector use",silverize_first|then_rank_delta_flow_strength_membership_density,blocked,G:\Project_V7_Rotation\data\cn_public_enrichment\cn_zzshare_advanced_field_probe_v1_20260602\advanced_field_probe_report.csv,28,probe_n=3; ok=True,fix_or_silverize_before_selector
advanced_zzshare_probe,open_sentiment_data_20260529,damian_num,unknown,limit_event_sentiment,probe_only,csv_probe_not_pit_silver,probe_only_candidate_source,data_engineering_backlog,false_until_silver_pit_panel,"probe/sample only; requires historical silverization, timestamp contract, and PIT join before selector use",silverize_first|then_rank_delta_flow_strength_membership_density,blocked,G:\Project_V7_Rotation\data\cn_public_enrichment\cn_zzshare_advanced_field_probe_v1_20260602\advanced_field_probe_report.csv,28,probe_n=3; ok=True,fix_or_silverize_before_selector
advanced_zzshare_probe,open_sentiment_data_20260529,tiandi_num,unknown,limit_event_sentiment,probe_only,csv_probe_not_pit_silver,probe_only_candidate_source,data_engineering_backlog,false_until_silver_pit_panel,"probe/sample only; requires historical silverization, timestamp contract, and PIT join before selector use",silverize_first|then_rank_delta_flow_strength_membership_density,blocked,G:\Project_V7_Rotation\data\cn_public_enrichment\cn_zzshare_advanced_field_probe_v1_20260602\advanced_field_probe_report.csv,28,probe_n=3; ok=True,fix_or_silverize_before_selector
advanced_zzshare_probe,open_sentiment_data_20260529,mian_num,unknown,limit_event_sentiment,probe_only,csv_probe_not_pit_silver,probe_only_candidate_source,data_engineering_backlog,false_until_silver_pit_panel,"probe/sample only; requires historical silverization, timestamp contract, and PIT join before selector use",silverize_first|then_rank_delta_flow_strength_membership_density,blocked,G:\Project_V7_Rotation\data\cn_public_enrichment\cn_zzshare_advanced_field_probe_v1_20260602\advanced_field_probe_report.csv,28,probe_n=3; ok=True,fix_or_silverize_before_selector
advanced_zzshare_probe,open_sentiment_data_20260529,ditian_num,unknown,limit_event_sentiment,probe_only,csv_probe_not_pit_silver,probe_only_candidate_source,data_engineering_backlog,false_until_silver_pit_panel,"probe/sample only; requires historical silverization, timestamp contract, and PIT join before selector use",silverize_first|then_rank_delta_flow_strength_membership_density,blocked,G:\Project_V7_Rotation\data\cn_public_enrichment\cn_zzshare_advanced_field_probe_v1_20260602\advanced_field_probe_report.csv,28,probe_n=3; ok=True,fix_or_silverize_before_selector
advanced_zzshare_probe,open_sentiment_data_20260529,fb_num,unknown,price_state,probe_only,csv_probe_not_pit_silver,probe_only_candidate_source,data_engineering_backlog,false_until_silver_pit_panel,"probe/sample only; requires historical silverization, timestamp contract, and PIT join before selector use",silverize_first|then_rank_delta_flow_strength_membership_density,blocked,G:\Project_V7_Rotation\data\cn_public_enrichment\cn_zzshare_advanced_field_probe_v1_20260602\advanced_field_probe_report.csv,28,probe_n=3; ok=True,fix_or_silverize_before_selector
advanced_zzshare_probe,open_sentiment_data_20260529,bigleg_num,unknown,price_state,probe_only,csv_probe_not_pit_silver,probe_only_candidate_source,data_engineering_backlog,false_until_silver_pit_panel,"probe/sample only; requires historical silverization, timestamp contract, and PIT join before selector use",silverize_first|then_rank_delta_flow_strength_membership_density,blocked,G:\Project_V7_Rotation\data\cn_public_enrichment\cn_zzshare_advanced_field_probe_v1_20260602\advanced_field_probe_report.csv,28,probe_n=3; ok=True,fix_or_silverize_before_selector
advanced_zzshare_probe,open_sentiment_data_20260529,max_lb_stocks,unknown,limit_event_sentiment,probe_only,csv_probe_not_pit_silver,probe_only_candidate_source,data_engineering_backlog,false_until_silver_pit_panel,"probe/sample only; requires historical silverization, timestamp contract, and PIT join before selector use",silverize_first|then_rank_delta_flow_strength_membership_density,blocked,G:\Project_V7_Rotation\data\cn_public_enrichment\cn_zzshare_advanced_field_probe_v1_20260602\advanced_field_probe_report.csv,28,probe_n=3; ok=True,fix_or_silverize_before_selector
advanced_zzshare_probe,open_sentiment_data_20260529,date1,unknown,time_key_or_cutoff,probe_only,csv_probe_not_pit_silver,availability_key,not_alpha_feature,false,controls availability/cutoff; not standalone alpha,event_age|lagged_availability,blocked,G:\Project_V7_Rotation\data\cn_public_enrichment\cn_zzshare_advanced_field_probe_v1_20260602\advanced_field_probe_report.csv,28,probe_n=3; ok=True,fix_or_silverize_before_selector
advanced_zzshare_probe,open_sentiment_data_20260529,uplimit_n_num,unknown,limit_event_sentiment,probe_only,csv_probe_not_pit_silver,probe_only_candidate_source,data_engineering_backlog,false_until_silver_pit_panel,"probe/sample only; requires historical silverization, timestamp contract, and PIT join before selector use",silverize_first|then_rank_delta_flow_strength_membership_density,blocked,G:\Project_V7_Rotation\data\cn_public_enrichment\cn_zzshare_advanced_field_probe_v1_20260602\advanced_field_probe_report.csv,28,probe_n=3; ok=True,fix_or_silverize_before_selector
advanced_zzshare_probe,open_sentiment_data_20260529,lt5_num,unknown,price_state,probe_only,csv_probe_not_pit_silver,probe_only_candidate_source,data_engineering_backlog,false_until_silver_pit_panel,"probe/sample only; requires historical silverization, timestamp contract, and PIT join before selector use",silverize_first|then_rank_delta_flow_strength_membership_density,blocked,G:\Project_V7_Rotation\data\cn_public_enrichment\cn_zzshare_advanced_field_probe_v1_20260602\advanced_field_probe_report.csv,28,probe_n=3; ok=True,fix_or_silverize_before_selector
advanced_zzshare_probe,open_sentiment_data_20260529,lb_h_num,unknown,limit_event_sentiment,probe_only,csv_probe_not_pit_silver,probe_only_candidate_source,data_engineering_backlog,false_until_silver_pit_panel,"probe/sample only; requires historical silverization, timestamp contract, and PIT join before selector use",silverize_first|then_rank_delta_flow_strength_membership_density,blocked,G:\Project_V7_Rotation\data\cn_public_enrichment\cn_zzshare_advanced_field_probe_v1_20260602\advanced_field_probe_report.csv,28,probe_n=3; ok=True,fix_or_silverize_before_selector
advanced_zzshare_probe,open_sentiment_data_20260529,uplimit_num,unknown,limit_event_sentiment,probe_only,csv_probe_not_pit_silver,probe_only_candidate_source,data_engineering_backlog,false_until_silver_pit_panel,"probe/sample only; requires historical silverization, timestamp contract, and PIT join before selector use",silverize_first|then_rank_delta_flow_strength_membership_density,blocked,G:\Project_V7_Rotation\data\cn_public_enrichment\cn_zzshare_advanced_field_probe_v1_20260602\advanced_field_probe_report.csv,28,probe_n=3; ok=True,fix_or_silverize_before_selector
advanced_zzshare_probe,open_sentiment_data_20260529,up_num,unknown,price_state,probe_only,csv_probe_not_pit_silver,probe_only_candidate_source,data_engineering_backlog,false_until_silver_pit_panel,"probe/sample only; requires historical silverization, timestamp contract, and PIT join before selector use",silverize_first|then_rank_delta_flow_strength_membership_density,blocked,G:\Project_V7_Rotation\data\cn_public_enrichment\cn_zzshare_advanced_field_probe_v1_20260602\advanced_field_probe_report.csv,28,probe_n=3; ok=True,fix_or_silverize_before_selector
advanced_zzshare_probe,open_sentiment_data_20260529,zb_num,unknown,limit_event_sentiment,probe_only,csv_probe_not_pit_silver,probe_only_candidate_source,data_engineering_backlog,false_until_silver_pit_panel,"probe/sample only; requires historical silverization, timestamp contract, and PIT join before selector use",silverize_first|then_rank_delta_flow_strength_membership_density,blocked,G:\Project_V7_Rotation\data\cn_public_enrichment\cn_zzshare_advanced_field_probe_v1_20260602\advanced_field_probe_report.csv,28,probe_n=3; ok=True,fix_or_silverize_before_selector
advanced_zzshare_probe,open_sentiment_data_20260529,down_num,unknown,price_state,probe_only,csv_probe_not_pit_silver,probe_only_candidate_source,data_engineering_backlog,false_until_silver_pit_panel,"probe/sample only; requires historical silverization, timestamp contract, and PIT join before selector use",silverize_first|then_rank_delta_flow_strength_membership_density,blocked,G:\Project_V7_Rotation\data\cn_public_enrichment\cn_zzshare_advanced_field_probe_v1_20260602\advanced_field_probe_report.csv,28,probe_n=3; ok=True,fix_or_silverize_before_selector
advanced_zzshare_probe,sentiment_timing_20260529,nan,unknown,other_numeric,probe_only,csv_probe_not_pit_silver,probe_only_candidate_source,data_engineering_backlog,false_until_silver_pit_panel,"probe/sample only; requires historical silverization, timestamp contract, and PIT join before selector use",silverize_first|then_rank_delta_flow_strength_membership_density,blocked,G:\Project_V7_Rotation\data\cn_public_enrichment\cn_zzshare_advanced_field_probe_v1_20260602\advanced_field_probe_report.csv,28,probe_n=0; ok=True,fix_or_silverize_before_selector
advanced_zzshare_probe,sentiment_trend_model0_20260529,nan,unknown,other_numeric,probe_only,csv_probe_not_pit_silver,probe_only_candidate_source,data_engineering_backlog,false_until_silver_pit_panel,"probe/sample only; requires historical silverization, timestamp contract, and PIT join before selector use",silverize_first|then_rank_delta_flow_strength_membership_density,blocked,G:\Project_V7_Rotation\data\cn_public_enrichment\cn_zzshare_advanced_field_probe_v1_20260602\advanced_field_probe_report.csv,28,probe_n=241; ok=True,fix_or_silverize_before_selector
advanced_zzshare_probe,sentiment_trend_model20_20260529,nan,unknown,other_numeric,probe_only,csv_probe_not_pit_silver,probe_only_candidate_source,data_engineering_backlog,false_until_silver_pit_panel,"probe/sample only; requires historical silverization, timestamp contract, and PIT join before selector use",silverize_first|then_rank_delta_flow_strength_membership_density,blocked,G:\Project_V7_Rotation\data\cn_public_enrichment\cn_zzshare_advanced_field_probe_v1_20260602\advanced_field_probe_report.csv,28,probe_n=241; ok=True,fix_or_silverize_before_selector
advanced_zzshare_probe,market_plate_popular_reason_20260529,nan,unknown,group_market_context,probe_only,csv_probe_not_pit_silver,probe_only_candidate_source,data_engineering_backlog,false_until_silver_pit_panel,"probe/sample only; requires historical silverization, timestamp contract, and PIT join before selector use",silverize_first|then_rank_delta_flow_strength_membership_density,blocked,G:\Project_V7_Rotation\data\cn_public_enrichment\cn_zzshare_advanced_field_probe_v1_20260602\advanced_field_probe_report.csv,28,probe_n=0; ok=True,fix_or_silverize_before_selector
advanced_zzshare_probe,topic_table_list_20260529,total,unknown,other_numeric,probe_only,csv_probe_not_pit_silver,probe_only_candidate_source,data_engineering_backlog,false_until_silver_pit_panel,"probe/sample only; requires historical silverization, timestamp contract, and PIT join before selector use",silverize_first|then_rank_delta_flow_strength_membership_density,blocked,G:\Project_V7_Rotation\data\cn_public_enrichment\cn_zzshare_advanced_field_probe_v1_20260602\advanced_field_probe_report.csv,28,probe_n=2; ok=True,fix_or_silverize_before_selector
advanced_zzshare_probe,topic_table_list_20260529,items,unknown,other_numeric,probe_only,csv_probe_not_pit_silver,probe_only_candidate_source,data_engineering_backlog,false_until_silver_pit_panel,"probe/sample only; requires historical silverization, timestamp contract, and PIT join before selector use",silverize_first|then_rank_delta_flow_strength_membership_density,blocked,G:\Project_V7_Rotation\data\cn_public_enrichment\cn_zzshare_advanced_field_probe_v1_20260602\advanced_field_probe_report.csv,28,probe_n=2; ok=True,fix_or_silverize_before_selector
advanced_zzshare_probe,plates_rank_pt14,plate_type,unknown,event_heat_or_strength,probe_only,csv_probe_not_pit_silver,probe_only_candidate_source,data_engineering_backlog,false_until_silver_pit_panel,"probe/sample only; requires historical silverization, timestamp contract, and PIT join before selector use",silverize_first|then_rank_delta_flow_strength_membership_density,blocked,G:\Project_V7_Rotation\data\cn_public_enrichment\cn_zzshare_advanced_field_probe_v1_20260602\advanced_field_historical_coverage_probe.csv,28,probe_n=30; ok=1,fix_or_silverize_before_selector
advanced_zzshare_probe,plates_rank_pt14,plate_code,unknown,event_heat_or_strength,probe_only,csv_probe_not_pit_silver,probe_only_candidate_source,data_engineering_backlog,false_until_silver_pit_panel,"probe/sample only; requires historical silverization, timestamp contract, and PIT join before selector use",silverize_first|then_rank_delta_flow_strength_membership_density,blocked,G:\Project_V7_Rotation\data\cn_public_enrichment\cn_zzshare_advanced_field_probe_v1_20260602\advanced_field_historical_coverage_probe.csv,28,probe_n=30; ok=1,fix_or_silverize_before_selector
advanced_zzshare_probe,plates_rank_pt14,score,unknown,event_heat_or_strength,probe_only,csv_probe_not_pit_silver,probe_only_candidate_source,data_engineering_backlog,false_until_silver_pit_panel,"probe/sample only; requires historical silverization, timestamp contract, and PIT join before selector use",silverize_first|then_rank_delta_flow_strength_membership_density,blocked,G:\Project_V7_Rotation\data\cn_public_enrichment\cn_zzshare_advanced_field_probe_v1_20260602\advanced_field_historical_coverage_probe.csv,28,probe_n=30; ok=1,fix_or_silverize_before_selector
advanced_zzshare_probe,plates_rank_pt14,rate,unknown,event_heat_or_strength,probe_only,csv_probe_not_pit_silver,probe_only_candidate_source,data_engineering_backlog,false_until_silver_pit_panel,"probe/sample only; requires historical silverization, timestamp contract, and PIT join before selector use",silverize_first|then_rank_delta_flow_strength_membership_density,blocked,G:\Project_V7_Rotation\data\cn_public_enrichment\cn_zzshare_advanced_field_probe_v1_20260602\advanced_field_historical_coverage_probe.csv,28,probe_n=30; ok=1,fix_or_silverize_before_selector
advanced_zzshare_probe,plates_rank_pt14,money_leader,unknown,event_heat_or_strength,probe_only,csv_probe_not_pit_silver,probe_only_candidate_source,data_engineering_backlog,false_until_silver_pit_panel,"probe/sample only; requires historical silverization, timestamp contract, and PIT join before selector use",silverize_first|then_rank_delta_flow_strength_membership_density,blocked,G:\Project_V7_Rotation\data\cn_public_enrichment\cn_zzshare_advanced_field_probe_v1_20260602\advanced_field_historical_coverage_probe.csv,28,probe_n=30; ok=1,fix_or_silverize_before_selector
advanced_zzshare_probe,plates_rank_pt14,trade_money,unknown,event_heat_or_strength,probe_only,csv_probe_not_pit_silver,probe_only_candidate_source,data_engineering_backlog,false_until_silver_pit_panel,"probe/sample only; requires historical silverization, timestamp contract, and PIT join before selector use",silverize_first|then_rank_delta_flow_strength_membership_density,blocked,G:\Project_V7_Rotation\data\cn_public_enrichment\cn_zzshare_advanced_field_probe_v1_20260602\advanced_field_historical_coverage_probe.csv,28,probe_n=30; ok=1,fix_or_silverize_before_selector
advanced_zzshare_probe,plates_rank_pt14,money_leader_sell,unknown,event_heat_or_strength,probe_only,csv_probe_not_pit_silver,probe_only_candidate_source,data_engineering_backlog,false_until_silver_pit_panel,"probe/sample only; requires historical silverization, timestamp contract, and PIT join before selector use",silverize_first|then_rank_delta_flow_strength_membership_density,blocked,G:\Project_V7_Rotation\data\cn_public_enrichment\cn_zzshare_advanced_field_probe_v1_20260602\advanced_field_historical_coverage_probe.csv,28,probe_n=30; ok=1,fix_or_silverize_before_selector
advanced_zzshare_probe,plates_rank_pt14,market_cap_cir,unknown,event_heat_or_strength,probe_only,csv_probe_not_pit_silver,probe_only_candidate_source,data_engineering_backlog,false_until_silver_pit_panel,"probe/sample only; requires historical silverization, timestamp contract, and PIT join before selector use",silverize_first|then_rank_delta_flow_strength_membership_density,blocked,G:\Project_V7_Rotation\data\cn_public_enrichment\cn_zzshare_advanced_field_probe_v1_20260602\advanced_field_historical_coverage_probe.csv,28,probe_n=30; ok=1,fix_or_silverize_before_selector
advanced_zzshare_probe,plates_rank_pt14,plate_name,unknown,text_or_description,probe_only,csv_probe_not_pit_silver,join_or_audit_metadata,not_alpha_feature,false,key/text/metadata only,none,blocked,G:\Project_V7_Rotation\data\cn_public_enrichment\cn_zzshare_advanced_field_probe_v1_20260602\advanced_field_historical_coverage_probe.csv,28,probe_n=30; ok=1,fix_or_silverize_before_selector
advanced_zzshare_probe,plates_rank_pt14,id,unknown,metadata,probe_only,csv_probe_not_pit_silver,join_or_audit_metadata,not_alpha_feature,false,key/text/metadata only,none,blocked,G:\Project_V7_Rotation\data\cn_public_enrichment\cn_zzshare_advanced_field_probe_v1_20260602\advanced_field_historical_coverage_probe.csv,28,probe_n=30; ok=1,fix_or_silverize_before_selector
advanced_zzshare_probe,plates_rank_pt14,date1,unknown,time_key_or_cutoff,probe_only,csv_probe_not_pit_silver,availability_key,not_alpha_feature,false,controls availability/cutoff; not standalone alpha,event_age|lagged_availability,blocked,G:\Project_V7_Rotation\data\cn_public_enrichment\cn_zzshare_advanced_field_probe_v1_20260602\advanced_field_historical_coverage_probe.csv,28,probe_n=30; ok=1,fix_or_silverize_before_selector
advanced_zzshare_probe,plates_rank_pt14,speed,unknown,event_heat_or_strength,probe_only,csv_probe_not_pit_silver,probe_only_candidate_source,data_engineering_backlog,false_until_silver_pit_panel,"probe/sample only; requires historical silverization, timestamp contract, and PIT join before selector use",silverize_first|then_rank_delta_flow_strength_membership_density,blocked,G:\Project_V7_Rotation\data\cn_public_enrichment\cn_zzshare_advanced_field_probe_v1_20260602\advanced_field_historical_coverage_probe.csv,28,probe_n=30; ok=1,fix_or_silverize_before_selector
advanced_zzshare_probe,plates_rank_pt14,money_leader_buy,unknown,event_heat_or_strength,probe_only,csv_probe_not_pit_silver,probe_only_candidate_source,data_engineering_backlog,false_until_silver_pit_panel,"probe/sample only; requires historical silverization, timestamp contract, and PIT join before selector use",silverize_first|then_rank_delta_flow_strength_membership_density,blocked,G:\Project_V7_Rotation\data\cn_public_enrichment\cn_zzshare_advanced_field_probe_v1_20260602\advanced_field_historical_coverage_probe.csv,28,probe_n=30; ok=1,fix_or_silverize_before_selector
advanced_zzshare_probe,plates_rank_pt14,volume_ration,unknown,event_heat_or_strength,probe_only,csv_probe_not_pit_silver,probe_only_candidate_source,data_engineering_backlog,false_until_silver_pit_panel,"probe/sample only; requires historical silverization, timestamp contract, and PIT join before selector use",silverize_first|then_rank_delta_flow_strength_membership_density,blocked,G:\Project_V7_Rotation\data\cn_public_enrichment\cn_zzshare_advanced_field_probe_v1_20260602\advanced_field_historical_coverage_probe.csv,28,probe_n=30; ok=1,fix_or_silverize_before_selector
advanced_zzshare_probe,plates_rank_pt14,time,unknown,time_key_or_cutoff,probe_only,csv_probe_not_pit_silver,event_cutoff_key,not_alpha_feature,false,controls availability/cutoff; not standalone alpha,event_age|lagged_availability,blocked,G:\Project_V7_Rotation\data\cn_public_enrichment\cn_zzshare_advanced_field_probe_v1_20260602\advanced_field_historical_coverage_probe.csv,28,probe_n=30; ok=1,fix_or_silverize_before_selector
advanced_zzshare_probe,plates_rank_pt15,plate_code,unknown,event_heat_or_strength,probe_only,csv_probe_not_pit_silver,probe_only_candidate_source,data_engineering_backlog,false_until_silver_pit_panel,"probe/sample only; requires historical silverization, timestamp contract, and PIT join before selector use",silverize_first|then_rank_delta_flow_strength_membership_density,blocked,G:\Project_V7_Rotation\data\cn_public_enrichment\cn_zzshare_advanced_field_probe_v1_20260602\advanced_field_historical_coverage_probe.csv,28,probe_n=30; ok=1,fix_or_silverize_before_selector
advanced_zzshare_probe,plates_rank_pt15,plate_type,unknown,event_heat_or_strength,probe_only,csv_probe_not_pit_silver,probe_only_candidate_source,data_engineering_backlog,false_until_silver_pit_panel,"probe/sample only; requires historical silverization, timestamp contract, and PIT join before selector use",silverize_first|then_rank_delta_flow_strength_membership_density,blocked,G:\Project_V7_Rotation\data\cn_public_enrichment\cn_zzshare_advanced_field_probe_v1_20260602\advanced_field_historical_coverage_probe.csv,28,probe_n=30; ok=1,fix_or_silverize_before_selector
advanced_zzshare_probe,plates_rank_pt15,score,unknown,event_heat_or_strength,probe_only,csv_probe_not_pit_silver,probe_only_candidate_source,data_engineering_backlog,false_until_silver_pit_panel,"probe/sample only; requires historical silverization, timestamp contract, and PIT join before selector use",silverize_first|then_rank_delta_flow_strength_membership_density,blocked,G:\Project_V7_Rotation\data\cn_public_enrichment\cn_zzshare_advanced_field_probe_v1_20260602\advanced_field_historical_coverage_probe.csv,28,probe_n=30; ok=1,fix_or_silverize_before_selector
advanced_zzshare_probe,plates_rank_pt15,rate,unknown,event_heat_or_strength,probe_only,csv_probe_not_pit_silver,probe_only_candidate_source,data_engineering_backlog,false_until_silver_pit_panel,"probe/sample only; requires historical silverization, timestamp contract, and PIT join before selector use",silverize_first|then_rank_delta_flow_strength_membership_density,blocked,G:\Project_V7_Rotation\data\cn_public_enrichment\cn_zzshare_advanced_field_probe_v1_20260602\advanced_field_historical_coverage_probe.csv,28,probe_n=30; ok=1,fix_or_silverize_before_selector
advanced_zzshare_probe,plates_rank_pt15,money_leader,unknown,event_heat_or_strength,probe_only,csv_probe_not_pit_silver,probe_only_candidate_source,data_engineering_backlog,false_until_silver_pit_panel,"probe/sample only; requires historical silverization, timestamp contract, and PIT join before selector use",silverize_first|then_rank_delta_flow_strength_membership_density,blocked,G:\Project_V7_Rotation\data\cn_public_enrichment\cn_zzshare_advanced_field_probe_v1_20260602\advanced_field_historical_coverage_probe.csv,28,probe_n=30; ok=1,fix_or_silverize_before_selector
advanced_zzshare_probe,plates_rank_pt15,trade_money,unknown,event_heat_or_strength,probe_only,csv_probe_not_pit_silver,probe_only_candidate_source,data_engineering_backlog,false_until_silver_pit_panel,"probe/sample only; requires historical silverization, timestamp contract, and PIT join before selector use",silverize_first|then_rank_delta_flow_strength_membership_density,blocked,G:\Project_V7_Rotation\data\cn_public_enrichment\cn_zzshare_advanced_field_probe_v1_20260602\advanced_field_historical_coverage_probe.csv,28,probe_n=30; ok=1,fix_or_silverize_before_selector
advanced_zzshare_probe,plates_rank_pt15,money_leader_sell,unknown,event_heat_or_strength,probe_only,csv_probe_not_pit_silver,probe_only_candidate_source,data_engineering_backlog,false_until_silver_pit_panel,"probe/sample only; requires historical silverization, timestamp contract, and PIT join before selector use",silverize_first|then_rank_delta_flow_strength_membership_density,blocked,G:\Project_V7_Rotation\data\cn_public_enrichment\cn_zzshare_advanced_field_probe_v1_20260602\advanced_field_historical_coverage_probe.csv,28,probe_n=30; ok=1,fix_or_silverize_before_selector
advanced_zzshare_probe,plates_rank_pt15,market_cap_cir,unknown,event_heat_or_strength,probe_only,csv_probe_not_pit_silver,probe_only_candidate_source,data_engineering_backlog,false_until_silver_pit_panel,"probe/sample only; requires historical silverization, timestamp contract, and PIT join before selector use",silverize_first|then_rank_delta_flow_strength_membership_density,blocked,G:\Project_V7_Rotation\data\cn_public_enrichment\cn_zzshare_advanced_field_probe_v1_20260602\advanced_field_historical_coverage_probe.csv,28,probe_n=30; ok=1,fix_or_silverize_before_selector
advanced_zzshare_probe,plates_rank_pt15,plate_name,unknown,text_or_description,probe_only,csv_probe_not_pit_silver,join_or_audit_metadata,not_alpha_feature,false,key/text/metadata only,none,blocked,G:\Project_V7_Rotation\data\cn_public_enrichment\cn_zzshare_advanced_field_probe_v1_20260602\advanced_field_historical_coverage_probe.csv,28,probe_n=30; ok=1,fix_or_silverize_before_selector
advanced_zzshare_probe,plates_rank_pt15,id,unknown,metadata,probe_only,csv_probe_not_pit_silver,join_or_audit_metadata,not_alpha_feature,false,key/text/metadata only,none,blocked,G:\Project_V7_Rotation\data\cn_public_enrichment\cn_zzshare_advanced_field_probe_v1_20260602\advanced_field_historical_coverage_probe.csv,28,probe_n=30; ok=1,fix_or_silverize_before_selector
advanced_zzshare_probe,plates_rank_pt15,date1,unknown,time_key_or_cutoff,probe_only,csv_probe_not_pit_silver,availability_key,not_alpha_feature,false,controls availability/cutoff; not standalone alpha,event_age|lagged_availability,blocked,G:\Project_V7_Rotation\data\cn_public_enrichment\cn_zzshare_advanced_field_probe_v1_20260602\advanced_field_historical_coverage_probe.csv,28,probe_n=30; ok=1,fix_or_silverize_before_selector
advanced_zzshare_probe,plates_rank_pt15,speed,unknown,event_heat_or_strength,probe_only,csv_probe_not_pit_silver,probe_only_candidate_source,data_engineering_backlog,false_until_silver_pit_panel,"probe/sample only; requires historical silverization, timestamp contract, and PIT join before selector use",silverize_first|then_rank_delta_flow_strength_membership_density,blocked,G:\Project_V7_Rotation\data\cn_public_enrichment\cn_zzshare_advanced_field_probe_v1_20260602\advanced_field_historical_coverage_probe.csv,28,probe_n=30; ok=1,fix_or_silverize_before_selector
advanced_zzshare_probe,plates_rank_pt15,money_leader_buy,unknown,event_heat_or_strength,probe_only,csv_probe_not_pit_silver,probe_only_candidate_source,data_engineering_backlog,false_until_silver_pit_panel,"probe/sample only; requires historical silverization, timestamp contract, and PIT join before selector use",silverize_first|then_rank_delta_flow_strength_membership_density,blocked,G:\Project_V7_Rotation\data\cn_public_enrichment\cn_zzshare_advanced_field_probe_v1_20260602\advanced_field_historical_coverage_probe.csv,28,probe_n=30; ok=1,fix_or_silverize_before_selector
advanced_zzshare_probe,plates_rank_pt15,volume_ration,unknown,event_heat_or_strength,probe_only,csv_probe_not_pit_silver,probe_only_candidate_source,data_engineering_backlog,false_until_silver_pit_panel,"probe/sample only; requires historical silverization, timestamp contract, and PIT join before selector use",silverize_first|then_rank_delta_flow_strength_membership_density,blocked,G:\Project_V7_Rotation\data\cn_public_enrichment\cn_zzshare_advanced_field_probe_v1_20260602\advanced_field_historical_coverage_probe.csv,28,probe_n=30; ok=1,fix_or_silverize_before_selector
advanced_zzshare_probe,plates_rank_pt15,time,unknown,time_key_or_cutoff,probe_only,csv_probe_not_pit_silver,event_cutoff_key,not_alpha_feature,false,controls availability/cutoff; not standalone alpha,event_age|lagged_availability,blocked,G:\Project_V7_Rotation\data\cn_public_enrichment\cn_zzshare_advanced_field_probe_v1_20260602\advanced_field_historical_coverage_probe.csv,28,probe_n=30; ok=1,fix_or_silverize_before_selector
advanced_zzshare_probe,plates_rank_pt17,plate_type,unknown,event_heat_or_strength,probe_only,csv_probe_not_pit_silver,probe_only_candidate_source,data_engineering_backlog,false_until_silver_pit_panel,"probe/sample only; requires historical silverization, timestamp contract, and PIT join before selector use",silverize_first|then_rank_delta_flow_strength_membership_density,blocked,G:\Project_V7_Rotation\data\cn_public_enrichment\cn_zzshare_advanced_field_probe_v1_20260602\advanced_field_historical_coverage_probe.csv,28,probe_n=30; ok=1,fix_or_silverize_before_selector
advanced_zzshare_probe,plates_rank_pt17,plate_code,unknown,event_heat_or_strength,probe_only,csv_probe_not_pit_silver,probe_only_candidate_source,data_engineering_backlog,false_until_silver_pit_panel,"probe/sample only; requires historical silverization, timestamp contract, and PIT join before selector use",silverize_first|then_rank_delta_flow_strength_membership_density,blocked,G:\Project_V7_Rotation\data\cn_public_enrichment\cn_zzshare_advanced_field_probe_v1_20260602\advanced_field_historical_coverage_probe.csv,28,probe_n=30; ok=1,fix_or_silverize_before_selector
advanced_zzshare_probe,plates_rank_pt17,score,unknown,event_heat_or_strength,probe_only,csv_probe_not_pit_silver,probe_only_candidate_source,data_engineering_backlog,false_until_silver_pit_panel,"probe/sample only; requires historical silverization, timestamp contract, and PIT join before selector use",silverize_first|then_rank_delta_flow_strength_membership_density,blocked,G:\Project_V7_Rotation\data\cn_public_enrichment\cn_zzshare_advanced_field_probe_v1_20260602\advanced_field_historical_coverage_probe.csv,28,probe_n=30; ok=1,fix_or_silverize_before_selector
advanced_zzshare_probe,plates_rank_pt17,rate,unknown,event_heat_or_strength,probe_only,csv_probe_not_pit_silver,probe_only_candidate_source,data_engineering_backlog,false_until_silver_pit_panel,"probe/sample only; requires historical silverization, timestamp contract, and PIT join before selector use",silverize_first|then_rank_delta_flow_strength_membership_density,blocked,G:\Project_V7_Rotation\data\cn_public_enrichment\cn_zzshare_advanced_field_probe_v1_20260602\advanced_field_historical_coverage_probe.csv,28,probe_n=30; ok=1,fix_or_silverize_before_selector
advanced_zzshare_probe,plates_rank_pt17,money_leader,unknown,event_heat_or_strength,probe_only,csv_probe_not_pit_silver,probe_only_candidate_source,data_engineering_backlog,false_until_silver_pit_panel,"probe/sample only; requires historical silverization, timestamp contract, and PIT join before selector use",silverize_first|then_rank_delta_flow_strength_membership_density,blocked,G:\Project_V7_Rotation\data\cn_public_enrichment\cn_zzshare_advanced_field_probe_v1_20260602\advanced_field_historical_coverage_probe.csv,28,probe_n=30; ok=1,fix_or_silverize_before_selector
advanced_zzshare_probe,plates_rank_pt17,trade_money,unknown,event_heat_or_strength,probe_only,csv_probe_not_pit_silver,probe_only_candidate_source,data_engineering_backlog,false_until_silver_pit_panel,"probe/sample only; requires historical silverization, timestamp contract, and PIT join before selector use",silverize_first|then_rank_delta_flow_strength_membership_density,blocked,G:\Project_V7_Rotation\data\cn_public_enrichment\cn_zzshare_advanced_field_probe_v1_20260602\advanced_field_historical_coverage_probe.csv,28,probe_n=30; ok=1,fix_or_silverize_before_selector
advanced_zzshare_probe,plates_rank_pt17,money_leader_sell,unknown,event_heat_or_strength,probe_only,csv_probe_not_pit_silver,probe_only_candidate_source,data_engineering_backlog,false_until_silver_pit_panel,"probe/sample only; requires historical silverization, timestamp contract, and PIT join before selector use",silverize_first|then_rank_delta_flow_strength_membership_density,blocked,G:\Project_V7_Rotation\data\cn_public_enrichment\cn_zzshare_advanced_field_probe_v1_20260602\advanced_field_historical_coverage_probe.csv,28,probe_n=30; ok=1,fix_or_silverize_before_selector
advanced_zzshare_probe,plates_rank_pt17,market_cap_cir,unknown,event_heat_or_strength,probe_only,csv_probe_not_pit_silver,probe_only_candidate_source,data_engineering_backlog,false_until_silver_pit_panel,"probe/sample only; requires historical silverization, timestamp contract, and PIT join before selector use",silverize_first|then_rank_delta_flow_strength_membership_density,blocked,G:\Project_V7_Rotation\data\cn_public_enrichment\cn_zzshare_advanced_field_probe_v1_20260602\advanced_field_historical_coverage_probe.csv,28,probe_n=30; ok=1,fix_or_silverize_before_selector
advanced_zzshare_probe,plates_rank_pt17,plate_name,unknown,text_or_description,probe_only,csv_probe_not_pit_silver,join_or_audit_metadata,not_alpha_feature,false,key/text/metadata only,none,blocked,G:\Project_V7_Rotation\data\cn_public_enrichment\cn_zzshare_advanced_field_probe_v1_20260602\advanced_field_historical_coverage_probe.csv,28,probe_n=30; ok=1,fix_or_silverize_before_selector
advanced_zzshare_probe,plates_rank_pt17,id,unknown,metadata,probe_only,csv_probe_not_pit_silver,join_or_audit_metadata,not_alpha_feature,false,key/text/metadata only,none,blocked,G:\Project_V7_Rotation\data\cn_public_enrichment\cn_zzshare_advanced_field_probe_v1_20260602\advanced_field_historical_coverage_probe.csv,28,probe_n=30; ok=1,fix_or_silverize_before_selector
advanced_zzshare_probe,plates_rank_pt17,date1,unknown,time_key_or_cutoff,probe_only,csv_probe_not_pit_silver,availability_key,not_alpha_feature,false,controls availability/cutoff; not standalone alpha,event_age|lagged_availability,blocked,G:\Project_V7_Rotation\data\cn_public_enrichment\cn_zzshare_advanced_field_probe_v1_20260602\advanced_field_historical_coverage_probe.csv,28,probe_n=30; ok=1,fix_or_silverize_before_selector
advanced_zzshare_probe,plates_rank_pt17,speed,unknown,event_heat_or_strength,probe_only,csv_probe_not_pit_silver,probe_only_candidate_source,data_engineering_backlog,false_until_silver_pit_panel,"probe/sample only; requires historical silverization, timestamp contract, and PIT join before selector use",silverize_first|then_rank_delta_flow_strength_membership_density,blocked,G:\Project_V7_Rotation\data\cn_public_enrichment\cn_zzshare_advanced_field_probe_v1_20260602\advanced_field_historical_coverage_probe.csv,28,probe_n=30; ok=1,fix_or_silverize_before_selector
advanced_zzshare_probe,plates_rank_pt17,money_leader_buy,unknown,event_heat_or_strength,probe_only,csv_probe_not_pit_silver,probe_only_candidate_source,data_engineering_backlog,false_until_silver_pit_panel,"probe/sample only; requires historical silverization, timestamp contract, and PIT join before selector use",silverize_first|then_rank_delta_flow_strength_membership_density,blocked,G:\Project_V7_Rotation\data\cn_public_enrichment\cn_zzshare_advanced_field_probe_v1_20260602\advanced_field_historical_coverage_probe.csv,28,probe_n=30; ok=1,fix_or_silverize_before_selector
advanced_zzshare_probe,plates_rank_pt17,volume_ration,unknown,event_heat_or_strength,probe_only,csv_probe_not_pit_silver,probe_only_candidate_source,data_engineering_backlog,false_until_silver_pit_panel,"probe/sample only; requires historical silverization, timestamp contract, and PIT join before selector use",silverize_first|then_rank_delta_flow_strength_membership_density,blocked,G:\Project_V7_Rotation\data\cn_public_enrichment\cn_zzshare_advanced_field_probe_v1_20260602\advanced_field_historical_coverage_probe.csv,28,probe_n=30; ok=1,fix_or_silverize_before_selector
advanced_zzshare_probe,plates_rank_pt17,time,unknown,time_key_or_cutoff,probe_only,csv_probe_not_pit_silver,event_cutoff_key,not_alpha_feature,false,controls availability/cutoff; not standalone alpha,event_age|lagged_availability,blocked,G:\Project_V7_Rotation\data\cn_public_enrichment\cn_zzshare_advanced_field_probe_v1_20260602\advanced_field_historical_coverage_probe.csv,28,probe_n=30; ok=1,fix_or_silverize_before_selector
advanced_zzshare_probe,plates_rank_days_new_pt14_net,plate_code,unknown,event_heat_or_strength,probe_only,csv_probe_not_pit_silver,probe_only_candidate_source,data_engineering_backlog,false_until_silver_pit_panel,"probe/sample only; requires historical silverization, timestamp contract, and PIT join before selector use",silverize_first|then_rank_delta_flow_strength_membership_density,blocked,G:\Project_V7_Rotation\data\cn_public_enrichment\cn_zzshare_advanced_field_probe_v1_20260602\advanced_field_historical_coverage_probe.csv,28,probe_n=30; ok=1,fix_or_silverize_before_selector
advanced_zzshare_probe,plates_rank_days_new_pt14_net,plate_name,unknown,text_or_description,probe_only,csv_probe_not_pit_silver,join_or_audit_metadata,not_alpha_feature,false,key/text/metadata only,none,blocked,G:\Project_V7_Rotation\data\cn_public_enrichment\cn_zzshare_advanced_field_probe_v1_20260602\advanced_field_historical_coverage_probe.csv,28,probe_n=30; ok=1,fix_or_silverize_before_selector
advanced_zzshare_probe,plates_rank_days_new_pt14_net,sum_rate,unknown,event_heat_or_strength,probe_only,csv_probe_not_pit_silver,probe_only_candidate_source,data_engineering_backlog,false_until_silver_pit_panel,"probe/sample only; requires historical silverization, timestamp contract, and PIT join before selector use",silverize_first|then_rank_delta_flow_strength_membership_density,blocked,G:\Project_V7_Rotation\data\cn_public_enrichment\cn_zzshare_advanced_field_probe_v1_20260602\advanced_field_historical_coverage_probe.csv,28,probe_n=30; ok=1,fix_or_silverize_before_selector
advanced_zzshare_probe,plates_rank_days_new_pt14_net,sum_leader_money,unknown,event_heat_or_strength,probe_only,csv_probe_not_pit_silver,probe_only_candidate_source,data_engineering_backlog,false_until_silver_pit_panel,"probe/sample only; requires historical silverization, timestamp contract, and PIT join before selector use",silverize_first|then_rank_delta_flow_strength_membership_density,blocked,G:\Project_V7_Rotation\data\cn_public_enrichment\cn_zzshare_advanced_field_probe_v1_20260602\advanced_field_historical_coverage_probe.csv,28,probe_n=30; ok=1,fix_or_silverize_before_selector
advanced_zzshare_probe,plates_rank_days_new_pt14_net,sum_score,unknown,event_heat_or_strength,probe_only,csv_probe_not_pit_silver,probe_only_candidate_source,data_engineering_backlog,false_until_silver_pit_panel,"probe/sample only; requires historical silverization, timestamp contract, and PIT join before selector use",silverize_first|then_rank_delta_flow_strength_membership_density,blocked,G:\Project_V7_Rotation\data\cn_public_enrichment\cn_zzshare_advanced_field_probe_v1_20260602\advanced_field_historical_coverage_probe.csv,28,probe_n=30; ok=1,fix_or_silverize_before_selector
advanced_zzshare_probe,plates_rank_days_new_pt14_net,days,unknown,event_heat_or_strength,probe_only,csv_probe_not_pit_silver,probe_only_candidate_source,data_engineering_backlog,false_until_silver_pit_panel,"probe/sample only; requires historical silverization, timestamp contract, and PIT join before selector use",silverize_first|then_rank_delta_flow_strength_membership_density,blocked,G:\Project_V7_Rotation\data\cn_public_enrichment\cn_zzshare_advanced_field_probe_v1_20260602\advanced_field_historical_coverage_probe.csv,28,probe_n=30; ok=1,fix_or_silverize_before_selector
advanced_zzshare_probe,plates_rank_days_new_pt14_net,is_new,unknown,event_heat_or_strength,probe_only,csv_probe_not_pit_silver,probe_only_candidate_source,data_engineering_backlog,false_until_silver_pit_panel,"probe/sample only; requires historical silverization, timestamp contract, and PIT join before selector use",silverize_first|then_rank_delta_flow_strength_membership_density,blocked,G:\Project_V7_Rotation\data\cn_public_enrichment\cn_zzshare_advanced_field_probe_v1_20260602\advanced_field_historical_coverage_probe.csv,28,probe_n=30; ok=1,fix_or_silverize_before_selector
advanced_zzshare_probe,uplimit_stocks,amount,unknown,limit_event_sentiment,probe_only,csv_probe_not_pit_silver,probe_only_candidate_source,data_engineering_backlog,false_until_silver_pit_panel,"probe/sample only; requires historical silverization, timestamp contract, and PIT join before selector use",silverize_first|then_rank_delta_flow_strength_membership_density,blocked,G:\Project_V7_Rotation\data\cn_public_enrichment\cn_zzshare_advanced_field_probe_v1_20260602\advanced_field_historical_coverage_probe.csv,28,probe_n=6; ok=1,fix_or_silverize_before_selector
advanced_zzshare_probe,uplimit_stocks,auction_buy,unknown,limit_event_sentiment,probe_only,csv_probe_not_pit_silver,probe_only_candidate_source,data_engineering_backlog,false_until_silver_pit_panel,"probe/sample only; requires historical silverization, timestamp contract, and PIT join before selector use",silverize_first|then_rank_delta_flow_strength_membership_density,blocked,G:\Project_V7_Rotation\data\cn_public_enrichment\cn_zzshare_advanced_field_probe_v1_20260602\advanced_field_historical_coverage_probe.csv,28,probe_n=6; ok=1,fix_or_silverize_before_selector
advanced_zzshare_probe,uplimit_stocks,auction_money,unknown,limit_event_sentiment,probe_only,csv_probe_not_pit_silver,probe_only_candidate_source,data_engineering_backlog,false_until_silver_pit_panel,"probe/sample only; requires historical silverization, timestamp contract, and PIT join before selector use",silverize_first|then_rank_delta_flow_strength_membership_density,blocked,G:\Project_V7_Rotation\data\cn_public_enrichment\cn_zzshare_advanced_field_probe_v1_20260602\advanced_field_historical_coverage_probe.csv,28,probe_n=6; ok=1,fix_or_silverize_before_selector
advanced_zzshare_probe,uplimit_stocks,auction_offer,unknown,limit_event_sentiment,probe_only,csv_probe_not_pit_silver,probe_only_candidate_source,data_engineering_backlog,false_until_silver_pit_panel,"probe/sample only; requires historical silverization, timestamp contract, and PIT join before selector use",silverize_first|then_rank_delta_flow_strength_membership_density,blocked,G:\Project_V7_Rotation\data\cn_public_enrichment\cn_zzshare_advanced_field_probe_v1_20260602\advanced_field_historical_coverage_probe.csv,28,probe_n=6; ok=1,fix_or_silverize_before_selector
advanced_zzshare_probe,uplimit_stocks,auction_pre1max_ratio,unknown,limit_event_sentiment,probe_only,csv_probe_not_pit_silver,probe_only_candidate_source,data_engineering_backlog,false_until_silver_pit_panel,"probe/sample only; requires historical silverization, timestamp contract, and PIT join before selector use",silverize_first|then_rank_delta_flow_strength_membership_density,blocked,G:\Project_V7_Rotation\data\cn_public_enrichment\cn_zzshare_advanced_field_probe_v1_20260602\advanced_field_historical_coverage_probe.csv,28,probe_n=6; ok=1,fix_or_silverize_before_selector
advanced_zzshare_probe,uplimit_stocks,auction_turnover,unknown,limit_event_sentiment,probe_only,csv_probe_not_pit_silver,probe_only_candidate_source,data_engineering_backlog,false_until_silver_pit_panel,"probe/sample only; requires historical silverization, timestamp contract, and PIT join before selector use",silverize_first|then_rank_delta_flow_strength_membership_density,blocked,G:\Project_V7_Rotation\data\cn_public_enrichment\cn_zzshare_advanced_field_probe_v1_20260602\advanced_field_historical_coverage_probe.csv,28,probe_n=6; ok=1,fix_or_silverize_before_selector
advanced_zzshare_probe,uplimit_stocks,checked,unknown,metadata,probe_only,csv_probe_not_pit_silver,join_or_audit_metadata,not_alpha_feature,false,key/text/metadata only,none,blocked,G:\Project_V7_Rotation\data\cn_public_enrichment\cn_zzshare_advanced_field_probe_v1_20260602\advanced_field_historical_coverage_probe.csv,28,probe_n=6; ok=1,fix_or_silverize_before_selector
advanced_zzshare_probe,uplimit_stocks,date1,unknown,time_key_or_cutoff,probe_only,csv_probe_not_pit_silver,availability_key,not_alpha_feature,false,controls availability/cutoff; not standalone alpha,event_age|lagged_availability,blocked,G:\Project_V7_Rotation\data\cn_public_enrichment\cn_zzshare_advanced_field_probe_v1_20260602\advanced_field_historical_coverage_probe.csv,28,probe_n=6; ok=1,fix_or_silverize_before_selector
advanced_zzshare_probe,uplimit_stocks,fd_close,unknown,limit_event_sentiment,probe_only,csv_probe_not_pit_silver,probe_only_candidate_source,data_engineering_backlog,false_until_silver_pit_panel,"probe/sample only; requires historical silverization, timestamp contract, and PIT join before selector use",silverize_first|then_rank_delta_flow_strength_membership_density,blocked,G:\Project_V7_Rotation\data\cn_public_enrichment\cn_zzshare_advanced_field_probe_v1_20260602\advanced_field_historical_coverage_probe.csv,28,probe_n=6; ok=1,fix_or_silverize_before_selector
advanced_zzshare_probe,uplimit_stocks,fd_max,unknown,limit_event_sentiment,probe_only,csv_probe_not_pit_silver,probe_only_candidate_source,data_engineering_backlog,false_until_silver_pit_panel,"probe/sample only; requires historical silverization, timestamp contract, and PIT join before selector use",silverize_first|then_rank_delta_flow_strength_membership_density,blocked,G:\Project_V7_Rotation\data\cn_public_enrichment\cn_zzshare_advanced_field_probe_v1_20260602\advanced_field_historical_coverage_probe.csv,28,probe_n=6; ok=1,fix_or_silverize_before_selector
advanced_zzshare_probe,uplimit_stocks,id,unknown,metadata,probe_only,csv_probe_not_pit_silver,join_or_audit_metadata,not_alpha_feature,false,key/text/metadata only,none,blocked,G:\Project_V7_Rotation\data\cn_public_enrichment\cn_zzshare_advanced_field_probe_v1_20260602\advanced_field_historical_coverage_probe.csv,28,probe_n=6; ok=1,fix_or_silverize_before_selector
advanced_zzshare_probe,uplimit_stocks,market_c,unknown,limit_event_sentiment,probe_only,csv_probe_not_pit_silver,probe_only_candidate_source,data_engineering_backlog,false_until_silver_pit_panel,"probe/sample only; requires historical silverization, timestamp contract, and PIT join before selector use",silverize_first|then_rank_delta_flow_strength_membership_density,blocked,G:\Project_V7_Rotation\data\cn_public_enrichment\cn_zzshare_advanced_field_probe_v1_20260602\advanced_field_historical_coverage_probe.csv,28,probe_n=6; ok=1,fix_or_silverize_before_selector
advanced_zzshare_probe,uplimit_stocks,market_c_c,unknown,limit_event_sentiment,probe_only,csv_probe_not_pit_silver,probe_only_candidate_source,data_engineering_backlog,false_until_silver_pit_panel,"probe/sample only; requires historical silverization, timestamp contract, and PIT join before selector use",silverize_first|then_rank_delta_flow_strength_membership_density,blocked,G:\Project_V7_Rotation\data\cn_public_enrichment\cn_zzshare_advanced_field_probe_v1_20260602\advanced_field_historical_coverage_probe.csv,28,probe_n=6; ok=1,fix_or_silverize_before_selector
advanced_zzshare_probe,uplimit_stocks,next_close_pct,unknown,future_label,probe_only,csv_probe_not_pit_silver,blocked_future_label,blocked,false,future outcome field; never use pre-replay,none,blocked,G:\Project_V7_Rotation\data\cn_public_enrichment\cn_zzshare_advanced_field_probe_v1_20260602\advanced_field_historical_coverage_probe.csv,28,probe_n=6; ok=1,fix_or_silverize_before_selector
advanced_zzshare_probe,uplimit_stocks,next_day,unknown,future_label,probe_only,csv_probe_not_pit_silver,blocked_future_label,blocked,false,future outcome field; never use pre-replay,none,blocked,G:\Project_V7_Rotation\data\cn_public_enrichment\cn_zzshare_advanced_field_probe_v1_20260602\advanced_field_historical_coverage_probe.csv,28,probe_n=6; ok=1,fix_or_silverize_before_selector
advanced_zzshare_probe,uplimit_stocks,next_gt9_offer_v,unknown,future_label,probe_only,csv_probe_not_pit_silver,blocked_future_label,blocked,false,future outcome field; never use pre-replay,none,blocked,G:\Project_V7_Rotation\data\cn_public_enrichment\cn_zzshare_advanced_field_probe_v1_20260602\advanced_field_historical_coverage_probe.csv,28,probe_n=6; ok=1,fix_or_silverize_before_selector
advanced_zzshare_probe,uplimit_stocks,next_gt9_time,unknown,future_label,probe_only,csv_probe_not_pit_silver,blocked_future_label,blocked,false,future outcome field; never use pre-replay,none,blocked,G:\Project_V7_Rotation\data\cn_public_enrichment\cn_zzshare_advanced_field_probe_v1_20260602\advanced_field_historical_coverage_probe.csv,28,probe_n=6; ok=1,fix_or_silverize_before_selector
advanced_zzshare_probe,uplimit_stocks,next_gt9_turnover,unknown,future_label,probe_only,csv_probe_not_pit_silver,blocked_future_label,blocked,false,future outcome field; never use pre-replay,none,blocked,G:\Project_V7_Rotation\data\cn_public_enrichment\cn_zzshare_advanced_field_probe_v1_20260602\advanced_field_historical_coverage_probe.csv,28,probe_n=6; ok=1,fix_or_silverize_before_selector
advanced_zzshare_probe,uplimit_stocks,next_open_pct,unknown,future_label,probe_only,csv_probe_not_pit_silver,blocked_future_label,blocked,false,future outcome field; never use pre-replay,none,blocked,G:\Project_V7_Rotation\data\cn_public_enrichment\cn_zzshare_advanced_field_probe_v1_20260602\advanced_field_historical_coverage_probe.csv,28,probe_n=6; ok=1,fix_or_silverize_before_selector
advanced_zzshare_probe,uplimit_stocks,next_open_yi,unknown,future_label,probe_only,csv_probe_not_pit_silver,blocked_future_label,blocked,false,future outcome field; never use pre-replay,none,blocked,G:\Project_V7_Rotation\data\cn_public_enrichment\cn_zzshare_advanced_field_probe_v1_20260602\advanced_field_historical_coverage_probe.csv,28,probe_n=6; ok=1,fix_or_silverize_before_selector
advanced_zzshare_probe,uplimit_stocks,plate_code,unknown,limit_event_sentiment,probe_only,csv_probe_not_pit_silver,probe_only_candidate_source,data_engineering_backlog,false_until_silver_pit_panel,"probe/sample only; requires historical silverization, timestamp contract, and PIT join before selector use",silverize_first|then_rank_delta_flow_strength_membership_density,blocked,G:\Project_V7_Rotation\data\cn_public_enrichment\cn_zzshare_advanced_field_probe_v1_20260602\advanced_field_historical_coverage_probe.csv,28,probe_n=6; ok=1,fix_or_silverize_before_selector
advanced_zzshare_probe,uplimit_stocks,stock_code,unknown,instrument_key,probe_only,csv_probe_not_pit_silver,join_or_audit_metadata,not_alpha_feature,false,key/text/metadata only,none,blocked,G:\Project_V7_Rotation\data\cn_public_enrichment\cn_zzshare_advanced_field_probe_v1_20260602\advanced_field_historical_coverage_probe.csv,28,probe_n=6; ok=1,fix_or_silverize_before_selector
advanced_zzshare_probe,uplimit_stocks,stock_name,unknown,text_or_description,probe_only,csv_probe_not_pit_silver,join_or_audit_metadata,not_alpha_feature,false,key/text/metadata only,none,blocked,G:\Project_V7_Rotation\data\cn_public_enrichment\cn_zzshare_advanced_field_probe_v1_20260602\advanced_field_historical_coverage_probe.csv,28,probe_n=6; ok=1,fix_or_silverize_before_selector
advanced_zzshare_probe,uplimit_stocks,up_limit_desc,unknown,text_or_description,probe_only,csv_probe_not_pit_silver,join_or_audit_metadata,not_alpha_feature,false,key/text/metadata only,none,blocked,G:\Project_V7_Rotation\data\cn_public_enrichment\cn_zzshare_advanced_field_probe_v1_20260602\advanced_field_historical_coverage_probe.csv,28,probe_n=6; ok=1,fix_or_silverize_before_selector
advanced_zzshare_probe,uplimit_stocks,up_limit_keep_times,unknown,time_key_or_cutoff,probe_only,csv_probe_not_pit_silver,event_cutoff_key,not_alpha_feature,false,controls availability/cutoff; not standalone alpha,event_age|lagged_availability,blocked,G:\Project_V7_Rotation\data\cn_public_enrichment\cn_zzshare_advanced_field_probe_v1_20260602\advanced_field_historical_coverage_probe.csv,28,probe_n=6; ok=1,fix_or_silverize_before_selector
advanced_zzshare_probe,uplimit_stocks,up_limit_time,unknown,time_key_or_cutoff,probe_only,csv_probe_not_pit_silver,event_cutoff_key,not_alpha_feature,false,controls availability/cutoff; not standalone alpha,event_age|lagged_availability,blocked,G:\Project_V7_Rotation\data\cn_public_enrichment\cn_zzshare_advanced_field_probe_v1_20260602\advanced_field_historical_coverage_probe.csv,28,probe_n=6; ok=1,fix_or_silverize_before_selector
advanced_zzshare_probe,uplimit_stocks,up_limit_type,unknown,limit_event_sentiment,probe_only,csv_probe_not_pit_silver,probe_only_candidate_source,data_engineering_backlog,false_until_silver_pit_panel,"probe/sample only; requires historical silverization, timestamp contract, and PIT join before selector use",silverize_first|then_rank_delta_flow_strength_membership_density,blocked,G:\Project_V7_Rotation\data\cn_public_enrichment\cn_zzshare_advanced_field_probe_v1_20260602\advanced_field_historical_coverage_probe.csv,28,probe_n=6; ok=1,fix_or_silverize_before_selector
advanced_zzshare_probe,open_sentiment_data,lb_2_num,unknown,limit_event_sentiment,probe_only,csv_probe_not_pit_silver,probe_only_candidate_source,data_engineering_backlog,false_until_silver_pit_panel,"probe/sample only; requires historical silverization, timestamp contract, and PIT join before selector use",silverize_first|then_rank_delta_flow_strength_membership_density,blocked,G:\Project_V7_Rotation\data\cn_public_enrichment\cn_zzshare_advanced_field_probe_v1_20260602\advanced_field_historical_coverage_probe.csv,28,probe_n=582; ok=1,fix_or_silverize_before_selector
advanced_zzshare_probe,open_sentiment_data,gt5_num,unknown,price_state,probe_only,csv_probe_not_pit_silver,probe_only_candidate_source,data_engineering_backlog,false_until_silver_pit_panel,"probe/sample only; requires historical silverization, timestamp contract, and PIT join before selector use",silverize_first|then_rank_delta_flow_strength_membership_density,blocked,G:\Project_V7_Rotation\data\cn_public_enrichment\cn_zzshare_advanced_field_probe_v1_20260602\advanced_field_historical_coverage_probe.csv,28,probe_n=582; ok=1,fix_or_silverize_before_selector
advanced_zzshare_probe,open_sentiment_data,max_lb_num,unknown,limit_event_sentiment,probe_only,csv_probe_not_pit_silver,probe_only_candidate_source,data_engineering_backlog,false_until_silver_pit_panel,"probe/sample only; requires historical silverization, timestamp contract, and PIT join before selector use",silverize_first|then_rank_delta_flow_strength_membership_density,blocked,G:\Project_V7_Rotation\data\cn_public_enrichment\cn_zzshare_advanced_field_probe_v1_20260602\advanced_field_historical_coverage_probe.csv,28,probe_n=582; ok=1,fix_or_silverize_before_selector
advanced_zzshare_probe,open_sentiment_data,downlimit_num,unknown,limit_event_sentiment,probe_only,csv_probe_not_pit_silver,probe_only_candidate_source,data_engineering_backlog,false_until_silver_pit_panel,"probe/sample only; requires historical silverization, timestamp contract, and PIT join before selector use",silverize_first|then_rank_delta_flow_strength_membership_density,blocked,G:\Project_V7_Rotation\data\cn_public_enrichment\cn_zzshare_advanced_field_probe_v1_20260602\advanced_field_historical_coverage_probe.csv,28,probe_n=582; ok=1,fix_or_silverize_before_selector
advanced_zzshare_probe,open_sentiment_data,second_lb_num,unknown,limit_event_sentiment,probe_only,csv_probe_not_pit_silver,probe_only_candidate_source,data_engineering_backlog,false_until_silver_pit_panel,"probe/sample only; requires historical silverization, timestamp contract, and PIT join before selector use",silverize_first|then_rank_delta_flow_strength_membership_density,blocked,G:\Project_V7_Rotation\data\cn_public_enrichment\cn_zzshare_advanced_field_probe_v1_20260602\advanced_field_historical_coverage_probe.csv,28,probe_n=582; ok=1,fix_or_silverize_before_selector
advanced_zzshare_probe,open_sentiment_data,id,unknown,metadata,probe_only,csv_probe_not_pit_silver,join_or_audit_metadata,not_alpha_feature,false,key/text/metadata only,none,blocked,G:\Project_V7_Rotation\data\cn_public_enrichment\cn_zzshare_advanced_field_probe_v1_20260602\advanced_field_historical_coverage_probe.csv,28,probe_n=582; ok=1,fix_or_silverize_before_selector
advanced_zzshare_probe,open_sentiment_data,lb_3_num,unknown,limit_event_sentiment,probe_only,csv_probe_not_pit_silver,probe_only_candidate_source,data_engineering_backlog,false_until_silver_pit_panel,"probe/sample only; requires historical silverization, timestamp contract, and PIT join before selector use",silverize_first|then_rank_delta_flow_strength_membership_density,blocked,G:\Project_V7_Rotation\data\cn_public_enrichment\cn_zzshare_advanced_field_probe_v1_20260602\advanced_field_historical_coverage_probe.csv,28,probe_n=582; ok=1,fix_or_silverize_before_selector
advanced_zzshare_probe,open_sentiment_data,damian_num,unknown,limit_event_sentiment,probe_only,csv_probe_not_pit_silver,probe_only_candidate_source,data_engineering_backlog,false_until_silver_pit_panel,"probe/sample only; requires historical silverization, timestamp contract, and PIT join before selector use",silverize_first|then_rank_delta_flow_strength_membership_density,blocked,G:\Project_V7_Rotation\data\cn_public_enrichment\cn_zzshare_advanced_field_probe_v1_20260602\advanced_field_historical_coverage_probe.csv,28,probe_n=582; ok=1,fix_or_silverize_before_selector
advanced_zzshare_probe,open_sentiment_data,tiandi_num,unknown,limit_event_sentiment,probe_only,csv_probe_not_pit_silver,probe_only_candidate_source,data_engineering_backlog,false_until_silver_pit_panel,"probe/sample only; requires historical silverization, timestamp contract, and PIT join before selector use",silverize_first|then_rank_delta_flow_strength_membership_density,blocked,G:\Project_V7_Rotation\data\cn_public_enrichment\cn_zzshare_advanced_field_probe_v1_20260602\advanced_field_historical_coverage_probe.csv,28,probe_n=582; ok=1,fix_or_silverize_before_selector
advanced_zzshare_probe,open_sentiment_data,mian_num,unknown,limit_event_sentiment,probe_only,csv_probe_not_pit_silver,probe_only_candidate_source,data_engineering_backlog,false_until_silver_pit_panel,"probe/sample only; requires historical silverization, timestamp contract, and PIT join before selector use",silverize_first|then_rank_delta_flow_strength_membership_density,blocked,G:\Project_V7_Rotation\data\cn_public_enrichment\cn_zzshare_advanced_field_probe_v1_20260602\advanced_field_historical_coverage_probe.csv,28,probe_n=582; ok=1,fix_or_silverize_before_selector
advanced_zzshare_probe,open_sentiment_data,ditian_num,unknown,limit_event_sentiment,probe_only,csv_probe_not_pit_silver,probe_only_candidate_source,data_engineering_backlog,false_until_silver_pit_panel,"probe/sample only; requires historical silverization, timestamp contract, and PIT join before selector use",silverize_first|then_rank_delta_flow_strength_membership_density,blocked,G:\Project_V7_Rotation\data\cn_public_enrichment\cn_zzshare_advanced_field_probe_v1_20260602\advanced_field_historical_coverage_probe.csv,28,probe_n=582; ok=1,fix_or_silverize_before_selector
advanced_zzshare_probe,open_sentiment_data,fb_num,unknown,price_state,probe_only,csv_probe_not_pit_silver,probe_only_candidate_source,data_engineering_backlog,false_until_silver_pit_panel,"probe/sample only; requires historical silverization, timestamp contract, and PIT join before selector use",silverize_first|then_rank_delta_flow_strength_membership_density,blocked,G:\Project_V7_Rotation\data\cn_public_enrichment\cn_zzshare_advanced_field_probe_v1_20260602\advanced_field_historical_coverage_probe.csv,28,probe_n=582; ok=1,fix_or_silverize_before_selector
advanced_zzshare_probe,open_sentiment_data,bigleg_num,unknown,price_state,probe_only,csv_probe_not_pit_silver,probe_only_candidate_source,data_engineering_backlog,false_until_silver_pit_panel,"probe/sample only; requires historical silverization, timestamp contract, and PIT join before selector use",silverize_first|then_rank_delta_flow_strength_membership_density,blocked,G:\Project_V7_Rotation\data\cn_public_enrichment\cn_zzshare_advanced_field_probe_v1_20260602\advanced_field_historical_coverage_probe.csv,28,probe_n=582; ok=1,fix_or_silverize_before_selector
advanced_zzshare_probe,open_sentiment_data,max_lb_stocks,unknown,limit_event_sentiment,probe_only,csv_probe_not_pit_silver,probe_only_candidate_source,data_engineering_backlog,false_until_silver_pit_panel,"probe/sample only; requires historical silverization, timestamp contract, and PIT join before selector use",silverize_first|then_rank_delta_flow_strength_membership_density,blocked,G:\Project_V7_Rotation\data\cn_public_enrichment\cn_zzshare_advanced_field_probe_v1_20260602\advanced_field_historical_coverage_probe.csv,28,probe_n=582; ok=1,fix_or_silverize_before_selector
advanced_zzshare_probe,open_sentiment_data,date1,unknown,time_key_or_cutoff,probe_only,csv_probe_not_pit_silver,availability_key,not_alpha_feature,false,controls availability/cutoff; not standalone alpha,event_age|lagged_availability,blocked,G:\Project_V7_Rotation\data\cn_public_enrichment\cn_zzshare_advanced_field_probe_v1_20260602\advanced_field_historical_coverage_probe.csv,28,probe_n=582; ok=1,fix_or_silverize_before_selector
advanced_zzshare_probe,open_sentiment_data,uplimit_n_num,unknown,limit_event_sentiment,probe_only,csv_probe_not_pit_silver,probe_only_candidate_source,data_engineering_backlog,false_until_silver_pit_panel,"probe/sample only; requires historical silverization, timestamp contract, and PIT join before selector use",silverize_first|then_rank_delta_flow_strength_membership_density,blocked,G:\Project_V7_Rotation\data\cn_public_enrichment\cn_zzshare_advanced_field_probe_v1_20260602\advanced_field_historical_coverage_probe.csv,28,probe_n=582; ok=1,fix_or_silverize_before_selector
advanced_zzshare_probe,open_sentiment_data,lt5_num,unknown,price_state,probe_only,csv_probe_not_pit_silver,probe_only_candidate_source,data_engineering_backlog,false_until_silver_pit_panel,"probe/sample only; requires historical silverization, timestamp contract, and PIT join before selector use",silverize_first|then_rank_delta_flow_strength_membership_density,blocked,G:\Project_V7_Rotation\data\cn_public_enrichment\cn_zzshare_advanced_field_probe_v1_20260602\advanced_field_historical_coverage_probe.csv,28,probe_n=582; ok=1,fix_or_silverize_before_selector
advanced_zzshare_probe,open_sentiment_data,lb_h_num,unknown,limit_event_sentiment,probe_only,csv_probe_not_pit_silver,probe_only_candidate_source,data_engineering_backlog,false_until_silver_pit_panel,"probe/sample only; requires historical silverization, timestamp contract, and PIT join before selector use",silverize_first|then_rank_delta_flow_strength_membership_density,blocked,G:\Project_V7_Rotation\data\cn_public_enrichment\cn_zzshare_advanced_field_probe_v1_20260602\advanced_field_historical_coverage_probe.csv,28,probe_n=582; ok=1,fix_or_silverize_before_selector
advanced_zzshare_probe,open_sentiment_data,uplimit_num,unknown,limit_event_sentiment,probe_only,csv_probe_not_pit_silver,probe_only_candidate_source,data_engineering_backlog,false_until_silver_pit_panel,"probe/sample only; requires historical silverization, timestamp contract, and PIT join before selector use",silverize_first|then_rank_delta_flow_strength_membership_density,blocked,G:\Project_V7_Rotation\data\cn_public_enrichment\cn_zzshare_advanced_field_probe_v1_20260602\advanced_field_historical_coverage_probe.csv,28,probe_n=582; ok=1,fix_or_silverize_before_selector
advanced_zzshare_probe,open_sentiment_data,up_num,unknown,price_state,probe_only,csv_probe_not_pit_silver,probe_only_candidate_source,data_engineering_backlog,false_until_silver_pit_panel,"probe/sample only; requires historical silverization, timestamp contract, and PIT join before selector use",silverize_first|then_rank_delta_flow_strength_membership_density,blocked,G:\Project_V7_Rotation\data\cn_public_enrichment\cn_zzshare_advanced_field_probe_v1_20260602\advanced_field_historical_coverage_probe.csv,28,probe_n=582; ok=1,fix_or_silverize_before_selector
advanced_zzshare_probe,open_sentiment_data,zb_num,unknown,limit_event_sentiment,probe_only,csv_probe_not_pit_silver,probe_only_candidate_source,data_engineering_backlog,false_until_silver_pit_panel,"probe/sample only; requires historical silverization, timestamp contract, and PIT join before selector use",silverize_first|then_rank_delta_flow_strength_membership_density,blocked,G:\Project_V7_Rotation\data\cn_public_enrichment\cn_zzshare_advanced_field_probe_v1_20260602\advanced_field_historical_coverage_probe.csv,28,probe_n=582; ok=1,fix_or_silverize_before_selector
advanced_zzshare_probe,open_sentiment_data,down_num,unknown,price_state,probe_only,csv_probe_not_pit_silver,probe_only_candidate_source,data_engineering_backlog,false_until_silver_pit_panel,"probe/sample only; requires historical silverization, timestamp contract, and PIT join before selector use",silverize_first|then_rank_delta_flow_strength_membership_density,blocked,G:\Project_V7_Rotation\data\cn_public_enrichment\cn_zzshare_advanced_field_probe_v1_20260602\advanced_field_historical_coverage_probe.csv,28,probe_n=582; ok=1,fix_or_silverize_before_selector
advanced_zzshare_probe,ths_hot_top,circulation_value,unknown,event_heat_or_strength,probe_only,csv_probe_not_pit_silver,probe_only_candidate_source,data_engineering_backlog,false_until_silver_pit_panel,"probe/sample only; requires historical silverization, timestamp contract, and PIT join before selector use",silverize_first|then_rank_delta_flow_strength_membership_density,blocked,G:\Project_V7_Rotation\data\cn_public_enrichment\cn_zzshare_advanced_field_probe_v1_20260602\advanced_field_historical_coverage_probe.csv,28,probe_n=10; ok=1,fix_or_silverize_before_selector
advanced_zzshare_probe,ths_hot_top,collect_date,unknown,time_key_or_cutoff,probe_only,csv_probe_not_pit_silver,availability_key,not_alpha_feature,false,controls availability/cutoff; not standalone alpha,event_age|lagged_availability,blocked,G:\Project_V7_Rotation\data\cn_public_enrichment\cn_zzshare_advanced_field_probe_v1_20260602\advanced_field_historical_coverage_probe.csv,28,probe_n=10; ok=1,fix_or_silverize_before_selector
advanced_zzshare_probe,ths_hot_top,id,unknown,metadata,probe_only,csv_probe_not_pit_silver,join_or_audit_metadata,not_alpha_feature,false,key/text/metadata only,none,blocked,G:\Project_V7_Rotation\data\cn_public_enrichment\cn_zzshare_advanced_field_probe_v1_20260602\advanced_field_historical_coverage_probe.csv,28,probe_n=10; ok=1,fix_or_silverize_before_selector
advanced_zzshare_probe,ths_hot_top,last_pct,unknown,event_heat_or_strength,probe_only,csv_probe_not_pit_silver,probe_only_candidate_source,data_engineering_backlog,false_until_silver_pit_panel,"probe/sample only; requires historical silverization, timestamp contract, and PIT join before selector use",silverize_first|then_rank_delta_flow_strength_membership_density,blocked,G:\Project_V7_Rotation\data\cn_public_enrichment\cn_zzshare_advanced_field_probe_v1_20260602\advanced_field_historical_coverage_probe.csv,28,probe_n=10; ok=1,fix_or_silverize_before_selector
advanced_zzshare_probe,ths_hot_top,last_price,unknown,event_heat_or_strength,probe_only,csv_probe_not_pit_silver,probe_only_candidate_source,data_engineering_backlog,false_until_silver_pit_panel,"probe/sample only; requires historical silverization, timestamp contract, and PIT join before selector use",silverize_first|then_rank_delta_flow_strength_membership_density,blocked,G:\Project_V7_Rotation\data\cn_public_enrichment\cn_zzshare_advanced_field_probe_v1_20260602\advanced_field_historical_coverage_probe.csv,28,probe_n=10; ok=1,fix_or_silverize_before_selector
advanced_zzshare_probe,ths_hot_top,rank,unknown,event_heat_or_strength,probe_only,csv_probe_not_pit_silver,probe_only_candidate_source,data_engineering_backlog,false_until_silver_pit_panel,"probe/sample only; requires historical silverization, timestamp contract, and PIT join before selector use",silverize_first|then_rank_delta_flow_strength_membership_density,blocked,G:\Project_V7_Rotation\data\cn_public_enrichment\cn_zzshare_advanced_field_probe_v1_20260602\advanced_field_historical_coverage_probe.csv,28,probe_n=10; ok=1,fix_or_silverize_before_selector
advanced_zzshare_probe,ths_hot_top,rank_diff,unknown,event_heat_or_strength,probe_only,csv_probe_not_pit_silver,probe_only_candidate_source,data_engineering_backlog,false_until_silver_pit_panel,"probe/sample only; requires historical silverization, timestamp contract, and PIT join before selector use",silverize_first|then_rank_delta_flow_strength_membership_density,blocked,G:\Project_V7_Rotation\data\cn_public_enrichment\cn_zzshare_advanced_field_probe_v1_20260602\advanced_field_historical_coverage_probe.csv,28,probe_n=10; ok=1,fix_or_silverize_before_selector
advanced_zzshare_probe,ths_hot_top,symbol_code,unknown,event_heat_or_strength,probe_only,csv_probe_not_pit_silver,probe_only_candidate_source,data_engineering_backlog,false_until_silver_pit_panel,"probe/sample only; requires historical silverization, timestamp contract, and PIT join before selector use",silverize_first|then_rank_delta_flow_strength_membership_density,blocked,G:\Project_V7_Rotation\data\cn_public_enrichment\cn_zzshare_advanced_field_probe_v1_20260602\advanced_field_historical_coverage_probe.csv,28,probe_n=10; ok=1,fix_or_silverize_before_selector
advanced_zzshare_probe,ths_hot_top,symbol_name,unknown,text_or_description,probe_only,csv_probe_not_pit_silver,join_or_audit_metadata,not_alpha_feature,false,key/text/metadata only,none,blocked,G:\Project_V7_Rotation\data\cn_public_enrichment\cn_zzshare_advanced_field_probe_v1_20260602\advanced_field_historical_coverage_probe.csv,28,probe_n=10; ok=1,fix_or_silverize_before_selector
advanced_zzshare_probe,ths_hot_top,update_time,unknown,time_key_or_cutoff,probe_only,csv_probe_not_pit_silver,event_cutoff_key,not_alpha_feature,false,controls availability/cutoff; not standalone alpha,event_age|lagged_availability,blocked,G:\Project_V7_Rotation\data\cn_public_enrichment\cn_zzshare_advanced_field_probe_v1_20260602\advanced_field_historical_coverage_probe.csv,28,probe_n=10; ok=1,fix_or_silverize_before_selector
advanced_zzshare_probe,plates_rank_pt14,plate_type,unknown,event_heat_or_strength,probe_only,csv_probe_not_pit_silver,probe_only_candidate_source,data_engineering_backlog,false_until_silver_pit_panel,"probe/sample only; requires historical silverization, timestamp contract, and PIT join before selector use",silverize_first|then_rank_delta_flow_strength_membership_density,blocked,G:\Project_V7_Rotation\data\cn_public_enrichment\cn_zzshare_advanced_field_probe_v1_20260602\advanced_field_historical_coverage_probe.csv,28,probe_n=30; ok=1,fix_or_silverize_before_selector
advanced_zzshare_probe,plates_rank_pt14,plate_code,unknown,event_heat_or_strength,probe_only,csv_probe_not_pit_silver,probe_only_candidate_source,data_engineering_backlog,false_until_silver_pit_panel,"probe/sample only; requires historical silverization, timestamp contract, and PIT join before selector use",silverize_first|then_rank_delta_flow_strength_membership_density,blocked,G:\Project_V7_Rotation\data\cn_public_enrichment\cn_zzshare_advanced_field_probe_v1_20260602\advanced_field_historical_coverage_probe.csv,28,probe_n=30; ok=1,fix_or_silverize_before_selector
advanced_zzshare_probe,plates_rank_pt14,score,unknown,event_heat_or_strength,probe_only,csv_probe_not_pit_silver,probe_only_candidate_source,data_engineering_backlog,false_until_silver_pit_panel,"probe/sample only; requires historical silverization, timestamp contract, and PIT join before selector use",silverize_first|then_rank_delta_flow_strength_membership_density,blocked,G:\Project_V7_Rotation\data\cn_public_enrichment\cn_zzshare_advanced_field_probe_v1_20260602\advanced_field_historical_coverage_probe.csv,28,probe_n=30; ok=1,fix_or_silverize_before_selector
advanced_zzshare_probe,plates_rank_pt14,rate,unknown,event_heat_or_strength,probe_only,csv_probe_not_pit_silver,probe_only_candidate_source,data_engineering_backlog,false_until_silver_pit_panel,"probe/sample only; requires historical silverization, timestamp contract, and PIT join before selector use",silverize_first|then_rank_delta_flow_strength_membership_density,blocked,G:\Project_V7_Rotation\data\cn_public_enrichment\cn_zzshare_advanced_field_probe_v1_20260602\advanced_field_historical_coverage_probe.csv,28,probe_n=30; ok=1,fix_or_silverize_before_selector
advanced_zzshare_probe,plates_rank_pt14,money_leader,unknown,event_heat_or_strength,probe_only,csv_probe_not_pit_silver,probe_only_candidate_source,data_engineering_backlog,false_until_silver_pit_panel,"probe/sample only; requires historical silverization, timestamp contract, and PIT join before selector use",silverize_first|then_rank_delta_flow_strength_membership_density,blocked,G:\Project_V7_Rotation\data\cn_public_enrichment\cn_zzshare_advanced_field_probe_v1_20260602\advanced_field_historical_coverage_probe.csv,28,probe_n=30; ok=1,fix_or_silverize_before_selector
advanced_zzshare_probe,plates_rank_pt14,trade_money,unknown,event_heat_or_strength,probe_only,csv_probe_not_pit_silver,probe_only_candidate_source,data_engineering_backlog,false_until_silver_pit_panel,"probe/sample only; requires historical silverization, timestamp contract, and PIT join before selector use",silverize_first|then_rank_delta_flow_strength_membership_density,blocked,G:\Project_V7_Rotation\data\cn_public_enrichment\cn_zzshare_advanced_field_probe_v1_20260602\advanced_field_historical_coverage_probe.csv,28,probe_n=30; ok=1,fix_or_silverize_before_selector
advanced_zzshare_probe,plates_rank_pt14,money_leader_sell,unknown,event_heat_or_strength,probe_only,csv_probe_not_pit_silver,probe_only_candidate_source,data_engineering_backlog,false_until_silver_pit_panel,"probe/sample only; requires historical silverization, timestamp contract, and PIT join before selector use",silverize_first|then_rank_delta_flow_strength_membership_density,blocked,G:\Project_V7_Rotation\data\cn_public_enrichment\cn_zzshare_advanced_field_probe_v1_20260602\advanced_field_historical_coverage_probe.csv,28,probe_n=30; ok=1,fix_or_silverize_before_selector
advanced_zzshare_probe,plates_rank_pt14,market_cap_cir,unknown,event_heat_or_strength,probe_only,csv_probe_not_pit_silver,probe_only_candidate_source,data_engineering_backlog,false_until_silver_pit_panel,"probe/sample only; requires historical silverization, timestamp contract, and PIT join before selector use",silverize_first|then_rank_delta_flow_strength_membership_density,blocked,G:\Project_V7_Rotation\data\cn_public_enrichment\cn_zzshare_advanced_field_probe_v1_20260602\advanced_field_historical_coverage_probe.csv,28,probe_n=30; ok=1,fix_or_silverize_before_selector
advanced_zzshare_probe,plates_rank_pt14,plate_name,unknown,text_or_description,probe_only,csv_probe_not_pit_silver,join_or_audit_metadata,not_alpha_feature,false,key/text/metadata only,none,blocked,G:\Project_V7_Rotation\data\cn_public_enrichment\cn_zzshare_advanced_field_probe_v1_20260602\advanced_field_historical_coverage_probe.csv,28,probe_n=30; ok=1,fix_or_silverize_before_selector
advanced_zzshare_probe,plates_rank_pt14,id,unknown,metadata,probe_only,csv_probe_not_pit_silver,join_or_audit_metadata,not_alpha_feature,false,key/text/metadata only,none,blocked,G:\Project_V7_Rotation\data\cn_public_enrichment\cn_zzshare_advanced_field_probe_v1_20260602\advanced_field_historical_coverage_probe.csv,28,probe_n=30; ok=1,fix_or_silverize_before_selector
advanced_zzshare_probe,plates_rank_pt14,date1,unknown,time_key_or_cutoff,probe_only,csv_probe_not_pit_silver,availability_key,not_alpha_feature,false,controls availability/cutoff; not standalone alpha,event_age|lagged_availability,blocked,G:\Project_V7_Rotation\data\cn_public_enrichment\cn_zzshare_advanced_field_probe_v1_20260602\advanced_field_historical_coverage_probe.csv,28,probe_n=30; ok=1,fix_or_silverize_before_selector
advanced_zzshare_probe,plates_rank_pt14,speed,unknown,event_heat_or_strength,probe_only,csv_probe_not_pit_silver,probe_only_candidate_source,data_engineering_backlog,false_until_silver_pit_panel,"probe/sample only; requires historical silverization, timestamp contract, and PIT join before selector use",silverize_first|then_rank_delta_flow_strength_membership_density,blocked,G:\Project_V7_Rotation\data\cn_public_enrichment\cn_zzshare_advanced_field_probe_v1_20260602\advanced_field_historical_coverage_probe.csv,28,probe_n=30; ok=1,fix_or_silverize_before_selector
advanced_zzshare_probe,plates_rank_pt14,money_leader_buy,unknown,event_heat_or_strength,probe_only,csv_probe_not_pit_silver,probe_only_candidate_source,data_engineering_backlog,false_until_silver_pit_panel,"probe/sample only; requires historical silverization, timestamp contract, and PIT join before selector use",silverize_first|then_rank_delta_flow_strength_membership_density,blocked,G:\Project_V7_Rotation\data\cn_public_enrichment\cn_zzshare_advanced_field_probe_v1_20260602\advanced_field_historical_coverage_probe.csv,28,probe_n=30; ok=1,fix_or_silverize_before_selector
advanced_zzshare_probe,plates_rank_pt14,volume_ration,unknown,event_heat_or_strength,probe_only,csv_probe_not_pit_silver,probe_only_candidate_source,data_engineering_backlog,false_until_silver_pit_panel,"probe/sample only; requires historical silverization, timestamp contract, and PIT join before selector use",silverize_first|then_rank_delta_flow_strength_membership_density,blocked,G:\Project_V7_Rotation\data\cn_public_enrichment\cn_zzshare_advanced_field_probe_v1_20260602\advanced_field_historical_coverage_probe.csv,28,probe_n=30; ok=1,fix_or_silverize_before_selector
advanced_zzshare_probe,plates_rank_pt14,time,unknown,time_key_or_cutoff,probe_only,csv_probe_not_pit_silver,event_cutoff_key,not_alpha_feature,false,controls availability/cutoff; not standalone alpha,event_age|lagged_availability,blocked,G:\Project_V7_Rotation\data\cn_public_enrichment\cn_zzshare_advanced_field_probe_v1_20260602\advanced_field_historical_coverage_probe.csv,28,probe_n=30; ok=1,fix_or_silverize_before_selector
advanced_zzshare_probe,plates_rank_pt15,plate_code,unknown,event_heat_or_strength,probe_only,csv_probe_not_pit_silver,probe_only_candidate_source,data_engineering_backlog,false_until_silver_pit_panel,"probe/sample only; requires historical silverization, timestamp contract, and PIT join before selector use",silverize_first|then_rank_delta_flow_strength_membership_density,blocked,G:\Project_V7_Rotation\data\cn_public_enrichment\cn_zzshare_advanced_field_probe_v1_20260602\advanced_field_historical_coverage_probe.csv,28,probe_n=30; ok=1,fix_or_silverize_before_selector
advanced_zzshare_probe,plates_rank_pt15,plate_type,unknown,event_heat_or_strength,probe_only,csv_probe_not_pit_silver,probe_only_candidate_source,data_engineering_backlog,false_until_silver_pit_panel,"probe/sample only; requires historical silverization, timestamp contract, and PIT join before selector use",silverize_first|then_rank_delta_flow_strength_membership_density,blocked,G:\Project_V7_Rotation\data\cn_public_enrichment\cn_zzshare_advanced_field_probe_v1_20260602\advanced_field_historical_coverage_probe.csv,28,probe_n=30; ok=1,fix_or_silverize_before_selector
advanced_zzshare_probe,plates_rank_pt15,score,unknown,event_heat_or_strength,probe_only,csv_probe_not_pit_silver,probe_only_candidate_source,data_engineering_backlog,false_until_silver_pit_panel,"probe/sample only; requires historical silverization, timestamp contract, and PIT join before selector use",silverize_first|then_rank_delta_flow_strength_membership_density,blocked,G:\Project_V7_Rotation\data\cn_public_enrichment\cn_zzshare_advanced_field_probe_v1_20260602\advanced_field_historical_coverage_probe.csv,28,probe_n=30; ok=1,fix_or_silverize_before_selector
advanced_zzshare_probe,plates_rank_pt15,rate,unknown,event_heat_or_strength,probe_only,csv_probe_not_pit_silver,probe_only_candidate_source,data_engineering_backlog,false_until_silver_pit_panel,"probe/sample only; requires historical silverization, timestamp contract, and PIT join before selector use",silverize_first|then_rank_delta_flow_strength_membership_density,blocked,G:\Project_V7_Rotation\data\cn_public_enrichment\cn_zzshare_advanced_field_probe_v1_20260602\advanced_field_historical_coverage_probe.csv,28,probe_n=30; ok=1,fix_or_silverize_before_selector
advanced_zzshare_probe,plates_rank_pt15,money_leader,unknown,event_heat_or_strength,probe_only,csv_probe_not_pit_silver,probe_only_candidate_source,data_engineering_backlog,false_until_silver_pit_panel,"probe/sample only; requires historical silverization, timestamp contract, and PIT join before selector use",silverize_first|then_rank_delta_flow_strength_membership_density,blocked,G:\Project_V7_Rotation\data\cn_public_enrichment\cn_zzshare_advanced_field_probe_v1_20260602\advanced_field_historical_coverage_probe.csv,28,probe_n=30; ok=1,fix_or_silverize_before_selector
advanced_zzshare_probe,plates_rank_pt15,trade_money,unknown,event_heat_or_strength,probe_only,csv_probe_not_pit_silver,probe_only_candidate_source,data_engineering_backlog,false_until_silver_pit_panel,"probe/sample only; requires historical silverization, timestamp contract, and PIT join before selector use",silverize_first|then_rank_delta_flow_strength_membership_density,blocked,G:\Project_V7_Rotation\data\cn_public_enrichment\cn_zzshare_advanced_field_probe_v1_20260602\advanced_field_historical_coverage_probe.csv,28,probe_n=30; ok=1,fix_or_silverize_before_selector
advanced_zzshare_probe,plates_rank_pt15,money_leader_sell,unknown,event_heat_or_strength,probe_only,csv_probe_not_pit_silver,probe_only_candidate_source,data_engineering_backlog,false_until_silver_pit_panel,"probe/sample only; requires historical silverization, timestamp contract, and PIT join before selector use",silverize_first|then_rank_delta_flow_strength_membership_density,blocked,G:\Project_V7_Rotation\data\cn_public_enrichment\cn_zzshare_advanced_field_probe_v1_20260602\advanced_field_historical_coverage_probe.csv,28,probe_n=30; ok=1,fix_or_silverize_before_selector
advanced_zzshare_probe,plates_rank_pt15,market_cap_cir,unknown,event_heat_or_strength,probe_only,csv_probe_not_pit_silver,probe_only_candidate_source,data_engineering_backlog,false_until_silver_pit_panel,"probe/sample only; requires historical silverization, timestamp contract, and PIT join before selector use",silverize_first|then_rank_delta_flow_strength_membership_density,blocked,G:\Project_V7_Rotation\data\cn_public_enrichment\cn_zzshare_advanced_field_probe_v1_20260602\advanced_field_historical_coverage_probe.csv,28,probe_n=30; ok=1,fix_or_silverize_before_selector
advanced_zzshare_probe,plates_rank_pt15,plate_name,unknown,text_or_description,probe_only,csv_probe_not_pit_silver,join_or_audit_metadata,not_alpha_feature,false,key/text/metadata only,none,blocked,G:\Project_V7_Rotation\data\cn_public_enrichment\cn_zzshare_advanced_field_probe_v1_20260602\advanced_field_historical_coverage_probe.csv,28,probe_n=30; ok=1,fix_or_silverize_before_selector
advanced_zzshare_probe,plates_rank_pt15,id,unknown,metadata,probe_only,csv_probe_not_pit_silver,join_or_audit_metadata,not_alpha_feature,false,key/text/metadata only,none,blocked,G:\Project_V7_Rotation\data\cn_public_enrichment\cn_zzshare_advanced_field_probe_v1_20260602\advanced_field_historical_coverage_probe.csv,28,probe_n=30; ok=1,fix_or_silverize_before_selector
advanced_zzshare_probe,plates_rank_pt15,date1,unknown,time_key_or_cutoff,probe_only,csv_probe_not_pit_silver,availability_key,not_alpha_feature,false,controls availability/cutoff; not standalone alpha,event_age|lagged_availability,blocked,G:\Project_V7_Rotation\data\cn_public_enrichment\cn_zzshare_advanced_field_probe_v1_20260602\advanced_field_historical_coverage_probe.csv,28,probe_n=30; ok=1,fix_or_silverize_before_selector
advanced_zzshare_probe,plates_rank_pt15,speed,unknown,event_heat_or_strength,probe_only,csv_probe_not_pit_silver,probe_only_candidate_source,data_engineering_backlog,false_until_silver_pit_panel,"probe/sample only; requires historical silverization, timestamp contract, and PIT join before selector use",silverize_first|then_rank_delta_flow_strength_membership_density,blocked,G:\Project_V7_Rotation\data\cn_public_enrichment\cn_zzshare_advanced_field_probe_v1_20260602\advanced_field_historical_coverage_probe.csv,28,probe_n=30; ok=1,fix_or_silverize_before_selector
advanced_zzshare_probe,plates_rank_pt15,money_leader_buy,unknown,event_heat_or_strength,probe_only,csv_probe_not_pit_silver,probe_only_candidate_source,data_engineering_backlog,false_until_silver_pit_panel,"probe/sample only; requires historical silverization, timestamp contract, and PIT join before selector use",silverize_first|then_rank_delta_flow_strength_membership_density,blocked,G:\Project_V7_Rotation\data\cn_public_enrichment\cn_zzshare_advanced_field_probe_v1_20260602\advanced_field_historical_coverage_probe.csv,28,probe_n=30; ok=1,fix_or_silverize_before_selector
advanced_zzshare_probe,plates_rank_pt15,volume_ration,unknown,event_heat_or_strength,probe_only,csv_probe_not_pit_silver,probe_only_candidate_source,data_engineering_backlog,false_until_silver_pit_panel,"probe/sample only; requires historical silverization, timestamp contract, and PIT join before selector use",silverize_first|then_rank_delta_flow_strength_membership_density,blocked,G:\Project_V7_Rotation\data\cn_public_enrichment\cn_zzshare_advanced_field_probe_v1_20260602\advanced_field_historical_coverage_probe.csv,28,probe_n=30; ok=1,fix_or_silverize_before_selector
advanced_zzshare_probe,plates_rank_pt15,time,unknown,time_key_or_cutoff,probe_only,csv_probe_not_pit_silver,event_cutoff_key,not_alpha_feature,false,controls availability/cutoff; not standalone alpha,event_age|lagged_availability,blocked,G:\Project_V7_Rotation\data\cn_public_enrichment\cn_zzshare_advanced_field_probe_v1_20260602\advanced_field_historical_coverage_probe.csv,28,probe_n=30; ok=1,fix_or_silverize_before_selector
advanced_zzshare_probe,plates_rank_pt17,plate_type,unknown,event_heat_or_strength,probe_only,csv_probe_not_pit_silver,probe_only_candidate_source,data_engineering_backlog,false_until_silver_pit_panel,"probe/sample only; requires historical silverization, timestamp contract, and PIT join before selector use",silverize_first|then_rank_delta_flow_strength_membership_density,blocked,G:\Project_V7_Rotation\data\cn_public_enrichment\cn_zzshare_advanced_field_probe_v1_20260602\advanced_field_historical_coverage_probe.csv,28,probe_n=30; ok=1,fix_or_silverize_before_selector
advanced_zzshare_probe,plates_rank_pt17,plate_code,unknown,event_heat_or_strength,probe_only,csv_probe_not_pit_silver,probe_only_candidate_source,data_engineering_backlog,false_until_silver_pit_panel,"probe/sample only; requires historical silverization, timestamp contract, and PIT join before selector use",silverize_first|then_rank_delta_flow_strength_membership_density,blocked,G:\Project_V7_Rotation\data\cn_public_enrichment\cn_zzshare_advanced_field_probe_v1_20260602\advanced_field_historical_coverage_probe.csv,28,probe_n=30; ok=1,fix_or_silverize_before_selector
advanced_zzshare_probe,plates_rank_pt17,score,unknown,event_heat_or_strength,probe_only,csv_probe_not_pit_silver,probe_only_candidate_source,data_engineering_backlog,false_until_silver_pit_panel,"probe/sample only; requires historical silverization, timestamp contract, and PIT join before selector use",silverize_first|then_rank_delta_flow_strength_membership_density,blocked,G:\Project_V7_Rotation\data\cn_public_enrichment\cn_zzshare_advanced_field_probe_v1_20260602\advanced_field_historical_coverage_probe.csv,28,probe_n=30; ok=1,fix_or_silverize_before_selector
advanced_zzshare_probe,plates_rank_pt17,rate,unknown,event_heat_or_strength,probe_only,csv_probe_not_pit_silver,probe_only_candidate_source,data_engineering_backlog,false_until_silver_pit_panel,"probe/sample only; requires historical silverization, timestamp contract, and PIT join before selector use",silverize_first|then_rank_delta_flow_strength_membership_density,blocked,G:\Project_V7_Rotation\data\cn_public_enrichment\cn_zzshare_advanced_field_probe_v1_20260602\advanced_field_historical_coverage_probe.csv,28,probe_n=30; ok=1,fix_or_silverize_before_selector
advanced_zzshare_probe,plates_rank_pt17,money_leader,unknown,event_heat_or_strength,probe_only,csv_probe_not_pit_silver,probe_only_candidate_source,data_engineering_backlog,false_until_silver_pit_panel,"probe/sample only; requires historical silverization, timestamp contract, and PIT join before selector use",silverize_first|then_rank_delta_flow_strength_membership_density,blocked,G:\Project_V7_Rotation\data\cn_public_enrichment\cn_zzshare_advanced_field_probe_v1_20260602\advanced_field_historical_coverage_probe.csv,28,probe_n=30; ok=1,fix_or_silverize_before_selector
advanced_zzshare_probe,plates_rank_pt17,trade_money,unknown,event_heat_or_strength,probe_only,csv_probe_not_pit_silver,probe_only_candidate_source,data_engineering_backlog,false_until_silver_pit_panel,"probe/sample only; requires historical silverization, timestamp contract, and PIT join before selector use",silverize_first|then_rank_delta_flow_strength_membership_density,blocked,G:\Project_V7_Rotation\data\cn_public_enrichment\cn_zzshare_advanced_field_probe_v1_20260602\advanced_field_historical_coverage_probe.csv,28,probe_n=30; ok=1,fix_or_silverize_before_selector
advanced_zzshare_probe,plates_rank_pt17,money_leader_sell,unknown,event_heat_or_strength,probe_only,csv_probe_not_pit_silver,probe_only_candidate_source,data_engineering_backlog,false_until_silver_pit_panel,"probe/sample only; requires historical silverization, timestamp contract, and PIT join before selector use",silverize_first|then_rank_delta_flow_strength_membership_density,blocked,G:\Project_V7_Rotation\data\cn_public_enrichment\cn_zzshare_advanced_field_probe_v1_20260602\advanced_field_historical_coverage_probe.csv,28,probe_n=30; ok=1,fix_or_silverize_before_selector
advanced_zzshare_probe,plates_rank_pt17,market_cap_cir,unknown,event_heat_or_strength,probe_only,csv_probe_not_pit_silver,probe_only_candidate_source,data_engineering_backlog,false_until_silver_pit_panel,"probe/sample only; requires historical silverization, timestamp contract, and PIT join before selector use",silverize_first|then_rank_delta_flow_strength_membership_density,blocked,G:\Project_V7_Rotation\data\cn_public_enrichment\cn_zzshare_advanced_field_probe_v1_20260602\advanced_field_historical_coverage_probe.csv,28,probe_n=30; ok=1,fix_or_silverize_before_selector
advanced_zzshare_probe,plates_rank_pt17,plate_name,unknown,text_or_description,probe_only,csv_probe_not_pit_silver,join_or_audit_metadata,not_alpha_feature,false,key/text/metadata only,none,blocked,G:\Project_V7_Rotation\data\cn_public_enrichment\cn_zzshare_advanced_field_probe_v1_20260602\advanced_field_historical_coverage_probe.csv,28,probe_n=30; ok=1,fix_or_silverize_before_selector
advanced_zzshare_probe,plates_rank_pt17,id,unknown,metadata,probe_only,csv_probe_not_pit_silver,join_or_audit_metadata,not_alpha_feature,false,key/text/metadata only,none,blocked,G:\Project_V7_Rotation\data\cn_public_enrichment\cn_zzshare_advanced_field_probe_v1_20260602\advanced_field_historical_coverage_probe.csv,28,probe_n=30; ok=1,fix_or_silverize_before_selector
advanced_zzshare_probe,plates_rank_pt17,date1,unknown,time_key_or_cutoff,probe_only,csv_probe_not_pit_silver,availability_key,not_alpha_feature,false,controls availability/cutoff; not standalone alpha,event_age|lagged_availability,blocked,G:\Project_V7_Rotation\data\cn_public_enrichment\cn_zzshare_advanced_field_probe_v1_20260602\advanced_field_historical_coverage_probe.csv,28,probe_n=30; ok=1,fix_or_silverize_before_selector
advanced_zzshare_probe,plates_rank_pt17,speed,unknown,event_heat_or_strength,probe_only,csv_probe_not_pit_silver,probe_only_candidate_source,data_engineering_backlog,false_until_silver_pit_panel,"probe/sample only; requires historical silverization, timestamp contract, and PIT join before selector use",silverize_first|then_rank_delta_flow_strength_membership_density,blocked,G:\Project_V7_Rotation\data\cn_public_enrichment\cn_zzshare_advanced_field_probe_v1_20260602\advanced_field_historical_coverage_probe.csv,28,probe_n=30; ok=1,fix_or_silverize_before_selector
advanced_zzshare_probe,plates_rank_pt17,money_leader_buy,unknown,event_heat_or_strength,probe_only,csv_probe_not_pit_silver,probe_only_candidate_source,data_engineering_backlog,false_until_silver_pit_panel,"probe/sample only; requires historical silverization, timestamp contract, and PIT join before selector use",silverize_first|then_rank_delta_flow_strength_membership_density,blocked,G:\Project_V7_Rotation\data\cn_public_enrichment\cn_zzshare_advanced_field_probe_v1_20260602\advanced_field_historical_coverage_probe.csv,28,probe_n=30; ok=1,fix_or_silverize_before_selector
advanced_zzshare_probe,plates_rank_pt17,volume_ration,unknown,event_heat_or_strength,probe_only,csv_probe_not_pit_silver,probe_only_candidate_source,data_engineering_backlog,false_until_silver_pit_panel,"probe/sample only; requires historical silverization, timestamp contract, and PIT join before selector use",silverize_first|then_rank_delta_flow_strength_membership_density,blocked,G:\Project_V7_Rotation\data\cn_public_enrichment\cn_zzshare_advanced_field_probe_v1_20260602\advanced_field_historical_coverage_probe.csv,28,probe_n=30; ok=1,fix_or_silverize_before_selector
advanced_zzshare_probe,plates_rank_pt17,time,unknown,time_key_or_cutoff,probe_only,csv_probe_not_pit_silver,event_cutoff_key,not_alpha_feature,false,controls availability/cutoff; not standalone alpha,event_age|lagged_availability,blocked,G:\Project_V7_Rotation\data\cn_public_enrichment\cn_zzshare_advanced_field_probe_v1_20260602\advanced_field_historical_coverage_probe.csv,28,probe_n=30; ok=1,fix_or_silverize_before_selector
advanced_zzshare_probe,plates_rank_days_new_pt14_net,plate_code,unknown,event_heat_or_strength,probe_only,csv_probe_not_pit_silver,probe_only_candidate_source,data_engineering_backlog,false_until_silver_pit_panel,"probe/sample only; requires historical silverization, timestamp contract, and PIT join before selector use",silverize_first|then_rank_delta_flow_strength_membership_density,blocked,G:\Project_V7_Rotation\data\cn_public_enrichment\cn_zzshare_advanced_field_probe_v1_20260602\advanced_field_historical_coverage_probe.csv,28,probe_n=30; ok=1,fix_or_silverize_before_selector
advanced_zzshare_probe,plates_rank_days_new_pt14_net,plate_name,unknown,text_or_description,probe_only,csv_probe_not_pit_silver,join_or_audit_metadata,not_alpha_feature,false,key/text/metadata only,none,blocked,G:\Project_V7_Rotation\data\cn_public_enrichment\cn_zzshare_advanced_field_probe_v1_20260602\advanced_field_historical_coverage_probe.csv,28,probe_n=30; ok=1,fix_or_silverize_before_selector
advanced_zzshare_probe,plates_rank_days_new_pt14_net,sum_rate,unknown,event_heat_or_strength,probe_only,csv_probe_not_pit_silver,probe_only_candidate_source,data_engineering_backlog,false_until_silver_pit_panel,"probe/sample only; requires historical silverization, timestamp contract, and PIT join before selector use",silverize_first|then_rank_delta_flow_strength_membership_density,blocked,G:\Project_V7_Rotation\data\cn_public_enrichment\cn_zzshare_advanced_field_probe_v1_20260602\advanced_field_historical_coverage_probe.csv,28,probe_n=30; ok=1,fix_or_silverize_before_selector
advanced_zzshare_probe,plates_rank_days_new_pt14_net,sum_leader_money,unknown,event_heat_or_strength,probe_only,csv_probe_not_pit_silver,probe_only_candidate_source,data_engineering_backlog,false_until_silver_pit_panel,"probe/sample only; requires historical silverization, timestamp contract, and PIT join before selector use",silverize_first|then_rank_delta_flow_strength_membership_density,blocked,G:\Project_V7_Rotation\data\cn_public_enrichment\cn_zzshare_advanced_field_probe_v1_20260602\advanced_field_historical_coverage_probe.csv,28,probe_n=30; ok=1,fix_or_silverize_before_selector
advanced_zzshare_probe,plates_rank_days_new_pt14_net,sum_score,unknown,event_heat_or_strength,probe_only,csv_probe_not_pit_silver,probe_only_candidate_source,data_engineering_backlog,false_until_silver_pit_panel,"probe/sample only; requires historical silverization, timestamp contract, and PIT join before selector use",silverize_first|then_rank_delta_flow_strength_membership_density,blocked,G:\Project_V7_Rotation\data\cn_public_enrichment\cn_zzshare_advanced_field_probe_v1_20260602\advanced_field_historical_coverage_probe.csv,28,probe_n=30; ok=1,fix_or_silverize_before_selector
advanced_zzshare_probe,plates_rank_days_new_pt14_net,days,unknown,event_heat_or_strength,probe_only,csv_probe_not_pit_silver,probe_only_candidate_source,data_engineering_backlog,false_until_silver_pit_panel,"probe/sample only; requires historical silverization, timestamp contract, and PIT join before selector use",silverize_first|then_rank_delta_flow_strength_membership_density,blocked,G:\Project_V7_Rotation\data\cn_public_enrichment\cn_zzshare_advanced_field_probe_v1_20260602\advanced_field_historical_coverage_probe.csv,28,probe_n=30; ok=1,fix_or_silverize_before_selector
advanced_zzshare_probe,plates_rank_days_new_pt14_net,is_new,unknown,event_heat_or_strength,probe_only,csv_probe_not_pit_silver,probe_only_candidate_source,data_engineering_backlog,false_until_silver_pit_panel,"probe/sample only; requires historical silverization, timestamp contract, and PIT join before selector use",silverize_first|then_rank_delta_flow_strength_membership_density,blocked,G:\Project_V7_Rotation\data\cn_public_enrichment\cn_zzshare_advanced_field_probe_v1_20260602\advanced_field_historical_coverage_probe.csv,28,probe_n=30; ok=1,fix_or_silverize_before_selector
advanced_zzshare_probe,uplimit_stocks,amount,unknown,limit_event_sentiment,probe_only,csv_probe_not_pit_silver,probe_only_candidate_source,data_engineering_backlog,false_until_silver_pit_panel,"probe/sample only; requires historical silverization, timestamp contract, and PIT join before selector use",silverize_first|then_rank_delta_flow_strength_membership_density,blocked,G:\Project_V7_Rotation\data\cn_public_enrichment\cn_zzshare_advanced_field_probe_v1_20260602\advanced_field_historical_coverage_probe.csv,28,probe_n=1; ok=1,fix_or_silverize_before_selector
advanced_zzshare_probe,uplimit_stocks,auction_buy,unknown,limit_event_sentiment,probe_only,csv_probe_not_pit_silver,probe_only_candidate_source,data_engineering_backlog,false_until_silver_pit_panel,"probe/sample only; requires historical silverization, timestamp contract, and PIT join before selector use",silverize_first|then_rank_delta_flow_strength_membership_density,blocked,G:\Project_V7_Rotation\data\cn_public_enrichment\cn_zzshare_advanced_field_probe_v1_20260602\advanced_field_historical_coverage_probe.csv,28,probe_n=1; ok=1,fix_or_silverize_before_selector
advanced_zzshare_probe,uplimit_stocks,auction_money,unknown,limit_event_sentiment,probe_only,csv_probe_not_pit_silver,probe_only_candidate_source,data_engineering_backlog,false_until_silver_pit_panel,"probe/sample only; requires historical silverization, timestamp contract, and PIT join before selector use",silverize_first|then_rank_delta_flow_strength_membership_density,blocked,G:\Project_V7_Rotation\data\cn_public_enrichment\cn_zzshare_advanced_field_probe_v1_20260602\advanced_field_historical_coverage_probe.csv,28,probe_n=1; ok=1,fix_or_silverize_before_selector
advanced_zzshare_probe,uplimit_stocks,auction_offer,unknown,limit_event_sentiment,probe_only,csv_probe_not_pit_silver,probe_only_candidate_source,data_engineering_backlog,false_until_silver_pit_panel,"probe/sample only; requires historical silverization, timestamp contract, and PIT join before selector use",silverize_first|then_rank_delta_flow_strength_membership_density,blocked,G:\Project_V7_Rotation\data\cn_public_enrichment\cn_zzshare_advanced_field_probe_v1_20260602\advanced_field_historical_coverage_probe.csv,28,probe_n=1; ok=1,fix_or_silverize_before_selector
advanced_zzshare_probe,uplimit_stocks,auction_pre1max_ratio,unknown,limit_event_sentiment,probe_only,csv_probe_not_pit_silver,probe_only_candidate_source,data_engineering_backlog,false_until_silver_pit_panel,"probe/sample only; requires historical silverization, timestamp contract, and PIT join before selector use",silverize_first|then_rank_delta_flow_strength_membership_density,blocked,G:\Project_V7_Rotation\data\cn_public_enrichment\cn_zzshare_advanced_field_probe_v1_20260602\advanced_field_historical_coverage_probe.csv,28,probe_n=1; ok=1,fix_or_silverize_before_selector
advanced_zzshare_probe,uplimit_stocks,auction_turnover,unknown,limit_event_sentiment,probe_only,csv_probe_not_pit_silver,probe_only_candidate_source,data_engineering_backlog,false_until_silver_pit_panel,"probe/sample only; requires historical silverization, timestamp contract, and PIT join before selector use",silverize_first|then_rank_delta_flow_strength_membership_density,blocked,G:\Project_V7_Rotation\data\cn_public_enrichment\cn_zzshare_advanced_field_probe_v1_20260602\advanced_field_historical_coverage_probe.csv,28,probe_n=1; ok=1,fix_or_silverize_before_selector
advanced_zzshare_probe,uplimit_stocks,checked,unknown,metadata,probe_only,csv_probe_not_pit_silver,join_or_audit_metadata,not_alpha_feature,false,key/text/metadata only,none,blocked,G:\Project_V7_Rotation\data\cn_public_enrichment\cn_zzshare_advanced_field_probe_v1_20260602\advanced_field_historical_coverage_probe.csv,28,probe_n=1; ok=1,fix_or_silverize_before_selector
advanced_zzshare_probe,uplimit_stocks,date1,unknown,time_key_or_cutoff,probe_only,csv_probe_not_pit_silver,availability_key,not_alpha_feature,false,controls availability/cutoff; not standalone alpha,event_age|lagged_availability,blocked,G:\Project_V7_Rotation\data\cn_public_enrichment\cn_zzshare_advanced_field_probe_v1_20260602\advanced_field_historical_coverage_probe.csv,28,probe_n=1; ok=1,fix_or_silverize_before_selector
advanced_zzshare_probe,uplimit_stocks,fd_close,unknown,limit_event_sentiment,probe_only,csv_probe_not_pit_silver,probe_only_candidate_source,data_engineering_backlog,false_until_silver_pit_panel,"probe/sample only; requires historical silverization, timestamp contract, and PIT join before selector use",silverize_first|then_rank_delta_flow_strength_membership_density,blocked,G:\Project_V7_Rotation\data\cn_public_enrichment\cn_zzshare_advanced_field_probe_v1_20260602\advanced_field_historical_coverage_probe.csv,28,probe_n=1; ok=1,fix_or_silverize_before_selector
advanced_zzshare_probe,uplimit_stocks,fd_max,unknown,limit_event_sentiment,probe_only,csv_probe_not_pit_silver,probe_only_candidate_source,data_engineering_backlog,false_until_silver_pit_panel,"probe/sample only; requires historical silverization, timestamp contract, and PIT join before selector use",silverize_first|then_rank_delta_flow_strength_membership_density,blocked,G:\Project_V7_Rotation\data\cn_public_enrichment\cn_zzshare_advanced_field_probe_v1_20260602\advanced_field_historical_coverage_probe.csv,28,probe_n=1; ok=1,fix_or_silverize_before_selector
advanced_zzshare_probe,uplimit_stocks,id,unknown,metadata,probe_only,csv_probe_not_pit_silver,join_or_audit_metadata,not_alpha_feature,false,key/text/metadata only,none,blocked,G:\Project_V7_Rotation\data\cn_public_enrichment\cn_zzshare_advanced_field_probe_v1_20260602\advanced_field_historical_coverage_probe.csv,28,probe_n=1; ok=1,fix_or_silverize_before_selector
advanced_zzshare_probe,uplimit_stocks,market_c,unknown,limit_event_sentiment,probe_only,csv_probe_not_pit_silver,probe_only_candidate_source,data_engineering_backlog,false_until_silver_pit_panel,"probe/sample only; requires historical silverization, timestamp contract, and PIT join before selector use",silverize_first|then_rank_delta_flow_strength_membership_density,blocked,G:\Project_V7_Rotation\data\cn_public_enrichment\cn_zzshare_advanced_field_probe_v1_20260602\advanced_field_historical_coverage_probe.csv,28,probe_n=1; ok=1,fix_or_silverize_before_selector
advanced_zzshare_probe,uplimit_stocks,market_c_c,unknown,limit_event_sentiment,probe_only,csv_probe_not_pit_silver,probe_only_candidate_source,data_engineering_backlog,false_until_silver_pit_panel,"probe/sample only; requires historical silverization, timestamp contract, and PIT join before selector use",silverize_first|then_rank_delta_flow_strength_membership_density,blocked,G:\Project_V7_Rotation\data\cn_public_enrichment\cn_zzshare_advanced_field_probe_v1_20260602\advanced_field_historical_coverage_probe.csv,28,probe_n=1; ok=1,fix_or_silverize_before_selector
advanced_zzshare_probe,uplimit_stocks,next_close_pct,unknown,future_label,probe_only,csv_probe_not_pit_silver,blocked_future_label,blocked,false,future outcome field; never use pre-replay,none,blocked,G:\Project_V7_Rotation\data\cn_public_enrichment\cn_zzshare_advanced_field_probe_v1_20260602\advanced_field_historical_coverage_probe.csv,28,probe_n=1; ok=1,fix_or_silverize_before_selector
advanced_zzshare_probe,uplimit_stocks,next_day,unknown,future_label,probe_only,csv_probe_not_pit_silver,blocked_future_label,blocked,false,future outcome field; never use pre-replay,none,blocked,G:\Project_V7_Rotation\data\cn_public_enrichment\cn_zzshare_advanced_field_probe_v1_20260602\advanced_field_historical_coverage_probe.csv,28,probe_n=1; ok=1,fix_or_silverize_before_selector
advanced_zzshare_probe,uplimit_stocks,next_gt9_offer_v,unknown,future_label,probe_only,csv_probe_not_pit_silver,blocked_future_label,blocked,false,future outcome field; never use pre-replay,none,blocked,G:\Project_V7_Rotation\data\cn_public_enrichment\cn_zzshare_advanced_field_probe_v1_20260602\advanced_field_historical_coverage_probe.csv,28,probe_n=1; ok=1,fix_or_silverize_before_selector
advanced_zzshare_probe,uplimit_stocks,next_gt9_time,unknown,future_label,probe_only,csv_probe_not_pit_silver,blocked_future_label,blocked,false,future outcome field; never use pre-replay,none,blocked,G:\Project_V7_Rotation\data\cn_public_enrichment\cn_zzshare_advanced_field_probe_v1_20260602\advanced_field_historical_coverage_probe.csv,28,probe_n=1; ok=1,fix_or_silverize_before_selector
advanced_zzshare_probe,uplimit_stocks,next_gt9_turnover,unknown,future_label,probe_only,csv_probe_not_pit_silver,blocked_future_label,blocked,false,future outcome field; never use pre-replay,none,blocked,G:\Project_V7_Rotation\data\cn_public_enrichment\cn_zzshare_advanced_field_probe_v1_20260602\advanced_field_historical_coverage_probe.csv,28,probe_n=1; ok=1,fix_or_silverize_before_selector
advanced_zzshare_probe,uplimit_stocks,next_open_pct,unknown,future_label,probe_only,csv_probe_not_pit_silver,blocked_future_label,blocked,false,future outcome field; never use pre-replay,none,blocked,G:\Project_V7_Rotation\data\cn_public_enrichment\cn_zzshare_advanced_field_probe_v1_20260602\advanced_field_historical_coverage_probe.csv,28,probe_n=1; ok=1,fix_or_silverize_before_selector
advanced_zzshare_probe,uplimit_stocks,next_open_yi,unknown,future_label,probe_only,csv_probe_not_pit_silver,blocked_future_label,blocked,false,future outcome field; never use pre-replay,none,blocked,G:\Project_V7_Rotation\data\cn_public_enrichment\cn_zzshare_advanced_field_probe_v1_20260602\advanced_field_historical_coverage_probe.csv,28,probe_n=1; ok=1,fix_or_silverize_before_selector
advanced_zzshare_probe,uplimit_stocks,plate_code,unknown,limit_event_sentiment,probe_only,csv_probe_not_pit_silver,probe_only_candidate_source,data_engineering_backlog,false_until_silver_pit_panel,"probe/sample only; requires historical silverization, timestamp contract, and PIT join before selector use",silverize_first|then_rank_delta_flow_strength_membership_density,blocked,G:\Project_V7_Rotation\data\cn_public_enrichment\cn_zzshare_advanced_field_probe_v1_20260602\advanced_field_historical_coverage_probe.csv,28,probe_n=1; ok=1,fix_or_silverize_before_selector
advanced_zzshare_probe,uplimit_stocks,stock_code,unknown,instrument_key,probe_only,csv_probe_not_pit_silver,join_or_audit_metadata,not_alpha_feature,false,key/text/metadata only,none,blocked,G:\Project_V7_Rotation\data\cn_public_enrichment\cn_zzshare_advanced_field_probe_v1_20260602\advanced_field_historical_coverage_probe.csv,28,probe_n=1; ok=1,fix_or_silverize_before_selector
advanced_zzshare_probe,uplimit_stocks,stock_name,unknown,text_or_description,probe_only,csv_probe_not_pit_silver,join_or_audit_metadata,not_alpha_feature,false,key/text/metadata only,none,blocked,G:\Project_V7_Rotation\data\cn_public_enrichment\cn_zzshare_advanced_field_probe_v1_20260602\advanced_field_historical_coverage_probe.csv,28,probe_n=1; ok=1,fix_or_silverize_before_selector
advanced_zzshare_probe,uplimit_stocks,up_limit_desc,unknown,text_or_description,probe_only,csv_probe_not_pit_silver,join_or_audit_metadata,not_alpha_feature,false,key/text/metadata only,none,blocked,G:\Project_V7_Rotation\data\cn_public_enrichment\cn_zzshare_advanced_field_probe_v1_20260602\advanced_field_historical_coverage_probe.csv,28,probe_n=1; ok=1,fix_or_silverize_before_selector
advanced_zzshare_probe,uplimit_stocks,up_limit_keep_times,unknown,time_key_or_cutoff,probe_only,csv_probe_not_pit_silver,event_cutoff_key,not_alpha_feature,false,controls availability/cutoff; not standalone alpha,event_age|lagged_availability,blocked,G:\Project_V7_Rotation\data\cn_public_enrichment\cn_zzshare_advanced_field_probe_v1_20260602\advanced_field_historical_coverage_probe.csv,28,probe_n=1; ok=1,fix_or_silverize_before_selector
advanced_zzshare_probe,uplimit_stocks,up_limit_time,unknown,time_key_or_cutoff,probe_only,csv_probe_not_pit_silver,event_cutoff_key,not_alpha_feature,false,controls availability/cutoff; not standalone alpha,event_age|lagged_availability,blocked,G:\Project_V7_Rotation\data\cn_public_enrichment\cn_zzshare_advanced_field_probe_v1_20260602\advanced_field_historical_coverage_probe.csv,28,probe_n=1; ok=1,fix_or_silverize_before_selector
advanced_zzshare_probe,uplimit_stocks,up_limit_type,unknown,limit_event_sentiment,probe_only,csv_probe_not_pit_silver,probe_only_candidate_source,data_engineering_backlog,false_until_silver_pit_panel,"probe/sample only; requires historical silverization, timestamp contract, and PIT join before selector use",silverize_first|then_rank_delta_flow_strength_membership_density,blocked,G:\Project_V7_Rotation\data\cn_public_enrichment\cn_zzshare_advanced_field_probe_v1_20260602\advanced_field_historical_coverage_probe.csv,28,probe_n=1; ok=1,fix_or_silverize_before_selector
advanced_zzshare_probe,open_sentiment_data,lb_2_num,unknown,limit_event_sentiment,probe_only,csv_probe_not_pit_silver,probe_only_candidate_source,data_engineering_backlog,false_until_silver_pit_panel,"probe/sample only; requires historical silverization, timestamp contract, and PIT join before selector use",silverize_first|then_rank_delta_flow_strength_membership_density,blocked,G:\Project_V7_Rotation\data\cn_public_enrichment\cn_zzshare_advanced_field_probe_v1_20260602\advanced_field_historical_coverage_probe.csv,28,probe_n=484; ok=1,fix_or_silverize_before_selector
advanced_zzshare_probe,open_sentiment_data,gt5_num,unknown,price_state,probe_only,csv_probe_not_pit_silver,probe_only_candidate_source,data_engineering_backlog,false_until_silver_pit_panel,"probe/sample only; requires historical silverization, timestamp contract, and PIT join before selector use",silverize_first|then_rank_delta_flow_strength_membership_density,blocked,G:\Project_V7_Rotation\data\cn_public_enrichment\cn_zzshare_advanced_field_probe_v1_20260602\advanced_field_historical_coverage_probe.csv,28,probe_n=484; ok=1,fix_or_silverize_before_selector
advanced_zzshare_probe,open_sentiment_data,max_lb_num,unknown,limit_event_sentiment,probe_only,csv_probe_not_pit_silver,probe_only_candidate_source,data_engineering_backlog,false_until_silver_pit_panel,"probe/sample only; requires historical silverization, timestamp contract, and PIT join before selector use",silverize_first|then_rank_delta_flow_strength_membership_density,blocked,G:\Project_V7_Rotation\data\cn_public_enrichment\cn_zzshare_advanced_field_probe_v1_20260602\advanced_field_historical_coverage_probe.csv,28,probe_n=484; ok=1,fix_or_silverize_before_selector
advanced_zzshare_probe,open_sentiment_data,downlimit_num,unknown,limit_event_sentiment,probe_only,csv_probe_not_pit_silver,probe_only_candidate_source,data_engineering_backlog,false_until_silver_pit_panel,"probe/sample only; requires historical silverization, timestamp contract, and PIT join before selector use",silverize_first|then_rank_delta_flow_strength_membership_density,blocked,G:\Project_V7_Rotation\data\cn_public_enrichment\cn_zzshare_advanced_field_probe_v1_20260602\advanced_field_historical_coverage_probe.csv,28,probe_n=484; ok=1,fix_or_silverize_before_selector
advanced_zzshare_probe,open_sentiment_data,second_lb_num,unknown,limit_event_sentiment,probe_only,csv_probe_not_pit_silver,probe_only_candidate_source,data_engineering_backlog,false_until_silver_pit_panel,"probe/sample only; requires historical silverization, timestamp contract, and PIT join before selector use",silverize_first|then_rank_delta_flow_strength_membership_density,blocked,G:\Project_V7_Rotation\data\cn_public_enrichment\cn_zzshare_advanced_field_probe_v1_20260602\advanced_field_historical_coverage_probe.csv,28,probe_n=484; ok=1,fix_or_silverize_before_selector
advanced_zzshare_probe,open_sentiment_data,id,unknown,metadata,probe_only,csv_probe_not_pit_silver,join_or_audit_metadata,not_alpha_feature,false,key/text/metadata only,none,blocked,G:\Project_V7_Rotation\data\cn_public_enrichment\cn_zzshare_advanced_field_probe_v1_20260602\advanced_field_historical_coverage_probe.csv,28,probe_n=484; ok=1,fix_or_silverize_before_selector
advanced_zzshare_probe,open_sentiment_data,lb_3_num,unknown,limit_event_sentiment,probe_only,csv_probe_not_pit_silver,probe_only_candidate_source,data_engineering_backlog,false_until_silver_pit_panel,"probe/sample only; requires historical silverization, timestamp contract, and PIT join before selector use",silverize_first|then_rank_delta_flow_strength_membership_density,blocked,G:\Project_V7_Rotation\data\cn_public_enrichment\cn_zzshare_advanced_field_probe_v1_20260602\advanced_field_historical_coverage_probe.csv,28,probe_n=484; ok=1,fix_or_silverize_before_selector
advanced_zzshare_probe,open_sentiment_data,damian_num,unknown,limit_event_sentiment,probe_only,csv_probe_not_pit_silver,probe_only_candidate_source,data_engineering_backlog,false_until_silver_pit_panel,"probe/sample only; requires historical silverization, timestamp contract, and PIT join before selector use",silverize_first|then_rank_delta_flow_strength_membership_density,blocked,G:\Project_V7_Rotation\data\cn_public_enrichment\cn_zzshare_advanced_field_probe_v1_20260602\advanced_field_historical_coverage_probe.csv,28,probe_n=484; ok=1,fix_or_silverize_before_selector
advanced_zzshare_probe,open_sentiment_data,tiandi_num,unknown,limit_event_sentiment,probe_only,csv_probe_not_pit_silver,probe_only_candidate_source,data_engineering_backlog,false_until_silver_pit_panel,"probe/sample only; requires historical silverization, timestamp contract, and PIT join before selector use",silverize_first|then_rank_delta_flow_strength_membership_density,blocked,G:\Project_V7_Rotation\data\cn_public_enrichment\cn_zzshare_advanced_field_probe_v1_20260602\advanced_field_historical_coverage_probe.csv,28,probe_n=484; ok=1,fix_or_silverize_before_selector
advanced_zzshare_probe,open_sentiment_data,mian_num,unknown,limit_event_sentiment,probe_only,csv_probe_not_pit_silver,probe_only_candidate_source,data_engineering_backlog,false_until_silver_pit_panel,"probe/sample only; requires historical silverization, timestamp contract, and PIT join before selector use",silverize_first|then_rank_delta_flow_strength_membership_density,blocked,G:\Project_V7_Rotation\data\cn_public_enrichment\cn_zzshare_advanced_field_probe_v1_20260602\advanced_field_historical_coverage_probe.csv,28,probe_n=484; ok=1,fix_or_silverize_before_selector
advanced_zzshare_probe,open_sentiment_data,ditian_num,unknown,limit_event_sentiment,probe_only,csv_probe_not_pit_silver,probe_only_candidate_source,data_engineering_backlog,false_until_silver_pit_panel,"probe/sample only; requires historical silverization, timestamp contract, and PIT join before selector use",silverize_first|then_rank_delta_flow_strength_membership_density,blocked,G:\Project_V7_Rotation\data\cn_public_enrichment\cn_zzshare_advanced_field_probe_v1_20260602\advanced_field_historical_coverage_probe.csv,28,probe_n=484; ok=1,fix_or_silverize_before_selector
advanced_zzshare_probe,open_sentiment_data,fb_num,unknown,price_state,probe_only,csv_probe_not_pit_silver,probe_only_candidate_source,data_engineering_backlog,false_until_silver_pit_panel,"probe/sample only; requires historical silverization, timestamp contract, and PIT join before selector use",silverize_first|then_rank_delta_flow_strength_membership_density,blocked,G:\Project_V7_Rotation\data\cn_public_enrichment\cn_zzshare_advanced_field_probe_v1_20260602\advanced_field_historical_coverage_probe.csv,28,probe_n=484; ok=1,fix_or_silverize_before_selector
advanced_zzshare_probe,open_sentiment_data,bigleg_num,unknown,price_state,probe_only,csv_probe_not_pit_silver,probe_only_candidate_source,data_engineering_backlog,false_until_silver_pit_panel,"probe/sample only; requires historical silverization, timestamp contract, and PIT join before selector use",silverize_first|then_rank_delta_flow_strength_membership_density,blocked,G:\Project_V7_Rotation\data\cn_public_enrichment\cn_zzshare_advanced_field_probe_v1_20260602\advanced_field_historical_coverage_probe.csv,28,probe_n=484; ok=1,fix_or_silverize_before_selector
advanced_zzshare_probe,open_sentiment_data,max_lb_stocks,unknown,limit_event_sentiment,probe_only,csv_probe_not_pit_silver,probe_only_candidate_source,data_engineering_backlog,false_until_silver_pit_panel,"probe/sample only; requires historical silverization, timestamp contract, and PIT join before selector use",silverize_first|then_rank_delta_flow_strength_membership_density,blocked,G:\Project_V7_Rotation\data\cn_public_enrichment\cn_zzshare_advanced_field_probe_v1_20260602\advanced_field_historical_coverage_probe.csv,28,probe_n=484; ok=1,fix_or_silverize_before_selector
advanced_zzshare_probe,open_sentiment_data,date1,unknown,time_key_or_cutoff,probe_only,csv_probe_not_pit_silver,availability_key,not_alpha_feature,false,controls availability/cutoff; not standalone alpha,event_age|lagged_availability,blocked,G:\Project_V7_Rotation\data\cn_public_enrichment\cn_zzshare_advanced_field_probe_v1_20260602\advanced_field_historical_coverage_probe.csv,28,probe_n=484; ok=1,fix_or_silverize_before_selector
advanced_zzshare_probe,open_sentiment_data,uplimit_n_num,unknown,limit_event_sentiment,probe_only,csv_probe_not_pit_silver,probe_only_candidate_source,data_engineering_backlog,false_until_silver_pit_panel,"probe/sample only; requires historical silverization, timestamp contract, and PIT join before selector use",silverize_first|then_rank_delta_flow_strength_membership_density,blocked,G:\Project_V7_Rotation\data\cn_public_enrichment\cn_zzshare_advanced_field_probe_v1_20260602\advanced_field_historical_coverage_probe.csv,28,probe_n=484; ok=1,fix_or_silverize_before_selector
advanced_zzshare_probe,open_sentiment_data,lt5_num,unknown,price_state,probe_only,csv_probe_not_pit_silver,probe_only_candidate_source,data_engineering_backlog,false_until_silver_pit_panel,"probe/sample only; requires historical silverization, timestamp contract, and PIT join before selector use",silverize_first|then_rank_delta_flow_strength_membership_density,blocked,G:\Project_V7_Rotation\data\cn_public_enrichment\cn_zzshare_advanced_field_probe_v1_20260602\advanced_field_historical_coverage_probe.csv,28,probe_n=484; ok=1,fix_or_silverize_before_selector
advanced_zzshare_probe,open_sentiment_data,lb_h_num,unknown,limit_event_sentiment,probe_only,csv_probe_not_pit_silver,probe_only_candidate_source,data_engineering_backlog,false_until_silver_pit_panel,"probe/sample only; requires historical silverization, timestamp contract, and PIT join before selector use",silverize_first|then_rank_delta_flow_strength_membership_density,blocked,G:\Project_V7_Rotation\data\cn_public_enrichment\cn_zzshare_advanced_field_probe_v1_20260602\advanced_field_historical_coverage_probe.csv,28,probe_n=484; ok=1,fix_or_silverize_before_selector
advanced_zzshare_probe,open_sentiment_data,uplimit_num,unknown,limit_event_sentiment,probe_only,csv_probe_not_pit_silver,probe_only_candidate_source,data_engineering_backlog,false_until_silver_pit_panel,"probe/sample only; requires historical silverization, timestamp contract, and PIT join before selector use",silverize_first|then_rank_delta_flow_strength_membership_density,blocked,G:\Project_V7_Rotation\data\cn_public_enrichment\cn_zzshare_advanced_field_probe_v1_20260602\advanced_field_historical_coverage_probe.csv,28,probe_n=484; ok=1,fix_or_silverize_before_selector
advanced_zzshare_probe,open_sentiment_data,up_num,unknown,price_state,probe_only,csv_probe_not_pit_silver,probe_only_candidate_source,data_engineering_backlog,false_until_silver_pit_panel,"probe/sample only; requires historical silverization, timestamp contract, and PIT join before selector use",silverize_first|then_rank_delta_flow_strength_membership_density,blocked,G:\Project_V7_Rotation\data\cn_public_enrichment\cn_zzshare_advanced_field_probe_v1_20260602\advanced_field_historical_coverage_probe.csv,28,probe_n=484; ok=1,fix_or_silverize_before_selector
advanced_zzshare_probe,open_sentiment_data,zb_num,unknown,limit_event_sentiment,probe_only,csv_probe_not_pit_silver,probe_only_candidate_source,data_engineering_backlog,false_until_silver_pit_panel,"probe/sample only; requires historical silverization, timestamp contract, and PIT join before selector use",silverize_first|then_rank_delta_flow_strength_membership_density,blocked,G:\Project_V7_Rotation\data\cn_public_enrichment\cn_zzshare_advanced_field_probe_v1_20260602\advanced_field_historical_coverage_probe.csv,28,probe_n=484; ok=1,fix_or_silverize_before_selector
advanced_zzshare_probe,open_sentiment_data,down_num,unknown,price_state,probe_only,csv_probe_not_pit_silver,probe_only_candidate_source,data_engineering_backlog,false_until_silver_pit_panel,"probe/sample only; requires historical silverization, timestamp contract, and PIT join before selector use",silverize_first|then_rank_delta_flow_strength_membership_density,blocked,G:\Project_V7_Rotation\data\cn_public_enrichment\cn_zzshare_advanced_field_probe_v1_20260602\advanced_field_historical_coverage_probe.csv,28,probe_n=484; ok=1,fix_or_silverize_before_selector
advanced_zzshare_probe,ths_hot_top,circulation_value,unknown,event_heat_or_strength,probe_only,csv_probe_not_pit_silver,probe_only_candidate_source,data_engineering_backlog,false_until_silver_pit_panel,"probe/sample only; requires historical silverization, timestamp contract, and PIT join before selector use",silverize_first|then_rank_delta_flow_strength_membership_density,blocked,G:\Project_V7_Rotation\data\cn_public_enrichment\cn_zzshare_advanced_field_probe_v1_20260602\advanced_field_historical_coverage_probe.csv,28,probe_n=10; ok=1,fix_or_silverize_before_selector
advanced_zzshare_probe,ths_hot_top,collect_date,unknown,time_key_or_cutoff,probe_only,csv_probe_not_pit_silver,availability_key,not_alpha_feature,false,controls availability/cutoff; not standalone alpha,event_age|lagged_availability,blocked,G:\Project_V7_Rotation\data\cn_public_enrichment\cn_zzshare_advanced_field_probe_v1_20260602\advanced_field_historical_coverage_probe.csv,28,probe_n=10; ok=1,fix_or_silverize_before_selector
advanced_zzshare_probe,ths_hot_top,id,unknown,metadata,probe_only,csv_probe_not_pit_silver,join_or_audit_metadata,not_alpha_feature,false,key/text/metadata only,none,blocked,G:\Project_V7_Rotation\data\cn_public_enrichment\cn_zzshare_advanced_field_probe_v1_20260602\advanced_field_historical_coverage_probe.csv,28,probe_n=10; ok=1,fix_or_silverize_before_selector
advanced_zzshare_probe,ths_hot_top,last_pct,unknown,event_heat_or_strength,probe_only,csv_probe_not_pit_silver,probe_only_candidate_source,data_engineering_backlog,false_until_silver_pit_panel,"probe/sample only; requires historical silverization, timestamp contract, and PIT join before selector use",silverize_first|then_rank_delta_flow_strength_membership_density,blocked,G:\Project_V7_Rotation\data\cn_public_enrichment\cn_zzshare_advanced_field_probe_v1_20260602\advanced_field_historical_coverage_probe.csv,28,probe_n=10; ok=1,fix_or_silverize_before_selector
advanced_zzshare_probe,ths_hot_top,last_price,unknown,event_heat_or_strength,probe_only,csv_probe_not_pit_silver,probe_only_candidate_source,data_engineering_backlog,false_until_silver_pit_panel,"probe/sample only; requires historical silverization, timestamp contract, and PIT join before selector use",silverize_first|then_rank_delta_flow_strength_membership_density,blocked,G:\Project_V7_Rotation\data\cn_public_enrichment\cn_zzshare_advanced_field_probe_v1_20260602\advanced_field_historical_coverage_probe.csv,28,probe_n=10; ok=1,fix_or_silverize_before_selector
advanced_zzshare_probe,ths_hot_top,rank,unknown,event_heat_or_strength,probe_only,csv_probe_not_pit_silver,probe_only_candidate_source,data_engineering_backlog,false_until_silver_pit_panel,"probe/sample only; requires historical silverization, timestamp contract, and PIT join before selector use",silverize_first|then_rank_delta_flow_strength_membership_density,blocked,G:\Project_V7_Rotation\data\cn_public_enrichment\cn_zzshare_advanced_field_probe_v1_20260602\advanced_field_historical_coverage_probe.csv,28,probe_n=10; ok=1,fix_or_silverize_before_selector
advanced_zzshare_probe,ths_hot_top,rank_diff,unknown,event_heat_or_strength,probe_only,csv_probe_not_pit_silver,probe_only_candidate_source,data_engineering_backlog,false_until_silver_pit_panel,"probe/sample only; requires historical silverization, timestamp contract, and PIT join before selector use",silverize_first|then_rank_delta_flow_strength_membership_density,blocked,G:\Project_V7_Rotation\data\cn_public_enrichment\cn_zzshare_advanced_field_probe_v1_20260602\advanced_field_historical_coverage_probe.csv,28,probe_n=10; ok=1,fix_or_silverize_before_selector
advanced_zzshare_probe,ths_hot_top,symbol_code,unknown,event_heat_or_strength,probe_only,csv_probe_not_pit_silver,probe_only_candidate_source,data_engineering_backlog,false_until_silver_pit_panel,"probe/sample only; requires historical silverization, timestamp contract, and PIT join before selector use",silverize_first|then_rank_delta_flow_strength_membership_density,blocked,G:\Project_V7_Rotation\data\cn_public_enrichment\cn_zzshare_advanced_field_probe_v1_20260602\advanced_field_historical_coverage_probe.csv,28,probe_n=10; ok=1,fix_or_silverize_before_selector
advanced_zzshare_probe,ths_hot_top,symbol_name,unknown,text_or_description,probe_only,csv_probe_not_pit_silver,join_or_audit_metadata,not_alpha_feature,false,key/text/metadata only,none,blocked,G:\Project_V7_Rotation\data\cn_public_enrichment\cn_zzshare_advanced_field_probe_v1_20260602\advanced_field_historical_coverage_probe.csv,28,probe_n=10; ok=1,fix_or_silverize_before_selector
advanced_zzshare_probe,ths_hot_top,update_time,unknown,time_key_or_cutoff,probe_only,csv_probe_not_pit_silver,event_cutoff_key,not_alpha_feature,false,controls availability/cutoff; not standalone alpha,event_age|lagged_availability,blocked,G:\Project_V7_Rotation\data\cn_public_enrichment\cn_zzshare_advanced_field_probe_v1_20260602\advanced_field_historical_coverage_probe.csv,28,probe_n=10; ok=1,fix_or_silverize_before_selector
advanced_zzshare_probe,plates_rank_pt14,plate_type,unknown,event_heat_or_strength,probe_only,csv_probe_not_pit_silver,probe_only_candidate_source,data_engineering_backlog,false_until_silver_pit_panel,"probe/sample only; requires historical silverization, timestamp contract, and PIT join before selector use",silverize_first|then_rank_delta_flow_strength_membership_density,blocked,G:\Project_V7_Rotation\data\cn_public_enrichment\cn_zzshare_advanced_field_probe_v1_20260602\advanced_field_historical_coverage_probe.csv,28,probe_n=30; ok=1,fix_or_silverize_before_selector
advanced_zzshare_probe,plates_rank_pt14,plate_code,unknown,event_heat_or_strength,probe_only,csv_probe_not_pit_silver,probe_only_candidate_source,data_engineering_backlog,false_until_silver_pit_panel,"probe/sample only; requires historical silverization, timestamp contract, and PIT join before selector use",silverize_first|then_rank_delta_flow_strength_membership_density,blocked,G:\Project_V7_Rotation\data\cn_public_enrichment\cn_zzshare_advanced_field_probe_v1_20260602\advanced_field_historical_coverage_probe.csv,28,probe_n=30; ok=1,fix_or_silverize_before_selector
advanced_zzshare_probe,plates_rank_pt14,score,unknown,event_heat_or_strength,probe_only,csv_probe_not_pit_silver,probe_only_candidate_source,data_engineering_backlog,false_until_silver_pit_panel,"probe/sample only; requires historical silverization, timestamp contract, and PIT join before selector use",silverize_first|then_rank_delta_flow_strength_membership_density,blocked,G:\Project_V7_Rotation\data\cn_public_enrichment\cn_zzshare_advanced_field_probe_v1_20260602\advanced_field_historical_coverage_probe.csv,28,probe_n=30; ok=1,fix_or_silverize_before_selector
advanced_zzshare_probe,plates_rank_pt14,rate,unknown,event_heat_or_strength,probe_only,csv_probe_not_pit_silver,probe_only_candidate_source,data_engineering_backlog,false_until_silver_pit_panel,"probe/sample only; requires historical silverization, timestamp contract, and PIT join before selector use",silverize_first|then_rank_delta_flow_strength_membership_density,blocked,G:\Project_V7_Rotation\data\cn_public_enrichment\cn_zzshare_advanced_field_probe_v1_20260602\advanced_field_historical_coverage_probe.csv,28,probe_n=30; ok=1,fix_or_silverize_before_selector
advanced_zzshare_probe,plates_rank_pt14,money_leader,unknown,event_heat_or_strength,probe_only,csv_probe_not_pit_silver,probe_only_candidate_source,data_engineering_backlog,false_until_silver_pit_panel,"probe/sample only; requires historical silverization, timestamp contract, and PIT join before selector use",silverize_first|then_rank_delta_flow_strength_membership_density,blocked,G:\Project_V7_Rotation\data\cn_public_enrichment\cn_zzshare_advanced_field_probe_v1_20260602\advanced_field_historical_coverage_probe.csv,28,probe_n=30; ok=1,fix_or_silverize_before_selector
advanced_zzshare_probe,plates_rank_pt14,trade_money,unknown,event_heat_or_strength,probe_only,csv_probe_not_pit_silver,probe_only_candidate_source,data_engineering_backlog,false_until_silver_pit_panel,"probe/sample only; requires historical silverization, timestamp contract, and PIT join before selector use",silverize_first|then_rank_delta_flow_strength_membership_density,blocked,G:\Project_V7_Rotation\data\cn_public_enrichment\cn_zzshare_advanced_field_probe_v1_20260602\advanced_field_historical_coverage_probe.csv,28,probe_n=30; ok=1,fix_or_silverize_before_selector
advanced_zzshare_probe,plates_rank_pt14,money_leader_sell,unknown,event_heat_or_strength,probe_only,csv_probe_not_pit_silver,probe_only_candidate_source,data_engineering_backlog,false_until_silver_pit_panel,"probe/sample only; requires historical silverization, timestamp contract, and PIT join before selector use",silverize_first|then_rank_delta_flow_strength_membership_density,blocked,G:\Project_V7_Rotation\data\cn_public_enrichment\cn_zzshare_advanced_field_probe_v1_20260602\advanced_field_historical_coverage_probe.csv,28,probe_n=30; ok=1,fix_or_silverize_before_selector
advanced_zzshare_probe,plates_rank_pt14,market_cap_cir,unknown,event_heat_or_strength,probe_only,csv_probe_not_pit_silver,probe_only_candidate_source,data_engineering_backlog,false_until_silver_pit_panel,"probe/sample only; requires historical silverization, timestamp contract, and PIT join before selector use",silverize_first|then_rank_delta_flow_strength_membership_density,blocked,G:\Project_V7_Rotation\data\cn_public_enrichment\cn_zzshare_advanced_field_probe_v1_20260602\advanced_field_historical_coverage_probe.csv,28,probe_n=30; ok=1,fix_or_silverize_before_selector
advanced_zzshare_probe,plates_rank_pt14,plate_name,unknown,text_or_description,probe_only,csv_probe_not_pit_silver,join_or_audit_metadata,not_alpha_feature,false,key/text/metadata only,none,blocked,G:\Project_V7_Rotation\data\cn_public_enrichment\cn_zzshare_advanced_field_probe_v1_20260602\advanced_field_historical_coverage_probe.csv,28,probe_n=30; ok=1,fix_or_silverize_before_selector
advanced_zzshare_probe,plates_rank_pt14,id,unknown,metadata,probe_only,csv_probe_not_pit_silver,join_or_audit_metadata,not_alpha_feature,false,key/text/metadata only,none,blocked,G:\Project_V7_Rotation\data\cn_public_enrichment\cn_zzshare_advanced_field_probe_v1_20260602\advanced_field_historical_coverage_probe.csv,28,probe_n=30; ok=1,fix_or_silverize_before_selector
advanced_zzshare_probe,plates_rank_pt14,date1,unknown,time_key_or_cutoff,probe_only,csv_probe_not_pit_silver,availability_key,not_alpha_feature,false,controls availability/cutoff; not standalone alpha,event_age|lagged_availability,blocked,G:\Project_V7_Rotation\data\cn_public_enrichment\cn_zzshare_advanced_field_probe_v1_20260602\advanced_field_historical_coverage_probe.csv,28,probe_n=30; ok=1,fix_or_silverize_before_selector
advanced_zzshare_probe,plates_rank_pt14,speed,unknown,event_heat_or_strength,probe_only,csv_probe_not_pit_silver,probe_only_candidate_source,data_engineering_backlog,false_until_silver_pit_panel,"probe/sample only; requires historical silverization, timestamp contract, and PIT join before selector use",silverize_first|then_rank_delta_flow_strength_membership_density,blocked,G:\Project_V7_Rotation\data\cn_public_enrichment\cn_zzshare_advanced_field_probe_v1_20260602\advanced_field_historical_coverage_probe.csv,28,probe_n=30; ok=1,fix_or_silverize_before_selector
advanced_zzshare_probe,plates_rank_pt14,money_leader_buy,unknown,event_heat_or_strength,probe_only,csv_probe_not_pit_silver,probe_only_candidate_source,data_engineering_backlog,false_until_silver_pit_panel,"probe/sample only; requires historical silverization, timestamp contract, and PIT join before selector use",silverize_first|then_rank_delta_flow_strength_membership_density,blocked,G:\Project_V7_Rotation\data\cn_public_enrichment\cn_zzshare_advanced_field_probe_v1_20260602\advanced_field_historical_coverage_probe.csv,28,probe_n=30; ok=1,fix_or_silverize_before_selector
advanced_zzshare_probe,plates_rank_pt14,volume_ration,unknown,event_heat_or_strength,probe_only,csv_probe_not_pit_silver,probe_only_candidate_source,data_engineering_backlog,false_until_silver_pit_panel,"probe/sample only; requires historical silverization, timestamp contract, and PIT join before selector use",silverize_first|then_rank_delta_flow_strength_membership_density,blocked,G:\Project_V7_Rotation\data\cn_public_enrichment\cn_zzshare_advanced_field_probe_v1_20260602\advanced_field_historical_coverage_probe.csv,28,probe_n=30; ok=1,fix_or_silverize_before_selector
advanced_zzshare_probe,plates_rank_pt14,time,unknown,time_key_or_cutoff,probe_only,csv_probe_not_pit_silver,event_cutoff_key,not_alpha_feature,false,controls availability/cutoff; not standalone alpha,event_age|lagged_availability,blocked,G:\Project_V7_Rotation\data\cn_public_enrichment\cn_zzshare_advanced_field_probe_v1_20260602\advanced_field_historical_coverage_probe.csv,28,probe_n=30; ok=1,fix_or_silverize_before_selector
advanced_zzshare_probe,plates_rank_pt15,plate_code,unknown,event_heat_or_strength,probe_only,csv_probe_not_pit_silver,probe_only_candidate_source,data_engineering_backlog,false_until_silver_pit_panel,"probe/sample only; requires historical silverization, timestamp contract, and PIT join before selector use",silverize_first|then_rank_delta_flow_strength_membership_density,blocked,G:\Project_V7_Rotation\data\cn_public_enrichment\cn_zzshare_advanced_field_probe_v1_20260602\advanced_field_historical_coverage_probe.csv,28,probe_n=30; ok=1,fix_or_silverize_before_selector
advanced_zzshare_probe,plates_rank_pt15,plate_type,unknown,event_heat_or_strength,probe_only,csv_probe_not_pit_silver,probe_only_candidate_source,data_engineering_backlog,false_until_silver_pit_panel,"probe/sample only; requires historical silverization, timestamp contract, and PIT join before selector use",silverize_first|then_rank_delta_flow_strength_membership_density,blocked,G:\Project_V7_Rotation\data\cn_public_enrichment\cn_zzshare_advanced_field_probe_v1_20260602\advanced_field_historical_coverage_probe.csv,28,probe_n=30; ok=1,fix_or_silverize_before_selector
advanced_zzshare_probe,plates_rank_pt15,score,unknown,event_heat_or_strength,probe_only,csv_probe_not_pit_silver,probe_only_candidate_source,data_engineering_backlog,false_until_silver_pit_panel,"probe/sample only; requires historical silverization, timestamp contract, and PIT join before selector use",silverize_first|then_rank_delta_flow_strength_membership_density,blocked,G:\Project_V7_Rotation\data\cn_public_enrichment\cn_zzshare_advanced_field_probe_v1_20260602\advanced_field_historical_coverage_probe.csv,28,probe_n=30; ok=1,fix_or_silverize_before_selector
advanced_zzshare_probe,plates_rank_pt15,rate,unknown,event_heat_or_strength,probe_only,csv_probe_not_pit_silver,probe_only_candidate_source,data_engineering_backlog,false_until_silver_pit_panel,"probe/sample only; requires historical silverization, timestamp contract, and PIT join before selector use",silverize_first|then_rank_delta_flow_strength_membership_density,blocked,G:\Project_V7_Rotation\data\cn_public_enrichment\cn_zzshare_advanced_field_probe_v1_20260602\advanced_field_historical_coverage_probe.csv,28,probe_n=30; ok=1,fix_or_silverize_before_selector
advanced_zzshare_probe,plates_rank_pt15,money_leader,unknown,event_heat_or_strength,probe_only,csv_probe_not_pit_silver,probe_only_candidate_source,data_engineering_backlog,false_until_silver_pit_panel,"probe/sample only; requires historical silverization, timestamp contract, and PIT join before selector use",silverize_first|then_rank_delta_flow_strength_membership_density,blocked,G:\Project_V7_Rotation\data\cn_public_enrichment\cn_zzshare_advanced_field_probe_v1_20260602\advanced_field_historical_coverage_probe.csv,28,probe_n=30; ok=1,fix_or_silverize_before_selector
advanced_zzshare_probe,plates_rank_pt15,trade_money,unknown,event_heat_or_strength,probe_only,csv_probe_not_pit_silver,probe_only_candidate_source,data_engineering_backlog,false_until_silver_pit_panel,"probe/sample only; requires historical silverization, timestamp contract, and PIT join before selector use",silverize_first|then_rank_delta_flow_strength_membership_density,blocked,G:\Project_V7_Rotation\data\cn_public_enrichment\cn_zzshare_advanced_field_probe_v1_20260602\advanced_field_historical_coverage_probe.csv,28,probe_n=30; ok=1,fix_or_silverize_before_selector
advanced_zzshare_probe,plates_rank_pt15,money_leader_sell,unknown,event_heat_or_strength,probe_only,csv_probe_not_pit_silver,probe_only_candidate_source,data_engineering_backlog,false_until_silver_pit_panel,"probe/sample only; requires historical silverization, timestamp contract, and PIT join before selector use",silverize_first|then_rank_delta_flow_strength_membership_density,blocked,G:\Project_V7_Rotation\data\cn_public_enrichment\cn_zzshare_advanced_field_probe_v1_20260602\advanced_field_historical_coverage_probe.csv,28,probe_n=30; ok=1,fix_or_silverize_before_selector
advanced_zzshare_probe,plates_rank_pt15,market_cap_cir,unknown,event_heat_or_strength,probe_only,csv_probe_not_pit_silver,probe_only_candidate_source,data_engineering_backlog,false_until_silver_pit_panel,"probe/sample only; requires historical silverization, timestamp contract, and PIT join before selector use",silverize_first|then_rank_delta_flow_strength_membership_density,blocked,G:\Project_V7_Rotation\data\cn_public_enrichment\cn_zzshare_advanced_field_probe_v1_20260602\advanced_field_historical_coverage_probe.csv,28,probe_n=30; ok=1,fix_or_silverize_before_selector
advanced_zzshare_probe,plates_rank_pt15,plate_name,unknown,text_or_description,probe_only,csv_probe_not_pit_silver,join_or_audit_metadata,not_alpha_feature,false,key/text/metadata only,none,blocked,G:\Project_V7_Rotation\data\cn_public_enrichment\cn_zzshare_advanced_field_probe_v1_20260602\advanced_field_historical_coverage_probe.csv,28,probe_n=30; ok=1,fix_or_silverize_before_selector
advanced_zzshare_probe,plates_rank_pt15,id,unknown,metadata,probe_only,csv_probe_not_pit_silver,join_or_audit_metadata,not_alpha_feature,false,key/text/metadata only,none,blocked,G:\Project_V7_Rotation\data\cn_public_enrichment\cn_zzshare_advanced_field_probe_v1_20260602\advanced_field_historical_coverage_probe.csv,28,probe_n=30; ok=1,fix_or_silverize_before_selector
advanced_zzshare_probe,plates_rank_pt15,date1,unknown,time_key_or_cutoff,probe_only,csv_probe_not_pit_silver,availability_key,not_alpha_feature,false,controls availability/cutoff; not standalone alpha,event_age|lagged_availability,blocked,G:\Project_V7_Rotation\data\cn_public_enrichment\cn_zzshare_advanced_field_probe_v1_20260602\advanced_field_historical_coverage_probe.csv,28,probe_n=30; ok=1,fix_or_silverize_before_selector
advanced_zzshare_probe,plates_rank_pt15,speed,unknown,event_heat_or_strength,probe_only,csv_probe_not_pit_silver,probe_only_candidate_source,data_engineering_backlog,false_until_silver_pit_panel,"probe/sample only; requires historical silverization, timestamp contract, and PIT join before selector use",silverize_first|then_rank_delta_flow_strength_membership_density,blocked,G:\Project_V7_Rotation\data\cn_public_enrichment\cn_zzshare_advanced_field_probe_v1_20260602\advanced_field_historical_coverage_probe.csv,28,probe_n=30; ok=1,fix_or_silverize_before_selector
advanced_zzshare_probe,plates_rank_pt15,money_leader_buy,unknown,event_heat_or_strength,probe_only,csv_probe_not_pit_silver,probe_only_candidate_source,data_engineering_backlog,false_until_silver_pit_panel,"probe/sample only; requires historical silverization, timestamp contract, and PIT join before selector use",silverize_first|then_rank_delta_flow_strength_membership_density,blocked,G:\Project_V7_Rotation\data\cn_public_enrichment\cn_zzshare_advanced_field_probe_v1_20260602\advanced_field_historical_coverage_probe.csv,28,probe_n=30; ok=1,fix_or_silverize_before_selector
advanced_zzshare_probe,plates_rank_pt15,volume_ration,unknown,event_heat_or_strength,probe_only,csv_probe_not_pit_silver,probe_only_candidate_source,data_engineering_backlog,false_until_silver_pit_panel,"probe/sample only; requires historical silverization, timestamp contract, and PIT join before selector use",silverize_first|then_rank_delta_flow_strength_membership_density,blocked,G:\Project_V7_Rotation\data\cn_public_enrichment\cn_zzshare_advanced_field_probe_v1_20260602\advanced_field_historical_coverage_probe.csv,28,probe_n=30; ok=1,fix_or_silverize_before_selector
advanced_zzshare_probe,plates_rank_pt15,time,unknown,time_key_or_cutoff,probe_only,csv_probe_not_pit_silver,event_cutoff_key,not_alpha_feature,false,controls availability/cutoff; not standalone alpha,event_age|lagged_availability,blocked,G:\Project_V7_Rotation\data\cn_public_enrichment\cn_zzshare_advanced_field_probe_v1_20260602\advanced_field_historical_coverage_probe.csv,28,probe_n=30; ok=1,fix_or_silverize_before_selector
advanced_zzshare_probe,plates_rank_pt17,plate_type,unknown,event_heat_or_strength,probe_only,csv_probe_not_pit_silver,probe_only_candidate_source,data_engineering_backlog,false_until_silver_pit_panel,"probe/sample only; requires historical silverization, timestamp contract, and PIT join before selector use",silverize_first|then_rank_delta_flow_strength_membership_density,blocked,G:\Project_V7_Rotation\data\cn_public_enrichment\cn_zzshare_advanced_field_probe_v1_20260602\advanced_field_historical_coverage_probe.csv,28,probe_n=30; ok=1,fix_or_silverize_before_selector
advanced_zzshare_probe,plates_rank_pt17,plate_code,unknown,event_heat_or_strength,probe_only,csv_probe_not_pit_silver,probe_only_candidate_source,data_engineering_backlog,false_until_silver_pit_panel,"probe/sample only; requires historical silverization, timestamp contract, and PIT join before selector use",silverize_first|then_rank_delta_flow_strength_membership_density,blocked,G:\Project_V7_Rotation\data\cn_public_enrichment\cn_zzshare_advanced_field_probe_v1_20260602\advanced_field_historical_coverage_probe.csv,28,probe_n=30; ok=1,fix_or_silverize_before_selector
advanced_zzshare_probe,plates_rank_pt17,score,unknown,event_heat_or_strength,probe_only,csv_probe_not_pit_silver,probe_only_candidate_source,data_engineering_backlog,false_until_silver_pit_panel,"probe/sample only; requires historical silverization, timestamp contract, and PIT join before selector use",silverize_first|then_rank_delta_flow_strength_membership_density,blocked,G:\Project_V7_Rotation\data\cn_public_enrichment\cn_zzshare_advanced_field_probe_v1_20260602\advanced_field_historical_coverage_probe.csv,28,probe_n=30; ok=1,fix_or_silverize_before_selector
advanced_zzshare_probe,plates_rank_pt17,rate,unknown,event_heat_or_strength,probe_only,csv_probe_not_pit_silver,probe_only_candidate_source,data_engineering_backlog,false_until_silver_pit_panel,"probe/sample only; requires historical silverization, timestamp contract, and PIT join before selector use",silverize_first|then_rank_delta_flow_strength_membership_density,blocked,G:\Project_V7_Rotation\data\cn_public_enrichment\cn_zzshare_advanced_field_probe_v1_20260602\advanced_field_historical_coverage_probe.csv,28,probe_n=30; ok=1,fix_or_silverize_before_selector
advanced_zzshare_probe,plates_rank_pt17,money_leader,unknown,event_heat_or_strength,probe_only,csv_probe_not_pit_silver,probe_only_candidate_source,data_engineering_backlog,false_until_silver_pit_panel,"probe/sample only; requires historical silverization, timestamp contract, and PIT join before selector use",silverize_first|then_rank_delta_flow_strength_membership_density,blocked,G:\Project_V7_Rotation\data\cn_public_enrichment\cn_zzshare_advanced_field_probe_v1_20260602\advanced_field_historical_coverage_probe.csv,28,probe_n=30; ok=1,fix_or_silverize_before_selector
advanced_zzshare_probe,plates_rank_pt17,trade_money,unknown,event_heat_or_strength,probe_only,csv_probe_not_pit_silver,probe_only_candidate_source,data_engineering_backlog,false_until_silver_pit_panel,"probe/sample only; requires historical silverization, timestamp contract, and PIT join before selector use",silverize_first|then_rank_delta_flow_strength_membership_density,blocked,G:\Project_V7_Rotation\data\cn_public_enrichment\cn_zzshare_advanced_field_probe_v1_20260602\advanced_field_historical_coverage_probe.csv,28,probe_n=30; ok=1,fix_or_silverize_before_selector
advanced_zzshare_probe,plates_rank_pt17,money_leader_sell,unknown,event_heat_or_strength,probe_only,csv_probe_not_pit_silver,probe_only_candidate_source,data_engineering_backlog,false_until_silver_pit_panel,"probe/sample only; requires historical silverization, timestamp contract, and PIT join before selector use",silverize_first|then_rank_delta_flow_strength_membership_density,blocked,G:\Project_V7_Rotation\data\cn_public_enrichment\cn_zzshare_advanced_field_probe_v1_20260602\advanced_field_historical_coverage_probe.csv,28,probe_n=30; ok=1,fix_or_silverize_before_selector
advanced_zzshare_probe,plates_rank_pt17,market_cap_cir,unknown,event_heat_or_strength,probe_only,csv_probe_not_pit_silver,probe_only_candidate_source,data_engineering_backlog,false_until_silver_pit_panel,"probe/sample only; requires historical silverization, timestamp contract, and PIT join before selector use",silverize_first|then_rank_delta_flow_strength_membership_density,blocked,G:\Project_V7_Rotation\data\cn_public_enrichment\cn_zzshare_advanced_field_probe_v1_20260602\advanced_field_historical_coverage_probe.csv,28,probe_n=30; ok=1,fix_or_silverize_before_selector
advanced_zzshare_probe,plates_rank_pt17,plate_name,unknown,text_or_description,probe_only,csv_probe_not_pit_silver,join_or_audit_metadata,not_alpha_feature,false,key/text/metadata only,none,blocked,G:\Project_V7_Rotation\data\cn_public_enrichment\cn_zzshare_advanced_field_probe_v1_20260602\advanced_field_historical_coverage_probe.csv,28,probe_n=30; ok=1,fix_or_silverize_before_selector
advanced_zzshare_probe,plates_rank_pt17,id,unknown,metadata,probe_only,csv_probe_not_pit_silver,join_or_audit_metadata,not_alpha_feature,false,key/text/metadata only,none,blocked,G:\Project_V7_Rotation\data\cn_public_enrichment\cn_zzshare_advanced_field_probe_v1_20260602\advanced_field_historical_coverage_probe.csv,28,probe_n=30; ok=1,fix_or_silverize_before_selector
advanced_zzshare_probe,plates_rank_pt17,date1,unknown,time_key_or_cutoff,probe_only,csv_probe_not_pit_silver,availability_key,not_alpha_feature,false,controls availability/cutoff; not standalone alpha,event_age|lagged_availability,blocked,G:\Project_V7_Rotation\data\cn_public_enrichment\cn_zzshare_advanced_field_probe_v1_20260602\advanced_field_historical_coverage_probe.csv,28,probe_n=30; ok=1,fix_or_silverize_before_selector
advanced_zzshare_probe,plates_rank_pt17,speed,unknown,event_heat_or_strength,probe_only,csv_probe_not_pit_silver,probe_only_candidate_source,data_engineering_backlog,false_until_silver_pit_panel,"probe/sample only; requires historical silverization, timestamp contract, and PIT join before selector use",silverize_first|then_rank_delta_flow_strength_membership_density,blocked,G:\Project_V7_Rotation\data\cn_public_enrichment\cn_zzshare_advanced_field_probe_v1_20260602\advanced_field_historical_coverage_probe.csv,28,probe_n=30; ok=1,fix_or_silverize_before_selector
advanced_zzshare_probe,plates_rank_pt17,money_leader_buy,unknown,event_heat_or_strength,probe_only,csv_probe_not_pit_silver,probe_only_candidate_source,data_engineering_backlog,false_until_silver_pit_panel,"probe/sample only; requires historical silverization, timestamp contract, and PIT join before selector use",silverize_first|then_rank_delta_flow_strength_membership_density,blocked,G:\Project_V7_Rotation\data\cn_public_enrichment\cn_zzshare_advanced_field_probe_v1_20260602\advanced_field_historical_coverage_probe.csv,28,probe_n=30; ok=1,fix_or_silverize_before_selector
advanced_zzshare_probe,plates_rank_pt17,volume_ration,unknown,event_heat_or_strength,probe_only,csv_probe_not_pit_silver,probe_only_candidate_source,data_engineering_backlog,false_until_silver_pit_panel,"probe/sample only; requires historical silverization, timestamp contract, and PIT join before selector use",silverize_first|then_rank_delta_flow_strength_membership_density,blocked,G:\Project_V7_Rotation\data\cn_public_enrichment\cn_zzshare_advanced_field_probe_v1_20260602\advanced_field_historical_coverage_probe.csv,28,probe_n=30; ok=1,fix_or_silverize_before_selector
advanced_zzshare_probe,plates_rank_pt17,time,unknown,time_key_or_cutoff,probe_only,csv_probe_not_pit_silver,event_cutoff_key,not_alpha_feature,false,controls availability/cutoff; not standalone alpha,event_age|lagged_availability,blocked,G:\Project_V7_Rotation\data\cn_public_enrichment\cn_zzshare_advanced_field_probe_v1_20260602\advanced_field_historical_coverage_probe.csv,28,probe_n=30; ok=1,fix_or_silverize_before_selector
advanced_zzshare_probe,plates_rank_days_new_pt14_net,plate_code,unknown,event_heat_or_strength,probe_only,csv_probe_not_pit_silver,probe_only_candidate_source,data_engineering_backlog,false_until_silver_pit_panel,"probe/sample only; requires historical silverization, timestamp contract, and PIT join before selector use",silverize_first|then_rank_delta_flow_strength_membership_density,blocked,G:\Project_V7_Rotation\data\cn_public_enrichment\cn_zzshare_advanced_field_probe_v1_20260602\advanced_field_historical_coverage_probe.csv,28,probe_n=30; ok=1,fix_or_silverize_before_selector
advanced_zzshare_probe,plates_rank_days_new_pt14_net,plate_name,unknown,text_or_description,probe_only,csv_probe_not_pit_silver,join_or_audit_metadata,not_alpha_feature,false,key/text/metadata only,none,blocked,G:\Project_V7_Rotation\data\cn_public_enrichment\cn_zzshare_advanced_field_probe_v1_20260602\advanced_field_historical_coverage_probe.csv,28,probe_n=30; ok=1,fix_or_silverize_before_selector
advanced_zzshare_probe,plates_rank_days_new_pt14_net,sum_rate,unknown,event_heat_or_strength,probe_only,csv_probe_not_pit_silver,probe_only_candidate_source,data_engineering_backlog,false_until_silver_pit_panel,"probe/sample only; requires historical silverization, timestamp contract, and PIT join before selector use",silverize_first|then_rank_delta_flow_strength_membership_density,blocked,G:\Project_V7_Rotation\data\cn_public_enrichment\cn_zzshare_advanced_field_probe_v1_20260602\advanced_field_historical_coverage_probe.csv,28,probe_n=30; ok=1,fix_or_silverize_before_selector
advanced_zzshare_probe,plates_rank_days_new_pt14_net,sum_leader_money,unknown,event_heat_or_strength,probe_only,csv_probe_not_pit_silver,probe_only_candidate_source,data_engineering_backlog,false_until_silver_pit_panel,"probe/sample only; requires historical silverization, timestamp contract, and PIT join before selector use",silverize_first|then_rank_delta_flow_strength_membership_density,blocked,G:\Project_V7_Rotation\data\cn_public_enrichment\cn_zzshare_advanced_field_probe_v1_20260602\advanced_field_historical_coverage_probe.csv,28,probe_n=30; ok=1,fix_or_silverize_before_selector
advanced_zzshare_probe,plates_rank_days_new_pt14_net,sum_score,unknown,event_heat_or_strength,probe_only,csv_probe_not_pit_silver,probe_only_candidate_source,data_engineering_backlog,false_until_silver_pit_panel,"probe/sample only; requires historical silverization, timestamp contract, and PIT join before selector use",silverize_first|then_rank_delta_flow_strength_membership_density,blocked,G:\Project_V7_Rotation\data\cn_public_enrichment\cn_zzshare_advanced_field_probe_v1_20260602\advanced_field_historical_coverage_probe.csv,28,probe_n=30; ok=1,fix_or_silverize_before_selector
advanced_zzshare_probe,plates_rank_days_new_pt14_net,days,unknown,event_heat_or_strength,probe_only,csv_probe_not_pit_silver,probe_only_candidate_source,data_engineering_backlog,false_until_silver_pit_panel,"probe/sample only; requires historical silverization, timestamp contract, and PIT join before selector use",silverize_first|then_rank_delta_flow_strength_membership_density,blocked,G:\Project_V7_Rotation\data\cn_public_enrichment\cn_zzshare_advanced_field_probe_v1_20260602\advanced_field_historical_coverage_probe.csv,28,probe_n=30; ok=1,fix_or_silverize_before_selector
advanced_zzshare_probe,plates_rank_days_new_pt14_net,is_new,unknown,event_heat_or_strength,probe_only,csv_probe_not_pit_silver,probe_only_candidate_source,data_engineering_backlog,false_until_silver_pit_panel,"probe/sample only; requires historical silverization, timestamp contract, and PIT join before selector use",silverize_first|then_rank_delta_flow_strength_membership_density,blocked,G:\Project_V7_Rotation\data\cn_public_enrichment\cn_zzshare_advanced_field_probe_v1_20260602\advanced_field_historical_coverage_probe.csv,28,probe_n=30; ok=1,fix_or_silverize_before_selector
advanced_zzshare_probe,uplimit_stocks,amount,unknown,limit_event_sentiment,probe_only,csv_probe_not_pit_silver,probe_only_candidate_source,data_engineering_backlog,false_until_silver_pit_panel,"probe/sample only; requires historical silverization, timestamp contract, and PIT join before selector use",silverize_first|then_rank_delta_flow_strength_membership_density,blocked,G:\Project_V7_Rotation\data\cn_public_enrichment\cn_zzshare_advanced_field_probe_v1_20260602\advanced_field_historical_coverage_probe.csv,28,probe_n=10; ok=1,fix_or_silverize_before_selector
advanced_zzshare_probe,uplimit_stocks,auction_buy,unknown,limit_event_sentiment,probe_only,csv_probe_not_pit_silver,probe_only_candidate_source,data_engineering_backlog,false_until_silver_pit_panel,"probe/sample only; requires historical silverization, timestamp contract, and PIT join before selector use",silverize_first|then_rank_delta_flow_strength_membership_density,blocked,G:\Project_V7_Rotation\data\cn_public_enrichment\cn_zzshare_advanced_field_probe_v1_20260602\advanced_field_historical_coverage_probe.csv,28,probe_n=10; ok=1,fix_or_silverize_before_selector
advanced_zzshare_probe,uplimit_stocks,auction_money,unknown,limit_event_sentiment,probe_only,csv_probe_not_pit_silver,probe_only_candidate_source,data_engineering_backlog,false_until_silver_pit_panel,"probe/sample only; requires historical silverization, timestamp contract, and PIT join before selector use",silverize_first|then_rank_delta_flow_strength_membership_density,blocked,G:\Project_V7_Rotation\data\cn_public_enrichment\cn_zzshare_advanced_field_probe_v1_20260602\advanced_field_historical_coverage_probe.csv,28,probe_n=10; ok=1,fix_or_silverize_before_selector
advanced_zzshare_probe,uplimit_stocks,auction_offer,unknown,limit_event_sentiment,probe_only,csv_probe_not_pit_silver,probe_only_candidate_source,data_engineering_backlog,false_until_silver_pit_panel,"probe/sample only; requires historical silverization, timestamp contract, and PIT join before selector use",silverize_first|then_rank_delta_flow_strength_membership_density,blocked,G:\Project_V7_Rotation\data\cn_public_enrichment\cn_zzshare_advanced_field_probe_v1_20260602\advanced_field_historical_coverage_probe.csv,28,probe_n=10; ok=1,fix_or_silverize_before_selector
advanced_zzshare_probe,uplimit_stocks,auction_pre1max_ratio,unknown,limit_event_sentiment,probe_only,csv_probe_not_pit_silver,probe_only_candidate_source,data_engineering_backlog,false_until_silver_pit_panel,"probe/sample only; requires historical silverization, timestamp contract, and PIT join before selector use",silverize_first|then_rank_delta_flow_strength_membership_density,blocked,G:\Project_V7_Rotation\data\cn_public_enrichment\cn_zzshare_advanced_field_probe_v1_20260602\advanced_field_historical_coverage_probe.csv,28,probe_n=10; ok=1,fix_or_silverize_before_selector
advanced_zzshare_probe,uplimit_stocks,auction_turnover,unknown,limit_event_sentiment,probe_only,csv_probe_not_pit_silver,probe_only_candidate_source,data_engineering_backlog,false_until_silver_pit_panel,"probe/sample only; requires historical silverization, timestamp contract, and PIT join before selector use",silverize_first|then_rank_delta_flow_strength_membership_density,blocked,G:\Project_V7_Rotation\data\cn_public_enrichment\cn_zzshare_advanced_field_probe_v1_20260602\advanced_field_historical_coverage_probe.csv,28,probe_n=10; ok=1,fix_or_silverize_before_selector
advanced_zzshare_probe,uplimit_stocks,checked,unknown,metadata,probe_only,csv_probe_not_pit_silver,join_or_audit_metadata,not_alpha_feature,false,key/text/metadata only,none,blocked,G:\Project_V7_Rotation\data\cn_public_enrichment\cn_zzshare_advanced_field_probe_v1_20260602\advanced_field_historical_coverage_probe.csv,28,probe_n=10; ok=1,fix_or_silverize_before_selector
advanced_zzshare_probe,uplimit_stocks,date1,unknown,time_key_or_cutoff,probe_only,csv_probe_not_pit_silver,availability_key,not_alpha_feature,false,controls availability/cutoff; not standalone alpha,event_age|lagged_availability,blocked,G:\Project_V7_Rotation\data\cn_public_enrichment\cn_zzshare_advanced_field_probe_v1_20260602\advanced_field_historical_coverage_probe.csv,28,probe_n=10; ok=1,fix_or_silverize_before_selector
advanced_zzshare_probe,uplimit_stocks,fd_close,unknown,limit_event_sentiment,probe_only,csv_probe_not_pit_silver,probe_only_candidate_source,data_engineering_backlog,false_until_silver_pit_panel,"probe/sample only; requires historical silverization, timestamp contract, and PIT join before selector use",silverize_first|then_rank_delta_flow_strength_membership_density,blocked,G:\Project_V7_Rotation\data\cn_public_enrichment\cn_zzshare_advanced_field_probe_v1_20260602\advanced_field_historical_coverage_probe.csv,28,probe_n=10; ok=1,fix_or_silverize_before_selector
advanced_zzshare_probe,uplimit_stocks,fd_max,unknown,limit_event_sentiment,probe_only,csv_probe_not_pit_silver,probe_only_candidate_source,data_engineering_backlog,false_until_silver_pit_panel,"probe/sample only; requires historical silverization, timestamp contract, and PIT join before selector use",silverize_first|then_rank_delta_flow_strength_membership_density,blocked,G:\Project_V7_Rotation\data\cn_public_enrichment\cn_zzshare_advanced_field_probe_v1_20260602\advanced_field_historical_coverage_probe.csv,28,probe_n=10; ok=1,fix_or_silverize_before_selector
advanced_zzshare_probe,uplimit_stocks,id,unknown,metadata,probe_only,csv_probe_not_pit_silver,join_or_audit_metadata,not_alpha_feature,false,key/text/metadata only,none,blocked,G:\Project_V7_Rotation\data\cn_public_enrichment\cn_zzshare_advanced_field_probe_v1_20260602\advanced_field_historical_coverage_probe.csv,28,probe_n=10; ok=1,fix_or_silverize_before_selector
advanced_zzshare_probe,uplimit_stocks,market_c,unknown,limit_event_sentiment,probe_only,csv_probe_not_pit_silver,probe_only_candidate_source,data_engineering_backlog,false_until_silver_pit_panel,"probe/sample only; requires historical silverization, timestamp contract, and PIT join before selector use",silverize_first|then_rank_delta_flow_strength_membership_density,blocked,G:\Project_V7_Rotation\data\cn_public_enrichment\cn_zzshare_advanced_field_probe_v1_20260602\advanced_field_historical_coverage_probe.csv,28,probe_n=10; ok=1,fix_or_silverize_before_selector
advanced_zzshare_probe,uplimit_stocks,market_c_c,unknown,limit_event_sentiment,probe_only,csv_probe_not_pit_silver,probe_only_candidate_source,data_engineering_backlog,false_until_silver_pit_panel,"probe/sample only; requires historical silverization, timestamp contract, and PIT join before selector use",silverize_first|then_rank_delta_flow_strength_membership_density,blocked,G:\Project_V7_Rotation\data\cn_public_enrichment\cn_zzshare_advanced_field_probe_v1_20260602\advanced_field_historical_coverage_probe.csv,28,probe_n=10; ok=1,fix_or_silverize_before_selector
advanced_zzshare_probe,uplimit_stocks,next_close_pct,unknown,future_label,probe_only,csv_probe_not_pit_silver,blocked_future_label,blocked,false,future outcome field; never use pre-replay,none,blocked,G:\Project_V7_Rotation\data\cn_public_enrichment\cn_zzshare_advanced_field_probe_v1_20260602\advanced_field_historical_coverage_probe.csv,28,probe_n=10; ok=1,fix_or_silverize_before_selector
advanced_zzshare_probe,uplimit_stocks,next_day,unknown,future_label,probe_only,csv_probe_not_pit_silver,blocked_future_label,blocked,false,future outcome field; never use pre-replay,none,blocked,G:\Project_V7_Rotation\data\cn_public_enrichment\cn_zzshare_advanced_field_probe_v1_20260602\advanced_field_historical_coverage_probe.csv,28,probe_n=10; ok=1,fix_or_silverize_before_selector
advanced_zzshare_probe,uplimit_stocks,next_gt9_offer_v,unknown,future_label,probe_only,csv_probe_not_pit_silver,blocked_future_label,blocked,false,future outcome field; never use pre-replay,none,blocked,G:\Project_V7_Rotation\data\cn_public_enrichment\cn_zzshare_advanced_field_probe_v1_20260602\advanced_field_historical_coverage_probe.csv,28,probe_n=10; ok=1,fix_or_silverize_before_selector
advanced_zzshare_probe,uplimit_stocks,next_gt9_time,unknown,future_label,probe_only,csv_probe_not_pit_silver,blocked_future_label,blocked,false,future outcome field; never use pre-replay,none,blocked,G:\Project_V7_Rotation\data\cn_public_enrichment\cn_zzshare_advanced_field_probe_v1_20260602\advanced_field_historical_coverage_probe.csv,28,probe_n=10; ok=1,fix_or_silverize_before_selector
advanced_zzshare_probe,uplimit_stocks,next_gt9_turnover,unknown,future_label,probe_only,csv_probe_not_pit_silver,blocked_future_label,blocked,false,future outcome field; never use pre-replay,none,blocked,G:\Project_V7_Rotation\data\cn_public_enrichment\cn_zzshare_advanced_field_probe_v1_20260602\advanced_field_historical_coverage_probe.csv,28,probe_n=10; ok=1,fix_or_silverize_before_selector
advanced_zzshare_probe,uplimit_stocks,next_open_pct,unknown,future_label,probe_only,csv_probe_not_pit_silver,blocked_future_label,blocked,false,future outcome field; never use pre-replay,none,blocked,G:\Project_V7_Rotation\data\cn_public_enrichment\cn_zzshare_advanced_field_probe_v1_20260602\advanced_field_historical_coverage_probe.csv,28,probe_n=10; ok=1,fix_or_silverize_before_selector
advanced_zzshare_probe,uplimit_stocks,next_open_yi,unknown,future_label,probe_only,csv_probe_not_pit_silver,blocked_future_label,blocked,false,future outcome field; never use pre-replay,none,blocked,G:\Project_V7_Rotation\data\cn_public_enrichment\cn_zzshare_advanced_field_probe_v1_20260602\advanced_field_historical_coverage_probe.csv,28,probe_n=10; ok=1,fix_or_silverize_before_selector
advanced_zzshare_probe,uplimit_stocks,plate_code,unknown,limit_event_sentiment,probe_only,csv_probe_not_pit_silver,probe_only_candidate_source,data_engineering_backlog,false_until_silver_pit_panel,"probe/sample only; requires historical silverization, timestamp contract, and PIT join before selector use",silverize_first|then_rank_delta_flow_strength_membership_density,blocked,G:\Project_V7_Rotation\data\cn_public_enrichment\cn_zzshare_advanced_field_probe_v1_20260602\advanced_field_historical_coverage_probe.csv,28,probe_n=10; ok=1,fix_or_silverize_before_selector
advanced_zzshare_probe,uplimit_stocks,stock_code,unknown,instrument_key,probe_only,csv_probe_not_pit_silver,join_or_audit_metadata,not_alpha_feature,false,key/text/metadata only,none,blocked,G:\Project_V7_Rotation\data\cn_public_enrichment\cn_zzshare_advanced_field_probe_v1_20260602\advanced_field_historical_coverage_probe.csv,28,probe_n=10; ok=1,fix_or_silverize_before_selector
advanced_zzshare_probe,uplimit_stocks,stock_name,unknown,text_or_description,probe_only,csv_probe_not_pit_silver,join_or_audit_metadata,not_alpha_feature,false,key/text/metadata only,none,blocked,G:\Project_V7_Rotation\data\cn_public_enrichment\cn_zzshare_advanced_field_probe_v1_20260602\advanced_field_historical_coverage_probe.csv,28,probe_n=10; ok=1,fix_or_silverize_before_selector
advanced_zzshare_probe,uplimit_stocks,up_limit_desc,unknown,text_or_description,probe_only,csv_probe_not_pit_silver,join_or_audit_metadata,not_alpha_feature,false,key/text/metadata only,none,blocked,G:\Project_V7_Rotation\data\cn_public_enrichment\cn_zzshare_advanced_field_probe_v1_20260602\advanced_field_historical_coverage_probe.csv,28,probe_n=10; ok=1,fix_or_silverize_before_selector
advanced_zzshare_probe,uplimit_stocks,up_limit_keep_times,unknown,time_key_or_cutoff,probe_only,csv_probe_not_pit_silver,event_cutoff_key,not_alpha_feature,false,controls availability/cutoff; not standalone alpha,event_age|lagged_availability,blocked,G:\Project_V7_Rotation\data\cn_public_enrichment\cn_zzshare_advanced_field_probe_v1_20260602\advanced_field_historical_coverage_probe.csv,28,probe_n=10; ok=1,fix_or_silverize_before_selector
advanced_zzshare_probe,uplimit_stocks,up_limit_time,unknown,time_key_or_cutoff,probe_only,csv_probe_not_pit_silver,event_cutoff_key,not_alpha_feature,false,controls availability/cutoff; not standalone alpha,event_age|lagged_availability,blocked,G:\Project_V7_Rotation\data\cn_public_enrichment\cn_zzshare_advanced_field_probe_v1_20260602\advanced_field_historical_coverage_probe.csv,28,probe_n=10; ok=1,fix_or_silverize_before_selector
advanced_zzshare_probe,uplimit_stocks,up_limit_type,unknown,limit_event_sentiment,probe_only,csv_probe_not_pit_silver,probe_only_candidate_source,data_engineering_backlog,false_until_silver_pit_panel,"probe/sample only; requires historical silverization, timestamp contract, and PIT join before selector use",silverize_first|then_rank_delta_flow_strength_membership_density,blocked,G:\Project_V7_Rotation\data\cn_public_enrichment\cn_zzshare_advanced_field_probe_v1_20260602\advanced_field_historical_coverage_probe.csv,28,probe_n=10; ok=1,fix_or_silverize_before_selector
advanced_zzshare_probe,open_sentiment_data,lb_2_num,unknown,limit_event_sentiment,probe_only,csv_probe_not_pit_silver,probe_only_candidate_source,data_engineering_backlog,false_until_silver_pit_panel,"probe/sample only; requires historical silverization, timestamp contract, and PIT join before selector use",silverize_first|then_rank_delta_flow_strength_membership_density,blocked,G:\Project_V7_Rotation\data\cn_public_enrichment\cn_zzshare_advanced_field_probe_v1_20260602\advanced_field_historical_coverage_probe.csv,28,probe_n=340; ok=1,fix_or_silverize_before_selector
advanced_zzshare_probe,open_sentiment_data,gt5_num,unknown,price_state,probe_only,csv_probe_not_pit_silver,probe_only_candidate_source,data_engineering_backlog,false_until_silver_pit_panel,"probe/sample only; requires historical silverization, timestamp contract, and PIT join before selector use",silverize_first|then_rank_delta_flow_strength_membership_density,blocked,G:\Project_V7_Rotation\data\cn_public_enrichment\cn_zzshare_advanced_field_probe_v1_20260602\advanced_field_historical_coverage_probe.csv,28,probe_n=340; ok=1,fix_or_silverize_before_selector
advanced_zzshare_probe,open_sentiment_data,max_lb_num,unknown,limit_event_sentiment,probe_only,csv_probe_not_pit_silver,probe_only_candidate_source,data_engineering_backlog,false_until_silver_pit_panel,"probe/sample only; requires historical silverization, timestamp contract, and PIT join before selector use",silverize_first|then_rank_delta_flow_strength_membership_density,blocked,G:\Project_V7_Rotation\data\cn_public_enrichment\cn_zzshare_advanced_field_probe_v1_20260602\advanced_field_historical_coverage_probe.csv,28,probe_n=340; ok=1,fix_or_silverize_before_selector
advanced_zzshare_probe,open_sentiment_data,downlimit_num,unknown,limit_event_sentiment,probe_only,csv_probe_not_pit_silver,probe_only_candidate_source,data_engineering_backlog,false_until_silver_pit_panel,"probe/sample only; requires historical silverization, timestamp contract, and PIT join before selector use",silverize_first|then_rank_delta_flow_strength_membership_density,blocked,G:\Project_V7_Rotation\data\cn_public_enrichment\cn_zzshare_advanced_field_probe_v1_20260602\advanced_field_historical_coverage_probe.csv,28,probe_n=340; ok=1,fix_or_silverize_before_selector
advanced_zzshare_probe,open_sentiment_data,second_lb_num,unknown,limit_event_sentiment,probe_only,csv_probe_not_pit_silver,probe_only_candidate_source,data_engineering_backlog,false_until_silver_pit_panel,"probe/sample only; requires historical silverization, timestamp contract, and PIT join before selector use",silverize_first|then_rank_delta_flow_strength_membership_density,blocked,G:\Project_V7_Rotation\data\cn_public_enrichment\cn_zzshare_advanced_field_probe_v1_20260602\advanced_field_historical_coverage_probe.csv,28,probe_n=340; ok=1,fix_or_silverize_before_selector
advanced_zzshare_probe,open_sentiment_data,lb_3_num,unknown,limit_event_sentiment,probe_only,csv_probe_not_pit_silver,probe_only_candidate_source,data_engineering_backlog,false_until_silver_pit_panel,"probe/sample only; requires historical silverization, timestamp contract, and PIT join before selector use",silverize_first|then_rank_delta_flow_strength_membership_density,blocked,G:\Project_V7_Rotation\data\cn_public_enrichment\cn_zzshare_advanced_field_probe_v1_20260602\advanced_field_historical_coverage_probe.csv,28,probe_n=340; ok=1,fix_or_silverize_before_selector
advanced_zzshare_probe,open_sentiment_data,id,unknown,metadata,probe_only,csv_probe_not_pit_silver,join_or_audit_metadata,not_alpha_feature,false,key/text/metadata only,none,blocked,G:\Project_V7_Rotation\data\cn_public_enrichment\cn_zzshare_advanced_field_probe_v1_20260602\advanced_field_historical_coverage_probe.csv,28,probe_n=340; ok=1,fix_or_silverize_before_selector
advanced_zzshare_probe,open_sentiment_data,damian_num,unknown,limit_event_sentiment,probe_only,csv_probe_not_pit_silver,probe_only_candidate_source,data_engineering_backlog,false_until_silver_pit_panel,"probe/sample only; requires historical silverization, timestamp contract, and PIT join before selector use",silverize_first|then_rank_delta_flow_strength_membership_density,blocked,G:\Project_V7_Rotation\data\cn_public_enrichment\cn_zzshare_advanced_field_probe_v1_20260602\advanced_field_historical_coverage_probe.csv,28,probe_n=340; ok=1,fix_or_silverize_before_selector
advanced_zzshare_probe,open_sentiment_data,tiandi_num,unknown,limit_event_sentiment,probe_only,csv_probe_not_pit_silver,probe_only_candidate_source,data_engineering_backlog,false_until_silver_pit_panel,"probe/sample only; requires historical silverization, timestamp contract, and PIT join before selector use",silverize_first|then_rank_delta_flow_strength_membership_density,blocked,G:\Project_V7_Rotation\data\cn_public_enrichment\cn_zzshare_advanced_field_probe_v1_20260602\advanced_field_historical_coverage_probe.csv,28,probe_n=340; ok=1,fix_or_silverize_before_selector
advanced_zzshare_probe,open_sentiment_data,mian_num,unknown,limit_event_sentiment,probe_only,csv_probe_not_pit_silver,probe_only_candidate_source,data_engineering_backlog,false_until_silver_pit_panel,"probe/sample only; requires historical silverization, timestamp contract, and PIT join before selector use",silverize_first|then_rank_delta_flow_strength_membership_density,blocked,G:\Project_V7_Rotation\data\cn_public_enrichment\cn_zzshare_advanced_field_probe_v1_20260602\advanced_field_historical_coverage_probe.csv,28,probe_n=340; ok=1,fix_or_silverize_before_selector
advanced_zzshare_probe,open_sentiment_data,ditian_num,unknown,limit_event_sentiment,probe_only,csv_probe_not_pit_silver,probe_only_candidate_source,data_engineering_backlog,false_until_silver_pit_panel,"probe/sample only; requires historical silverization, timestamp contract, and PIT join before selector use",silverize_first|then_rank_delta_flow_strength_membership_density,blocked,G:\Project_V7_Rotation\data\cn_public_enrichment\cn_zzshare_advanced_field_probe_v1_20260602\advanced_field_historical_coverage_probe.csv,28,probe_n=340; ok=1,fix_or_silverize_before_selector
advanced_zzshare_probe,open_sentiment_data,fb_num,unknown,price_state,probe_only,csv_probe_not_pit_silver,probe_only_candidate_source,data_engineering_backlog,false_until_silver_pit_panel,"probe/sample only; requires historical silverization, timestamp contract, and PIT join before selector use",silverize_first|then_rank_delta_flow_strength_membership_density,blocked,G:\Project_V7_Rotation\data\cn_public_enrichment\cn_zzshare_advanced_field_probe_v1_20260602\advanced_field_historical_coverage_probe.csv,28,probe_n=340; ok=1,fix_or_silverize_before_selector
advanced_zzshare_probe,open_sentiment_data,bigleg_num,unknown,price_state,probe_only,csv_probe_not_pit_silver,probe_only_candidate_source,data_engineering_backlog,false_until_silver_pit_panel,"probe/sample only; requires historical silverization, timestamp contract, and PIT join before selector use",silverize_first|then_rank_delta_flow_strength_membership_density,blocked,G:\Project_V7_Rotation\data\cn_public_enrichment\cn_zzshare_advanced_field_probe_v1_20260602\advanced_field_historical_coverage_probe.csv,28,probe_n=340; ok=1,fix_or_silverize_before_selector
advanced_zzshare_probe,open_sentiment_data,max_lb_stocks,unknown,limit_event_sentiment,probe_only,csv_probe_not_pit_silver,probe_only_candidate_source,data_engineering_backlog,false_until_silver_pit_panel,"probe/sample only; requires historical silverization, timestamp contract, and PIT join before selector use",silverize_first|then_rank_delta_flow_strength_membership_density,blocked,G:\Project_V7_Rotation\data\cn_public_enrichment\cn_zzshare_advanced_field_probe_v1_20260602\advanced_field_historical_coverage_probe.csv,28,probe_n=340; ok=1,fix_or_silverize_before_selector
advanced_zzshare_probe,open_sentiment_data,date1,unknown,time_key_or_cutoff,probe_only,csv_probe_not_pit_silver,availability_key,not_alpha_feature,false,controls availability/cutoff; not standalone alpha,event_age|lagged_availability,blocked,G:\Project_V7_Rotation\data\cn_public_enrichment\cn_zzshare_advanced_field_probe_v1_20260602\advanced_field_historical_coverage_probe.csv,28,probe_n=340; ok=1,fix_or_silverize_before_selector
advanced_zzshare_probe,open_sentiment_data,uplimit_n_num,unknown,limit_event_sentiment,probe_only,csv_probe_not_pit_silver,probe_only_candidate_source,data_engineering_backlog,false_until_silver_pit_panel,"probe/sample only; requires historical silverization, timestamp contract, and PIT join before selector use",silverize_first|then_rank_delta_flow_strength_membership_density,blocked,G:\Project_V7_Rotation\data\cn_public_enrichment\cn_zzshare_advanced_field_probe_v1_20260602\advanced_field_historical_coverage_probe.csv,28,probe_n=340; ok=1,fix_or_silverize_before_selector
advanced_zzshare_probe,open_sentiment_data,lt5_num,unknown,price_state,probe_only,csv_probe_not_pit_silver,probe_only_candidate_source,data_engineering_backlog,false_until_silver_pit_panel,"probe/sample only; requires historical silverization, timestamp contract, and PIT join before selector use",silverize_first|then_rank_delta_flow_strength_membership_density,blocked,G:\Project_V7_Rotation\data\cn_public_enrichment\cn_zzshare_advanced_field_probe_v1_20260602\advanced_field_historical_coverage_probe.csv,28,probe_n=340; ok=1,fix_or_silverize_before_selector
advanced_zzshare_probe,open_sentiment_data,lb_h_num,unknown,limit_event_sentiment,probe_only,csv_probe_not_pit_silver,probe_only_candidate_source,data_engineering_backlog,false_until_silver_pit_panel,"probe/sample only; requires historical silverization, timestamp contract, and PIT join before selector use",silverize_first|then_rank_delta_flow_strength_membership_density,blocked,G:\Project_V7_Rotation\data\cn_public_enrichment\cn_zzshare_advanced_field_probe_v1_20260602\advanced_field_historical_coverage_probe.csv,28,probe_n=340; ok=1,fix_or_silverize_before_selector
advanced_zzshare_probe,open_sentiment_data,uplimit_num,unknown,limit_event_sentiment,probe_only,csv_probe_not_pit_silver,probe_only_candidate_source,data_engineering_backlog,false_until_silver_pit_panel,"probe/sample only; requires historical silverization, timestamp contract, and PIT join before selector use",silverize_first|then_rank_delta_flow_strength_membership_density,blocked,G:\Project_V7_Rotation\data\cn_public_enrichment\cn_zzshare_advanced_field_probe_v1_20260602\advanced_field_historical_coverage_probe.csv,28,probe_n=340; ok=1,fix_or_silverize_before_selector
advanced_zzshare_probe,open_sentiment_data,up_num,unknown,price_state,probe_only,csv_probe_not_pit_silver,probe_only_candidate_source,data_engineering_backlog,false_until_silver_pit_panel,"probe/sample only; requires historical silverization, timestamp contract, and PIT join before selector use",silverize_first|then_rank_delta_flow_strength_membership_density,blocked,G:\Project_V7_Rotation\data\cn_public_enrichment\cn_zzshare_advanced_field_probe_v1_20260602\advanced_field_historical_coverage_probe.csv,28,probe_n=340; ok=1,fix_or_silverize_before_selector
advanced_zzshare_probe,open_sentiment_data,zb_num,unknown,limit_event_sentiment,probe_only,csv_probe_not_pit_silver,probe_only_candidate_source,data_engineering_backlog,false_until_silver_pit_panel,"probe/sample only; requires historical silverization, timestamp contract, and PIT join before selector use",silverize_first|then_rank_delta_flow_strength_membership_density,blocked,G:\Project_V7_Rotation\data\cn_public_enrichment\cn_zzshare_advanced_field_probe_v1_20260602\advanced_field_historical_coverage_probe.csv,28,probe_n=340; ok=1,fix_or_silverize_before_selector
advanced_zzshare_probe,open_sentiment_data,down_num,unknown,price_state,probe_only,csv_probe_not_pit_silver,probe_only_candidate_source,data_engineering_backlog,false_until_silver_pit_panel,"probe/sample only; requires historical silverization, timestamp contract, and PIT join before selector use",silverize_first|then_rank_delta_flow_strength_membership_density,blocked,G:\Project_V7_Rotation\data\cn_public_enrichment\cn_zzshare_advanced_field_probe_v1_20260602\advanced_field_historical_coverage_probe.csv,28,probe_n=340; ok=1,fix_or_silverize_before_selector
advanced_zzshare_probe,ths_hot_top,circulation_value,unknown,event_heat_or_strength,probe_only,csv_probe_not_pit_silver,probe_only_candidate_source,data_engineering_backlog,false_until_silver_pit_panel,"probe/sample only; requires historical silverization, timestamp contract, and PIT join before selector use",silverize_first|then_rank_delta_flow_strength_membership_density,blocked,G:\Project_V7_Rotation\data\cn_public_enrichment\cn_zzshare_advanced_field_probe_v1_20260602\advanced_field_historical_coverage_probe.csv,28,probe_n=10; ok=1,fix_or_silverize_before_selector
advanced_zzshare_probe,ths_hot_top,collect_date,unknown,time_key_or_cutoff,probe_only,csv_probe_not_pit_silver,availability_key,not_alpha_feature,false,controls availability/cutoff; not standalone alpha,event_age|lagged_availability,blocked,G:\Project_V7_Rotation\data\cn_public_enrichment\cn_zzshare_advanced_field_probe_v1_20260602\advanced_field_historical_coverage_probe.csv,28,probe_n=10; ok=1,fix_or_silverize_before_selector
advanced_zzshare_probe,ths_hot_top,id,unknown,metadata,probe_only,csv_probe_not_pit_silver,join_or_audit_metadata,not_alpha_feature,false,key/text/metadata only,none,blocked,G:\Project_V7_Rotation\data\cn_public_enrichment\cn_zzshare_advanced_field_probe_v1_20260602\advanced_field_historical_coverage_probe.csv,28,probe_n=10; ok=1,fix_or_silverize_before_selector
advanced_zzshare_probe,ths_hot_top,last_pct,unknown,event_heat_or_strength,probe_only,csv_probe_not_pit_silver,probe_only_candidate_source,data_engineering_backlog,false_until_silver_pit_panel,"probe/sample only; requires historical silverization, timestamp contract, and PIT join before selector use",silverize_first|then_rank_delta_flow_strength_membership_density,blocked,G:\Project_V7_Rotation\data\cn_public_enrichment\cn_zzshare_advanced_field_probe_v1_20260602\advanced_field_historical_coverage_probe.csv,28,probe_n=10; ok=1,fix_or_silverize_before_selector
advanced_zzshare_probe,ths_hot_top,last_price,unknown,event_heat_or_strength,probe_only,csv_probe_not_pit_silver,probe_only_candidate_source,data_engineering_backlog,false_until_silver_pit_panel,"probe/sample only; requires historical silverization, timestamp contract, and PIT join before selector use",silverize_first|then_rank_delta_flow_strength_membership_density,blocked,G:\Project_V7_Rotation\data\cn_public_enrichment\cn_zzshare_advanced_field_probe_v1_20260602\advanced_field_historical_coverage_probe.csv,28,probe_n=10; ok=1,fix_or_silverize_before_selector
advanced_zzshare_probe,ths_hot_top,rank,unknown,event_heat_or_strength,probe_only,csv_probe_not_pit_silver,probe_only_candidate_source,data_engineering_backlog,false_until_silver_pit_panel,"probe/sample only; requires historical silverization, timestamp contract, and PIT join before selector use",silverize_first|then_rank_delta_flow_strength_membership_density,blocked,G:\Project_V7_Rotation\data\cn_public_enrichment\cn_zzshare_advanced_field_probe_v1_20260602\advanced_field_historical_coverage_probe.csv,28,probe_n=10; ok=1,fix_or_silverize_before_selector
advanced_zzshare_probe,ths_hot_top,rank_diff,unknown,event_heat_or_strength,probe_only,csv_probe_not_pit_silver,probe_only_candidate_source,data_engineering_backlog,false_until_silver_pit_panel,"probe/sample only; requires historical silverization, timestamp contract, and PIT join before selector use",silverize_first|then_rank_delta_flow_strength_membership_density,blocked,G:\Project_V7_Rotation\data\cn_public_enrichment\cn_zzshare_advanced_field_probe_v1_20260602\advanced_field_historical_coverage_probe.csv,28,probe_n=10; ok=1,fix_or_silverize_before_selector
advanced_zzshare_probe,ths_hot_top,symbol_code,unknown,event_heat_or_strength,probe_only,csv_probe_not_pit_silver,probe_only_candidate_source,data_engineering_backlog,false_until_silver_pit_panel,"probe/sample only; requires historical silverization, timestamp contract, and PIT join before selector use",silverize_first|then_rank_delta_flow_strength_membership_density,blocked,G:\Project_V7_Rotation\data\cn_public_enrichment\cn_zzshare_advanced_field_probe_v1_20260602\advanced_field_historical_coverage_probe.csv,28,probe_n=10; ok=1,fix_or_silverize_before_selector
advanced_zzshare_probe,ths_hot_top,symbol_name,unknown,text_or_description,probe_only,csv_probe_not_pit_silver,join_or_audit_metadata,not_alpha_feature,false,key/text/metadata only,none,blocked,G:\Project_V7_Rotation\data\cn_public_enrichment\cn_zzshare_advanced_field_probe_v1_20260602\advanced_field_historical_coverage_probe.csv,28,probe_n=10; ok=1,fix_or_silverize_before_selector
advanced_zzshare_probe,ths_hot_top,update_time,unknown,time_key_or_cutoff,probe_only,csv_probe_not_pit_silver,event_cutoff_key,not_alpha_feature,false,controls availability/cutoff; not standalone alpha,event_age|lagged_availability,blocked,G:\Project_V7_Rotation\data\cn_public_enrichment\cn_zzshare_advanced_field_probe_v1_20260602\advanced_field_historical_coverage_probe.csv,28,probe_n=10; ok=1,fix_or_silverize_before_selector
advanced_zzshare_probe,plates_rank_pt14,plate_type,unknown,event_heat_or_strength,probe_only,csv_probe_not_pit_silver,probe_only_candidate_source,data_engineering_backlog,false_until_silver_pit_panel,"probe/sample only; requires historical silverization, timestamp contract, and PIT join before selector use",silverize_first|then_rank_delta_flow_strength_membership_density,blocked,G:\Project_V7_Rotation\data\cn_public_enrichment\cn_zzshare_advanced_field_probe_v1_20260602\advanced_field_historical_coverage_probe.csv,28,probe_n=30; ok=1,fix_or_silverize_before_selector
advanced_zzshare_probe,plates_rank_pt14,plate_code,unknown,event_heat_or_strength,probe_only,csv_probe_not_pit_silver,probe_only_candidate_source,data_engineering_backlog,false_until_silver_pit_panel,"probe/sample only; requires historical silverization, timestamp contract, and PIT join before selector use",silverize_first|then_rank_delta_flow_strength_membership_density,blocked,G:\Project_V7_Rotation\data\cn_public_enrichment\cn_zzshare_advanced_field_probe_v1_20260602\advanced_field_historical_coverage_probe.csv,28,probe_n=30; ok=1,fix_or_silverize_before_selector
advanced_zzshare_probe,plates_rank_pt14,score,unknown,event_heat_or_strength,probe_only,csv_probe_not_pit_silver,probe_only_candidate_source,data_engineering_backlog,false_until_silver_pit_panel,"probe/sample only; requires historical silverization, timestamp contract, and PIT join before selector use",silverize_first|then_rank_delta_flow_strength_membership_density,blocked,G:\Project_V7_Rotation\data\cn_public_enrichment\cn_zzshare_advanced_field_probe_v1_20260602\advanced_field_historical_coverage_probe.csv,28,probe_n=30; ok=1,fix_or_silverize_before_selector
advanced_zzshare_probe,plates_rank_pt14,rate,unknown,event_heat_or_strength,probe_only,csv_probe_not_pit_silver,probe_only_candidate_source,data_engineering_backlog,false_until_silver_pit_panel,"probe/sample only; requires historical silverization, timestamp contract, and PIT join before selector use",silverize_first|then_rank_delta_flow_strength_membership_density,blocked,G:\Project_V7_Rotation\data\cn_public_enrichment\cn_zzshare_advanced_field_probe_v1_20260602\advanced_field_historical_coverage_probe.csv,28,probe_n=30; ok=1,fix_or_silverize_before_selector
advanced_zzshare_probe,plates_rank_pt14,money_leader,unknown,event_heat_or_strength,probe_only,csv_probe_not_pit_silver,probe_only_candidate_source,data_engineering_backlog,false_until_silver_pit_panel,"probe/sample only; requires historical silverization, timestamp contract, and PIT join before selector use",silverize_first|then_rank_delta_flow_strength_membership_density,blocked,G:\Project_V7_Rotation\data\cn_public_enrichment\cn_zzshare_advanced_field_probe_v1_20260602\advanced_field_historical_coverage_probe.csv,28,probe_n=30; ok=1,fix_or_silverize_before_selector
advanced_zzshare_probe,plates_rank_pt14,trade_money,unknown,event_heat_or_strength,probe_only,csv_probe_not_pit_silver,probe_only_candidate_source,data_engineering_backlog,false_until_silver_pit_panel,"probe/sample only; requires historical silverization, timestamp contract, and PIT join before selector use",silverize_first|then_rank_delta_flow_strength_membership_density,blocked,G:\Project_V7_Rotation\data\cn_public_enrichment\cn_zzshare_advanced_field_probe_v1_20260602\advanced_field_historical_coverage_probe.csv,28,probe_n=30; ok=1,fix_or_silverize_before_selector
advanced_zzshare_probe,plates_rank_pt14,money_leader_sell,unknown,event_heat_or_strength,probe_only,csv_probe_not_pit_silver,probe_only_candidate_source,data_engineering_backlog,false_until_silver_pit_panel,"probe/sample only; requires historical silverization, timestamp contract, and PIT join before selector use",silverize_first|then_rank_delta_flow_strength_membership_density,blocked,G:\Project_V7_Rotation\data\cn_public_enrichment\cn_zzshare_advanced_field_probe_v1_20260602\advanced_field_historical_coverage_probe.csv,28,probe_n=30; ok=1,fix_or_silverize_before_selector
advanced_zzshare_probe,plates_rank_pt14,market_cap_cir,unknown,event_heat_or_strength,probe_only,csv_probe_not_pit_silver,probe_only_candidate_source,data_engineering_backlog,false_until_silver_pit_panel,"probe/sample only; requires historical silverization, timestamp contract, and PIT join before selector use",silverize_first|then_rank_delta_flow_strength_membership_density,blocked,G:\Project_V7_Rotation\data\cn_public_enrichment\cn_zzshare_advanced_field_probe_v1_20260602\advanced_field_historical_coverage_probe.csv,28,probe_n=30; ok=1,fix_or_silverize_before_selector
advanced_zzshare_probe,plates_rank_pt14,plate_name,unknown,text_or_description,probe_only,csv_probe_not_pit_silver,join_or_audit_metadata,not_alpha_feature,false,key/text/metadata only,none,blocked,G:\Project_V7_Rotation\data\cn_public_enrichment\cn_zzshare_advanced_field_probe_v1_20260602\advanced_field_historical_coverage_probe.csv,28,probe_n=30; ok=1,fix_or_silverize_before_selector
advanced_zzshare_probe,plates_rank_pt14,id,unknown,metadata,probe_only,csv_probe_not_pit_silver,join_or_audit_metadata,not_alpha_feature,false,key/text/metadata only,none,blocked,G:\Project_V7_Rotation\data\cn_public_enrichment\cn_zzshare_advanced_field_probe_v1_20260602\advanced_field_historical_coverage_probe.csv,28,probe_n=30; ok=1,fix_or_silverize_before_selector
advanced_zzshare_probe,plates_rank_pt14,date1,unknown,time_key_or_cutoff,probe_only,csv_probe_not_pit_silver,availability_key,not_alpha_feature,false,controls availability/cutoff; not standalone alpha,event_age|lagged_availability,blocked,G:\Project_V7_Rotation\data\cn_public_enrichment\cn_zzshare_advanced_field_probe_v1_20260602\advanced_field_historical_coverage_probe.csv,28,probe_n=30; ok=1,fix_or_silverize_before_selector
advanced_zzshare_probe,plates_rank_pt14,speed,unknown,event_heat_or_strength,probe_only,csv_probe_not_pit_silver,probe_only_candidate_source,data_engineering_backlog,false_until_silver_pit_panel,"probe/sample only; requires historical silverization, timestamp contract, and PIT join before selector use",silverize_first|then_rank_delta_flow_strength_membership_density,blocked,G:\Project_V7_Rotation\data\cn_public_enrichment\cn_zzshare_advanced_field_probe_v1_20260602\advanced_field_historical_coverage_probe.csv,28,probe_n=30; ok=1,fix_or_silverize_before_selector
advanced_zzshare_probe,plates_rank_pt14,money_leader_buy,unknown,event_heat_or_strength,probe_only,csv_probe_not_pit_silver,probe_only_candidate_source,data_engineering_backlog,false_until_silver_pit_panel,"probe/sample only; requires historical silverization, timestamp contract, and PIT join before selector use",silverize_first|then_rank_delta_flow_strength_membership_density,blocked,G:\Project_V7_Rotation\data\cn_public_enrichment\cn_zzshare_advanced_field_probe_v1_20260602\advanced_field_historical_coverage_probe.csv,28,probe_n=30; ok=1,fix_or_silverize_before_selector
advanced_zzshare_probe,plates_rank_pt14,volume_ration,unknown,event_heat_or_strength,probe_only,csv_probe_not_pit_silver,probe_only_candidate_source,data_engineering_backlog,false_until_silver_pit_panel,"probe/sample only; requires historical silverization, timestamp contract, and PIT join before selector use",silverize_first|then_rank_delta_flow_strength_membership_density,blocked,G:\Project_V7_Rotation\data\cn_public_enrichment\cn_zzshare_advanced_field_probe_v1_20260602\advanced_field_historical_coverage_probe.csv,28,probe_n=30; ok=1,fix_or_silverize_before_selector
advanced_zzshare_probe,plates_rank_pt14,time,unknown,time_key_or_cutoff,probe_only,csv_probe_not_pit_silver,event_cutoff_key,not_alpha_feature,false,controls availability/cutoff; not standalone alpha,event_age|lagged_availability,blocked,G:\Project_V7_Rotation\data\cn_public_enrichment\cn_zzshare_advanced_field_probe_v1_20260602\advanced_field_historical_coverage_probe.csv,28,probe_n=30; ok=1,fix_or_silverize_before_selector
advanced_zzshare_probe,plates_rank_pt15,plate_code,unknown,event_heat_or_strength,probe_only,csv_probe_not_pit_silver,probe_only_candidate_source,data_engineering_backlog,false_until_silver_pit_panel,"probe/sample only; requires historical silverization, timestamp contract, and PIT join before selector use",silverize_first|then_rank_delta_flow_strength_membership_density,blocked,G:\Project_V7_Rotation\data\cn_public_enrichment\cn_zzshare_advanced_field_probe_v1_20260602\advanced_field_historical_coverage_probe.csv,28,probe_n=30; ok=1,fix_or_silverize_before_selector
advanced_zzshare_probe,plates_rank_pt15,plate_type,unknown,event_heat_or_strength,probe_only,csv_probe_not_pit_silver,probe_only_candidate_source,data_engineering_backlog,false_until_silver_pit_panel,"probe/sample only; requires historical silverization, timestamp contract, and PIT join before selector use",silverize_first|then_rank_delta_flow_strength_membership_density,blocked,G:\Project_V7_Rotation\data\cn_public_enrichment\cn_zzshare_advanced_field_probe_v1_20260602\advanced_field_historical_coverage_probe.csv,28,probe_n=30; ok=1,fix_or_silverize_before_selector
advanced_zzshare_probe,plates_rank_pt15,score,unknown,event_heat_or_strength,probe_only,csv_probe_not_pit_silver,probe_only_candidate_source,data_engineering_backlog,false_until_silver_pit_panel,"probe/sample only; requires historical silverization, timestamp contract, and PIT join before selector use",silverize_first|then_rank_delta_flow_strength_membership_density,blocked,G:\Project_V7_Rotation\data\cn_public_enrichment\cn_zzshare_advanced_field_probe_v1_20260602\advanced_field_historical_coverage_probe.csv,28,probe_n=30; ok=1,fix_or_silverize_before_selector
advanced_zzshare_probe,plates_rank_pt15,rate,unknown,event_heat_or_strength,probe_only,csv_probe_not_pit_silver,probe_only_candidate_source,data_engineering_backlog,false_until_silver_pit_panel,"probe/sample only; requires historical silverization, timestamp contract, and PIT join before selector use",silverize_first|then_rank_delta_flow_strength_membership_density,blocked,G:\Project_V7_Rotation\data\cn_public_enrichment\cn_zzshare_advanced_field_probe_v1_20260602\advanced_field_historical_coverage_probe.csv,28,probe_n=30; ok=1,fix_or_silverize_before_selector
advanced_zzshare_probe,plates_rank_pt15,money_leader,unknown,event_heat_or_strength,probe_only,csv_probe_not_pit_silver,probe_only_candidate_source,data_engineering_backlog,false_until_silver_pit_panel,"probe/sample only; requires historical silverization, timestamp contract, and PIT join before selector use",silverize_first|then_rank_delta_flow_strength_membership_density,blocked,G:\Project_V7_Rotation\data\cn_public_enrichment\cn_zzshare_advanced_field_probe_v1_20260602\advanced_field_historical_coverage_probe.csv,28,probe_n=30; ok=1,fix_or_silverize_before_selector
advanced_zzshare_probe,plates_rank_pt15,trade_money,unknown,event_heat_or_strength,probe_only,csv_probe_not_pit_silver,probe_only_candidate_source,data_engineering_backlog,false_until_silver_pit_panel,"probe/sample only; requires historical silverization, timestamp contract, and PIT join before selector use",silverize_first|then_rank_delta_flow_strength_membership_density,blocked,G:\Project_V7_Rotation\data\cn_public_enrichment\cn_zzshare_advanced_field_probe_v1_20260602\advanced_field_historical_coverage_probe.csv,28,probe_n=30; ok=1,fix_or_silverize_before_selector
advanced_zzshare_probe,plates_rank_pt15,money_leader_sell,unknown,event_heat_or_strength,probe_only,csv_probe_not_pit_silver,probe_only_candidate_source,data_engineering_backlog,false_until_silver_pit_panel,"probe/sample only; requires historical silverization, timestamp contract, and PIT join before selector use",silverize_first|then_rank_delta_flow_strength_membership_density,blocked,G:\Project_V7_Rotation\data\cn_public_enrichment\cn_zzshare_advanced_field_probe_v1_20260602\advanced_field_historical_coverage_probe.csv,28,probe_n=30; ok=1,fix_or_silverize_before_selector
advanced_zzshare_probe,plates_rank_pt15,market_cap_cir,unknown,event_heat_or_strength,probe_only,csv_probe_not_pit_silver,probe_only_candidate_source,data_engineering_backlog,false_until_silver_pit_panel,"probe/sample only; requires historical silverization, timestamp contract, and PIT join before selector use",silverize_first|then_rank_delta_flow_strength_membership_density,blocked,G:\Project_V7_Rotation\data\cn_public_enrichment\cn_zzshare_advanced_field_probe_v1_20260602\advanced_field_historical_coverage_probe.csv,28,probe_n=30; ok=1,fix_or_silverize_before_selector
advanced_zzshare_probe,plates_rank_pt15,plate_name,unknown,text_or_description,probe_only,csv_probe_not_pit_silver,join_or_audit_metadata,not_alpha_feature,false,key/text/metadata only,none,blocked,G:\Project_V7_Rotation\data\cn_public_enrichment\cn_zzshare_advanced_field_probe_v1_20260602\advanced_field_historical_coverage_probe.csv,28,probe_n=30; ok=1,fix_or_silverize_before_selector
advanced_zzshare_probe,plates_rank_pt15,id,unknown,metadata,probe_only,csv_probe_not_pit_silver,join_or_audit_metadata,not_alpha_feature,false,key/text/metadata only,none,blocked,G:\Project_V7_Rotation\data\cn_public_enrichment\cn_zzshare_advanced_field_probe_v1_20260602\advanced_field_historical_coverage_probe.csv,28,probe_n=30; ok=1,fix_or_silverize_before_selector
advanced_zzshare_probe,plates_rank_pt15,date1,unknown,time_key_or_cutoff,probe_only,csv_probe_not_pit_silver,availability_key,not_alpha_feature,false,controls availability/cutoff; not standalone alpha,event_age|lagged_availability,blocked,G:\Project_V7_Rotation\data\cn_public_enrichment\cn_zzshare_advanced_field_probe_v1_20260602\advanced_field_historical_coverage_probe.csv,28,probe_n=30; ok=1,fix_or_silverize_before_selector
advanced_zzshare_probe,plates_rank_pt15,speed,unknown,event_heat_or_strength,probe_only,csv_probe_not_pit_silver,probe_only_candidate_source,data_engineering_backlog,false_until_silver_pit_panel,"probe/sample only; requires historical silverization, timestamp contract, and PIT join before selector use",silverize_first|then_rank_delta_flow_strength_membership_density,blocked,G:\Project_V7_Rotation\data\cn_public_enrichment\cn_zzshare_advanced_field_probe_v1_20260602\advanced_field_historical_coverage_probe.csv,28,probe_n=30; ok=1,fix_or_silverize_before_selector
advanced_zzshare_probe,plates_rank_pt15,money_leader_buy,unknown,event_heat_or_strength,probe_only,csv_probe_not_pit_silver,probe_only_candidate_source,data_engineering_backlog,false_until_silver_pit_panel,"probe/sample only; requires historical silverization, timestamp contract, and PIT join before selector use",silverize_first|then_rank_delta_flow_strength_membership_density,blocked,G:\Project_V7_Rotation\data\cn_public_enrichment\cn_zzshare_advanced_field_probe_v1_20260602\advanced_field_historical_coverage_probe.csv,28,probe_n=30; ok=1,fix_or_silverize_before_selector
advanced_zzshare_probe,plates_rank_pt15,volume_ration,unknown,event_heat_or_strength,probe_only,csv_probe_not_pit_silver,probe_only_candidate_source,data_engineering_backlog,false_until_silver_pit_panel,"probe/sample only; requires historical silverization, timestamp contract, and PIT join before selector use",silverize_first|then_rank_delta_flow_strength_membership_density,blocked,G:\Project_V7_Rotation\data\cn_public_enrichment\cn_zzshare_advanced_field_probe_v1_20260602\advanced_field_historical_coverage_probe.csv,28,probe_n=30; ok=1,fix_or_silverize_before_selector
advanced_zzshare_probe,plates_rank_pt15,time,unknown,time_key_or_cutoff,probe_only,csv_probe_not_pit_silver,event_cutoff_key,not_alpha_feature,false,controls availability/cutoff; not standalone alpha,event_age|lagged_availability,blocked,G:\Project_V7_Rotation\data\cn_public_enrichment\cn_zzshare_advanced_field_probe_v1_20260602\advanced_field_historical_coverage_probe.csv,28,probe_n=30; ok=1,fix_or_silverize_before_selector
advanced_zzshare_probe,plates_rank_pt17,plate_type,unknown,event_heat_or_strength,probe_only,csv_probe_not_pit_silver,probe_only_candidate_source,data_engineering_backlog,false_until_silver_pit_panel,"probe/sample only; requires historical silverization, timestamp contract, and PIT join before selector use",silverize_first|then_rank_delta_flow_strength_membership_density,blocked,G:\Project_V7_Rotation\data\cn_public_enrichment\cn_zzshare_advanced_field_probe_v1_20260602\advanced_field_historical_coverage_probe.csv,28,probe_n=30; ok=1,fix_or_silverize_before_selector
advanced_zzshare_probe,plates_rank_pt17,plate_code,unknown,event_heat_or_strength,probe_only,csv_probe_not_pit_silver,probe_only_candidate_source,data_engineering_backlog,false_until_silver_pit_panel,"probe/sample only; requires historical silverization, timestamp contract, and PIT join before selector use",silverize_first|then_rank_delta_flow_strength_membership_density,blocked,G:\Project_V7_Rotation\data\cn_public_enrichment\cn_zzshare_advanced_field_probe_v1_20260602\advanced_field_historical_coverage_probe.csv,28,probe_n=30; ok=1,fix_or_silverize_before_selector
advanced_zzshare_probe,plates_rank_pt17,score,unknown,event_heat_or_strength,probe_only,csv_probe_not_pit_silver,probe_only_candidate_source,data_engineering_backlog,false_until_silver_pit_panel,"probe/sample only; requires historical silverization, timestamp contract, and PIT join before selector use",silverize_first|then_rank_delta_flow_strength_membership_density,blocked,G:\Project_V7_Rotation\data\cn_public_enrichment\cn_zzshare_advanced_field_probe_v1_20260602\advanced_field_historical_coverage_probe.csv,28,probe_n=30; ok=1,fix_or_silverize_before_selector
advanced_zzshare_probe,plates_rank_pt17,rate,unknown,event_heat_or_strength,probe_only,csv_probe_not_pit_silver,probe_only_candidate_source,data_engineering_backlog,false_until_silver_pit_panel,"probe/sample only; requires historical silverization, timestamp contract, and PIT join before selector use",silverize_first|then_rank_delta_flow_strength_membership_density,blocked,G:\Project_V7_Rotation\data\cn_public_enrichment\cn_zzshare_advanced_field_probe_v1_20260602\advanced_field_historical_coverage_probe.csv,28,probe_n=30; ok=1,fix_or_silverize_before_selector
advanced_zzshare_probe,plates_rank_pt17,money_leader,unknown,event_heat_or_strength,probe_only,csv_probe_not_pit_silver,probe_only_candidate_source,data_engineering_backlog,false_until_silver_pit_panel,"probe/sample only; requires historical silverization, timestamp contract, and PIT join before selector use",silverize_first|then_rank_delta_flow_strength_membership_density,blocked,G:\Project_V7_Rotation\data\cn_public_enrichment\cn_zzshare_advanced_field_probe_v1_20260602\advanced_field_historical_coverage_probe.csv,28,probe_n=30; ok=1,fix_or_silverize_before_selector
advanced_zzshare_probe,plates_rank_pt17,trade_money,unknown,event_heat_or_strength,probe_only,csv_probe_not_pit_silver,probe_only_candidate_source,data_engineering_backlog,false_until_silver_pit_panel,"probe/sample only; requires historical silverization, timestamp contract, and PIT join before selector use",silverize_first|then_rank_delta_flow_strength_membership_density,blocked,G:\Project_V7_Rotation\data\cn_public_enrichment\cn_zzshare_advanced_field_probe_v1_20260602\advanced_field_historical_coverage_probe.csv,28,probe_n=30; ok=1,fix_or_silverize_before_selector
advanced_zzshare_probe,plates_rank_pt17,money_leader_sell,unknown,event_heat_or_strength,probe_only,csv_probe_not_pit_silver,probe_only_candidate_source,data_engineering_backlog,false_until_silver_pit_panel,"probe/sample only; requires historical silverization, timestamp contract, and PIT join before selector use",silverize_first|then_rank_delta_flow_strength_membership_density,blocked,G:\Project_V7_Rotation\data\cn_public_enrichment\cn_zzshare_advanced_field_probe_v1_20260602\advanced_field_historical_coverage_probe.csv,28,probe_n=30; ok=1,fix_or_silverize_before_selector
advanced_zzshare_probe,plates_rank_pt17,market_cap_cir,unknown,event_heat_or_strength,probe_only,csv_probe_not_pit_silver,probe_only_candidate_source,data_engineering_backlog,false_until_silver_pit_panel,"probe/sample only; requires historical silverization, timestamp contract, and PIT join before selector use",silverize_first|then_rank_delta_flow_strength_membership_density,blocked,G:\Project_V7_Rotation\data\cn_public_enrichment\cn_zzshare_advanced_field_probe_v1_20260602\advanced_field_historical_coverage_probe.csv,28,probe_n=30; ok=1,fix_or_silverize_before_selector
advanced_zzshare_probe,plates_rank_pt17,plate_name,unknown,text_or_description,probe_only,csv_probe_not_pit_silver,join_or_audit_metadata,not_alpha_feature,false,key/text/metadata only,none,blocked,G:\Project_V7_Rotation\data\cn_public_enrichment\cn_zzshare_advanced_field_probe_v1_20260602\advanced_field_historical_coverage_probe.csv,28,probe_n=30; ok=1,fix_or_silverize_before_selector
advanced_zzshare_probe,plates_rank_pt17,id,unknown,metadata,probe_only,csv_probe_not_pit_silver,join_or_audit_metadata,not_alpha_feature,false,key/text/metadata only,none,blocked,G:\Project_V7_Rotation\data\cn_public_enrichment\cn_zzshare_advanced_field_probe_v1_20260602\advanced_field_historical_coverage_probe.csv,28,probe_n=30; ok=1,fix_or_silverize_before_selector
advanced_zzshare_probe,plates_rank_pt17,date1,unknown,time_key_or_cutoff,probe_only,csv_probe_not_pit_silver,availability_key,not_alpha_feature,false,controls availability/cutoff; not standalone alpha,event_age|lagged_availability,blocked,G:\Project_V7_Rotation\data\cn_public_enrichment\cn_zzshare_advanced_field_probe_v1_20260602\advanced_field_historical_coverage_probe.csv,28,probe_n=30; ok=1,fix_or_silverize_before_selector
advanced_zzshare_probe,plates_rank_pt17,speed,unknown,event_heat_or_strength,probe_only,csv_probe_not_pit_silver,probe_only_candidate_source,data_engineering_backlog,false_until_silver_pit_panel,"probe/sample only; requires historical silverization, timestamp contract, and PIT join before selector use",silverize_first|then_rank_delta_flow_strength_membership_density,blocked,G:\Project_V7_Rotation\data\cn_public_enrichment\cn_zzshare_advanced_field_probe_v1_20260602\advanced_field_historical_coverage_probe.csv,28,probe_n=30; ok=1,fix_or_silverize_before_selector
advanced_zzshare_probe,plates_rank_pt17,money_leader_buy,unknown,event_heat_or_strength,probe_only,csv_probe_not_pit_silver,probe_only_candidate_source,data_engineering_backlog,false_until_silver_pit_panel,"probe/sample only; requires historical silverization, timestamp contract, and PIT join before selector use",silverize_first|then_rank_delta_flow_strength_membership_density,blocked,G:\Project_V7_Rotation\data\cn_public_enrichment\cn_zzshare_advanced_field_probe_v1_20260602\advanced_field_historical_coverage_probe.csv,28,probe_n=30; ok=1,fix_or_silverize_before_selector
advanced_zzshare_probe,plates_rank_pt17,volume_ration,unknown,event_heat_or_strength,probe_only,csv_probe_not_pit_silver,probe_only_candidate_source,data_engineering_backlog,false_until_silver_pit_panel,"probe/sample only; requires historical silverization, timestamp contract, and PIT join before selector use",silverize_first|then_rank_delta_flow_strength_membership_density,blocked,G:\Project_V7_Rotation\data\cn_public_enrichment\cn_zzshare_advanced_field_probe_v1_20260602\advanced_field_historical_coverage_probe.csv,28,probe_n=30; ok=1,fix_or_silverize_before_selector
advanced_zzshare_probe,plates_rank_pt17,time,unknown,time_key_or_cutoff,probe_only,csv_probe_not_pit_silver,event_cutoff_key,not_alpha_feature,false,controls availability/cutoff; not standalone alpha,event_age|lagged_availability,blocked,G:\Project_V7_Rotation\data\cn_public_enrichment\cn_zzshare_advanced_field_probe_v1_20260602\advanced_field_historical_coverage_probe.csv,28,probe_n=30; ok=1,fix_or_silverize_before_selector
advanced_zzshare_probe,plates_rank_days_new_pt14_net,plate_code,unknown,event_heat_or_strength,probe_only,csv_probe_not_pit_silver,probe_only_candidate_source,data_engineering_backlog,false_until_silver_pit_panel,"probe/sample only; requires historical silverization, timestamp contract, and PIT join before selector use",silverize_first|then_rank_delta_flow_strength_membership_density,blocked,G:\Project_V7_Rotation\data\cn_public_enrichment\cn_zzshare_advanced_field_probe_v1_20260602\advanced_field_historical_coverage_probe.csv,28,probe_n=30; ok=1,fix_or_silverize_before_selector
advanced_zzshare_probe,plates_rank_days_new_pt14_net,plate_name,unknown,text_or_description,probe_only,csv_probe_not_pit_silver,join_or_audit_metadata,not_alpha_feature,false,key/text/metadata only,none,blocked,G:\Project_V7_Rotation\data\cn_public_enrichment\cn_zzshare_advanced_field_probe_v1_20260602\advanced_field_historical_coverage_probe.csv,28,probe_n=30; ok=1,fix_or_silverize_before_selector
advanced_zzshare_probe,plates_rank_days_new_pt14_net,sum_rate,unknown,event_heat_or_strength,probe_only,csv_probe_not_pit_silver,probe_only_candidate_source,data_engineering_backlog,false_until_silver_pit_panel,"probe/sample only; requires historical silverization, timestamp contract, and PIT join before selector use",silverize_first|then_rank_delta_flow_strength_membership_density,blocked,G:\Project_V7_Rotation\data\cn_public_enrichment\cn_zzshare_advanced_field_probe_v1_20260602\advanced_field_historical_coverage_probe.csv,28,probe_n=30; ok=1,fix_or_silverize_before_selector
advanced_zzshare_probe,plates_rank_days_new_pt14_net,sum_leader_money,unknown,event_heat_or_strength,probe_only,csv_probe_not_pit_silver,probe_only_candidate_source,data_engineering_backlog,false_until_silver_pit_panel,"probe/sample only; requires historical silverization, timestamp contract, and PIT join before selector use",silverize_first|then_rank_delta_flow_strength_membership_density,blocked,G:\Project_V7_Rotation\data\cn_public_enrichment\cn_zzshare_advanced_field_probe_v1_20260602\advanced_field_historical_coverage_probe.csv,28,probe_n=30; ok=1,fix_or_silverize_before_selector
advanced_zzshare_probe,plates_rank_days_new_pt14_net,sum_score,unknown,event_heat_or_strength,probe_only,csv_probe_not_pit_silver,probe_only_candidate_source,data_engineering_backlog,false_until_silver_pit_panel,"probe/sample only; requires historical silverization, timestamp contract, and PIT join before selector use",silverize_first|then_rank_delta_flow_strength_membership_density,blocked,G:\Project_V7_Rotation\data\cn_public_enrichment\cn_zzshare_advanced_field_probe_v1_20260602\advanced_field_historical_coverage_probe.csv,28,probe_n=30; ok=1,fix_or_silverize_before_selector
advanced_zzshare_probe,plates_rank_days_new_pt14_net,days,unknown,event_heat_or_strength,probe_only,csv_probe_not_pit_silver,probe_only_candidate_source,data_engineering_backlog,false_until_silver_pit_panel,"probe/sample only; requires historical silverization, timestamp contract, and PIT join before selector use",silverize_first|then_rank_delta_flow_strength_membership_density,blocked,G:\Project_V7_Rotation\data\cn_public_enrichment\cn_zzshare_advanced_field_probe_v1_20260602\advanced_field_historical_coverage_probe.csv,28,probe_n=30; ok=1,fix_or_silverize_before_selector
advanced_zzshare_probe,plates_rank_days_new_pt14_net,is_new,unknown,event_heat_or_strength,probe_only,csv_probe_not_pit_silver,probe_only_candidate_source,data_engineering_backlog,false_until_silver_pit_panel,"probe/sample only; requires historical silverization, timestamp contract, and PIT join before selector use",silverize_first|then_rank_delta_flow_strength_membership_density,blocked,G:\Project_V7_Rotation\data\cn_public_enrichment\cn_zzshare_advanced_field_probe_v1_20260602\advanced_field_historical_coverage_probe.csv,28,probe_n=30; ok=1,fix_or_silverize_before_selector
advanced_zzshare_probe,uplimit_stocks,amount,unknown,limit_event_sentiment,probe_only,csv_probe_not_pit_silver,probe_only_candidate_source,data_engineering_backlog,false_until_silver_pit_panel,"probe/sample only; requires historical silverization, timestamp contract, and PIT join before selector use",silverize_first|then_rank_delta_flow_strength_membership_density,blocked,G:\Project_V7_Rotation\data\cn_public_enrichment\cn_zzshare_advanced_field_probe_v1_20260602\advanced_field_historical_coverage_probe.csv,28,probe_n=15; ok=1,fix_or_silverize_before_selector
advanced_zzshare_probe,uplimit_stocks,auction_buy,unknown,limit_event_sentiment,probe_only,csv_probe_not_pit_silver,probe_only_candidate_source,data_engineering_backlog,false_until_silver_pit_panel,"probe/sample only; requires historical silverization, timestamp contract, and PIT join before selector use",silverize_first|then_rank_delta_flow_strength_membership_density,blocked,G:\Project_V7_Rotation\data\cn_public_enrichment\cn_zzshare_advanced_field_probe_v1_20260602\advanced_field_historical_coverage_probe.csv,28,probe_n=15; ok=1,fix_or_silverize_before_selector
advanced_zzshare_probe,uplimit_stocks,auction_money,unknown,limit_event_sentiment,probe_only,csv_probe_not_pit_silver,probe_only_candidate_source,data_engineering_backlog,false_until_silver_pit_panel,"probe/sample only; requires historical silverization, timestamp contract, and PIT join before selector use",silverize_first|then_rank_delta_flow_strength_membership_density,blocked,G:\Project_V7_Rotation\data\cn_public_enrichment\cn_zzshare_advanced_field_probe_v1_20260602\advanced_field_historical_coverage_probe.csv,28,probe_n=15; ok=1,fix_or_silverize_before_selector
advanced_zzshare_probe,uplimit_stocks,auction_offer,unknown,limit_event_sentiment,probe_only,csv_probe_not_pit_silver,probe_only_candidate_source,data_engineering_backlog,false_until_silver_pit_panel,"probe/sample only; requires historical silverization, timestamp contract, and PIT join before selector use",silverize_first|then_rank_delta_flow_strength_membership_density,blocked,G:\Project_V7_Rotation\data\cn_public_enrichment\cn_zzshare_advanced_field_probe_v1_20260602\advanced_field_historical_coverage_probe.csv,28,probe_n=15; ok=1,fix_or_silverize_before_selector
advanced_zzshare_probe,uplimit_stocks,auction_pre1max_ratio,unknown,limit_event_sentiment,probe_only,csv_probe_not_pit_silver,probe_only_candidate_source,data_engineering_backlog,false_until_silver_pit_panel,"probe/sample only; requires historical silverization, timestamp contract, and PIT join before selector use",silverize_first|then_rank_delta_flow_strength_membership_density,blocked,G:\Project_V7_Rotation\data\cn_public_enrichment\cn_zzshare_advanced_field_probe_v1_20260602\advanced_field_historical_coverage_probe.csv,28,probe_n=15; ok=1,fix_or_silverize_before_selector
advanced_zzshare_probe,uplimit_stocks,auction_turnover,unknown,limit_event_sentiment,probe_only,csv_probe_not_pit_silver,probe_only_candidate_source,data_engineering_backlog,false_until_silver_pit_panel,"probe/sample only; requires historical silverization, timestamp contract, and PIT join before selector use",silverize_first|then_rank_delta_flow_strength_membership_density,blocked,G:\Project_V7_Rotation\data\cn_public_enrichment\cn_zzshare_advanced_field_probe_v1_20260602\advanced_field_historical_coverage_probe.csv,28,probe_n=15; ok=1,fix_or_silverize_before_selector
advanced_zzshare_probe,uplimit_stocks,checked,unknown,metadata,probe_only,csv_probe_not_pit_silver,join_or_audit_metadata,not_alpha_feature,false,key/text/metadata only,none,blocked,G:\Project_V7_Rotation\data\cn_public_enrichment\cn_zzshare_advanced_field_probe_v1_20260602\advanced_field_historical_coverage_probe.csv,28,probe_n=15; ok=1,fix_or_silverize_before_selector
advanced_zzshare_probe,uplimit_stocks,date1,unknown,time_key_or_cutoff,probe_only,csv_probe_not_pit_silver,availability_key,not_alpha_feature,false,controls availability/cutoff; not standalone alpha,event_age|lagged_availability,blocked,G:\Project_V7_Rotation\data\cn_public_enrichment\cn_zzshare_advanced_field_probe_v1_20260602\advanced_field_historical_coverage_probe.csv,28,probe_n=15; ok=1,fix_or_silverize_before_selector
advanced_zzshare_probe,uplimit_stocks,fd_close,unknown,limit_event_sentiment,probe_only,csv_probe_not_pit_silver,probe_only_candidate_source,data_engineering_backlog,false_until_silver_pit_panel,"probe/sample only; requires historical silverization, timestamp contract, and PIT join before selector use",silverize_first|then_rank_delta_flow_strength_membership_density,blocked,G:\Project_V7_Rotation\data\cn_public_enrichment\cn_zzshare_advanced_field_probe_v1_20260602\advanced_field_historical_coverage_probe.csv,28,probe_n=15; ok=1,fix_or_silverize_before_selector
advanced_zzshare_probe,uplimit_stocks,fd_max,unknown,limit_event_sentiment,probe_only,csv_probe_not_pit_silver,probe_only_candidate_source,data_engineering_backlog,false_until_silver_pit_panel,"probe/sample only; requires historical silverization, timestamp contract, and PIT join before selector use",silverize_first|then_rank_delta_flow_strength_membership_density,blocked,G:\Project_V7_Rotation\data\cn_public_enrichment\cn_zzshare_advanced_field_probe_v1_20260602\advanced_field_historical_coverage_probe.csv,28,probe_n=15; ok=1,fix_or_silverize_before_selector
advanced_zzshare_probe,uplimit_stocks,id,unknown,metadata,probe_only,csv_probe_not_pit_silver,join_or_audit_metadata,not_alpha_feature,false,key/text/metadata only,none,blocked,G:\Project_V7_Rotation\data\cn_public_enrichment\cn_zzshare_advanced_field_probe_v1_20260602\advanced_field_historical_coverage_probe.csv,28,probe_n=15; ok=1,fix_or_silverize_before_selector
advanced_zzshare_probe,uplimit_stocks,market_c,unknown,limit_event_sentiment,probe_only,csv_probe_not_pit_silver,probe_only_candidate_source,data_engineering_backlog,false_until_silver_pit_panel,"probe/sample only; requires historical silverization, timestamp contract, and PIT join before selector use",silverize_first|then_rank_delta_flow_strength_membership_density,blocked,G:\Project_V7_Rotation\data\cn_public_enrichment\cn_zzshare_advanced_field_probe_v1_20260602\advanced_field_historical_coverage_probe.csv,28,probe_n=15; ok=1,fix_or_silverize_before_selector
advanced_zzshare_probe,uplimit_stocks,market_c_c,unknown,limit_event_sentiment,probe_only,csv_probe_not_pit_silver,probe_only_candidate_source,data_engineering_backlog,false_until_silver_pit_panel,"probe/sample only; requires historical silverization, timestamp contract, and PIT join before selector use",silverize_first|then_rank_delta_flow_strength_membership_density,blocked,G:\Project_V7_Rotation\data\cn_public_enrichment\cn_zzshare_advanced_field_probe_v1_20260602\advanced_field_historical_coverage_probe.csv,28,probe_n=15; ok=1,fix_or_silverize_before_selector
advanced_zzshare_probe,uplimit_stocks,next_close_pct,unknown,future_label,probe_only,csv_probe_not_pit_silver,blocked_future_label,blocked,false,future outcome field; never use pre-replay,none,blocked,G:\Project_V7_Rotation\data\cn_public_enrichment\cn_zzshare_advanced_field_probe_v1_20260602\advanced_field_historical_coverage_probe.csv,28,probe_n=15; ok=1,fix_or_silverize_before_selector
advanced_zzshare_probe,uplimit_stocks,next_day,unknown,future_label,probe_only,csv_probe_not_pit_silver,blocked_future_label,blocked,false,future outcome field; never use pre-replay,none,blocked,G:\Project_V7_Rotation\data\cn_public_enrichment\cn_zzshare_advanced_field_probe_v1_20260602\advanced_field_historical_coverage_probe.csv,28,probe_n=15; ok=1,fix_or_silverize_before_selector
advanced_zzshare_probe,uplimit_stocks,next_gt9_offer_v,unknown,future_label,probe_only,csv_probe_not_pit_silver,blocked_future_label,blocked,false,future outcome field; never use pre-replay,none,blocked,G:\Project_V7_Rotation\data\cn_public_enrichment\cn_zzshare_advanced_field_probe_v1_20260602\advanced_field_historical_coverage_probe.csv,28,probe_n=15; ok=1,fix_or_silverize_before_selector
advanced_zzshare_probe,uplimit_stocks,next_gt9_time,unknown,future_label,probe_only,csv_probe_not_pit_silver,blocked_future_label,blocked,false,future outcome field; never use pre-replay,none,blocked,G:\Project_V7_Rotation\data\cn_public_enrichment\cn_zzshare_advanced_field_probe_v1_20260602\advanced_field_historical_coverage_probe.csv,28,probe_n=15; ok=1,fix_or_silverize_before_selector
advanced_zzshare_probe,uplimit_stocks,next_gt9_turnover,unknown,future_label,probe_only,csv_probe_not_pit_silver,blocked_future_label,blocked,false,future outcome field; never use pre-replay,none,blocked,G:\Project_V7_Rotation\data\cn_public_enrichment\cn_zzshare_advanced_field_probe_v1_20260602\advanced_field_historical_coverage_probe.csv,28,probe_n=15; ok=1,fix_or_silverize_before_selector
advanced_zzshare_probe,uplimit_stocks,next_open_pct,unknown,future_label,probe_only,csv_probe_not_pit_silver,blocked_future_label,blocked,false,future outcome field; never use pre-replay,none,blocked,G:\Project_V7_Rotation\data\cn_public_enrichment\cn_zzshare_advanced_field_probe_v1_20260602\advanced_field_historical_coverage_probe.csv,28,probe_n=15; ok=1,fix_or_silverize_before_selector
advanced_zzshare_probe,uplimit_stocks,next_open_yi,unknown,future_label,probe_only,csv_probe_not_pit_silver,blocked_future_label,blocked,false,future outcome field; never use pre-replay,none,blocked,G:\Project_V7_Rotation\data\cn_public_enrichment\cn_zzshare_advanced_field_probe_v1_20260602\advanced_field_historical_coverage_probe.csv,28,probe_n=15; ok=1,fix_or_silverize_before_selector
advanced_zzshare_probe,uplimit_stocks,plate_code,unknown,limit_event_sentiment,probe_only,csv_probe_not_pit_silver,probe_only_candidate_source,data_engineering_backlog,false_until_silver_pit_panel,"probe/sample only; requires historical silverization, timestamp contract, and PIT join before selector use",silverize_first|then_rank_delta_flow_strength_membership_density,blocked,G:\Project_V7_Rotation\data\cn_public_enrichment\cn_zzshare_advanced_field_probe_v1_20260602\advanced_field_historical_coverage_probe.csv,28,probe_n=15; ok=1,fix_or_silverize_before_selector
advanced_zzshare_probe,uplimit_stocks,stock_code,unknown,instrument_key,probe_only,csv_probe_not_pit_silver,join_or_audit_metadata,not_alpha_feature,false,key/text/metadata only,none,blocked,G:\Project_V7_Rotation\data\cn_public_enrichment\cn_zzshare_advanced_field_probe_v1_20260602\advanced_field_historical_coverage_probe.csv,28,probe_n=15; ok=1,fix_or_silverize_before_selector
advanced_zzshare_probe,uplimit_stocks,stock_name,unknown,text_or_description,probe_only,csv_probe_not_pit_silver,join_or_audit_metadata,not_alpha_feature,false,key/text/metadata only,none,blocked,G:\Project_V7_Rotation\data\cn_public_enrichment\cn_zzshare_advanced_field_probe_v1_20260602\advanced_field_historical_coverage_probe.csv,28,probe_n=15; ok=1,fix_or_silverize_before_selector
advanced_zzshare_probe,uplimit_stocks,up_limit_desc,unknown,text_or_description,probe_only,csv_probe_not_pit_silver,join_or_audit_metadata,not_alpha_feature,false,key/text/metadata only,none,blocked,G:\Project_V7_Rotation\data\cn_public_enrichment\cn_zzshare_advanced_field_probe_v1_20260602\advanced_field_historical_coverage_probe.csv,28,probe_n=15; ok=1,fix_or_silverize_before_selector
advanced_zzshare_probe,uplimit_stocks,up_limit_keep_times,unknown,time_key_or_cutoff,probe_only,csv_probe_not_pit_silver,event_cutoff_key,not_alpha_feature,false,controls availability/cutoff; not standalone alpha,event_age|lagged_availability,blocked,G:\Project_V7_Rotation\data\cn_public_enrichment\cn_zzshare_advanced_field_probe_v1_20260602\advanced_field_historical_coverage_probe.csv,28,probe_n=15; ok=1,fix_or_silverize_before_selector
advanced_zzshare_probe,uplimit_stocks,up_limit_time,unknown,time_key_or_cutoff,probe_only,csv_probe_not_pit_silver,event_cutoff_key,not_alpha_feature,false,controls availability/cutoff; not standalone alpha,event_age|lagged_availability,blocked,G:\Project_V7_Rotation\data\cn_public_enrichment\cn_zzshare_advanced_field_probe_v1_20260602\advanced_field_historical_coverage_probe.csv,28,probe_n=15; ok=1,fix_or_silverize_before_selector
advanced_zzshare_probe,uplimit_stocks,up_limit_type,unknown,limit_event_sentiment,probe_only,csv_probe_not_pit_silver,probe_only_candidate_source,data_engineering_backlog,false_until_silver_pit_panel,"probe/sample only; requires historical silverization, timestamp contract, and PIT join before selector use",silverize_first|then_rank_delta_flow_strength_membership_density,blocked,G:\Project_V7_Rotation\data\cn_public_enrichment\cn_zzshare_advanced_field_probe_v1_20260602\advanced_field_historical_coverage_probe.csv,28,probe_n=15; ok=1,fix_or_silverize_before_selector
advanced_zzshare_probe,open_sentiment_data,lb_2_num,unknown,limit_event_sentiment,probe_only,csv_probe_not_pit_silver,probe_only_candidate_source,data_engineering_backlog,false_until_silver_pit_panel,"probe/sample only; requires historical silverization, timestamp contract, and PIT join before selector use",silverize_first|then_rank_delta_flow_strength_membership_density,blocked,G:\Project_V7_Rotation\data\cn_public_enrichment\cn_zzshare_advanced_field_probe_v1_20260602\advanced_field_historical_coverage_probe.csv,28,probe_n=3; ok=1,fix_or_silverize_before_selector
advanced_zzshare_probe,open_sentiment_data,gt5_num,unknown,price_state,probe_only,csv_probe_not_pit_silver,probe_only_candidate_source,data_engineering_backlog,false_until_silver_pit_panel,"probe/sample only; requires historical silverization, timestamp contract, and PIT join before selector use",silverize_first|then_rank_delta_flow_strength_membership_density,blocked,G:\Project_V7_Rotation\data\cn_public_enrichment\cn_zzshare_advanced_field_probe_v1_20260602\advanced_field_historical_coverage_probe.csv,28,probe_n=3; ok=1,fix_or_silverize_before_selector
advanced_zzshare_probe,open_sentiment_data,max_lb_num,unknown,limit_event_sentiment,probe_only,csv_probe_not_pit_silver,probe_only_candidate_source,data_engineering_backlog,false_until_silver_pit_panel,"probe/sample only; requires historical silverization, timestamp contract, and PIT join before selector use",silverize_first|then_rank_delta_flow_strength_membership_density,blocked,G:\Project_V7_Rotation\data\cn_public_enrichment\cn_zzshare_advanced_field_probe_v1_20260602\advanced_field_historical_coverage_probe.csv,28,probe_n=3; ok=1,fix_or_silverize_before_selector
advanced_zzshare_probe,open_sentiment_data,downlimit_num,unknown,limit_event_sentiment,probe_only,csv_probe_not_pit_silver,probe_only_candidate_source,data_engineering_backlog,false_until_silver_pit_panel,"probe/sample only; requires historical silverization, timestamp contract, and PIT join before selector use",silverize_first|then_rank_delta_flow_strength_membership_density,blocked,G:\Project_V7_Rotation\data\cn_public_enrichment\cn_zzshare_advanced_field_probe_v1_20260602\advanced_field_historical_coverage_probe.csv,28,probe_n=3; ok=1,fix_or_silverize_before_selector
advanced_zzshare_probe,open_sentiment_data,second_lb_num,unknown,limit_event_sentiment,probe_only,csv_probe_not_pit_silver,probe_only_candidate_source,data_engineering_backlog,false_until_silver_pit_panel,"probe/sample only; requires historical silverization, timestamp contract, and PIT join before selector use",silverize_first|then_rank_delta_flow_strength_membership_density,blocked,G:\Project_V7_Rotation\data\cn_public_enrichment\cn_zzshare_advanced_field_probe_v1_20260602\advanced_field_historical_coverage_probe.csv,28,probe_n=3; ok=1,fix_or_silverize_before_selector
advanced_zzshare_probe,open_sentiment_data,id,unknown,metadata,probe_only,csv_probe_not_pit_silver,join_or_audit_metadata,not_alpha_feature,false,key/text/metadata only,none,blocked,G:\Project_V7_Rotation\data\cn_public_enrichment\cn_zzshare_advanced_field_probe_v1_20260602\advanced_field_historical_coverage_probe.csv,28,probe_n=3; ok=1,fix_or_silverize_before_selector
advanced_zzshare_probe,open_sentiment_data,lb_3_num,unknown,limit_event_sentiment,probe_only,csv_probe_not_pit_silver,probe_only_candidate_source,data_engineering_backlog,false_until_silver_pit_panel,"probe/sample only; requires historical silverization, timestamp contract, and PIT join before selector use",silverize_first|then_rank_delta_flow_strength_membership_density,blocked,G:\Project_V7_Rotation\data\cn_public_enrichment\cn_zzshare_advanced_field_probe_v1_20260602\advanced_field_historical_coverage_probe.csv,28,probe_n=3; ok=1,fix_or_silverize_before_selector
advanced_zzshare_probe,open_sentiment_data,damian_num,unknown,limit_event_sentiment,probe_only,csv_probe_not_pit_silver,probe_only_candidate_source,data_engineering_backlog,false_until_silver_pit_panel,"probe/sample only; requires historical silverization, timestamp contract, and PIT join before selector use",silverize_first|then_rank_delta_flow_strength_membership_density,blocked,G:\Project_V7_Rotation\data\cn_public_enrichment\cn_zzshare_advanced_field_probe_v1_20260602\advanced_field_historical_coverage_probe.csv,28,probe_n=3; ok=1,fix_or_silverize_before_selector
advanced_zzshare_probe,open_sentiment_data,tiandi_num,unknown,limit_event_sentiment,probe_only,csv_probe_not_pit_silver,probe_only_candidate_source,data_engineering_backlog,false_until_silver_pit_panel,"probe/sample only; requires historical silverization, timestamp contract, and PIT join before selector use",silverize_first|then_rank_delta_flow_strength_membership_density,blocked,G:\Project_V7_Rotation\data\cn_public_enrichment\cn_zzshare_advanced_field_probe_v1_20260602\advanced_field_historical_coverage_probe.csv,28,probe_n=3; ok=1,fix_or_silverize_before_selector
advanced_zzshare_probe,open_sentiment_data,mian_num,unknown,limit_event_sentiment,probe_only,csv_probe_not_pit_silver,probe_only_candidate_source,data_engineering_backlog,false_until_silver_pit_panel,"probe/sample only; requires historical silverization, timestamp contract, and PIT join before selector use",silverize_first|then_rank_delta_flow_strength_membership_density,blocked,G:\Project_V7_Rotation\data\cn_public_enrichment\cn_zzshare_advanced_field_probe_v1_20260602\advanced_field_historical_coverage_probe.csv,28,probe_n=3; ok=1,fix_or_silverize_before_selector
advanced_zzshare_probe,open_sentiment_data,ditian_num,unknown,limit_event_sentiment,probe_only,csv_probe_not_pit_silver,probe_only_candidate_source,data_engineering_backlog,false_until_silver_pit_panel,"probe/sample only; requires historical silverization, timestamp contract, and PIT join before selector use",silverize_first|then_rank_delta_flow_strength_membership_density,blocked,G:\Project_V7_Rotation\data\cn_public_enrichment\cn_zzshare_advanced_field_probe_v1_20260602\advanced_field_historical_coverage_probe.csv,28,probe_n=3; ok=1,fix_or_silverize_before_selector
advanced_zzshare_probe,open_sentiment_data,fb_num,unknown,price_state,probe_only,csv_probe_not_pit_silver,probe_only_candidate_source,data_engineering_backlog,false_until_silver_pit_panel,"probe/sample only; requires historical silverization, timestamp contract, and PIT join before selector use",silverize_first|then_rank_delta_flow_strength_membership_density,blocked,G:\Project_V7_Rotation\data\cn_public_enrichment\cn_zzshare_advanced_field_probe_v1_20260602\advanced_field_historical_coverage_probe.csv,28,probe_n=3; ok=1,fix_or_silverize_before_selector
advanced_zzshare_probe,open_sentiment_data,bigleg_num,unknown,price_state,probe_only,csv_probe_not_pit_silver,probe_only_candidate_source,data_engineering_backlog,false_until_silver_pit_panel,"probe/sample only; requires historical silverization, timestamp contract, and PIT join before selector use",silverize_first|then_rank_delta_flow_strength_membership_density,blocked,G:\Project_V7_Rotation\data\cn_public_enrichment\cn_zzshare_advanced_field_probe_v1_20260602\advanced_field_historical_coverage_probe.csv,28,probe_n=3; ok=1,fix_or_silverize_before_selector
advanced_zzshare_probe,open_sentiment_data,max_lb_stocks,unknown,limit_event_sentiment,probe_only,csv_probe_not_pit_silver,probe_only_candidate_source,data_engineering_backlog,false_until_silver_pit_panel,"probe/sample only; requires historical silverization, timestamp contract, and PIT join before selector use",silverize_first|then_rank_delta_flow_strength_membership_density,blocked,G:\Project_V7_Rotation\data\cn_public_enrichment\cn_zzshare_advanced_field_probe_v1_20260602\advanced_field_historical_coverage_probe.csv,28,probe_n=3; ok=1,fix_or_silverize_before_selector
advanced_zzshare_probe,open_sentiment_data,date1,unknown,time_key_or_cutoff,probe_only,csv_probe_not_pit_silver,availability_key,not_alpha_feature,false,controls availability/cutoff; not standalone alpha,event_age|lagged_availability,blocked,G:\Project_V7_Rotation\data\cn_public_enrichment\cn_zzshare_advanced_field_probe_v1_20260602\advanced_field_historical_coverage_probe.csv,28,probe_n=3; ok=1,fix_or_silverize_before_selector
advanced_zzshare_probe,open_sentiment_data,uplimit_n_num,unknown,limit_event_sentiment,probe_only,csv_probe_not_pit_silver,probe_only_candidate_source,data_engineering_backlog,false_until_silver_pit_panel,"probe/sample only; requires historical silverization, timestamp contract, and PIT join before selector use",silverize_first|then_rank_delta_flow_strength_membership_density,blocked,G:\Project_V7_Rotation\data\cn_public_enrichment\cn_zzshare_advanced_field_probe_v1_20260602\advanced_field_historical_coverage_probe.csv,28,probe_n=3; ok=1,fix_or_silverize_before_selector
advanced_zzshare_probe,open_sentiment_data,lt5_num,unknown,price_state,probe_only,csv_probe_not_pit_silver,probe_only_candidate_source,data_engineering_backlog,false_until_silver_pit_panel,"probe/sample only; requires historical silverization, timestamp contract, and PIT join before selector use",silverize_first|then_rank_delta_flow_strength_membership_density,blocked,G:\Project_V7_Rotation\data\cn_public_enrichment\cn_zzshare_advanced_field_probe_v1_20260602\advanced_field_historical_coverage_probe.csv,28,probe_n=3; ok=1,fix_or_silverize_before_selector
advanced_zzshare_probe,open_sentiment_data,lb_h_num,unknown,limit_event_sentiment,probe_only,csv_probe_not_pit_silver,probe_only_candidate_source,data_engineering_backlog,false_until_silver_pit_panel,"probe/sample only; requires historical silverization, timestamp contract, and PIT join before selector use",silverize_first|then_rank_delta_flow_strength_membership_density,blocked,G:\Project_V7_Rotation\data\cn_public_enrichment\cn_zzshare_advanced_field_probe_v1_20260602\advanced_field_historical_coverage_probe.csv,28,probe_n=3; ok=1,fix_or_silverize_before_selector
advanced_zzshare_probe,open_sentiment_data,uplimit_num,unknown,limit_event_sentiment,probe_only,csv_probe_not_pit_silver,probe_only_candidate_source,data_engineering_backlog,false_until_silver_pit_panel,"probe/sample only; requires historical silverization, timestamp contract, and PIT join before selector use",silverize_first|then_rank_delta_flow_strength_membership_density,blocked,G:\Project_V7_Rotation\data\cn_public_enrichment\cn_zzshare_advanced_field_probe_v1_20260602\advanced_field_historical_coverage_probe.csv,28,probe_n=3; ok=1,fix_or_silverize_before_selector
advanced_zzshare_probe,open_sentiment_data,up_num,unknown,price_state,probe_only,csv_probe_not_pit_silver,probe_only_candidate_source,data_engineering_backlog,false_until_silver_pit_panel,"probe/sample only; requires historical silverization, timestamp contract, and PIT join before selector use",silverize_first|then_rank_delta_flow_strength_membership_density,blocked,G:\Project_V7_Rotation\data\cn_public_enrichment\cn_zzshare_advanced_field_probe_v1_20260602\advanced_field_historical_coverage_probe.csv,28,probe_n=3; ok=1,fix_or_silverize_before_selector
advanced_zzshare_probe,open_sentiment_data,zb_num,unknown,limit_event_sentiment,probe_only,csv_probe_not_pit_silver,probe_only_candidate_source,data_engineering_backlog,false_until_silver_pit_panel,"probe/sample only; requires historical silverization, timestamp contract, and PIT join before selector use",silverize_first|then_rank_delta_flow_strength_membership_density,blocked,G:\Project_V7_Rotation\data\cn_public_enrichment\cn_zzshare_advanced_field_probe_v1_20260602\advanced_field_historical_coverage_probe.csv,28,probe_n=3; ok=1,fix_or_silverize_before_selector
advanced_zzshare_probe,open_sentiment_data,down_num,unknown,price_state,probe_only,csv_probe_not_pit_silver,probe_only_candidate_source,data_engineering_backlog,false_until_silver_pit_panel,"probe/sample only; requires historical silverization, timestamp contract, and PIT join before selector use",silverize_first|then_rank_delta_flow_strength_membership_density,blocked,G:\Project_V7_Rotation\data\cn_public_enrichment\cn_zzshare_advanced_field_probe_v1_20260602\advanced_field_historical_coverage_probe.csv,28,probe_n=3; ok=1,fix_or_silverize_before_selector
advanced_zzshare_probe,ths_hot_top,circulation_value,unknown,event_heat_or_strength,probe_only,csv_probe_not_pit_silver,probe_only_candidate_source,data_engineering_backlog,false_until_silver_pit_panel,"probe/sample only; requires historical silverization, timestamp contract, and PIT join before selector use",silverize_first|then_rank_delta_flow_strength_membership_density,blocked,G:\Project_V7_Rotation\data\cn_public_enrichment\cn_zzshare_advanced_field_probe_v1_20260602\advanced_field_historical_coverage_probe.csv,28,probe_n=10; ok=1,fix_or_silverize_before_selector
advanced_zzshare_probe,ths_hot_top,collect_date,unknown,time_key_or_cutoff,probe_only,csv_probe_not_pit_silver,availability_key,not_alpha_feature,false,controls availability/cutoff; not standalone alpha,event_age|lagged_availability,blocked,G:\Project_V7_Rotation\data\cn_public_enrichment\cn_zzshare_advanced_field_probe_v1_20260602\advanced_field_historical_coverage_probe.csv,28,probe_n=10; ok=1,fix_or_silverize_before_selector
advanced_zzshare_probe,ths_hot_top,id,unknown,metadata,probe_only,csv_probe_not_pit_silver,join_or_audit_metadata,not_alpha_feature,false,key/text/metadata only,none,blocked,G:\Project_V7_Rotation\data\cn_public_enrichment\cn_zzshare_advanced_field_probe_v1_20260602\advanced_field_historical_coverage_probe.csv,28,probe_n=10; ok=1,fix_or_silverize_before_selector
advanced_zzshare_probe,ths_hot_top,last_pct,unknown,event_heat_or_strength,probe_only,csv_probe_not_pit_silver,probe_only_candidate_source,data_engineering_backlog,false_until_silver_pit_panel,"probe/sample only; requires historical silverization, timestamp contract, and PIT join before selector use",silverize_first|then_rank_delta_flow_strength_membership_density,blocked,G:\Project_V7_Rotation\data\cn_public_enrichment\cn_zzshare_advanced_field_probe_v1_20260602\advanced_field_historical_coverage_probe.csv,28,probe_n=10; ok=1,fix_or_silverize_before_selector
advanced_zzshare_probe,ths_hot_top,last_price,unknown,event_heat_or_strength,probe_only,csv_probe_not_pit_silver,probe_only_candidate_source,data_engineering_backlog,false_until_silver_pit_panel,"probe/sample only; requires historical silverization, timestamp contract, and PIT join before selector use",silverize_first|then_rank_delta_flow_strength_membership_density,blocked,G:\Project_V7_Rotation\data\cn_public_enrichment\cn_zzshare_advanced_field_probe_v1_20260602\advanced_field_historical_coverage_probe.csv,28,probe_n=10; ok=1,fix_or_silverize_before_selector
advanced_zzshare_probe,ths_hot_top,rank,unknown,event_heat_or_strength,probe_only,csv_probe_not_pit_silver,probe_only_candidate_source,data_engineering_backlog,false_until_silver_pit_panel,"probe/sample only; requires historical silverization, timestamp contract, and PIT join before selector use",silverize_first|then_rank_delta_flow_strength_membership_density,blocked,G:\Project_V7_Rotation\data\cn_public_enrichment\cn_zzshare_advanced_field_probe_v1_20260602\advanced_field_historical_coverage_probe.csv,28,probe_n=10; ok=1,fix_or_silverize_before_selector
advanced_zzshare_probe,ths_hot_top,rank_diff,unknown,event_heat_or_strength,probe_only,csv_probe_not_pit_silver,probe_only_candidate_source,data_engineering_backlog,false_until_silver_pit_panel,"probe/sample only; requires historical silverization, timestamp contract, and PIT join before selector use",silverize_first|then_rank_delta_flow_strength_membership_density,blocked,G:\Project_V7_Rotation\data\cn_public_enrichment\cn_zzshare_advanced_field_probe_v1_20260602\advanced_field_historical_coverage_probe.csv,28,probe_n=10; ok=1,fix_or_silverize_before_selector
advanced_zzshare_probe,ths_hot_top,symbol_code,unknown,event_heat_or_strength,probe_only,csv_probe_not_pit_silver,probe_only_candidate_source,data_engineering_backlog,false_until_silver_pit_panel,"probe/sample only; requires historical silverization, timestamp contract, and PIT join before selector use",silverize_first|then_rank_delta_flow_strength_membership_density,blocked,G:\Project_V7_Rotation\data\cn_public_enrichment\cn_zzshare_advanced_field_probe_v1_20260602\advanced_field_historical_coverage_probe.csv,28,probe_n=10; ok=1,fix_or_silverize_before_selector
advanced_zzshare_probe,ths_hot_top,symbol_name,unknown,text_or_description,probe_only,csv_probe_not_pit_silver,join_or_audit_metadata,not_alpha_feature,false,key/text/metadata only,none,blocked,G:\Project_V7_Rotation\data\cn_public_enrichment\cn_zzshare_advanced_field_probe_v1_20260602\advanced_field_historical_coverage_probe.csv,28,probe_n=10; ok=1,fix_or_silverize_before_selector
advanced_zzshare_probe,ths_hot_top,update_time,unknown,time_key_or_cutoff,probe_only,csv_probe_not_pit_silver,event_cutoff_key,not_alpha_feature,false,controls availability/cutoff; not standalone alpha,event_age|lagged_availability,blocked,G:\Project_V7_Rotation\data\cn_public_enrichment\cn_zzshare_advanced_field_probe_v1_20260602\advanced_field_historical_coverage_probe.csv,28,probe_n=10; ok=1,fix_or_silverize_before_selector
